placar_casa,placar_visitante,data,round,stage,ano,equipe_casa,equipe_visitante,resultado,Pts_casa,3P_casa,2P_casa,LL_casa,RT_casa,RO_casa,RD_casa,AS_casa,ER_casa,IA%_casa,3PC_casa,3PT_casa,3P%_casa,2PC_casa,2PT_casa,2P%_casa,LLC_casa,LLT_casa,LL%_casa,EN_casa,BR_casa,B/E_casa,TO_casa,FC_casa,T/FC_casa,ET_casa,VI_casa,EF_casa,Pts_visitante,3P_visitante,2P_visitante,LL_visitante,RT_visitante,RO_visitante,RD_visitante,AS_visitante,ER_visitante,IA%_visitante,3PC_visitante,3PT_visitante,3P%_visitante,2PC_visitante,2PT_visitante,2P%_visitante,LLC_visitante,LLT_visitante,LL%_visitante,EN_visitante,BR_visitante,B/E_visitante,TO_visitante,FC_visitante,T/FC_visitante,ET_visitante,VI_visitante,EF_visitante
75,85,2018-10-13,1,1,2018-2019,Paulistano,Mogi,0,0.0,0.0,0.0,0.0,0.0,0.0,0.0,0.0,0.0,0.0,0.0,0.0,0.0,0.0,0.0,0.0,0.0,0.0,0.0,0.0,0.0,0.0,0.0,0.0,0.0,0.0,0.0,0.0,0.0,0.0,0.0,0.0,0.0,0.0,0.0,0.0,0.0,0.0,0.0,0.0,0.0,0.0,0.0,0.0,0.0,0.0,0.0,0.0,0.0,0.0,0.0,0.0,0.0,0.0,0.0,0.0
76,77,2018-10-13,1,1,2018-2019,Brasília,R10 Score Vasco da Gama,0,0.0,0.0,0.0,0.0,0.0,0.0,0.0,0.0,0.0,0.0,0.0,0.0,0.0,0.0,0.0,0.0,0.0,0.0,0.0,0.0,0.0,0.0,0.0,0.0,0.0,0.0,0.0,0.0,0.0,0.0,0.0,0.0,0.0,0.0,0.0,0.0,0.0,0.0,0.0,0.0,0.0,0.0,0.0,0.0,0.0,0.0,0.0,0.0,0.0,0.0,0.0,0.0,0.0,0.0,0.0,0.0
54,73,2018-10-13,1,1,2018-2019,Fortaleza B. C. / CFO,Flamengo,0,0.0,0.0,0.0,0.0,0.0,0.0,0.0,0.0,0.0,0.0,0.0,0.0,0.0,0.0,0.0,0.0,0.0,0.0,0.0,0.0,0.0,0.0,0.0,0.0,0.0,0.0,0.0,0.0,0.0,0.0,0.0,0.0,0.0,0.0,0.0,0.0,0.0,0.0,0.0,0.0,0.0,0.0,0.0,0.0,0.0,0.0,0.0,0.0,0.0,0.0,0.0,0.0,0.0,0.0,0.0,0.0
92,81,2018-10-13,1,1,2018-2019,Pinheiros,Bauru Basket,1,0.0,0.0,0.0,0.0,0.0,0.0,0.0,0.0,0.0,0.0,0.0,0.0,0.0,0.0,0.0,0.0,0.0,0.0,0.0,0.0,0.0,0.0,0.0,0.0,0.0,0.0,0.0,0.0,0.0,0.0,0.0,0.0,0.0,0.0,0.0,0.0,0.0,0.0,0.0,0.0,0.0,0.0,0.0,0.0,0.0,0.0,0.0,0.0,0.0,0.0,0.0,0.0,0.0,0.0,0.0,0.0
69,94,2018-10-15,1,1,2018-2019,Brasília,Flamengo,0,72.5,30.0,29.0,13.5,37.5,8.5,29.0,16.0,14.5,1.1,10.0,29.5,33.9,14.5,38.0,38.16,13.5,15.5,87.1,1.0,6.0,0.41,3.0,22.0,0.14,14.5,2.5,75.5,81.0,27.0,39.33,14.67,49.33,17.67,31.67,17.33,11.0,1.58,9.0,29.67,30.34,19.67,44.0,44.7,14.67,20.33,72.13,1.0,6.33,0.58,2.0,18.67,0.11,11.0,1.33,94.33
62,64,2018-10-15,1,1,2018-2019,Botafogo,Joinville / AABJ,0,0.0,0.0,0.0,0.0,0.0,0.0,0.0,0.0,0.0,0.0,0.0,0.0,0.0,0.0,0.0,0.0,0.0,0.0,0.0,0.0,0.0,0.0,0.0,0.0,0.0,0.0,0.0,0.0,0.0,0.0,0.0,0.0,0.0,0.0,0.0,0.0,0.0,0.0,0.0,0.0,0.0,0.0,0.0,0.0,0.0,0.0,0.0,0.0,0.0,0.0,0.0,0.0,0.0,0.0,0.0,0.0
88,86,2018-10-15,1,1,2018-2019,Pinheiros,Coop/São José Basketball,1,87.67,37.0,38.67,12.0,33.33,10.67,22.67,15.33,10.33,1.48,12.33,27.67,44.58,19.33,37.0,52.25,12.0,15.33,78.26,1.0,6.0,0.58,2.33,16.67,0.14,10.33,1.0,98.0,0.0,0.0,0.0,0.0,0.0,0.0,0.0,0.0,0.0,0.0,0.0,0.0,0.0,0.0,0.0,0.0,0.0,0.0,0.0,0.0,0.0,0.0,0.0,0.0,0.0,0.0,0.0,0.0
80,83,2018-10-16,1,1,2018-2019,Corinthians,Sesi Franca,0,0.0,0.0,0.0,0.0,0.0,0.0,0.0,0.0,0.0,0.0,0.0,0.0,0.0,0.0,0.0,0.0,0.0,0.0,0.0,0.0,0.0,0.0,0.0,0.0,0.0,0.0,0.0,0.0,0.0,0.0,0.0,0.0,0.0,0.0,0.0,0.0,0.0,0.0,0.0,0.0,0.0,0.0,0.0,0.0,0.0,0.0,0.0,0.0,0.0,0.0,0.0,0.0,0.0,0.0,0.0,0.0
92,86,2018-10-17,1,1,2018-2019,Coop/São José Basketball,Fortaleza B. C. / CFO,1,89.0,31.5,40.0,17.5,33.5,6.0,27.5,21.5,14.5,1.48,10.5,23.5,44.68,20.0,34.5,57.97,17.5,23.0,76.09,0.0,7.0,0.48,1.5,23.0,0.07,14.5,3.0,104.5,70.67,24.0,34.67,12.0,37.67,12.0,25.67,12.67,13.33,0.95,8.0,23.33,34.29,17.33,43.0,40.31,12.0,19.33,62.07,1.67,5.0,0.38,1.33,18.67,0.07,13.33,2.0,65.33
76,75,2018-10-17,1,1,2018-2019,Flamengo,Joinville / AABJ,1,81.0,27.0,39.33,14.67,49.33,17.67,31.67,17.33,11.0,1.58,9.0,29.67,30.34,19.67,44.0,44.7,14.67,20.33,72.13,1.0,6.33,0.58,2.0,18.67,0.11,11.0,1.33,94.33,71.0,31.0,25.33,14.67,43.0,13.67,29.33,16.0,17.67,0.91,10.33,27.0,38.27,12.67,31.67,40.0,14.67,22.33,65.67,1.33,6.67,0.38,1.67,18.0,0.09,17.67,4.33,77.0
77,83,2018-10-18,1,1,2018-2019,Mogi,Pinheiros,0,87.33,29.0,44.67,13.67,42.67,13.67,29.0,22.0,11.33,1.94,9.67,22.67,42.65,22.33,45.33,49.26,13.67,17.33,78.85,1.33,6.67,0.59,2.67,19.0,0.14,11.33,2.67,110.33,87.67,37.0,38.67,12.0,33.33,10.67,22.67,15.33,10.33,1.48,12.33,27.67,44.58,19.33,37.0,52.25,12.0,15.33,78.26,1.0,6.0,0.58,2.33,16.67,0.14,10.33,1.0,98.0
66,74,2018-10-19,1,1,2018-2019,R10 Score Vasco da Gama,Joinville / AABJ,0,71.5,19.5,39.0,13.0,43.5,12.0,31.5,17.0,13.5,1.26,6.5,25.0,26.0,19.5,41.5,46.99,13.0,21.5,60.47,1.5,5.5,0.41,2.5,19.0,0.13,13.5,3.0,77.5,71.0,31.0,25.33,14.67,43.0,13.67,29.33,16.0,17.67,0.91,10.33,27.0,38.27,12.67,31.67,40.0,14.67,22.33,65.67,1.33,6.67,0.38,1.67,18.0,0.09,17.67,4.33,77.0
83,92,2018-10-19,1,1,2018-2019,Corinthians,Paulistano,0,81.5,18.0,45.0,18.5,35.0,11.5,23.5,12.5,8.5,1.47,6.0,20.5,29.27,22.5,47.5,47.37,18.5,22.5,82.22,1.5,6.0,0.71,1.5,26.5,0.06,8.5,1.0,84.5,83.5,24.0,43.0,16.5,39.5,11.5,28.0,18.5,11.5,1.61,8.0,33.0,24.24,21.5,34.0,63.24,16.5,22.0,75.0,4.0,5.5,0.48,3.0,23.0,0.13,11.5,2.0,95.5
74,77,2018-10-20,1,1,2018-2019,Sesi Franca,Botafogo,0,78.5,25.5,34.0,19.0,35.5,9.5,26.0,15.0,11.0,1.36,8.5,30.5,27.87,17.0,30.0,56.67,19.0,23.5,80.85,1.0,5.5,0.5,1.5,19.5,0.08,11.0,0.5,85.5,69.5,18.0,43.0,8.5,33.5,8.5,25.0,14.0,14.0,1.0,6.0,20.5,29.27,21.5,37.0,58.11,8.5,13.0,65.38,1.5,7.0,0.5,3.0,21.5,0.14,14.0,4.0,78.5
100,72,2018-10-20,1,1,2018-2019,Mogi,Fortaleza B. C. / CFO,1,87.33,29.0,44.67,13.67,42.67,13.67,29.0,22.0,11.33,1.94,9.67,22.67,42.65,22.33,45.33,49.26,13.67,17.33,78.85,1.33,6.67,0.59,2.67,19.0,0.14,11.33,2.67,110.33,70.67,24.0,34.67,12.0,37.67,12.0,25.67,12.67,13.33,0.95,8.0,23.33,34.29,17.33,43.0,40.31,12.0,19.33,62.07,1.67,5.0,0.38,1.33,18.67,0.07,13.33,2.0,65.33
68,87,2018-10-22,2,1,2018-2019,Joinville / AABJ,Pinheiros,0,71.0,31.0,25.33,14.67,43.0,13.67,29.33,16.0,17.67,0.91,10.33,27.0,38.27,12.67,31.67,40.0,14.67,22.33,65.67,1.33,6.669999999999999,0.38000000000000006,1.67,18.0,0.09000000000000001,17.67,4.33,77.0,87.67,37.0,38.67,12.0,33.33,10.67,22.67,15.33,10.33,1.4799999999999998,12.33,27.67,44.580000000000005,19.33,37.0,52.25,12.0,15.33,78.26,1.0,6.0,0.58,2.33,16.67,0.14,10.33,1.0,98.0
72,60,2018-10-22,2,1,2018-2019,Paulistano,Fortaleza B. C. / CFO,1,83.5,24.0,43.0,16.5,39.5,11.5,28.0,18.5,11.5,1.61,8.0,33.0,24.24,21.5,34.0,63.24,16.5,22.0,75.0,4.0,5.5,0.48,3.0,23.0,0.13,11.5,2.0,95.5,70.67,24.0,34.67,12.0,37.67,12.0,25.67,12.67,13.33,0.9499999999999998,8.0,23.33,34.29,17.33,43.0,40.31,12.0,19.33,62.07,1.67,5.0,0.38000000000000006,1.33,18.67,0.07,13.33,2.0,65.33
62,71,2018-10-22,2,1,2018-2019,Coop/São José Basketball,Minas,0,89.0,31.5,40.0,17.5,33.5,6.0,27.5,21.5,14.5,1.48,10.5,23.5,44.68,20.0,34.5,57.97,17.5,23.0,76.09,0.0,7.0,0.48,1.5,23.0,0.07,14.5,3.0,104.5,0.0,0.0,0.0,0.0,0.0,0.0,0.0,0.0,0.0,0.0,0.0,0.0,0.0,0.0,0.0,0.0,0.0,0.0,0.0,0.0,0.0,0.0,0.0,0.0,0.0,0.0,0.0,0.0
76,80,2018-10-23,2,1,2018-2019,Bauru Basket,R10 Score Vasco da Gama,0,81.0,30.0,38.0,13.0,29.0,10.0,19.0,23.0,15.0,1.53,10.0,24.0,41.67,19.0,34.0,55.88,13.0,20.0,65.0,0.0,10.0,0.67,2.0,21.0,0.1,15.0,3.0,94.0,71.5,19.5,39.0,13.0,43.5,12.0,31.5,17.0,13.5,1.26,6.5,25.0,26.0,19.5,41.5,46.99,13.0,21.5,60.47,1.5,5.5,0.41,2.5,19.0,0.13,13.5,3.0,77.5
81,76,2018-10-24,2,1,2018-2019,Paulistano,Minas,1,81.16666666666667,26.0,40.666666666666664,14.5,38.833333333333336,10.5,28.333333333333332,17.0,12.0,1.4333333333333336,8.666666666666666,31.666666666666668,27.653333333333332,20.333333333333332,33.666666666666664,60.343333333333334,14.5,19.333333333333332,75.0,3.0,6.333333333333333,0.5266666666666667,3.0,22.0,0.1366666666666667,12.0,1.8333333333333333,93.16666666666667,73.5,22.5,34.0,17.0,38.0,9.0,29.0,18.5,18.5,1.0,7.5,25.5,29.41,17.0,32.0,53.13,17.0,23.0,73.91,2.0,7.5,0.41,2.5,21.5,0.12,18.5,3.5,82.5
91,79,2018-10-24,2,1,2018-2019,Corinthians,Brasília,1,81.5,18.0,45.0,18.5,35.0,11.5,23.5,12.5,8.5,1.47,6.0,20.5,29.27,22.5,47.5,47.37,18.5,22.5,82.22,1.5,6.0,0.71,1.5,26.5,0.06,8.5,1.0,84.5,72.5,30.0,29.0,13.5,37.5,8.5,29.0,16.0,14.5,1.1,10.0,29.5,33.9,14.5,38.0,38.16,13.5,15.5,87.1,1.0,6.0,0.41,3.0,22.0,0.14,14.5,2.5,75.5
82,63,2018-10-25,2,1,2018-2019,Bauru Basket,Botafogo,1,78.33500000000001,30.5,35.0,12.835,31.835,8.335,23.5,20.665,13.5,1.53,10.165,25.0,40.705,17.5,32.0,54.605000000000004,12.835,19.335,66.43,0.335,8.0,0.585,1.5,20.0,0.07500000000000001,13.5,2.335,91.0,69.5,18.0,43.0,8.5,33.5,8.5,25.0,14.0,14.0,1.0,6.0,20.5,29.27,21.5,37.0,58.11,8.5,13.0,65.38,1.5,7.0,0.5,3.0,21.5,0.14,14.0,4.0,78.5
101,75,2018-10-25,2,1,2018-2019,Sesi Franca,R10 Score Vasco da Gama,1,78.5,25.5,34.0,19.0,35.5,9.5,26.0,15.0,11.0,1.36,8.5,30.5,27.87,17.0,30.0,56.67,19.0,23.5,80.85,1.0,5.5,0.5,1.5,19.5,0.08,11.0,0.5,85.5,73.5,22.5,39.0,12.0,39.666666666666664,11.5,28.166666666666668,17.166666666666668,13.0,1.3266666666666667,7.5,24.666666666666668,30.526666666666667,19.5,41.333333333333336,47.18000000000001,12.0,19.333333333333332,62.53666666666667,1.3333333333333333,6.833333333333333,0.5366666666666666,2.1666666666666665,18.5,0.11666666666666665,13.0,3.0,80.0
76,85,2018-10-26,2,1,2018-2019,Pinheiros,Corinthians,0,86.1275,36.375,38.7525,11.0,32.2475,9.5025,22.7525,14.4975,10.3725,1.3949999999999998,12.1225,28.7525,42.42,19.3725,35.125,55.7125,11.0,14.3725,76.0875,1.0,6.625,0.6375,1.9975,16.5025,0.12000000000000001,10.3725,1.125,95.375,83.66666666666667,20.5,45.666666666666664,17.5,34.0,10.833333333333334,23.166666666666668,15.333333333333334,10.0,1.5200000000000002,6.833333333333333,20.0,34.42666666666667,22.833333333333332,45.0,51.163333333333334,17.5,22.0,79.41666666666667,1.3333333333333333,6.0,0.6266666666666666,1.5,26.5,0.06,10.0,1.3333333333333333,90.66666666666667
97,82,2018-10-26,2,1,2018-2019,Mogi,Brasília,1,87.33,29.0,44.669999999999995,13.67,42.669999999999995,13.67,29.0,22.0,11.33,1.9400000000000002,9.67,22.67,42.65,22.33,45.330000000000005,49.26,13.67,17.33,78.85,1.33,6.669999999999999,0.59,2.67,19.0,0.14,11.33,2.67,110.33,75.16666666666667,26.5,32.0,16.666666666666668,36.166666666666664,10.0,26.166666666666668,15.166666666666666,15.166666666666666,1.0066666666666666,8.833333333333334,26.333333333333332,33.43333333333333,16.0,38.166666666666664,41.88999999999999,16.666666666666668,20.5,83.20333333333333,0.8333333333333334,5.833333333333333,0.3833333333333333,3.0,23.0,0.13333333333333333,15.166666666666666,2.0,76.66666666666667
69,70,2018-10-27,2,1,2018-2019,Bauru Basket,Sesi Franca,0,77.44666666666667,30.666666666666668,34.0,12.780000000000001,32.78,7.780000000000001,25.0,19.886666666666667,13.0,1.53,10.219999999999999,25.333333333333332,40.38333333333333,17.0,31.333333333333332,54.18000000000001,12.780000000000001,19.113333333333333,66.90666666666668,0.4466666666666667,7.333333333333333,0.5566666666666666,1.3333333333333333,19.666666666666668,0.06666666666666667,13.0,2.1133333333333333,90.0,80.83333333333333,31.0,34.666666666666664,15.166666666666666,37.0,9.833333333333334,27.166666666666668,17.333333333333332,11.833333333333334,1.45,10.333333333333334,31.833333333333332,32.10666666666666,17.333333333333332,30.333333333333332,57.13333333333333,15.166666666666666,19.0,78.89999999999999,1.6666666666666667,5.666666666666667,0.48,1.5,19.5,0.08,11.833333333333334,0.8333333333333334,92.16666666666667
85,73,2018-10-29,3,1,2018-2019,Minas,Joinville / AABJ,1,73.5,22.5,34.0,17.0,38.0,9.0,29.0,18.5,18.5,1.0,7.5,25.5,29.41,17.0,32.0,53.13,17.0,23.0,73.91,2.0,7.5,0.41,2.5,21.5,0.12,18.5,3.5,82.5,70.25,29.25,27.4975,13.5025,39.25,11.7525,27.4975,15.5,17.0025,0.915,9.7475,27.25,35.845,13.7525,30.5025,45.74,13.5025,20.2475,67.11,1.4975,6.7524999999999995,0.4025,1.2525,16.75,0.0675,17.0025,3.4975,74.75
77,74,2018-10-30,3,1,2018-2019,Botafogo,Paulistano,1,67.33333333333333,17.0,42.666666666666664,7.666666666666667,33.0,8.0,25.0,13.0,14.0,0.93,5.666666666666667,21.0,27.09,21.333333333333332,37.666666666666664,56.69,7.666666666666667,12.333333333333334,61.77,2.0,7.0,0.5,2.3333333333333335,22.0,0.10666666666666667,14.0,3.0,72.33333333333333,80.0,27.0,39.5,13.5,38.5,10.0,28.5,16.25,12.25,1.3450000000000002,9.0,31.0,29.36,19.75,33.5,58.894999999999996,13.5,18.0,75.0,2.5,6.75,0.55,3.0,21.5,0.14,12.25,1.75,92.0
93,73,2018-10-30,3,1,2018-2019,Flamengo,Mogi,1,81.0,27.0,39.33,14.67,49.330000000000005,17.67,31.67,17.33,11.0,1.58,9.0,29.67,30.34,19.67,44.0,44.70000000000001,14.67,20.33,72.13,1.0,6.330000000000001,0.58,2.0,18.67,0.11,11.0,1.33,94.33,89.7475,29.25,44.5025,16.002499999999998,42.7525,13.5025,29.25,21.25,11.9975,1.7950000000000002,9.7525,22.7525,42.857499999999995,22.2475,44.4975,50.04,16.002499999999998,20.4975,78.30499999999999,1.4975,6.7524999999999995,0.5675,3.5025,21.0,0.16,11.9975,2.5025,112.2475
93,65,2018-10-31,3,1,2018-2019,Minas,R10 Score Vasco da Gama,1,78.0,26.666666666666668,34.89,16.44333333333333,38.223333333333336,8.776666666666666,29.44333333333333,18.666666666666668,16.333333333333332,1.1933333333333334,8.89,26.333333333333332,33.49666666666667,17.44333333333333,32.556666666666665,53.57333333333333,16.44333333333333,22.11,74.41,1.89,7.223333333333334,0.45999999999999996,2.6666666666666665,20.666666666666668,0.13333333333333333,16.333333333333332,2.776666666666667,90.22333333333334,74.5,24.0,39.0,11.5,37.75,11.25,26.5,17.25,12.75,1.3599999999999999,8.0,24.5,32.79,19.5,41.25,47.275000000000006,11.5,18.25,63.57000000000001,1.25,7.5,0.6,2.0,18.25,0.10999999999999999,12.75,3.0,81.25
82,91,2018-10-31,3,1,2018-2019,Fortaleza B. C. / CFO,Sesi Franca,0,68.0025,21.0,35.0025,12.0,39.2525,13.5,25.7525,11.5025,13.9975,0.8374999999999999,7.0,22.9975,30.262500000000003,17.4975,43.5,40.2325,12.0,17.9975,67.98,1.7525,6.5,0.4575,1.9975,17.7525,0.12000000000000001,13.9975,2.0,64.9975,82.0,33.75,35.0,13.25,37.75,10.0,27.75,18.5,12.25,1.4949999999999999,11.25,32.5,34.224999999999994,17.5,30.5,57.365,13.25,16.75,77.925,2.0,5.75,0.47,1.5,19.5,0.08,12.25,1.0,95.5
105,113,2018-10-31,3,1,2018-2019,Brasília,Bauru Basket,0,76.5,24.75,33.5,18.25,35.5,10.75,24.75,14.75,15.5,0.96,8.25,24.75,33.2,16.75,38.25,43.754999999999995,18.25,23.0,81.255,0.75,5.75,0.37,3.0,23.5,0.13,15.5,1.75,77.25,77.00250000000001,30.75,33.5,12.752500000000001,33.2525,7.502500000000001,25.75,19.4975,12.75,1.53,10.247499999999999,25.5,40.222500000000004,16.75,31.0,53.9675,12.752500000000001,19.0025,67.14500000000001,0.5025000000000001,7.0,0.5425,1.25,19.5,0.0625,12.75,2.0025,89.5
72,98,2018-11-01,3,1,2018-2019,Joinville / AABJ,Corinthians,0,70.7,29.4,27.798000000000002,13.501999999999999,37.4,11.402,25.998,15.0,16.202,0.932,9.798,27.1,36.224000000000004,13.901999999999997,31.201999999999998,45.122,13.501999999999999,20.398,66.546,1.3980000000000001,7.202,0.45999999999999996,1.202,16.9,0.066,16.202,3.098,73.6,84.75,21.75,46.0,17.0,33.5,10.5,23.0,16.75,10.75,1.5450000000000002,7.25,19.75,37.005,23.0,43.75,53.06,17.0,21.75,78.015,1.25,6.0,0.585,1.5,26.5,0.06,10.75,1.5,93.75
90,86,2018-11-01,3,1,2018-2019,Botafogo,Mogi,1,71.375,21.0,41.0,9.375,36.0,9.625,26.375,15.5,13.125,1.245,7.0,22.25,30.895,20.5,39.5,52.5175,9.375,13.5,67.65,2.25,6.375,0.4825,2.5,22.0,0.115,13.125,2.75,80.0,87.69800000000001,28.8,43.602,15.301999999999998,41.102,12.901999999999997,28.2,20.9,12.898000000000001,1.6720000000000002,9.602,22.902,41.94599999999999,21.798,42.998000000000005,50.842,15.301999999999998,20.098,76.15799999999999,1.3980000000000001,7.002,0.55,3.102,20.0,0.146,12.898000000000001,2.602,107.598
61,74,2018-11-01,3,1,2018-2019,Flamengo,Pinheiros,0,79.5825,26.25,39.9975,13.334999999999999,46.7475,16.5025,30.2525,17.7475,12.5,1.465,8.75,28.085,31.3275,20.0025,44.082499999999996,45.36750000000001,13.334999999999999,18.4975,72.045,1.0,6.83,0.5574999999999999,1.9175,19.085,0.10250000000000001,12.5,1.7475,91.7475,85.202,36.0,38.802,10.4,31.598000000000003,8.802,22.802,13.998000000000001,10.398,1.3439999999999999,11.998000000000001,29.401999999999997,41.124,19.398,34.0,57.79,10.4,13.798000000000002,74.784,1.0,7.0,0.6719999999999999,1.798,16.402,0.10800000000000001,10.398,1.2,93.8
73,101,2018-11-02,3,1,2018-2019,Brasília,Sesi Franca,0,79.0,26.7,34.0,18.3,36.2,11.4,24.8,15.1,14.8,1.044,8.9,27.1,32.862,17.0,37.9,44.867999999999995,18.3,23.7,78.966,0.8,5.6,0.38,3.0,24.4,0.126,14.8,1.9,79.6,84.8,34.8,35.8,14.2,36.7,9.4,27.3,18.6,11.9,1.5579999999999998,11.6,31.6,36.666,17.9,30.8,58.08,14.2,17.4,80.34,2.3,5.7,0.48,1.6,18.8,0.09,11.9,1.1,99.4
82,73,2018-11-02,3,1,2018-2019,Fortaleza B. C. / CFO,Bauru Basket,1,70.80199999999999,22.8,37.001999999999995,11.0,38.302,12.9,25.402,12.302,13.198000000000002,0.9799999999999999,7.6,24.198,31.106,18.497999999999998,41.9,44.862,11.0,16.698,66.558,2.102,6.4,0.48600000000000004,1.8980000000000001,18.102,0.11200000000000002,13.198000000000002,2.1,70.598,80.20200000000001,30.3,35.4,14.502,34.602,8.102,26.5,18.598,12.7,1.464,10.097999999999999,25.0,40.438,17.7,33.1,53.536,14.502,20.902,68.804,0.6020000000000001,6.1,0.47400000000000003,1.3,20.3,0.062,12.7,2.502,91.4
60,76,2018-11-02,3,1,2018-2019,R10 Score Vasco da Gama,Paulistano,0,72.1,22.8,37.0,12.3,38.0,10.9,27.1,16.8,13.2,1.2879999999999998,7.6,24.6,31.032,18.5,40.2,45.876000000000005,12.3,19.8,62.78000000000001,1.3,7.1,0.554,1.8,19.2,0.09599999999999999,13.2,2.7,76.4,79.0,25.5,38.6,14.9,40.5,10.9,29.6,15.5,12.6,1.254,8.5,31.1,27.613999999999997,19.3,34.3,56.45,14.9,19.9,74.91,2.5,7.1,0.562,2.5,21.7,0.11600000000000002,12.6,1.8,89.3
72,64,2018-11-03,3,1,2018-2019,Flamengo,Corinthians,1,78.732,25.8,40.398,12.533999999999999,45.198,15.802000000000001,29.401999999999997,17.997999999999998,13.4,1.3960000000000001,8.6,27.134000000000004,31.919999999999998,20.202,44.13199999999999,45.76800000000001,12.533999999999999,17.398,71.994,1.0,7.13,0.5439999999999999,1.8679999999999999,19.334,0.098,13.4,1.998,90.19800000000001,84.0,22.5,45.0,16.5,34.4,10.3,24.1,16.3,11.7,1.4240000000000002,7.5,20.9,36.27,22.5,42.5,53.382000000000005,16.5,20.7,79.988,1.3,6.4,0.572,1.7,26.3,0.06799999999999999,11.7,1.5,93.4
83,79,2018-11-03,3,1,2018-2019,Minas,Pinheiros,1,80.25,28.75,35.335,16.165,38.335,8.665,29.665,18.75,15.25,1.29,9.585,26.75,35.540000000000006,17.665,32.835,53.795,16.165,21.665,74.66,1.835,7.085000000000001,0.485,2.75,20.25,0.14,15.25,2.415,94.08500000000001,83.75166666666667,34.75,38.16833333333333,10.833333333333334,31.831666666666667,9.001666666666667,22.834999999999997,14.331666666666669,10.748333333333335,1.3333333333333333,11.581666666666669,29.084999999999997,40.028333333333336,19.081666666666667,34.083333333333336,56.61166666666666,10.833333333333334,14.331666666666669,75.065,1.0833333333333333,7.083333333333333,0.66,2.165,17.168333333333333,0.12166666666666666,10.748333333333335,1.5,92.33333333333333
74,96,2018-11-05,4,1,2018-2019,Coop/São José Basketball,Mogi,0,80.0,27.0,36.0,17.0,36.666666666666664,10.666666666666666,26.0,20.0,16.0,1.2833333333333334,9.0,26.333333333333332,36.03666666666667,18.0,35.333333333333336,51.26,17.0,22.0,77.39333333333333,0.3333333333333333,7.333333333333333,0.45999999999999996,2.0,23.333333333333332,0.09000000000000001,16.0,2.6666666666666665,89.66666666666667,86.33166666666666,28.5,43.001666666666665,14.834999999999999,40.001666666666665,12.501666666666665,27.5,20.666666666666668,13.498333333333335,1.59,9.501666666666667,23.001666666666665,41.33833333333333,21.498333333333335,41.998333333333335,51.376666666666665,14.834999999999999,19.831666666666667,74.72666666666666,1.3316666666666668,7.168333333333333,0.5383333333333333,2.8349999999999995,19.333333333333332,0.13666666666666666,13.498333333333335,2.668333333333333,104.49833333333333
47,77,2018-11-06,4,1,2018-2019,Bauru Basket,Flamengo,0,82.33500000000001,30.0,36.666666666666664,15.668333333333335,35.501666666666665,8.501666666666667,27.0,17.99833333333333,12.666666666666666,1.42,9.998333333333333,24.666666666666668,40.58166666666667,18.333333333333332,34.5,53.248333333333335,15.668333333333335,22.168333333333333,69.91000000000001,0.6683333333333333,5.5,0.4283333333333334,1.3333333333333333,20.833333333333332,0.06166666666666667,12.666666666666666,2.8349999999999995,92.66666666666667,78.16499999999999,25.5,40.665,12.0,44.165,15.335,28.834999999999997,18.165,14.0,1.3500000000000003,8.5,26.5,32.315,20.335,44.16499999999999,46.035000000000004,12.0,16.665,71.96000000000001,1.0,7.329999999999999,0.535,1.835,19.5,0.09500000000000001,14.0,2.165,89.165
83,66,2018-11-06,4,1,2018-2019,Sesi Franca,Minas,1,86.66666666666667,35.5,36.333333333333336,14.833333333333334,36.0,9.0,27.0,18.666666666666668,11.666666666666666,1.5999999999999999,11.833333333333334,31.0,38.29333333333333,18.166666666666668,31.0,58.556666666666665,14.833333333333334,17.833333333333332,81.95,2.5,5.666666666666667,0.48666666666666664,1.6666666666666667,18.333333333333332,0.09666666666666668,11.666666666666666,1.1666666666666667,102.0,81.6,30.0,35.602,15.998,38.402,8.597999999999999,29.798000000000002,18.8,14.6,1.348,10.002,27.0,36.766000000000005,17.798,33.001999999999995,53.928,15.998,21.398,74.80999999999999,1.802,7.002000000000001,0.5,2.8,20.0,0.14400000000000002,14.6,2.198,96.40200000000002
72,69,2018-11-07,4,1,2018-2019,Joinville / AABJ,Fortaleza B. C. / CFO,1,71.0,29.5,27.998333333333335,13.501666666666665,36.166666666666664,11.168333333333331,24.998333333333335,14.666666666666666,15.668333333333335,0.9433333333333334,9.831666666666667,27.0,36.47666666666667,14.001666666666665,31.668333333333333,44.71,13.501666666666665,20.49833333333333,66.17,1.3316666666666668,7.501666666666666,0.4983333333333333,1.1683333333333332,17.0,0.065,15.668333333333335,2.831666666666667,72.83333333333333,72.66833333333334,24.0,38.335,10.333333333333334,37.66833333333333,12.5,25.168333333333333,12.834999999999999,12.665000000000001,1.075,8.0,24.998333333333335,31.668333333333333,19.165,40.833333333333336,47.94833333333333,10.333333333333334,15.831666666666665,65.61,2.335,6.333333333333333,0.505,1.8316666666666668,18.335,0.10666666666666667,12.665000000000001,2.1666666666666665,74.33166666666666
71,82,2018-11-07,4,1,2018-2019,Pinheiros,Paulistano,0,82.71571428571428,33.857142857142854,37.715714285714284,11.142857142857142,31.99857142857143,9.144285714285713,22.858571428571427,14.570000000000002,10.998571428571429,1.3257142857142856,11.284285714285716,28.858571428571427,39.24571428571429,18.85571428571429,34.142857142857146,55.769999999999996,11.142857142857142,14.712857142857144,75.26571428571428,1.1428571428571428,7.142857142857143,0.6514285714285714,2.4271428571428575,17.715714285714288,0.13142857142857142,10.998571428571429,1.7142857142857142,91.28571428571429,78.33333333333333,24.5,38.0,15.833333333333334,41.833333333333336,11.5,30.333333333333332,15.0,12.833333333333334,1.1933333333333334,8.166666666666666,31.166666666666668,26.45,19.0,34.833333333333336,54.82,15.833333333333334,21.166666666666668,74.85000000000001,2.5,7.333333333333333,0.57,2.1666666666666665,21.833333333333332,0.10000000000000002,12.833333333333334,1.8333333333333333,87.5
81,68,2018-11-08,4,1,2018-2019,Bauru Basket,Minas,1,79.66857142857144,29.142857142857142,35.42857142857143,15.097142857142858,36.04857142857143,8.382857142857144,27.66714285714286,17.617142857142856,12.904285714285715,1.3699999999999999,9.712857142857143,25.189999999999998,38.81857142857143,17.714285714285715,34.23857142857143,51.76428571428572,15.097142857142858,21.19142857142857,70.79285714285716,0.8114285714285714,5.524285714285715,0.4242857142857143,1.4285714285714286,21.047142857142855,0.06571428571428571,12.904285714285715,2.858571428571428,89.28571428571429,79.16666666666667,28.0,36.335,14.831666666666665,37.41833333333333,8.581666666666665,28.831666666666667,17.5,14.0,1.29,9.335,26.25,35.08333333333334,18.165,34.41833333333333,52.971666666666664,14.831666666666665,20.24833333333333,72.68666666666665,1.835,6.918333333333334,0.515,2.5833333333333335,20.166666666666668,0.13166666666666668,14.0,1.915,91.00166666666667
84,77,2018-11-08,4,1,2018-2019,Sesi Franca,Flamengo,1,86.21428571428571,34.285714285714285,37.0,14.928571428571429,35.857142857142854,8.428571428571429,27.428571428571427,18.714285714285715,11.5,1.6300000000000001,11.428571428571429,30.428571428571427,37.58428571428571,18.5,31.142857142857142,59.34285714285714,14.928571428571429,18.0,81.89714285714285,2.5,5.714285714285714,0.49857142857142855,1.9285714285714286,18.071428571428573,0.11285714285714286,11.5,1.2857142857142858,102.21428571428571,78.61714285714285,26.142857142857142,40.47428571428571,12.0,44.33142857142857,14.954285714285716,29.382857142857144,18.237142857142857,14.0,1.3471428571428574,8.714285714285714,26.952857142857145,32.51428571428571,20.240000000000002,42.998571428571424,47.26285714285715,12.0,16.38,73.36857142857143,1.0,7.235714285714286,0.5271428571428571,1.8114285714285714,19.524285714285718,0.09285714285714286,14.0,2.1885714285714286,90.80857142857143
86,71,2018-11-09,4,1,2018-2019,Botafogo,Corinthians,1,73.8,23.4,40.0,10.4,37.8,10.6,27.2,17.0,12.6,1.434,7.8,23.0,33.178,20.0,40.6,50.013999999999996,10.4,14.2,71.17800000000001,2.4,6.0,0.472,2.6,22.0,0.12000000000000002,12.6,2.6,84.6,83.5,23.0,44.333333333333336,16.166666666666668,35.0,10.166666666666666,24.833333333333332,16.0,12.333333333333334,1.3433333333333335,7.666666666666667,21.666666666666668,35.78,22.166666666666668,41.666666666666664,53.59666666666667,16.166666666666668,20.0,81.30333333333333,1.3333333333333333,6.666666666666667,0.5633333333333334,1.8333333333333333,26.166666666666668,0.07333333333333332,12.333333333333334,1.5,93.16666666666667
90,70,2018-11-10,4,1,2018-2019,Flamengo,R10 Score Vasco da Gama,1,78.95625,26.625,40.33125,12.0,44.45625,14.668750000000001,29.793750000000003,18.291249999999998,14.0,1.3450000000000002,8.875,27.292500000000004,32.66375,20.168750000000003,42.123749999999994,48.18375,12.0,16.166249999999998,74.42500000000001,1.0,7.165,0.52125,1.79375,19.542500000000004,0.09125,14.0,2.20625,92.04124999999999,70.5,22.0,35.666666666666664,12.833333333333334,38.166666666666664,10.666666666666666,27.5,16.5,13.5,1.24,7.333333333333333,24.666666666666668,29.86,17.833333333333332,39.5,44.943333333333335,12.833333333333334,20.833333333333332,62.25333333333334,1.3333333333333333,6.833333333333333,0.5233333333333333,1.6666666666666667,19.833333333333332,0.08666666666666666,13.5,2.5,73.16666666666667
63,75,2018-11-10,4,1,2018-2019,Bauru Basket,Coop/São José Basketball,0,77.66875,28.5,34.5,14.668750000000001,36.458749999999995,8.293750000000001,28.167500000000004,17.33125,13.0825,1.3325,9.49875,25.582499999999996,37.49625,17.25,34.042500000000004,50.651250000000005,14.668750000000001,20.458750000000002,71.45500000000001,0.91875,5.5425,0.42125,1.5,21.207499999999996,0.06874999999999999,13.0825,2.8762499999999998,86.75,78.625,27.0,35.0,16.625,36.375,9.625,26.75,19.0,15.125,1.2825,9.0,27.875,33.95,17.5,34.75,50.565,16.625,22.25,74.8925,0.75,7.875,0.5349999999999999,2.125,23.25,0.095,15.125,3.125,86.625
88,86,2018-11-10,4,1,2018-2019,Pinheiros,Fortaleza B. C. / CFO,1,82.31375,33.0,37.12625,12.1875,32.99875,9.813749999999999,23.18875,14.498750000000001,11.123750000000001,1.30625,10.998750000000001,28.87625,38.21875,18.56125,34.875,53.955,12.1875,15.811250000000001,76.23,1.125,7.0625,0.6375,2.1237500000000002,17.81375,0.11499999999999999,11.123750000000001,1.75,89.9375,73.35857142857142,24.214285714285715,38.715714285714284,10.428571428571429,38.43,12.357142857142858,26.072857142857142,13.001428571428571,13.570000000000002,1.0271428571428571,8.071428571428571,24.784285714285716,32.31142857142857,19.35571428571429,41.0,48.07142857142857,10.428571428571429,15.712857142857143,66.71285714285715,2.358571428571428,6.214285714285714,0.4742857142857143,2.1414285714285715,18.858571428571427,0.11714285714285715,13.570000000000002,2.7857142857142856,75.78428571428572
57,55,2018-11-12,5,1,2018-2019,Corinthians,Fortaleza B. C. / CFO,1,81.71428571428571,21.857142857142858,43.142857142857146,16.714285714285715,32.714285714285715,9.571428571428571,23.142857142857142,16.142857142857142,13.285714285714286,1.2785714285714287,7.285714285714286,20.857142857142858,35.13285714285714,21.571428571428573,41.42857142857143,52.368571428571435,16.714285714285715,20.428571428571427,82.11142857142856,1.5714285714285714,7.571428571428571,0.58,1.5714285714285714,25.285714285714285,0.06285714285714285,13.285714285714286,1.2857142857142858,89.14285714285714,73.87625,24.375,39.00125,10.5,39.00125,12.25,26.75125,13.126249999999999,14.248750000000001,0.99125,8.125,24.62375,32.79375,19.49875,41.125,48.16375,10.5,15.62375,67.54,2.3762499999999998,6.125,0.45125000000000004,2.3737500000000002,19.25125,0.125,14.248750000000001,3.25,76.87375
89,56,2018-11-13,5,1,2018-2019,Joinville / AABJ,Bauru Basket,1,71.14285714285714,28.714285714285715,29.427142857142858,13.001428571428571,37.0,11.572857142857142,25.427142857142858,14.714285714285714,14.430000000000001,1.1142857142857143,9.570000000000002,27.285714285714285,35.20714285714286,14.715714285714284,32.85857142857143,45.10857142857143,13.001428571428571,20.284285714285716,64.2357142857143,1.4271428571428573,7.43,0.57,1.7157142857142857,17.285714285714285,0.09285714285714286,14.430000000000001,2.712857142857143,74.28571428571429,76.11333333333333,28.0,33.77777777777778,14.335555555555556,36.77777777777777,8.224444444444446,28.556666666666672,17.10888888888889,13.22111111111111,1.3033333333333335,9.33222222222222,25.88777777777777,36.46777777777778,16.88888888888889,33.89000000000001,49.78555555555556,14.335555555555556,19.888888888888893,71.97000000000001,1.0022222222222221,5.5566666666666675,0.41888888888888887,1.5555555555555556,21.332222222222217,0.0711111111111111,13.22111111111111,2.8899999999999997,84.77777777777777
97,99,2018-11-13,5,1,2018-2019,Minas,Mogi,0,77.42857142857143,26.571428571428573,36.85857142857143,13.998571428571427,36.715714285714284,8.569999999999999,28.141428571428573,16.571428571428573,13.571428571428571,1.2485714285714287,8.858571428571429,25.714285714285715,33.88142857142858,18.427142857142858,35.43,52.28857142857142,13.998571428571427,19.427142857142858,71.16999999999999,1.8585714285714285,6.858571428571429,0.5257142857142857,2.4285714285714284,20.285714285714285,0.12285714285714287,13.571428571428571,1.7128571428571429,87.14428571428572,87.71285714285715,29.571428571428573,42.287142857142854,15.858571428571427,40.57285714285714,11.572857142857142,29.0,20.571428571428573,14.141428571428573,1.5214285714285716,9.858571428571427,23.43,42.02571428571428,21.141428571428573,40.57,52.519999999999996,15.858571428571427,21.427142857142858,74.18999999999998,1.4271428571428573,6.8585714285714285,0.5014285714285714,3.287142857142857,19.142857142857142,0.16428571428571428,14.141428571428573,2.7157142857142853,106.28428571428572
57,64,2018-11-14,5,1,2018-2019,Coop/São José Basketball,Flamengo,0,77.8,27.0,34.4,16.4,36.2,9.0,27.2,18.4,14.6,1.282,9.0,28.8,32.698,17.2,34.4,50.147999999999996,16.4,22.4,73.392,1.0,8.2,0.5799999999999998,2.2,23.2,0.098,14.6,3.4,84.8,79.22,27.0,40.22,12.0,44.55333333333333,14.446666666666667,30.113333333333337,18.333333333333332,14.0,1.3433333333333335,9.0,27.556666666666672,32.78,20.113333333333337,41.44333333333333,48.900000000000006,12.0,15.999999999999996,75.24666666666667,1.0,7.11,0.5166666666666667,1.78,19.556666666666672,0.09,14.0,2.2199999999999998,92.99999999999999
82,64,2018-11-14,5,1,2018-2019,Brasília,Botafogo,1,80.66666666666667,28.0,34.333333333333336,18.333333333333332,36.666666666666664,11.833333333333334,24.833333333333332,15.333333333333334,14.333333333333334,1.0999999999999999,9.333333333333334,28.666666666666668,32.63666666666666,17.166666666666668,37.666666666666664,45.60999999999999,18.333333333333332,24.166666666666668,77.44,0.8333333333333334,5.5,0.38666666666666666,3.0,25.0,0.12333333333333334,14.333333333333334,2.0,81.16666666666667,75.83333333333333,24.0,41.333333333333336,10.5,38.333333333333336,10.833333333333334,27.5,17.666666666666668,14.5,1.3416666666666668,8.0,22.333333333333332,35.54333333333333,20.666666666666668,40.333333333333336,51.935,10.5,14.333333333333334,71.53666666666668,2.3333333333333335,7.0,0.4766666666666666,2.5,21.833333333333332,0.11666666666666668,14.5,2.8333333333333335,88.66666666666667
73,67,2018-11-15,5,1,2018-2019,Mogi,Bauru Basket,1,87.62375,29.0,42.50125,16.12625,39.585,11.167499999999999,28.416249999999998,20.458750000000002,13.915000000000001,1.53,9.667499999999999,23.46,41.17374999999999,21.24875,40.24875,53.19125,16.12625,21.707500000000003,74.42374999999998,1.415,7.1674999999999995,0.53375,3.21,19.416249999999998,0.15999999999999998,13.915000000000001,2.6674999999999995,105.7075,74.652,27.0,33.1,14.552000000000001,36.699999999999996,8.502,28.201000000000004,16.648000000000003,13.649000000000001,1.2440000000000002,8.998999999999999,25.498999999999995,35.548,16.55,33.601000000000006,49.162000000000006,14.552000000000001,20.000000000000004,72.63000000000002,0.952,5.4510000000000005,0.403,1.55,20.998999999999995,0.07199999999999998,13.649000000000001,2.9509999999999996,82.3
65,54,2018-11-16,5,1,2018-2019,Fortaleza B. C. / CFO,Botafogo,1,72.33444444444444,23.333333333333332,38.556666666666665,10.444444444444445,39.16777777777778,12.5,26.667777777777776,12.723333333333333,14.49888888888889,0.9455555555555555,7.777777777777778,23.99888888888889,32.074444444444445,19.276666666666667,40.72222222222222,47.99777777777778,10.444444444444445,15.832222222222223,66.38444444444445,2.1677777777777774,6.444444444444445,0.46222222222222226,2.3322222222222226,19.223333333333333,0.12333333333333335,14.49888888888889,3.388888888888889,75.33222222222223,73.42857142857143,22.928571428571427,39.57142857142857,10.928571428571429,37.0,10.357142857142858,26.642857142857142,16.714285714285715,14.785714285714286,1.2457142857142858,7.642857142857143,21.571428571428573,35.08714285714286,19.785714285714285,39.5,50.519999999999996,10.928571428571429,15.071428571428571,71.20714285714287,2.142857142857143,7.285714285714286,0.48714285714285716,2.2142857142857144,22.285714285714285,0.10285714285714287,14.785714285714286,2.857142857142857,83.78571428571429
97,84,2018-11-16,5,1,2018-2019,Paulistano,Flamengo,1,78.85714285714286,25.714285714285715,37.142857142857146,16.0,41.142857142857146,11.285714285714286,29.857142857142858,15.714285714285714,12.428571428571429,1.3085714285714285,8.571428571428571,30.857142857142858,28.09,18.571428571428573,34.57142857142857,53.91428571428572,16.0,21.285714285714285,75.19571428571429,2.2857142857142856,7.0,0.5599999999999999,2.0,22.142857142857142,0.09142857142857144,12.428571428571429,1.8571428571428572,88.57142857142857,78.69800000000001,26.25,39.897999999999996,12.55,43.748,14.152000000000001,29.602000000000004,17.95,13.45,1.3800000000000001,8.75,28.101000000000006,31.471999999999998,19.952000000000005,40.898999999999994,49.149,12.55,16.549999999999997,75.862,0.95,7.449000000000001,0.5890000000000001,1.652,19.551000000000005,0.08399999999999999,13.45,2.0479999999999996,91.64999999999999
78,68,2018-11-17,5,1,2018-2019,R10 Score Vasco da Gama,Corinthians,1,70.42857142857143,21.0,35.714285714285715,13.714285714285714,37.285714285714285,10.857142857142858,26.428571428571427,16.571428571428573,13.714285714285714,1.2242857142857144,7.0,24.857142857142858,28.34142857142857,17.857142857142858,39.42857142857143,45.11571428571428,13.714285714285714,21.571428571428573,63.800000000000004,1.1428571428571428,6.714285714285714,0.5057142857142857,1.5714285714285714,18.857142857142858,0.0857142857142857,13.714285714285714,2.2857142857142856,71.57142857142857,79.3125,21.0,42.5,15.8125,33.8125,10.25,23.5625,16.0625,13.6875,1.23625,7.0,20.6875,33.94625,21.25,42.25,50.77,15.8125,19.75,79.76375,1.6875,7.3125,0.54875,1.625,24.625,0.06749999999999999,13.6875,1.5,85.6875
89,95,2018-11-19,5,1,2018-2019,Mogi,Sesi Franca,0,87.55444444444444,28.555555555555557,42.66777777777778,16.334444444444443,38.81666666666667,10.85222222222222,27.96222222222222,20.371111111111116,13.738888888888889,1.5366666666666666,9.518888888888888,23.483333333333334,40.5111111111111,21.332222222222224,39.99888888888889,53.71333333333333,16.334444444444443,21.92555555555556,74.60555555555554,1.4055555555555557,7.407777777777778,0.5588888888888888,3.1500000000000004,19.628888888888884,0.15666666666666662,13.738888888888889,2.6299999999999994,105.25888888888888,85.875,33.375,37.5,15.0,35.75,8.0,27.75,18.75,11.375,1.6525,11.125,30.0,37.052499999999995,18.75,31.25,59.9325,15.0,18.125,81.8575,2.5,5.75,0.5075,2.125,17.875,0.125,11.375,1.375,102.375
88,82,2018-11-20,6,1,2018-2019,Paulistano,Coop/São José Basketball,1,81.125,28.875,36.0,16.25,41.375,11.125,30.25,16.125,13.25,1.27,9.625,30.75,31.6625,18.0,34.125,52.82000000000001,16.25,21.5,75.57875,2.25,6.75,0.5225,2.125,22.0,0.09750000000000002,13.25,2.0,91.625,74.33333333333333,27.0,32.333333333333336,15.0,38.0,9.833333333333334,28.166666666666668,17.5,15.166666666666666,1.1883333333333332,9.0,28.833333333333332,32.42,16.166666666666668,33.833333333333336,47.703333333333326,15.0,20.666666666666668,72.27166666666666,0.8333333333333334,7.666666666666667,0.5299999999999999,2.1666666666666665,23.166666666666668,0.09666666666666666,15.166666666666666,3.3333333333333335,81.0
79,61,2018-11-21,6,1,2018-2019,Pinheiros,Brasília,1,82.00111111111111,32.333333333333336,36.66777777777778,13.0,33.77666666666667,10.334444444444443,23.445555555555554,14.443333333333335,11.221111111111112,1.291111111111111,10.776666666666667,28.89,37.419999999999995,18.332222222222224,35.44444444444444,52.54333333333333,13.0,16.665555555555557,76.98,1.1111111111111112,7.0,0.6266666666666666,1.887777777777778,17.89,0.10222222222222221,11.221111111111112,1.7777777777777777,88.88888888888889,80.85714285714286,30.428571428571427,32.857142857142854,17.571428571428573,35.285714285714285,10.714285714285714,24.571428571428573,16.142857142857142,14.142857142857142,1.1742857142857142,10.142857142857142,28.428571428571427,35.91142857142857,16.428571428571427,35.42857142857143,46.887142857142855,17.571428571428573,23.571428571428573,75.66285714285713,0.8571428571428571,5.142857142857143,0.36428571428571427,3.142857142857143,24.857142857142858,0.13,14.142857142857142,2.0,83.0
95,93,2018-11-22,6,1,2018-2019,Sesi Franca,Coop/São José Basketball,1,86.88888888888889,33.0,38.666666666666664,15.222222222222221,35.333333333333336,8.222222222222221,27.11111111111111,18.555555555555557,11.222222222222221,1.6577777777777778,11.0,30.11111111111111,36.519999999999996,19.333333333333332,32.333333333333336,59.77777777777778,15.222222222222221,18.11111111111111,83.25555555555555,2.3333333333333335,6.333333333333333,0.5733333333333334,1.8888888888888888,18.333333333333332,0.1111111111111111,11.222222222222221,1.2222222222222223,102.77777777777777,76.21428571428571,27.428571428571427,33.857142857142854,14.928571428571429,36.642857142857146,9.785714285714286,26.857142857142858,17.571428571428573,15.071428571428571,1.1957142857142855,9.142857142857142,28.357142857142858,33.39142857142857,16.928571428571427,34.07142857142857,49.54,14.928571428571429,20.0,74.89428571428572,0.8571428571428571,7.357142857142857,0.5085714285714286,2.2142857142857144,23.785714285714285,0.09571428571428571,15.071428571428571,3.142857142857143,83.14285714285714
77,84,2018-11-23,6,1,2018-2019,Joinville / AABJ,Brasília,0,73.375,31.5,29.74875,12.126249999999999,37.625,12.251249999999999,25.37375,15.25,13.50125,1.3137500000000002,10.498750000000001,28.375,36.70875,14.876249999999999,33.12625,45.183749999999996,12.126249999999999,18.87375,64.54,1.37375,7.50125,0.64125,1.75125,17.875,0.0925,13.50125,2.3737500000000002,79.0,79.8125,30.375,32.5,16.9375,35.3125,10.375,24.9375,15.875,14.1875,1.14875,10.125,28.125,36.23,16.25,35.0,46.88625,16.9375,22.625,75.97125,0.75,5.375,0.37875,2.9375,24.0,0.12375,14.1875,1.8125,82.5625
89,73,2018-11-24,6,1,2018-2019,Sesi Franca,Paulistano,1,87.4,33.6,38.5,15.3,35.0,8.2,26.8,18.3,11.2,1.637,11.2,30.15,37.129999999999995,19.25,31.85,60.527,15.3,18.35,82.73499999999999,2.35,6.05,0.548,1.85,18.35,0.10800000000000001,11.2,1.25,102.7,81.05555555555556,28.166666666666668,36.333333333333336,16.555555555555557,41.388888888888886,11.666666666666666,29.72222222222222,16.055555555555557,13.333333333333334,1.2522222222222221,9.38888888888889,30.555555555555557,31.01777777777778,18.166666666666668,34.5,52.728888888888896,16.555555555555557,22.0,75.30111111111111,2.388888888888889,6.833333333333333,0.5244444444444444,2.1666666666666665,21.666666666666668,0.10111111111111112,13.333333333333334,2.111111111111111,91.11111111111111
72,69,2018-11-25,7,1,2018-2019,Minas,Corinthians,1,79.875,27.75,37.50125,14.62375,36.25125,8.99875,27.24875,17.125,13.875,1.25625,9.25125,25.625,35.64625000000001,18.74875,36.00125,52.315,14.62375,20.37375,71.07,2.0012499999999998,6.626250000000001,0.49874999999999997,2.375,20.25,0.12000000000000001,13.875,1.74875,89.00125,77.44444444444444,20.333333333333332,42.0,15.11111111111111,34.666666666666664,10.777777777777779,23.88888888888889,16.0,14.0,1.2033333333333334,6.777777777777778,20.555555555555557,33.02333333333333,21.0,42.888888888888886,49.52666666666667,15.11111111111111,19.22222222222222,77.93777777777778,1.7777777777777777,7.111111111111111,0.5244444444444444,1.6666666666666667,24.11111111111111,0.0711111111111111,14.0,1.6666666666666667,83.0
84,74,2018-11-27,7,1,2018-2019,Botafogo,Coop/São José Basketball,1,71.625,22.125,38.25,11.25,36.0,10.0,26.0,16.0,15.0,1.17375,7.375,21.0,34.745,19.125,38.875,49.458749999999995,11.25,15.625,70.96000000000001,2.0,7.5,0.495,2.0,22.625,0.09250000000000001,15.0,2.875,80.125,77.625,27.75,35.0,14.875,35.625,9.75,25.875,17.625,15.0,1.20125,9.25,28.0,34.120000000000005,17.5,34.25,50.9175,14.875,19.5,76.86125,0.875,7.125,0.49249999999999994,2.25,24.25,0.09499999999999999,15.0,3.0,84.75
81,77,2018-11-29,7,1,2018-2019,R10 Score Vasco da Gama,Coop/São José Basketball,1,71.375,19.875,37.0,14.5,37.5,10.5,27.0,16.625,13.75,1.2225000000000001,6.625,23.75,27.92375,18.5,40.0,46.01,14.5,22.125,65.44,1.25,6.875,0.51375,1.5,19.25,0.08124999999999999,13.75,2.125,73.875,77.38888888888889,26.833333333333332,35.55555555555556,15.0,35.72222222222222,9.833333333333334,25.88888888888889,17.333333333333332,15.222222222222221,1.1655555555555557,8.944444444444445,27.944444444444443,32.955555555555556,17.77777777777778,34.22222222222222,51.79555555555555,15.0,19.72222222222222,76.58999999999999,0.8888888888888888,7.166666666666667,0.48666666666666664,2.2222222222222223,23.61111111111111,0.09666666666666665,15.222222222222221,2.7777777777777777,84.05555555555556
79,97,2018-12-01,7,1,2018-2019,R10 Score Vasco da Gama,Botafogo,0,72.33333333333333,21.333333333333332,36.77777777777778,14.222222222222221,37.05555555555556,10.444444444444445,26.61111111111111,16.666666666666668,14.11111111111111,1.1977777777777778,7.111111111111111,23.88888888888889,29.709999999999997,18.38888888888889,39.72222222222222,46.083333333333336,14.222222222222221,21.5,66.25,1.1111111111111112,7.0,0.508888888888889,1.5,19.444444444444443,0.08,14.11111111111111,2.2777777777777777,75.05555555555556,73.72222222222223,23.0,39.44444444444444,11.277777777777779,35.888888888888886,10.0,25.88888888888889,17.0,14.833333333333334,1.248888888888889,7.666666666666667,21.22222222222222,35.715555555555554,19.72222222222222,39.166666666666664,50.52333333333333,11.277777777777779,15.777777777777779,70.59222222222223,2.1666666666666665,7.722222222222222,0.5177777777777778,2.0555555555555554,22.944444444444443,0.09333333333333334,14.833333333333334,2.8333333333333335,83.83333333333333
85,77,2018-12-04,8,1,2018-2019,Minas,Botafogo,1,79.0,27.666666666666668,36.44555555555556,14.887777777777778,36.778888888888886,9.11,27.665555555555557,16.88888888888889,13.555555555555555,1.267777777777778,9.223333333333334,25.666666666666668,35.53222222222223,18.221111111111114,36.11222222222222,50.70666666666667,14.887777777777778,21.11,70.16888888888889,2.001111111111111,7.112222222222223,0.5544444444444445,2.2222222222222223,19.77777777777778,0.11333333333333334,13.555555555555555,1.5544444444444445,87.77888888888889,75.4,23.7,40.4,11.3,35.8,10.0,25.8,17.8,14.7,1.309,7.9,21.4,36.492000000000004,20.2,39.4,51.375,11.3,15.9,70.298,2.3,7.9,0.536,2.1,23.2,0.094,14.7,2.8,86.8
91,79,2018-12-04,8,1,2018-2019,Pinheiros,Sesi Franca,1,81.701,32.1,36.601,13.0,34.099000000000004,10.200999999999999,23.901,14.599,11.599,1.269,10.699000000000002,28.801,37.248999999999995,18.299,35.1,52.914,13.0,16.899,76.124,1.0,7.6,0.651,2.1990000000000003,18.000999999999998,0.118,11.599,1.9,89.7,88.75,34.95,38.8,15.0,34.65,8.05,26.6,18.4,11.2,1.6460000000000001,11.65,30.15,38.605000000000004,19.4,31.6,61.587,15.0,18.05,82.455,2.5,5.85,0.53,1.85,18.25,0.10799999999999998,11.2,1.35,104.35
74,82,2018-12-05,8,1,2018-2019,Corinthians,Coop/São José Basketball,0,76.6,20.1,41.4,15.1,36.0,10.9,25.1,15.9,14.4,1.166,6.7,21.2,31.942999999999994,20.7,42.7,48.964,15.1,19.0,78.968,1.7,7.0,0.505,1.5,23.9,0.06399999999999999,14.4,1.9,82.1,77.2,26.1,36.0,15.1,35.8,9.9,25.9,17.1,15.4,1.137,8.7,27.9,32.024,18.0,34.2,52.498000000000005,15.1,19.9,76.37299999999999,0.9,7.2,0.48200000000000004,2.2,23.1,0.09799999999999999,15.4,2.6,83.5
76,63,2018-12-05,8,1,2018-2019,Fortaleza B. C. / CFO,Brasília,1,71.101,22.5,38.201,10.4,39.301,12.7,26.601,12.401,14.699000000000002,0.909,7.5,23.499000000000002,31.499000000000002,19.099,40.4,47.865,10.4,15.999,65.46000000000001,2.001,6.7,0.471,2.2990000000000004,19.201,0.12200000000000003,14.699000000000002,3.5,74.099,79.0,30.333333333333332,32.22222222222222,16.444444444444443,35.333333333333336,10.11111111111111,25.22222222222222,15.666666666666666,14.222222222222221,1.1288888888888888,10.11111111111111,27.88888888888889,36.477777777777774,16.11111111111111,34.666666666666664,46.885555555555555,16.444444444444443,21.88888888888889,76.21111111111111,0.6666666666666666,5.555555555555555,0.38999999999999996,2.7777777777777777,23.333333333333332,0.11888888888888889,14.222222222222221,1.6666666666666667,82.22222222222223
85,64,2018-12-06,8,1,2018-2019,Bauru Basket,Paulistano,1,72.702,25.8,32.0,14.901999999999997,37.39999999999999,8.602,28.801000000000005,15.597999999999999,13.899000000000001,1.1620000000000001,8.599,25.298999999999996,34.108,16.0,33.301,47.92900000000001,14.901999999999997,20.1,73.987,1.002,4.901000000000001,0.36199999999999993,1.5,20.699,0.06999999999999998,13.899000000000001,3.001,78.9,81.0,27.6,36.6,16.8,41.4,12.1,29.3,16.0,13.4,1.238,9.2,30.4,30.502000000000002,18.3,34.8,52.656000000000006,16.8,22.4,75.07900000000001,2.5,6.9,0.526,2.2,21.4,0.10400000000000001,13.4,2.2,90.7
81,67,2018-12-06,8,1,2018-2019,Mogi,Joinville / AABJ,1,87.499,28.2,42.801,16.500999999999998,38.202000000000005,10.599999999999998,27.598999999999997,20.301000000000005,13.598000000000003,1.542,9.399999999999999,23.502000000000002,39.98099999999999,21.399,39.799,54.13099999999999,16.500999999999998,22.100000000000005,74.75099999999998,1.3980000000000001,7.6,0.579,3.1020000000000003,19.798999999999996,0.15399999999999997,13.598000000000003,2.599999999999999,104.9,73.77777777777777,32.333333333333336,30.221111111111114,11.223333333333333,37.55555555555556,12.223333333333333,25.332222222222224,15.333333333333334,13.66777777777778,1.2866666666666668,10.776666666666667,29.11111111111111,36.75666666666667,15.112222222222222,33.00111111111111,46.06666666666666,11.223333333333333,17.776666666666667,62.306666666666665,1.221111111111111,7.445555555555554,0.6222222222222222,1.6677777777777778,18.333333333333332,0.08777777777777779,13.66777777777778,2.4433333333333334,79.11111111111111
66,60,2018-12-07,8,1,2018-2019,Fortaleza B. C. / CFO,R10 Score Vasco da Gama,1,71.134,22.35,38.534000000000006,10.25,39.884,13.1,26.784000000000002,12.584,14.716,0.921,7.45,23.766,30.955000000000002,19.266,40.15,48.525,10.25,15.966,64.779,2.134,7.0,0.492,2.366,19.084,0.12600000000000003,14.716,3.75,75.216,73.1,22.5,36.6,14.0,36.7,10.4,26.3,16.7,14.4,1.1780000000000002,7.5,24.0,31.139,18.3,39.5,46.142,14.0,21.0,66.898,1.0,7.1,0.505,1.5,19.6,0.079,14.4,2.4,76.0
102,73,2018-12-07,8,1,2018-2019,Flamengo,Botafogo,1,77.998,25.5,39.665,12.832999999999998,42.464999999999996,13.535000000000002,28.935000000000002,17.667,13.2,1.393,8.5,28.434000000000005,30.407999999999998,19.835,40.099,49.818,12.832999999999998,16.667,76.78899999999999,0.9,7.866,0.655,1.502,19.634000000000004,0.076,13.2,1.9649999999999999,90.16699999999999,75.95,24.15,40.2,11.6,35.3,10.05,25.25,17.95,14.9,1.306,8.05,21.1,37.851000000000006,20.1,39.75,50.626,11.6,16.2,70.94800000000001,2.3,7.9,0.53,1.95,23.55,0.08600000000000001,14.9,2.65,86.6
102,96,2018-12-08,8,1,2018-2019,Mogi,Corinthians,1,87.916,27.25,43.634,17.034,37.835,10.483,27.348999999999997,20.151000000000003,13.464999999999998,1.5529999999999997,9.083,23.585,38.482,21.816,39.965999999999994,54.842999999999996,17.034,23.017000000000003,74.03599999999999,1.365,7.5329999999999995,0.5799999999999998,3.085,19.998999999999995,0.152,13.464999999999998,2.383,104.31699999999998,76.95,20.4,41.2,15.35,36.9,11.3,25.6,16.7,14.9,1.1709999999999998,6.8,21.55,31.933,20.6,42.2,49.286,15.35,19.85,77.52000000000001,1.8,6.85,0.46699999999999997,1.5,24.05,0.063,14.9,2.05,83.05
102,100,2018-12-08,8,1,2018-2019,Coop/São José Basketball,Joinville / AABJ,1,77.5,25.05,36.8,15.65,36.25,10.35,25.9,17.4,15.1,1.2020000000000004,8.35,27.55,31.056,18.4,35.15,52.15599999999999,15.65,20.65,76.30499999999998,0.95,7.15,0.491,2.15,23.55,0.095,15.1,2.5,84.05,74.75,32.25,30.699,11.800999999999998,37.4,11.901,25.499000000000002,15.4,13.850999999999999,1.2610000000000001,10.749,28.95,36.899,15.350999999999999,33.101,46.60699999999999,11.800999999999998,18.399,63.159000000000006,1.149,7.200999999999999,0.592,1.9509999999999998,18.85,0.098,13.850999999999999,2.5490000000000004,80.1
88,77,2018-12-10,9,1,2018-2019,Brasília,Minas,1,77.4,29.4,32.0,16.0,34.5,9.5,25.0,15.6,14.4,1.1099999999999999,9.8,27.5,35.747,16.0,34.1,47.36899999999999,16.0,21.3,76.09,0.8,5.4,0.376,2.5,23.3,0.10700000000000001,14.4,1.9,79.8,79.6,27.6,36.201,15.799000000000001,37.400999999999996,10.299,27.099,17.3,13.2,1.351,9.201,25.9,35.193000000000005,18.099,36.400999999999996,49.995000000000005,15.799000000000001,22.299,70.425,2.001,7.401000000000001,0.599,2.0,19.8,0.10200000000000001,13.2,1.399,88.901
109,97,2018-12-10,9,1,2018-2019,Paulistano,Joinville / AABJ,1,79.05,28.2,34.3,16.55,41.25,12.35,28.9,15.05,13.75,1.137,9.4,30.4,31.108000000000004,17.15,34.3,49.78000000000001,16.55,22.2,74.57900000000001,2.6,7.05,0.525,2.0,21.5,0.09500000000000001,13.75,2.2,86.75,76.0,32.3,31.665999999999997,12.034,36.7,11.434000000000001,25.266,15.4,13.634,1.2730000000000001,10.766,29.0,36.89,15.834,33.334,47.754,12.034,18.566,63.67500000000001,1.066,7.034000000000001,0.5860000000000001,2.234,19.4,0.10800000000000001,13.634,2.466,81.3
65,71,2018-12-11,9,1,2018-2019,R10 Score Vasco da Gama,Pinheiros,0,71.95,21.75,37.1,13.1,36.55,9.9,26.65,16.4,14.75,1.134,7.25,23.6,30.444,18.55,39.35,46.943,13.1,19.65,65.851,0.95,7.35,0.5109999999999999,1.45,19.4,0.07800000000000001,14.75,2.5,75.25,82.034,32.0,37.334,12.7,33.465999999999994,9.734,23.734,14.565999999999999,10.966,1.496,10.666,29.034000000000002,36.79099999999999,18.666,35.5,53.299,12.7,16.466,76.47999999999999,0.9,7.8,0.793,1.966,18.234,0.10400000000000001,10.966,1.8,89.8
70,61,2018-12-12,9,1,2018-2019,Fortaleza B. C. / CFO,Minas,1,71.167,22.2,38.867000000000004,10.1,40.467,13.5,26.967000000000002,12.767,14.732999999999999,0.933,7.4,24.032999999999998,30.411,19.433,39.9,49.185,10.1,15.932999999999998,64.09799999999998,2.2670000000000003,7.3,0.513,2.433,18.967000000000002,0.13,14.732999999999999,4.0,76.333,79.517,27.95,36.201,15.366,37.068,10.299,26.766000000000002,16.983,12.883000000000001,1.351,9.318000000000001,26.05,35.462,18.099,36.733999999999995,49.49300000000001,15.366,21.666000000000004,70.634,1.9009999999999998,7.550999999999999,0.617,1.95,19.517000000000003,0.10100000000000002,12.883000000000001,1.282,88.351
87,75,2018-12-13,9,1,2018-2019,Coop/São José Basketball,Brasília,1,77.8,24.0,37.6,16.2,36.7,10.8,25.9,17.7,14.8,1.267,8.0,27.2,30.088,18.8,36.1,51.814,16.2,21.4,76.237,1.0,7.1,0.5,2.1,24.0,0.092,14.8,2.4,84.6,78.317,29.1,33.167,16.05,33.75,9.383,24.367,16.2,13.95,1.22,9.7,27.482999999999997,35.425,16.583,33.867000000000004,49.254,16.05,21.817,74.15400000000001,0.7,5.7,0.425,2.4,23.0,0.10400000000000001,13.95,1.8170000000000002,81.483
76,91,2018-12-13,9,1,2018-2019,Botafogo,Pinheiros,0,76.5,24.6,40.0,11.9,34.8,10.1,24.7,18.1,15.1,1.3030000000000002,8.2,20.8,39.21,20.0,40.1,49.877,11.9,16.5,71.598,2.3,7.9,0.5240000000000001,1.8,23.9,0.078,15.1,2.5,86.4,81.367,32.05,36.967,12.35,33.983,10.267,23.717000000000002,14.582999999999998,11.433,1.451,10.683,29.867,35.80499999999999,18.482999999999997,35.25,53.146,12.35,16.032999999999998,76.381,1.0,8.05,0.792,1.8329999999999997,18.317,0.096,11.433,2.0,88.65
75,88,2018-12-14,9,1,2018-2019,R10 Score Vasco da Gama,Mogi,0,71.8,22.65,36.3,12.85,35.85,9.6,26.25,16.3,14.45,1.16,7.55,23.55,31.722,18.15,39.3,46.02400000000001,12.85,18.75,68.20400000000001,0.8,7.45,0.5319999999999999,1.35,19.15,0.074,14.45,2.25,75.25,88.333,26.3,44.467,17.567,37.468,10.366,27.098999999999997,20.000999999999998,13.331999999999999,1.564,8.766,23.668,36.983000000000004,22.232999999999997,40.132999999999996,55.55499999999999,17.567,23.934000000000005,73.321,1.332,7.465999999999999,0.5809999999999998,3.0680000000000005,20.199,0.15,13.331999999999999,2.1659999999999995,103.73399999999997
87,83,2018-12-15,9,1,2018-2019,Corinthians,Bauru Basket,1,77.3,20.7,41.0,15.6,37.8,11.7,26.1,17.5,15.4,1.1759999999999997,6.9,21.9,31.923000000000002,20.5,41.7,49.608000000000004,15.6,20.7,76.072,1.9,6.7,0.429,1.5,24.2,0.06200000000000001,15.4,2.2,84.0,73.635,25.7,32.6,15.335000000000003,38.233,9.135000000000002,29.101000000000006,15.764999999999997,14.099,1.152,8.565999999999999,25.199,34.134,16.3,33.801,48.025000000000006,15.335000000000003,20.833000000000002,73.739,1.2349999999999999,5.2010000000000005,0.37599999999999995,1.7,21.399,0.07699999999999999,14.099,3.134,80.7
80,91,2018-12-15,9,1,2018-2019,Minas,Flamengo,0,79.434,28.3,36.201,14.932999999999998,36.735,10.299000000000001,26.433000000000003,16.666000000000004,12.565999999999999,1.351,9.434999999999999,26.2,35.73100000000001,18.099,37.06699999999999,48.99100000000001,14.932999999999998,21.033000000000005,70.84299999999999,1.8009999999999997,7.700999999999999,0.635,1.9,19.234,0.1,12.565999999999999,1.165,87.801,80.09799999999998,26.7,39.931999999999995,13.466,41.23199999999999,13.168000000000001,28.068,19.034,13.4,1.473,8.9,28.367,31.857,19.968,38.999,51.712,13.466,17.134,77.976,0.8,7.833000000000001,0.643,1.402,19.667,0.07,13.4,1.932,93.934
83,82,2018-12-15,9,1,2018-2019,Paulistano,Brasília,1,80.3,29.25,34.7,16.35,41.75,12.45,29.3,15.85,13.95,1.172,9.75,29.65,33.194,17.35,35.0,49.188,16.35,22.25,73.523,2.75,6.85,0.5029999999999999,2.2,21.2,0.10700000000000001,13.95,2.15,89.45,79.234,28.8,34.334,16.1,33.0,9.266,23.734,16.8,13.5,1.3299999999999996,9.6,27.465999999999998,35.103,17.165999999999997,33.634,51.138999999999996,16.1,22.334000000000003,72.218,0.6,6.0,0.47400000000000003,2.3,22.7,0.101,13.5,1.734,83.16600000000001
80,95,2018-12-18,9,1,2018-2019,Joinville / AABJ,Sesi Franca,0,77.75,33.1,33.132999999999996,11.517,35.45,11.117,24.333,15.25,12.817000000000002,1.335,11.033,29.35,37.325,16.567,34.117000000000004,48.81700000000001,11.517,17.732999999999997,63.894000000000005,1.033,6.867,0.6010000000000001,2.2670000000000003,20.1,0.10700000000000001,12.817000000000002,2.183,82.55,88.8,33.9,40.4,14.5,34.9,7.9,27.0,18.5,11.7,1.61,11.3,29.2,38.199,20.2,32.5,62.330000000000005,14.5,17.2,83.70299999999999,2.8,5.6,0.4990000000000001,1.8,18.0,0.10599999999999998,11.7,1.5,104.8
82,78,2019-01-05,1,2,2018-2019,Paulistano,Corinthians,1,82.25,29.7,35.8,16.75,42.45,12.85,29.6,17.1,14.0,1.2600000000000002,9.9,29.3,34.25600000000001,17.9,35.8,49.464999999999996,16.75,23.1,72.46700000000001,3.2,6.4,0.4669999999999999,2.4,21.2,0.11699999999999999,14.0,2.15,92.85,77.2,20.55,40.3,16.35,38.2,11.65,26.55,17.5,15.2,1.2049999999999998,6.85,22.4,30.781999999999993,20.15,41.1,49.615,16.35,21.1,77.89099999999999,1.9,6.6,0.42800000000000005,1.45,23.65,0.06100000000000001,15.2,2.1,84.3
88,82,2019-01-07,1,2,2018-2019,Mogi,Coop/São José Basketball,1,88.4,26.7,44.6,17.1,38.001000000000005,10.299,27.698999999999995,20.701,13.099,1.6919999999999997,8.899,24.201,36.647000000000006,22.3,39.8,56.105,17.1,23.500999999999998,72.35900000000001,1.199,7.199,0.566,3.4010000000000007,20.199,0.16800000000000004,13.099,1.8990000000000002,105.20099999999998,80.3,24.9,39.8,15.6,36.1,9.3,26.8,18.3,14.5,1.322,8.3,26.5,31.813,19.9,35.7,55.60600000000001,15.6,20.7,75.92899999999999,1.1,6.7,0.483,2.0,23.7,0.089,14.5,2.6,89.6
97,82,2019-01-08,1,2,2018-2019,Corinthians,Minas,1,76.5,20.3,39.333,16.867,38.1,11.533,26.567,17.032999999999998,15.233,1.166,6.767,22.833,29.594,19.667,40.833,48.74,16.867,21.532999999999998,78.66799999999999,2.1,7.1,0.465,1.467,23.467000000000002,0.06200000000000001,15.233,2.1,82.86699999999999,78.00099999999999,27.4,35.934000000000005,14.666999999999998,36.33500000000001,10.366,25.967000000000002,16.299000000000003,12.899000000000001,1.2930000000000001,9.135000000000002,26.1,34.77400000000001,17.966,37.233,48.35600000000001,14.666999999999998,20.667,70.902,1.734,7.934,0.6379999999999999,1.8,19.201000000000004,0.095,12.899000000000001,1.2650000000000001,84.934
82,88,2019-01-09,1,2,2018-2019,R10 Score Vasco da Gama,Bauru Basket,0,71.05,22.65,35.5,12.9,36.3,9.45,26.85,16.15,14.3,1.166,7.55,23.6,31.641999999999996,17.75,39.3,45.04800000000001,12.9,18.5,69.93700000000001,0.7,7.15,0.5149999999999999,1.35,19.05,0.074,14.3,2.0,74.5,74.36800000000001,25.0,33.6,15.768,38.266,9.668000000000001,28.601,15.931999999999999,13.699000000000002,1.249,8.333,25.499000000000002,32.919,16.8,34.601000000000006,48.218,15.768,21.166,74.68,1.168,5.301,0.414,1.8,21.899,0.07999999999999999,13.699000000000002,3.067,81.4
65,77,2019-01-09,1,2,2018-2019,Fortaleza B. C. / CFO,Paulistano,0,71.1,22.8,39.0,9.3,41.1,13.8,27.3,12.8,15.4,0.9030000000000001,7.6,24.1,31.149,19.5,39.5,49.76899999999999,9.3,15.6,60.391,2.3,7.7,0.52,2.3,19.0,0.12300000000000003,15.4,4.2,76.6,83.13300000000001,30.3,35.6,17.233,43.132999999999996,13.267,29.867,17.367,14.332999999999998,1.254,10.1,29.567,34.59700000000001,17.8,35.567,49.553000000000004,17.233,23.7,72.634,3.2670000000000003,6.1,0.43599999999999994,2.367,21.2,0.11499999999999999,14.332999999999998,2.2,93.86699999999999
84,90,2019-01-10,1,2,2018-2019,Joinville / AABJ,Mogi,0,79.5,33.9,34.6,11.0,34.2,10.8,23.4,15.1,12.0,1.3969999999999998,11.3,29.7,37.760000000000005,17.3,34.9,49.88000000000001,11.0,16.9,64.113,1.0,6.7,0.616,2.3,20.8,0.10599999999999998,12.0,1.9,83.8,87.6,25.5,45.5,16.6,37.95100000000001,10.099,27.849,21.051,13.499,1.6810000000000003,8.498999999999999,23.801,35.45700000000001,22.75,39.95,56.95899999999999,16.6,23.101,71.615,1.199,7.249,0.5579999999999999,3.401,19.449,0.17700000000000002,13.499,2.0490000000000004,104.501
87,75,2019-01-10,1,2,2018-2019,Pinheiros,Minas,1,80.7,32.1,36.6,12.0,34.5,10.8,23.7,14.6,11.9,1.406,10.7,30.7,34.819,18.3,35.0,52.99300000000001,12.0,15.6,76.282,1.1,8.3,0.7910000000000001,1.7,18.4,0.08800000000000001,11.9,2.2,87.5,77.15099999999998,26.0,35.767,15.384,35.668000000000006,10.333,25.334000000000003,16.049,13.399000000000001,1.2320000000000002,8.668000000000001,25.4,33.94,17.883,37.215999999999994,48.134,15.384,21.634000000000004,70.86099999999999,1.7670000000000001,8.067,0.6289999999999999,1.8,20.051000000000005,0.09,13.399000000000001,1.482,82.667
71,97,2019-01-11,1,2,2018-2019,Brasília,Paulistano,0,79.35099999999998,29.55,34.601000000000006,15.2,32.65,8.699,23.951000000000004,17.65,12.85,1.4679999999999995,9.85,28.398999999999994,34.92100000000001,17.298999999999996,33.351000000000006,51.904999999999994,15.2,21.351000000000006,71.451,0.55,6.35,0.531,2.2,22.1,0.09999999999999999,12.85,1.8009999999999997,84.49900000000001,84.16600000000001,31.95,35.5,16.716,42.715999999999994,13.084,29.634000000000004,17.784000000000002,14.565999999999997,1.267,10.65,29.584000000000003,36.32299999999999,17.75,34.884,50.429,16.716,22.95,72.84599999999998,3.184,5.75,0.40599999999999997,2.5840000000000005,20.95,0.12599999999999997,14.565999999999997,2.2,95.88399999999999
74,80,2019-01-11,1,2,2018-2019,Botafogo,Bauru Basket,0,77.8,25.2,39.8,12.8,34.8,10.6,24.2,18.6,15.7,1.304,8.4,20.5,40.621,19.9,39.8,50.048,12.8,17.4,73.643,2.1,8.0,0.5140000000000001,1.8,23.3,0.08,15.7,2.7,88.4,75.201,24.45,34.3,16.451,38.549,9.651,28.901,15.849,13.799000000000001,1.231,8.15,25.349,32.414,17.15,34.951,48.706,16.451,22.149,74.73599999999999,1.151,5.601,0.433,2.0,22.149,0.089,13.799000000000001,3.15,82.5
68,91,2019-01-12,1,2,2018-2019,Corinthians,Flamengo,0,76.5,20.05,38.965999999999994,17.484,37.4,11.416,25.984,17.215999999999998,15.016000000000002,1.195,6.684,22.615999999999996,29.547000000000004,19.484,40.815999999999995,48.272999999999996,17.484,22.415999999999997,78.038,2.25,7.4,0.4960000000000001,1.384,23.384000000000004,0.05900000000000001,15.016000000000002,2.15,82.53399999999999,81.098,26.7,40.79899999999999,13.599,40.79899999999999,12.901,27.901,19.901,13.3,1.5749999999999997,8.9,28.5,31.726,20.401,38.699,53.09599999999999,13.599,17.000999999999998,79.184,0.7,7.8,0.6449999999999999,1.402,19.6,0.07,13.3,1.8990000000000002,96.301
82,74,2019-01-12,1,2,2018-2019,Sesi Franca,Fortaleza B. C. / CFO,1,89.75,32.4,41.2,16.15,34.0,7.35,26.65,17.6,11.55,1.555,10.8,28.45,37.474,20.6,32.4,63.857000000000006,16.15,19.0,84.77399999999999,2.5,5.5,0.49700000000000005,1.65,17.25,0.098,11.55,1.75,104.45,72.05,23.55,39.4,9.1,39.85,12.8,27.05,13.0,15.0,0.9360000000000002,7.85,24.15,32.22,19.7,38.95,50.831999999999994,9.1,15.6,58.96299999999999,2.25,7.3,0.509,2.2,19.5,0.11099999999999999,15.0,4.15,77.15
81,92,2019-01-14,2,2,2018-2019,Joinville / AABJ,R10 Score Vasco da Gama,0,81.1,35.4,35.0,10.7,34.4,11.3,23.1,14.6,12.0,1.3639999999999999,11.8,30.5,38.514,17.5,36.5,48.003,10.7,16.4,64.74799999999999,1.0,7.6,0.676,2.5,22.1,0.11399999999999999,12.0,2.1,84.7,71.5,22.5,35.6,13.4,37.9,10.3,27.6,16.3,14.5,1.156,7.5,24.3,30.587,17.8,39.9,44.54700000000001,13.4,19.0,70.77000000000001,0.6,7.0,0.493,1.3,19.2,0.07,14.5,1.8,75.0
81,73,2019-01-14,2,2,2018-2019,Pinheiros,Flamengo,1,81.25,31.95,36.1,13.2,35.2,11.5,23.7,14.9,12.55,1.38,10.65,30.7,34.663,18.05,35.15,51.867000000000004,13.2,17.35,76.22200000000001,1.1,8.35,0.7630000000000001,1.6,19.1,0.082,12.55,2.55,87.35,82.66499999999999,27.3,41.199,14.166,40.599000000000004,12.501000000000001,28.101,20.000999999999998,13.3,1.581,9.1,28.067,33.56,20.601,38.166,54.25599999999999,14.166,17.701,79.50500000000001,1.0,7.567,0.631,1.2349999999999999,19.567,0.06200000000000001,13.3,1.6990000000000003,98.601
82,71,2019-01-14,2,2,2018-2019,Bauru Basket,Fortaleza B. C. / CFO,1,74.301,24.15,33.9,16.250999999999998,38.299,9.251000000000001,29.051,16.099,13.849,1.246,8.05,25.499000000000002,31.753000000000004,16.95,34.150999999999996,49.346,16.250999999999998,22.149,74.03399999999999,1.101,6.2509999999999994,0.48200000000000004,2.15,21.949,0.097,13.849,2.95,82.5,70.8,22.5,38.9,9.4,39.55,12.55,27.0,12.45,15.2,0.8640000000000001,7.5,23.5,31.660999999999994,19.45,39.35,49.556999999999995,9.4,15.85,60.019000000000005,2.05,7.4,0.507,2.35,19.55,0.118,15.2,4.05,74.8
76,80,2019-01-15,2,2,2018-2019,Brasília,Mogi,0,78.40099999999998,29.7,34.601000000000006,14.1,32.4,8.199,24.201000000000004,17.5,12.6,1.472,9.9,28.598999999999997,34.853,17.299,33.301,51.96999999999999,14.1,20.201000000000004,70.226,0.6,6.3,0.534,2.5,21.7,0.11699999999999999,12.6,2.001,83.49900000000001,88.55,24.6,46.8,17.15,38.751,10.149,28.599,21.351,13.649000000000001,1.6880000000000002,8.199,23.351,34.785,23.4,40.6,57.645999999999994,17.15,23.851,71.78099999999999,1.299,7.199,0.552,3.851,19.799,0.199,13.649000000000001,2.099,106.701
75,80,2019-01-16,2,2,2018-2019,Minas,Coop/São José Basketball,0,76.301,24.6,35.6,16.101,35.001000000000005,10.3,24.701000000000004,15.799000000000001,13.899000000000001,1.171,8.201,24.7,33.106,17.8,37.199,47.912000000000006,16.101,22.601000000000006,70.82000000000001,1.8,8.2,0.6199999999999999,1.8,20.901,0.08499999999999999,13.899000000000001,1.6990000000000003,80.4,81.05,24.9,40.2,15.95,36.65,10.05,26.6,19.1,14.85,1.3439999999999999,8.3,25.85,32.506,20.1,36.1,55.623000000000005,15.95,21.1,76.227,1.1,6.45,0.45099999999999996,1.85,23.8,0.082,14.85,2.45,91.35
77,80,2019-01-16,2,2,2018-2019,Corinthians,Pinheiros,0,76.5,19.8,38.599,18.101000000000006,36.7,11.299,25.401000000000003,17.398999999999994,14.799000000000001,1.2240000000000002,6.601000000000001,22.398999999999994,29.500000000000007,19.301000000000005,40.79899999999999,47.806,18.101000000000006,23.298999999999996,77.40800000000002,2.4,7.7,0.527,1.301,23.301000000000005,0.05600000000000001,14.799000000000001,2.2,82.201,81.15,32.1,35.2,13.85,36.0,11.9,24.1,15.05,12.6,1.389,10.7,30.0,35.869,17.6,35.9,49.31100000000001,13.85,18.5,75.569,1.05,8.0,0.7270000000000001,1.7,19.5,0.086,12.6,2.7,86.95
78,84,2019-01-17,2,2,2018-2019,R10 Score Vasco da Gama,Sesi Franca,0,73.75,22.8,37.3,13.65,38.4,10.8,27.6,16.4,14.55,1.1589999999999998,7.6,24.2,31.104000000000003,18.65,40.6,45.86800000000001,13.65,18.8,72.308,0.45,7.1,0.49800000000000005,1.2,19.1,0.066,14.55,1.8,78.55,89.4,30.9,42.0,16.5,33.1,7.0,26.1,17.0,11.4,1.525,10.3,27.4,37.166,21.0,32.6,64.71799999999999,16.5,19.4,85.131,2.3,5.7,0.5199999999999999,1.6,16.8,0.097,11.4,2.1,103.6
60,73,2019-01-17,2,2,2018-2019,Fortaleza B. C. / CFO,Mogi,0,69.15,21.75,38.2,9.2,39.5,12.5,27.0,12.45,15.15,0.8720000000000001,7.25,23.45,30.84499999999999,19.1,39.7,48.090999999999994,9.2,15.65,59.19499999999999,1.7,7.6,0.5309999999999999,2.5,19.5,0.12599999999999997,15.15,3.9,72.6,88.25,24.75,46.3,17.2,39.551,9.949000000000002,29.599,20.701,13.249,1.6740000000000002,8.248999999999999,22.851,36.089999999999996,23.15,40.55,57.036,17.2,24.051,71.365,1.349,6.899000000000001,0.544,3.8009999999999997,19.749000000000002,0.196,13.249,1.999,106.801
96,83,2019-01-18,2,2,2018-2019,Flamengo,Coop/São José Basketball,1,83.582,27.15,41.499,14.932999999999998,40.799,12.601,28.201,19.651,13.1,1.5719999999999998,9.05,27.934000000000005,33.54,20.750999999999998,37.632999999999996,55.28799999999999,14.932999999999998,18.601,80.053,0.95,7.184,0.6119999999999999,1.168,19.684,0.05900000000000001,13.1,1.499,99.751,81.75,24.45,41.0,16.3,35.6,9.85,25.75,19.7,15.1,1.363,8.15,24.95,32.928000000000004,20.5,35.9,57.227,16.3,21.25,77.243,1.0,6.55,0.44499999999999995,1.65,24.1,0.07300000000000001,15.1,2.25,92.8
69,71,2019-01-19,2,2,2018-2019,Botafogo,Sesi Franca,0,76.85,24.3,40.2,12.35,34.0,10.15,23.85,17.9,15.85,1.2180000000000002,8.1,20.9,39.057,20.1,38.9,51.604,12.35,18.1,69.28099999999999,1.9,8.25,0.5290000000000001,1.7,24.0,0.07300000000000002,15.85,3.0,85.3,87.55,30.3,41.1,16.15,33.25,7.0,26.25,16.75,11.5,1.4869999999999999,10.1,27.6,36.190000000000005,20.55,32.2,63.98100000000001,16.15,19.4,83.381,2.05,5.75,0.5199999999999999,1.55,16.9,0.09299999999999999,11.5,2.0,100.7
80,89,2019-01-19,2,2,2018-2019,Joinville / AABJ,Minas,0,81.9,34.8,36.5,10.6,34.9,11.45,23.45,14.45,12.05,1.3489999999999998,11.6,30.7,37.547000000000004,18.25,37.15,49.17,10.6,15.95,65.89500000000001,1.05,7.6,0.674,2.8,22.65,0.125,12.05,2.1,86.1,77.801,25.35,36.0,16.451,36.101000000000006,11.15,24.951,16.949,14.149000000000001,1.238,8.451,25.2,33.53,18.0,37.29899999999999,48.269000000000005,16.451,23.301,70.42699999999999,1.9,8.15,0.605,1.75,20.651,0.083,14.149000000000001,1.749,83.3
65,64,2019-01-21,3,2,2018-2019,Mogi,Minas,1,86.3,24.0,46.0,16.3,39.400999999999996,10.199000000000002,29.199,20.000999999999998,12.699000000000002,1.6670000000000003,7.9990000000000006,22.101,36.61,23.0,41.0,55.89300000000001,16.3,23.000999999999998,70.609,1.299,6.899000000000001,0.5560000000000002,3.3009999999999997,19.499000000000002,0.169,12.699000000000002,1.8990000000000002,104.101,79.301,26.1,36.4,16.801,37.20100000000001,12.0,25.201,18.099,14.399000000000001,1.3050000000000002,8.701,25.7,33.954,18.2,37.398999999999994,48.626000000000005,16.801,24.000999999999998,70.03399999999999,2.0,8.1,0.5900000000000001,1.7,20.401,0.081,14.399000000000001,1.7990000000000002,86.2
75,76,2019-01-22,3,2,2018-2019,Bauru Basket,Brasília,0,73.201,24.9,32.6,15.700999999999999,37.999,8.800999999999998,29.201,16.899,13.899000000000001,1.3029999999999997,8.3,25.699,32.423,16.3,32.900999999999996,49.337,15.700999999999999,21.499000000000002,73.763,1.101,6.800999999999999,0.524,2.1,21.399,0.097,13.899000000000001,2.6,83.1,77.101,29.25,34.401,13.45,31.4,7.2989999999999995,24.101000000000006,16.75,12.4,1.4239999999999997,9.75,28.248999999999995,34.732000000000006,17.199,32.551,52.9,13.45,19.151,70.74499999999999,0.6,6.3,0.542,2.3,21.4,0.11000000000000001,12.4,1.9509999999999998,81.699
78,69,2019-01-22,3,2,2018-2019,Botafogo,Fortaleza B. C. / CFO,1,75.4,22.8,40.8,11.8,33.2,10.0,23.2,17.2,15.9,1.144,7.6,20.8,37.226000000000006,20.4,38.3,52.989,11.8,17.5,68.934,1.7,8.3,0.531,1.5,24.1,0.06300000000000001,15.9,3.0,82.8,67.95,21.45,37.9,8.6,38.6,12.35,26.25,12.6,14.2,0.961,7.15,23.95,29.859999999999996,18.95,39.4,48.08200000000001,8.6,15.1,57.125,1.45,7.85,0.586,2.4,19.2,0.124,14.2,3.35,71.25
85,91,2019-01-23,3,2,2018-2019,Paulistano,Pinheiros,0,85.19900000000001,33.6,35.4,16.199000000000005,42.29899999999999,12.901,29.401000000000003,18.201000000000004,14.799000000000001,1.2799999999999998,11.2,29.601000000000006,38.04899999999999,17.7,34.20100000000001,51.30499999999999,16.199000000000005,22.2,73.05799999999999,3.1010000000000004,5.4,0.376,2.8010000000000006,20.7,0.13699999999999996,14.799000000000001,2.2,97.90099999999998,81.55,32.85,34.7,14.0,36.4,11.9,24.5,14.8,12.45,1.3840000000000001,10.95,29.75,37.214,17.35,36.15,48.293000000000006,14.0,19.1,74.226,0.95,7.75,0.7120000000000002,1.5,19.4,0.077,12.45,2.7,86.8
77,79,2019-01-24,3,2,2018-2019,R10 Score Vasco da Gama,Fortaleza B. C. / CFO,0,76.0,23.1,39.0,13.9,38.9,11.3,27.6,16.5,14.6,1.1619999999999997,7.7,24.1,31.621000000000002,19.5,41.3,47.18900000000001,13.9,18.6,73.846,0.3,7.2,0.503,1.1,19.0,0.062,14.6,1.8,82.1,67.6,21.45,37.8,8.35,38.15,12.4,25.75,12.4,14.05,0.9559999999999998,7.15,24.2,29.511999999999993,18.9,38.9,48.606,8.35,14.9,56.33,1.25,7.7,0.5800000000000001,2.15,18.9,0.11400000000000002,14.05,3.3,70.15
50,89,2019-01-24,3,2,2018-2019,Joinville / AABJ,Flamengo,0,82.7,34.2,38.0,10.5,35.4,11.6,23.8,14.3,12.1,1.3339999999999999,11.4,30.9,36.58,19.0,37.8,50.337,10.5,15.5,67.042,1.1,7.6,0.6719999999999999,3.1,23.2,0.13599999999999998,12.1,2.1,87.5,84.499,27.0,41.799,15.7,40.999,12.700999999999999,28.301,19.301,12.9,1.5629999999999997,9.0,27.801,33.52,20.901,37.1,56.32000000000001,15.7,19.500999999999998,80.601,0.9,6.800999999999999,0.5929999999999999,1.101,19.801,0.05600000000000001,12.9,1.299,100.901
74,81,2019-01-26,3,2,2018-2019,Mogi,Flamengo,0,84.55,23.45,45.7,15.4,40.384,11.116,29.266,19.434,12.366,1.6639999999999997,7.816,22.234,35.68900000000001,22.85,42.2,54.20399999999999,15.4,21.884,70.203,1.316,6.566,0.547,3.3840000000000003,19.016,0.17700000000000002,12.366,1.766,101.434,84.866,25.95,43.166,15.75,41.215999999999994,12.734,28.484,18.884,12.55,1.568,8.65,27.034000000000002,33.104,21.584,38.0,56.746,15.75,19.784,79.56199999999998,0.9,6.5840000000000005,0.5879999999999999,1.184,19.534,0.063,12.55,1.266,101.284
69,67,2019-01-26,3,2,2018-2019,Pinheiros,Botafogo,1,81.9,33.6,33.8,14.5,37.0,12.0,25.0,14.65,12.8,1.347,11.2,29.95,37.827000000000005,16.9,35.55,47.782000000000004,14.5,20.1,73.24599999999998,0.8,7.5,0.683,1.15,19.8,0.06,12.8,2.6,86.4,74.05,22.35,39.7,12.0,32.45,10.1,22.35,16.7,14.85,1.1749999999999998,7.45,21.05,35.977000000000004,19.85,38.4,51.46,12.0,17.8,68.82300000000001,1.6,7.7,0.525,1.5,24.15,0.062,14.85,2.9,79.5
79,72,2019-01-28,4,2,2018-2019,Coop/São José Basketball,Botafogo,1,84.2,24.0,42.8,17.4,33.4,8.9,24.5,20.6,14.8,1.4380000000000002,8.0,24.4,33.016000000000005,21.4,35.9,60.13099999999999,17.4,22.5,78.33099999999999,1.1,7.1,0.487,1.5,24.4,0.066,14.8,2.2,95.8,75.4,22.95,40.5,11.95,32.9,10.65,22.25,17.2,14.55,1.2269999999999999,7.65,21.5,36.230000000000004,20.25,38.95,51.88199999999999,11.95,17.65,69.122,1.6,7.4,0.514,1.65,23.8,0.06899999999999999,14.55,2.9,81.65
77,90,2019-01-29,4,2,2018-2019,Fortaleza B. C. / CFO,Corinthians,0,69.0,22.5,38.3,8.2,37.95,12.15,25.8,12.65,14.15,0.9669999999999999,7.5,24.9,30.149,19.15,38.85,49.34400000000001,8.2,14.45,57.153999999999996,1.25,7.2,0.5480000000000002,2.1,18.9,0.11100000000000002,14.15,3.45,71.2,77.1,20.4,39.199,17.500999999999998,39.2,12.299,26.901000000000003,17.899,13.799000000000001,1.379,6.801,22.998999999999995,29.557000000000006,19.601000000000006,41.599,47.681,17.500999999999998,22.798999999999996,76.49000000000001,2.3,6.8,0.503,2.001,24.201000000000004,0.08,13.799000000000001,2.3,85.60099999999998
88,85,2019-01-30,4,2,2018-2019,Minas,Paulistano,1,76.001,24.9,35.8,15.300999999999998,38.301,12.4,25.901,16.499000000000002,14.199000000000002,1.21,8.301,25.5,32.632000000000005,17.9,37.999,47.289,15.300999999999998,22.201,67.441,1.7,8.4,0.616,1.9,19.701,0.10200000000000001,14.199000000000002,1.8990000000000002,82.3,85.49900000000001,33.0,35.8,16.699,42.79899999999999,13.200999999999999,29.601000000000006,18.101000000000006,15.299000000000001,1.207,11.0,30.401000000000003,36.687999999999995,17.9,34.001000000000005,52.263,16.699,22.5,74.131,3.2010000000000005,5.4,0.35900000000000004,2.8010000000000006,21.4,0.13599999999999995,15.299000000000001,2.0,97.50099999999999
84,82,2019-01-31,4,2,2018-2019,Brasília,Corinthians,1,75.801,28.2,35.20100000000001,12.4,31.2,6.699,24.500999999999998,16.7,12.7,1.3930000000000002,9.4,26.898999999999994,35.059000000000005,17.599,32.601000000000006,53.914,12.4,18.201,68.47,0.5,6.3,0.533,2.3,21.0,0.11200000000000002,12.7,1.8009999999999997,81.099,79.45,21.6,39.599,18.250999999999998,38.15,11.498999999999999,26.651000000000003,17.649,13.549000000000001,1.3780000000000001,7.2010000000000005,23.298999999999996,30.993000000000002,19.801,40.54899999999999,49.323,18.250999999999998,23.498999999999995,77.884,2.15,7.15,0.534,1.8509999999999998,24.701000000000004,0.072,13.549000000000001,2.15,88.50099999999999
95,87,2019-02-01,4,2,2018-2019,Flamengo,Paulistano,1,85.23299999999999,24.9,44.533,15.8,41.433,12.767,28.667,18.467000000000002,12.2,1.5729999999999997,8.3,26.267000000000003,32.688,22.267000000000003,38.9,57.172000000000004,15.8,20.067,78.523,0.9,6.367,0.5829999999999999,1.267,19.267000000000003,0.06999999999999999,12.2,1.233,101.667,84.399,31.05,36.8,16.549,42.199,13.251,28.951000000000004,17.750999999999998,14.949000000000002,1.2069999999999999,10.35,30.351000000000006,34.58,18.4,34.351000000000006,53.254,16.549,22.5,73.47900000000001,3.3010000000000006,5.45,0.36800000000000005,2.7510000000000003,21.45,0.13399999999999998,14.949000000000002,2.0,95.201
88,71,2019-02-02,4,2,2018-2019,Sesi Franca,Bauru Basket,1,85.7,29.7,40.2,15.8,33.4,7.0,26.4,16.5,11.6,1.449,9.9,27.8,35.214000000000006,20.1,31.8,63.24400000000001,15.8,19.4,81.631,1.8,5.8,0.5199999999999999,1.5,17.0,0.089,11.6,1.9,97.8,74.334,25.8,32.4,16.134,37.465999999999994,9.034,28.434000000000005,16.766,13.666,1.313,8.6,25.965999999999998,33.147000000000006,16.2,32.534000000000006,49.534,16.134,22.366,72.821,0.9339999999999999,6.734,0.526,2.0,21.266,0.09300000000000001,13.666,2.4,83.5
67,83,2019-02-04,5,2,2018-2019,Coop/São José Basketball,Pinheiros,0,83.35,24.6,41.3,17.45,34.45,9.35,25.1,21.1,15.05,1.449,8.2,24.45,33.709,20.65,35.65,58.31699999999999,17.45,22.5,78.64299999999999,1.2,6.95,0.47300000000000003,1.35,23.45,0.06300000000000001,15.05,2.2,95.7,81.95,34.5,33.1,14.35,36.9,11.65,25.25,14.7,13.2,1.3210000000000002,11.5,30.0,38.792,16.55,34.4,48.218,14.35,20.45,71.61499999999998,0.7,7.35,0.6599999999999999,1.2,20.45,0.062,13.2,2.6,86.45
81,92,2019-02-04,5,2,2018-2019,R10 Score Vasco da Gama,Minas,0,76.7,24.3,38.8,13.6,39.4,11.1,28.3,16.2,14.6,1.142,8.1,23.8,33.611000000000004,19.4,41.3,46.93300000000001,13.6,18.2,73.811,0.3,7.2,0.503,1.1,19.5,0.06000000000000001,14.6,1.9,83.7,77.601,25.5,37.4,14.700999999999999,37.900999999999996,12.6,25.301,17.099,14.499,1.2239999999999998,8.501000000000001,26.0,32.717999999999996,18.7,38.199,49.146,14.700999999999999,21.101,68.02000000000001,1.8,7.6,0.537,1.8,20.401,0.09600000000000002,14.499,1.999,83.8
80,87,2019-02-05,5,2,2018-2019,Brasília,Fortaleza B. C. / CFO,0,76.001,26.4,36.601000000000006,13.0,32.3,7.199,25.101,15.7,13.1,1.296,8.8,26.799,32.964999999999996,18.299,33.601000000000006,54.397000000000006,13.0,18.901,69.007,0.4,6.7,0.5509999999999999,1.9,21.0,0.095,13.1,1.8009999999999997,80.199,70.7,22.8,39.4,8.5,36.5,11.3,25.2,12.8,14.3,0.97,7.6,25.0,30.516999999999996,19.7,38.5,51.44199999999999,8.5,14.7,57.94,1.2,7.3,0.549,2.0,19.0,0.10500000000000001,14.3,3.6,72.3
79,74,2019-02-05,5,2,2018-2019,Flamengo,Sesi Franca,1,86.6,25.2,45.2,16.2,41.0,13.0,28.0,18.6,11.6,1.69,8.4,26.2,33.11,22.6,40.0,56.602999999999994,16.2,20.7,77.96000000000001,1.1,6.8,0.6729999999999999,1.2,19.4,0.067,11.6,1.0,102.9,86.15,30.0,40.1,16.05,33.4,7.6,25.8,16.3,11.95,1.389,10.0,27.6,35.88100000000001,20.05,32.2,62.394000000000005,16.05,19.5,82.473,1.65,5.9,0.5129999999999999,1.45,17.05,0.086,11.95,1.8,97.75
83,69,2019-02-11,6,2,2018-2019,Sesi Franca,Brasília,1,85.2,30.3,39.2,15.7,33.6,7.9,25.7,15.8,11.9,1.3479999999999999,10.1,27.6,36.252,19.6,32.7,60.31199999999999,15.7,19.4,80.982,1.6,6.2,0.546,1.5,17.7,0.08199999999999999,11.9,1.7,95.8,76.751,26.1,37.400999999999996,13.25,32.65,7.499,25.151,15.5,13.65,1.2590000000000001,8.7,26.599,32.86900000000001,18.699,34.201,54.70899999999999,13.25,19.301,68.69399999999999,0.4,6.7,0.5379999999999999,2.25,21.7,0.10700000000000001,13.65,1.9509999999999998,80.549
90,88,2019-02-13,6,2,2018-2019,Mogi,R10 Score Vasco da Gama,1,82.8,22.9,45.4,14.5,41.367000000000004,12.033,29.333,18.867,12.033,1.661,7.633,22.367,34.767999999999994,22.7,43.4,52.515,14.5,20.767000000000003,69.797,1.333,6.233,0.538,3.467,18.532999999999998,0.185,12.033,1.6329999999999998,98.76700000000001,77.0,24.9,38.4,13.7,38.8,11.5,27.3,16.5,14.6,1.164,8.3,24.7,33.511,19.2,41.0,46.82800000000001,13.7,18.2,74.196,0.2,7.5,0.525,1.0,19.4,0.05499999999999999,14.6,1.9,83.4
92,70,2019-02-13,6,2,2018-2019,Pinheiros,Joinville / AABJ,1,82.3,34.5,33.4,14.4,36.5,11.3,25.2,14.5,13.1,1.3130000000000002,11.5,29.3,39.779999999999994,16.7,34.1,48.958000000000006,14.4,20.9,70.46,0.6,7.6,0.688,1.4,20.1,0.075,13.1,2.5,87.5,80.5,33.9,36.6,10.0,34.7,11.3,23.4,13.6,12.8,1.177,11.3,31.0,36.153999999999996,18.3,37.1,49.223,10.0,14.4,68.029,1.0,7.3,0.6010000000000001,3.0,22.9,0.13499999999999998,12.8,2.3,83.2
76,86,2019-02-13,6,2,2018-2019,Fortaleza B. C. / CFO,Coop/São José Basketball,0,72.3,24.15,38.8,9.35,36.55,11.4,25.15,12.35,14.45,0.9299999999999999,8.05,24.8,32.632,19.4,38.55,50.653,9.35,15.8,58.747,1.4,7.7,0.5700000000000001,1.9,19.45,0.099,14.45,3.35,73.65,81.3,23.1,41.8,16.4,35.2,9.5,25.7,21.0,15.2,1.431,7.7,24.8,31.511000000000003,20.9,35.5,59.31999999999999,16.4,21.7,74.58,1.3,7.1,0.4790000000000001,1.2,23.5,0.05800000000000001,15.2,2.0,93.5
93,89,2019-02-14,6,2,2018-2019,Minas,Bauru Basket,1,78.301,26.7,37.4,14.200999999999999,37.601,11.7,25.901,16.999000000000002,15.599,1.1089999999999998,8.901,25.4,35.413,18.7,38.199,49.146,14.200999999999999,20.201,68.664,1.7,7.4,0.475,1.8,20.500999999999998,0.09600000000000002,15.599,2.2990000000000004,84.2,75.06700000000001,25.5,33.6,15.967000000000002,36.433,9.267,27.167,16.633,13.832999999999998,1.294,8.5,25.232999999999997,33.656,16.8,33.167,50.376,15.967000000000002,22.133,72.904,0.767,6.767,0.5239999999999999,1.8,21.433,0.084,13.832999999999998,2.5,83.4
92,83,2019-02-15,6,2,2018-2019,Corinthians,Joinville / AABJ,1,81.8,22.8,39.998999999999995,19.000999999999998,37.1,10.699,26.401000000000003,17.399,13.299000000000001,1.377,7.601000000000001,23.599,32.429,20.000999999999998,39.498999999999995,50.964999999999996,19.000999999999998,24.198999999999995,79.27799999999999,2.0,7.5,0.565,1.7009999999999998,25.201,0.06400000000000002,13.299000000000001,2.0,91.401,79.25,31.05,37.5,10.7,33.95,10.7,23.25,13.05,13.8,0.9850000000000001,10.35,29.85,34.493,18.75,37.65,49.714,10.7,15.1,69.487,1.0,7.05,0.519,2.9,22.5,0.132,13.8,2.6,79.4
81,73,2019-02-15,6,2,2018-2019,Brasília,Coop/São José Basketball,1,77.001,25.5,38.001,13.5,33.15,8.199000000000002,24.951,15.85,14.25,1.247,8.5,26.449,32.288,18.999000000000002,34.801,54.757999999999996,13.5,19.750999999999998,68.198,0.4,6.6,0.5189999999999999,2.4,22.3,0.11200000000000002,14.25,2.401,80.449,81.7,23.4,41.3,17.0,35.15,9.4,25.75,21.05,15.1,1.4400000000000002,7.8,24.5,32.208,20.65,35.5,58.585,17.0,22.4,74.857,1.3,7.2,0.4880000000000001,1.05,24.4,0.049,15.1,2.2,94.05
89,91,2019-02-15,6,2,2018-2019,Mogi,Paulistano,0,83.05,24.15,44.9,14.0,41.25,12.0,29.25,19.3,12.05,1.6939999999999997,8.05,22.75,35.791999999999994,22.45,42.8,52.82000000000001,14.0,20.25,69.21799999999999,1.3,5.75,0.49800000000000005,3.5,18.5,0.18600000000000003,12.05,1.45,99.3,84.949,31.95,36.7,16.299,41.748999999999995,12.701,29.051000000000005,17.750999999999998,15.099,1.196,10.65,30.401000000000003,35.553,18.35,34.051,53.561,16.299,22.2,73.345,3.2510000000000003,5.25,0.34900000000000003,2.7510000000000003,21.7,0.133,15.099,2.0,95.501
86,103,2019-02-16,6,2,2018-2019,Minas,Sesi Franca,0,79.98400000000001,26.65,38.3,15.034,38.634,12.45,26.184000000000005,17.266,15.866,1.109,8.884,25.5,35.239,19.15,38.416,50.068,15.034,21.084,69.299,1.75,7.2,0.45499999999999996,1.7,20.934,0.08900000000000001,15.866,2.466,86.7,85.0,30.9,38.7,15.4,33.55,7.65,25.9,16.4,12.15,1.3619999999999999,10.3,27.1,37.641000000000005,19.35,32.5,59.97099999999999,15.4,19.35,79.538,1.7,5.95,0.504,1.8,17.5,0.097,12.15,1.85,96.35
54,59,2019-02-19,7,2,2018-2019,Joinville / AABJ,Botafogo,0,79.2,29.4,38.2,11.6,33.7,10.6,23.1,12.8,14.0,0.9570000000000001,9.8,28.8,33.839999999999996,19.1,38.5,49.463,11.6,15.8,73.16799999999999,1.1,6.9,0.5040000000000001,2.9,22.1,0.133,14.0,2.6,78.8,76.7,23.1,42.2,11.4,32.7,10.7,22.0,17.9,14.3,1.2889999999999997,7.7,22.3,35.394999999999996,21.1,39.1,54.068000000000005,11.4,16.8,69.47200000000001,1.7,7.2,0.5090000000000001,1.6,23.5,0.06699999999999999,14.3,3.2,83.7
79,74,2019-02-23,7,2,2018-2019,Botafogo,R10 Score Vasco da Gama,1,74.55,22.65,40.4,11.5,33.5,11.3,22.2,16.75,14.2,1.212,7.55,22.85,34.028999999999996,20.2,38.45,52.592999999999996,11.5,16.85,69.85,1.35,6.85,0.4870000000000001,1.6,22.95,0.06999999999999999,14.2,3.1,80.05,77.8,25.2,39.1,13.5,38.75,12.0,26.75,16.6,13.8,1.2639999999999998,8.4,25.0,33.397000000000006,19.55,41.55,47.045,13.5,17.85,74.615,0.3,7.6,0.578,0.85,19.1,0.048,13.8,1.85,84.75
82,68,2019-02-26,8,2,2018-2019,Coop/São José Basketball,R10 Score Vasco da Gama,1,82.1,23.7,40.8,17.6,35.1,9.3,25.8,21.1,15.0,1.4490000000000003,7.9,24.2,32.905,20.4,35.5,57.85000000000001,17.6,23.1,75.13400000000001,1.3,7.3,0.497,0.9,25.3,0.04,15.0,2.4,94.6,77.2,23.7,39.4,14.1,39.1,12.4,26.7,17.0,13.8,1.288,7.9,24.4,32.155,19.7,42.0,46.90200000000001,14.1,18.6,74.842,0.3,7.6,0.578,0.7,19.2,0.040999999999999995,13.8,1.7,84.4
88,77,2019-02-26,8,2,2018-2019,Fortaleza B. C. / CFO,Joinville / AABJ,1,72.8,24.3,38.4,10.1,35.4,10.6,24.8,12.2,14.7,0.9040000000000001,8.1,25.0,32.604,19.2,37.9,50.962,10.1,16.1,61.403,1.4,7.8,0.567,1.8,20.2,0.092,14.7,3.0,73.4,76.25,28.35,37.3,10.6,33.6,10.4,23.2,11.7,13.45,0.9039999999999999,9.45,28.55,32.821999999999996,18.65,38.3,48.379000000000005,10.6,14.7,71.47,1.25,6.8,0.5120000000000001,2.55,21.85,0.11900000000000002,13.45,2.35,74.5
109,65,2019-02-28,8,2,2018-2019,Paulistano,R10 Score Vasco da Gama,1,85.999,33.6,36.4,15.999,41.898999999999994,12.800999999999998,29.101,17.901,15.099,1.206,11.2,31.201,36.480999999999995,18.2,33.601000000000006,53.815999999999995,15.999,21.6,74.037,3.1010000000000004,4.7,0.30900000000000005,2.8009999999999997,22.2,0.133,15.099,2.0,96.701,77.85,24.15,38.6,15.1,38.1,12.45,25.65,17.05,13.65,1.3,8.05,24.45,32.808,19.3,41.95,45.95900000000001,15.1,19.85,76.67099999999999,0.25,7.4,0.57,0.6,19.55,0.033999999999999996,13.65,1.55,83.4
68,75,2019-02-28,8,2,2018-2019,Bauru Basket,Pinheiros,0,77.6,26.4,34.4,16.8,35.1,9.0,26.1,17.1,13.6,1.3539999999999999,8.8,25.1,34.906,17.2,33.3,51.38399999999999,16.8,23.2,72.987,0.6,7.2,0.567,2.4,21.8,0.10600000000000001,13.6,2.2,86.7,83.6,34.8,34.8,14.0,36.9,11.7,25.2,15.2,12.6,1.436,11.6,29.5,39.876000000000005,17.4,35.2,49.147,14.0,20.2,71.11800000000001,1.0,7.1,0.6809999999999999,1.1,19.6,0.06300000000000001,12.6,2.6,89.4
98,90,2019-02-28,8,2,2018-2019,Brasília,Joinville / AABJ,1,78.201,25.8,38.601,13.8,34.5,9.299000000000001,25.201,16.1,14.7,1.238,8.6,26.499000000000002,32.635999999999996,19.299,35.701,54.32299999999999,13.8,20.201,68.01499999999999,0.2,6.8,0.5229999999999999,2.7,22.4,0.125,14.7,2.501,82.499,76.25,29.25,36.8,10.2,33.2,10.55,22.65,11.55,13.45,0.8949999999999999,9.75,29.0,33.223,18.4,38.4,47.518,10.2,14.0,72.034,1.3,7.15,0.535,2.4,21.0,0.12000000000000002,13.45,2.35,73.95
90,79,2019-02-28,8,2,2018-2019,Corinthians,Mogi,1,84.1,23.7,40.998999999999995,19.401,35.8,10.699,25.101,18.199,12.899000000000001,1.458,7.901000000000001,22.899,34.707,20.500999999999998,39.898999999999994,51.686,19.401,24.999000000000002,78.054,2.3,7.9,0.603,1.9009999999999998,25.201,0.07300000000000001,12.899000000000001,1.6,94.901,82.85,25.95,43.5,13.4,40.5,11.55,28.95,19.65,12.3,1.6809999999999998,8.65,23.15,37.571,21.75,41.3,53.275999999999996,13.4,19.45,69.075,1.3,5.6,0.47400000000000003,3.55,18.5,0.18800000000000003,12.3,1.45,99.55
67,73,2019-03-01,8,2,2018-2019,Botafogo,Flamengo,0,72.4,22.2,38.6,11.6,34.3,11.9,22.4,15.6,14.1,1.1350000000000002,7.4,23.4,32.663,19.3,37.8,51.11800000000001,11.6,16.9,70.22800000000002,1.0,6.5,0.465,1.6,22.4,0.073,14.1,3.0,76.4,87.1,24.45,46.5,16.15,42.05,13.25,28.8,19.15,11.95,1.686,8.15,25.4,32.74,23.25,41.0,56.899,16.15,20.65,77.915,1.25,6.35,0.599,1.55,19.65,0.082,11.95,1.05,104.75
93,78,2019-03-02,8,2,2018-2019,Sesi Franca,Pinheiros,1,85.1,30.6,39.3,15.2,33.5,7.6,25.9,17.1,12.3,1.401,10.2,26.65,37.994,19.65,33.65,58.757000000000005,15.2,19.05,79.73299999999999,1.65,6.45,0.5399999999999999,1.95,17.65,0.10400000000000001,12.3,1.85,97.3,82.15,33.3,34.3,14.55,37.65,12.2,25.45,15.05,13.65,1.154,11.1,28.8,38.919000000000004,17.15,35.0,48.79299999999999,14.55,20.95,70.77400000000002,1.2,7.3,0.55,1.2,19.4,0.06900000000000002,13.65,3.1,87.75
83,60,2019-03-04,9,2,2018-2019,Sesi Franca,Corinthians,1,85.2,30.0,40.0,15.2,33.5,7.4,26.1,17.4,12.9,1.3679999999999999,10.0,26.4,37.661,20.0,33.9,59.363000000000014,15.2,19.0,79.928,1.6,6.8,0.549,2.1,17.9,0.11000000000000001,12.9,1.9,97.9,84.6,24.0,41.299,19.301,35.4,10.449,24.951,18.349,13.049000000000001,1.453,8.001000000000001,23.099,34.867,20.651,39.749,52.237,19.301,24.199,79.976,2.05,8.35,0.6299999999999999,1.9509999999999998,24.301,0.079,13.049000000000001,1.65,96.401
79,62,2019-03-06,9,2,2018-2019,Botafogo,Minas,1,71.6,22.05,38.3,11.25,34.15,12.1,22.05,15.25,13.0,1.278,7.35,24.55,30.790999999999997,19.15,37.75,50.806000000000004,11.25,16.5,69.70700000000001,0.95,6.6,0.5810000000000001,1.75,22.1,0.081,13.0,2.85,75.25,81.667,26.6,39.2,15.867,39.667,13.2,26.467000000000002,17.532999999999998,16.133,1.109,8.867,25.6,35.065000000000005,19.6,38.632999999999996,50.989999999999995,15.867,21.967000000000002,69.934,1.8,7.0,0.43499999999999994,1.6,21.367,0.082,16.133,2.633,89.2
78,94,2019-03-07,9,2,2018-2019,R10 Score Vasco da Gama,Brasília,0,77.5,22.95,39.1,15.45,37.65,12.3,25.35,16.9,14.15,1.242,7.65,24.15,31.487999999999992,19.55,41.8,46.736000000000004,15.45,20.65,75.1,0.3,7.35,0.5469999999999999,0.55,19.95,0.03,14.15,1.75,81.65,79.834,25.5,40.734,13.6,35.8,9.966,25.834000000000003,16.6,15.4,1.177,8.5,25.566,33.568,20.366,37.434000000000005,54.47099999999999,13.6,19.734,68.741,0.4,6.5,0.46799999999999997,2.7,22.3,0.12500000000000003,15.4,2.434,85.366
92,81,2019-03-07,9,2,2018-2019,Bauru Basket,Corinthians,1,78.25,26.1,36.5,15.65,34.2,8.2,26.0,16.75,13.25,1.347,8.7,25.4,34.179,18.25,33.7,53.886,15.65,21.8,72.273,0.75,7.35,0.584,2.65,22.0,0.11800000000000002,13.25,2.15,87.4,83.15,23.85,40.599000000000004,18.701,34.45,9.649,24.801,17.549,13.599,1.367,7.950999999999999,22.949,34.839,20.301,38.799,52.633,18.701,22.949,81.31,1.95,8.3,0.6179999999999999,2.101,23.500999999999998,0.089,13.599,1.5,94.051
78,71,2019-03-08,9,2,2018-2019,Pinheiros,Mogi,1,81.7,31.65,34.9,15.15,37.25,11.7,25.55,14.85,13.6,1.144,10.55,27.5,38.49,17.45,35.45,48.977,15.15,21.7,70.885,1.2,7.45,0.5619999999999999,1.2,19.35,0.06900000000000002,13.6,3.3,87.35,81.6,25.8,43.0,12.8,40.1,11.5,28.6,19.7,13.0,1.6,8.6,23.4,37.11299999999999,21.5,40.9,53.21900000000001,12.8,18.4,70.03,1.5,5.8,0.46099999999999997,3.9,18.3,0.20800000000000002,13.0,1.6,98.1
79,65,2019-03-09,9,2,2018-2019,Botafogo,Brasília,1,72.0,22.95,37.6,11.45,34.95,12.55,22.4,15.35,12.55,1.3239999999999998,7.65,25.5,30.394,18.8,37.45,50.277,11.45,16.7,70.019,0.9,6.45,0.585,1.65,21.7,0.077,12.55,2.75,76.05,79.617,24.45,41.067,14.1,36.7,10.233,26.467000000000002,15.85,15.7,1.0690000000000002,8.15,24.633,33.25,20.532999999999998,38.067,54.008,14.1,20.267000000000003,69.275,0.45,6.3,0.43200000000000005,2.85,22.9,0.12800000000000003,15.7,2.367,84.98299999999999
82,60,2019-03-09,9,2,2018-2019,Flamengo,Minas,1,87.0,25.5,45.4,16.1,43.2,13.6,29.6,19.3,13.2,1.591,8.5,24.9,34.341,22.7,39.9,56.959999999999994,16.1,20.5,78.275,1.3,5.4,0.48,1.6,19.7,0.084,13.2,1.3,105.3,80.5,25.5,39.8,15.2,39.65,13.2,26.45,17.25,16.5,1.075,8.5,25.0,34.236000000000004,19.9,38.8,51.58399999999999,15.2,21.35,68.048,1.95,6.9,0.418,1.8,21.7,0.08900000000000001,16.5,2.55,87.85
87,84,2019-03-11,10,2,2018-2019,Joinville / AABJ,Coop/São José Basketball,1,75.75,29.4,35.8,10.55,33.35,10.55,22.8,11.55,14.05,0.836,9.8,29.15,33.18,17.9,37.95,46.741,10.55,14.3,72.89500000000001,1.3,7.5,0.5369999999999999,2.5,20.0,0.132,14.05,2.55,73.35,81.1,22.5,41.6,17.0,35.8,9.15,26.65,20.85,15.25,1.3930000000000002,7.5,24.2,30.905,20.8,35.3,59.062,17.0,22.35,74.98400000000001,1.25,7.35,0.49000000000000005,1.2,24.75,0.054000000000000006,15.25,2.3,94.5
80,72,2019-03-12,10,2,2018-2019,Flamengo,Bauru Basket,1,85.0,24.9,44.8,15.3,44.6,14.3,30.3,18.0,13.4,1.473,8.3,24.8,33.787,22.4,41.4,54.346000000000004,15.3,19.9,76.717,1.4,5.9,0.507,1.8,19.8,0.094,13.4,1.4,101.8,81.3,27.0,39.0,15.3,34.0,8.1,25.9,17.0,12.5,1.426,9.0,25.7,35.052,19.5,35.1,55.30899999999999,15.3,21.2,73.083,0.9,7.5,0.618,2.6,22.7,0.11400000000000002,12.5,2.0,91.5
79,81,2019-03-14,10,2,2018-2019,Fortaleza B. C. / CFO,Pinheiros,0,74.6,24.3,39.8,10.5,34.3,9.5,24.8,13.0,14.1,0.9889999999999999,8.1,24.5,33.7,19.9,38.1,52.44500000000001,10.5,15.6,66.176,1.3,7.8,0.5860000000000001,2.5,20.3,0.127,14.1,2.9,78.2,81.4,30.9,35.2,15.3,37.4,10.8,26.6,15.3,13.4,1.1949999999999998,10.3,27.3,37.959,17.6,34.9,50.456999999999994,15.3,22.4,68.71400000000001,1.2,7.0,0.5359999999999998,1.5,19.4,0.085,13.4,3.1,87.8
74,83,2019-03-14,10,2,2018-2019,Coop/São José Basketball,Bauru Basket,0,79.833,23.3,40.333,16.2,35.533,8.967,26.567,20.133,15.832999999999998,1.2800000000000002,7.767,24.732999999999997,31.221000000000004,20.167,34.333,58.75300000000001,16.2,21.267000000000003,75.07,1.267,7.367,0.471,1.167,24.267000000000003,0.053000000000000005,15.832999999999998,2.2670000000000003,92.0,80.55,26.85,38.2,15.5,32.75,7.7,25.05,16.55,12.4,1.4020000000000001,8.95,26.5,33.931,19.1,34.6,54.879999999999995,15.5,21.1,74.14500000000001,0.75,7.9,0.6539999999999999,2.45,22.25,0.10900000000000001,12.4,1.85,88.95
87,97,2019-03-15,10,2,2018-2019,Joinville / AABJ,Paulistano,0,75.6,28.8,35.9,10.9,34.05,10.45,23.6,11.5,14.45,0.7869999999999998,9.6,29.65,32.017,17.95,37.65,47.294000000000004,10.9,14.85,72.776,1.3,7.85,0.5469999999999999,2.4,19.85,0.128,14.45,2.55,73.15,90.499,36.6,38.0,15.899000000000001,41.898999999999994,12.201,29.701,19.601,14.699000000000002,1.3819999999999997,12.2,31.601,38.856,19.0,33.900999999999996,55.99300000000001,15.899000000000001,21.1,75.704,2.901,4.7,0.32600000000000007,2.8009999999999997,22.1,0.133,14.699000000000002,1.9,104.801
89,72,2019-03-15,10,2,2018-2019,Mogi,Botafogo,1,79.9,24.6,42.4,12.9,39.3,11.2,28.1,18.7,13.2,1.451,8.2,23.3,35.777,21.2,40.9,52.504999999999995,12.9,18.3,71.44,1.5,6.3,0.499,3.4,18.4,0.181,13.2,1.7,94.1,72.3,24.0,37.0,11.3,35.4,12.7,22.7,15.4,11.7,1.387,8.0,26.3,30.598999999999997,18.5,37.6,49.254000000000005,11.3,16.5,70.01899999999999,0.9,6.2,0.5930000000000002,1.6,22.1,0.07300000000000001,11.7,2.6,76.5
67,107,2019-03-16,10,2,2018-2019,R10 Score Vasco da Gama,Flamengo,0,78.3,21.6,40.6,16.1,37.8,12.5,25.3,17.4,14.6,1.23,7.2,24.0,29.784,20.3,42.0,48.305,16.1,21.7,74.091,0.4,7.1,0.5119999999999999,0.7,20.1,0.038,14.6,1.8,82.4,85.25,26.1,43.9,15.25,44.65,14.0,30.65,17.55,13.85,1.361,8.7,25.25,34.54600000000001,21.95,40.55,54.492000000000004,15.25,20.0,76.04599999999999,1.4,6.35,0.5189999999999999,1.65,19.9,0.08600000000000001,13.85,1.5,101.7
80,98,2019-03-16,10,2,2018-2019,Coop/São José Basketball,Sesi Franca,0,79.066,23.5,38.866,16.7,35.366,9.334,26.034000000000002,19.565999999999995,15.965999999999998,1.236,7.8340000000000005,24.766,31.437,19.434000000000005,34.465999999999994,56.323000000000015,16.7,21.934000000000005,75.005,1.134,7.634,0.484,1.034,24.434000000000005,0.046000000000000006,15.965999999999998,2.0340000000000003,89.5,85.6,31.2,39.4,15.0,33.6,8.0,25.6,17.9,12.3,1.478,10.4,27.3,38.28,19.7,34.4,57.952999999999996,15.0,18.8,79.826,1.2,8.3,0.71,2.3,17.8,0.123,12.3,1.8,99.8
81,77,2019-03-16,10,2,2018-2019,Brasília,Pinheiros,1,79.4,23.4,41.4,14.6,37.6,10.5,27.1,15.1,16.0,0.961,7.8,23.7,32.932,20.7,38.7,53.545,14.6,20.8,69.80900000000001,0.5,6.1,0.396,3.0,23.5,0.131,16.0,2.3,84.6,80.6,30.6,34.8,15.2,37.4,10.65,26.75,15.25,13.45,1.19,10.2,26.65,38.443000000000005,17.4,35.05,49.588,15.2,22.1,69.12500000000001,1.2,6.7,0.5169999999999999,1.55,19.0,0.08800000000000001,13.45,2.85,87.05
86,93,2019-03-18,11,2,2018-2019,Paulistano,Sesi Franca,0,90.599,36.15,38.7,15.749,42.449,12.751000000000001,29.701,18.551,15.249,1.27,12.05,32.251,37.471000000000004,19.35,34.400999999999996,56.13100000000001,15.749,20.75,76.102,2.651,5.05,0.3370000000000001,2.401,22.2,0.11300000000000002,15.249,1.85,102.951,85.9,32.4,39.6,13.9,34.0,8.5,25.5,18.2,12.7,1.4699999999999998,10.8,27.2,39.947,19.8,34.8,57.385000000000005,13.9,17.6,79.38,1.6,8.3,0.699,2.3,18.7,0.123,12.7,1.7,100.7
61,72,2019-03-19,11,2,2018-2019,Coop/São José Basketball,Corinthians,0,78.799,23.7,38.79899999999999,16.3,34.79899999999999,8.801,26.001000000000005,18.898999999999994,16.099,1.186,7.901000000000001,24.698999999999995,31.790999999999997,19.401000000000003,34.199,56.604000000000006,16.3,21.201000000000004,75.595,1.001,7.601000000000001,0.47800000000000004,1.001,24.301000000000005,0.045000000000000005,16.099,1.9009999999999998,88.5,81.5,23.4,40.199,17.901,34.3,9.499,24.801,16.699,14.399000000000001,1.242,7.800999999999999,22.799,34.394999999999996,20.101,38.699,52.206,17.901,22.299,80.218,2.0,8.2,0.594,2.3009999999999997,23.401,0.099,14.399000000000001,1.5,90.501
74,76,2019-03-21,11,2,2018-2019,Paulistano,Bauru Basket,0,88.999,35.7,37.8,15.499,41.749,12.501,29.250999999999998,17.701,15.549000000000001,1.183,11.9,32.451,36.597,18.9,33.601,56.157000000000004,15.499,20.35,76.14399999999999,2.401,5.2,0.341,2.3009999999999997,22.2,0.10800000000000001,15.549000000000001,1.85,99.551,80.0,27.3,37.0,15.7,32.3,7.3,25.0,16.1,12.9,1.2710000000000001,9.1,26.9,34.051,18.5,33.8,54.354,15.7,21.4,74.018,0.9,8.5,0.6659999999999999,2.4,22.0,0.10800000000000001,12.9,1.9,87.5
82,65,2019-03-23,11,2,2018-2019,Sesi Franca,Mogi,1,86.45,33.3,39.1,14.05,34.9,8.7,26.2,18.35,12.5,1.512,11.1,28.1,39.833000000000006,19.55,34.85,56.539,14.05,18.1,78.102,1.65,8.35,0.7169999999999999,2.4,19.0,0.12700000000000003,12.5,1.5,101.4,79.9,25.5,41.3,13.1,38.75,10.8,27.95,18.85,13.2,1.459,8.5,23.9,36.219,20.65,39.75,52.976,13.1,18.1,72.85,1.5,6.05,0.48500000000000004,2.8,18.75,0.15,13.2,1.85,93.6
84,76,2019-03-24,12,2,2018-2019,Bauru Basket,Joinville / AABJ,1,79.2,27.15,37.9,14.15,31.55,7.65,23.9,16.25,13.1,1.263,9.05,27.45,33.24900000000001,18.95,34.35,54.687,14.15,18.95,77.176,0.85,8.8,0.677,2.2,21.95,0.09900000000000002,13.1,1.65,86.2,75.9,28.2,36.2,11.5,34.8,10.3,24.5,12.0,14.3,0.8309999999999998,9.4,29.6,31.505000000000003,18.1,37.0,48.491,11.5,15.9,71.66499999999999,1.2,7.1,0.5029999999999999,2.3,19.6,0.12400000000000003,14.3,2.4,74.2
85,72,2019-03-24,12,2,2018-2019,Corinthians,R10 Score Vasco da Gama,1,80.6,22.9,40.065999999999995,17.634,35.7,9.466,26.234,16.566,14.666,1.213,7.634,22.166,34.638,20.034,38.565999999999995,52.206,17.634,22.166,79.56,2.0,7.7,0.5489999999999999,2.234,22.734,0.098,14.666,1.6,90.434,76.8,21.0,39.6,16.2,37.7,12.6,25.1,16.9,14.9,1.176,7.0,24.1,29.068999999999996,19.8,41.4,47.709,16.2,21.8,74.21,0.6,6.8,0.4840000000000001,0.6,19.9,0.033,14.9,1.8,79.4
100,104,2019-03-24,12,2,2018-2019,Paulistano,Botafogo,0,88.466,35.1,38.2,15.166,41.065999999999995,12.234,28.834000000000003,17.834,15.565999999999999,1.19,11.7,32.034000000000006,36.444,19.1,33.834,56.372,15.166,20.2,74.963,2.534,5.2,0.33999999999999997,2.434,22.2,0.11500000000000002,15.565999999999999,1.8,98.534,72.1,23.1,37.2,11.8,35.3,13.3,22.0,15.0,11.9,1.3399999999999999,7.7,25.6,30.106,18.6,38.6,48.26299999999999,11.8,16.1,73.352,0.8,6.1,0.5780000000000001,1.6,21.7,0.074,11.9,2.7,75.8
95,85,2019-03-24,12,2,2018-2019,Minas,Fortaleza B. C. / CFO,1,78.75,24.9,40.3,13.55,39.9,13.3,26.6,16.85,16.7,1.044,8.3,25.0,33.284000000000006,20.15,39.15,51.765,13.55,19.4,66.262,2.0,6.9,0.413,1.9,21.15,0.096,16.7,2.35,85.9,75.55,22.65,41.8,11.1,34.45,9.5,24.95,13.6,14.1,1.039,7.55,23.75,31.478,20.9,38.85,53.76500000000001,11.1,16.3,66.652,1.35,8.0,0.603,2.5,21.1,0.12300000000000003,14.1,3.05,80.45
97,54,2019-03-24,12,2,2018-2019,Flamengo,Brasília,1,85.5,27.0,43.2,15.3,45.5,14.3,31.2,17.7,13.6,1.391,9.0,26.9,32.94500000000001,21.6,39.9,54.595000000000006,15.3,20.0,76.29599999999999,1.0,6.8,0.5559999999999998,1.7,19.8,0.08900000000000001,13.6,1.6,102.7,80.4,23.1,42.0,15.3,37.8,10.7,27.1,15.1,16.5,0.9380000000000001,7.7,23.8,32.358999999999995,21.0,38.6,54.491,15.3,21.0,72.54100000000001,0.7,6.9,0.42800000000000005,3.0,24.0,0.125,16.5,2.2,86.7
81,96,2019-03-26,12,2,2018-2019,Bauru Basket,Mogi,0,79.05,27.9,37.6,13.55,31.35,8.3,23.05,16.2,13.05,1.2639999999999998,9.3,28.0,33.447,18.8,34.5,54.009,13.55,17.8,78.275,0.95,8.7,0.6719999999999999,1.9,21.4,0.085,13.05,1.4,85.35,77.5,25.2,40.0,12.3,39.0,11.3,27.7,17.8,12.6,1.434,8.4,24.6,34.983999999999995,20.0,40.1,51.138999999999996,12.3,16.9,73.07000000000001,1.4,5.6,0.4680000000000001,2.2,18.4,0.119,12.6,1.8,88.6
84,72,2019-03-26,12,2,2018-2019,Sesi Franca,Joinville / AABJ,1,87.45,33.6,40.0,13.85,35.5,8.9,26.6,18.45,12.35,1.544,11.2,28.4,39.80200000000001,20.0,35.4,57.003,13.85,18.0,77.431,1.7,8.6,0.7499999999999999,2.45,19.1,0.12900000000000003,12.35,1.75,103.2,75.25,28.95,34.8,11.5,35.3,10.3,25.0,12.2,14.55,0.8299999999999998,9.65,29.9,32.031,17.4,36.55,47.226000000000006,11.5,16.15,70.66799999999999,1.2,7.3,0.5049999999999999,2.0,19.1,0.11300000000000002,14.55,2.45,73.4
84,77,2019-03-26,12,2,2018-2019,Corinthians,Botafogo,1,80.95,22.85,41.132999999999996,16.967000000000002,35.9,9.433,26.467000000000002,16.883,14.782999999999998,1.2239999999999998,7.617,21.982999999999997,34.84,20.567,38.833,53.206,16.967000000000002,21.333,79.637,2.0,7.55,0.532,2.367,22.167,0.10700000000000001,14.782999999999998,1.6,91.76700000000001,74.25,24.75,37.0,12.5,35.0,13.6,21.4,15.05,12.05,1.327,8.25,25.85,31.887999999999998,18.5,38.7,47.87799999999999,12.5,17.15,72.612,0.7,6.4,0.597,1.55,21.8,0.07200000000000001,12.05,2.9,77.55
112,80,2019-03-26,12,2,2018-2019,Pinheiros,R10 Score Vasco da Gama,1,80.45,30.0,34.8,15.65,37.3,10.8,26.5,15.35,14.1,1.15,10.0,26.7,37.56500000000001,17.4,34.6,50.148999999999994,15.65,22.4,70.129,1.25,6.8,0.506,1.4,18.9,0.081,14.1,2.8,86.55,75.9,20.7,39.4,15.8,36.95,12.3,24.65,17.65,15.1,1.207,6.9,23.85,28.943,19.7,41.3,47.598,15.8,21.3,74.078,0.65,6.55,0.46500000000000014,0.65,19.5,0.036,15.1,1.8,78.4
100,82,2019-03-26,12,2,2018-2019,Flamengo,Fortaleza B. C. / CFO,1,86.9,28.35,43.5,15.05,45.85,14.15,31.7,18.5,13.45,1.4620000000000002,9.45,27.8,33.407,21.75,39.9,54.98,15.05,19.8,75.81899999999999,1.05,7.3,0.596,1.65,19.45,0.08700000000000001,13.45,1.6,105.5,76.95,23.25,41.8,11.9,35.15,9.95,25.2,14.15,14.55,1.05,7.75,23.75,32.367,20.9,39.15,53.408,11.9,17.15,67.50899999999999,1.3,7.95,0.584,2.6,21.35,0.126,14.55,3.0,82.55
68,74,2019-03-26,12,2,2018-2019,Minas,Brasília,0,79.05,25.35,40.7,13.0,40.5,13.5,27.0,17.0,16.4,1.0759999999999998,8.45,26.05,32.649,20.35,39.55,51.74100000000001,13.0,18.6,66.489,2.0,7.35,0.45499999999999996,2.0,20.8,0.10199999999999998,16.4,2.3,87.0,79.2,22.8,41.1,15.3,38.85,11.2,27.65,16.0,17.55,0.9360000000000002,7.6,23.3,32.543,20.55,39.15,52.251999999999995,15.3,21.35,71.19500000000001,0.65,7.0,0.40700000000000003,3.35,23.85,0.14,17.55,2.3,85.9
65,73,2019-03-26,12,2,2018-2019,Coop/São José Basketball,Paulistano,0,76.74900000000001,23.55,37.599,15.6,36.099,9.751000000000001,26.351000000000006,17.898999999999994,15.599,1.159,7.851000000000001,25.748999999999995,30.659,18.801000000000005,34.699,54.041,15.6,20.551000000000005,74.50699999999999,1.001,7.4510000000000005,0.49800000000000005,0.951,24.101000000000006,0.043000000000000003,15.599,1.6509999999999998,84.8,88.583,34.8,38.6,15.182999999999998,40.483,12.217,28.267000000000003,18.117,15.532999999999998,1.21,11.6,31.917,36.26200000000001,19.3,34.117000000000004,56.501,15.182999999999998,20.2,75.046,2.617,5.2,0.33999999999999997,2.367,22.65,0.11000000000000001,15.532999999999998,1.85,98.31700000000001
87,78,2019-03-30,1,3,2018-2019,Brasília,Corinthians,1,78.0,23.1,39.2,15.7,39.1,11.4,27.7,16.2,18.1,0.9170000000000001,7.7,23.8,32.278999999999996,19.6,38.9,49.929,15.7,21.6,72.643,0.7,7.1,0.403,3.5,23.8,0.146,18.1,2.5,83.9,81.3,22.8,42.2,16.3,36.1,9.4,26.7,17.2,14.9,1.2349999999999999,7.6,21.8,35.042,21.1,39.1,54.206,16.3,20.5,79.714,2.0,7.4,0.515,2.5,21.6,0.11599999999999999,14.9,1.6,93.1
81,87,2019-04-01,1,3,2018-2019,Coop/São José Basketball,Botafogo,0,75.099,23.4,37.199,14.5,36.79899999999999,10.201,26.601000000000006,17.699,15.599,1.145,7.801,26.698999999999995,29.589,18.601,34.398999999999994,54.017999999999994,14.5,19.500999999999998,72.46599999999998,1.001,7.001,0.4680000000000001,0.901,23.101000000000006,0.041,15.599,1.501,82.2,76.05,25.95,37.3,12.8,35.05,13.9,21.15,15.1,11.95,1.34,8.65,26.45,32.582,18.65,38.7,48.253,12.8,17.5,72.832,0.6,6.6,0.6169999999999999,1.4,22.05,0.065,11.95,3.0,79.5
78,71,2019-04-03,1,3,2018-2019,Minas,Bauru Basket,1,79.0,25.35,40.2,13.45,39.95,12.8,27.15,16.55,16.45,1.0379999999999998,8.45,26.45,32.25600000000001,20.1,39.05,51.76500000000001,13.45,18.65,68.402,1.9,8.0,0.5,2.3,21.35,0.11399999999999999,16.45,2.5,87.1,79.1,27.6,38.2,13.3,31.2,9.0,22.2,15.6,13.0,1.2229999999999996,9.2,28.5,32.31400000000001,19.1,35.1,53.98,13.3,17.3,78.943,1.0,8.7,0.6739999999999999,1.8,21.2,0.07900000000000003,13.0,1.3,83.9
92,86,2019-04-04,2,3,2018-2019,Corinthians,Brasília,1,81.4,22.2,42.4,16.8,35.2,9.1,26.1,16.5,15.1,1.127,7.4,21.9,34.034000000000006,21.2,38.4,55.197,16.8,21.3,79.244,2.0,7.3,0.49800000000000005,2.0,21.4,0.09900000000000002,15.1,1.7,91.0,78.3,22.8,40.0,15.5,39.2,11.6,27.6,16.8,17.5,1.0070000000000001,7.6,23.3,32.627,20.0,39.7,49.741,15.5,21.3,72.689,0.9,7.0,0.417,3.8,23.6,0.16,17.5,2.7,85.8
75,68,2019-04-05,1,3,2018-2019,Fortaleza B. C. / CFO,Paulistano,1,78.75,23.55,42.0,13.2,35.6,10.2,25.4,14.15,15.25,0.9809999999999999,7.85,23.15,33.513,21.0,39.5,53.242000000000004,13.2,18.45,70.24600000000001,1.4,7.8,0.5389999999999999,2.7,21.7,0.12799999999999997,15.25,3.0,84.5,88.7,34.5,39.0,15.2,39.9,12.2,27.7,18.4,15.5,1.23,11.5,31.8,36.08,19.5,34.4,56.629999999999995,15.2,20.2,75.129,2.7,5.2,0.33999999999999997,2.3,23.1,0.10499999999999998,15.5,1.9,98.1
66,61,2019-04-05,2,3,2018-2019,Botafogo,Coop/São José Basketball,1,77.5,26.1,37.8,13.6,34.3,13.0,21.3,15.1,11.7,1.3659999999999999,8.7,26.2,33.305,18.9,37.9,50.190999999999995,13.6,18.6,72.851,0.6,7.0,0.6639999999999999,1.6,21.8,0.077,11.7,2.9,82.1,75.299,22.2,39.199,13.9,36.099,9.801,26.301000000000005,17.699,15.299000000000001,1.174,7.401000000000001,26.199,28.784000000000002,19.601,35.099,55.775999999999996,13.9,19.301,69.51999999999998,1.001,7.101000000000001,0.4800000000000001,0.8009999999999999,23.701,0.03500000000000001,15.299000000000001,1.401,82.0
66,59,2019-04-06,2,3,2018-2019,Bauru Basket,Minas,1,78.7,27.9,38.4,12.4,30.9,8.7,22.2,16.0,13.0,1.2559999999999998,9.3,28.4,32.766000000000005,19.2,35.1,54.325,12.4,15.7,81.026,1.0,8.7,0.6739999999999999,1.9,20.9,0.08500000000000002,13.0,1.5,84.7,78.6,26.7,38.8,13.1,39.0,11.8,27.2,16.3,16.1,1.0710000000000002,8.9,26.4,33.980000000000004,19.4,37.8,51.589,13.1,18.2,67.88199999999999,1.8,8.1,0.526,2.4,20.9,0.123,16.1,2.7,87.2
83,74,2019-04-06,3,3,2018-2019,Corinthians,Brasília,1,82.0,22.5,42.4,17.1,36.0,9.3,26.7,17.0,14.6,1.234,7.5,22.45,33.605000000000004,21.2,38.75,54.71900000000001,17.1,21.5,79.85,2.3,7.3,0.534,2.15,21.1,0.10600000000000002,14.6,1.75,92.85,78.9,22.5,40.2,16.2,39.2,11.2,28.0,17.2,16.9,1.0610000000000002,7.5,23.5,31.954,20.1,39.4,50.455,16.2,22.4,72.286,1.0,6.8,0.41800000000000004,3.5,23.2,0.15,16.9,2.7,86.7
74,84,2019-04-08,2,3,2018-2019,Paulistano,Fortaleza B. C. / CFO,0,87.0,34.2,38.8,14.0,40.0,12.2,27.8,18.3,15.1,1.2670000000000001,11.4,30.7,36.725,19.4,35.5,54.872,14.0,19.5,71.88499999999999,2.7,4.9,0.325,2.3,21.9,0.10699999999999998,15.1,2.2,96.0,79.7,22.8,42.8,14.1,35.7,9.6,26.1,14.3,15.3,0.9879999999999999,7.6,22.3,33.38099999999999,21.4,39.8,53.846000000000004,14.1,19.4,72.351,1.5,7.4,0.495,2.8,21.7,0.13299999999999998,15.3,3.2,86.0
85,64,2019-04-08,3,3,2018-2019,Bauru Basket,Minas,1,78.2,28.8,37.4,12.0,32.3,8.4,23.9,16.0,12.2,1.3429999999999997,9.6,29.6,32.46300000000001,18.7,34.1,54.36900000000001,12.0,15.4,79.334,1.0,8.4,0.6739999999999999,2.1,20.5,0.09500000000000001,12.2,1.3,85.8,78.1,26.4,38.2,13.5,38.3,10.7,27.6,16.7,15.6,1.1350000000000002,8.8,26.6,33.302,19.1,36.5,52.221000000000004,13.5,18.9,68.43799999999999,1.9,7.8,0.525,2.4,21.4,0.11400000000000002,15.6,2.6,87.0
91,76,2019-04-12,1,4,2018-2019,Botafogo,Pinheiros,1,76.9,26.4,35.6,14.9,36.8,14.1,22.7,14.7,11.4,1.3639999999999999,8.8,27.2,32.905,17.8,37.7,47.330999999999996,14.9,20.0,73.978,0.7,6.9,0.6689999999999999,1.8,21.4,0.088,11.4,2.4,82.1,83.6,30.3,37.6,15.7,37.5,11.0,26.5,16.1,13.9,1.26,10.1,27.1,37.248,18.8,35.3,52.68599999999999,15.7,21.7,73.2,1.4,7.4,0.583,1.5,19.2,0.084,13.9,2.6,92.7
73,92,2019-04-13,1,4,2018-2019,Corinthians,Flamengo,0,81.7,20.7,42.6,18.4,37.5,9.8,27.7,17.8,15.0,1.2579999999999998,6.9,22.0,31.272,21.3,39.4,54.11900000000001,18.4,23.4,79.44,2.5,7.5,0.531,2.7,21.2,0.12700000000000003,15.0,1.9,93.9,88.3,29.7,43.8,14.8,46.2,14.0,32.2,19.3,13.3,1.533,9.9,28.7,33.86899999999999,21.9,39.9,55.364999999999995,14.8,19.6,75.34200000000001,1.1,7.8,0.6359999999999999,1.6,19.1,0.08500000000000002,13.3,1.6,108.3
69,77,2019-04-13,1,4,2018-2019,Fortaleza B. C. / CFO,Mogi,0,80.7,23.25,41.6,15.85,36.45,9.5,26.95,14.6,14.45,1.0859999999999999,7.75,23.1,33.053000000000004,20.8,39.4,52.68299999999999,15.85,21.1,74.48,1.45,7.6,0.539,2.65,22.2,0.12499999999999997,14.45,2.7,88.15,79.45,26.55,41.3,11.6,37.65,11.05,26.6,18.7,12.45,1.53,8.85,25.45,35.034000000000006,20.65,39.95,53.201,11.6,15.45,76.729,1.25,6.0,0.51,2.1,18.85,0.11300000000000002,12.45,1.6,91.7
82,94,2019-04-16,1,4,2018-2019,Bauru Basket,Sesi Franca,0,77.8,27.6,38.2,12.0,32.8,8.3,24.5,16.7,12.3,1.384,9.2,28.5,32.764,19.1,34.2,55.361000000000004,12.0,15.2,79.975,1.0,8.0,0.6369999999999999,1.6,19.8,0.08,12.3,1.5,86.9,88.1,32.7,41.2,14.2,37.1,9.4,27.7,18.8,12.6,1.544,10.9,28.0,39.212,20.6,36.6,56.895999999999994,14.2,18.5,77.381,1.9,8.7,0.748,2.4,19.2,0.12600000000000003,12.6,1.9,105.0
79,60,2019-04-17,2,4,2018-2019,Flamengo,Corinthians,1,89.0,31.95,42.3,14.75,46.35,14.1,32.25,20.05,13.95,1.5240000000000002,10.65,29.0,36.513999999999996,21.15,39.8,53.794000000000004,14.75,19.15,77.42999999999999,1.1,8.15,0.6399999999999999,1.35,19.0,0.07,13.95,1.7,109.55,79.8,21.3,41.0,17.5,36.5,9.1,27.4,17.4,14.7,1.267,7.1,22.7,30.846000000000004,20.5,38.7,52.955000000000005,17.5,22.2,79.53200000000001,2.3,7.7,0.5690000000000001,2.9,20.8,0.14,14.7,1.9,91.0
67,58,2019-04-18,2,4,2018-2019,Pinheiros,Botafogo,1,83.2,29.7,37.8,15.7,36.7,10.9,25.8,15.55,13.9,1.225,9.9,26.55,37.347,18.9,35.75,52.36699999999998,15.7,21.1,75.10400000000001,1.4,7.9,0.615,1.75,18.6,0.098,13.9,2.8,92.3,79.1,26.85,37.3,14.95,36.0,13.6,22.4,15.55,11.65,1.403,8.95,27.05,33.627,18.65,38.1,49.056000000000004,14.95,19.75,75.502,1.0,6.9,0.661,1.75,21.6,0.084,11.65,2.55,85.1
96,71,2019-04-19,2,4,2018-2019,Mogi,Fortaleza B. C. / CFO,1,79.5,25.2,41.8,12.5,37.8,11.5,26.3,19.2,11.9,1.6829999999999998,8.4,25.5,32.531,20.9,40.5,53.16799999999999,12.5,15.6,80.38799999999999,1.1,5.8,0.513,2.4,19.2,0.128,11.9,1.4,93.0,80.2,22.5,41.6,16.1,37.2,10.7,26.5,15.0,13.4,1.2459999999999998,7.5,23.6,31.719,20.8,40.4,51.533,16.1,21.4,74.817,1.6,7.5,0.5589999999999999,2.7,22.1,0.128,13.4,2.3,88.0
91,65,2019-04-20,3,4,2018-2019,Flamengo,Corinthians,1,88.4,31.5,41.8,15.1,45.3,13.4,31.9,20.2,14.9,1.466,10.5,28.5,36.50000000000001,20.9,39.4,53.759,15.1,19.3,78.708,1.3,8.6,0.642,1.6,19.3,0.08,14.9,2.1,108.5,76.8,20.7,39.6,16.5,36.2,9.0,27.2,16.5,15.2,1.185,6.9,21.5,32.055,19.8,39.8,50.422000000000004,16.5,21.1,79.169,2.6,7.8,0.5589999999999999,2.9,21.0,0.139,15.2,2.1,85.7
89,64,2019-04-20,3,4,2018-2019,Pinheiros,Botafogo,1,81.9,28.2,38.2,15.5,36.8,11.0,25.8,15.3,13.9,1.209,9.4,25.9,36.322,19.1,36.2,52.351,15.5,20.5,76.056,1.4,8.1,0.628,1.8,18.1,0.101,13.9,3.0,91.3,78.0,27.0,36.2,14.8,34.7,12.8,21.9,15.5,12.3,1.363,9.0,26.9,33.977999999999994,18.1,37.3,48.331,14.8,19.6,75.23400000000001,1.0,6.8,0.639,1.7,22.1,0.07899999999999999,12.3,2.7,82.3
73,71,2019-04-21,3,4,2018-2019,Mogi,Fortaleza B. C. / CFO,1,82.15,25.05,43.9,13.2,37.35,10.75,26.6,20.0,12.3,1.6960000000000002,8.35,24.9,33.089,21.95,39.7,56.449,13.2,16.25,81.609,1.25,5.9,0.5,2.25,19.15,0.12000000000000002,12.3,1.4,97.9,79.6,23.7,40.4,15.5,37.4,11.5,25.9,15.1,13.0,1.2709999999999997,7.9,24.2,32.565,20.2,41.2,48.816,15.5,20.1,78.317,1.7,7.4,0.567,2.8,22.0,0.134,13.0,2.1,87.2
83,77,2019-04-22,2,4,2018-2019,Sesi Franca,Bauru Basket,1,88.7,33.3,41.8,13.6,37.0,8.9,28.1,19.0,12.1,1.634,11.1,28.3,39.498000000000005,20.9,36.8,57.392999999999994,13.6,18.2,75.44,2.1,9.0,0.8089999999999999,2.2,19.0,0.11500000000000002,12.1,1.9,106.0,79.2,29.1,37.6,12.5,33.5,8.7,24.8,18.1,12.3,1.4840000000000002,9.7,29.4,33.705,18.8,33.7,55.504000000000005,12.5,15.7,81.165,0.9,7.8,0.623,1.3,19.7,0.06500000000000002,12.3,1.3,89.7
90,68,2019-04-24,3,4,2018-2019,Sesi Franca,Bauru Basket,1,89.6,33.3,42.4,13.9,36.3,9.0,27.3,19.2,12.1,1.654,11.1,28.5,39.242000000000004,21.2,36.3,59.00699999999999,13.9,18.4,76.273,2.0,9.0,0.8089999999999999,2.1,18.3,0.11699999999999999,12.1,2.0,107.0,77.7,30.3,35.4,12.0,34.1,9.1,25.0,18.1,12.8,1.4340000000000002,10.1,30.5,33.716,17.7,32.1,54.898,12.0,15.3,79.771,0.9,7.8,0.603,1.4,19.4,0.07,12.8,1.4,88.1
