placar_casa,placar_visitante,data,round,stage,ano,equipe_casa,equipe_visitante,resultado,Pts_casa,3P_casa,2P_casa,LL_casa,RT_casa,RO_casa,RD_casa,AS_casa,ER_casa,IA%_casa,3PC_casa,3PT_casa,3P%_casa,2PC_casa,2PT_casa,2P%_casa,LLC_casa,LLT_casa,LL%_casa,EN_casa,BR_casa,B/E_casa,TO_casa,FC_casa,T/FC_casa,ET_casa,VI_casa,EF_casa,Pts_visitante,3P_visitante,2P_visitante,LL_visitante,RT_visitante,RO_visitante,RD_visitante,AS_visitante,ER_visitante,IA%_visitante,3PC_visitante,3PT_visitante,3P%_visitante,2PC_visitante,2PT_visitante,2P%_visitante,LLC_visitante,LLT_visitante,LL%_visitante,EN_visitante,BR_visitante,B/E_visitante,TO_visitante,FC_visitante,T/FC_visitante,ET_visitante,VI_visitante,EF_visitante
61,74,2020-11-10,1,1,2020-2021,VipTech CMB,Fortaleza B. C. / CFO,0,0.0,0.0,0.0,0.0,0.0,0.0,0.0,0.0,0.0,0.0,0.0,0.0,0.0,0.0,0.0,0.0,0.0,0.0,0.0,0.0,0.0,0.0,0.0,0.0,0.0,0.0,0.0,0.0,0.0,0.0,0.0,0.0,0.0,0.0,0.0,0.0,0.0,0.0,0.0,0.0,0.0,0.0,0.0,0.0,0.0,0.0,0.0,0.0,0.0,0.0,0.0,0.0,0.0,0.0,0.0,0.0
102,68,2020-11-10,1,1,2020-2021,Flamengo,Minas,1,0.0,0.0,0.0,0.0,0.0,0.0,0.0,0.0,0.0,0.0,0.0,0.0,0.0,0.0,0.0,0.0,0.0,0.0,0.0,0.0,0.0,0.0,0.0,0.0,0.0,0.0,0.0,0.0,0.0,0.0,0.0,0.0,0.0,0.0,0.0,0.0,0.0,0.0,0.0,0.0,0.0,0.0,0.0,0.0,0.0,0.0,0.0,0.0,0.0,0.0,0.0,0.0,0.0,0.0,0.0,0.0
86,88,2020-11-12,1,1,2020-2021,UNIFACISA,VipTech CMB,0,0.0,0.0,0.0,0.0,0.0,0.0,0.0,0.0,0.0,0.0,0.0,0.0,0.0,0.0,0.0,0.0,0.0,0.0,0.0,0.0,0.0,0.0,0.0,0.0,0.0,0.0,0.0,0.0,67.67,23.0,34.67,10.0,40.33,14.67,25.67,17.0,14.67,1.16,7.67,30.33,25.27,17.33,34.0,50.98,10.0,15.67,63.83,0.0,2.33,0.16,2.33,19.67,0.12,14.67,2.0,70.0
109,86,2020-11-12,1,1,2020-2021,Corinthians,Sesi Franca,1,0.0,0.0,0.0,0.0,0.0,0.0,0.0,0.0,0.0,0.0,0.0,0.0,0.0,0.0,0.0,0.0,0.0,0.0,0.0,0.0,0.0,0.0,0.0,0.0,0.0,0.0,0.0,0.0,0.0,0.0,0.0,0.0,0.0,0.0,0.0,0.0,0.0,0.0,0.0,0.0,0.0,0.0,0.0,0.0,0.0,0.0,0.0,0.0,0.0,0.0,0.0,0.0,0.0,0.0,0.0,0.0
69,82,2020-11-12,1,1,2020-2021,Fortaleza B. C. / CFO,Flamengo,0,73.0,21.0,42.0,10.0,40.33,11.67,28.67,18.33,13.33,1.38,7.0,23.67,29.58,21.0,41.0,51.22,10.0,15.0,66.67,1.67,6.0,0.45,3.33,22.0,0.15,13.33,3.67,86.0,90.0,35.0,38.67,16.33,46.0,13.0,33.0,21.67,13.33,1.63,11.67,36.0,32.41,19.33,32.67,59.18,16.33,23.0,71.01,1.33,6.67,0.5,2.67,15.67,0.17,13.33,1.0,109.33
76,54,2020-11-12,1,1,2020-2021,Minas,Pato Basquete,1,78.0,27.0,40.67,10.33,39.0,8.33,30.67,19.0,14.33,1.33,9.0,24.67,36.49,20.33,36.33,55.96,10.33,16.67,62.0,2.33,8.33,0.58,2.0,20.67,0.1,14.33,3.0,94.0,0.0,0.0,0.0,0.0,0.0,0.0,0.0,0.0,0.0,0.0,0.0,0.0,0.0,0.0,0.0,0.0,0.0,0.0,0.0,0.0,0.0,0.0,0.0,0.0,0.0,0.0,0.0,0.0
85,90,2020-11-13,1,1,2020-2021,Mogi,Bauru Basket,0,0.0,0.0,0.0,0.0,0.0,0.0,0.0,0.0,0.0,0.0,0.0,0.0,0.0,0.0,0.0,0.0,0.0,0.0,0.0,0.0,0.0,0.0,0.0,0.0,0.0,0.0,0.0,0.0,0.0,0.0,0.0,0.0,0.0,0.0,0.0,0.0,0.0,0.0,0.0,0.0,0.0,0.0,0.0,0.0,0.0,0.0,0.0,0.0,0.0,0.0,0.0,0.0,0.0,0.0,0.0,0.0
54,90,2020-11-14,1,1,2020-2021,VipTech CMB,Minas,0,67.67,23.0,34.67,10.0,40.33,14.67,25.67,17.0,14.67,1.16,7.67,30.33,25.27,17.33,34.0,50.98,10.0,15.67,63.83,0.0,2.33,0.16,2.33,19.67,0.12,14.67,2.0,70.0,78.0,27.0,40.67,10.33,39.0,8.33,30.67,19.0,14.33,1.33,9.0,24.67,36.49,20.33,36.33,55.96,10.33,16.67,62.0,2.33,8.33,0.58,2.0,20.67,0.1,14.33,3.0,94.0
107,61,2020-11-14,1,1,2020-2021,São Paulo,Corinthians,1,0.0,0.0,0.0,0.0,0.0,0.0,0.0,0.0,0.0,0.0,0.0,0.0,0.0,0.0,0.0,0.0,0.0,0.0,0.0,0.0,0.0,0.0,0.0,0.0,0.0,0.0,0.0,0.0,85.0,45.0,28.0,12.0,29.0,7.5,21.5,19.0,14.0,1.36,15.0,32.0,46.88,14.0,32.0,43.75,12.0,14.0,85.71,1.0,6.0,0.43,2.5,21.5,0.12,14.0,2.0,90.5
69,76,2020-11-14,1,1,2020-2021,Pato Basquete,Fortaleza B. C. / CFO,0,61.5,21.0,24.0,16.5,30.0,11.5,18.5,11.0,11.5,0.96,7.0,27.0,25.93,12.0,35.0,34.29,16.5,26.5,62.26,0.0,6.5,0.57,1.5,22.0,0.07,11.5,2.5,46.0,73.0,21.0,42.0,10.0,40.33,11.67,28.67,18.33,13.33,1.38,7.0,23.67,29.58,21.0,41.0,51.22,10.0,15.0,66.67,1.67,6.0,0.45,3.33,22.0,0.15,13.33,3.67,86.0
57,73,2020-11-14,1,1,2020-2021,Brasília,Paulistano,0,0.0,0.0,0.0,0.0,0.0,0.0,0.0,0.0,0.0,0.0,0.0,0.0,0.0,0.0,0.0,0.0,0.0,0.0,0.0,0.0,0.0,0.0,0.0,0.0,0.0,0.0,0.0,0.0,0.0,0.0,0.0,0.0,0.0,0.0,0.0,0.0,0.0,0.0,0.0,0.0,0.0,0.0,0.0,0.0,0.0,0.0,0.0,0.0,0.0,0.0,0.0,0.0,0.0,0.0,0.0,0.0
86,79,2020-11-14,1,1,2020-2021,Flamengo,UNIFACISA,1,90.0,35.0,38.67,16.33,46.0,13.0,33.0,21.67,13.33,1.63,11.67,36.0,32.41,19.33,32.67,59.18,16.33,23.0,71.01,1.33,6.67,0.5,2.67,15.67,0.17,13.33,1.0,109.33,82.5,28.5,42.0,12.0,36.5,12.5,24.0,17.5,11.5,1.52,9.5,29.0,32.76,21.0,42.0,50.0,12.0,16.0,75.0,0.0,8.5,0.74,1.0,22.0,0.05,11.5,2.5,90.0
80,60,2020-11-14,1,1,2020-2021,Sesi Franca,Pinheiros,1,83.0,22.5,41.0,19.5,39.0,11.0,28.0,20.5,12.5,1.64,7.5,21.0,35.71,20.5,40.5,50.62,19.5,23.5,82.98,4.5,5.0,0.4,1.5,21.5,0.07,12.5,0.5,99.0,0.0,0.0,0.0,0.0,0.0,0.0,0.0,0.0,0.0,0.0,0.0,0.0,0.0,0.0,0.0,0.0,0.0,0.0,0.0,0.0,0.0,0.0,0.0,0.0,0.0,0.0,0.0,0.0
79,86,2020-11-16,2,1,2020-2021,Cerrado,Sesi Franca,0,0.0,0.0,0.0,0.0,0.0,0.0,0.0,0.0,0.0,0.0,0.0,0.0,0.0,0.0,0.0,0.0,0.0,0.0,0.0,0.0,0.0,0.0,0.0,0.0,0.0,0.0,0.0,0.0,83.0,22.5,41.0,19.5,39.0,11.0,28.0,20.5,12.5,1.64,7.5,21.0,35.71,20.5,40.5,50.62,19.5,23.5,82.98,4.5,5.0,0.4,1.5,21.5,0.07,12.5,0.5,99.0
93,70,2020-11-16,2,1,2020-2021,Bauru Basket,Brasília,1,90.0,33.0,38.0,19.0,35.0,13.0,22.0,15.0,16.0,0.94,11.0,25.0,44.0,19.0,37.0,51.35,19.0,23.0,82.61,1.0,12.0,0.75,1.0,24.0,0.04,16.0,4.0,101.0,57.0,24.0,26.0,7.0,31.0,5.0,26.0,16.0,13.0,1.23,8.0,24.0,33.33,13.0,33.0,39.39,7.0,9.0,77.78,0.0,2.0,0.15,3.0,13.0,0.23,13.0,3.0,58.0
76,74,2020-11-16,2,1,2020-2021,Corinthians,Pinheiros,1,85.0,45.0,28.0,12.0,29.0,7.5,21.5,19.0,14.0,1.36,15.0,32.0,46.88,14.0,32.0,43.75,12.0,14.0,85.71,1.0,6.0,0.43,2.5,21.5,0.12,14.0,2.0,90.5,60.0,9.0,38.0,13.0,38.0,14.0,24.0,14.0,13.0,1.08,3.0,21.0,14.29,19.0,49.0,38.78,13.0,17.0,76.47,1.0,9.0,0.69,1.0,23.0,0.04,13.0,0.0,57.0
78,82,2020-11-17,2,1,2020-2021,VipTech CMB,Pato Basquete,0,67.67,23.0,34.67,10.0,40.33,14.67,25.67,17.0,14.67,1.16,7.669999999999999,30.33,25.27,17.33,34.0,50.98,10.0,15.67,63.830000000000005,0.0,2.33,0.16,2.33,19.67,0.12,14.67,2.0,70.0,61.5,21.0,24.0,16.5,30.0,11.5,18.5,11.0,11.5,0.96,7.0,27.0,25.93,12.0,35.0,34.29,16.5,26.5,62.26,0.0,6.5,0.57,1.5,22.0,0.07,11.5,2.5,46.0
69,67,2020-11-17,2,1,2020-2021,UNIFACISA,Fortaleza B. C. / CFO,1,82.5,28.5,42.0,12.0,36.5,12.5,24.0,17.5,11.5,1.52,9.5,29.0,32.76,21.0,42.0,50.0,12.0,16.0,75.0,0.0,8.5,0.74,1.0,22.0,0.05,11.5,2.5,90.0,73.0,21.0,42.0,10.0,40.33,11.67,28.67,18.33,13.33,1.38,7.0,23.67,29.58,21.0,41.0,51.22,10.0,15.0,66.67,1.67,6.0,0.45,3.33,22.0,0.15,13.33,3.67,86.0
75,112,2020-11-17,2,1,2020-2021,Mogi,São Paulo,0,85.0,27.0,44.0,14.0,26.0,6.0,20.0,21.0,16.0,1.31,9.0,23.0,39.13,22.0,35.0,62.86,14.0,23.0,60.87,0.0,7.0,0.44,3.0,25.0,0.12,16.0,1.0,90.0,107.0,48.0,46.0,13.0,42.0,6.0,36.0,23.0,10.0,2.3,16.0,33.0,48.48,23.0,31.0,74.19,13.0,16.0,81.25,5.0,9.0,0.9,3.0,16.0,0.19,10.0,1.0,146.0
84,69,2020-11-18,2,1,2020-2021,Caxias do Sul Basquete,Brasília,1,0.0,0.0,0.0,0.0,0.0,0.0,0.0,0.0,0.0,0.0,0.0,0.0,0.0,0.0,0.0,0.0,0.0,0.0,0.0,0.0,0.0,0.0,0.0,0.0,0.0,0.0,0.0,0.0,65.66499999999999,24.0,30.665,11.0,31.5,6.5,25.0,15.835,14.165,1.125,8.0,23.165,34.575,15.335,33.165,46.195,11.0,15.665,72.47,0.165,3.835,0.26,2.5,13.835,0.185,14.165,3.0,67.5
81,83,2020-11-18,2,1,2020-2021,Cerrado,Bauru Basket,0,73.67,26.0,35.33,12.33,33.33,12.33,21.0,12.67,13.67,0.93,8.67,26.0,33.33,17.67,37.33,47.32,12.33,15.67,78.72,0.33,6.67,0.49,2.67,18.67,0.14,13.67,2.33,75.0,86.66499999999999,28.0,42.0,16.665,37.165,12.335,24.835,16.665,13.335,1.33,9.335,24.0,38.665,21.0,39.665,52.84,16.665,20.335,81.87,1.165,10.335,0.78,1.0,23.0,0.045,13.335,3.0,101.5
75,74,2020-11-18,2,1,2020-2021,Paulistano,Corinthians,1,73.0,33.0,28.0,12.0,46.0,15.0,31.0,17.0,10.0,1.7,11.0,28.0,39.29,14.0,38.0,36.84,12.0,14.0,85.71,0.0,6.0,0.6,2.0,17.0,0.12,10.0,3.0,91.0,81.66666666666667,39.5,29.666666666666668,12.5,31.0,7.5,23.5,18.833333333333332,14.666666666666666,1.2933333333333332,13.166666666666666,30.0,43.43333333333334,14.833333333333334,32.5,45.583333333333336,12.5,14.833333333333334,84.41333333333333,1.5,6.0,0.41333333333333333,3.1666666666666665,21.333333333333332,0.15,14.666666666666666,2.5,89.16666666666667
85,76,2020-11-19,2,1,2020-2021,Pato Basquete,UNIFACISA,1,67.33333333333333,20.666666666666668,30.0,16.666666666666668,34.556666666666665,13.0,21.55666666666667,12.11,11.776666666666666,1.0266666666666666,6.890000000000001,25.333333333333332,27.386666666666667,15.0,39.556666666666665,37.24333333333333,16.666666666666668,24.666666666666668,68.49,0.3333333333333333,6.223333333333334,0.5333333333333333,1.5566666666666666,22.333333333333332,0.07,11.776666666666666,2.5566666666666666,59.0,82.11,26.333333333333332,42.89000000000001,12.89,37.0,12.11,24.89,17.55666666666667,11.776666666666666,1.49,8.776666666666666,27.333333333333332,32.026666666666664,21.44333333333333,43.223333333333336,49.63666666666666,12.89,17.223333333333333,74.86,0.11,8.333333333333334,0.71,1.2233333333333334,21.223333333333333,0.06,11.776666666666666,2.0,89.77666666666666
67,82,2020-11-19,2,1,2020-2021,Fortaleza B. C. / CFO,Minas,0,71.5,21.375,40.5,9.625,38.6225,10.8775,27.7525,17.3725,13.1225,1.325,7.125,24.2525,29.3975,20.25,40.625,49.8075,9.625,14.375,67.0025,1.6275,6.0,0.4575,3.1225,21.0,0.1475,13.1225,3.5025,81.25,78.0,27.0,40.67,10.33,39.0,8.33,30.67,19.0,14.33,1.33,9.0,24.67,36.49,20.33,36.33,55.96,10.33,16.67,62.0,2.33,8.33,0.58,2.0,20.67,0.10000000000000002,14.33,3.0,94.0
73,100,2020-11-19,2,1,2020-2021,Pinheiros,São Paulo,0,67.5,16.5,39.0,12.0,36.835,12.835,24.0,16.335,14.835,1.1,5.5,20.0,28.2,19.5,47.665,40.975,12.0,16.0,74.9,1.165,6.835,0.485,0.835,21.835,0.035,14.835,1.665,66.83500000000001,103.83500000000001,44.5,44.335,15.0,38.5,7.165,31.335,20.0,10.165,1.9749999999999999,14.835,32.165,46.05,22.165,34.5,65.16499999999999,15.0,18.165,82.43,4.0,8.665,0.855,2.665,16.5,0.165,10.165,1.335,130.665
94,82,2020-11-19,2,1,2020-2021,Sesi Franca,Mogi,1,86.0,26.0,40.666666666666664,19.333333333333332,37.556666666666665,10.89,26.666666666666668,20.11,12.556666666666667,1.6033333333333333,8.666666666666666,22.55666666666667,38.093333333333334,20.333333333333332,39.443333333333335,51.60333333333333,19.333333333333332,23.0,84.10666666666667,3.4433333333333334,5.5566666666666675,0.44333333333333336,2.11,19.89,0.11333333333333334,12.556666666666667,1.11,102.11,81.75,31.5,39.5,10.75,31.5,9.25,22.25,20.0,17.5,1.155,10.5,28.0,37.745000000000005,19.75,35.25,56.08,10.75,15.75,74.55499999999999,1.0,7.25,0.41500000000000004,2.25,23.5,0.095,17.5,2.25,87.25
72,61,2020-11-20,2,1,2020-2021,Paulistano,Cerrado,1,75.33500000000001,28.0,34.665,12.665,42.335,12.165,30.165,16.835,10.5,1.6099999999999999,9.335,26.0,35.615,17.335,37.835,45.855000000000004,12.665,14.5,87.3,1.0,6.665,0.635,2.5,16.665,0.15,10.5,2.5,94.16499999999999,73.67,26.0,35.33,12.33,33.33,12.33,21.0,12.67,13.67,0.93,8.67,26.0,33.33,17.67,37.33,47.32,12.33,15.67,78.72,0.33,6.67,0.49,2.67,18.67,0.14,13.67,2.33,75.0
74,54,2020-11-20,2,1,2020-2021,Bauru Basket,Caxias do Sul Basquete,1,85.55333333333333,26.333333333333332,43.333333333333336,15.886666666666665,37.88666666666666,12.113333333333335,25.78,17.22,12.446666666666667,1.46,8.780000000000001,23.666666666666668,36.88666666666666,21.666666666666668,40.553333333333335,53.336666666666666,15.886666666666665,19.44666666666667,81.62333333333333,1.22,9.780000000000001,0.79,1.0,22.666666666666668,0.04666666666666667,12.446666666666667,2.6666666666666665,101.66666666666667,66.67,23.0,34.67,9.0,35.0,9.67,25.33,14.67,13.33,1.1,7.67,23.33,32.86,17.33,36.33,47.71,9.0,15.0,60.0,1.0,5.33,0.4,2.33,19.33,0.12,13.33,1.67,70.0
78,63,2020-11-20,2,1,2020-2021,Flamengo,VipTech CMB,1,90.0,35.0,38.67,16.33,46.0,13.0,33.0,21.67,13.33,1.63,11.67,36.0,32.41,19.33,32.67,59.18,16.33,23.0,71.01,1.33,6.669999999999999,0.5,2.67,15.67,0.17,13.33,1.0,109.33,68.3775,27.0,32.0025,9.375,38.6225,13.2525,25.3775,16.875,15.0025,1.1275,9.0025,29.8725,30.355,15.997499999999999,34.0,47.0575,9.375,14.6275,64.17750000000001,0.375,3.2475,0.215,2.4975,20.0025,0.125,15.0025,2.375,70.5
90,96,2020-11-21,2,1,2020-2021,São Paulo,Sesi Franca,0,102.78000000000002,43.333333333333336,43.78,15.666666666666666,37.333333333333336,7.553333333333334,29.78,19.0,10.219999999999999,1.8666666666666665,14.446666666666667,31.886666666666667,45.24,21.886666666666667,35.666666666666664,62.15666666666666,15.666666666666666,18.886666666666667,82.82333333333334,3.6666666666666665,8.553333333333333,0.84,2.5533333333333332,16.666666666666668,0.15666666666666668,10.219999999999999,1.4466666666666665,125.55333333333333,87.5,27.75,40.5,19.25,36.835,10.835,26.0,19.915,12.585,1.585,9.25,23.335,39.285,20.25,38.915,52.095,19.25,22.75,84.67,2.915,5.835000000000001,0.465,2.415,19.085,0.135,12.585,1.415,103.66499999999999
108,99,2020-11-21,2,1,2020-2021,Minas,UNIFACISA,1,82.25,28.875,41.5025,11.8725,39.125,8.7475,30.3775,20.0,14.3725,1.395,9.625,24.5025,39.3475,20.7475,37.3725,55.55,11.8725,17.6275,66.6225,1.9975,7.8725000000000005,0.5475,2.375,21.0025,0.11500000000000002,14.3725,2.875,100.0,81.91499999999999,25.25,43.33500000000001,13.335,37.25,11.915,25.335,17.585,11.915,1.4749999999999999,8.415,26.5,31.66,21.665,43.83500000000001,49.455,13.335,17.835,74.78999999999999,0.165,8.25,0.695,1.335,20.835,0.065,11.915,1.75,89.66499999999999
84,78,2020-11-21,2,1,2020-2021,Brasília,Pinheiros,1,68.55333333333333,24.0,32.22,12.333333333333334,31.666666666666668,7.0,24.666666666666668,15.780000000000001,14.553333333333333,1.09,8.0,22.886666666666667,34.99,16.113333333333333,33.22,48.46333333333333,12.333333333333334,17.886666666666667,70.7,0.22,4.446666666666666,0.2966666666666667,2.3333333333333335,14.113333333333335,0.17,14.553333333333333,3.0,70.66666666666667,70.0,19.0,39.333333333333336,11.666666666666666,36.446666666666665,12.446666666666667,24.0,17.113333333333333,15.446666666666667,1.1066666666666667,6.333333333333333,19.666666666666668,32.836666666666666,19.666666666666668,47.22,41.70666666666667,11.666666666666666,15.666666666666666,74.37666666666667,1.22,6.113333333333333,0.4166666666666667,0.7799999999999999,21.44666666666667,0.03333333333333333,15.446666666666667,2.22,70.11333333333334
62,86,2020-11-22,2,1,2020-2021,Caxias do Sul Basquete,Paulistano,0,66.67,23.0,34.67,9.0,35.0,9.67,25.33,14.67,13.33,1.1,7.67,23.33,32.86,17.33,36.33,47.71,9.0,15.0,60.0,1.0,5.33,0.4,2.33,19.33,0.12,13.33,1.67,70.0,76.11333333333334,26.333333333333332,36.88666666666666,12.886666666666665,41.11333333333334,11.219999999999999,29.886666666666667,16.78,10.666666666666666,1.58,8.780000000000001,25.333333333333332,34.39,18.44666666666667,37.78,48.86000000000001,12.886666666666665,14.666666666666666,87.83,1.3333333333333333,6.886666666666667,0.6466666666666666,2.6666666666666665,16.55333333333333,0.16,10.666666666666666,2.3333333333333335,95.21999999999998
105,70,2020-11-22,2,1,2020-2021,Flamengo,Pato Basquete,1,90.375,35.625,38.0025,16.7475,45.625,12.5,33.125,21.8775,13.2475,1.6549999999999998,11.8775,35.75,33.235,18.9975,32.0025,59.385,16.7475,22.625,74.1875,1.2475,7.3774999999999995,0.5575,2.8775,15.5025,0.185,13.2475,1.375,112.1225,70.25,20.5,33.0,16.75,36.835,13.75,23.085,12.665,11.915,1.06,6.835000000000001,24.5,28.115,16.5,41.835,38.72,16.75,23.75,71.605,0.5,6.085000000000001,0.515,1.585,22.5,0.07,11.915,2.585,65.5
71,85,2020-11-23,3,1,2020-2021,Brasília,Corinthians,0,69.99749999999999,24.0,32.9975,13.0,31.75,7.25,24.5,15.752500000000001,14.747499999999999,1.0725,8.0,22.7475,35.1975,16.5025,33.2475,49.5975,13.0,18.9975,69.815,0.2475,4.7524999999999995,0.315,2.25,14.252500000000001,0.1625,14.747499999999999,3.0,72.25,80.0,36.75,30.5,12.75,32.0,7.5,24.5,18.75,15.0,1.26,12.25,29.0,41.71,15.25,32.75,46.5,12.75,15.25,83.76499999999999,1.75,6.0,0.405,3.5,21.25,0.16499999999999998,15.0,2.75,88.5
81,75,2020-11-23,3,1,2020-2021,Mogi,Cerrado,1,80.66666666666667,33.0,38.0,9.666666666666666,33.333333333333336,10.333333333333334,23.0,19.666666666666668,18.0,1.1033333333333333,11.0,29.666666666666668,37.28333333333334,19.0,35.333333333333336,53.81999999999999,9.666666666666666,13.333333333333334,79.11666666666666,1.3333333333333333,7.333333333333333,0.40666666666666673,2.0,23.0,0.08666666666666667,18.0,2.6666666666666665,86.33333333333333,73.67,26.0,35.33,12.33,33.33,12.33,21.0,12.67,13.67,0.93,8.67,26.0,33.33,17.67,37.33,47.32,12.33,15.67,78.72,0.33,6.669999999999999,0.49,2.67,18.67,0.14,13.67,2.33,75.0
67,63,2020-11-25,3,1,2020-2021,Cerrado,Caxias do Sul Basquete,1,73.0025,25.125,34.7475,13.1225,33.3725,11.6225,21.75,13.8775,13.0025,1.095,8.3775,25.375,32.975,17.3775,36.3725,47.8025,13.1225,16.752499999999998,78.41499999999999,0.7475,7.0024999999999995,0.55,2.1275,19.3775,0.11000000000000001,13.0025,2.2475,76.75,66.67,23.0,34.67,9.0,35.0,9.67,25.33,14.67,13.33,1.1,7.669999999999999,23.33,32.86,17.33,36.33,47.71,9.0,15.0,60.0,1.0,5.33,0.4000000000000001,2.33,19.33,0.12,13.33,1.67,70.0
81,87,2020-11-28,3,1,2020-2021,Corinthians,Mogi,0,80.6,35.4,31.0,14.2,33.5,8.2,25.3,18.3,14.2,1.308,11.8,29.8,39.428000000000004,15.5,32.5,47.676,14.2,17.1,83.338,1.8,6.1,0.442,3.1,20.8,0.14799999999999996,14.2,2.7,89.5,81.5,34.125,37.0,10.375,33.5,9.625,23.875,20.125,16.75,1.24,11.375,29.25,39.1225,18.5,34.375,53.857499999999995,10.375,13.875,79.5,1.0,7.0,0.42000000000000004,2.0,22.625,0.0875,16.75,2.375,90.125
67,75,2020-12-02,4,1,2020-2021,Cerrado,UNIFACISA,0,72.602,24.6,34.398,13.598000000000003,33.398,11.198,22.2,14.601999999999999,12.602,1.194,8.202,25.0,32.762,17.202,35.798,48.092,13.598000000000003,17.401999999999997,78.232,0.998,7.202,0.5860000000000001,1.802,19.802,0.09200000000000001,12.602,2.198,77.8,81.79799999999999,24.6,43.60200000000001,13.602,37.4,11.797999999999998,25.601999999999997,17.602,11.998,1.4659999999999997,8.197999999999999,26.0,31.439999999999998,21.798,44.20200000000001,49.346,13.602,18.202,74.74799999999999,0.198,8.2,0.6859999999999999,1.402,20.602,0.068,11.998,1.6,89.59799999999998
85,78,2020-12-02,4,1,2020-2021,Fortaleza B. C. / CFO,Caxias do Sul Basquete,1,70.6,21.6,39.6,9.4,37.598,10.402,27.201999999999998,16.798,12.998000000000001,1.292,7.2,24.602,29.288,19.8,40.4,48.959999999999994,9.4,14.0,67.202,1.6019999999999999,6.0,0.462,2.998,20.4,0.146,12.998000000000001,3.4019999999999997,78.4,65.7525,20.25,35.0025,10.5,35.0,10.2525,24.7475,14.5025,13.7475,1.0575,6.7524999999999995,21.4975,30.895,17.4975,36.7475,47.625,10.5,16.75,62.045,1.0,5.9975000000000005,0.43250000000000005,1.9975,18.9975,0.105,13.7475,2.0025,69.25
105,100,2020-12-02,4,1,2020-2021,Minas,BRB/Brasília,1,84.8,30.0,42.001999999999995,12.798,39.2,8.998000000000001,30.201999999999998,20.6,14.398000000000001,1.434,10.0,24.402,41.062,20.997999999999998,37.998000000000005,55.303999999999995,12.798,18.202,69.396,1.798,7.598000000000001,0.528,2.6,21.202,0.12400000000000003,14.398000000000001,2.8,103.6,0.0,0.0,0.0,0.0,0.0,0.0,0.0,0.0,0.0,0.0,0.0,0.0,0.0,0.0,0.0,0.0,0.0,0.0,0.0,0.0,0.0,0.0,0.0,0.0,0.0,0.0,0.0,0.0
64,86,2020-12-03,4,1,2020-2021,Pato Basquete,Sesi Franca,0,72.0,20.4,34.8,16.8,38.202,14.2,24.002000000000002,12.998,11.998,1.08,6.802000000000001,24.0,28.552,17.4,43.202,39.606,16.8,23.2,73.474,0.6,6.002000000000001,0.504,1.6019999999999999,22.6,0.07,11.998,2.602,69.4,88.4,28.8,40.4,19.2,36.402,10.802000000000001,25.6,19.798,12.602,1.574,9.6,23.802,40.0,20.2,38.598,52.39,19.2,22.6,85.00800000000001,2.598,6.002000000000001,0.47800000000000004,2.598,18.602,0.148,12.602,1.598,104.598
62,95,2020-12-03,4,1,2020-2021,Pinheiros,Flamengo,0,71.25,20.25,39.5,11.5,36.2525,12.252500000000001,24.0,17.5025,15.752500000000001,1.11,6.75,19.5,35.155,19.75,46.9975,42.072500000000005,11.5,15.5,74.115,1.2475,5.7524999999999995,0.3825,0.7525,21.2525,0.0325,15.752500000000001,2.4975,71.75250000000001,90.6,36.0,37.602,16.997999999999998,45.4,12.2,33.2,22.002000000000002,13.198000000000002,1.67,12.001999999999999,35.6,33.730000000000004,18.798,31.601999999999997,59.507999999999996,16.997999999999998,22.4,76.09400000000001,1.198,7.802,0.592,3.002,15.401999999999997,0.194,13.198000000000002,1.6,113.798
92,79,2020-12-03,4,1,2020-2021,São Paulo,VipTech CMB,1,102.25250000000001,42.75,43.5025,16.0,36.75,7.7475000000000005,29.0025,18.5,10.247499999999999,1.8125,14.252500000000001,31.7475,44.835,21.7475,36.25,60.65249999999999,16.0,19.2475,83.02000000000001,3.5,8.497499999999999,0.8325,2.4975,16.75,0.15250000000000002,10.247499999999999,1.5025,122.99749999999999,68.80199999999999,29.4,30.401999999999997,9.0,37.598,12.402,25.202,16.8,15.201999999999998,1.108,9.802,29.598000000000003,33.406,15.197999999999999,34.0,44.70399999999999,9.0,14.001999999999999,64.38600000000001,0.6,3.7980000000000005,0.248,2.598,20.202,0.128,15.201999999999998,2.6,70.8
63,94,2020-12-04,4,1,2020-2021,Caxias do Sul Basquete,Minas,0,66.336,20.8,34.001999999999995,11.534,34.4,10.202,24.198,13.535999999999998,13.798000000000002,0.984,6.936,22.398,30.613999999999997,16.997999999999998,36.132000000000005,47.010000000000005,11.534,18.066,63.064,1.066,5.732000000000001,0.41200000000000003,1.732,20.264,0.09,13.798000000000002,2.068,66.8,87.11166666666666,30.0,42.556666666666665,14.553333333333333,39.833333333333336,9.831666666666667,30.001666666666665,20.721666666666668,14.386666666666668,1.4433333333333334,10.0,25.113333333333333,40.031666666666666,21.276666666666667,38.443333333333335,55.376666666666665,14.553333333333333,19.723333333333333,72.05833333333334,1.665,7.61,0.5283333333333333,2.555,21.613333333333333,0.12000000000000001,14.386666666666668,2.888333333333333,106.0
91,74,2020-12-04,4,1,2020-2021,UNIFACISA,BRB/Brasília,1,82.38666666666666,25.166666666666668,44.223333333333336,13.001666666666667,37.88833333333333,11.886666666666665,26.001666666666665,17.39,12.276666666666666,1.4216666666666666,8.386666666666665,25.833333333333332,32.42166666666666,22.11,43.723333333333336,50.665,13.001666666666667,17.50166666666667,74.195,0.44333333333333336,8.055,0.6616666666666666,1.4466666666666665,20.668333333333333,0.07,12.276666666666666,1.6116666666666666,91.33166666666666,79.0,32.0,27.33,19.67,38.33,14.33,24.0,13.33,17.67,0.75,10.67,35.33,30.19,13.67,29.67,46.07,19.67,26.33,74.68,1.33,6.0,0.34,2.33,19.33,0.12,17.67,4.33,74.0
69,62,2020-12-04,4,1,2020-2021,Paulistano,Mogi,1,76.50250000000001,25.5,37.9975,12.997499999999999,40.5025,10.747499999999999,29.7475,16.7525,10.75,1.565,8.502500000000001,25.0,33.7775,19.0025,37.7525,50.362500000000004,12.997499999999999,14.75,88.095,1.5,6.9975000000000005,0.6525,2.75,16.4975,0.16499999999999998,10.75,2.25,95.74749999999999,82.0,34.8,36.4,10.8,33.6,9.2,24.4,20.4,16.0,1.3219999999999998,11.6,29.0,40.226,18.2,33.8,53.879999999999995,10.8,14.2,79.72999999999999,0.8,6.8,0.42800000000000005,2.0,22.4,0.088,16.0,2.2,92.4
73,75,2020-12-04,4,1,2020-2021,Cerrado,Fortaleza B. C. / CFO,0,72.55666666666666,24.0,34.998333333333335,13.553333333333335,34.553333333333335,11.11,23.445000000000004,14.334999999999999,12.668333333333331,1.1616666666666666,8.001666666666667,25.111666666666668,31.846666666666668,17.50166666666667,36.11000000000001,48.48333333333333,13.553333333333335,17.723333333333333,76.68833333333333,0.9983333333333334,6.89,0.5566666666666668,1.835,19.94666666666667,0.09333333333333334,12.668333333333331,2.0533333333333332,77.61166666666666,71.66666666666667,21.833333333333332,38.88833333333333,10.945,37.72,10.113333333333333,27.613333333333333,15.831666666666665,12.943333333333335,1.2216666666666667,7.278333333333333,24.223333333333333,30.12833333333333,19.445,40.221666666666664,48.28666666666666,10.945,16.0,67.96666666666667,1.5016666666666667,6.166666666666667,0.47666666666666674,3.22,20.888333333333332,0.15333333333333332,12.943333333333335,3.1133333333333333,78.88833333333334
79,66,2020-12-05,4,1,2020-2021,VipTech CMB,Pinheiros,1,70.50166666666667,30.0,31.168333333333333,9.333333333333334,37.748333333333335,11.668333333333331,26.084999999999997,16.75,14.584999999999999,1.1616666666666666,10.001666666666667,29.498333333333335,34.160000000000004,15.581666666666665,34.333333333333336,45.355,9.333333333333334,14.584999999999999,64.13166666666667,0.6666666666666666,4.165,0.29333333333333333,2.3316666666666666,20.50166666666667,0.115,14.584999999999999,2.5833333333333335,73.41666666666667,69.8,21.0,38.0,10.8,35.501999999999995,11.302000000000001,24.2,17.102,15.902000000000001,1.076,7.0,20.2,35.08,19.0,45.598,41.658,10.8,15.5,69.614,1.098,6.101999999999999,0.396,1.302,20.902,0.062,15.902000000000001,2.398,69.40200000000002
71,80,2020-12-05,4,1,2020-2021,Pato Basquete,São Paulo,0,71.25,18.5,37.333333333333336,15.416666666666666,37.085,13.166666666666666,23.918333333333333,12.665,11.831666666666665,1.0666666666666667,6.168333333333334,23.0,26.57166666666667,18.666666666666668,44.001666666666665,41.685,15.416666666666666,22.0,70.08333333333333,0.6666666666666666,6.751666666666668,0.5783333333333333,1.335,22.666666666666668,0.05833333333333334,11.831666666666665,2.4183333333333334,68.5,99.00200000000001,41.1,42.602,15.3,37.4,8.798,28.601999999999997,18.2,10.297999999999998,1.7740000000000002,13.702000000000002,31.298000000000002,43.664,21.298,36.5,58.92199999999999,15.3,19.398,78.91600000000001,3.4,8.498,0.8280000000000001,3.098,16.7,0.18800000000000003,10.297999999999998,1.402,118.998
93,62,2020-12-05,4,1,2020-2021,Flamengo,Sesi Franca,1,91.16666666666667,38.25,36.501666666666665,16.415,46.833333333333336,13.25,33.583333333333336,21.751666666666665,12.831666666666669,1.7016666666666664,12.751666666666665,36.916666666666664,34.43,18.24833333333333,32.001666666666665,57.18833333333333,16.415,21.666666666666668,75.91166666666668,1.2483333333333333,8.001666666666667,0.63,2.668333333333333,15.251666666666665,0.17333333333333334,12.831666666666669,1.5833333333333333,114.415,86.0,27.0,40.166666666666664,18.833333333333332,38.16833333333333,10.918333333333335,27.25,19.331666666666667,13.168333333333335,1.4883333333333333,9.0,23.668333333333333,37.681666666666665,20.083333333333332,39.08166666666667,51.49,18.833333333333332,22.416666666666668,84.01833333333333,2.2483333333333335,5.501666666666668,0.43,2.5816666666666666,18.668333333333333,0.145,13.168333333333335,1.415,101.165
82,67,2020-12-05,4,1,2020-2021,Bauru Basket,Corinthians,1,84.99749999999999,25.5,44.0,15.497499999999999,38.2475,12.002500000000001,26.2525,17.4975,12.002500000000001,1.525,8.502500000000001,23.5,35.9975,22.0,40.9975,53.584999999999994,15.497499999999999,19.0025,81.5,1.2475,9.502500000000001,0.795,1.0,22.5,0.0475,12.002500000000001,2.5,101.75,81.0,34.5,31.333333333333332,15.166666666666666,34.5,8.666666666666666,25.833333333333332,18.0,13.666666666666666,1.3399999999999999,11.5,30.333333333333332,37.90666666666667,15.666666666666666,32.333333333333336,48.46,15.166666666666666,18.333333333333332,83.05333333333333,1.8333333333333333,6.166666666666667,0.4666666666666666,2.8333333333333335,20.5,0.13666666666666663,13.666666666666666,2.6666666666666665,90.16666666666667
71,63,2020-12-06,4,1,2020-2021,Fortaleza B. C. / CFO,BRB/Brasília,1,72.42857142857143,22.0,38.379999999999995,12.04857142857143,37.80714285714286,9.907142857142857,27.907142857142862,15.141428571428571,12.904285714285717,1.1714285714285713,7.3342857142857145,23.952857142857145,30.728571428571424,19.19142857142857,40.09428571428571,47.80571428571428,12.04857142857143,17.428571428571427,68.51285714285714,1.43,6.285714285714286,0.48714285714285716,3.3785714285714286,21.237142857142857,0.15857142857142856,12.904285714285717,2.9071428571428575,79.23714285714286,79.0,32.0,27.33,19.67,38.33,14.33,24.0,13.33,17.67,0.75,10.67,35.33,30.19,13.67,29.67,46.07,19.67,26.33,74.68,1.33,6.0,0.34,2.33,19.33,0.12,17.67,4.33,74.0
97,77,2020-12-06,4,1,2020-2021,Minas,Cerrado,1,88.76285714285713,30.0,42.952857142857134,15.807142857142855,40.285714285714285,10.427142857142858,29.858571428571427,20.80857142857143,14.37857142857143,1.45,10.0,25.621428571428574,39.29571428571428,21.475714285714282,38.761428571428574,55.42857142857143,15.807142857142855,20.810000000000002,73.96000000000001,1.57,7.618571428571429,0.5285714285714286,2.5228571428571427,21.907142857142862,0.11714285714285715,14.37857142857143,2.951428571428571,107.71428571428571,72.52428571428571,23.571428571428573,35.42714285714286,13.521428571428572,35.378571428571426,11.047142857142857,24.33428571428572,14.144285714285713,12.715714285714284,1.1385714285714286,7.8585714285714285,25.191428571428577,31.192857142857147,17.715714285714288,36.33285714285715,48.762857142857136,13.521428571428572,17.95285714285714,75.58571428571429,0.9985714285714286,6.667142857142856,0.5357142857142858,1.8585714285714285,20.050000000000004,0.09428571428571429,12.715714285714284,1.95,77.47714285714287
65,90,2020-12-06,4,1,2020-2021,Caxias do Sul Basquete,UNIFACISA,0,66.72500000000001,21.166666666666668,33.335,12.223333333333334,34.0,10.168333333333333,23.831666666666667,12.891666666666666,13.831666666666669,0.9349999999999999,7.058333333333334,22.998333333333335,30.426666666666666,16.665,35.72166666666667,46.6,12.223333333333334,18.94333333333333,63.74333333333333,1.11,5.555000000000001,0.3983333333333334,1.555,21.10833333333333,0.08,13.831666666666669,2.111666666666667,65.16666666666667,82.80714285714285,25.571428571428573,44.667142857142856,12.572857142857144,38.23714285714285,11.95,26.287142857142857,17.23857142857143,12.475714285714286,1.39,8.52142857142857,25.714285714285715,33.122857142857136,22.33285714285714,43.38142857142857,51.607142857142854,12.572857142857144,17.001428571428573,73.79999999999998,0.6185714285714285,7.951428571428571,0.6442857142857142,1.4785714285714284,20.715714285714284,0.07142857142857142,12.475714285714286,1.6199999999999999,92.57000000000001
85,77,2020-12-07,5,1,2020-2021,Pinheiros,Pato Basquete,1,68.83333333333333,21.5,37.0,10.333333333333334,35.001666666666665,10.668333333333335,24.333333333333332,16.835,16.00166666666667,1.0533333333333335,7.166666666666667,20.666666666666668,35.03,18.5,44.665,41.38166666666667,10.333333333333334,15.5,66.61333333333333,0.9983333333333334,6.335,0.405,1.6683333333333332,20.668333333333333,0.08166666666666667,16.00166666666667,2.3316666666666666,67.83500000000001,70.71428571428571,17.142857142857142,39.142857142857146,14.428571428571429,36.287142857142854,12.428571428571429,23.858571428571427,12.427142857142856,11.712857142857143,1.0571428571428572,5.715714285714286,22.285714285714285,25.157142857142862,19.571428571428573,44.57285714285714,43.17,14.428571428571429,21.142857142857142,67.66142857142857,0.7142857142857143,7.287142857142858,0.6314285714285715,1.1442857142857144,22.714285714285715,0.05,11.712857142857143,2.287142857142857,67.85714285714286
95,58,2020-12-07,5,1,2020-2021,Sesi Franca,VipTech CMB,1,84.28571428571429,25.714285714285715,40.0,18.571428571428573,39.43,11.001428571428573,28.428571428571427,18.99857142857143,13.572857142857144,1.4271428571428573,8.571428571428571,23.572857142857142,36.02571428571429,20.0,39.42714285714286,50.847142857142856,18.571428571428573,22.285714285714285,83.31142857142858,1.9985714285714287,5.144285714285715,0.39571428571428574,2.5700000000000003,18.715714285714284,0.14285714285714285,13.572857142857144,1.2842857142857143,98.71285714285715,71.71571428571428,30.428571428571427,31.715714285714284,9.571428571428571,37.855714285714285,11.144285714285713,26.715714285714284,16.714285714285715,14.144285714285713,1.2,10.144285714285713,29.427142857142858,34.698571428571434,15.855714285714285,34.57142857142857,45.82,9.571428571428571,15.001428571428571,63.95000000000001,0.7142857142857143,4.427142857142857,0.32571428571428573,2.1414285714285715,20.715714285714284,0.10571428571428573,14.144285714285713,2.5714285714285716,75.28571428571429
81,62,2020-12-08,5,1,2020-2021,Bauru Basket,Paulistano,1,84.398,27.6,41.2,15.597999999999999,37.998000000000005,11.402000000000001,26.601999999999997,17.598,11.802000000000001,1.5479999999999998,9.202000000000002,24.0,38.028000000000006,20.6,39.398,51.95799999999999,15.597999999999999,19.802,79.114,1.3980000000000001,9.802000000000001,0.836,0.8,22.0,0.038,11.802000000000001,2.2,101.0,75.00200000000001,24.6,37.998000000000005,12.398,41.602,10.998,30.598000000000003,17.402,11.0,1.5859999999999999,8.202000000000002,25.2,32.406000000000006,19.002000000000002,38.202,49.790000000000006,12.398,15.0,82.976,1.6,7.398000000000001,0.6719999999999999,2.4,17.598,0.142,11.0,2.0,93.99799999999999
80,68,2020-12-08,5,1,2020-2021,São Paulo,Flamengo,1,96.835,40.0,42.001666666666665,14.833333333333334,37.833333333333336,9.498333333333333,28.334999999999997,18.0,10.331666666666665,1.7483333333333337,13.335,30.998333333333335,42.88333333333333,20.99833333333333,36.666666666666664,57.768333333333324,14.833333333333334,19.49833333333333,76.18,3.3333333333333335,8.498333333333333,0.8250000000000002,3.4983333333333335,16.666666666666668,0.2116666666666667,10.331666666666665,1.335,116.33166666666666,91.57142857142857,39.857142857142854,35.715714285714284,15.998571428571427,47.857142857142854,14.0,33.857142857142854,21.572857142857142,12.570000000000002,1.724285714285714,13.287142857142856,37.857142857142854,34.93,17.855714285714285,32.287142857142854,55.53142857142858,15.998571428571427,21.142857142857142,75.78142857142858,1.2842857142857143,8.144285714285713,0.6571428571428571,2.4299999999999997,15.144285714285713,0.15857142857142859,12.570000000000002,1.5714285714285714,114.85571428571428
94,74,2020-12-09,5,1,2020-2021,UNIFACISA,Corinthians,1,83.1225,25.875,45.0,12.25125,38.498749999999994,11.997499999999999,26.50125,17.125,12.625,1.3662499999999997,8.622499999999999,25.625,33.64874999999999,22.5,43.125,52.31375,12.25125,16.62625,73.50375,0.75,7.873749999999999,0.63125,1.5025,20.75125,0.0725,12.625,1.62625,93.49875,79.0,32.57142857142857,31.428571428571427,15.0,34.42857142857143,8.714285714285714,25.714285714285715,17.571428571428573,13.714285714285714,1.3014285714285714,10.857142857142858,29.571428571428573,36.49142857142858,15.714285714285714,32.857142857142854,47.885714285714286,15.0,18.285714285714285,82.29999999999998,2.0,6.428571428571429,0.4814285714285714,2.7142857142857144,20.428571428571427,0.1314285714285714,13.714285714285714,2.2857142857142856,87.28571428571429
80,79,2020-12-10,5,1,2020-2021,Pato Basquete,Bauru Basket,1,71.25,18.0,39.0,14.25,36.5425,12.33375,24.21,12.915,12.29,1.05,6.001250000000001,22.25,26.557500000000005,19.5,44.12625,43.56625,14.25,20.75,68.23125,0.79125,7.4175,0.61625,1.5425,22.083750000000002,0.07500000000000001,12.29,2.5012499999999998,70.0,83.27666666666666,27.833333333333332,40.555,14.886666666666665,36.88666666666666,10.780000000000001,26.113333333333333,17.49833333333333,11.780000000000001,1.5333333333333332,9.280000000000001,24.554999999999996,37.585,20.278333333333332,38.33166666666667,52.72666666666666,14.886666666666665,19.05666666666667,78.24666666666667,1.4433333333333334,9.668333333333335,0.8249999999999998,0.8333333333333334,21.388333333333332,0.04,11.780000000000001,2.3333333333333335,98.88833333333334
104,76,2020-12-10,5,1,2020-2021,Flamengo,Paulistano,1,91.04125,40.5,34.9175,15.62375,46.75,13.5,33.25,21.25125,12.457500000000001,1.7125,13.501249999999999,37.875,35.4975,17.4575,31.667499999999997,55.2975,15.62375,20.45875,76.68125,1.165,7.62625,0.6174999999999999,2.2924999999999995,15.209999999999999,0.15000000000000002,12.457500000000001,1.70875,113.0825,74.33500000000001,25.333333333333332,37.11000000000001,11.886666666666665,41.001666666666665,11.61,29.386666666666667,17.00166666666667,11.721666666666666,1.485,8.446666666666667,25.666666666666668,32.75833333333334,18.55666666666667,38.501666666666665,48.296666666666674,11.886666666666665,14.555,81.76,1.6666666666666667,7.053333333333334,0.6183333333333333,2.111666666666667,17.72,0.125,11.721666666666666,2.0,89.94333333333333
98,91,2020-12-11,5,1,2020-2021,Mogi,UNIFACISA,1,78.66666666666667,33.0,34.0,11.666666666666666,34.666666666666664,9.0,25.666666666666668,19.833333333333332,15.833333333333334,1.2899999999999998,11.0,29.0,38.12,17.0,32.5,51.95166666666666,11.666666666666666,15.833333333333334,77.55333333333333,1.0,6.833333333333333,0.43500000000000005,1.6666666666666667,22.166666666666668,0.07333333333333332,15.833333333333334,2.1666666666666665,88.16666666666667,84.16444444444444,27.0,45.22222222222222,11.945555555555556,38.72111111111111,11.719999999999999,27.00111111111111,16.88888888888889,12.5,1.3588888888888888,8.997777777777777,25.77777777777778,34.84777777777777,22.61111111111111,43.05555555555556,52.644444444444446,11.945555555555556,16.223333333333333,73.45666666666666,0.8888888888888888,7.609999999999999,0.6144444444444443,1.6133333333333333,20.778888888888886,0.07777777777777778,12.5,1.6677777777777778,94.99888888888889
79,72,2020-12-11,5,1,2020-2021,Pinheiros,Caxias do Sul Basquete,1,70.61857142857143,23.142857142857142,36.57142857142857,10.904285714285715,35.57285714285714,10.905714285714286,24.66714285714286,16.85857142857143,15.811428571428573,1.0685714285714287,7.714285714285714,21.714285714285715,35.63857142857143,18.285714285714285,43.61714285714286,41.97571428571429,10.904285714285715,16.19,67.16714285714286,0.8557142857142858,6.477142857142857,0.4185714285714286,1.762857142857143,20.715714285714284,0.08571428571428572,15.811428571428573,2.4271428571428575,70.85857142857144,67.00285714285715,21.428571428571427,32.85857142857143,12.715714285714286,33.714285714285715,10.144285714285713,23.57,12.43142857142857,13.855714285714287,0.8999999999999998,7.145714285714286,23.427142857142858,30.292857142857144,16.427142857142858,35.42857142857144,46.307142857142864,12.715714285714286,19.57,64.22857142857143,1.1414285714285715,5.42857142857143,0.3885714285714286,1.4285714285714286,21.71142857142857,0.07285714285714286,13.855714285714287,2.142857142857143,64.0
80,104,2020-12-11,5,1,2020-2021,BRB/Brasília,São Paulo,0,79.0,32.0,27.33,19.67,38.33,14.33,24.0,13.33,17.67,0.75,10.67,35.33,30.19,13.67,29.67,46.07,19.67,26.33,74.68,1.33,6.0,0.34,2.33,19.33,0.12,17.67,4.33,74.0,96.9542857142857,39.142857142857146,43.04857142857143,14.76142857142857,37.714285714285715,9.094285714285714,28.619999999999997,18.714285714285715,10.094285714285714,1.8771428571428574,13.04857142857143,30.951428571428576,42.037142857142854,21.52285714285714,36.90428571428571,58.70857142857142,14.76142857142857,19.045714285714286,77.83428571428571,3.5714285714285716,8.617142857142856,0.8614285714285715,3.2371428571428575,16.524285714285714,0.1971428571428572,10.094285714285714,1.5257142857142856,117.57000000000001
73,90,2020-12-12,5,1,2020-2021,Bauru Basket,Flamengo,0,82.47571428571428,28.0,40.09428571428571,14.378571428571428,36.09285714285714,10.335714285714287,25.764285714285716,17.427142857142858,11.764285714285716,1.522857142857143,9.335714285714287,24.95142857142857,37.26857142857143,20.048571428571428,37.57,53.27571428571428,14.378571428571428,18.524285714285718,77.62714285714286,1.4757142857142858,9.572857142857144,0.817142857142857,0.8571428571428571,20.95142857142857,0.041428571428571426,11.764285714285716,2.4285714285714284,97.38000000000001,90.6288888888889,41.0,34.29666666666666,15.332222222222223,45.888888888888886,13.11111111111111,32.77777777777778,21.00111111111111,12.370000000000001,1.7033333333333331,13.667777777777777,37.888888888888886,35.9388888888889,17.147777777777776,31.185555555555553,55.11555555555555,15.332222222222223,19.926666666666662,77.38111111111112,1.0722222222222222,7.223333333333333,0.5866666666666666,2.185555555555555,15.261111111111111,0.14333333333333337,12.370000000000001,1.8155555555555556,111.70333333333332
75,68,2020-12-12,5,1,2020-2021,Paulistano,Pato Basquete,1,73.85857142857142,25.857142857142858,36.47571428571429,11.52142857142857,40.57285714285714,12.047142857142857,28.52142857142857,16.715714285714288,12.237142857142857,1.412857142857143,8.621428571428572,26.0,33.010000000000005,18.23857142857143,38.715714285714284,47.230000000000004,11.52142857142857,14.237142857142857,80.89142857142858,1.7142857142857142,6.807142857142857,0.58,1.9057142857142857,17.807142857142857,0.11285714285714286,12.237142857142857,2.0,87.04714285714284,71.66666666666667,18.666666666666668,38.888888888888886,14.11111111111111,36.74111111111111,12.26,24.483333333333334,13.294444444444444,12.738888888888887,1.0444444444444445,6.223333333333334,22.22222222222222,27.646666666666672,19.444444444444443,43.778888888888886,43.87444444444444,14.11111111111111,20.444444444444443,68.67444444444445,0.8511111111111112,7.518888888888889,0.6044444444444443,1.8522222222222224,21.593333333333337,0.09444444444444446,12.738888888888887,2.6677777777777774,71.66666666666667
90,93,2020-12-13,5,1,2020-2021,Sesi Franca,BRB/Brasília,0,85.3125,27.0,40.375,17.9375,40.56375,11.06375,29.5,20.24875,13.81375,1.4825,9.0,24.75125,36.0675,20.1875,39.49875,51.21,17.9375,21.5,83.44500000000001,1.93625,5.688750000000001,0.4225,2.6862500000000002,19.00125,0.14625,13.81375,1.31125,102.06125,80.875,33.75,28.9975,18.1275,38.4975,12.9975,25.5,14.9975,16.6275,0.9325,11.2525,35.6225,31.5475,14.5025,31.7525,45.737500000000004,18.1275,24.1225,75.295,0.9975,6.25,0.385,2.1225,18.7475,0.11249999999999999,16.6275,3.2475,78.5
80,77,2020-12-13,5,1,2020-2021,Pinheiros,Cerrado,1,71.9575,24.375,36.25,11.3325,36.00125,11.08375,24.917500000000004,16.87625,15.668750000000001,1.08,8.125,22.5,36.095,18.125,42.83125,42.42125000000001,11.3325,16.7075,67.5825,0.74875,6.583749999999999,0.42875,1.83375,20.75125,0.08875,15.668750000000001,2.4987500000000002,73.12625,72.5,23.25,35.74875,13.4975,35.997499999999995,11.0,25.001250000000006,14.001249999999999,12.751249999999999,1.1212499999999999,7.75125,25.251250000000006,30.702500000000004,17.87625,36.50000000000001,48.9725,13.4975,18.125,74.75875,0.99875,6.499999999999999,0.52,1.87625,20.127500000000005,0.095,12.751249999999999,1.8725,77.37625
89,109,2020-12-13,5,1,2020-2021,Caxias do Sul Basquete,São Paulo,0,68.69,21.9375,33.75125,13.00125,33.125,9.938749999999999,23.18625,12.815,14.061250000000001,0.9124999999999999,7.315,23.37375,31.126250000000002,16.87375,35.62500000000001,47.275000000000006,13.00125,19.62375,65.57499999999999,1.06125,5.625000000000001,0.39625000000000005,1.3125,21.935,0.06625,14.061250000000001,2.125,66.0625,97.04374999999999,38.5,43.833749999999995,14.7075,37.625,8.79125,28.833749999999995,19.25,9.91625,1.9737500000000003,12.83375,30.916250000000005,41.402499999999996,21.916249999999998,37.082499999999996,59.41374999999999,14.7075,18.706249999999997,79.075,3.75,8.706249999999999,0.8887500000000002,3.0412500000000007,16.4175,0.18625000000000005,9.91625,1.66875,118.49875
85,88,2020-12-14,6,1,2020-2021,Fortaleza B. C. / CFO,Mogi,0,73.0,22.125,37.998749999999994,12.87625,37.872499999999995,9.7525,28.127500000000005,14.62375,12.875000000000002,1.1337499999999998,7.376250000000001,23.75,31.178749999999994,19.00125,39.998749999999994,47.445,12.87625,18.5,68.9225,1.37625,6.375,0.495,3.4974999999999996,21.49875,0.16249999999999998,12.875000000000002,2.7525000000000004,79.49875,81.42857142857143,32.57142857142857,36.0,12.857142857142858,35.57142857142857,9.0,26.571428571428573,20.285714285714285,14.428571428571429,1.6528571428571428,10.857142857142858,28.428571428571427,38.38857142857143,18.0,34.857142857142854,51.527142857142856,12.857142857142858,17.428571428571427,77.05571428571429,1.2857142857142858,6.714285714285714,0.5157142857142858,2.0,21.714285714285715,0.09285714285714285,14.428571428571429,2.142857142857143,92.57142857142857
84,81,2020-12-15,6,1,2020-2021,Sesi Franca,Caxias do Sul Basquete,1,86.11111111111111,28.0,40.666666666666664,17.444444444444443,41.44555555555556,11.112222222222222,30.333333333333332,21.221111111111114,14.001111111111111,1.5255555555555556,9.333333333333334,25.667777777777776,36.1,20.333333333333332,39.55444444444444,51.492222222222225,17.444444444444443,20.88888888888889,83.5488888888889,1.887777777777778,6.112222222222223,0.4433333333333333,2.776666666666667,19.223333333333333,0.14888888888888888,14.001111111111111,1.3322222222222222,104.66555555555556,70.00222222222222,22.333333333333332,34.44555555555556,13.223333333333334,32.666666666666664,9.778888888888888,22.887777777777778,13.113333333333333,14.221111111111112,0.922222222222222,7.446666666666668,23.332222222222224,31.77444444444445,17.221111111111114,35.777777777777786,48.027777777777786,13.223333333333334,19.665555555555557,66.6222222222222,0.9988888888888889,5.777777777777779,0.40222222222222226,1.2222222222222223,22.108888888888888,0.061111111111111116,14.221111111111112,2.111111111111111,67.66666666666667
75,88,2020-12-15,6,1,2020-2021,VipTech CMB,Bauru Basket,0,70.00125,30.0,30.50125,9.5,37.87375,11.376249999999999,26.50125,16.0,14.751249999999999,1.1225,10.001249999999999,30.37375,33.401250000000005,15.24875,33.625,45.185,9.5,15.501249999999999,61.87750000000001,0.75,4.62375,0.325,1.99875,20.37625,0.1,14.751249999999999,2.5,71.0,81.87499999999999,28.125,39.748749999999994,13.997499999999999,35.497499999999995,10.002500000000001,25.502500000000005,17.37375,11.752500000000001,1.5150000000000001,9.377500000000001,25.248749999999994,37.03125,19.87625,36.99875,53.68749999999999,13.997499999999999,18.125000000000004,77.1625,1.5,9.50125,0.8112499999999998,0.875,20.623749999999994,0.042499999999999996,11.752500000000001,2.5,96.24875000000002
91,83,2020-12-15,6,1,2020-2021,São Paulo,Cerrado,1,97.11333333333332,38.0,44.444444444444436,14.665555555555557,37.55555555555556,8.555555555555555,28.999999999999993,19.666666666666668,9.777777777777779,2.048888888888889,12.666666666666666,30.888888888888896,40.90888888888888,22.22222222222222,37.22111111111111,59.962222222222216,14.665555555555557,18.442222222222217,80.04,3.888888888888889,8.775555555555554,0.9100000000000001,2.8888888888888897,16.334444444444443,0.17777777777777784,9.777777777777779,1.78,119.22111111111111,73.0,24.333333333333332,35.11,13.553333333333335,36.77555555555555,10.88888888888889,25.890000000000004,14.334444444444443,12.778888888888888,1.1422222222222222,8.112222222222222,25.667777777777783,31.505555555555556,17.556666666666665,36.22222222222223,48.43333333333333,13.553333333333335,18.555555555555557,73.52333333333334,0.9988888888888889,6.444444444444444,0.5133333333333333,2.001111111111111,20.002222222222226,0.10222222222222223,12.778888888888888,1.8866666666666667,78.55666666666667
74,80,2020-12-16,6,1,2020-2021,Mogi,Minas,0,81.375,32.8125,35.375,13.1875,35.4375,9.0,26.4375,20.5,14.5625,1.62375,10.9375,28.3125,38.8175,17.6875,34.625,50.957499999999996,13.1875,17.5625,77.89625,1.25,6.6875,0.50375,2.0,21.5625,0.09374999999999999,14.5625,2.3125,92.75,90.00124999999998,30.0,43.24999999999999,16.7475,40.625,10.873750000000001,29.75125,20.87375,14.3725,1.455,10.0,26.002500000000005,38.74375,21.625,39.00000000000001,55.4675,16.7475,21.625,75.38625,1.49875,7.625000000000001,0.52875,2.4987500000000002,22.127500000000005,0.115,14.3725,2.9987499999999994,109.0
103,101,2020-12-17,6,1,2020-2021,Paulistano,VipTech CMB,1,73.50125,26.25,36.00000000000001,11.247499999999999,40.25125,12.375,27.872499999999995,16.50125,12.62375,1.3587500000000001,8.752500000000001,26.25,33.198750000000004,18.0,38.87625,46.43,11.247499999999999,13.99875,80.24000000000001,1.75,6.6225,0.5512499999999999,1.75125,17.8725,0.10375000000000001,12.62375,2.0,84.87499999999999,72.29777777777777,30.444444444444443,31.853333333333335,10.0,38.11,11.593333333333332,26.52,16.666666666666668,14.297777777777775,1.2266666666666668,10.148888888888887,30.221111111111114,34.032222222222224,15.924444444444443,34.63,45.72,10.0,15.889999999999999,63.1888888888889,0.7777777777777778,4.702222222222222,0.34444444444444444,1.9622222222222223,20.297777777777778,0.09777777777777778,14.297777777777775,2.4444444444444446,74.77777777777777
74,103,2020-12-18,6,1,2020-2021,BRB/Brasília,Flamengo,0,82.0,34.8,29.998,17.202,38.598,12.198,26.4,15.998000000000001,16.002000000000002,1.042,11.602,35.798,32.362,15.001999999999999,33.001999999999995,45.538000000000004,17.202,22.798,75.664,0.798,6.4,0.41200000000000003,1.998,18.398,0.10799999999999998,16.002000000000002,2.598,81.2,90.299,41.4,33.8,15.099,45.2,12.8,32.4,20.801,12.3,1.6959999999999997,13.800999999999998,37.9,36.29200000000001,16.9,30.799999999999994,54.96999999999999,15.099,19.500999999999998,77.941,0.998,6.900999999999999,0.5619999999999999,2.099999999999999,15.301999999999998,0.13800000000000004,12.3,1.9009999999999998,110.6
92,85,2020-12-19,6,1,2020-2021,UNIFACISA,Sesi Franca,1,84.998,27.9,45.4,11.701,38.898999999999994,11.498,27.401,16.7,12.4,1.353,9.297999999999998,25.9,35.806999999999995,22.7,43.0,52.909000000000006,11.701,15.901,73.41900000000001,1.0,7.398999999999999,0.601,1.702,20.801,0.08199999999999999,12.4,1.7009999999999998,96.199,85.95,28.35,40.1,17.5,40.400999999999996,11.001000000000001,29.4,21.149,13.700999999999999,1.559,9.45,25.901,36.24,20.05,38.999,51.489999999999995,17.5,21.25,82.54100000000001,1.8990000000000002,6.101000000000001,0.454,2.749,19.451,0.146,13.700999999999999,1.349,103.499
96,92,2020-12-19,6,1,2020-2021,Minas,São Paulo,1,89.77888888888887,30.0,42.888888888888886,16.886666666666667,40.27777777777778,11.165555555555557,29.112222222222222,20.721111111111114,13.942222222222222,1.5,10.0,26.168888888888894,38.47888888888889,21.444444444444443,38.94444444444445,55.07666666666667,16.886666666666667,21.72222222222222,75.89888888888889,1.61,7.444444444444445,0.5333333333333334,2.387777777777778,22.057777777777783,0.11,13.942222222222222,2.887777777777777,108.16666666666667,96.55199999999999,37.8,43.8,14.949000000000002,37.1,8.6,28.499999999999993,19.15,9.9,1.9760000000000002,12.6,30.300000000000004,41.617999999999995,21.9,36.898999999999994,59.553999999999995,14.949000000000002,18.547999999999995,81.01,3.75,8.398,0.8640000000000001,2.8000000000000007,16.551,0.17100000000000007,9.9,1.8519999999999999,117.799
79,62,2020-12-19,6,1,2020-2021,Fortaleza B. C. / CFO,Pinheiros,1,74.0,21.666666666666668,39.332222222222214,13.001111111111111,37.331111111111106,9.39111111111111,27.946666666666673,14.99888888888889,13.055555555555557,1.1455555555555554,7.223333333333334,23.666666666666668,30.613333333333326,19.667777777777776,40.276666666666664,48.708888888888886,13.001111111111111,18.444444444444443,69.90666666666667,1.3344444444444443,7.222222222222222,0.5477777777777777,3.4977777777777774,21.276666666666667,0.16444444444444442,13.055555555555557,2.724444444444445,81.49888888888889,72.99888888888889,25.333333333333332,36.0,11.665555555555555,36.33444444444444,11.222222222222221,25.11222222222223,16.89,15.55777777777778,1.088888888888889,8.444444444444445,23.11111111111111,36.45,18.0,42.22,42.76777777777779,11.665555555555555,17.11,67.90555555555555,0.6655555555555556,6.666666666666666,0.4366666666666667,1.8888888888888888,20.778888888888886,0.0911111111111111,15.55777777777778,2.5544444444444445,74.89
98,104,2020-12-20,6,1,2020-2021,BRB/Brasília,Pato Basquete,0,82.66666666666667,35.5,30.831666666666667,16.335,38.998333333333335,12.248333333333335,26.75,16.665000000000003,16.50166666666667,1.0433333333333332,11.834999999999999,35.748333333333335,33.071666666666665,15.418333333333331,33.41833333333333,46.165,16.335,22.248333333333335,73.31,0.665,6.416666666666667,0.39999999999999997,1.9983333333333333,18.915,0.10499999999999998,16.50166666666667,2.4983333333333335,82.41666666666667,72.0,19.2,38.8,14.0,36.89999999999999,12.201,24.702000000000005,13.597999999999999,13.097999999999999,1.04,6.401000000000001,22.2,28.518000000000008,19.4,43.501,44.121,14.0,20.2,69.02900000000001,0.899,7.6,0.595,2.1,21.201000000000004,0.11000000000000001,13.097999999999999,2.8009999999999997,73.0
67,87,2020-12-20,6,1,2020-2021,Cerrado,Flamengo,0,73.2,24.6,35.599000000000004,12.998000000000001,36.397999999999996,10.85,25.551000000000005,14.401,12.501,1.178,8.200999999999999,25.251000000000005,32.541000000000004,17.801,36.7,48.467999999999996,12.998000000000001,18.25,71.33200000000001,0.999,6.1499999999999995,0.497,1.9009999999999998,19.852000000000004,0.097,12.501,1.998,78.351,90.799,41.95,34.333,14.516,44.7,12.65,32.05,21.184,12.067,1.765,13.984,38.3,36.426,17.166999999999998,30.633,56.149,14.516,18.650999999999996,78.081,1.0150000000000001,7.134,0.594,1.9329999999999998,15.285,0.12700000000000006,12.067,2.151,111.76699999999998
76,96,2020-12-20,6,1,2020-2021,Caxias do Sul Basquete,VipTech CMB,0,70.852,21.6,35.900999999999996,13.350999999999999,32.8,9.751,23.049,13.251999999999999,14.349,0.9239999999999998,7.202000000000001,23.349,30.725,17.949,35.75000000000001,50.126000000000005,13.350999999999999,19.649,67.39599999999999,1.099,5.750000000000001,0.3970000000000001,1.25,22.198,0.06200000000000001,14.349,2.3,69.3,74.13499999999999,30.8,32.935,10.4,38.299,11.767,26.535000000000004,17.2,13.934999999999997,1.31,10.267,30.099,34.537,16.464999999999996,35.434000000000005,46.148,10.4,16.201,64.23800000000001,0.8,4.765,0.36,1.9329999999999998,20.235000000000003,0.096,13.934999999999997,2.4,77.8
76,84,2020-12-21,7,1,2020-2021,Pinheiros,Minas,0,71.899,24.9,35.4,11.599,37.400999999999996,11.6,25.801000000000005,16.901,16.502000000000002,1.048,8.3,23.6,35.305,17.7,41.69799999999999,42.54500000000001,11.599,17.499000000000002,66.353,0.599,6.8,0.425,2.1,20.500999999999998,0.10400000000000001,16.502000000000002,2.499,73.401,89.60099999999998,30.0,42.599999999999994,16.997999999999998,40.0,11.399000000000001,28.601,20.599,13.598000000000003,1.536,10.0,26.302000000000003,38.267,21.3,38.900000000000006,54.763999999999996,16.997999999999998,21.8,76.309,1.6990000000000003,7.3,0.5370000000000001,2.2990000000000004,22.002000000000002,0.10600000000000001,13.598000000000003,2.7989999999999995,107.5
98,81,2020-12-21,7,1,2020-2021,Sesi Franca,Fortaleza B. C. / CFO,1,86.1,29.25,39.5,17.35,39.601,10.901,28.7,21.149,13.550999999999998,1.5810000000000002,9.75,26.601,36.419,19.75,38.349000000000004,51.575,17.35,21.35,81.59,1.6490000000000002,6.201,0.469,2.849,19.451,0.15100000000000002,13.550999999999998,1.449,102.899,74.8,21.3,40.398999999999994,13.100999999999999,36.897999999999996,9.102,27.802000000000003,15.299000000000001,13.2,1.1549999999999998,7.101000000000001,23.6,30.16099999999999,20.201,40.498999999999995,49.72,13.100999999999999,18.4,70.69399999999999,1.301,7.9,0.59,3.4979999999999998,21.099,0.16599999999999998,13.2,2.7020000000000004,83.099
77,65,2020-12-21,7,1,2020-2021,São Paulo,UNIFACISA,1,95.00199999999998,36.6,42.99999999999999,15.399000000000001,36.2,8.9,27.299999999999994,18.3,10.0,1.8780000000000001,12.2,29.500000000000007,41.56999999999999,21.5,37.199,57.723,15.399000000000001,18.897999999999996,81.85900000000001,3.5,7.998,0.8190000000000002,2.7000000000000006,16.801,0.16300000000000006,10.0,2.002,113.699,85.948,28.65,44.8,12.501000000000001,39.349,11.447999999999999,27.901,16.55,12.65,1.315,9.547999999999998,26.3,36.166999999999994,22.4,42.099999999999994,53.364,12.501000000000001,16.801,73.91900000000001,1.0,7.348999999999999,0.5840000000000002,1.702,20.701,0.082,12.65,1.8509999999999998,97.499
79,68,2020-12-22,7,1,2020-2021,Pato Basquete,Cerrado,1,76.25,19.5,42.2,14.55,38.599999999999994,12.451,26.152000000000005,14.697999999999999,13.547999999999998,1.082,6.5009999999999994,22.6,28.506000000000007,21.1,44.601,46.99600000000001,14.55,20.95,69.27400000000002,0.999,8.15,0.6129999999999999,2.25,21.801000000000005,0.11400000000000002,13.547999999999998,2.751,80.4,73.333,24.7,36.065999999999995,12.565,36.364999999999995,10.667,25.701,14.634,12.134,1.2349999999999999,8.234,24.801,33.394000000000005,18.034,37.067,48.614,12.565,18.232999999999997,68.62100000000001,1.066,5.833,0.483,1.734,19.835,0.08800000000000001,12.134,2.065,78.501
94,78,2020-12-22,7,1,2020-2021,VipTech CMB,BRB/Brasília,1,76.43499999999999,31.9,33.735,10.8,38.266,11.633,26.635,17.7,13.535,1.4,10.633,29.965999999999998,35.91799999999999,16.865,36.301,46.05,10.8,16.534,65.223,0.9,5.0649999999999995,0.394,1.8670000000000002,20.235000000000003,0.092,13.535,2.4,81.3,83.14285714285714,36.0,31.427142857142858,15.715714285714286,39.284285714285716,12.284285714285716,27.0,17.141428571428573,16.85857142857143,1.0442857142857143,12.001428571428571,35.712857142857146,33.57857142857143,15.715714285714284,33.715714285714284,46.612857142857145,15.715714285714286,21.85571428571429,71.62857142857143,0.5700000000000001,6.428571428571429,0.3914285714285714,1.9985714285714287,19.284285714285716,0.10285714285714284,16.85857142857143,2.4271428571428575,83.28571428571429
80,76,2020-12-22,7,1,2020-2021,Flamengo,Caxias do Sul Basquete,1,91.299,42.5,34.866,13.932999999999998,44.2,12.5,31.7,21.567,11.834,1.834,14.167000000000002,38.7,36.56,17.434,30.465999999999998,57.327999999999996,13.932999999999998,17.801,78.221,1.032,7.367,0.626,1.766,15.268,0.11600000000000002,11.834,2.401,112.93399999999997,72.035,20.8,37.334,13.901,32.7,9.734,22.966,13.235000000000003,14.565999999999999,0.9079999999999998,6.935,23.366,29.566999999999997,18.666,35.667,52.25600000000001,13.901,20.099,68.832,1.199,5.767,0.39200000000000007,1.167,22.564999999999998,0.05700000000000001,14.565999999999999,2.533,70.7
72,84,2020-12-23,7,1,2020-2021,UNIFACISA,Pinheiros,0,84.548,27.9,44.099999999999994,12.550999999999998,38.898999999999994,11.048,27.851,16.4,12.9,1.2770000000000004,9.297999999999998,26.2,35.391,22.05,41.39999999999999,53.36400000000001,12.550999999999998,16.701,74.75200000000001,1.05,7.249,0.5640000000000002,1.652,20.551,0.07900000000000001,12.9,1.751,95.449,73.899,26.7,35.2,11.998999999999999,37.201,11.2,26.001000000000005,17.201,16.552,1.066,8.9,23.95,37.54900000000001,17.6,40.69799999999999,43.282,11.998999999999999,17.999000000000002,66.433,0.549,6.75,0.41900000000000004,2.2,20.201,0.11000000000000001,16.552,2.6990000000000003,76.551
89,82,2020-12-23,7,1,2020-2021,Minas,Sesi Franca,1,90.451,31.2,41.333,17.915,39.95,11.565999999999999,28.384000000000004,20.549,13.814999999999998,1.515,10.4,26.585,39.345,20.667,38.367000000000004,53.684000000000005,17.915,22.183,79.62100000000001,1.516,7.117,0.518,2.349,21.935000000000002,0.10899999999999999,13.814999999999998,2.7990000000000004,108.45,86.8,31.35,39.0,16.45,38.501,10.200999999999999,28.3,21.049,13.600999999999999,1.5670000000000002,10.45,27.901,37.113,19.5,36.949,53.30500000000001,16.45,20.3,81.369,1.299,6.201,0.46699999999999997,2.899,19.101,0.155,13.600999999999999,1.549,103.099
92,85,2020-12-23,7,1,2020-2021,Fortaleza B. C. / CFO,São Paulo,1,76.15,22.65,39.998999999999995,13.501,36.214999999999996,8.685,27.535000000000004,14.815999999999999,12.917000000000002,1.1460000000000001,7.551,23.933,31.462,20.000999999999998,40.04899999999999,49.803000000000004,13.501,18.7,71.805,1.384,8.15,0.626,3.315,20.449,0.16099999999999998,12.917000000000002,2.535,84.099,93.035,35.8,41.933,15.299000000000001,36.45,8.967,27.482999999999997,18.35,10.167,1.859,11.933,29.367,40.875,20.967000000000002,36.449,57.355000000000004,15.299000000000001,18.714999999999996,82.147,3.3,7.864999999999999,0.796,2.7670000000000003,16.750999999999998,0.16700000000000007,10.167,2.035,111.96599999999998
87,56,2020-12-28,7,1,2020-2021,Flamengo,Mogi,1,90.649,42.15,34.599,13.9,43.9,12.4,31.5,21.35,11.301,1.9150000000000003,14.05,38.0,36.94,17.301,30.698999999999995,56.553,13.9,17.801,78.077,0.999,7.1,0.626,1.6490000000000002,15.501,0.10700000000000001,11.301,2.351,112.10099999999997,81.33333333333333,33.0,34.888888888888886,13.444444444444445,35.333333333333336,9.0,26.333333333333332,20.666666666666668,14.666666666666666,1.6011111111111112,11.0,28.22222222222222,39.15111111111111,17.444444444444443,34.44444444444444,50.51444444444444,13.444444444444445,17.666666666666668,78.55,1.2222222222222223,6.666666666666667,0.49444444444444446,2.0,21.444444444444443,0.09444444444444443,14.666666666666666,2.4444444444444446,92.88888888888889
87,85,2020-12-28,8,1,2020-2021,Paulistano,Sesi Franca,1,76.77888888888889,28.0,37.33333333333334,11.44222222222222,41.44555555555556,13.0,28.442222222222217,17.00111111111111,12.33222222222222,1.4411111111111112,9.335555555555556,28.0,33.21333333333334,18.666666666666668,39.33444444444444,47.47222222222222,11.44222222222222,14.776666666666667,78.20222222222223,1.7777777777777777,6.553333333333333,0.5566666666666665,2.001111111111111,18.22,0.11333333333333334,12.33222222222222,2.111111111111111,88.77777777777777,86.6,32.4,38.6,15.6,37.834,9.534,28.3,21.066,13.634,1.5639999999999998,10.8,28.734,37.092,19.3,35.866,54.74000000000001,15.6,19.4,80.81,1.266,6.034000000000001,0.45199999999999996,2.766,19.234,0.14600000000000005,13.634,1.466,102.366
79,68,2020-12-28,8,1,2020-2021,Bauru Basket,São Paulo,1,82.55555555555554,29.0,39.998888888888885,13.553333333333333,35.22,9.66888888888889,25.557777777777783,17.332222222222224,11.446666666666667,1.5566666666666669,9.66888888888889,26.109999999999996,36.95666666666667,20.00111111111111,36.443333333333335,55.014444444444436,13.553333333333333,17.66666666666667,76.52555555555556,1.4444444444444444,9.223333333333334,0.8077777777777776,0.8888888888888888,20.443333333333328,0.04333333333333333,11.446666666666667,2.4444444444444446,96.77666666666669,91.06800000000001,35.0,40.866,15.199000000000002,36.7,9.034,27.665999999999997,18.4,10.334,1.8400000000000003,11.666,29.234,40.18000000000001,20.434,35.699,56.987,15.199000000000002,18.532,82.435,3.1,7.731999999999999,0.773,2.8340000000000005,16.701,0.171,10.334,2.068,110.23299999999999
74,68,2020-12-29,8,1,2020-2021,Mogi,Pinheiros,1,78.8,31.8,33.8,13.2,36.2,9.9,26.3,19.8,14.1,1.574,10.6,27.9,38.036,16.9,35.2,48.32,13.2,17.8,76.484,1.1,6.4,0.48900000000000005,2.1,21.1,0.10199999999999998,14.1,2.4,89.0,74.399,27.0,34.8,12.599,37.234,11.033,26.201,17.034,16.235000000000003,1.08,9.0,24.5,37.011,17.4,39.964999999999996,43.58,12.599,18.699,66.827,0.466,7.133,0.454,2.3329999999999997,20.134,0.11700000000000002,16.235000000000003,2.566,77.73400000000001
83,69,2020-12-29,8,1,2020-2021,Corinthians,Flamengo,1,78.375,33.0,31.25,14.125,33.125,8.375,24.75,16.875,13.75,1.2462499999999999,11.0,29.75,36.768750000000004,15.625,32.125,48.845,14.125,17.375,81.10374999999999,1.75,6.625,0.49249999999999994,2.625,19.875,0.13124999999999998,13.75,2.25,85.375,89.849,41.55,34.599000000000004,13.7,43.75,12.5,31.25,21.05,10.801,1.9860000000000002,13.85,37.4,36.989999999999995,17.301,31.199,55.696000000000005,13.7,17.951,76.66199999999999,0.999,6.55,0.603,1.449,15.800999999999998,0.092,10.801,2.151,110.151
82,89,2020-12-30,8,1,2020-2021,Sesi Franca,Bauru Basket,0,85.75,31.2,39.3,15.25,37.567,8.967,28.6,21.032999999999998,13.617,1.563,10.4,28.017000000000003,36.589999999999996,19.65,36.433,54.848,15.25,19.15,80.123,1.233,5.817,0.43499999999999994,2.7329999999999997,19.667,0.14000000000000004,13.617,1.383,100.98299999999999,82.69999999999999,29.7,39.29899999999999,13.697999999999999,35.397999999999996,9.452000000000002,25.952000000000005,17.299,11.702000000000002,1.5220000000000002,9.902000000000001,26.848999999999997,36.843,19.651,35.649,55.302,13.697999999999999,17.700000000000003,77.206,1.4,9.001000000000001,0.7769999999999999,1.0,20.298999999999996,0.049999999999999996,11.702000000000002,2.5,96.74900000000001
78,64,2020-12-30,8,1,2020-2021,São Paulo,Paulistano,1,88.301,33.0,40.399,14.899000000000001,37.35,9.351,27.999000000000002,18.1,10.701,1.7750000000000004,10.998999999999999,28.901,38.318000000000005,20.201,35.649,56.43999999999998,14.899000000000001,18.449,81.253,2.95,7.749,0.7530000000000001,2.9509999999999996,16.351,0.183,10.701,2.2009999999999996,106.85,76.651,28.95,36.60000000000001,11.097999999999999,41.201,13.0,28.197999999999997,16.901,12.549,1.407,9.652000000000001,29.0,33.181,18.3,38.851,47.073,11.097999999999999,14.449000000000002,77.33900000000001,1.7,6.697999999999999,0.5559999999999998,1.9009999999999998,18.148,0.10800000000000001,12.549,2.15,87.54999999999998
92,86,2021-01-04,9,1,2020-2021,VipTech CMB,Mogi,1,79.068,32.9,35.668000000000006,10.5,38.333,11.666,26.668000000000006,18.2,13.268,1.467,10.966,30.133,36.82899999999999,17.832,37.301,47.08800000000001,10.5,16.167,64.67300000000002,1.3,6.031999999999999,0.4779999999999999,1.634,20.168,0.07999999999999999,13.268,2.3,85.7,77.7,31.2,33.4,13.1,37.8,10.0,27.8,19.4,14.5,1.528,10.4,28.3,36.716,16.7,34.9,48.284,13.1,17.4,77.23899999999999,1.3,6.4,0.48,2.3,20.1,0.123,14.5,2.6,88.7
75,80,2021-01-04,9,1,2020-2021,Pato Basquete,Corinthians,0,78.0,20.7,42.8,14.5,38.99999999999999,12.001000000000001,27.002000000000002,14.798000000000002,13.498,1.095,6.900999999999999,22.4,30.313000000000006,21.4,44.201,48.406,14.5,20.6,70.00500000000002,0.999,8.7,0.6649999999999999,2.4,21.701000000000004,0.121,13.498,2.8009999999999997,85.0,78.88888888888889,31.666666666666668,33.55555555555556,13.666666666666666,33.333333333333336,7.888888888888889,25.444444444444443,17.0,13.555555555555555,1.2744444444444443,10.555555555555555,28.88888888888889,36.21888888888889,16.77777777777778,33.77777777777778,49.56444444444444,13.666666666666666,16.77777777777778,81.35111111111111,1.6666666666666667,7.111111111111111,0.5399999999999999,2.6666666666666665,20.77777777777778,0.1288888888888889,13.555555555555555,2.0,87.0
75,85,2021-01-05,9,1,2020-2021,Bauru Basket,Minas,0,82.1,30.0,38.79899999999999,13.298000000000002,35.598,8.902,26.702000000000005,17.499000000000002,11.501999999999999,1.5490000000000002,10.001999999999999,27.699,36.025,19.401,34.799,55.955999999999996,13.298000000000002,17.2,77.27799999999999,1.4,8.501,0.752,1.1,19.799,0.056999999999999995,11.501999999999999,2.4,96.299,91.301,32.4,40.065999999999995,18.832,39.9,11.733,28.167,20.499000000000002,14.032,1.4940000000000002,10.8,26.868000000000002,40.422999999999995,20.034,37.834,52.604,18.832,22.566,82.933,1.333,6.934,0.49899999999999994,2.399,21.868000000000002,0.11200000000000002,14.032,2.7990000000000004,109.4
78,73,2021-01-05,9,1,2020-2021,Paulistano,Fortaleza B. C. / CFO,1,76.901,29.4,36.800000000000004,10.698,40.501,12.8,27.697999999999997,16.801,12.999,1.347,9.802000000000001,30.0,32.541000000000004,18.4,38.501,47.737,10.698,14.199000000000002,75.725,1.8,6.897999999999999,0.5509999999999999,1.8009999999999997,18.198,0.10200000000000002,12.999,2.1,86.1,77.5,24.0,39.599,13.901,35.532,8.268,27.268,14.332999999999998,12.634,1.137,8.001000000000001,24.266,32.763,19.801,39.599,49.886,13.901,19.0,72.916,1.467,8.4,0.6619999999999999,3.132,19.799,0.156,12.634,2.368,85.099
97,85,2021-01-06,9,1,2020-2021,Cerrado,BRB/Brasília,1,72.76599999999999,24.2,36.333,12.232,36.832,10.734,26.101,14.967000000000002,12.367,1.242,8.067,24.500999999999998,33.104,18.167,37.334,48.63199999999999,12.232,18.166,66.749,1.233,5.6659999999999995,0.46499999999999997,1.6670000000000003,20.268,0.083,12.367,1.832,78.001,82.5,36.0,31.49875,15.00125,38.37375,11.623750000000001,26.75,16.99875,16.87625,1.03125,12.001249999999999,35.12375,34.22,15.751249999999999,32.87625,48.19375,15.00125,21.24875,70.0275,0.49875,6.375,0.38625,1.87375,18.99875,0.09749999999999998,16.87625,2.3737500000000002,82.75
78,63,2021-01-06,9,1,2020-2021,Mogi,Pato Basquete,1,78.5,30.3,34.25,13.95,38.2,9.8,28.4,19.475,14.025,1.567,10.1,27.85,36.238,17.125,35.225,48.967,13.95,18.475,76.72699999999999,1.15,6.325,0.488,2.525,19.975,0.13399999999999998,14.025,2.45,90.625,77.267,20.6,42.267,14.4,38.166,11.501000000000001,26.668,14.831999999999997,13.597999999999999,1.089,6.867,22.267000000000003,30.348000000000003,21.133,43.667,48.322,14.4,20.833,68.76700000000001,0.966,8.766,0.667,2.4,21.433999999999997,0.12200000000000003,13.597999999999999,2.7670000000000003,83.467
96,72,2021-01-06,9,1,2020-2021,Corinthians,VipTech CMB,1,79.333,31.2,34.267,13.866999999999999,34.132999999999996,8.033,26.1,16.833000000000002,13.6,1.257,10.4,28.633,36.015,17.133,33.767,50.647999999999996,13.866999999999999,17.1,81.049,1.567,6.633,0.5029999999999999,2.6,20.767000000000003,0.126,13.6,1.9329999999999998,87.833,79.96799999999999,32.6,37.001000000000005,10.367,38.233,11.632,26.601000000000006,17.967,12.734,1.5080000000000002,10.866,29.6,36.969,18.499000000000002,38.934000000000005,46.758,10.367,16.333,63.290000000000006,1.433,6.566,0.544,1.501,20.201,0.073,12.734,2.2670000000000003,86.36699999999999
71,60,2021-01-07,9,1,2020-2021,Fortaleza B. C. / CFO,Bauru Basket,1,77.4,24.6,39.199,13.600999999999999,35.849000000000004,8.201,27.651,13.6,12.401,1.0989999999999998,8.201,24.849,32.856,19.601,39.399,49.636,13.600999999999999,18.5,73.249,1.4,8.35,0.667,3.149,19.199,0.163,12.401,2.351,84.599,81.23400000000001,29.8,37.998999999999995,13.431999999999999,35.464999999999996,8.668000000000001,26.802000000000003,17.232999999999997,11.435,1.5340000000000003,9.934999999999999,28.066000000000003,35.317,19.000999999999998,34.599,55.233999999999995,13.431999999999999,17.532999999999998,76.62500000000001,1.434,8.434000000000001,0.751,1.2,19.499000000000002,0.063,11.435,2.367,94.299
70,63,2021-01-07,9,1,2020-2021,Minas,Paulistano,1,91.251,32.85,39.29899999999999,19.099,40.0,11.55,28.45,20.349,13.999,1.486,10.95,26.901,40.974,19.651,37.201,52.507999999999996,19.099,22.599,84.38000000000001,1.15,6.651000000000001,0.47999999999999987,2.2990000000000004,21.801,0.10700000000000001,13.999,2.649,109.55,76.101,29.9,35.867000000000004,10.331999999999999,40.967,13.134,27.832,16.834,13.132,1.3329999999999997,9.968,31.032999999999998,32.065000000000005,17.933,37.801,47.467,10.331999999999999,13.999,74.27199999999999,1.6670000000000003,6.765000000000001,0.533,1.734,18.031999999999996,0.1,13.132,2.2329999999999997,84.667
77,92,2021-01-08,9,1,2020-2021,Pato Basquete,Caxias do Sul Basquete,0,76.53399999999999,20.5,41.734,14.3,37.331999999999994,11.001000000000001,26.333999999999996,14.865999999999996,13.697999999999999,1.083,6.833,22.134000000000004,30.383,20.865999999999996,43.132999999999996,48.23800000000001,14.3,21.065999999999995,67.529,0.933,8.831999999999999,0.6689999999999999,2.4,21.166999999999994,0.12300000000000003,13.697999999999999,2.7329999999999997,81.934,72.968,21.5,37.267,14.200999999999999,33.5,10.167,23.333,13.068000000000001,14.532999999999998,0.8979999999999999,7.168000000000001,24.232999999999997,29.406,18.633,35.534000000000006,52.342000000000006,14.200999999999999,20.299,69.89099999999999,1.099,5.8340000000000005,0.398,1.034,23.131999999999998,0.049,14.532999999999998,2.966,71.8
66,74,2021-01-08,9,1,2020-2021,VipTech CMB,Cerrado,0,80.585,30.7,39.401,10.484,38.815999999999995,12.165,26.651000000000003,17.784,12.067,1.562,10.233,29.25,35.075,19.699,40.567,47.997,10.484,16.915999999999997,61.76800000000001,1.416,6.733,0.5880000000000001,1.301,20.101,0.06400000000000002,12.067,2.0840000000000005,86.83399999999999,73.466,23.7,37.2,12.565999999999999,37.432,10.668000000000001,26.768,15.5,12.6,1.262,7.9,23.968,33.158,18.6,37.768,49.18,12.565999999999999,18.866000000000003,65.789,1.4,5.965999999999999,0.476,1.6,20.568,0.078,12.6,1.8990000000000002,79.834
86,90,2021-01-08,9,1,2020-2021,BRB/Brasília,Mogi,0,82.83333333333333,34.833333333333336,32.66555555555556,15.334444444444443,37.88777777777778,11.554444444444446,26.333333333333332,17.221111111111114,16.39,1.0855555555555556,11.612222222222222,34.05444444444444,34.121111111111105,16.334444444444443,33.89,48.394444444444446,15.334444444444443,21.443333333333335,70.94222222222223,0.49888888888888894,6.555555555555555,0.41444444444444445,1.721111111111111,19.332222222222224,0.08888888888888886,16.39,2.276666666666667,83.72222222222223,79.3,29.4,35.1,14.8,38.6,9.6,29.0,19.55,13.55,1.6059999999999999,9.8,27.4,35.76,17.55,35.55,49.64999999999999,14.8,19.55,76.215,1.0,6.25,0.4959999999999999,2.75,19.85,0.145,13.55,2.3,92.55
89,75,2021-01-09,9,1,2020-2021,Bauru Basket,UNIFACISA,1,80.368,29.6,37.199,13.565999999999999,35.332,8.434000000000001,26.902000000000005,16.966999999999995,11.368,1.5190000000000001,9.868,28.433000000000003,34.608999999999995,18.601,34.398999999999994,54.512,13.565999999999999,17.866,75.97200000000001,1.468,8.367,0.75,1.3,19.199,0.06899999999999999,11.368,2.3340000000000005,92.299,83.265,27.8,43.132999999999996,12.334,38.299,10.765,27.534000000000002,16.232999999999997,13.067000000000002,1.2480000000000002,9.265,26.6,34.834999999999994,21.567,40.333,53.473,12.334,16.234,75.627,1.067,7.199,0.553,1.535,20.634,0.07300000000000001,13.067000000000002,1.8009999999999997,93.466
68,46,2021-01-09,9,1,2020-2021,Paulistano,Pinheiros,1,75.301,30.4,34.934000000000005,9.966,41.433,13.468,27.966,16.867,13.265,1.3189999999999997,10.134,32.065999999999995,31.589,17.466,37.101000000000006,47.197,9.966,13.799000000000001,72.819,1.534,6.632,0.515,1.6670000000000003,17.865999999999996,0.098,13.265,2.3659999999999997,83.23400000000001,73.699,26.7,35.0,11.998999999999999,37.567,10.866,26.701,17.067,16.068,1.095,8.9,25.6,35.132999999999996,17.5,39.532,44.263,11.998999999999999,18.199,64.494,0.333,7.465999999999999,0.479,2.466,19.967000000000002,0.12500000000000003,16.068,2.633,77.26700000000001
87,92,2021-01-10,9,1,2020-2021,Caxias do Sul Basquete,Mogi,0,75.251,22.95,37.7,14.600999999999999,33.7,10.05,23.65,13.651,14.65,0.9289999999999999,7.650999999999999,24.75,30.506,18.85,35.650999999999996,52.771,14.600999999999999,20.649,70.91799999999999,1.199,5.901,0.3990000000000001,0.8009999999999999,23.499000000000002,0.037,14.65,3.1990000000000003,74.7,79.55,28.35,36.05,15.15,39.3,9.9,29.4,19.375,13.675,1.58,9.45,27.45,34.45399999999999,18.025,36.275,49.866,15.15,19.925,76.46199999999999,1.05,6.325,0.497,2.925,19.775,0.15399999999999997,13.675,2.35,92.775
71,74,2021-01-10,9,1,2020-2021,Cerrado,Corinthians,0,74.43299999999999,23.55,38.3,12.583,38.015,10.885000000000002,27.135,15.55,13.1,1.216,7.85,23.685000000000002,33.354,19.15,38.585,49.535000000000004,12.583,19.133000000000003,64.951,1.4,6.133000000000001,0.46299999999999997,1.75,20.585,0.085,13.1,1.999,80.96700000000001,79.16600000000001,29.4,35.534000000000006,14.234,35.366,8.216,27.15,16.466,13.6,1.2309999999999999,9.8,28.065999999999995,34.745000000000005,17.766,33.934000000000005,52.313,14.234,17.7,80.311,1.534,6.266,0.477,2.55,20.684000000000005,0.124,13.6,1.8659999999999997,88.316
89,77,2021-01-11,10,1,2020-2021,UNIFACISA,Paulistano,1,82.63199999999999,27.4,44.065999999999995,11.167,37.799,10.132,27.667,16.166,13.234,1.2260000000000002,9.132,26.7,34.179,22.034,39.965999999999994,55.011,11.167,14.967000000000002,72.45500000000001,1.134,6.899000000000001,0.524,1.3679999999999999,20.767000000000003,0.06500000000000002,13.234,2.101,92.333,74.50099999999999,30.9,34.001,9.6,41.898999999999994,13.802000000000001,28.100000000000005,16.9,13.398,1.3049999999999997,10.3,33.099,31.113,16.999000000000002,36.401,46.92700000000001,9.6,13.599,71.366,1.401,6.4990000000000006,0.49700000000000005,1.6,17.699999999999996,0.096,13.398,2.4989999999999997,81.801
89,92,2021-01-11,10,1,2020-2021,Pinheiros,Bauru Basket,0,70.799,26.4,32.8,11.599,37.2,10.299,26.901,16.2,16.000999999999998,1.046,8.8,26.1,33.839,16.4,38.099000000000004,42.75899999999999,11.599,17.699,64.161,0.2,7.2989999999999995,0.47000000000000003,2.499,19.3,0.12900000000000003,16.000999999999998,2.4,72.9,79.50199999999998,29.4,36.399,13.7,35.199,8.2,27.002000000000002,16.700999999999997,11.301,1.504,9.801,28.800000000000004,33.900999999999996,18.201,34.199,53.79,13.7,18.199,75.319,1.502,8.3,0.7489999999999999,1.4,18.899,0.075,11.301,2.3010000000000006,90.299
77,83,2021-01-12,10,1,2020-2021,Corinthians,Caxias do Sul Basquete,0,78.99900000000001,27.6,36.801,14.600999999999999,36.599,8.399,28.2,16.099000000000004,13.6,1.2049999999999998,9.2,27.498999999999995,33.475,18.398999999999994,34.101000000000006,53.977999999999994,14.600999999999999,18.3,79.57300000000001,1.501,5.898999999999999,0.45099999999999996,2.5,20.601000000000006,0.12200000000000003,13.6,1.7990000000000002,88.799,77.901,25.5,38.0,14.401,33.9,9.7,24.2,14.300999999999998,14.6,0.977,8.501,26.0,32.392,19.0,35.601,53.233999999999995,14.401,20.299,71.127,1.299,5.701,0.387,0.701,23.999000000000002,0.031,14.6,3.2990000000000004,77.9
86,81,2021-01-25,1,2,2020-2021,São Paulo,Caxias do Sul Basquete,1,87.001,31.65,40.299,15.049000000000001,37.5,9.201,28.299,17.8,11.051,1.7130000000000003,10.549,28.750999999999998,36.92,20.151,35.649,56.306999999999995,15.049000000000001,18.399,82.18199999999999,2.8,7.749,0.7330000000000002,2.751,16.051,0.176,11.051,2.401,104.7,79.334,25.3,39.4,14.634,34.1,9.9,24.2,14.834,14.5,1.0230000000000001,8.434000000000001,25.1,33.561,19.7,36.134,54.419999999999995,14.634,20.566,71.336,1.366,5.8340000000000005,0.4000000000000001,0.734,23.866,0.032,14.5,3.4659999999999997,81.3
60,72,2021-01-25,1,2,2020-2021,Bauru Basket,Pinheiros,0,80.50199999999998,29.7,37.399,13.4,35.299,8.4,26.902000000000005,17.301,11.600999999999999,1.511,9.901,29.100000000000005,33.76899999999999,18.701,34.199,55.306000000000004,13.4,17.999000000000002,74.55199999999999,1.402,7.9,0.699,1.5,18.799,0.08,11.600999999999999,2.3010000000000006,91.599,73.299,27.9,33.8,11.599,37.55,10.849,26.701,17.05,15.550999999999998,1.152,9.3,27.0,34.42399999999999,16.9,38.099000000000004,44.00899999999999,11.599,17.749000000000002,64.0,0.25,7.649000000000001,0.517,2.4490000000000003,19.15,0.128,15.550999999999998,2.2,77.4
84,81,2021-01-25,1,2,2020-2021,Sesi Franca,Corinthians,1,84.9,30.0,40.0,14.9,37.3,8.4,28.9,21.0,13.6,1.5619999999999998,10.0,27.3,36.088,20.0,37.0,54.956,14.9,18.9,79.436,1.2,5.6,0.418,2.7,20.1,0.13400000000000004,13.6,1.3,99.6,79.19900000000001,27.75,36.501000000000005,14.950999999999999,36.199,8.849,27.35,15.949000000000002,13.2,1.231,9.25,27.698999999999995,33.391999999999996,18.249000000000002,33.95100000000001,53.741,14.950999999999999,18.85,79.11800000000001,1.351,5.999,0.471,2.15,20.701000000000004,0.10600000000000001,13.2,1.749,88.24900000000001
98,76,2021-01-26,1,2,2020-2021,Pato Basquete,BRB/Brasília,1,75.80099999999999,20.4,41.20100000000001,14.2,36.498,10.501000000000001,25.999999999999993,14.899999999999997,13.797999999999998,1.077,6.7989999999999995,22.001000000000005,30.418,20.598999999999997,42.599,48.154,14.2,21.298999999999996,66.29099999999998,0.9,8.898,0.671,2.400000000000001,20.899999999999995,0.12400000000000003,13.797999999999998,2.6989999999999994,80.40099999999998,83.1,33.9,33.599000000000004,15.600999999999999,37.499,11.499,26.0,17.399,16.000999999999998,1.129,11.300999999999998,33.199,34.041999999999994,16.801,34.701,48.555,15.600999999999999,21.599,71.674,0.499,6.7,0.437,1.599,19.599,0.08199999999999999,16.000999999999998,2.1990000000000003,84.5
59,72,2021-01-26,1,2,2020-2021,VipTech CMB,UNIFACISA,0,81.20199999999998,28.8,41.801,10.601,39.398999999999994,12.697999999999999,26.701,17.600999999999996,11.4,1.616,9.6,28.9,33.181,20.899,42.2,49.236000000000004,10.601,17.498999999999995,60.246,1.399,6.9,0.6320000000000001,1.101,20.000999999999998,0.05500000000000001,11.4,1.9009999999999998,87.30099999999999,83.399,28.8,44.199,10.4,36.899,9.399000000000001,27.5,16.799,13.001,1.323,9.599,26.3,37.123000000000005,22.101,39.999,55.120000000000005,10.4,13.9,72.775,1.201,7.399000000000001,0.5890000000000001,1.501,20.4,0.076,13.001,2.2009999999999996,94.9
80,93,2021-01-26,1,2,2020-2021,Cerrado,Minas,0,75.39999999999999,23.4,39.4,12.600000000000001,38.598,11.102,27.502000000000002,15.6,13.6,1.17,7.8,23.402000000000005,33.550000000000004,19.7,39.402,49.89,12.600000000000001,19.4,64.113,1.4,6.300000000000001,0.45,1.9,20.602000000000004,0.092,13.6,2.099,82.10000000000001,89.501,32.55,38.199,18.749000000000002,40.05,11.2,28.85,19.799,13.949000000000002,1.4520000000000004,10.85,27.000999999999998,40.382,19.101,36.150999999999996,52.576,18.749000000000002,22.249000000000002,83.97800000000001,1.1,6.550999999999999,0.4739999999999999,2.0490000000000004,21.601,0.09600000000000002,13.949000000000002,2.5490000000000004,107.3
77,74,2021-01-26,1,2,2020-2021,Flamengo,Fortaleza B. C. / CFO,1,87.599,38.7,34.799,14.1,43.8,12.7,31.1,20.2,11.101,1.9009999999999998,12.9,36.9,34.419,17.401,31.599,55.284000000000006,14.1,18.901,75.38699999999999,1.099,6.6,0.593,1.099,16.301,0.06899999999999999,11.101,1.9009999999999998,105.201,77.9,25.05,39.399,13.450999999999999,36.849000000000004,8.451,28.401,13.25,12.251000000000001,1.083,8.350999999999999,25.199,33.022,19.701,39.349000000000004,49.95100000000001,13.450999999999999,18.25,73.449,1.35,8.3,0.6689999999999999,3.249,18.999000000000002,0.17099999999999999,12.251000000000001,2.401,85.999
63,71,2021-01-27,1,2,2020-2021,Caxias do Sul Basquete,Bauru Basket,0,79.4,25.4,39.867000000000004,14.134,34.3,9.767,24.532999999999998,15.534000000000002,14.466999999999999,1.076,8.467,24.633,34.362,19.933,36.534000000000006,54.56699999999999,14.134,19.732999999999997,71.733,1.3,5.8340000000000005,0.4010000000000001,0.8,23.065999999999995,0.037,14.466999999999999,3.433,83.033,79.235,29.0,36.866,13.367,35.599,8.5,27.102000000000004,16.901,11.534,1.4829999999999999,9.667,29.167,32.851,18.434,34.166,54.547000000000004,13.367,18.199,73.507,1.302,7.633,0.6799999999999999,1.7329999999999999,18.899,0.092,11.534,2.068,89.499
101,99,2021-01-27,1,2,2020-2021,Pinheiros,Sesi Franca,1,75.232,28.4,35.0,11.832,38.167,11.132000000000001,27.034,17.732999999999997,15.401,1.207,9.467,27.467000000000002,34.44,17.5,38.232,45.332,11.832,17.666,65.88399999999999,0.433,7.866000000000001,0.536,2.3660000000000005,19.367,0.12199999999999997,15.401,2.1670000000000003,81.4,86.65,31.35,40.3,15.0,36.3,7.9,28.4,21.55,13.5,1.6060000000000003,10.45,27.2,38.25200000000001,20.15,37.2,55.085,15.0,18.9,79.901,1.3,6.05,0.449,2.65,20.2,0.131,13.5,1.45,102.0
96,72,2021-01-27,1,2,2020-2021,São Paulo,Mogi,1,87.501,31.2,40.999,15.299000000000001,37.0,8.800999999999998,28.199,18.1,11.200999999999999,1.718,10.399000000000001,28.151,37.277,20.500999999999998,35.899,56.85699999999999,15.299000000000001,18.299,83.827,2.85,7.899000000000001,0.7350000000000001,2.5509999999999997,16.051,0.16399999999999998,11.200999999999999,2.501,105.7,79.8,27.3,37.0,15.5,40.0,10.2,29.8,19.2,13.8,1.554,9.1,27.5,33.147999999999996,18.5,37.0,50.081999999999994,15.5,20.3,76.709,1.1,6.4,0.49799999999999994,3.1,19.7,0.16299999999999998,13.8,2.4,93.0
68,71,2021-01-28,1,2,2020-2021,Fortaleza B. C. / CFO,Pato Basquete,0,78.3,24.45,40.299,13.550999999999998,37.399,8.850999999999999,28.551,13.3,12.151,1.097,8.151,25.099,32.337,20.151,39.899,50.394000000000005,13.550999999999998,18.5,72.982,1.25,8.6,0.6990000000000001,3.249,19.249000000000002,0.16899999999999998,12.151,2.101,87.049,77.21799999999999,22.2,40.001000000000005,15.017000000000001,37.681,11.034,26.649999999999995,15.267,14.164999999999997,1.077,7.398999999999999,22.534000000000002,32.608,19.998999999999995,41.898999999999994,47.58,15.017000000000001,21.865999999999996,68.66999999999999,1.1,8.514999999999999,0.6210000000000002,2.4330000000000007,20.732999999999997,0.12600000000000003,14.164999999999997,2.816,83.06799999999998
74,57,2021-01-28,1,2,2020-2021,Cerrado,VipTech CMB,1,75.86699999999999,23.8,39.333,12.734,38.565,11.368,27.202000000000005,16.0,13.833000000000002,1.1809999999999998,7.933,23.102000000000004,34.499,19.667,39.768,49.362,12.734,19.634000000000004,63.985000000000014,1.433,6.667,0.46799999999999997,2.033,20.602000000000004,0.09799999999999999,13.833000000000002,2.2990000000000004,83.13300000000001,79.102,27.3,41.400999999999996,10.401,39.648999999999994,13.398,26.250999999999998,16.950999999999997,11.55,1.5500000000000003,9.1,28.85,31.493000000000006,20.699,42.449999999999996,48.400999999999996,10.401,17.249000000000002,59.96,1.399,6.85,0.6220000000000001,1.101,19.651,0.05500000000000001,11.55,1.8509999999999998,83.75099999999999
75,99,2021-01-28,1,2,2020-2021,BRB/Brasília,Minas,0,82.167,33.4,33.599,15.167000000000002,36.898999999999994,11.033,25.867,17.633,15.434000000000001,1.185,11.134,32.666,34.023,16.801,35.001000000000005,48.132000000000005,15.167000000000002,21.199,71.072,0.433,6.5329999999999995,0.43900000000000006,1.499,19.133,0.07899999999999999,15.434000000000001,1.9329999999999998,83.533,89.334,32.3,38.132,18.899,40.333,11.4,28.933,19.766000000000002,13.599,1.499,10.767,26.968,40.097,19.068,36.333999999999996,52.261999999999986,18.899,22.432,83.989,1.133,6.434,0.477,1.999,21.433999999999997,0.09500000000000001,13.599,2.499,107.26700000000001
79,81,2021-01-28,1,2,2020-2021,UNIFACISA,Flamengo,0,82.43299999999999,28.3,43.465999999999994,10.667,36.199,9.099,27.1,16.666,12.800999999999998,1.332,9.433,25.833,37.16,21.734,40.033,54.194,10.667,14.167000000000002,73.232,1.067,7.433,0.601,1.434,20.5,0.07300000000000001,12.800999999999998,2.3009999999999997,93.167,87.299,38.35,35.099000000000004,13.85,42.8,12.25,30.55,20.617,11.401,1.891,12.783,36.35,34.661,17.551,31.131999999999998,56.52,13.85,18.668,74.90799999999999,1.082,6.367,0.5589999999999999,1.166,16.583999999999996,0.07199999999999998,11.401,1.9839999999999995,104.88399999999999
71,64,2021-01-30,1,2,2020-2021,Paulistano,Caxias do Sul Basquete,1,75.30099999999999,32.4,33.400999999999996,9.5,40.79899999999999,13.301999999999998,27.500000000000007,16.7,13.798000000000002,1.251,10.799999999999999,33.699,32.171,16.699,35.501000000000005,47.33800000000001,9.5,13.199000000000002,72.616,1.401,6.299,0.4660000000000001,1.7,16.699999999999996,0.10800000000000001,13.798000000000002,2.4989999999999997,81.601,79.46600000000001,25.5,40.334,13.634,34.5,9.634,24.865999999999996,16.234,14.433999999999997,1.129,8.5,24.165999999999997,35.163000000000004,20.165999999999997,36.934000000000005,54.714,13.634,18.9,72.13000000000001,1.234,5.8340000000000005,0.402,0.866,22.266,0.042,14.433999999999997,3.4,84.766
74,64,2021-01-30,1,2,2020-2021,Corinthians,Bauru Basket,1,79.449,28.05,36.20100000000001,15.200999999999999,37.398999999999994,9.599,27.8,15.449000000000002,12.7,1.238,9.35,27.998999999999995,33.358999999999995,18.099,34.501000000000005,52.66199999999999,15.200999999999999,19.25,78.741,1.151,5.848999999999999,0.4739999999999999,1.9,20.651,0.095,12.7,1.549,88.24900000000001,77.968,28.3,36.333,13.334,35.898999999999994,8.6,27.302000000000003,16.500999999999998,11.467,1.455,9.433,29.234,31.933,18.167,34.132999999999996,53.788,13.334,18.398999999999994,72.46200000000002,1.202,7.366,0.6609999999999999,1.9659999999999997,18.998999999999995,0.10400000000000001,11.467,1.8350000000000002,87.399
77,81,2021-01-30,1,2,2020-2021,Pinheiros,Mogi,0,75.432,28.0,36.0,11.431999999999999,38.134,10.931999999999999,27.2,18.266,15.434000000000001,1.2399999999999998,9.334,27.434000000000005,34.005,18.0,38.63199999999999,46.101000000000006,11.431999999999999,17.099999999999998,65.88000000000001,0.666,8.1,0.55,2.4,19.434000000000005,0.123,15.434000000000001,2.0340000000000003,82.5,81.25,27.6,38.8,14.85,39.75,10.5,29.25,19.45,14.0,1.5560000000000003,9.2,27.6,33.388999999999996,19.4,38.0,51.407,14.85,19.1,77.959,1.1,6.45,0.49499999999999994,3.4,19.55,0.178,14.0,2.4,95.05
115,58,2021-01-31,1,2,2020-2021,Flamengo,BRB/Brasília,1,86.999,38.0,35.399,13.6,41.8,11.8,30.0,21.034000000000002,11.700999999999999,1.8810000000000002,12.666,35.8,34.903000000000006,17.701,30.665,57.75600000000001,13.6,18.434999999999995,74.429,1.065,6.134,0.525,1.233,16.866999999999997,0.075,11.700999999999999,2.0669999999999993,104.56700000000001,81.234,32.9,33.599,14.733,36.29899999999999,10.567,25.734,17.866999999999997,14.867,1.241,10.967,32.132999999999996,34.004000000000005,16.801,35.301,47.709,14.733,20.798999999999996,70.47,0.367,6.366,0.4410000000000001,1.399,18.666999999999994,0.076,14.867,1.6670000000000003,82.566
77,76,2021-01-31,1,2,2020-2021,Cerrado,Pato Basquete,1,76.33399999999999,24.2,39.266,12.868,38.532,11.634,26.902000000000008,16.4,14.065999999999999,1.1919999999999997,8.065999999999999,22.802000000000003,35.448,19.634000000000004,40.134,48.834,12.868,19.868000000000006,63.85700000000001,1.466,7.034000000000001,0.48600000000000004,2.1659999999999995,20.602000000000004,0.10399999999999998,14.065999999999999,2.4989999999999997,84.16600000000001,78.63499999999999,24.0,38.801,15.834000000000003,38.86399999999999,11.566999999999998,27.299999999999994,15.633999999999997,14.531999999999996,1.077,7.999,23.067,34.797999999999995,19.399,41.199,47.00600000000001,15.834000000000003,22.433,71.04899999999999,1.3,8.132000000000001,0.5710000000000001,2.466,20.565999999999995,0.12800000000000003,14.531999999999996,2.933,85.73499999999999
76,88,2021-01-31,1,2,2020-2021,UNIFACISA,Minas,0,81.46699999999998,27.8,42.733,10.934000000000001,35.498999999999995,8.799,26.7,16.532999999999998,12.601,1.341,9.267,25.365999999999996,37.196999999999996,21.367,40.067,53.26800000000001,10.934000000000001,14.434000000000001,73.689,0.933,7.4670000000000005,0.613,1.367,20.6,0.07000000000000002,12.601,2.4010000000000007,91.434,88.80000000000001,32.5,37.931999999999995,18.366,40.266,11.2,29.065999999999995,19.9,13.266,1.5560000000000003,10.834,26.468,41.116,18.968,36.5,51.806,18.366,21.932,83.51200000000001,1.166,6.2,0.4720000000000001,2.066,21.1,0.10000000000000002,13.266,2.366,107.234
98,100,2021-02-02,2,2,2020-2021,Corinthians,Paulistano,0,78.899,28.2,35.901,14.800999999999998,38.148999999999994,9.998999999999999,28.15,15.149000000000001,12.7,1.2109999999999999,9.4,27.598999999999997,33.949999999999996,17.949,35.251000000000005,51.269999999999996,14.800999999999998,18.85,78.38299999999998,1.001,5.648999999999999,0.45599999999999996,1.95,20.801,0.097,12.7,1.449,87.549,75.301,32.2,34.134,8.967,41.199,13.235000000000003,27.967000000000002,17.0,13.264999999999997,1.3329999999999997,10.733,33.599,32.052,17.066,35.401,48.383,8.967,12.666,70.762,1.6009999999999998,6.266,0.48100000000000004,2.133,16.366999999999997,0.137,13.264999999999997,2.6990000000000003,83.73400000000001
75,77,2021-02-06,2,2,2020-2021,Mogi,Corinthians,0,79.1,27.3,38.0,13.8,39.4,10.7,28.7,19.1,15.1,1.288,9.1,28.1,32.388999999999996,19.0,36.7,52.065,13.8,17.6,78.469,1.0,6.6,0.4389999999999999,3.3,19.6,0.17199999999999996,15.1,2.4,91.9,79.349,28.65,36.901,13.800999999999998,38.29899999999999,10.248999999999999,28.05,15.249,13.3,1.1640000000000001,9.55,27.399,34.63,18.449,36.601000000000006,50.80999999999999,13.800999999999998,17.7,77.91199999999998,0.851,5.699,0.438,2.05,20.851,0.10200000000000001,13.3,1.399,87.449
76,97,2021-02-06,2,2,2020-2021,Sesi Franca,São Paulo,0,88.4,32.7,40.6,15.1,35.3,7.4,27.9,22.1,13.4,1.65,10.9,27.1,40.41600000000001,20.3,37.4,55.214,15.1,18.9,80.366,1.4,6.5,0.48,2.6,20.3,0.12800000000000003,13.4,1.6,104.4,86.834,30.8,40.666,15.366,36.8,9.034,27.766,17.8,11.534,1.6199999999999999,10.266,27.434000000000005,37.836000000000006,20.334,36.065999999999995,56.172000000000004,15.366,18.566,82.946,2.7,7.965999999999999,0.7100000000000002,2.734,16.134,0.174,11.534,2.434,104.5
69,64,2021-02-06,2,2,2020-2021,Paulistano,Bauru Basket,1,76.651,32.15,34.667,9.834,41.998999999999995,13.318000000000001,28.684000000000005,17.0,13.282,1.3319999999999999,10.716,33.599,31.993000000000002,17.333,35.551,48.878,9.834,13.832999999999998,70.694,1.6009999999999998,6.583,0.5010000000000001,2.166,16.384,0.138,13.282,2.899,86.01700000000001,76.701,27.6,35.8,13.300999999999998,36.199,8.7,27.502000000000002,16.101,11.4,1.427,9.199,29.301,31.014999999999997,17.9,34.1,53.02900000000001,13.300999999999998,18.598999999999997,71.417,1.1019999999999999,7.098999999999999,0.642,2.1990000000000003,19.098999999999997,0.11600000000000002,11.4,1.6019999999999999,85.299
86,103,2021-02-07,2,2,2020-2021,BRB/Brasília,UNIFACISA,0,80.30099999999999,32.4,33.599,14.299000000000001,35.699,10.101,25.601000000000006,18.100999999999996,14.3,1.2970000000000002,10.8,31.6,33.985,16.800999999999995,35.601000000000006,47.286,14.299000000000001,20.398999999999994,69.868,0.301,6.199,0.44300000000000006,1.299,18.200999999999997,0.073,14.3,1.401,81.59900000000002,80.50099999999999,27.3,42.0,11.201,34.79899999999999,8.498999999999999,26.3,16.4,12.401,1.3499999999999996,9.101,24.898999999999994,37.233999999999995,21.0,40.101000000000006,52.342000000000006,11.201,14.700999999999999,74.146,0.799,7.501,0.625,1.3,20.7,0.06700000000000002,12.401,2.5010000000000003,89.701
86,77,2021-02-07,2,2,2020-2021,Fortaleza B. C. / CFO,Cerrado,1,77.7,23.8,41.266,12.634,37.465999999999994,9.234,28.234,13.7,12.034,1.1400000000000001,7.934,25.366,31.104000000000003,20.634,40.465999999999994,50.902,12.634,17.4,72.136,1.2,8.8,0.7220000000000001,3.066,18.966,0.162,12.034,1.934,86.666,76.801,24.6,39.199,13.002,38.498999999999995,11.9,26.60200000000001,16.8,14.299000000000001,1.2029999999999998,8.199,22.502000000000002,36.397,19.601000000000006,40.5,48.306,13.002,20.102000000000004,63.729,1.499,7.401000000000001,0.504,2.2989999999999995,20.602000000000004,0.10999999999999999,14.299000000000001,2.6989999999999994,85.199
86,75,2021-02-08,3,2,2020-2021,Mogi,Caxias do Sul Basquete,1,78.5,25.95,39.1,13.45,39.75,10.7,29.05,19.2,15.45,1.2670000000000001,8.65,27.65,31.25,19.55,37.0,53.201,13.45,17.55,76.758,1.3,7.15,0.45999999999999996,3.1,19.35,0.16199999999999998,15.45,2.25,91.7,78.34900000000002,25.35,39.801,13.200999999999999,35.0,9.651,25.348999999999997,16.351000000000006,14.251,1.1510000000000002,8.45,23.998999999999995,35.217,19.898999999999994,37.001000000000005,53.91099999999999,13.200999999999999,18.4,71.74100000000001,1.251,5.601000000000001,0.39099999999999996,0.9490000000000001,21.648999999999994,0.04800000000000001,14.251,3.4,84.14900000000002
67,98,2021-02-08,3,2,2020-2021,Pinheiros,Corinthians,0,75.632,27.6,37.0,11.032,38.101000000000006,10.732,27.365999999999996,18.798999999999996,15.467000000000002,1.273,9.201,27.401000000000003,33.57,18.5,39.032,46.870000000000005,11.032,16.534,65.876,0.899,8.334,0.564,2.434,19.501000000000005,0.12400000000000003,15.467000000000002,1.9009999999999998,83.6,81.399,30.0,38.001,13.401,38.999,10.699,28.3,15.499,13.6,1.16,10.0,27.999000000000002,35.540000000000006,18.999000000000002,37.501,51.14399999999999,13.401,17.2,77.82599999999998,0.601,5.598999999999999,0.422,2.1,20.801,0.10499999999999998,13.6,1.599,89.699
90,82,2021-02-08,3,2,2020-2021,Sesi Franca,Paulistano,1,86.75,30.6,41.1,15.05,33.15,6.95,26.2,20.6,13.35,1.5559999999999998,10.2,26.0,39.05300000000001,20.55,37.7,55.42,15.05,18.8,80.595,1.45,6.45,0.4789999999999999,2.55,20.2,0.126,13.35,1.65,99.45,78.001,32.1,35.2,10.701,42.79899999999999,13.401,29.401,17.0,13.299000000000001,1.3310000000000002,10.699,33.599,31.934000000000005,17.6,35.70100000000001,49.373000000000005,10.701,15.0,70.626,1.6009999999999998,6.9,0.5209999999999999,2.1990000000000003,16.401,0.139,13.299000000000001,3.099,88.3
92,84,2021-02-08,3,2,2020-2021,São Paulo,Bauru Basket,1,86.76700000000001,32.2,39.533,15.032999999999998,36.7,9.267,27.433,17.7,12.367,1.484,10.733,27.867,38.711,19.767000000000003,35.333,55.866,15.032999999999998,18.133,83.337,2.4,7.833,0.649,2.6670000000000003,16.167,0.16899999999999998,12.367,2.367,103.5,74.301,25.5,35.6,13.200999999999999,36.699,9.2,27.502000000000002,15.800999999999998,11.6,1.3649999999999998,8.498999999999999,28.101,29.759999999999998,17.8,35.50000000000001,50.81400000000001,13.200999999999999,18.598999999999997,70.703,1.002,7.2989999999999995,0.6460000000000001,2.1990000000000003,18.898999999999994,0.11700000000000002,11.6,1.6019999999999999,81.99900000000001
86,82,2021-02-09,3,2,2020-2021,Pato Basquete,VipTech CMB,1,79.30199999999999,24.3,38.801,16.201000000000004,39.36399999999999,11.733,27.633,15.467999999999998,14.365999999999996,1.077,8.099,23.199999999999996,35.019,19.399,41.199,47.00600000000001,16.201000000000004,22.800000000000004,71.51899999999998,1.467,7.965999999999999,0.5650000000000002,2.066,20.931999999999995,0.10499999999999998,14.365999999999996,2.8000000000000007,86.30199999999999,77.002,25.8,41.001,10.201,39.898999999999994,14.097999999999999,25.801,16.301,11.7,1.484,8.6,28.8,29.805000000000007,20.499000000000002,42.699999999999996,47.566,10.201,16.999000000000002,59.674,1.399,6.8,0.612,1.101,19.301,0.05500000000000001,11.7,1.8009999999999997,80.201
67,81,2021-02-09,3,2,2020-2021,UNIFACISA,Cerrado,0,81.55099999999999,27.3,42.7,11.551,33.648999999999994,8.349,25.3,17.3,12.151,1.4869999999999999,9.101,25.198999999999995,36.79,21.35,40.051,53.242,11.551,15.401,73.338,0.899,8.151,0.7100000000000001,1.25,21.1,0.06299999999999999,12.151,2.4010000000000007,91.10099999999998,76.801,24.3,39.79899999999999,12.702000000000002,38.79899999999999,12.5,26.302000000000003,16.3,14.899000000000001,1.135,8.099,22.902000000000005,35.634,19.901000000000003,41.7,47.806999999999995,12.702000000000002,19.802000000000003,63.15400000000001,1.399,8.101,0.526,2.399,20.802000000000003,0.11300000000000002,14.899000000000001,2.6989999999999994,83.799
94,96,2021-02-09,3,2,2020-2021,Minas,Flamengo,0,88.26600000000002,32.7,37.73199999999999,17.833,40.199,11.0,29.198999999999995,20.034000000000002,12.932999999999998,1.613,10.901,25.968000000000007,42.135,18.868000000000002,36.666,51.35,17.833,21.431999999999995,83.03500000000001,1.199,5.965999999999999,0.46699999999999997,2.133,20.766,0.10500000000000001,12.932999999999998,2.2329999999999997,107.201,87.366,38.1,35.866,13.4,42.3,12.2,30.1,21.601000000000006,11.934000000000001,1.8940000000000001,12.699,35.8,34.99100000000001,17.934,30.865,58.185,13.4,18.434999999999995,73.15200000000002,1.165,6.401000000000001,0.539,1.267,17.032999999999998,0.076,11.934000000000001,2.033,105.93300000000002
87,67,2021-02-09,3,2,2020-2021,BRB/Brasília,Fortaleza B. C. / CFO,1,80.25099999999999,30.3,34.79899999999999,15.149000000000001,35.398999999999994,10.001000000000001,25.401000000000003,17.800999999999995,14.95,1.234,10.1,29.85,33.580999999999996,17.401,35.501000000000005,49.028,15.149000000000001,21.448999999999995,70.011,0.501,6.199,0.426,1.249,18.500999999999998,0.069,14.95,1.9009999999999998,81.799,78.6,24.2,42.132999999999996,12.267,37.933,9.267,28.667,13.9,12.667,1.121,8.067,25.532999999999998,31.421000000000003,21.067,40.833,51.525999999999996,12.267,17.2,71.20700000000001,1.1,9.6,0.7460000000000001,3.2329999999999997,18.633,0.17300000000000001,12.667,2.067,88.43299999999999
74,70,2021-02-10,3,2,2020-2021,Bauru Basket,Sesi Franca,1,73.801,25.5,35.8,12.501000000000001,36.248999999999995,9.5,26.752000000000002,16.051,11.55,1.388,8.498999999999999,27.651,30.315999999999995,17.9,36.050000000000004,50.17200000000001,12.501000000000001,18.199,68.08399999999999,1.1019999999999999,7.699,0.6770000000000002,2.149,18.999000000000002,0.11400000000000002,11.55,1.402,81.39900000000002,85.333,29.5,40.4,15.432999999999998,31.367,6.4,24.967000000000002,19.067,13.066999999999998,1.4769999999999999,9.833,24.833,39.32300000000001,20.2,37.367000000000004,54.95399999999999,15.432999999999998,19.3,80.41099999999999,1.4,6.1,0.46499999999999997,2.367,19.933,0.118,13.066999999999998,1.6329999999999998,95.13300000000001
100,74,2021-02-10,3,2,2020-2021,São Paulo,Pinheiros,1,85.767,32.0,38.733,15.033000000000001,37.367000000000004,9.733,27.633,17.367,12.733,1.3780000000000001,10.667,28.0,38.348,19.367,34.933,55.45,15.033000000000001,18.3,82.524,2.2670000000000003,7.4670000000000005,0.587,2.8,15.866999999999999,0.182,12.733,2.2329999999999997,101.86699999999999,74.632,26.5,37.333,10.799,38.068000000000005,10.766,27.298999999999996,18.699,15.233,1.2870000000000001,8.834,27.134000000000004,32.535999999999994,18.667,39.866,46.40400000000001,10.799,16.034,66.653,0.966,8.201,0.563,2.4010000000000007,19.468000000000007,0.12300000000000004,15.233,1.7009999999999998,82.033
79,78,2021-02-10,3,2,2020-2021,Caxias do Sul Basquete,Corinthians,1,77.96600000000001,24.6,39.534000000000006,13.834,35.9,9.701,26.198999999999995,16.334,14.034,1.1660000000000001,8.2,24.198999999999995,33.92100000000001,19.766,36.70100000000001,53.995999999999995,13.834,19.467000000000002,71.19800000000001,1.434,5.5680000000000005,0.39599999999999996,1.099,21.431999999999995,0.05500000000000001,14.034,3.467,84.266,82.799,30.6,38.101,14.100999999999999,40.049,10.749,29.3,16.399,13.1,1.307,10.2,28.199,35.91100000000001,19.049,38.051,50.357,14.100999999999999,18.25,77.52999999999999,0.701,5.899,0.487,2.15,21.000999999999998,0.10600000000000001,13.1,1.449,93.049
75,87,2021-02-11,3,2,2020-2021,Fortaleza B. C. / CFO,UNIFACISA,0,78.0,23.55,42.8,11.65,36.95,9.1,27.85,14.0,12.95,1.1110000000000002,7.85,25.85,30.145,21.4,40.9,52.284000000000006,11.65,16.2,71.84100000000001,1.1,9.9,0.7560000000000001,2.9,18.75,0.15799999999999997,12.95,2.25,86.75,80.001,26.1,42.1,11.801,33.449,8.399,25.05,17.55,12.901,1.4489999999999998,8.701,24.898999999999994,35.678999999999995,21.05,39.651,53.03800000000001,11.801,15.901,72.69699999999999,0.749,8.201,0.6940000000000001,1.3,21.2,0.065,12.901,2.501,88.701
73,86,2021-02-11,3,2,2020-2021,BRB/Brasília,Cerrado,0,79.601,29.1,35.29899999999999,15.199000000000002,35.849,10.151,25.701000000000004,17.051,15.05,1.1720000000000002,9.7,29.0,33.23299999999999,17.651,35.301,49.97100000000001,15.199000000000002,21.549,69.86500000000001,0.601,6.148999999999999,0.41899999999999993,1.149,18.551,0.063,15.05,2.101,81.449,77.651,24.6,39.699,13.352,39.599000000000004,12.6,27.002000000000002,16.35,14.949000000000002,1.133,8.199,23.452000000000005,35.152,19.851,41.8,47.571999999999996,13.352,19.902000000000005,66.78099999999999,1.399,8.401,0.5529999999999999,2.5490000000000004,20.602000000000004,0.123,14.949000000000002,2.649,85.849
61,85,2021-02-12,3,2,2020-2021,Pato Basquete,Flamengo,0,78.935,24.3,38.734,15.901,38.96399999999999,11.533,27.433,15.201999999999998,14.3,1.0639999999999998,8.099,23.032999999999994,35.31699999999999,19.366000000000003,41.266,46.852000000000004,15.901,22.66700000000001,70.297,1.501,8.033,0.5710000000000001,1.9,21.264999999999997,0.093,14.3,2.7329999999999997,85.135,87.76599999999999,37.8,36.266,13.7,42.433,12.333,30.1,21.734,11.8,1.9279999999999997,12.599,36.233,34.351000000000006,18.134000000000004,30.898999999999994,58.842999999999996,13.7,18.934999999999995,72.59599999999999,1.2650000000000001,6.8340000000000005,0.5860000000000001,1.334,16.898999999999997,0.08099999999999999,11.8,2.033,106.66600000000003
91,70,2021-02-12,3,2,2020-2021,Minas,VipTech CMB,1,87.33200000000002,32.5,37.931999999999995,16.9,40.065999999999995,10.4,29.665999999999997,20.034000000000002,13.1,1.5970000000000002,10.834,25.268000000000008,42.955,18.968,36.831999999999994,51.367000000000004,16.9,20.331999999999994,83.06900000000002,1.166,5.566,0.4370000000000001,2.1670000000000003,20.698999999999995,0.10700000000000001,13.1,2.1,106.33399999999999,78.735,25.8,43.068,9.868,39.532,13.798000000000002,25.733999999999998,17.133999999999997,10.967,1.592,8.6,27.867,30.626000000000012,21.532,44.166999999999994,48.612,9.868,16.166,60.25,1.366,7.0,0.649,1.201,19.601,0.059,10.967,1.8679999999999999,84.434
76,73,2021-02-13,3,2,2020-2021,Caxias do Sul Basquete,Pinheiros,1,77.78299999999999,24.9,38.367000000000004,14.517000000000001,36.3,9.651,26.648999999999994,16.417,13.817000000000002,1.187,8.3,24.348999999999997,34.193,19.183000000000003,36.551,52.584999999999994,14.517000000000001,20.584000000000003,70.71899999999998,1.467,5.6850000000000005,0.4109999999999999,1.149,21.264999999999993,0.05700000000000001,13.817000000000002,3.3340000000000005,84.033,75.56500000000001,26.6,38.065999999999995,10.899,37.23500000000001,10.533,26.698999999999995,18.599,13.966,1.3490000000000002,8.867,26.867,32.931,19.034000000000002,40.733,46.438,10.899,15.467000000000002,69.241,1.033,8.001000000000001,0.58,2.2009999999999996,19.735000000000003,0.11100000000000002,13.966,1.6009999999999998,83.36600000000001
63,71,2021-02-13,3,2,2020-2021,Paulistano,São Paulo,0,74.951,31.35,33.5,10.101,41.549,12.751000000000001,28.801,16.8,13.549000000000001,1.2730000000000001,10.449,33.199,31.627000000000002,16.75,34.650999999999996,48.56099999999999,10.101,13.9,71.436,1.7009999999999998,7.35,0.545,1.8490000000000002,16.401,0.12200000000000003,13.549000000000001,3.099,84.5,85.38399999999999,31.6,39.065999999999995,14.716000000000003,38.434000000000005,9.966,28.465999999999998,17.884000000000004,12.866,1.405,10.534,28.7,36.88099999999999,19.534000000000002,34.965999999999994,55.88100000000001,14.716000000000003,18.15,81.513,2.3840000000000003,7.534000000000001,0.5879999999999999,2.9,15.283999999999997,0.195,12.866,2.1159999999999997,102.234
87,75,2021-02-13,3,2,2020-2021,Mogi,Sesi Franca,1,79.05,26.55,38.8,13.7,40.35,10.65,29.7,19.4,15.75,1.2550000000000001,8.85,27.95,31.494,19.4,36.25,53.99399999999999,13.7,17.8,76.951,1.4,6.9,0.43999999999999995,3.1,20.15,0.15899999999999997,15.75,2.35,93.0,84.71600000000001,28.85,40.5,15.365999999999996,31.334000000000003,6.0,25.334000000000003,18.383999999999997,13.234,1.399,9.616,24.165999999999997,39.479,20.25,37.634,54.715999999999994,15.365999999999996,18.95,81.318,1.3,6.1,0.45699999999999996,2.2840000000000003,19.615999999999996,0.11500000000000002,13.234,1.616,94.066
74,93,2021-02-14,3,2,2020-2021,VipTech CMB,Flamengo,0,77.20100000000002,25.1,43.068000000000005,9.035,38.96499999999999,13.464999999999998,25.5,16.866999999999997,11.067,1.552,8.367,27.734,29.971000000000004,21.532,44.067,48.732,9.035,15.332999999999998,58.19500000000001,1.333,7.267,0.6679999999999999,1.234,19.734,0.061,11.067,1.935,82.26700000000001,88.16600000000001,37.5,36.666,14.0,42.565999999999995,12.466,30.1,21.867,11.666,1.9619999999999997,12.498999999999999,36.666,33.711,18.334000000000003,30.933,59.501,14.0,19.435000000000002,72.03999999999999,1.365,7.267,0.633,1.401,16.765000000000004,0.086,11.666,2.033,107.39900000000003
67,83,2021-02-14,3,2,2020-2021,Pato Basquete,Minas,0,78.56800000000001,24.3,38.666999999999994,15.600999999999999,38.56399999999999,11.333,27.233000000000004,14.935999999999998,14.234,1.0509999999999997,8.099,22.865999999999996,35.61500000000001,19.333000000000006,41.333000000000006,46.698000000000015,15.600999999999999,22.534000000000002,69.075,1.535,8.1,0.5770000000000002,1.734,21.597999999999995,0.081,14.234,2.6659999999999995,83.968,87.465,32.3,38.66499999999999,16.5,40.483,9.85,30.633,20.216999999999995,13.65,1.544,10.767,24.68500000000001,43.626999999999995,19.335,37.21499999999999,51.763,16.5,19.714999999999996,83.64000000000001,0.983,5.333,0.403,2.2840000000000003,20.849,0.11200000000000002,13.65,2.1,107.11699999999999
88,83,2021-02-24,4,2,2020-2021,UNIFACISA,Caxias do Sul Basquete,1,78.501,24.9,42.6,11.001000000000001,33.199,8.199,25.0,17.7,13.401,1.4269999999999998,8.301,23.999000000000002,35.37599999999999,21.3,40.20100000000001,52.908,11.001000000000001,15.200999999999999,71.36399999999999,0.799,8.001000000000001,0.6690000000000002,1.5,21.3,0.07400000000000001,13.401,2.401,86.701,77.6,25.2,37.2,15.2,36.7,9.601,27.098999999999997,16.500000000000004,13.6,1.2080000000000002,8.4,24.499000000000002,34.464999999999996,18.600000000000005,36.401,51.17399999999999,15.2,21.701000000000004,70.23999999999998,1.5,5.802000000000001,0.426,1.199,21.097999999999995,0.059,13.6,3.2010000000000005,83.79999999999998
52,97,2021-02-24,4,2,2020-2021,Pinheiros,BRB/Brasília,0,74.69800000000001,26.1,38.199,10.399,37.50200000000001,10.8,26.698999999999995,18.499000000000002,13.849,1.3530000000000002,8.7,26.95,32.153,19.101000000000006,41.4,45.911,10.399,14.800000000000002,69.34,1.05,7.751,0.5660000000000001,2.2009999999999996,19.802000000000003,0.11100000000000002,13.849,1.501,81.84900000000002,79.001,27.9,35.699,15.399000000000001,36.099,9.951,26.151,16.301,14.6,1.153,9.3,28.25,32.785,17.851,35.351000000000006,50.458000000000006,15.399000000000001,21.449,71.279,0.701,6.148999999999999,0.43,0.999,18.151,0.05700000000000001,14.6,2.101,81.449
78,84,2021-02-24,4,2,2020-2021,Cerrado,Mogi,0,78.501,24.9,39.599,14.002,40.399,12.7,27.702000000000005,16.4,14.999,1.1310000000000002,8.299,24.002000000000002,34.67,19.801,41.89999999999999,47.337,14.002,20.002000000000002,70.408,1.399,8.700999999999999,0.58,2.6990000000000003,20.402000000000005,0.13299999999999998,14.999,2.599,87.899,82.1,28.5,39.2,14.4,40.0,9.7,30.3,20.6,16.7,1.252,9.5,28.5,33.12,19.6,34.6,56.626999999999995,14.4,18.0,79.733,1.6,6.9,0.418,3.0,21.2,0.14899999999999997,16.7,2.6,98.3
109,68,2021-02-25,4,2,2020-2021,Sesi Franca,Pato Basquete,1,84.09900000000002,28.2,40.6,15.299000000000001,31.301000000000005,5.6,25.701000000000004,17.700999999999997,13.401,1.321,9.399,23.498999999999995,39.635000000000005,20.3,37.901,54.47800000000001,15.299000000000001,18.6,82.225,1.2,6.1,0.44899999999999995,2.2010000000000005,19.298999999999996,0.11200000000000002,13.401,1.599,92.99900000000001,75.30100000000002,24.3,36.599999999999994,14.401,37.29699999999999,10.9,26.400000000000006,14.103,14.200999999999999,0.9999999999999998,8.099,21.798999999999996,36.968,18.3,40.900000000000006,44.87400000000001,14.401,20.801000000000005,68.604,1.6019999999999999,7.8,0.559,1.7009999999999998,20.898,0.083,14.200999999999999,2.7989999999999995,79.30100000000002
90,92,2021-02-25,4,2,2020-2021,São Paulo,Minas,0,85.00099999999999,31.2,39.398999999999994,14.399000000000001,39.501000000000005,10.199,29.298999999999996,18.401000000000003,12.999,1.432,10.401,29.4,35.414,19.701000000000004,34.998999999999995,56.312,14.399000000000001,18.0,80.502,2.5010000000000003,7.601000000000001,0.589,3.0,14.700999999999999,0.20800000000000002,12.999,1.9989999999999994,102.601,87.59800000000001,32.1,39.39799999999999,16.1,40.9,9.3,31.6,20.399999999999995,14.2,1.491,10.7,24.10200000000001,44.29899999999999,19.702000000000005,37.59799999999999,52.15899999999999,16.1,19.097999999999995,84.21100000000003,0.8,5.1,0.369,2.4010000000000007,20.999000000000002,0.11699999999999999,14.2,2.1,107.9
70,84,2021-02-25,4,2,2020-2021,Paulistano,Flamengo,0,74.651,31.05,33.6,10.001000000000001,41.499,12.601,28.901,17.1,13.349,1.315,10.349,33.199,31.363999999999997,16.8,34.451,48.98199999999999,10.001000000000001,13.75,71.479,1.9009999999999998,7.6,0.574,1.7990000000000002,16.750999999999998,0.11800000000000002,13.349,3.149,85.05,87.799,37.65,35.599,14.55,42.498999999999995,12.449,30.05,21.349999999999994,11.599,1.927,12.549,36.898999999999994,33.643,17.801000000000005,30.6,58.428,14.55,20.052000000000003,72.54099999999998,1.348,7.2,0.632,1.501,16.648000000000003,0.094,11.599,1.95,106.099
66,88,2021-02-26,4,2,2020-2021,BRB/Brasília,Caxias do Sul Basquete,0,78.16799999999999,26.8,36.13199999999999,15.232000000000003,35.898999999999994,9.801,26.101,16.000999999999998,14.3,1.154,8.933,27.633,32.30499999999999,18.068,35.568000000000005,50.748999999999995,15.232000000000003,20.866,72.686,0.701,6.199,0.44000000000000006,0.932,17.901,0.05500000000000001,14.3,2.2339999999999995,81.066,78.73299999999999,25.9,37.467,15.366999999999999,36.333,9.334,26.999000000000002,17.200000000000003,13.566999999999998,1.266,8.633,24.266000000000002,35.497,18.732999999999997,36.468,51.456999999999994,15.366999999999999,22.001000000000005,70.014,1.533,5.802000000000001,0.42700000000000005,1.199,20.665,0.06,13.566999999999998,2.8010000000000006,85.69999999999999
73,87,2021-02-26,4,2,2020-2021,Pinheiros,UNIFACISA,0,72.398,25.0,37.599,9.799,38.06900000000001,10.8,27.266000000000002,17.932000000000002,14.032,1.3010000000000002,8.333,27.199999999999996,30.454999999999995,18.801000000000005,41.433,45.11,9.799,14.3,68.084,1.167,7.5680000000000005,0.546,2.168,18.935000000000006,0.11599999999999999,14.032,1.568,78.09900000000002,80.41799999999999,26.5,42.9,11.018,34.099000000000004,8.581999999999999,25.517000000000003,18.333,13.200999999999999,1.499,8.834,24.366000000000003,36.770999999999994,21.45,40.734,52.61900000000001,11.018,15.401,70.482,0.8160000000000001,8.118,0.687,1.85,21.282999999999998,0.09200000000000001,13.200999999999999,2.4839999999999995,90.41799999999999
83,61,2021-02-26,4,2,2020-2021,Corinthians,Cerrado,1,83.299,32.7,36.001,14.600999999999999,39.999,10.999,29.0,16.699,12.8,1.3900000000000001,10.9,29.299,36.971000000000004,17.999000000000002,36.601,49.593999999999994,14.600999999999999,19.2,76.17399999999999,0.701,5.899,0.517,2.1,20.000999999999998,0.10900000000000001,12.8,1.499,93.599,79.268,24.9,40.13199999999999,14.235,40.166000000000004,12.4,27.769000000000005,16.1,14.666,1.134,8.299,23.902,34.809,20.068,42.3,47.511,14.235,19.869,72.701,1.432,9.033999999999999,0.615,2.732,19.869,0.137,14.666,2.932,89.166
84,94,2021-02-26,4,2,2020-2021,Mogi,Fortaleza B. C. / CFO,0,82.63300000000001,29.3,38.8,14.533000000000001,40.132999999999996,10.367,29.767000000000003,20.967000000000002,16.333,1.294,9.767,28.867,33.678999999999995,19.4,35.067,55.286,14.533000000000001,17.867,81.004,1.6329999999999998,6.733,0.41600000000000004,2.867,21.933,0.132,16.333,2.467,98.9,76.9,23.4,42.0,11.5,36.5,9.15,27.35,13.4,13.05,1.0639999999999998,7.8,26.1,29.693,21.0,40.65,51.652,11.5,16.0,71.876,1.1,9.5,0.7240000000000001,2.65,19.25,0.14400000000000002,13.05,2.35,83.45
101,55,2021-02-27,4,2,2020-2021,Bauru Basket,Pato Basquete,1,73.301,25.5,36.0,11.800999999999998,35.79899999999999,9.8,26.002000000000002,16.301,11.5,1.4109999999999998,8.498999999999999,27.201,30.872000000000003,18.0,36.60000000000001,49.53000000000001,11.800999999999998,17.799,65.46499999999999,1.202,8.099,0.7080000000000002,2.099,19.099,0.11100000000000003,11.5,1.202,80.799,73.55100000000002,23.1,36.199999999999996,14.251,37.096999999999994,11.1,26.000000000000007,14.303,14.251,1.0130000000000001,7.699000000000001,22.198999999999995,34.98199999999999,18.1,41.400000000000006,43.64600000000001,14.251,20.301000000000005,69.703,1.652,7.25,0.507,1.501,20.997999999999998,0.07400000000000001,14.251,2.7489999999999997,75.60100000000001
78,86,2021-02-27,4,2,2020-2021,VipTech CMB,Paulistano,0,75.66700000000002,24.4,43.068000000000005,8.202000000000002,38.397999999999996,13.132,25.266,16.6,11.167,1.512,8.134,27.601000000000006,29.31600000000001,21.531999999999993,43.967,48.852,8.202000000000002,14.499999999999996,56.14,1.3,7.534000000000001,0.6869999999999999,1.267,19.867,0.06299999999999999,11.167,2.0020000000000002,80.10000000000001,74.901,30.15,34.8,9.950999999999999,41.449,12.300999999999998,29.151,17.25,13.049000000000001,1.3569999999999998,10.049000000000001,31.949,31.8,17.4,35.051,49.818999999999996,9.950999999999999,14.05,69.694,1.9509999999999998,7.5,0.58,1.7990000000000002,16.651,0.11800000000000002,13.049000000000001,3.1990000000000003,86.2
93,74,2021-02-27,4,2,2020-2021,Flamengo,São Paulo,1,87.14900000000002,39.15,33.699,14.3,42.599,12.799,29.8,21.25,11.549,1.9280000000000002,13.049000000000001,37.29899999999999,34.473,16.851,30.3,55.794999999999995,14.3,19.752000000000002,72.25699999999999,1.248,6.95,0.612,1.501,16.748,0.094,11.549,1.7,104.749,85.10099999999998,30.9,39.898999999999994,14.299000000000001,38.901,9.799,29.098999999999997,18.101,12.899000000000001,1.418,10.301,28.65,36.190999999999995,19.951000000000004,35.498999999999995,56.277,14.299000000000001,18.1,79.54499999999999,2.4510000000000005,7.251,0.563,2.9,14.901,0.20099999999999998,12.899000000000001,1.8990000000000002,101.65099999999998
87,93,2021-02-27,4,2,2020-2021,Sesi Franca,Minas,0,84.89900000000002,26.4,42.4,16.099,32.101000000000006,5.8,26.301000000000005,17.850999999999996,13.001,1.4040000000000001,8.799,22.298999999999996,39.233999999999995,21.2,39.45100000000001,54.114999999999995,16.099,19.7,81.85600000000001,1.45,6.35,0.49399999999999994,2.2010000000000005,19.298999999999996,0.11200000000000002,13.001,1.499,95.049,88.19800000000001,32.55,40.59799999999999,15.05,40.5,9.35,31.150000000000006,20.4,13.65,1.5470000000000002,10.85,24.202000000000005,44.66,20.302000000000003,38.09799999999999,53.199,15.05,18.647999999999996,80.32400000000001,0.9,4.9,0.371,2.3510000000000004,20.999000000000002,0.11400000000000002,13.65,1.95,107.95
91,88,2021-02-28,4,2,2020-2021,Caxias do Sul Basquete,Cerrado,1,78.51599999999999,25.85,37.233999999999995,15.433999999999997,36.565999999999995,9.617,26.949,17.15,13.384,1.283,8.616,24.383000000000003,35.267999999999994,18.615999999999996,36.285000000000004,51.39699999999999,15.433999999999997,22.151,69.82000000000001,1.366,5.802000000000001,0.433,1.299,20.432,0.065,13.384,2.6010000000000004,85.79999999999998,78.768,24.9,40.065,13.800999999999998,39.8,12.233,27.569000000000006,15.6,14.332999999999998,1.124,8.299,24.035000000000004,34.604,20.035000000000004,42.533,47.155,13.800999999999998,18.969,74.08200000000002,1.465,8.9,0.621,2.7649999999999997,19.469000000000005,0.14099999999999996,14.332999999999998,2.965,88.1
96,70,2021-02-28,4,2,2020-2021,Corinthians,BRB/Brasília,1,83.916,34.65,35.134,14.134,39.616,10.866,28.75,17.166,12.75,1.4280000000000002,11.55,29.715999999999998,38.635000000000005,17.566,36.534000000000006,48.402,14.134,18.55,76.489,0.784,6.366,0.5519999999999999,2.1,19.434,0.11200000000000002,12.75,1.366,94.866,78.13499999999999,26.0,36.864999999999995,15.265000000000004,36.599000000000004,10.201,26.401,16.101,14.2,1.166,8.666,27.465999999999998,31.615999999999996,18.435000000000002,36.635000000000005,50.044,15.265000000000004,20.532999999999998,74.36500000000001,0.701,6.2989999999999995,0.4490000000000001,0.9650000000000001,18.101,0.05600000000000001,14.2,2.3669999999999995,81.633
88,70,2021-02-28,4,2,2020-2021,UNIFACISA,Mogi,1,82.335,28.1,43.2,11.035,34.999,8.965,26.034000000000002,18.965999999999998,13.001,1.571,9.367,24.733000000000004,38.166,21.6,41.267,52.330000000000005,11.035,15.600999999999999,69.6,0.833,8.235000000000001,0.7050000000000001,2.2,21.266,0.11000000000000001,13.001,2.5669999999999993,94.13499999999999,81.91600000000001,29.5,38.05,14.366000000000003,40.366,10.684000000000001,29.684000000000005,21.059000000000005,16.540999999999997,1.282,9.834,29.084000000000003,33.672999999999995,19.025,34.859,54.581999999999994,14.366000000000003,17.709000000000003,80.805,1.816,6.590999999999999,0.402,2.8590000000000004,22.090999999999998,0.13,16.540999999999997,2.434,97.825
46,92,2021-02-28,4,2,2020-2021,Pinheiros,Fortaleza B. C. / CFO,0,71.298,24.5,36.398999999999994,10.399,38.336000000000006,10.8,27.533000000000005,17.165000000000003,14.065000000000001,1.2480000000000002,8.166,26.899999999999995,30.096999999999998,18.201,41.166000000000004,43.92399999999999,10.399,15.0,69.555,1.334,7.4350000000000005,0.536,2.1350000000000002,18.168000000000006,0.11999999999999997,14.065000000000001,1.435,75.999,78.0,25.05,41.7,11.25,37.95,9.85,28.1,13.5,12.4,1.1779999999999997,8.35,27.15,30.517000000000003,20.85,41.0,50.879,11.25,16.1,70.15099999999998,1.1,9.0,0.7400000000000001,2.85,18.75,0.164,12.4,2.25,85.1
84,85,2021-03-01,5,2,2020-2021,São Paulo,Pato Basquete,0,85.201,30.6,40.398999999999994,14.199000000000002,38.301,9.399,28.898999999999994,17.801,12.799,1.4040000000000001,10.201,27.9,36.967999999999996,20.201,35.998999999999995,56.242,14.199000000000002,18.2,78.588,2.401,6.901000000000001,0.537,2.8,15.100999999999999,0.194,12.799,1.7990000000000002,100.701,72.534,23.3,35.132999999999996,14.100999999999999,36.763999999999996,10.9,25.867,14.236,14.068000000000001,1.0250000000000001,7.766,23.032,34.330999999999996,17.567,40.667,43.026,14.100999999999999,19.768,70.902,1.6350000000000002,7.267,0.516,1.434,21.165,0.07100000000000001,14.068000000000001,2.7659999999999996,74.134
76,74,2021-03-01,5,2,2020-2021,Paulistano,Minas,1,75.73400000000001,30.2,35.8,9.734,40.965999999999994,12.034,28.934000000000005,17.3,12.966,1.3709999999999998,10.065999999999999,31.065999999999995,32.807,17.9,36.034000000000006,49.787,9.734,14.2,67.43,2.034,7.6,0.592,1.666,16.834,0.10800000000000003,12.966,3.166,86.7,88.798,33.0,41.797999999999995,14.0,40.10000000000001,9.4,30.700000000000006,20.4,13.1,1.6030000000000002,11.0,24.302000000000003,45.020999999999994,20.902000000000005,38.598,54.239,14.0,18.197999999999997,76.437,1.0,4.7,0.373,2.3009999999999997,20.999000000000002,0.11100000000000002,13.1,1.8,108.0
104,92,2021-03-02,5,2,2020-2021,Bauru Basket,VipTech CMB,1,75.934,29.1,35.2,11.634,36.099,9.667,26.435000000000002,17.234,11.5,1.5039999999999998,9.699,27.834000000000003,34.005,17.6,35.167,50.58800000000001,11.634,17.799,64.672,1.135,7.598999999999999,0.6580000000000001,1.999,18.799,0.10600000000000001,11.5,1.135,85.499,74.4,24.3,42.401,7.702,38.598,12.999,25.598999999999997,16.6,11.5,1.463,8.101,27.601000000000006,29.201,21.198999999999995,43.50000000000001,48.589,7.702,14.4,53.772000000000006,1.2,7.401000000000001,0.6659999999999999,1.1,20.0,0.05499999999999999,11.5,1.902,78.10000000000001
91,94,2021-03-02,5,2,2020-2021,Sesi Franca,Flamengo,0,85.699,24.6,44.2,16.899,32.901,6.0,26.901000000000003,18.000999999999998,12.601,1.487,8.199,21.099,38.833,22.1,41.001000000000005,53.75200000000001,16.899,20.8,81.487,1.7,6.6,0.5389999999999999,2.2009999999999996,19.299,0.11200000000000002,12.601,1.399,97.09900000000002,87.64900000000002,41.55,32.599,13.5,42.498999999999995,13.099,29.4,21.75,11.799,1.9170000000000003,13.849,38.79899999999999,35.057,16.301,29.600000000000005,55.116,13.5,18.602000000000004,72.25699999999999,1.198,7.2,0.624,1.451,16.598,0.09200000000000001,11.799,1.75,105.399
81,82,2021-03-03,5,2,2020-2021,Caxias do Sul Basquete,Fortaleza B. C. / CFO,0,78.299,25.8,37.001,15.501,36.79899999999999,9.9,26.899,17.1,13.200999999999999,1.3,8.599,24.500000000000007,35.039,18.498999999999995,36.102000000000004,51.337,15.501,22.301,69.626,1.199,5.8020000000000005,0.43899999999999995,1.399,20.199,0.07,13.200999999999999,2.401,85.9,78.65,25.05,42.6,11.0,39.35,10.45,28.9,14.05,12.15,1.2869999999999997,8.35,27.8,29.690999999999995,21.3,41.95,50.783,11.0,16.2,68.426,0.95,9.05,0.772,3.25,18.65,0.192,12.15,2.2,86.9
73,113,2021-03-04,5,2,2020-2021,VipTech CMB,Sesi Franca,0,73.25,24.6,40.501000000000005,8.152000000000001,37.998,12.599,25.398999999999994,16.55,12.05,1.403,8.200999999999999,27.251000000000005,29.974,20.249000000000002,42.7,47.314,8.152000000000001,15.2,53.689,0.9,6.950999999999999,0.6089999999999999,1.25,20.05,0.06299999999999999,12.05,1.902,75.4,87.549,25.2,45.3,17.049,33.651,6.3,27.351000000000006,18.151,12.601,1.499,8.399,21.299,39.43899999999999,22.65,41.501000000000005,54.32900000000001,17.049,21.1,81.09400000000001,2.05,7.35,0.599,2.101,19.299,0.10799999999999998,12.601,1.399,100.399
91,86,2021-03-04,5,2,2020-2021,Flamengo,Bauru Basket,1,88.549,42.45,31.898999999999994,14.2,42.04899999999999,12.849,29.2,21.6,12.349,1.8060000000000003,14.149000000000001,39.449,35.239,15.950999999999999,28.7,55.55,14.2,19.052,73.664,1.198,7.15,0.6,1.6509999999999998,17.048,0.1,12.349,1.9,105.749,77.96700000000001,31.05,35.8,11.117,35.549,9.684000000000001,25.868000000000002,17.417,11.45,1.531,10.349,28.117,35.956,17.9,35.184000000000005,51.309000000000005,11.117,17.099,64.712,1.068,7.749,0.678,1.8990000000000002,19.399,0.099,11.45,1.1179999999999999,88.099
77,83,2021-03-06,5,2,2020-2021,Fortaleza B. C. / CFO,Corinthians,0,77.95,23.7,43.4,10.85,39.45,10.7,28.75,13.8,12.55,1.2339999999999998,7.9,27.4,28.475,21.7,42.3,51.32800000000001,10.85,16.05,68.22399999999999,0.8,8.95,0.743,3.4,19.15,0.19699999999999998,12.55,2.35,85.7,84.53299999999999,36.6,34.267,13.667000000000002,39.233,10.733,28.5,17.633,12.7,1.4660000000000002,12.2,30.133,40.299,17.133,36.467,47.21,13.667000000000002,17.9,76.804,0.867,6.833,0.587,2.1,18.867,0.11499999999999999,12.7,1.233,96.133
62,69,2021-03-09,6,2,2020-2021,Mogi,Paulistano,0,81.19900000000001,29.7,37.3,14.199000000000002,40.599,11.001000000000001,29.601000000000006,21.151000000000003,16.748999999999995,1.27,9.901,29.301000000000005,33.666999999999994,18.65,34.651,53.878,14.199000000000002,17.551000000000005,80.60600000000001,1.999,6.449,0.388,2.8510000000000004,22.248999999999995,0.128,16.748999999999995,2.4010000000000007,96.75,76.367,31.0,34.8,10.567,39.933,11.867,28.067,17.4,12.932999999999998,1.3829999999999998,10.333,30.732999999999997,33.959999999999994,17.4,35.467,48.970000000000006,10.567,15.6,66.661,2.1670000000000003,7.6,0.5930000000000001,1.7329999999999999,17.667,0.10500000000000002,12.932999999999998,3.133,86.6
92,46,2021-03-10,6,2,2020-2021,São Paulo,BRB/Brasília,1,86.301,32.1,39.599,14.599,38.551,9.349,29.198999999999995,18.401,12.399,1.504,10.701,28.4,38.104,19.801,35.449,55.863,14.599,18.45,79.59099999999998,2.351,6.251,0.4960000000000001,2.75,15.251,0.188,12.399,1.599,102.65099999999998,77.35199999999999,26.25,36.598,14.498000000000001,37.099000000000004,10.201,26.901,15.901,14.55,1.1200000000000003,8.748999999999999,27.848999999999997,31.464999999999996,18.302000000000003,36.202000000000005,50.265,14.498000000000001,19.599999999999998,74.10000000000001,0.651,6.199,0.429,1.048,17.801,0.06100000000000001,14.55,2.55,80.94999999999999
89,88,2021-03-11,6,2,2020-2021,Pato Basquete,Pinheiros,1,73.86699999999999,24.4,35.866,13.600999999999999,36.830999999999996,10.6,26.234,15.269,13.235000000000003,1.415,8.133,24.264999999999997,34.296,17.934,40.134,44.584,13.600999999999999,18.835,71.902,1.8679999999999999,7.134,0.568,1.467,21.131999999999998,0.07300000000000001,13.235000000000003,2.7329999999999997,77.767,72.398,24.0,37.599,10.799,39.30300000000001,11.2,28.100000000000005,17.298000000000005,13.998,1.2590000000000001,7.999,27.2,29.154999999999994,18.801,41.899,44.925,10.799,15.7,69.02600000000001,1.501,7.802000000000001,0.5599999999999999,2.2020000000000004,17.901000000000003,0.12799999999999997,13.998,1.6019999999999999,77.799
96,79,2021-03-11,6,2,2020-2021,Mogi,VipTech CMB,1,80.48200000000001,29.5,37.283,13.699000000000002,40.532,11.284,29.251000000000005,21.176000000000005,16.624000000000002,1.2849999999999997,9.834,29.284000000000002,33.45,18.642000000000003,34.809000000000005,53.637,13.699000000000002,17.092999999999996,79.79400000000001,2.182,6.441,0.39200000000000007,2.7090000000000005,22.306999999999995,0.12100000000000002,16.624000000000002,2.468000000000001,95.708,73.833,26.2,39.20100000000001,8.435,37.565,12.266,25.299,17.232999999999997,12.867,1.3690000000000002,8.734,27.601000000000006,31.518,19.599,41.267,47.407,8.435,15.467000000000002,54.439,0.867,6.934,0.57,1.3,20.0,0.06599999999999999,12.867,1.8350000000000002,76.43299999999999
81,65,2021-03-12,6,2,2020-2021,Paulistano,UNIFACISA,1,76.9,31.65,34.9,10.35,39.55,11.75,27.8,18.0,12.95,1.4289999999999998,10.55,30.7,34.623999999999995,17.45,35.5,49.07600000000001,10.35,15.45,65.747,2.3,7.75,0.604,1.7,17.95,0.10000000000000002,12.95,3.05,87.65,83.60199999999999,30.0,41.6,12.002,35.799,9.698,26.101000000000006,19.498999999999995,12.800999999999998,1.636,10.0,25.400000000000006,39.660999999999994,20.8,41.099999999999994,50.61200000000001,12.002,16.601,72.765,0.8,8.602,0.741,2.6,21.198999999999995,0.13,12.800999999999998,2.3999999999999995,97.00199999999998
74,70,2021-03-12,6,2,2020-2021,Minas,Caxias do Sul Basquete,1,88.44800000000001,32.85,41.69799999999999,13.9,40.10000000000001,10.15,29.95,20.05,13.0,1.5859999999999999,10.95,24.502000000000002,44.52499999999999,20.852000000000004,39.19799999999999,53.18299999999999,13.9,18.497999999999998,74.78999999999999,1.05,4.8500000000000005,0.388,2.601,21.199,0.124,13.0,1.95,106.55,78.09900000000002,26.7,36.601000000000006,14.800999999999998,36.398999999999994,9.8,26.599,17.3,13.501,1.2910000000000001,8.899,24.600000000000005,36.477,18.299,36.30200000000001,50.57399999999999,14.800999999999998,21.301,69.578,1.099,5.602,0.418,1.299,19.499000000000002,0.066,13.501,2.2009999999999996,85.0
70,99,2021-03-12,6,2,2020-2021,BRB/Brasília,Bauru Basket,0,74.60199999999999,25.8,35.598,13.198000000000002,37.149,9.901,27.250999999999998,15.100999999999999,15.35,1.0220000000000002,8.599,28.148999999999994,30.588,17.802,35.502,49.836,13.198000000000002,17.949999999999996,73.966,0.701,5.949,0.392,1.098,17.701,0.06400000000000002,15.35,2.6,76.54999999999998,80.0,33.0,36.4,10.6,34.999,9.701,25.301,17.6,11.4,1.5579999999999998,10.998999999999999,28.4,37.907,18.2,35.201,52.03000000000001,10.6,16.399,64.752,1.001,7.899000000000001,0.698,1.7990000000000002,19.999000000000002,0.09200000000000001,11.4,1.101,90.699
98,76,2021-03-13,6,2,2020-2021,São Paulo,Fortaleza B. C. / CFO,1,88.501,34.2,39.998999999999995,14.299000000000001,38.95100000000001,9.299,29.649,19.201,11.998999999999999,1.624,11.401,29.25,39.44,20.000999999999998,35.498999999999995,56.322,14.299000000000001,17.9,80.26899999999998,2.501,6.4510000000000005,0.5399999999999999,2.65,15.001,0.185,11.998999999999999,1.449,106.801,78.7,23.1,44.2,11.4,38.55,10.6,27.95,13.8,12.9,1.2099999999999997,7.7,26.75,28.467000000000002,22.1,42.4,52.206,11.4,16.7,68.79999999999998,0.8,9.15,0.7449999999999999,3.35,19.6,0.19,12.9,2.35,86.0
73,89,2021-03-14,6,2,2020-2021,VipTech CMB,Caxias do Sul Basquete,0,73.76599999999999,26.45,38.20100000000001,9.118,36.532,11.633,24.899,17.466,12.984,1.374,8.817,27.351,32.184,19.099,40.234,47.388999999999996,9.118,15.784,57.0,0.834,6.667,0.5359999999999999,1.25,20.05,0.06299999999999999,12.984,1.8679999999999999,76.366,79.11600000000001,26.4,37.434000000000005,15.284,37.199,10.183,27.016,17.433,13.084,1.358,8.799,24.767000000000003,35.769999999999996,18.716,36.635000000000005,51.21599999999999,15.284,21.901,69.848,1.1320000000000001,5.485,0.421,1.316,20.016000000000002,0.06499999999999999,13.084,2.0509999999999997,86.96700000000001
85,80,2021-03-14,6,2,2020-2021,Minas,Mogi,1,88.648,31.8,42.998,13.85,39.65,10.5,29.15,19.95,12.6,1.626,10.6,24.152,43.581,21.502000000000002,40.348,53.225,13.85,18.747999999999998,73.553,1.1,4.85,0.404,2.8009999999999997,21.149,0.13399999999999998,12.6,1.9,106.0,79.76500000000001,29.3,37.266,13.199000000000002,40.46499999999999,11.567,28.901000000000003,21.201000000000004,16.499000000000002,1.2999999999999996,9.767,29.267000000000003,33.233000000000004,18.634000000000004,34.967,53.396000000000015,13.199000000000002,16.634999999999998,78.982,2.3649999999999998,6.433,0.396,2.5669999999999993,22.36499999999999,0.11400000000000002,16.499000000000002,2.535000000000001,94.66600000000001
91,82,2021-03-14,6,2,2020-2021,Corinthians,Pato Basquete,1,84.5,38.7,33.2,12.6,38.2,10.3,27.9,18.5,12.7,1.527,12.9,31.2,41.205,16.6,36.1,46.17,12.6,16.4,78.971,0.9,7.1,0.606,2.0,18.9,0.11000000000000001,12.7,1.4,96.0,75.25,25.65,35.498999999999995,14.100999999999999,36.998,10.55,26.451,15.401999999999997,13.351999999999999,1.415,8.55,24.747999999999998,35.349000000000004,17.750999999999998,39.601000000000006,44.69500000000001,14.100999999999999,19.452,72.16400000000002,1.9009999999999998,7.450999999999999,0.586,1.4,21.349,0.069,13.351999999999999,2.9,79.75
100,63,2021-03-14,6,2,2020-2021,Flamengo,Pinheiros,1,90.899,45.6,30.998999999999995,14.3,41.398999999999994,12.498999999999999,28.9,22.0,12.099,1.8509999999999998,15.199000000000002,39.998999999999995,38.041999999999994,15.501,27.9,55.539,14.3,18.702,74.931,1.098,6.5,0.563,2.001,17.298,0.11599999999999999,12.099,2.1,109.099,71.048,22.65,37.099,11.299000000000001,38.903000000000006,10.55,28.350000000000005,17.148000000000003,14.547999999999998,1.188,7.5489999999999995,26.55,28.424999999999994,18.551,41.648999999999994,44.60799999999999,11.299000000000001,15.85,71.455,1.451,7.702,0.5250000000000001,2.152,18.351000000000006,0.122,14.547999999999998,1.702,75.749
79,96,2021-03-14,7,2,2020-2021,BRB/Brasília,Sesi Franca,0,73.435,25.2,36.065,12.165,37.366,9.734,27.634000000000004,14.634,16.2,0.945,8.399,27.998999999999995,30.044,18.035000000000004,35.735,50.22299999999999,12.165,16.366999999999997,74.792,0.734,6.066,0.38299999999999995,1.065,18.334,0.06000000000000001,16.2,2.633,74.86699999999999,89.399,25.8,46.4,17.199,34.401,6.6,27.801,18.301,12.601,1.5110000000000001,8.599,21.499000000000002,40.044999999999995,23.2,42.001000000000005,54.906000000000006,17.199,21.4,80.701,2.4,8.1,0.659,2.001,19.299,0.10399999999999998,12.601,1.399,103.699
79,90,2021-03-15,7,2,2020-2021,UNIFACISA,São Paulo,0,81.20199999999998,28.8,40.4,12.001999999999999,36.399,10.398,26.001000000000005,18.499000000000002,13.700999999999999,1.47,9.6,25.700000000000006,37.138999999999996,20.2,39.89999999999999,50.61200000000001,12.001999999999999,16.701,71.987,0.8,7.802,0.6369999999999999,2.5,20.998999999999995,0.125,13.700999999999999,2.6,92.20199999999998,88.901,35.4,39.599000000000004,13.899000000000001,40.001,9.498999999999999,30.499000000000002,19.401,11.799,1.677,11.801,30.55,39.021,19.801,35.299,56.098,13.899000000000001,17.4,80.231,2.4509999999999996,6.501,0.5619999999999999,2.55,14.450999999999999,0.187,11.799,1.399,107.801
74,89,2021-03-16,7,2,2020-2021,Mogi,Flamengo,0,80.04800000000002,29.1,37.599,13.349,40.74799999999999,11.8,28.951000000000004,21.250999999999998,16.099,1.3389999999999997,9.7,29.1,33.17400000000001,18.801000000000005,35.4,53.21200000000001,13.349,16.901999999999997,78.565,2.3979999999999997,6.35,0.4029999999999999,2.499999999999999,22.547999999999995,0.11000000000000001,16.099,2.6020000000000003,95.24900000000001,91.799,45.2,31.799,14.8,41.699,12.399,29.3,22.232999999999997,12.099,1.8679999999999999,15.065999999999999,40.099000000000004,37.596999999999994,15.901,28.067,56.517999999999994,14.8,18.935000000000002,76.799,1.565,6.733,0.579,1.834,16.564999999999998,0.10600000000000002,12.099,2.067,110.86599999999999
78,65,2021-03-16,7,2,2020-2021,Corinthians,Minas,1,85.9,38.7,34.6,12.6,39.1,10.4,28.7,19.4,12.6,1.621,12.9,31.5,40.86,17.3,36.5,47.593,12.6,16.4,78.97099999999999,1.0,6.7,0.575,2.2,19.0,0.11800000000000002,12.6,1.3,99.1,87.265,30.7,43.265,13.3,38.967,10.3,28.667,19.333,12.5,1.585,10.233,23.935000000000002,42.33,21.635,40.265,53.649,13.3,18.464999999999996,71.90299999999999,1.067,4.867,0.41100000000000003,2.8009999999999997,21.066,0.13399999999999998,12.5,1.8,103.23299999999999
96,89,2021-03-17,7,2,2020-2021,Sesi Franca,UNIFACISA,1,89.849,25.05,47.7,17.099,34.451,6.7,27.750999999999998,18.401,12.351,1.5490000000000002,8.349,21.749000000000002,38.53699999999999,23.85,41.851,56.62600000000001,17.099,21.4,80.23599999999999,2.6,8.3,0.6849999999999999,2.151,19.099,0.11299999999999999,12.351,1.399,105.099,82.035,29.35,40.5,12.185,36.416,10.514999999999999,25.901000000000003,18.849,14.284,1.4469999999999998,9.783,26.317,36.95399999999999,20.25,39.632999999999996,51.068000000000005,12.185,16.834,72.44300000000001,0.967,7.785000000000001,0.6139999999999999,2.65,20.998999999999995,0.13100000000000003,14.284,2.433,92.88499999999999
98,85,2021-03-18,8,2,2020-2021,Flamengo,Corinthians,1,91.599,44.5,31.599,15.5,41.099000000000004,12.199,28.9,22.066,11.699,1.9220000000000002,14.832999999999998,39.899,37.173,15.800999999999998,27.734,56.876999999999995,15.5,19.668,77.604,1.6320000000000001,6.6659999999999995,0.591,2.2670000000000003,16.032,0.14600000000000002,11.699,2.234,110.833,85.95,38.25,34.8,12.9,37.9,9.9,28.0,19.65,12.5,1.6580000000000001,12.75,31.1,40.839,17.4,35.6,49.08,12.9,16.55,79.80199999999999,1.25,6.45,0.554,2.2,18.85,0.11900000000000002,12.5,1.25,99.45
92,66,2021-04-01,8,2,2020-2021,Minas,Fortaleza B. C. / CFO,1,85.232,29.3,43.132,12.8,38.734,10.3,28.434000000000005,18.366,12.75,1.475,9.766,24.218,40.087,21.568,39.882,53.986000000000004,12.8,18.182,70.50999999999999,0.9339999999999999,4.884,0.404,2.8009999999999997,21.383,0.13199999999999998,12.75,1.9,99.116,79.1,21.3,46.0,11.8,37.6,10.2,27.4,14.6,12.9,1.283,7.1,26.2,26.665999999999997,23.0,43.1,53.42100000000001,11.8,17.3,68.67499999999998,0.8,9.2,0.7499999999999999,3.2,19.8,0.179,12.9,2.1,86.1
80,86,2021-04-01,7,2,2020-2021,Cerrado,São Paulo,0,78.268,24.9,39.998,13.367,39.434000000000005,12.065999999999999,27.369000000000007,15.1,14.0,1.1139999999999999,8.299000000000001,24.168,34.398999999999994,20.002000000000002,42.766,46.799,13.367,18.068999999999996,75.46300000000001,1.498,8.766,0.627,2.7979999999999996,19.069000000000006,0.14499999999999996,14.0,2.9979999999999998,87.03399999999998,88.601,34.65,40.199,13.749,40.051,9.599,30.449,19.101,11.699,1.6649999999999998,11.551,30.55,37.95700000000001,20.101,35.649,56.325,13.749,17.3,79.83599999999998,2.3009999999999997,6.7509999999999994,0.593,2.55,14.200999999999999,0.191,11.699,1.349,107.251
49,87,2021-04-02,8,2,2020-2021,Pato Basquete,Paulistano,0,75.633,26.1,34.999,14.534,36.364999999999995,10.267,26.101,15.535,13.334999999999999,1.425,8.7,24.964999999999996,35.61,17.500999999999998,39.301,44.403000000000006,14.534,20.235000000000003,71.59100000000001,1.7009999999999998,7.734,0.607,1.467,21.466,0.07100000000000001,13.334999999999999,3.033,79.633,76.7,31.5,35.0,10.2,40.0,12.2,27.8,18.5,12.6,1.4999999999999998,10.5,30.9,34.25599999999999,17.5,35.5,49.23800000000001,10.2,15.4,64.769,2.3,7.8,0.6199999999999999,1.7,18.5,0.094,12.6,3.2,88.5
77,71,2021-04-02,8,2,2020-2021,Caxias do Sul Basquete,Sesi Franca,1,80.13300000000001,26.1,38.267,15.767000000000001,37.998999999999995,10.565999999999999,27.433,17.566,12.667,1.4250000000000003,8.699,24.934000000000005,35.063,19.133,36.968,51.85799999999999,15.767000000000001,22.500999999999998,70.11799999999998,1.165,5.368,0.42400000000000004,1.333,20.532999999999998,0.06399999999999999,12.667,1.9009999999999998,88.934,90.299,24.3,49.0,16.999000000000002,34.501,6.8,27.701,18.500999999999998,12.101,1.5870000000000002,8.099,21.999000000000002,37.02899999999999,24.5,41.701,58.346000000000004,16.999000000000002,21.4,79.77099999999999,2.8,8.5,0.711,2.3009999999999997,18.899,0.12199999999999997,12.101,1.399,106.499
89,79,2021-04-03,8,2,2020-2021,BRB/Brasília,VipTech CMB,1,73.718,25.2,36.63199999999999,11.882,38.033,9.767,28.267000000000003,14.517000000000001,16.6,0.905,8.399,27.948999999999995,30.095,18.318,35.968,50.75299999999999,11.882,15.784,75.502,0.717,6.483,0.4,1.082,18.817,0.059,16.6,2.566,76.134,73.699,26.7,37.201,9.801,35.499,11.0,24.499000000000002,17.699,13.100999999999999,1.3790000000000002,8.9,27.101,32.85,18.599,39.201,47.371,9.801,16.101,59.561,0.8009999999999999,6.4,0.502,1.2,20.1,0.06000000000000001,13.100999999999999,1.9009999999999998,76.299
78,85,2021-04-03,8,2,2020-2021,Corinthians,São Paulo,0,86.733,38.4,35.733,12.6,36.667,9.333,27.333,19.8,12.933000000000002,1.6329999999999998,12.8,30.732999999999997,41.56,17.867,35.467,50.455,12.6,16.267000000000003,79.355,1.333,6.8,0.5650000000000001,2.133,18.732999999999997,0.11600000000000002,12.933000000000002,1.2,100.0,87.701,32.1,41.599000000000004,13.999,40.001,9.699000000000002,30.299,18.601,11.099,1.691,10.700999999999999,29.4,36.57700000000001,20.801,36.899,56.173,13.999,17.9,78.16900000000001,2.3009999999999997,7.200999999999999,0.6599999999999999,2.8,14.001,0.20999999999999996,11.099,1.299,106.501
98,97,2021-04-03,7,2,2020-2021,Bauru Basket,Fortaleza B. C. / CFO,1,80.7,31.2,38.4,11.1,35.499,9.901,25.601,17.4,11.4,1.544,10.399000000000001,27.7,36.606,19.2,36.301,52.787,11.1,17.099,64.991,1.101,8.599,0.748,1.6990000000000003,19.999000000000002,0.08700000000000001,11.4,1.201,92.099,79.767,22.35,45.5,11.917,37.632999999999996,10.117,27.517000000000003,14.732999999999999,13.283000000000001,1.2600000000000002,7.45,26.9,27.278999999999996,22.75,41.9,54.482000000000006,11.917,17.366999999999997,69.151,0.783,9.067,0.722,3.283,19.917,0.18199999999999997,13.283000000000001,2.533,87.15
93,61,2021-04-04,8,2,2020-2021,Minas,Pinheiros,1,85.149,30.15,42.299,12.7,39.400999999999996,10.75,28.651,18.299,13.15,1.4160000000000001,10.049000000000001,25.000999999999998,39.866,21.151,39.299,53.66300000000001,12.7,18.399,69.389,0.901,5.051,0.4029999999999999,2.751,20.8,0.13399999999999998,13.15,2.0,98.699,70.265,22.3,36.399,11.565999999999999,38.236000000000004,10.167,28.067,17.165,14.797999999999998,1.168,7.4319999999999995,26.333,28.264,18.201,41.266,44.217999999999996,11.565999999999999,16.133,71.83899999999998,1.268,7.735000000000001,0.518,2.1350000000000002,18.434000000000005,0.12100000000000002,14.797999999999998,1.6350000000000002,74.199
73,62,2021-04-04,8,2,2020-2021,Pato Basquete,Mogi,1,74.199,25.0,35.066,14.134,35.232,9.967,25.268,15.301000000000002,13.735000000000003,1.391,8.333,24.865,34.141000000000005,17.534,38.900999999999996,44.99400000000001,14.134,19.968,70.566,1.468,7.934,0.6079999999999999,1.6009999999999998,21.565999999999995,0.076,13.735000000000003,2.966,76.799,79.798,30.0,36.599,13.199000000000002,40.29799999999999,11.7,28.601,21.401,15.699000000000002,1.386,10.0,29.399999999999995,33.81000000000001,18.301,34.8,52.656000000000006,13.199000000000002,16.802,77.921,2.2979999999999996,5.9,0.382,2.5,22.697999999999997,0.10900000000000001,15.699000000000002,2.7020000000000004,94.69900000000001
93,81,2021-04-04,8,2,2020-2021,Sesi Franca,Cerrado,1,90.466,25.0,48.533,16.932000000000002,35.568,6.9670000000000005,28.601,18.768,11.600999999999999,1.661,8.332,21.832,38.36299999999999,24.267000000000003,42.034,57.44100000000001,16.932000000000002,21.5,78.812,2.8,8.3,0.7209999999999999,2.168,18.766000000000002,0.11599999999999999,11.600999999999999,1.299,107.832,77.26799999999999,25.5,39.13099999999999,12.633,39.301,11.999,27.302000000000003,14.666999999999998,13.733,1.1039999999999999,8.499,24.733999999999998,34.43,19.569000000000006,42.866,45.660000000000004,12.633,17.002,75.495,1.431,8.666,0.6320000000000001,2.6979999999999995,18.502000000000002,0.142,13.733,2.8649999999999998,84.96799999999999
70,66,2021-04-05,7,2,2020-2021,Paulistano,BRB/Brasília,1,77.7,31.35,35.4,10.95,40.4,12.25,28.15,18.5,13.05,1.444,10.45,31.05,33.905,17.7,35.25,50.137,10.95,16.45,65.626,2.05,8.1,0.6249999999999999,1.25,18.5,0.064,13.05,3.15,89.25,75.051,26.4,36.699,11.949,38.5,9.45,29.05,14.7,16.5,0.933,8.799,28.299,30.976,18.351,35.801,51.084999999999994,11.949,15.700999999999999,76.078,0.65,6.65,0.41899999999999993,1.049,19.4,0.05500000000000001,16.5,2.5490000000000004,78.751
93,79,2021-04-05,8,2,2020-2021,Corinthians,UNIFACISA,1,86.516,38.25,35.366,12.9,36.034000000000006,8.916,27.115999999999996,19.55,12.766,1.6279999999999997,12.75,30.165999999999997,42.192,17.684000000000005,34.734,50.897999999999996,12.9,16.734,79.02100000000002,1.416,6.9,0.576,2.0159999999999996,18.715999999999998,0.11000000000000001,12.766,1.1,99.95,82.86800000000001,29.9,40.6,12.368,36.433,10.632,25.801000000000005,19.199,14.867,1.424,9.966,26.934000000000005,36.769000000000005,20.3,39.366,51.524,12.368,16.967000000000002,72.899,1.134,7.768000000000001,0.5909999999999999,2.8,20.999000000000002,0.137,14.867,2.266,93.568
58,77,2021-04-05,8,2,2020-2021,Caxias do Sul Basquete,Flamengo,0,79.95,26.7,37.3,15.95,38.199,10.549,27.65,17.199,12.35,1.427,8.899,25.951,34.488,18.65,36.001000000000005,51.71999999999999,15.95,23.000999999999998,69.25699999999999,1.198,5.551,0.45200000000000007,1.35,20.75,0.064,12.35,1.9009999999999998,88.451,91.26599999999999,43.9,31.666000000000004,15.7,40.966,12.032,28.933,21.299,11.532,1.884,14.633000000000001,39.399,37.178,15.833999999999998,28.201,56.17999999999999,15.7,19.701,78.708,1.732,6.899000000000001,0.616,2.2670000000000003,15.699000000000002,0.148,11.532,2.3009999999999997,110.03299999999999
74,99,2021-04-06,8,2,2020-2021,VipTech CMB,São Paulo,0,75.799,27.7,37.900999999999996,10.200999999999999,35.099000000000004,10.367,24.732,17.999000000000002,13.334,1.3870000000000002,9.233,27.250999999999998,33.856,18.949,38.751,48.93300000000001,10.200999999999999,16.500999999999998,60.403,0.768,6.25,0.48599999999999993,1.333,20.417,0.066,13.334,1.8679999999999999,79.03200000000001,88.134,32.95,41.366,13.815999999999999,39.634,9.516,30.115999999999996,17.934,10.565999999999999,1.718,10.984,29.5,37.335,20.684,37.116,55.495999999999995,13.815999999999999,17.65,78.27099999999999,2.284,7.184,0.693,3.0,14.084,0.223,10.565999999999999,1.266,106.53400000000002
84,69,2021-04-06,8,2,2020-2021,Fortaleza B. C. / CFO,Sesi Franca,1,82.11699999999999,24.3,45.2,12.617,38.733,10.417,28.317,14.782999999999998,13.682999999999998,1.23,8.1,28.0,28.412,22.6,41.7,54.36600000000001,12.617,18.366999999999997,69.41799999999999,0.733,8.967,0.696,3.3329999999999997,19.917,0.185,13.682999999999998,2.933,89.5,90.39999999999999,24.7,49.266,16.432000000000002,36.26800000000001,7.234,29.034000000000002,19.068,11.334,1.72,8.232,21.732,38.064,24.634000000000004,43.0,57.20800000000001,16.432000000000002,21.0,78.266,2.9,8.4,0.744,2.168,18.8,0.11600000000000002,11.334,1.266,108.532
81,79,2021-04-06,7,2,2020-2021,Minas,Bauru Basket,1,85.466,31.4,41.065999999999995,13.0,40.134,11.6,28.534000000000002,18.366,13.05,1.4300000000000002,10.466,25.984,39.844,20.534,38.715999999999994,52.867000000000004,13.0,19.216,67.75699999999999,0.9339999999999999,5.384,0.42699999999999994,2.734,19.95,0.13899999999999996,13.05,2.1,99.116,82.8,31.4,39.533,11.867,36.565999999999995,10.201,26.367,17.666999999999998,11.667,1.541,10.466,27.933,36.623999999999995,19.767000000000003,37.067,53.261,11.867,17.933,65.918,1.167,8.766,0.749,1.7990000000000002,20.133,0.09100000000000001,11.667,1.334,95.099
