placar_casa,placar_visitante,data,round,stage,ano,equipe_casa,equipe_visitante,resultado,Pts_casa,3P_casa,2P_casa,LL_casa,RT_casa,RO_casa,RD_casa,AS_casa,ER_casa,IA%_casa,3PC_casa,3PT_casa,3P%_casa,2PC_casa,2PT_casa,2P%_casa,LLC_casa,LLT_casa,LL%_casa,EN_casa,BR_casa,B/E_casa,TO_casa,FC_casa,T/FC_casa,ET_casa,VI_casa,EF_casa,Pts_visitante,3P_visitante,2P_visitante,LL_visitante,RT_visitante,RO_visitante,RD_visitante,AS_visitante,ER_visitante,IA%_visitante,3PC_visitante,3PT_visitante,3P%_visitante,2PC_visitante,2PT_visitante,2P%_visitante,LLC_visitante,LLT_visitante,LL%_visitante,EN_visitante,BR_visitante,B/E_visitante,TO_visitante,FC_visitante,T/FC_visitante,ET_visitante,VI_visitante,EF_visitante
73,85,2022-10-15,1,1,2022-2023,Minas,Flamengo,0,0.0,0.0,0.0,0.0,0.0,0.0,0.0,0.0,0.0,0.0,0.0,0.0,0.0,0.0,0.0,0.0,0.0,0.0,0.0,0.0,0.0,0.0,0.0,0.0,0.0,0.0,0.0,0.0,0.0,0.0,0.0,0.0,0.0,0.0,0.0,0.0,0.0,0.0,0.0,0.0,0.0,0.0,0.0,0.0,0.0,0.0,0.0,0.0,0.0,0.0,0.0,0.0,0.0,0.0,0.0,0.0
90,79,2022-10-15,1,1,2022-2023,UNIFACISA,Cerrado,1,0.0,0.0,0.0,0.0,0.0,0.0,0.0,0.0,0.0,0.0,0.0,0.0,0.0,0.0,0.0,0.0,0.0,0.0,0.0,0.0,0.0,0.0,0.0,0.0,0.0,0.0,0.0,0.0,0.0,0.0,0.0,0.0,0.0,0.0,0.0,0.0,0.0,0.0,0.0,0.0,0.0,0.0,0.0,0.0,0.0,0.0,0.0,0.0,0.0,0.0,0.0,0.0,0.0,0.0,0.0,0.0
93,88,2022-10-15,1,1,2022-2023,Rio Claro,Paulistano,1,0.0,0.0,0.0,0.0,0.0,0.0,0.0,0.0,0.0,0.0,0.0,0.0,0.0,0.0,0.0,0.0,0.0,0.0,0.0,0.0,0.0,0.0,0.0,0.0,0.0,0.0,0.0,0.0,0.0,0.0,0.0,0.0,0.0,0.0,0.0,0.0,0.0,0.0,0.0,0.0,0.0,0.0,0.0,0.0,0.0,0.0,0.0,0.0,0.0,0.0,0.0,0.0,0.0,0.0,0.0,0.0
82,77,2022-10-15,1,1,2022-2023,Corinthians,Coop/São José Basketball,1,0.0,0.0,0.0,0.0,0.0,0.0,0.0,0.0,0.0,0.0,0.0,0.0,0.0,0.0,0.0,0.0,0.0,0.0,0.0,0.0,0.0,0.0,0.0,0.0,0.0,0.0,0.0,0.0,0.0,0.0,0.0,0.0,0.0,0.0,0.0,0.0,0.0,0.0,0.0,0.0,0.0,0.0,0.0,0.0,0.0,0.0,0.0,0.0,0.0,0.0,0.0,0.0,0.0,0.0,0.0,0.0
61,71,2022-10-17,2,1,2022-2023,Pato Basquete,Coop/São José Basketball,0,0.0,0.0,0.0,0.0,0.0,0.0,0.0,0.0,0.0,0.0,0.0,0.0,0.0,0.0,0.0,0.0,0.0,0.0,0.0,0.0,0.0,0.0,0.0,0.0,0.0,0.0,0.0,0.0,77.0,27.0,36.0,14.0,38.0,12.0,26.0,20.0,16.0,1.25,9.0,35.0,25.71,18.0,28.0,64.29,14.0,20.0,70.0,1.0,7.0,0.44,0.0,18.0,0.0,16.0,7.0,84.0
84,71,2022-10-17,2,1,2022-2023,UNIFACISA,BRB/Brasília,1,90.0,18.0,60.0,12.0,40.0,8.0,32.0,24.0,19.0,1.26,6.0,16.0,37.5,30.0,43.0,69.77,12.0,18.0,66.67,3.0,7.0,0.37,2.0,20.0,0.1,19.0,6.0,115.0,0.0,0.0,0.0,0.0,0.0,0.0,0.0,0.0,0.0,0.0,0.0,0.0,0.0,0.0,0.0,0.0,0.0,0.0,0.0,0.0,0.0,0.0,0.0,0.0,0.0,0.0,0.0,0.0
80,86,2022-10-17,2,1,2022-2023,Fortaleza B. C. / CFO,Cerrado,0,0.0,0.0,0.0,0.0,0.0,0.0,0.0,0.0,0.0,0.0,0.0,0.0,0.0,0.0,0.0,0.0,0.0,0.0,0.0,0.0,0.0,0.0,0.0,0.0,0.0,0.0,0.0,0.0,79.0,30.0,34.0,15.0,27.0,9.0,18.0,19.0,12.0,1.58,10.0,34.0,29.41,17.0,29.0,58.62,15.0,22.0,68.18,5.0,9.0,0.75,0.0,16.0,0.0,12.0,1.0,79.0
71,98,2022-10-17,2,1,2022-2023,Rio Claro,São Paulo,0,93.0,21.0,62.0,10.0,32.0,6.0,26.0,18.0,12.0,1.5,7.0,21.0,33.33,31.0,42.0,73.81,10.0,12.0,83.33,6.0,5.0,0.42,4.0,23.0,0.17,12.0,1.0,113.0,0.0,0.0,0.0,0.0,0.0,0.0,0.0,0.0,0.0,0.0,0.0,0.0,0.0,0.0,0.0,0.0,0.0,0.0,0.0,0.0,0.0,0.0,0.0,0.0,0.0,0.0,0.0,0.0
81,72,2022-10-18,2,1,2022-2023,Pinheiros,Minas,1,0.0,0.0,0.0,0.0,0.0,0.0,0.0,0.0,0.0,0.0,0.0,0.0,0.0,0.0,0.0,0.0,0.0,0.0,0.0,0.0,0.0,0.0,0.0,0.0,0.0,0.0,0.0,0.0,73.0,24.0,44.0,5.0,39.0,18.0,21.0,16.0,9.0,1.78,8.0,28.0,28.57,22.0,44.0,50.0,5.0,7.0,71.43,3.0,6.0,0.67,2.0,22.0,0.09,9.0,2.0,83.0
83,62,2022-10-18,2,1,2022-2023,Sesi Franca,Paulistano,1,0.0,0.0,0.0,0.0,0.0,0.0,0.0,0.0,0.0,0.0,0.0,0.0,0.0,0.0,0.0,0.0,0.0,0.0,0.0,0.0,0.0,0.0,0.0,0.0,0.0,0.0,0.0,0.0,88.0,21.0,44.0,23.0,34.0,15.0,19.0,17.0,8.0,2.13,7.0,26.0,26.92,22.0,42.0,52.38,23.0,28.0,82.14,1.0,8.0,1.0,1.0,16.0,0.06,8.0,1.0,96.0
62,75,2022-10-19,2,1,2022-2023,Fortaleza B. C. / CFO,BRB/Brasília,0,71.0,10.5,47.0,13.5,47.0,16.5,30.5,14.0,17.0,0.82,3.5,20.5,17.07,23.5,44.0,53.41,13.5,31.0,43.55,2.0,8.0,0.47,4.0,28.0,0.14,17.0,2.5,72.0,73.0,18.0,43.0,12.0,36.5,7.5,29.0,14.0,11.5,1.22,6.0,26.0,23.08,21.5,36.0,59.72,12.0,21.5,55.81,3.0,5.5,0.48,0.0,22.0,0.0,11.5,0.0,73.5
70,82,2022-10-20,2,1,2022-2023,Corinthians,Flamengo,0,82.0,15.0,52.0,15.0,28.0,4.0,24.0,20.0,12.0,1.67,5.0,20.0,25.0,26.0,39.0,66.67,15.0,21.0,71.43,1.0,7.0,0.58,4.0,18.0,0.22,12.0,4.0,95.0,85.0,39.0,28.0,18.0,36.0,10.0,26.0,22.0,11.0,2.0,13.0,35.0,37.14,14.0,22.0,63.64,18.0,26.0,69.23,1.0,4.0,0.36,3.0,14.0,0.21,11.0,2.0,101.0
72,82,2022-10-20,2,1,2022-2023,Bauru Basket,Minas,0,0.0,0.0,0.0,0.0,0.0,0.0,0.0,0.0,0.0,0.0,0.0,0.0,0.0,0.0,0.0,0.0,0.0,0.0,0.0,0.0,0.0,0.0,0.0,0.0,0.0,0.0,0.0,0.0,75.0,27.75,38.5,8.75,38.0,13.0,25.0,17.5,13.5,1.42,9.25,25.25,37.620000000000005,19.25,38.75,49.625,8.75,10.75,78.82,1.75,5.0,0.445,2.0,20.25,0.1,13.5,3.75,86.5
68,65,2022-10-21,2,1,2022-2023,Caxias do Sul Basquete,União Corinthians,1,0.0,0.0,0.0,0.0,0.0,0.0,0.0,0.0,0.0,0.0,0.0,0.0,0.0,0.0,0.0,0.0,0.0,0.0,0.0,0.0,0.0,0.0,0.0,0.0,0.0,0.0,0.0,0.0,0.0,0.0,0.0,0.0,0.0,0.0,0.0,0.0,0.0,0.0,0.0,0.0,0.0,0.0,0.0,0.0,0.0,0.0,0.0,0.0,0.0,0.0,0.0,0.0,0.0,0.0,0.0,0.0
64,91,2022-10-22,2,1,2022-2023,Pato Basquete,Flamengo,0,62.5,22.5,32.0,8.0,37.5,13.5,24.0,8.0,12.0,0.67,7.5,31.5,23.81,16.0,34.5,46.38,8.0,11.5,69.57,1.0,7.5,0.63,0.5,14.0,0.04,12.0,5.0,58.0,85.75,40.5,29.5,15.75,35.25,9.75,25.5,20.25,12.25,1.685,13.5,35.25,38.29,14.75,23.75,62.21,15.75,21.75,73.185,1.75,4.5,0.365,1.75,16.0,0.12,12.25,2.0,98.5
61,57,2022-10-22,2,1,2022-2023,Corinthians,Paulistano,1,73.75,16.5,44.0,13.25,35.75,8.0,27.75,17.5,16.0,1.21,5.5,21.25,25.835,22.0,36.25,60.2,13.25,18.75,70.565,3.0,5.75,0.40499999999999997,5.5,17.75,0.31,16.0,5.0,86.75,73.75,19.5,38.0,16.25,39.25,18.0,21.25,15.5,7.5,2.065,6.5,27.25,23.985,19.0,48.0,41.005,16.25,20.25,79.07,1.0,8.0,1.0699999999999998,1.5,18.75,0.075,7.5,1.5,76.75
79,93,2022-10-22,2,1,2022-2023,Rio Claro,Sesi Franca,0,84.0,21.75,52.0,10.25,31.75,7.75,24.0,15.25,10.75,1.4100000000000001,7.25,22.0,32.97,26.0,43.25,60.5,10.25,12.5,82.05,4.0,5.5,0.525,2.75,21.0,0.125,10.75,1.5,94.25,88.0,43.5,34.0,10.5,47.5,11.5,36.0,17.0,16.5,1.03,14.5,34.0,42.65,17.0,28.0,60.71,10.5,18.0,58.33,1.0,3.0,0.18,2.5,16.0,0.16,16.5,4.0,103.5
93,95,2022-10-22,2,1,2022-2023,Cerrado,Pinheiros,0,84.25,39.0,30.0,15.25,31.25,10.5,20.75,16.5,13.25,1.275,13.0,38.0,33.755,15.0,27.25,54.8,15.25,22.5,67.785,3.25,9.25,0.7050000000000001,0.75,18.25,0.035,13.25,1.75,84.25,88.0,28.5,40.0,19.5,38.5,12.5,26.0,22.5,12.0,1.88,9.5,27.5,34.55,20.0,40.5,49.38,19.5,22.0,88.64,2.5,7.5,0.63,5.5,14.5,0.38,12.0,0.0,109.0
76,69,2022-10-24,3,1,2022-2023,Paulistano,Pato Basquete,1,69.0,19.0,36.0,14.0,41.0,19.0,22.0,15.0,7.333333333333333,2.0433333333333334,6.333333333333333,27.666666666666668,23.006666666666664,18.0,50.0,37.21333333333333,14.0,17.666666666666668,78.04666666666667,1.0,8.0,1.093333333333333,1.6666666666666667,19.666666666666668,0.08,7.333333333333333,1.6666666666666667,70.33333333333333,62.5,22.5,32.0,8.0,37.5,13.5,24.0,8.0,12.0,0.67,7.5,31.5,23.81,16.0,34.5,46.38,8.0,11.5,69.57,1.0,7.5,0.63,0.5,14.0,0.04,12.0,5.0,58.0
92,94,2022-10-24,3,1,2022-2023,Minas,Sesi Franca,0,75.66666666666667,29.0,36.666666666666664,10.0,37.666666666666664,11.333333333333334,26.333333333333332,18.0,15.0,1.3,9.666666666666666,24.333333333333332,40.63666666666667,18.333333333333332,37.0,49.5,10.0,12.0,81.28333333333332,1.3333333333333333,4.666666666666667,0.37000000000000005,2.0,19.666666666666668,0.10333333333333333,15.0,4.333333333333333,87.66666666666667,88.0,43.5,34.0,10.5,47.5,11.5,36.0,17.0,16.5,1.03,14.5,34.0,42.65,17.0,28.0,60.71,10.5,18.0,58.33,1.0,3.0,0.18,2.5,16.0,0.16,16.5,4.0,103.5
68,71,2022-10-24,3,1,2022-2023,BRB/Brasília,Pinheiros,0,73.0,18.0,43.0,12.0,36.5,7.5,29.0,14.0,11.5,1.22,6.0,26.0,23.08,21.5,36.0,59.72,12.0,21.5,55.81,3.0,5.5,0.48,0.0,22.0,0.0,11.5,0.0,73.5,88.0,28.5,40.0,19.5,38.5,12.5,26.0,22.5,12.0,1.88,9.5,27.5,34.55,20.0,40.5,49.38,19.5,22.0,88.64,2.5,7.5,0.63,5.5,14.5,0.38,12.0,0.0,109.0
80,60,2022-10-25,3,1,2022-2023,Flamengo,Fortaleza B. C. / CFO,1,86.0,41.0,30.0,15.0,35.0,9.666666666666666,25.333333333333332,19.666666666666668,12.666666666666666,1.58,13.666666666666666,35.333333333333336,38.67333333333333,15.0,24.333333333333332,61.73333333333333,15.0,20.333333333333332,74.50333333333333,2.0,4.666666666666667,0.3666666666666667,1.3333333333333333,16.666666666666668,0.09000000000000001,12.666666666666666,2.0,97.66666666666667,71.0,10.5,47.0,13.5,47.0,16.5,30.5,14.0,17.0,0.82,3.5,20.5,17.07,23.5,44.0,53.41,13.5,31.0,43.55,2.0,8.0,0.47,4.0,28.0,0.14,17.0,2.5,72.0
98,77,2022-10-25,3,1,2022-2023,Corinthians,Rio Claro,1,71.0,17.0,41.333333333333336,12.666666666666666,38.333333333333336,9.333333333333334,29.0,16.666666666666668,17.333333333333332,1.0566666666666666,5.666666666666667,21.666666666666668,26.113333333333333,20.666666666666668,35.333333333333336,58.04333333333333,12.666666666666666,18.0,70.27666666666666,3.6666666666666665,5.333333333333333,0.3466666666666667,6.0,17.666666666666668,0.34,17.333333333333332,5.333333333333333,84.0,81.0,22.0,48.666666666666664,10.333333333333334,31.666666666666668,8.333333333333334,23.333333333333332,14.333333333333334,10.333333333333334,1.3800000000000001,7.333333333333333,22.333333333333332,32.85,24.333333333333332,43.666666666666664,56.06333333333333,10.333333333333334,12.666666666666666,81.62333333333333,3.3333333333333335,5.666666666666667,0.56,2.3333333333333335,20.333333333333332,0.11,10.333333333333334,1.6666666666666667,88.0
66,86,2022-10-26,3,1,2022-2023,BRB/Brasília,Bauru Basket,0,71.0,20.5,37.0,13.5,37.0,8.5,28.5,14.0,12.166666666666666,1.16,6.833333333333333,27.5,24.676666666666666,18.5,33.5,54.43333333333334,13.5,22.166666666666668,60.60999999999999,2.3333333333333335,5.5,0.4566666666666666,0.0,22.0,0.0,12.166666666666666,1.1666666666666667,71.0,72.0,24.0,42.0,6.0,38.0,15.0,23.0,16.0,6.0,2.67,8.0,31.0,25.81,21.0,41.0,51.22,6.0,13.0,46.15,2.0,4.0,0.67,2.0,16.0,0.13,6.0,2.0,76.0
91,53,2022-10-27,3,1,2022-2023,Flamengo,UNIFACISA,1,85.875,41.625,30.5,13.75,39.875,11.5,28.375,21.125,12.875,1.6575,13.875,36.25,38.3,15.25,25.75,59.63249999999999,13.75,19.5,70.5825,2.125,5.125,0.395,1.75,16.375,0.115,12.875,1.875,102.25,87.0,28.5,51.0,7.5,37.0,7.5,29.5,23.0,15.5,1.545,9.5,20.5,44.75,25.5,41.0,61.81,7.5,12.5,54.765,3.5,6.0,0.395,1.0,19.0,0.05,15.5,4.5,107.0
83,74,2022-10-27,3,1,2022-2023,Coop/São José Basketball,Fortaleza B. C. / CFO,1,74.0,30.0,34.0,10.0,41.5,13.0,28.5,18.5,14.5,1.28,10.0,33.5,30.045,17.0,31.0,55.675000000000004,10.0,14.5,68.33500000000001,1.0,7.5,0.53,0.5,16.0,0.035,14.5,4.5,85.5,69.66666666666667,13.5,44.333333333333336,11.833333333333334,45.166666666666664,15.333333333333334,29.833333333333332,13.333333333333334,14.333333333333334,0.9899999999999999,4.5,23.0,19.116666666666667,22.166666666666668,43.833333333333336,50.54999999999999,11.833333333333334,26.5,45.22333333333333,1.6666666666666667,7.666666666666667,0.5733333333333334,3.0,24.833333333333332,0.11,14.333333333333334,1.8333333333333333,69.66666666666667
99,90,2022-10-27,3,1,2022-2023,São Paulo,Pato Basquete,1,98.0,51.0,40.0,7.0,33.0,8.0,25.0,20.0,9.0,2.22,17.0,33.0,51.52,20.0,33.0,60.61,7.0,8.0,87.5,1.0,6.0,0.67,0.0,13.0,0.0,9.0,1.0,118.0,68.16666666666667,24.0,35.0,9.166666666666666,36.333333333333336,12.0,24.333333333333332,10.0,12.666666666666666,0.7799999999999999,8.0,31.5,25.396666666666665,17.5,36.333333333333336,48.00333333333333,9.166666666666666,14.666666666666666,64.63333333333333,0.6666666666666666,10.333333333333334,0.7999999999999999,0.8333333333333334,16.333333333333332,0.05000000000000001,12.666666666666666,4.666666666666667,65.16666666666667
87,81,2022-10-28,3,1,2022-2023,Minas,Caxias do Sul Basquete,1,79.125,29.625,39.0,10.5,38.0,11.0,27.0,18.625,14.875,1.3275,9.875,24.875,40.3825,19.5,37.75,51.5,10.5,13.125,79.145,1.75,5.75,0.4325,1.875,19.625,0.0975,14.875,4.625,92.625,68.0,15.0,40.0,13.0,43.0,10.0,33.0,10.0,14.0,0.71,5.0,24.0,20.83,20.0,39.0,51.28,13.0,16.0,81.25,0.0,6.0,0.43,4.0,19.0,0.21,14.0,2.0,76.0
69,80,2022-10-28,3,1,2022-2023,Cerrado,Bauru Basket,0,86.0,42.0,28.666666666666668,15.333333333333334,32.666666666666664,11.0,21.666666666666668,15.666666666666666,13.666666666666666,1.1733333333333331,14.0,39.333333333333336,35.20333333333334,14.333333333333334,26.666666666666668,53.526666666666664,15.333333333333334,22.666666666666668,67.65333333333332,2.6666666666666665,9.333333333333334,0.6900000000000001,1.0,19.0,0.04666666666666667,13.666666666666666,2.0,86.0,77.5,23.25,43.0,11.25,37.75,14.25,23.5,16.5,6.25,2.645,7.75,28.25,27.61,21.5,42.0,51.19,11.25,17.0,62.36,2.25,5.5,0.875,1.25,17.75,0.08,6.25,1.25,85.5
82,69,2022-10-29,3,1,2022-2023,Sesi Franca,São Paulo,1,88.0,41.0,34.666666666666664,12.333333333333334,45.833333333333336,11.0,34.833333333333336,17.666666666666668,16.666666666666668,1.06,13.666666666666666,33.0,41.336666666666666,17.333333333333332,29.166666666666668,59.52,12.333333333333334,19.5,62.589999999999996,0.8333333333333334,3.1666666666666665,0.18999999999999997,2.1666666666666665,15.0,0.14666666666666667,16.666666666666668,3.5,101.83333333333333,91.0,41.25,39.0,10.75,33.25,6.75,26.5,18.25,11.75,1.6800000000000002,13.75,32.75,41.915000000000006,19.5,32.5,59.995000000000005,10.75,13.25,82.94,0.5,7.75,0.665,1.0,15.25,0.055,11.75,1.25,105.0
62,71,2022-10-29,3,1,2022-2023,Coop/São José Basketball,UNIFACISA,0,73.5,32.5,31.666666666666668,9.333333333333334,40.0,11.0,29.0,18.333333333333332,13.166666666666666,1.4233333333333331,10.833333333333334,33.833333333333336,32.10666666666666,15.833333333333334,29.833333333333332,53.48,9.333333333333334,12.833333333333334,73.62666666666667,0.8333333333333334,6.833333333333333,0.5266666666666667,1.0,16.666666666666668,0.06,13.166666666666666,3.3333333333333335,86.0,78.66666666666667,25.0,45.333333333333336,8.333333333333334,36.0,7.666666666666667,28.333333333333332,18.666666666666668,14.0,1.3333333333333333,8.333333333333334,20.333333333333332,39.833333333333336,22.666666666666668,41.166666666666664,54.86000000000001,8.333333333333334,12.666666666666666,62.15,2.6666666666666665,6.0,0.4466666666666667,1.1666666666666667,19.166666666666668,0.06,14.0,3.6666666666666665,91.66666666666667
61,59,2022-10-31,4,1,2022-2023,Pato Basquete,Rio Claro,1,71.0,24.75,36.5,9.75,35.75,11.25,24.5,11.0,13.0,0.835,8.25,31.5,26.189999999999998,18.25,37.25,48.815,9.75,16.25,62.16499999999999,0.5,11.75,0.885,1.0,17.5,0.05500000000000001,13.0,4.5,68.75,80.0,17.25,49.0,13.75,34.75,12.0,22.75,13.5,10.0,1.34,5.75,19.75,26.72,24.5,48.0,52.2925,13.75,17.75,79.4,2.75,6.0,0.615,2.5,21.25,0.115,10.0,1.75,85.25
72,74,2022-11-01,4,1,2022-2023,União Corinthians,BRB/Brasília,0,65.0,33.0,24.0,8.0,33.0,5.0,28.0,13.0,16.0,0.81,11.0,24.0,45.83,12.0,36.0,33.33,8.0,10.0,80.0,1.0,7.0,0.44,2.0,19.0,0.11,16.0,1.0,65.0,70.0,21.75,34.0,14.25,37.25,9.0,28.25,14.0,12.5,1.13,7.25,28.25,25.475,17.0,32.25,51.790000000000006,14.25,22.5,63.00999999999999,2.0,5.5,0.44499999999999995,0.0,22.0,0.0,12.5,1.75,69.75
82,77,2022-11-01,4,1,2022-2023,Bauru Basket,Flamengo,1,79.33333333333333,23.0,43.333333333333336,13.0,37.666666666666664,14.0,23.666666666666668,16.666666666666668,6.333333333333333,2.6366666666666667,7.666666666666667,27.333333333333332,28.209999999999997,21.666666666666668,42.333333333333336,51.18,13.0,18.333333333333332,67.76333333333334,2.3333333333333335,6.0,0.9433333333333334,1.0,18.333333333333332,0.06333333333333334,6.333333333333333,1.0,88.66666666666667,85.8,42.0,30.8,13.0,42.8,12.6,30.2,22.0,13.0,1.704,14.0,36.8,38.076,15.4,26.6,58.37199999999999,13.0,19.0,68.22999999999999,2.2,5.4,0.41200000000000003,2.0,16.2,0.13,13.0,1.8,105.0
76,72,2022-11-01,4,1,2022-2023,São Paulo,Pinheiros,1,88.66666666666667,38.0,38.666666666666664,12.0,33.333333333333336,6.333333333333333,27.0,17.666666666666668,12.666666666666666,1.5,12.666666666666666,32.666666666666664,38.71333333333334,19.333333333333332,32.333333333333336,59.79,12.0,15.0,81.42,0.3333333333333333,8.333333333333334,0.6633333333333334,1.3333333333333333,16.0,0.07333333333333333,12.666666666666666,1.3333333333333333,100.66666666666667,82.33333333333333,24.0,39.333333333333336,19.0,44.666666666666664,15.333333333333334,29.333333333333332,18.666666666666668,11.333333333333334,1.6199999999999999,8.0,29.0,28.24333333333333,19.666666666666668,42.0,46.99333333333334,19.0,22.666666666666668,84.09333333333333,1.6666666666666667,7.333333333333333,0.6533333333333333,4.666666666666667,18.0,0.29333333333333333,11.333333333333334,0.6666666666666666,99.33333333333333
55,78,2022-11-02,4,1,2022-2023,Fortaleza B. C. / CFO,Paulistano,0,69.0,15.0,43.0,11.0,44.25,14.75,29.5,13.0,13.0,1.075,5.0,24.25,20.14,21.5,43.75,49.11999999999999,11.0,24.25,46.059999999999995,1.5,7.5,0.625,2.5,23.25,0.095,13.0,1.5,68.5,70.75,21.0,36.5,13.25,41.75,16.25,25.5,17.25,11.25,1.7925,7.0,26.5,27.0375,18.25,46.5,41.105000000000004,13.25,17.0,76.86749999999999,1.5,7.75,0.8949999999999998,2.0,19.25,0.10250000000000001,11.25,2.0,76.75
65,74,2022-11-03,4,1,2022-2023,Pinheiros,Flamengo,0,78.875,23.625,38.75,16.5,44.75,14.75,30.0,18.75,12.375,1.5225,7.875,28.0,28.682499999999997,19.375,41.625,46.665000000000006,16.5,20.875,77.58500000000001,1.375,7.0,0.5875,4.375,18.125,0.2675,12.375,1.25,94.625,84.08333333333333,40.5,31.0,12.583333333333334,43.0,12.416666666666666,30.583333333333332,20.75,13.333333333333334,1.5816666666666668,13.5,36.0,37.46,15.5,27.833333333333332,56.48666666666666,12.583333333333334,18.083333333333332,69.82166666666666,1.9166666666666667,5.25,0.3933333333333333,2.3333333333333335,16.666666666666668,0.14333333333333334,13.333333333333334,2.1666666666666665,101.75
82,85,2022-11-03,4,1,2022-2023,Corinthians,Sesi Franca,0,77.75,21.0,42.5,14.25,38.75,10.0,28.75,18.0,16.0,1.25,7.0,23.5,29.067500000000003,21.25,35.5,59.504999999999995,14.25,19.25,73.36,4.0,5.25,0.365,5.5,19.0,0.2975,16.0,4.25,93.5,88.0,39.75,35.0,13.25,45.0,10.75,34.25,18.0,16.75,1.0750000000000002,13.25,32.5,40.68,17.5,29.75,58.925,13.25,20.25,64.72,0.75,3.25,0.19499999999999998,2.0,14.5,0.14,16.75,3.25,101.0
92,81,2022-11-03,4,1,2022-2023,União Corinthians,Cerrado,1,72.33500000000001,39.5,25.665,7.165,33.0,7.835,25.165,16.5,13.0,1.405,13.165,31.835,42.245,12.835,32.665,39.96,7.165,9.165,78.0,1.0,6.5,0.52,1.5,19.0,0.08,13.0,1.665,76.33500000000001,81.75,37.5,28.5,15.75,35.0,10.75,24.25,13.75,15.0,0.9849999999999999,12.5,37.75,32.462500000000006,14.25,25.75,55.3625,15.75,22.5,70.05749999999999,2.5,7.75,0.5575000000000001,2.75,19.0,0.14,15.0,3.75,82.5
86,76,2022-11-03,4,1,2022-2023,Caxias do Sul Basquete,BRB/Brasília,1,74.5,21.0,38.0,15.5,36.0,11.0,25.0,12.0,11.5,1.135,7.0,26.0,26.485,19.0,38.5,49.325,15.5,21.0,75.24000000000001,0.0,5.5,0.495,2.5,18.0,0.135,11.5,1.5,75.0,71.0,23.4,33.6,14.0,36.6,8.7,27.9,13.8,13.6,1.0479999999999998,7.8,27.6,28.380000000000003,16.8,32.0,51.754000000000005,14.0,21.6,64.852,1.7,5.4,0.4119999999999999,0.0,21.7,0.0,13.6,2.4,70.6
94,76,2022-11-03,4,1,2022-2023,Bauru Basket,Coop/São José Basketball,1,81.5,26.25,42.0,13.25,36.75,12.75,24.0,17.0,7.25,2.4275,8.75,27.875,31.3275,21.0,40.375,52.152499999999996,13.25,18.625,68.77,2.25,6.625,0.92,1.375,18.75,0.08,7.25,1.25,92.125,73.25,33.75,30.5,9.0,39.25,10.0,29.25,18.25,12.5,1.4949999999999999,11.25,34.0,33.137499999999996,15.25,29.25,52.3825,9.0,12.0,76.2725,0.75,6.5,0.525,1.25,17.0,0.0725,12.5,2.75,86.25
61,72,2022-11-04,4,1,2022-2023,UNIFACISA,Paulistano,0,74.5,23.25,42.5,8.75,35.5,7.75,27.75,16.5,13.25,1.2275,7.75,20.25,37.375,21.25,41.25,51.385000000000005,8.75,12.75,65.8425,2.25,6.0,0.47250000000000003,1.25,19.25,0.065,13.25,3.25,84.0,71.6,21.6,36.6,13.4,41.7,15.6,26.1,16.7,11.6,1.658,7.2,26.9,27.244,18.3,44.5,43.02,13.4,17.6,75.494,1.3,8.1,0.8619999999999998,2.1,18.8,0.11200000000000002,11.6,1.9,78.5
78,72,2022-11-05,4,1,2022-2023,São Paulo,Corinthians,1,85.75,36.375,37.25,12.125,33.0,7.125,25.875,17.75,12.75,1.47,12.125,32.125,37.642500000000005,18.625,32.0,58.15,12.125,15.75,78.425,0.25,8.375,0.66,1.125,17.5,0.06,12.75,1.375,96.25,77.6,21.3,41.6,14.7,37.7,9.5,28.2,17.3,15.7,1.2,7.1,23.7,29.375999999999998,20.8,35.5,58.30799999999999,14.7,19.4,75.188,3.9,5.9,0.41,5.1,19.0,0.27399999999999997,15.7,4.0,91.9
82,67,2022-11-05,4,1,2022-2023,Caxias do Sul Basquete,Cerrado,1,77.66666666666667,22.5,41.333333333333336,13.833333333333334,36.833333333333336,11.666666666666666,25.166666666666668,13.833333333333334,12.166666666666666,1.1900000000000002,7.5,25.833333333333332,28.766666666666666,20.666666666666668,39.5,52.160000000000004,13.833333333333334,18.666666666666668,75.16000000000001,0.3333333333333333,6.833333333333333,0.5633333333333334,2.6666666666666665,18.0,0.1466666666666667,12.166666666666666,1.8333333333333333,83.66666666666667,80.2,36.9,28.4,14.9,35.1,11.1,24.0,14.1,15.0,0.994,12.3,37.2,32.54200000000001,14.2,26.2,54.29,14.9,21.1,70.88399999999999,2.2,7.3,0.5200000000000001,2.4,17.3,0.132,15.0,3.4,81.0
81,75,2022-11-05,4,1,2022-2023,Minas,União Corinthians,1,81.2,30.0,40.4,10.8,38.2,10.8,27.4,19.0,14.8,1.3439999999999999,10.0,25.2,40.230000000000004,20.2,38.2,52.7,10.8,13.8,77.862,2.0,6.4,0.47000000000000003,1.8,19.6,0.094,14.8,4.8,95.6,74.78000000000002,41.666666666666664,26.22,6.886666666666667,33.0,8.78,24.22,17.666666666666668,12.0,1.6033333333333335,13.886666666666665,34.446666666666665,41.05,13.113333333333335,31.55333333333333,42.17,6.886666666666667,8.886666666666665,77.33333333333333,1.0,6.333333333333333,0.5466666666666667,1.3333333333333333,19.0,0.07,12.0,1.8866666666666667,80.11333333333334
70,94,2022-11-05,4,1,2022-2023,Pato Basquete,Sesi Franca,0,69.9,24.6,35.4,9.9,34.8,10.3,24.5,11.4,13.3,0.8480000000000001,8.2,30.1,27.482,17.7,36.4,48.446,9.9,16.4,62.08399999999999,0.8,10.7,0.798,0.8,18.1,0.044000000000000004,13.3,4.3,67.2,88.3,38.1,36.2,14.0,44.6,11.4,33.2,19.1,15.5,1.3080000000000003,12.7,32.4,39.106,18.1,31.1,58.372,14.0,20.5,67.59,1.0,3.9,0.27999999999999997,2.0,15.1,0.134,15.5,2.9,103.2
57,72,2022-11-15,5,1,2022-2023,Rio Claro,Fortaleza B. C. / CFO,0,75.8,16.2,46.8,12.8,35.6,11.4,24.2,13.0,11.8,1.1880000000000002,5.4,18.6,27.089999999999996,23.4,47.0,50.672,12.8,18.0,72.994,2.4,6.2,0.5660000000000001,2.2,20.6,0.10400000000000001,11.8,2.4,79.0,66.2,14.4,40.4,11.4,44.2,14.6,29.6,12.2,13.8,0.966,4.8,24.2,19.446,20.2,43.2,46.61399999999999,11.4,22.4,54.181999999999995,1.8,7.2,0.5700000000000001,2.8,21.6,0.13,13.8,1.8,65.4
62,76,2022-11-17,5,1,2022-2023,Paulistano,Pinheiros,0,72.16666666666667,22.0,36.666666666666664,13.5,41.666666666666664,15.166666666666666,26.5,16.333333333333332,11.833333333333334,1.5683333333333334,7.333333333333333,27.166666666666668,27.381666666666664,18.333333333333332,43.166666666666664,44.296666666666674,13.5,18.0,74.57833333333333,1.1666666666666667,8.333333333333334,0.8399999999999999,2.1666666666666665,18.5,0.11833333333333335,11.833333333333334,1.8333333333333333,79.66666666666667,76.8,23.4,38.4,15.0,44.8,14.4,30.4,18.8,13.0,1.464,7.8,27.4,28.945999999999998,19.2,41.4,46.468,15.0,19.8,73.68,1.2,6.8,0.548,4.2,18.2,0.252,13.0,1.6,91.8
104,80,2022-11-17,5,1,2022-2023,Rio Claro,UNIFACISA,1,76.58333333333333,18.75,45.0,12.833333333333334,35.583333333333336,11.0,24.583333333333332,13.5,11.25,1.3033333333333335,6.25,21.083333333333332,27.798333333333332,22.5,45.0,50.798333333333325,12.833333333333334,18.0,72.86500000000001,2.5,6.5,0.6283333333333333,2.0833333333333335,20.666666666666668,0.09833333333333334,11.25,2.0833333333333335,80.5,71.8,22.8,40.8,8.2,34.8,8.0,26.8,15.0,14.4,1.076,7.6,20.4,36.565999999999995,20.4,40.4,50.298,8.2,11.4,72.674,1.8,6.4,0.462,1.2,20.4,0.06,14.4,3.6,78.8
82,73,2022-11-17,5,1,2022-2023,São Paulo,Bauru Basket,1,84.0,35.4,36.4,12.2,32.8,7.6,25.2,17.8,12.8,1.452,11.8,31.8,37.00000000000001,18.2,31.8,57.166,12.2,16.2,76.628,0.2,8.4,0.658,1.0,18.4,0.052000000000000005,12.8,1.4,93.6,82.8,28.2,41.2,13.4,36.2,12.0,24.2,17.2,7.8,2.3020000000000005,9.4,28.2,33.198,20.6,39.2,52.736000000000004,13.4,18.8,69.374,2.2,7.0,0.906,1.6,19.0,0.09,7.8,1.4,94.2
78,73,2022-11-17,5,1,2022-2023,Coop/São José Basketball,Caxias do Sul Basquete,1,73.8,30.6,33.2,10.0,37.0,9.8,27.2,18.8,12.8,1.496,10.2,31.2,32.51,16.6,30.8,53.798,10.0,13.4,75.75399999999999,0.8,7.2,0.562,1.6,17.0,0.094,12.8,3.0,87.0,79.25,23.25,43.0,13.0,37.25,12.0,25.25,14.75,12.5,1.2175,7.75,25.75,29.9075,21.5,40.0,53.5775,13.0,17.5,75.12,0.5,7.5,0.5974999999999999,2.75,18.0,0.15250000000000002,12.5,2.0,88.0
102,112,2022-11-17,5,1,2022-2023,Cerrado,Minas,0,79.16666666666667,36.5,28.333333333333332,14.333333333333334,35.166666666666664,11.333333333333334,23.833333333333332,14.333333333333334,15.0,1.0,12.166666666666666,36.833333333333336,32.595000000000006,14.166666666666666,26.5,53.574999999999996,14.333333333333334,20.166666666666668,71.43499999999999,2.0,7.0,0.4950000000000001,2.1666666666666665,16.166666666666668,0.12666666666666668,15.0,3.1666666666666665,80.0,81.16666666666667,29.5,41.0,10.666666666666666,38.166666666666664,10.5,27.666666666666668,19.166666666666668,14.333333333333334,1.3983333333333334,9.833333333333334,24.833333333333332,40.04666666666667,20.5,38.0,53.82666666666666,10.666666666666666,13.666666666666666,77.705,1.6666666666666667,6.166666666666667,0.46166666666666667,1.8333333333333333,18.333333333333332,0.10666666666666667,14.333333333333334,4.166666666666667,96.66666666666667
78,62,2022-11-17,5,1,2022-2023,Sesi Franca,Fortaleza B. C. / CFO,1,88.5,37.0,37.0,14.5,44.333333333333336,11.833333333333334,32.5,19.833333333333332,14.666666666666666,1.4633333333333336,12.333333333333334,32.333333333333336,38.056666666666665,18.5,32.0,58.00333333333333,14.5,20.666666666666668,69.50333333333333,1.1666666666666667,4.333333333333333,0.33666666666666667,2.0,15.5,0.13,14.666666666666666,2.6666666666666665,104.66666666666667,66.33333333333333,17.0,39.0,10.333333333333334,43.916666666666664,14.0,29.916666666666668,12.583333333333334,14.083333333333334,0.9616666666666666,5.666666666666667,24.833333333333332,22.156666666666666,19.5,42.333333333333336,45.86333333333332,10.333333333333334,20.416666666666668,53.08833333333333,1.75,7.166666666666667,0.55,2.5833333333333335,21.416666666666668,0.12,14.083333333333334,2.1666666666666665,66.41666666666667
68,96,2022-11-18,5,1,2022-2023,Pato Basquete,Corinthians,0,69.16666666666667,24.5,34.666666666666664,10.0,34.166666666666664,9.666666666666666,24.5,11.666666666666666,13.5,0.8566666666666668,8.166666666666666,29.166666666666668,28.343333333333334,17.333333333333332,35.833333333333336,48.199999999999996,10.0,16.5,62.029999999999994,1.0,10.0,0.7400000000000001,0.6666666666666666,18.5,0.036666666666666674,13.5,4.166666666666667,66.16666666666667,77.5,21.5,41.0,15.0,37.0,9.166666666666666,27.833333333333332,16.833333333333332,15.5,1.1666666666666667,7.166666666666667,23.833333333333332,29.581666666666667,20.5,35.5,57.50999999999999,15.0,19.5,76.40666666666667,3.8333333333333335,6.333333333333333,0.43999999999999995,4.833333333333333,19.0,0.2583333333333333,15.5,3.8333333333333335,90.83333333333333
80,69,2022-11-19,5,1,2022-2023,Flamengo,Caxias do Sul Basquete,1,82.85714285714286,39.42857142857143,31.142857142857142,12.285714285714286,43.142857142857146,12.285714285714286,30.857142857142858,19.857142857142858,13.571428571428571,1.4942857142857144,13.142857142857142,35.42857142857143,37.019999999999996,15.571428571428571,28.714285714285715,55.13999999999999,12.285714285714286,17.428571428571427,70.95857142857142,1.7142857142857142,5.142857142857143,0.37999999999999995,2.5714285714285716,17.0,0.15285714285714286,13.571428571428571,2.4285714285714284,99.42857142857143,77.6,24.6,40.2,12.8,36.6,11.4,25.2,14.0,12.1,1.184,8.2,26.3,30.944,20.1,38.9,51.26800000000001,12.8,17.2,75.096,0.5,7.8,0.6499999999999999,2.6,18.8,0.14,12.1,1.8,85.2
103,84,2022-11-19,5,1,2022-2023,Coop/São José Basketball,União Corinthians,1,76.58333333333333,30.25,35.833333333333336,10.5,37.166666666666664,9.5,27.666666666666668,19.666666666666668,12.833333333333334,1.555,10.083333333333334,30.333333333333332,33.181666666666665,17.916666666666668,31.833333333333332,55.86833333333334,10.5,14.083333333333334,75.51,1.1666666666666667,6.583333333333333,0.5133333333333333,1.8333333333333333,17.083333333333332,0.10666666666666667,12.833333333333334,2.9166666666666665,91.25,76.00250000000001,42.75,26.4975,6.7475000000000005,33.0,9.2525,23.7475,18.25,11.5,1.7025000000000001,14.247499999999999,35.7525,40.4525,13.252500000000001,30.9975,43.275000000000006,6.7475000000000005,8.747499999999999,77.0,1.0,6.25,0.56,1.25,19.0,0.065,11.5,1.9975,82.00250000000001
71,68,2022-11-19,5,1,2022-2023,Paulistano,Bauru Basket,1,71.35714285714286,21.857142857142858,37.0,12.5,42.0,15.928571428571429,26.071428571428573,15.857142857142858,11.642857142857142,1.5214285714285716,7.285714285714286,27.928571428571427,26.547142857142855,18.5,43.42857142857143,44.15857142857143,12.5,17.0,72.36571428571428,1.2142857142857142,8.571428571428571,0.8557142857142856,2.4285714285714284,18.5,0.13285714285714287,11.642857142857142,1.5714285714285714,78.5,80.75,28.5,39.833333333333336,12.416666666666666,36.333333333333336,12.083333333333334,24.25,17.0,9.0,2.096666666666667,9.5,29.166666666666668,32.56666666666667,19.916666666666668,37.833333333333336,52.818333333333335,12.416666666666666,17.416666666666668,69.71666666666667,2.1666666666666665,6.583333333333333,0.805,1.8333333333333333,18.25,0.11,9.0,1.75,90.91666666666667
74,94,2022-11-19,5,1,2022-2023,BRB/Brasília,Minas,0,71.66666666666667,24.5,33.333333333333336,13.833333333333334,36.166666666666664,8.5,27.666666666666668,13.666666666666666,14.333333333333334,0.9933333333333332,8.166666666666666,27.166666666666668,30.316666666666666,16.666666666666668,31.833333333333332,51.73000000000001,13.833333333333334,21.0,66.08,1.5,5.333333333333333,0.38999999999999996,0.0,21.5,0.0,14.333333333333334,2.8333333333333335,71.16666666666667,84.28571428571429,29.785714285714285,43.285714285714285,11.214285714285714,39.785714285714285,10.642857142857142,29.142857142857142,19.214285714285715,14.857142857142858,1.352857142857143,9.928571428571429,25.428571428571427,39.49857142857143,21.642857142857142,38.642857142857146,55.71714285714285,11.214285714285714,14.142857142857142,78.78857142857143,1.8571428571428572,6.214285714285714,0.4471428571428571,1.8571428571428572,18.714285714285715,0.10571428571428572,14.857142857142858,4.071428571428571,101.07142857142857
106,94,2022-11-19,5,1,2022-2023,Sesi Franca,UNIFACISA,1,89.0,36.642857142857146,36.857142857142854,15.5,43.785714285714285,11.214285714285714,32.57142857142857,18.857142857142858,14.357142857142858,1.4028571428571428,12.214285714285714,31.357142857142858,39.06285714285714,18.428571428571427,31.642857142857142,58.43428571428571,15.5,21.928571428571427,69.98571428571428,1.2142857142857142,4.571428571428571,0.35714285714285715,2.0714285714285716,15.571428571428571,0.13428571428571429,14.357142857142858,2.5714285714285716,105.14285714285714,74.33333333333333,25.25,39.666666666666664,9.416666666666666,35.0,8.75,26.25,14.583333333333334,13.916666666666666,1.0783333333333334,8.416666666666666,22.333333333333332,36.98166666666666,19.833333333333332,39.75,49.678333333333335,9.416666666666666,13.083333333333334,72.57666666666667,1.5833333333333333,6.333333333333333,0.4716666666666667,1.25,21.25,0.06,13.916666666666666,3.4166666666666665,80.08333333333333
80,60,2022-11-21,6,1,2022-2023,Fortaleza B. C. / CFO,Pato Basquete,1,66.42857142857143,18.857142857142858,38.0,9.571428571428571,43.714285714285715,13.571428571428571,30.142857142857142,12.857142857142858,14.285714285714286,0.9585714285714284,6.285714285714286,25.285714285714285,24.092857142857145,19.0,41.714285714285715,45.32714285714285,9.571428571428571,19.0,52.30714285714286,1.7142857142857142,7.142857142857143,0.5357142857142858,2.4285714285714284,21.285714285714285,0.11285714285714286,14.285714285714286,2.4285714285714284,67.14285714285714,69.0,24.0,34.285714285714285,10.714285714285714,33.714285714285715,9.428571428571429,24.285714285714285,11.571428571428571,12.857142857142858,0.9085714285714286,8.0,29.285714285714285,27.627142857142854,17.142857142857142,36.142857142857146,47.33,10.714285714285714,17.142857142857142,63.372857142857136,0.8571428571428571,9.285714285714286,0.7142857142857143,1.0,18.714285714285715,0.05285714285714286,12.857142857142858,3.7142857142857144,65.0
79,74,2022-11-21,6,1,2022-2023,Flamengo,União Corinthians,1,82.5,37.125,33.25,12.125,44.125,13.0,31.125,20.125,13.25,1.5575,12.375,35.375,34.8925,16.625,29.75,56.355,12.125,17.375,70.1775,1.75,5.375,0.4125,2.625,17.125,0.155,13.25,2.5,100.125,77.602,41.4,29.198,6.998,31.6,8.802,22.798,19.0,11.2,1.8020000000000003,13.797999999999998,35.402,39.42,14.602,31.798000000000002,46.048,6.998,8.998,77.6,1.6,6.0,0.548,1.2,18.2,0.066,11.2,2.198,83.40200000000002
86,74,2022-11-22,6,1,2022-2023,Pinheiros,Rio Claro,1,76.66666666666667,23.0,39.333333333333336,14.333333333333334,44.833333333333336,13.5,31.333333333333332,19.5,13.666666666666666,1.445,7.666666666666667,26.0,30.261666666666667,19.666666666666668,41.333333333333336,47.666666666666664,14.333333333333334,19.0,73.62166666666667,1.3333333333333333,7.0,0.535,3.8333333333333335,17.666666666666668,0.2316666666666667,13.666666666666666,1.8333333333333333,93.5,77.14285714285714,20.571428571428573,43.714285714285715,12.857142857142858,35.57142857142857,10.714285714285714,24.857142857142858,13.857142857142858,10.857142857142858,1.3857142857142857,6.857142857142857,22.857142857142858,28.304285714285715,21.857142857142858,43.57142857142857,50.888571428571424,12.857142857142858,18.0,72.77285714285715,2.5714285714285716,6.714285714285714,0.6728571428571428,2.0,20.714285714285715,0.0942857142857143,10.857142857142858,1.8571428571428572,81.57142857142857
78,88,2022-11-22,6,1,2022-2023,Bauru Basket,Sesi Franca,0,79.28571428571429,28.714285714285715,38.857142857142854,11.714285714285714,36.42857142857143,12.142857142857142,24.285714285714285,16.857142857142858,9.857142857142858,1.9500000000000004,9.571428571428571,29.857142857142858,32.11571428571428,19.428571428571427,36.857142857142854,52.877142857142864,11.714285714285714,16.428571428571427,69.96142857142857,2.142857142857143,6.285714285714286,0.7328571428571429,2.0,17.714285714285715,0.12428571428571429,9.857142857142858,2.0,88.57142857142857,89.375,36.375,36.75,16.25,43.375,10.75,32.625,18.125,14.125,1.3575,12.125,30.625,39.8175,18.375,31.375,58.75749999999999,16.25,22.875,70.3475,1.25,4.75,0.3725,2.125,15.625,0.1375,14.125,2.5,105.5
104,53,2022-11-23,6,1,2022-2023,Minas,Coop/São José Basketball,1,86.625,30.0,45.0,11.625,41.0,10.75,30.25,19.25,15.25,1.31875,10.0,25.875,39.0875,22.5,39.125,57.135,11.625,14.5,79.60125,2.0,6.25,0.43624999999999997,1.875,19.0,0.105,15.25,4.0,104.375,78.57142857142857,30.0,37.714285714285715,10.857142857142858,37.285714285714285,9.285714285714286,28.0,20.285714285714285,12.857142857142858,1.5971428571428572,10.0,29.714285714285715,33.661428571428566,18.857142857142858,32.57142857142857,57.34714285714286,10.857142857142858,14.571428571428571,75.33571428571429,1.4285714285714286,6.142857142857143,0.4785714285714286,2.0,17.142857142857142,0.11571428571428573,12.857142857142858,2.857142857142857,94.28571428571429
89,79,2022-11-23,6,1,2022-2023,UNIFACISA,Pato Basquete,1,76.14285714285714,27.0,38.857142857142854,10.285714285714286,35.142857142857146,9.285714285714286,25.857142857142858,14.285714285714286,13.571428571428571,1.0799999999999998,9.0,23.714285714285715,37.278571428571425,19.428571428571427,39.285714285714285,49.23571428571428,10.285714285714286,14.285714285714286,72.50714285714287,1.4285714285714286,6.285714285714286,0.4785714285714286,1.2857142857142858,21.857142857142858,0.06,13.571428571428571,3.2857142857142856,81.0,69.0625,25.125,33.5,10.4375,33.9375,9.5,24.4375,11.625,13.3125,0.88625,8.375,29.4375,28.682499999999997,16.75,35.75,46.71625,10.4375,17.25,61.35374999999999,0.75,8.875,0.67,0.875,18.5625,0.04625,13.3125,3.8125,64.1875
70,86,2022-11-23,6,1,2022-2023,Caxias do Sul Basquete,São Paulo,0,76.5,25.5,38.333333333333336,12.666666666666666,36.166666666666664,11.0,25.166666666666668,13.5,11.833333333333334,1.1616666666666666,8.5,26.666666666666668,31.635,19.166666666666668,38.166666666666664,49.72833333333333,12.666666666666666,17.0,75.08,0.5,8.0,0.6849999999999999,2.5,19.333333333333332,0.13166666666666668,11.833333333333334,1.6666666666666667,83.33333333333333,83.66666666666667,34.5,37.666666666666664,11.5,33.5,8.0,25.5,17.833333333333332,12.333333333333334,1.51,11.5,31.0,37.00666666666667,18.833333333333332,32.833333333333336,57.28666666666666,11.5,15.833333333333334,73.38,0.16666666666666666,8.333333333333334,0.6816666666666666,0.8333333333333334,17.333333333333332,0.043333333333333335,12.333333333333334,1.5,94.0
77,81,2022-11-23,6,1,2022-2023,Fortaleza B. C. / CFO,Corinthians,0,67.9375,18.1875,40.125,9.625,44.875,14.0625,30.8125,12.9375,13.875,0.9924999999999999,6.0625,25.3125,23.2875,20.0625,43.1875,46.08624999999999,9.625,19.125,52.01875,1.625,7.5,0.5825,2.3125,21.5,0.10750000000000001,13.875,2.375,69.8125,80.14285714285714,23.142857142857142,42.0,15.0,39.142857142857146,9.714285714285714,29.428571428571427,17.0,15.142857142857142,1.197142857142857,7.714285714285714,25.428571428571427,29.845714285714287,21.0,35.285714285714285,59.378571428571426,15.0,19.571428571428573,76.2057142857143,3.857142857142857,6.0,0.4214285714285714,5.142857142857143,18.714285714285715,0.27999999999999997,15.142857142857142,3.857142857142857,95.71428571428571
71,93,2022-11-25,6,1,2022-2023,União Corinthians,São Paulo,0,76.75166666666668,40.5,29.331666666666667,6.915,31.25,8.001666666666667,23.248333333333335,19.083333333333332,11.416666666666666,1.761666666666667,13.498333333333333,34.001666666666665,40.25666666666667,14.668333333333335,32.248333333333335,45.620000000000005,6.915,8.915,77.41166666666668,1.75,5.833333333333333,0.5233333333333333,1.3333333333333333,18.833333333333332,0.07,11.416666666666666,2.0816666666666666,82.75166666666668,84.5,34.5,38.142857142857146,11.857142857142858,34.857142857142854,7.928571428571429,26.928571428571427,17.785714285714285,12.0,1.5442857142857143,11.5,30.357142857142858,37.92,19.071428571428573,33.714285714285715,56.61142857142857,11.857142857142858,16.0,74.66142857142857,0.21428571428571427,7.785714285714286,0.6485714285714286,1.0,17.5,0.05285714285714286,12.0,1.7142857142857142,96.28571428571429
92,48,2022-11-25,6,1,2022-2023,Bauru Basket,Rio Claro,1,80.0,28.5,39.875,11.625,36.375,11.625,24.75,16.8125,9.6875,1.9487500000000002,9.5,29.25,32.60125,19.9375,36.625,54.660000000000004,11.625,16.5625,69.07375,2.3125,6.25,0.73,1.8125,17.6875,0.1125,9.6875,1.9375,90.1875,75.125,19.6875,42.25,13.1875,35.0625,10.8125,24.25,13.4375,11.125,1.31375,6.5625,23.25,26.93,21.125,42.5625,50.161249999999995,13.1875,18.6875,71.92125000000001,2.3125,6.75,0.65625,1.9375,20.9375,0.09125000000000003,11.125,2.0,77.5625
76,92,2022-11-25,6,1,2022-2023,UNIFACISA,Corinthians,0,76.9375,27.5625,38.875,10.5,34.5625,9.375,25.1875,14.5,13.75,1.0787499999999999,9.1875,24.5625,36.9225,19.4375,38.5,50.4675,10.5,14.5625,72.53500000000001,1.375,6.5625,0.49,1.1875,21.375,0.056249999999999994,13.75,3.0,81.5,80.9375,24.9375,41.0,15.0,39.6875,9.5625,30.125,16.625,15.9375,1.12875,8.3125,25.9375,31.411250000000003,20.5,34.5,59.28375,15.0,19.9375,75.01375,3.5,6.125,0.41,4.875,18.5625,0.26625,15.9375,3.875,95.75
66,63,2022-11-25,6,1,2022-2023,Caxias do Sul Basquete,Paulistano,1,75.28571428571429,25.285714285714285,37.285714285714285,12.714285714285714,36.142857142857146,10.571428571428571,25.571428571428573,13.071428571428571,11.5,1.1542857142857144,8.428571428571429,26.357142857142858,31.78,18.642857142857142,38.42857142857143,48.160000000000004,12.714285714285714,17.357142857142858,73.87857142857142,0.5,7.785714285714286,0.6842857142857142,2.357142857142857,18.785714285714285,0.12714285714285714,11.5,2.0,80.78571428571429,70.75,21.75,37.25,11.75,42.25,16.5,25.75,15.5,11.5,1.48625,7.25,28.5,25.921249999999997,18.625,43.625,44.055,11.75,16.25,70.70625,1.25,8.75,0.8674999999999999,2.625,18.5,0.14375000000000002,11.5,1.375,77.625
77,85,2022-11-26,6,1,2022-2023,Pinheiros,Sesi Franca,0,77.35714285714286,24.214285714285715,39.142857142857146,14.0,44.642857142857146,13.285714285714286,31.357142857142858,19.357142857142858,14.285714285714286,1.3857142857142857,8.071428571428571,26.357142857142858,31.201428571428572,19.571428571428573,40.642857142857146,48.292857142857144,14.0,18.785714285714285,72.9,1.4285714285714286,6.857142857142857,0.5057142857142857,3.4285714285714284,18.571428571428573,0.20428571428571432,14.285714285714286,1.8571428571428572,93.21428571428571,89.05555555555556,36.5,36.22222222222222,16.333333333333332,42.44444444444444,10.38888888888889,32.05555555555556,18.22222222222222,13.444444444444445,1.471111111111111,12.166666666666666,30.61111111111111,39.94666666666667,18.11111111111111,31.555555555555557,57.61555555555555,16.333333333333332,22.72222222222222,71.31666666666666,1.1111111111111112,5.0,0.4288888888888889,2.0555555555555554,15.5,0.13333333333333336,13.444444444444445,2.4444444444444446,105.05555555555556
88,96,2022-11-26,6,1,2022-2023,Cerrado,BRB/Brasília,0,82.42857142857143,39.0,28.0,15.428571428571429,34.857142857142854,11.142857142857142,23.714285714285715,14.142857142857142,15.0,0.9814285714285714,13.0,38.0,33.65285714285715,14.0,26.571428571428573,52.8,15.428571428571429,21.0,73.31857142857143,1.8571428571428572,7.0,0.4914285714285715,2.0,17.0,0.11571428571428573,15.0,3.2857142857142856,82.28571428571429,72.0,25.285714285714285,34.0,12.714285714285714,34.57142857142857,8.285714285714286,26.285714285714285,14.285714285714286,13.428571428571429,1.1728571428571428,8.428571428571429,29.0,29.557142857142857,17.0,32.285714285714285,52.095714285714294,12.714285714285714,19.714285714285715,63.78285714285715,1.7142857142857142,5.571428571428571,0.45999999999999996,0.0,20.857142857142858,0.0,13.428571428571429,2.7142857142857144,70.14285714285714
72,78,2022-11-27,7,1,2022-2023,União Corinthians,Paulistano,0,76.14428571428572,39.857142857142854,29.427142857142858,6.855714285714286,31.0,7.43,23.57,19.142857142857142,11.571428571428571,1.7328571428571433,13.284285714285714,33.00142857142857,40.854285714285716,14.715714285714286,32.57,45.314285714285724,6.855714285714286,8.855714285714285,77.27714285714286,1.8571428571428572,5.714285714285714,0.5057142857142857,1.4285714285714286,19.285714285714285,0.07285714285714286,11.571428571428571,1.9985714285714287,82.28714285714285,69.88888888888889,22.333333333333332,36.44444444444444,11.11111111111111,41.666666666666664,15.555555555555555,26.11111111111111,15.0,11.88888888888889,1.4022222222222223,7.444444444444445,28.11111111111111,27.041111111111107,18.22222222222222,42.22222222222222,44.53666666666666,11.11111111111111,15.555555555555555,69.51666666666667,1.2222222222222223,8.0,0.7855555555555555,2.4444444444444446,18.444444444444443,0.13444444444444448,11.88888888888889,1.4444444444444444,76.0
79,71,2022-11-29,7,1,2022-2023,Minas,Fortaleza B. C. / CFO,1,88.55555555555556,31.333333333333332,45.77777777777778,11.444444444444445,42.333333333333336,11.333333333333334,31.0,20.22222222222222,14.333333333333334,1.6166666666666667,10.444444444444445,26.88888888888889,39.18888888888889,22.88888888888889,39.666666666666664,57.35222222222222,11.444444444444445,14.555555555555555,78.16444444444443,2.3333333333333335,7.222222222222222,0.6255555555555555,2.0,18.555555555555557,0.11555555555555556,14.333333333333334,3.888888888888889,109.66666666666667,69.11111111111111,17.666666666666668,41.77777777777778,9.666666666666666,45.77777777777778,14.444444444444445,31.333333333333332,13.0,13.555555555555555,1.018888888888889,5.888888888888889,25.333333333333332,22.66111111111111,20.88888888888889,44.333333333333336,46.676666666666655,9.666666666666666,19.22222222222222,51.794444444444444,1.5555555555555556,7.777777777777778,0.6188888888888889,2.2222222222222223,21.666666666666668,0.10333333333333335,13.555555555555555,2.3333333333333335,71.88888888888889
91,80,2022-11-29,7,1,2022-2023,Flamengo,Cerrado,1,82.11111111111111,36.333333333333336,33.77777777777778,12.0,43.44444444444444,12.444444444444445,31.0,20.333333333333332,13.0,1.6066666666666667,12.11111111111111,35.111111111111114,34.382222222222225,16.88888888888889,29.77777777777778,57.129999999999995,12.0,17.22222222222222,70.01888888888888,1.6666666666666667,6.111111111111111,0.48777777777777775,2.4444444444444446,16.444444444444443,0.14777777777777779,13.0,2.3333333333333335,100.33333333333333,83.125,38.625,28.25,16.25,34.875,10.625,24.25,14.875,15.375,0.9975,12.875,36.875,34.618750000000006,14.125,26.75,52.896249999999995,16.25,22.375,72.7475,1.875,7.125,0.48500000000000004,1.75,17.5,0.10125,15.375,3.625,83.625
95,76,2022-11-30,7,1,2022-2023,Pato Basquete,Pinheiros,1,69.11111111111111,26.0,32.888888888888886,10.222222222222221,34.111111111111114,9.555555555555555,24.555555555555557,11.666666666666666,13.666666666666666,0.8688888888888889,8.666666666666666,29.555555555555557,29.50333333333333,16.444444444444443,35.44444444444444,46.238888888888894,10.222222222222221,17.333333333333332,59.78333333333333,0.6666666666666666,8.555555555555555,0.6355555555555557,0.7777777777777778,18.444444444444443,0.04111111111111111,13.666666666666666,3.888888888888889,63.55555555555556,77.875,25.125,39.0,13.75,44.5,13.125,31.375,19.25,14.75,1.3412499999999998,8.375,26.625,31.90625,19.5,40.125,48.7625,13.75,18.625,72.35875,1.5,6.75,0.48375,3.125,19.25,0.18375000000000002,14.75,1.875,93.0
72,50,2022-12-01,7,1,2022-2023,Flamengo,BRB/Brasília,1,82.05,35.85,34.5,11.7,43.7,12.75,30.95,20.45,13.3,1.58,11.95,34.95,34.077999999999996,17.25,30.35,57.19199999999999,11.7,16.95,69.224,1.65,6.2,0.483,2.45,16.2,0.151,13.3,2.45,100.2,75.0,25.875,36.25,12.875,35.75,9.375,26.375,15.625,13.375,1.2662499999999999,8.625,29.25,29.895,18.125,34.0,52.64875000000001,12.875,20.0,63.765,2.0,5.5,0.44999999999999996,0.25,20.875,0.0125,13.375,2.625,75.125
88,79,2022-12-01,7,1,2022-2023,Coop/São José Basketball,Cerrado,1,75.375,27.75,37.25,10.375,38.0,10.375,27.625,19.375,13.5,1.4875,9.25,29.5,31.239999999999995,18.625,34.25,54.798750000000005,10.375,14.125,73.87375,1.25,5.875,0.44625000000000004,2.25,17.0,0.1325,13.5,2.75,87.75,82.72222222222223,39.0,28.22222222222222,15.5,34.888888888888886,10.61111111111111,24.27777777777778,15.38888888888889,15.277777777777779,1.0355555555555556,13.0,37.27777777777778,34.61333333333334,14.11111111111111,26.88888888888889,52.57444444444444,15.5,21.38888888888889,72.48333333333333,1.8333333333333333,6.888888888888889,0.46888888888888897,1.7777777777777777,17.444444444444443,0.10333333333333333,15.277777777777779,3.5,83.44444444444444
75,83,2022-12-01,7,1,2022-2023,Rio Claro,Caxias do Sul Basquete,0,73.55555555555556,19.0,41.111111111111114,13.444444444444445,34.666666666666664,10.88888888888889,23.77777777777778,13.11111111111111,11.333333333333334,1.2577777777777779,6.333333333333333,23.555555555555557,25.86111111111111,20.555555555555557,41.77777777777778,49.59555555555555,13.444444444444445,19.22222222222222,71.2588888888889,2.111111111111111,6.777777777777778,0.6433333333333333,1.8888888888888888,21.11111111111111,0.08888888888888892,11.333333333333334,2.111111111111111,74.44444444444444,74.375,25.125,36.5,12.75,36.125,10.25,25.875,12.75,11.25,1.14875,8.375,26.125,31.88875,18.25,38.625,46.98375,12.75,17.625,72.97749999999999,0.5,7.625,0.6837499999999999,2.25,18.375,0.12375,11.25,2.25,78.875
104,65,2022-12-01,7,1,2022-2023,Sesi Franca,União Corinthians,1,88.8,36.6,35.8,16.4,41.7,10.1,31.6,18.3,12.9,1.5619999999999998,12.2,30.6,40.050000000000004,17.9,31.7,56.702,16.4,22.6,72.09199999999998,1.0,5.2,0.47400000000000003,2.0,15.4,0.13000000000000003,12.9,2.4,104.7,75.71,38.75,29.582500000000003,7.37375,31.541249999999998,7.835,23.707500000000003,18.833750000000002,12.04125,1.6525000000000003,12.915,33.085,39.58375,14.7925,32.3325,45.900000000000006,7.37375,9.4575,77.67875000000001,1.79125,5.91625,0.5025,1.625,19.291249999999998,0.08375,12.04125,2.0825,81.7925
90,73,2022-12-03,7,1,2022-2023,Paulistano,Minas,1,71.3,22.95,37.5,10.85,41.15,15.3,25.85,15.0,11.85,1.3920000000000001,7.65,27.9,27.990999999999996,18.75,42.1,45.815,10.85,15.6,67.878,1.25,8.05,0.7809999999999999,2.4,18.65,0.13100000000000003,11.85,1.45,77.7,87.3,30.6,44.7,12.0,42.3,11.45,30.85,20.3,14.7,1.572,10.2,26.7,38.47,22.35,39.15,56.689,12.0,15.3,78.07499999999999,2.25,6.95,0.588,2.1,18.35,0.122,14.7,4.2,107.65
89,94,2022-12-03,7,1,2022-2023,Coop/São José Basketball,BRB/Brasília,0,76.83333333333333,28.333333333333332,37.44444444444444,11.055555555555555,37.5,10.11111111111111,27.38888888888889,19.833333333333332,13.0,1.6122222222222222,9.444444444444445,29.61111111111111,31.77666666666666,18.72222222222222,34.44444444444444,54.728888888888896,11.055555555555555,14.722222222222221,75.06777777777778,1.1666666666666667,5.944444444444445,0.4766666666666667,2.3333333333333335,17.055555555555557,0.13666666666666666,13.0,2.5555555555555554,89.88888888888889,74.66666666666667,26.0,36.111111111111114,12.555555555555555,36.0,9.5,26.5,15.833333333333334,13.944444444444445,1.2311111111111108,8.666666666666666,28.88888888888889,30.419999999999998,18.055555555555557,33.94444444444444,52.60333333333334,12.555555555555555,19.444444444444443,64.08777777777777,2.0555555555555554,5.5,0.4333333333333333,0.3333333333333333,20.5,0.017777777777777778,13.944444444444445,2.888888888888889,75.38888888888889
84,83,2022-12-03,7,1,2022-2023,Sesi Franca,Caxias do Sul Basquete,1,89.4,35.25,37.1,17.05,41.15,9.75,31.4,18.45,12.5,1.607,11.75,29.65,39.867000000000004,18.55,32.7,56.815,17.05,23.0,73.98599999999999,1.35,5.35,0.492,2.05,15.1,0.137,12.5,2.1,105.9,75.33333333333333,25.333333333333332,37.0,13.0,35.72222222222222,9.777777777777779,25.944444444444443,12.944444444444445,11.277777777777779,1.161111111111111,8.444444444444445,25.944444444444443,32.42666666666667,18.5,38.166666666666664,48.36555555555556,13.0,17.88888888888889,73.20222222222222,0.5555555555555556,7.5,0.671111111111111,2.111111111111111,18.27777777777778,0.11666666666666667,11.277777777777779,2.2222222222222223,80.27777777777777
94,70,2022-12-03,7,1,2022-2023,Corinthians,Pinheiros,1,81.55555555555556,26.333333333333332,40.22222222222222,15.0,40.111111111111114,9.444444444444445,30.666666666666668,16.333333333333332,16.555555555555557,1.0755555555555556,8.777777777777779,26.333333333333332,32.628888888888895,20.11111111111111,33.888888888888886,59.21,15.0,20.22222222222222,74.08666666666666,3.2222222222222223,6.222222222222222,0.4011111111111111,4.666666666666667,18.444444444444443,0.25555555555555554,16.555555555555557,3.888888888888889,95.77777777777777,77.33333333333333,24.333333333333332,39.44444444444444,13.555555555555555,44.05555555555556,13.38888888888889,30.666666666666668,18.5,15.0,1.2744444444444443,8.11111111111111,26.166666666666668,31.324444444444445,19.72222222222222,41.111111111111114,48.22,13.555555555555555,18.61111111111111,71.52555555555556,1.6666666666666667,6.888888888888889,0.4822222222222222,2.9444444444444446,19.166666666666668,0.17222222222222225,15.0,2.111111111111111,90.22222222222223
74,81,2022-12-03,7,1,2022-2023,Rio Claro,União Corinthians,0,73.65,19.8,40.4,13.45,34.45,10.95,23.5,13.1,11.3,1.25,6.6,24.1,26.377999999999997,20.2,41.05,49.564,13.45,19.3,70.88300000000001,1.95,6.75,0.638,1.75,21.2,0.08200000000000003,11.3,2.2,74.2,75.3722222222222,37.888888888888886,29.703333333333337,7.776666666666667,31.96222222222222,8.149999999999999,23.814444444444447,18.593333333333337,12.406666666666666,1.5900000000000003,12.627777777777776,33.150000000000006,38.595555555555556,14.852222222222224,32.14777777777778,46.35555555555556,7.776666666666667,9.925555555555555,77.99111111111112,1.74,6.073333333333333,0.5,1.7777777777777777,19.295555555555552,0.09222222222222223,12.406666666666666,2.147777777777778,81.40777777777778
74,84,2022-12-06,8,1,2022-2023,Coop/São José Basketball,Flamengo,0,78.0,28.8,37.6,11.6,37.1,9.9,27.2,20.2,12.6,1.7120000000000002,9.6,29.7,32.205999999999996,18.8,34.6,54.673,11.6,15.2,76.023,1.1,6.0,0.501,2.4,17.1,0.13999999999999999,12.6,2.4,91.6,81.7,35.1,35.8,10.8,44.7,13.3,31.4,20.4,13.8,1.5139999999999998,11.7,34.8,33.498,17.9,31.7,56.602999999999994,10.8,15.8,68.50800000000001,1.7,6.5,0.4910000000000001,2.4,16.2,0.148,13.8,2.6,100.0
73,84,2022-12-06,8,1,2022-2023,Caxias do Sul Basquete,Pato Basquete,0,76.1,25.5,37.4,13.2,35.4,9.4,26.0,13.1,11.3,1.1709999999999998,8.5,25.8,32.857000000000006,18.7,37.8,49.471000000000004,13.2,18.1,73.38199999999999,0.6,7.4,0.6609999999999999,2.0,18.2,0.11100000000000002,11.3,2.2,81.4,71.7,27.0,34.0,10.7,34.9,9.9,25.0,12.6,14.0,0.906,9.0,29.7,30.423999999999996,17.0,35.7,47.404,10.7,17.5,61.7,0.6,8.8,0.6370000000000001,1.0,18.5,0.053000000000000005,14.0,3.9,68.8
90,61,2022-12-08,8,1,2022-2023,Minas,Rio Claro,1,87.6,30.6,43.8,13.2,42.6,10.9,31.7,20.8,15.6,1.511,10.2,26.4,38.813,21.9,38.2,56.761,13.2,16.8,78.65899999999999,2.1,6.8,0.546,2.2,17.8,0.13099999999999998,15.6,4.7,108.3,71.8,20.4,37.6,13.8,34.5,11.5,23.0,12.6,11.2,1.218,6.8,24.9,26.148000000000003,18.8,40.3,47.11099999999999,13.8,20.1,69.3,1.4,6.9,0.655,1.4,21.1,0.06700000000000002,11.2,2.4,70.1
62,72,2022-12-08,8,1,2022-2023,Caxias do Sul Basquete,Corinthians,0,76.05,25.65,37.5,12.9,35.2,9.4,25.8,13.45,11.25,1.2,8.55,26.05,32.849000000000004,18.75,38.0,49.343,12.9,18.1,71.507,0.75,7.55,0.674,1.85,18.15,0.10400000000000001,11.25,2.05,80.9,82.8,29.1,39.6,14.1,40.2,9.4,30.8,16.6,16.3,1.1039999999999999,9.7,28.1,33.45700000000001,19.8,33.2,59.585,14.1,19.3,72.133,3.3,6.3,0.4109999999999999,4.8,18.2,0.26799999999999996,16.3,3.7,97.4
85,93,2022-12-08,8,1,2022-2023,União Corinthians,Pato Basquete,0,75.10199999999999,37.2,29.800000000000004,8.099,32.29899999999999,8.402,23.900000000000006,18.401000000000003,12.699,1.5400000000000003,12.398,33.202000000000005,37.805,14.900000000000002,32.00000000000001,46.720000000000006,8.099,10.3,78.24100000000001,1.6990000000000003,6.199,0.49800000000000005,1.9,19.298999999999996,0.099,12.699,2.2,81.10000000000001,74.3,28.2,34.8,11.3,34.75,9.55,25.2,13.45,14.1,0.966,9.4,29.15,32.465999999999994,17.4,36.2,47.829,11.3,18.55,61.107000000000006,0.55,9.1,0.6550000000000002,1.1,19.0,0.056999999999999995,14.1,3.65,72.8
81,111,2022-12-08,8,1,2022-2023,Fortaleza B. C. / CFO,São Paulo,0,69.3,17.4,42.6,9.3,44.6,14.0,30.6,13.4,13.3,1.072,5.8,25.3,22.395000000000003,21.3,44.6,47.32799999999999,9.3,18.1,54.114999999999995,1.4,7.7,0.621,2.3,21.7,0.10700000000000003,13.3,2.5,72.4,85.125,34.5,38.5,12.125,35.875,7.875,28.0,17.75,11.75,1.57,11.5,29.875,38.605,19.25,34.375,56.105,12.125,16.125,75.6225,0.25,7.375,0.62375,1.125,17.625,0.06,11.75,1.875,98.0
98,90,2022-12-10,8,1,2022-2023,Pinheiros,Coop/São José Basketball,1,76.9,23.7,39.8,13.4,43.7,13.6,30.1,17.9,15.2,1.2209999999999999,7.9,25.8,30.859,19.9,41.9,47.786,13.4,18.6,70.85900000000001,1.8,7.0,0.481,2.8,19.1,0.16300000000000003,15.2,2.3,88.0,78.5,29.1,37.7,11.7,36.95,9.55,27.4,20.3,12.15,1.77,9.7,29.05,33.14399999999999,18.85,35.45,53.312,11.7,15.05,77.131,1.2,5.55,0.479,2.5,17.5,0.145,12.15,1.75,92.35
86,91,2022-12-10,8,1,2022-2023,União Corinthians,Corinthians,0,77.15199999999999,36.9,31.100000000000005,9.149000000000001,32.898999999999994,9.501999999999999,23.400000000000006,19.151000000000003,12.399,1.6170000000000002,12.298,34.602000000000004,35.854,15.55,32.050000000000004,48.455,9.149000000000001,11.55,78.46300000000001,1.8490000000000002,6.449,0.5269999999999999,1.95,19.598999999999997,0.099,12.399,2.45,84.00000000000001,82.75,30.6,38.2,13.95,42.1,9.9,32.2,16.15,17.0,1.019,10.2,29.3,34.08200000000001,19.1,32.3,59.25100000000001,13.95,19.05,72.28699999999999,3.7,6.15,0.382,4.55,17.9,0.256,17.0,3.75,97.3
73,82,2022-12-10,8,1,2022-2023,UNIFACISA,São Paulo,0,77.55555555555556,28.0,38.888888888888886,10.666666666666666,34.111111111111114,9.444444444444445,24.666666666666668,14.666666666666666,13.88888888888889,1.0777777777777777,9.333333333333334,25.22222222222222,36.64555555555555,19.444444444444443,37.888888888888886,51.42555555555556,10.666666666666666,14.777777777777779,72.55666666666667,1.3333333333333333,6.777777777777778,0.49888888888888894,1.1111111111111112,21.0,0.05333333333333333,13.88888888888889,2.7777777777777777,81.88888888888889,86.38888888888889,34.833333333333336,39.111111111111114,12.444444444444445,36.05555555555556,7.666666666666667,28.38888888888889,18.22222222222222,11.666666666666666,1.6177777777777778,11.61111111111111,30.055555555555557,38.724444444444444,19.555555555555557,34.22222222222222,57.278888888888886,12.444444444444445,16.38888888888889,76.22888888888889,0.3333333333333333,7.277777777777778,0.62,1.2222222222222223,18.11111111111111,0.06333333333333332,11.666666666666666,1.9444444444444444,100.44444444444444
95,73,2022-12-13,9,1,2022-2023,Pinheiros,Fortaleza B. C. / CFO,1,77.9,22.95,40.8,14.15,43.75,13.95,29.8,17.55,15.0,1.223,7.65,25.25,30.586000000000002,20.4,42.35,48.404,14.15,20.2,69.1,1.75,7.05,0.49799999999999994,2.35,19.85,0.13,15.0,2.3,88.0,70.3,17.85,42.5,9.95,43.8,13.45,30.35,13.3,13.1,1.077,5.95,25.45,22.961000000000002,21.25,44.6,47.21399999999999,9.95,17.9,56.657000000000004,1.5,7.3,0.601,2.1,20.5,0.10600000000000002,13.1,2.65,72.9
80,93,2022-12-13,9,1,2022-2023,Cerrado,Paulistano,0,82.4,39.3,28.2,14.9,34.9,10.6,24.3,15.8,15.2,1.066,13.1,37.6,34.609,14.1,27.0,52.31699999999999,14.9,20.6,72.272,1.8,6.7,0.45600000000000007,1.8,17.4,0.10500000000000001,15.2,3.4,83.3,70.9,23.7,37.8,9.4,41.4,15.1,26.3,14.8,12.2,1.3090000000000002,7.9,27.9,28.952999999999996,18.9,42.0,46.309,9.4,14.4,64.977,1.3,8.1,0.755,2.5,19.1,0.13500000000000004,12.2,1.5,77.4
68,76,2022-12-13,9,1,2022-2023,Bauru Basket,UNIFACISA,0,80.55555555555556,28.333333333333332,40.666666666666664,11.555555555555555,36.333333333333336,11.222222222222221,25.11111111111111,16.77777777777778,9.555555555555555,1.9477777777777778,9.444444444444445,28.77777777777778,32.97888888888889,20.333333333333332,36.44444444444444,56.04666666666667,11.555555555555555,16.666666666666668,68.38333333333334,2.4444444444444446,6.222222222222222,0.7277777777777777,1.6666666666666667,17.666666666666668,0.10333333333333333,9.555555555555555,1.8888888888888888,91.44444444444444,77.1,27.9,37.8,11.4,34.0,9.5,24.5,14.6,13.7,1.087,9.3,26.0,35.708,18.9,37.0,51.111000000000004,11.4,16.0,71.968,1.2,6.8,0.507,1.0,21.2,0.048,13.7,2.6,80.4
100,86,2022-12-15,9,1,2022-2023,Pinheiros,UNIFACISA,1,78.85,23.4,42.0,13.45,43.85,13.85,30.0,17.8,14.85,1.2730000000000001,7.8,25.65,30.623,21.0,42.35,49.886,13.45,19.8,67.17999999999999,1.6,7.25,0.525,2.2,20.3,0.11300000000000002,14.85,2.55,89.55,76.2,30.0,34.5,11.7,33.55,9.5,24.05,13.7,12.9,1.097,10.0,27.5,36.152,17.25,35.55,48.871,11.7,16.0,73.634,0.95,6.5,0.506,0.85,21.0,0.041,12.9,2.4,77.8
101,94,2022-12-15,9,1,2022-2023,Cerrado,São Paulo,1,83.55,40.5,28.4,14.65,36.2,10.9,25.3,15.35,15.65,0.9960000000000001,13.5,38.0,35.352,14.2,27.3,52.08,14.65,20.25,72.21099999999998,1.45,6.55,0.426,2.0,17.7,0.11600000000000002,15.65,3.7,84.8,87.4,35.1,39.6,12.7,36.2,7.5,28.7,18.6,11.6,1.6560000000000001,11.7,30.2,38.82,19.8,34.1,58.217999999999996,12.7,16.6,76.71400000000001,0.4,7.2,0.617,1.3,18.5,0.06599999999999999,11.6,2.0,102.4
72,82,2022-12-15,9,1,2022-2023,BRB/Brasília,Paulistano,0,74.4,26.1,36.0,12.3,36.2,9.6,26.6,16.0,14.4,1.2029999999999998,8.7,28.6,30.839999999999996,18.0,33.9,52.56700000000001,12.3,19.0,64.34599999999999,2.1,5.5,0.41999999999999993,0.4,20.2,0.022,14.4,3.1,75.6,73.7,25.05,39.1,9.55,40.9,13.95,26.95,15.2,12.35,1.3210000000000002,8.35,27.75,30.736999999999995,19.55,41.35,48.083,9.55,14.45,65.839,1.5,8.15,0.741,2.45,18.9,0.13400000000000004,12.35,1.4,81.95
82,50,2022-12-15,9,1,2022-2023,Bauru Basket,Fortaleza B. C. / CFO,1,80.0,29.85,39.0,11.15,36.0,11.0,25.0,16.8,9.55,1.932,9.95,29.65,33.548,19.5,35.5,54.886,11.15,16.05,68.68800000000002,2.45,6.5,0.75,1.5,17.9,0.093,9.55,1.9,90.65,69.35,19.35,40.0,10.0,42.85,12.7,30.15,13.3,13.55,1.06,6.45,25.15,26.111,20.0,43.85,44.88699999999999,10.0,16.85,59.13099999999999,1.35,6.95,0.5750000000000001,1.95,19.4,0.10700000000000001,13.55,2.85,71.45
89,96,2022-12-17,9,1,2022-2023,BRB/Brasília,São Paulo,0,75.15,27.0,35.4,12.75,36.75,9.9,26.85,15.8,14.7,1.164,9.0,28.65,31.927999999999997,17.7,33.9,51.734,12.75,19.4,65.23599999999999,2.0,5.3,0.3959999999999999,0.6,19.95,0.032,14.7,3.25,76.4,87.1,34.5,39.0,13.6,36.4,7.65,28.75,18.2,12.2,1.541,11.5,30.35,38.016000000000005,19.5,34.0,57.470000000000006,13.6,18.0,75.23700000000001,0.35,7.45,0.607,1.5,19.95,0.073,12.2,2.0,100.7
85,96,2022-12-19,10,1,2022-2023,Pato Basquete,Bauru Basket,0,76.9,29.4,35.6,11.9,34.6,9.2,25.4,14.3,14.2,1.026,9.8,28.6,34.507999999999996,17.8,36.7,48.254000000000005,11.9,19.6,60.51400000000001,0.5,9.4,0.6730000000000003,1.2,19.5,0.061,14.2,3.4,76.8,80.3,31.8,37.2,11.3,35.5,10.4,25.1,16.9,9.9,1.8439999999999999,10.6,30.3,34.834,18.6,34.1,54.20799999999999,11.3,15.8,71.21600000000001,2.5,7.0,0.778,1.3,18.3,0.08,9.9,1.9,91.4
63,56,2022-12-19,10,1,2022-2023,UNIFACISA,Caxias do Sul Basquete,1,75.9,30.0,33.0,12.9,33.7,9.6,24.1,13.0,12.8,1.05,10.0,28.1,35.146,16.5,34.5,48.223,12.9,17.1,77.68100000000001,0.6,6.4,0.5,0.9,21.0,0.044000000000000004,12.8,2.5,76.8,74.7,24.6,38.0,12.1,36.4,9.2,27.2,13.4,11.7,1.1440000000000001,8.2,25.9,31.71,19.0,38.3,49.60600000000001,12.1,17.1,70.834,0.9,7.8,0.674,2.0,18.3,0.11200000000000002,11.7,2.0,80.6
83,94,2022-12-19,10,1,2022-2023,Fortaleza B. C. / CFO,União Corinthians,0,68.8,19.95,38.3,10.55,42.45,12.3,30.15,13.5,14.8,0.992,6.65,24.1,28.647000000000002,19.15,43.15,43.41799999999999,10.55,17.15,61.102999999999994,1.3,6.7,0.518,2.1,19.25,0.11699999999999999,14.8,3.25,70.7,77.735,35.3,32.067,10.366,33.498999999999995,10.035,23.467000000000002,19.201,12.699,1.575,11.764999999999999,34.435,34.62,16.032999999999998,32.767,48.864,10.366,12.967000000000002,79.08500000000001,1.999,6.7989999999999995,0.54,2.1,19.899,0.10500000000000001,12.699,2.567,84.63300000000001
65,94,2022-12-19,10,1,2022-2023,Corinthians,Minas,0,84.35,31.8,38.4,14.15,42.45,9.6,32.85,16.2,16.9,1.0260000000000002,10.6,30.25,34.54,19.2,31.95,60.211,14.15,19.25,72.614,3.7,6.25,0.388,4.0,17.65,0.22599999999999998,16.9,3.6,98.85,88.9,30.75,45.5,12.65,44.1,11.4,32.7,21.5,15.0,1.6219999999999999,10.25,26.75,38.377,22.75,39.45,57.271,12.65,16.45,76.402,2.65,7.0,0.5740000000000001,2.4,17.55,0.145,15.0,4.25,111.9
72,62,2022-12-20,10,1,2022-2023,Paulistano,Coop/São José Basketball,1,76.5,26.4,40.4,9.7,40.4,12.8,27.6,15.6,12.5,1.3330000000000002,8.8,27.6,32.521,20.2,40.7,49.857,9.7,14.5,66.701,1.7,8.2,0.7270000000000001,2.4,18.7,0.13300000000000003,12.5,1.3,86.5,79.6,28.8,38.2,12.6,36.1,9.0,27.1,20.7,12.0,1.8219999999999998,9.6,28.7,33.214999999999996,19.1,35.7,53.674,12.6,16.0,78.57200000000002,1.3,5.0,0.43899999999999995,2.5,18.3,0.14300000000000002,12.0,1.6,92.8
66,91,2022-12-20,10,1,2022-2023,São Paulo,Flamengo,0,88.2,35.85,38.6,13.75,36.55,8.05,28.5,18.15,12.25,1.534,11.95,30.55,39.133,19.3,34.0,56.845000000000006,13.75,18.35,74.67200000000001,0.4,7.35,0.5980000000000001,1.5,20.95,0.06899999999999999,12.25,1.95,101.6,81.45,35.1,35.7,10.65,45.65,13.15,32.5,19.95,13.25,1.552,11.7,34.95,33.338,17.85,32.35,55.213,10.65,15.55,68.79400000000001,1.45,6.6,0.5290000000000001,2.35,16.0,0.145,13.25,2.7,100.1
98,76,2022-12-20,10,1,2022-2023,Sesi Franca,Cerrado,1,90.0,33.9,38.4,17.7,40.6,9.4,31.2,18.6,12.1,1.652,11.3,28.7,39.684000000000005,19.2,33.7,56.92800000000001,17.7,23.4,75.88,1.7,5.5,0.51,2.1,14.8,0.144,12.1,1.8,107.1,83.65,39.9,29.4,14.35,36.65,10.9,25.75,15.4,15.85,0.9870000000000003,13.3,37.6,35.226,14.7,27.95,52.60699999999999,14.35,19.8,72.229,1.45,6.35,0.40499999999999997,2.05,17.55,0.12000000000000002,15.85,3.85,85.25
85,87,2022-12-20,10,1,2022-2023,Rio Claro,BRB/Brasília,0,70.4,20.55,36.2,13.65,34.65,11.35,23.3,12.95,11.25,1.246,6.85,25.1,26.087,18.1,40.15,45.647999999999996,13.65,20.2,67.652,1.2,7.2,0.682,1.65,21.0,0.081,11.25,2.3,68.75,75.9,27.9,34.8,13.2,37.3,10.2,27.1,15.6,15.0,1.1249999999999998,9.3,28.7,33.016,17.4,33.9,50.900999999999996,13.2,19.8,66.126,1.9,5.1,0.372,0.8,19.7,0.042,15.0,3.4,77.2
74,88,2022-12-21,10,1,2022-2023,Pato Basquete,Minas,0,76.9,30.45,35.0,11.45,33.95,9.2,24.75,14.5,14.4,1.026,10.15,28.35,35.961000000000006,17.5,35.7,48.962,11.45,18.5,62.038,0.55,8.2,0.584,1.1,19.55,0.05600000000000001,14.4,3.35,76.8,90.3,30.3,47.8,12.2,44.5,11.8,32.7,21.5,14.55,1.657,10.1,26.95,37.383,23.9,40.4,58.85800000000002,12.2,16.15,74.73800000000001,3.0,7.25,0.6,2.35,17.0,0.146,14.55,4.15,114.05
71,66,2022-12-21,10,1,2022-2023,UNIFACISA,União Corinthians,1,76.4,30.45,32.6,13.35,34.45,10.05,24.4,13.2,13.35,1.032,10.15,28.9,34.825,16.3,33.55,48.815,13.35,17.55,78.275,0.55,6.5,0.487,0.85,20.6,0.04200000000000001,13.35,2.55,77.85,77.768,34.0,32.634,11.133,33.498999999999995,9.818000000000001,23.684000000000005,19.000999999999998,13.149000000000001,1.499,11.331999999999999,33.318,34.614,16.316,32.934000000000005,49.528000000000006,11.133,14.434000000000001,77.572,2.249,7.249,0.552,2.15,20.249000000000002,0.10700000000000003,13.149000000000001,2.584,84.616
77,72,2022-12-21,10,1,2022-2023,Corinthians,Bauru Basket,1,84.9,31.8,38.2,14.9,41.5,9.4,32.1,16.05,16.35,1.044,10.6,30.5,34.273,19.1,32.2,59.56,14.9,19.75,74.48100000000001,3.45,6.25,0.396,3.5,17.5,0.19899999999999998,16.35,3.3,98.0,79.767,32.65,35.8,11.317,34.683,9.817,24.867,16.7,10.55,1.6969999999999996,10.883,30.65,35.456,17.9,32.667,54.325,11.317,15.567000000000002,72.28800000000001,2.35,7.2,0.7390000000000001,1.45,18.45,0.087,10.55,2.05,90.467
84,73,2022-12-21,10,1,2022-2023,Fortaleza B. C. / CFO,Caxias do Sul Basquete,1,70.45,19.95,39.6,10.9,42.6,12.55,30.05,13.95,15.8,0.946,6.65,23.5,29.281,19.8,43.25,44.778,10.9,17.35,62.4,1.45,6.7,0.47700000000000004,2.25,20.1,0.12100000000000002,15.8,3.45,73.4,72.75,23.4,37.0,12.35,35.7,8.9,26.8,12.5,11.95,1.067,7.8,25.45,30.52,18.5,38.0,48.758,12.35,17.5,70.55600000000001,0.85,7.8,0.663,1.9,18.4,0.10600000000000001,11.95,1.95,76.4
84,90,2022-12-22,10,1,2022-2023,Paulistano,Flamengo,0,76.7,26.4,41.1,9.2,40.0,13.35,26.65,14.6,11.4,1.3460000000000003,8.8,27.75,32.281,20.55,41.9,49.266999999999996,9.2,13.8,66.86800000000001,1.5,8.3,0.764,2.45,18.65,0.136,11.4,1.15,85.75,81.85,35.25,35.9,10.7,46.2,13.15,33.05,20.1,13.0,1.597,11.75,34.9,33.537000000000006,17.95,32.5,55.245999999999995,10.7,15.6,68.858,1.2,6.75,0.5509999999999999,2.4,15.7,0.149,13.0,2.6,101.7
93,90,2022-12-22,10,1,2022-2023,Rio Claro,Cerrado,1,71.8,20.85,37.3,13.65,34.35,11.2,23.15,13.9,11.15,1.3729999999999998,6.95,24.95,26.778999999999996,18.65,40.3,46.690000000000005,13.65,20.55,65.939,1.15,7.65,0.743,1.8,21.45,0.086,11.15,2.25,71.8,83.0,39.45,30.0,13.55,36.95,11.15,25.8,15.35,16.05,0.9720000000000001,13.15,37.65,34.827999999999996,15.0,28.15,53.327,13.55,18.8,71.25899999999999,1.5,5.9,0.369,2.1,16.8,0.128,16.05,3.85,84.35
99,94,2022-12-22,10,1,2022-2023,Sesi Franca,BRB/Brasília,1,91.05,33.15,40.4,17.5,40.55,9.1,31.45,18.9,11.45,1.7500000000000004,11.05,28.6,38.980000000000004,20.2,34.6,58.12800000000001,17.5,22.85,77.00399999999999,2.35,5.8,0.551,2.35,15.4,0.153,11.45,1.75,109.9,78.25,28.05,37.0,13.2,37.9,10.55,27.35,16.2,15.0,1.169,9.35,28.45,33.443,18.5,35.45,51.855999999999995,13.2,19.75,66.27900000000001,2.15,5.1,0.372,1.05,19.6,0.054000000000000006,15.0,3.15,80.9
96,68,2022-12-22,10,1,2022-2023,São Paulo,Coop/São José Basketball,1,87.9,35.25,39.4,13.25,37.1,8.7,28.4,18.0,11.75,1.5779999999999998,11.75,30.05,38.99300000000001,19.7,35.1,56.25600000000001,13.25,17.8,74.14200000000001,0.65,7.1,0.6060000000000001,1.45,21.1,0.066,11.75,1.85,101.55,78.85,26.7,39.8,12.35,36.5,9.9,26.6,20.45,12.35,1.7619999999999998,8.9,27.45,32.092,19.9,37.85,53.153000000000006,12.35,16.35,74.38200000000002,1.45,5.05,0.43,2.6,18.2,0.15,12.35,1.6,90.6
68,65,2022-12-23,10,1,2022-2023,Pinheiros,Bauru Basket,1,81.5,25.2,43.4,12.9,42.1,12.9,29.2,19.2,14.9,1.4009999999999998,8.4,25.6,32.55200000000001,21.7,41.9,52.084,12.9,19.2,66.624,1.7,7.5,0.545,2.3,19.7,0.122,14.9,2.6,94.0,79.234,33.5,34.4,11.334,33.866,9.234,24.634000000000004,16.5,11.2,1.55,11.166,31.0,36.078,17.2,31.234,54.44199999999999,11.334,15.334000000000003,73.36,2.2,7.4,0.7,1.6,18.6,0.094,11.2,2.2,89.53399999999999
73,83,2022-12-27,11,1,2022-2023,Coop/São José Basketball,Sesi Franca,0,78.1,24.6,41.4,12.1,36.9,10.8,26.1,20.2,12.7,1.702,8.2,26.2,30.968999999999994,20.7,40.0,52.632000000000005,12.1,16.7,70.19200000000001,1.6,5.1,0.4210000000000001,2.7,18.1,0.157,12.7,1.6,88.4,92.1,32.4,42.4,17.3,40.5,8.8,31.7,19.2,10.8,1.8480000000000003,10.8,28.5,38.275999999999996,21.2,35.5,59.32800000000001,17.3,22.3,78.128,3.0,6.1,0.5920000000000001,2.6,16.0,0.16199999999999998,10.8,1.7,112.7
100,83,2022-12-27,11,1,2022-2023,São Paulo,Minas,1,88.3,34.65,40.7,12.95,37.8,8.95,28.85,17.7,11.4,1.598,11.55,29.75,38.641000000000005,20.35,36.3,56.282000000000004,12.95,17.3,74.506,0.9,6.95,0.615,1.55,20.8,0.07199999999999998,11.4,1.75,102.4,90.45,29.85,48.8,11.8,44.7,12.0,32.7,21.35,14.45,1.657,9.95,26.75,37.09400000000001,24.4,40.7,59.620000000000005,11.8,15.65,74.422,3.1,7.0,0.5860000000000001,2.35,16.35,0.15,14.45,4.05,114.45
110,57,2022-12-27,11,1,2022-2023,Flamengo,Rio Claro,1,82.35,35.25,36.0,11.1,44.75,12.4,32.35,19.55,12.75,1.59,11.75,34.5,33.962,18.0,32.2,56.024,11.1,15.7,70.75399999999999,0.95,6.75,0.562,2.2,15.65,0.137,12.75,2.55,101.3,73.0,23.1,37.6,12.3,32.8,9.7,23.1,15.0,11.1,1.51,7.7,25.9,29.899,18.8,38.8,48.353,12.3,18.9,65.03,1.2,8.0,0.789,1.8,21.4,0.08600000000000001,11.1,2.2,74.7
59,69,2022-12-29,11,1,2022-2023,Flamengo,Sesi Franca,0,82.25,35.7,35.8,10.75,43.55,12.05,31.5,19.15,12.3,1.64,11.9,34.55,34.295,17.9,32.05,55.95400000000001,10.75,14.95,71.71399999999998,0.75,6.8,0.592,2.15,15.2,0.141,12.3,2.45,100.6,90.75,32.55,41.3,16.9,40.15,8.25,31.9,18.45,11.1,1.7430000000000003,10.85,27.95,39.146,20.65,34.95,58.551,16.9,21.6,79.187,2.85,5.9,0.563,2.55,16.15,0.159,11.1,1.95,110.6
98,63,2022-12-29,11,1,2022-2023,Coop/São José Basketball,Rio Claro,1,79.05,25.8,41.0,12.25,37.45,10.85,26.6,20.0,12.35,1.7329999999999999,8.6,26.4,32.513999999999996,20.5,40.1,51.949,12.25,16.75,70.773,1.65,5.0,0.4360000000000001,2.7,18.45,0.154,12.35,1.6,89.95,73.1,24.0,37.1,12.0,31.45,9.65,21.8,15.35,10.45,1.568,8.0,26.8,30.084999999999997,18.55,38.4,48.165000000000006,12.0,17.95,66.609,1.1,7.7,0.784,2.1,21.15,0.10600000000000001,10.45,1.95,74.65
79,66,2023-01-03,12,1,2022-2023,BRB/Brasília,Pato Basquete,1,80.6,28.2,39.2,13.2,38.5,10.9,27.6,16.8,15.0,1.213,9.4,28.2,33.87,19.6,37.0,52.81099999999999,13.2,19.7,66.432,2.4,5.1,0.372,1.3,19.5,0.066,15.0,2.9,84.6,76.9,31.5,34.4,11.0,33.3,9.2,24.1,14.7,14.6,1.026,10.5,28.1,37.414,17.2,34.7,49.67,11.0,17.4,63.56199999999999,0.6,7.0,0.49499999999999994,1.0,19.6,0.051000000000000004,14.6,3.3,76.8
89,79,2023-01-03,12,1,2022-2023,Cerrado,Corinthians,1,84.4,41.4,30.4,12.6,36.6,11.6,25.0,15.9,15.8,1.012,13.8,38.6,35.815999999999995,15.2,28.6,53.05800000000001,12.6,17.9,69.301,1.5,6.1,0.383,1.5,16.2,0.101,15.8,3.2,85.2,82.2,30.3,37.0,14.9,40.9,9.2,31.7,15.2,16.6,0.9540000000000001,10.1,30.1,32.88,18.5,32.2,57.892999999999994,14.9,19.6,75.057,3.2,6.2,0.385,3.3,16.8,0.195,16.6,3.5,92.8
67,79,2023-01-04,12,1,2022-2023,União Corinthians,Bauru Basket,0,77.801,32.7,33.20100000000001,11.9,33.499,9.601,23.901,18.801,13.599,1.423,10.899,32.201,34.608000000000004,16.599,33.101000000000006,50.19200000000001,11.9,15.901,76.059,2.499,7.699,0.5639999999999998,2.2,20.599,0.10900000000000001,13.599,2.601,84.599,78.201,33.0,33.6,11.601,33.398999999999994,9.101,24.301000000000005,16.2,11.5,1.4849999999999999,10.998999999999999,30.95,35.573,16.8,30.651000000000003,54.16799999999999,11.601,15.251,75.11,2.1,7.45,0.6839999999999999,1.55,18.7,0.091,11.5,2.2,87.85099999999998
88,79,2023-01-04,12,1,2022-2023,Fortaleza B. C. / CFO,UNIFACISA,1,73.3,20.7,41.8,10.8,42.5,12.7,29.8,14.7,16.0,0.9799999999999999,6.9,23.3,30.569,20.9,43.6,46.962,10.8,17.8,59.887,1.4,6.8,0.4790000000000001,2.1,21.3,0.10300000000000001,16.0,3.4,77.3,76.9,30.9,32.2,13.8,35.2,10.5,24.7,13.4,13.9,1.0140000000000002,10.3,29.7,34.504000000000005,16.1,32.6,49.407000000000004,13.8,18.0,78.86900000000001,0.5,6.6,0.4739999999999999,0.8,20.2,0.04,13.9,2.6,78.9
69,77,2023-01-04,12,1,2022-2023,Caxias do Sul Basquete,Pinheiros,0,70.8,22.2,36.0,12.6,35.0,8.6,26.4,11.6,12.2,0.9899999999999999,7.4,25.0,29.330000000000002,18.0,37.7,47.91000000000001,12.6,17.9,70.278,0.8,7.8,0.6519999999999999,1.8,18.5,0.1,12.2,1.9,72.2,81.45,24.45,43.7,13.3,41.7,13.0,28.7,18.2,14.75,1.342,8.15,24.9,32.330000000000005,21.85,42.15,52.166999999999994,13.3,19.85,66.727,1.65,7.7,0.5630000000000001,2.35,19.55,0.127,14.75,2.4,93.05
77,78,2023-01-05,12,1,2022-2023,São Paulo,Paulistano,0,90.6,37.2,40.4,13.0,37.2,8.3,28.9,18.5,10.8,1.8310000000000002,12.4,30.1,40.78600000000001,20.2,36.2,55.959,13.0,17.2,75.20900000000002,1.1,7.2,0.7070000000000001,1.5,20.7,0.06999999999999999,10.8,1.6,106.3,77.0,26.7,41.9,8.4,39.85,13.4,26.45,14.55,11.3,1.3510000000000002,8.9,27.35,33.147000000000006,20.95,43.05,48.88699999999999,8.4,12.6,67.36800000000001,1.55,8.15,0.758,2.55,18.7,0.14099999999999996,11.3,1.15,86.05
88,101,2023-01-05,12,1,2022-2023,BRB/Brasília,Corinthians,0,81.45,27.75,40.8,12.9,38.8,11.05,27.75,17.7,14.55,1.3039999999999998,9.25,28.35,33.077999999999996,20.4,38.15,53.297000000000004,12.9,19.45,65.662,2.55,5.15,0.38500000000000006,1.6,19.5,0.081,14.55,2.65,86.75,83.5,30.75,38.1,14.65,42.05,9.6,32.45,15.4,16.5,0.9760000000000002,10.25,30.35,33.152,19.05,33.05,58.108999999999995,14.65,19.35,74.807,3.25,5.75,0.356,3.25,16.95,0.192,16.5,3.4,94.65
109,110,2023-01-05,12,1,2022-2023,Cerrado,Pato Basquete,0,86.9,42.45,31.7,12.75,36.8,11.55,25.25,16.35,15.6,1.063,14.15,38.8,36.584,15.85,29.5,53.599000000000004,12.75,18.2,68.90899999999999,1.65,6.3,0.404,1.65,16.7,0.10700000000000001,15.6,3.45,88.65,79.15,31.8,35.9,11.45,33.1,9.2,23.9,14.9,14.7,1.033,10.6,28.05,37.899,17.95,35.45,50.652,11.45,17.55,65.494,0.4,7.0,0.492,1.1,19.4,0.05600000000000001,14.7,3.45,79.5
88,87,2023-01-06,12,1,2022-2023,Minas,UNIFACISA,1,89.8,29.4,48.6,11.8,44.9,12.3,32.6,21.4,14.3,1.6780000000000002,9.8,27.0,36.235,24.3,40.5,59.659000000000006,11.8,15.7,74.208,3.1,6.5,0.5549999999999999,2.3,16.2,0.148,14.3,3.6,113.3,79.1,31.8,33.0,14.3,36.05,10.95,25.1,13.7,13.25,1.0630000000000002,10.6,30.85,34.248000000000005,16.5,33.1,49.812,14.3,18.8,76.726,0.65,6.6,0.4959999999999999,0.85,19.85,0.043,13.25,2.3,81.7
70,79,2023-01-06,12,1,2022-2023,União Corinthians,Pinheiros,0,76.251,31.5,32.001,12.75,34.899,10.051,24.851,18.051,14.349,1.286,10.498999999999999,31.851,33.702000000000005,15.999,32.701,48.99400000000001,12.75,17.051,75.733,2.149,7.949,0.5569999999999999,2.2,21.199,0.10700000000000001,14.349,2.501,82.649,82.4,24.6,43.8,14.0,41.8,13.1,28.7,17.7,15.0,1.2970000000000002,8.2,25.05,32.349000000000004,21.9,42.2,52.23299999999999,14.0,20.55,68.03200000000001,1.75,7.9,0.5680000000000001,2.3,20.0,0.121,15.0,2.65,93.4
61,74,2023-01-06,12,1,2022-2023,Caxias do Sul Basquete,Bauru Basket,0,70.2,20.7,36.3,13.2,35.3,8.6,26.7,11.15,12.55,0.931,6.9,24.3,28.147,18.15,37.95,48.031000000000006,13.2,18.55,70.778,0.85,7.65,0.62,1.85,18.15,0.10500000000000001,12.55,2.2,71.05,77.05099999999999,32.55,33.1,11.401,33.699,9.151,24.551000000000005,16.35,11.65,1.475,10.849,31.05,34.948,16.55,30.151000000000003,54.254,11.401,15.100999999999999,74.598,2.05,7.35,0.6639999999999999,1.5,18.65,0.088,11.65,2.15,86.80099999999999
89,75,2023-01-08,1,2,2022-2023,Flamengo,Pato Basquete,1,83.15,37.2,35.6,10.35,43.4,12.25,31.15,19.85,11.7,1.782,12.4,35.3,34.908,17.8,31.5,56.511,10.35,14.55,70.77799999999999,0.75,7.05,0.64,2.0,14.4,0.143,11.7,2.1,102.95,81.4,32.1,37.4,11.9,32.9,9.2,23.7,15.1,14.8,1.04,10.7,28.0,38.384,18.7,36.2,51.634,11.9,17.7,67.426,0.2,7.0,0.48900000000000005,1.2,19.2,0.06100000000000001,14.8,3.6,82.2
64,70,2023-01-09,1,2,2022-2023,Paulistano,Sesi Franca,0,77.3,26.7,42.6,8.0,39.6,13.6,26.0,14.8,11.0,1.409,8.9,27.2,33.303000000000004,21.3,44.4,48.219,8.0,12.1,67.035,1.5,8.5,0.8150000000000001,2.7,18.2,0.15899999999999997,11.0,1.0,86.4,89.4,32.7,40.2,16.5,39.8,7.7,32.1,17.7,11.4,1.638,10.9,27.4,40.016,20.1,34.4,57.774,16.5,20.9,80.246,2.7,5.7,0.534,2.5,16.3,0.156,11.4,2.2,108.5
80,82,2023-01-09,1,2,2022-2023,BRB/Brasília,Fortaleza B. C. / CFO,0,82.3,27.3,42.4,12.6,39.1,11.2,27.9,18.6,14.1,1.395,9.1,28.5,32.285999999999994,21.2,39.3,53.783,12.6,19.2,64.892,2.7,5.2,0.398,1.9,19.5,0.096,14.1,2.4,88.9,75.4,21.0,42.8,11.6,43.55,13.4,30.15,14.95,15.65,1.028,7.0,23.4,30.791000000000004,21.4,44.2,47.524,11.6,19.45,59.94000000000001,1.55,6.7,0.484,2.05,21.25,0.101,15.65,3.1,79.95
63,58,2023-01-10,1,2,2022-2023,Minas,Bauru Basket,1,90.5,31.5,47.6,11.4,44.6,12.1,32.5,21.5,14.7,1.642,10.5,27.7,37.655,23.8,40.0,59.025999999999996,11.4,15.8,70.80199999999999,3.6,6.5,0.5439999999999999,2.3,16.9,0.14200000000000002,14.7,3.7,112.9,77.651,32.7,33.1,11.851,33.699,8.851,24.851000000000006,16.7,11.3,1.5379999999999998,10.899,30.7,35.45,16.55,30.001000000000005,54.52399999999999,11.851,15.850999999999999,74.12199999999999,2.0,7.65,0.6990000000000001,1.4,19.15,0.07699999999999999,11.3,1.95,88.55099999999999
96,69,2023-01-10,1,2,2022-2023,Coop/São José Basketball,Pato Basquete,1,78.55,25.95,40.1,12.5,37.0,11.0,26.0,19.5,12.1,1.7289999999999999,8.65,26.0,33.405,20.05,40.2,50.59,12.5,16.95,71.293,1.5,5.55,0.4950000000000001,2.7,18.75,0.152,12.1,1.75,89.25,81.7,32.2,38.6,10.9,33.333,9.833,23.5,15.4,15.433000000000002,1.0090000000000001,10.733,27.367,39.15,19.3,36.867000000000004,52.348,10.9,16.666999999999998,64.971,0.2,7.367,0.49000000000000005,1.0,18.7,0.053000000000000005,15.433000000000002,3.6670000000000003,83.4
92,76,2023-01-10,1,2,2022-2023,São Paulo,Rio Claro,1,90.1,36.6,40.4,13.1,38.0,8.4,29.6,17.8,11.9,1.703,12.2,30.0,40.159,20.2,36.1,56.11600000000001,13.1,16.9,77.67699999999999,1.2,7.1,0.66,1.9,21.1,0.095,11.9,1.6,105.5,71.05,22.95,36.8,11.3,30.45,9.6,20.85,15.2,10.85,1.496,7.65,25.75,29.994,18.4,38.8,47.253,11.3,17.1,65.703,0.8,7.3,0.7220000000000001,2.35,20.6,0.125,10.85,2.15,71.2
70,66,2023-01-10,1,2,2022-2023,Flamengo,Pinheiros,1,83.55,37.5,36.0,10.05,43.1,12.5,30.6,20.6,11.25,1.8950000000000002,12.5,36.0,34.547,18.0,30.95,58.121,10.05,14.4,69.24999999999999,0.75,7.15,0.6620000000000001,1.85,14.0,0.13899999999999998,11.25,1.8,104.2,82.6,24.9,43.2,14.5,41.9,13.6,28.3,16.8,15.1,1.2399999999999998,8.3,25.8,31.684000000000005,21.6,42.2,51.501,14.5,21.3,67.81,1.7,7.9,0.5650000000000002,2.4,20.8,0.121,15.1,2.9,91.6
88,101,2023-01-11,1,2,2022-2023,BRB/Brasília,UNIFACISA,0,83.3,28.2,41.7,13.4,39.6,11.35,28.25,18.15,14.45,1.287,9.4,28.1,33.397,20.85,38.95,53.275,13.4,19.7,68.127,2.6,5.05,0.358,2.1,19.5,0.10800000000000001,14.45,2.35,90.65,78.7,31.05,33.8,13.85,36.5,11.05,25.45,13.65,13.35,1.0500000000000003,10.35,30.9,33.419,16.9,33.65,50.153999999999996,13.85,18.05,77.374,0.75,6.8,0.5079999999999999,0.85,19.45,0.044,13.35,2.25,81.65
88,68,2023-01-11,1,2,2022-2023,Cerrado,Fortaleza B. C. / CFO,1,89.4,43.5,33.0,12.9,37.0,11.5,25.5,16.8,15.4,1.114,14.5,39.0,37.352000000000004,16.5,30.4,54.14,12.9,18.5,68.517,1.8,6.5,0.425,1.8,17.2,0.11300000000000002,15.4,3.7,92.1,76.2,20.4,43.6,12.2,43.25,13.55,29.7,14.95,15.45,1.041,6.8,23.15,30.357,21.8,44.35,48.376000000000005,12.2,20.15,61.46400000000001,1.55,6.8,0.49800000000000005,2.2,21.0,0.11100000000000002,15.45,3.1,81.1
74,67,2023-01-12,1,2,2022-2023,Minas,Pinheiros,1,87.05,30.45,45.0,11.6,43.8,12.05,31.75,21.45,14.2,1.6800000000000002,10.15,27.15,37.013,22.5,39.25,56.749,11.6,16.3,69.773,3.35,6.4,0.5499999999999999,2.3,16.75,0.14200000000000002,14.2,3.55,108.35,81.1,24.45,42.2,14.45,41.65,13.7,27.95,16.8,14.65,1.2739999999999998,8.15,25.8,31.158000000000005,21.1,41.95,50.414,14.45,21.3,67.52400000000002,1.7,8.0,0.5840000000000002,2.45,20.55,0.124,14.65,2.9,90.0
88,81,2023-01-12,1,2,2022-2023,Coop/São José Basketball,Corinthians,1,78.7,26.25,40.2,12.25,36.7,11.35,25.35,19.4,12.25,1.703,8.75,25.8,34.126,20.1,40.9,49.65,12.25,16.6,71.364,1.5,6.5,0.558,2.65,18.8,0.14899999999999997,12.25,1.6,89.5,84.8,31.2,39.2,14.4,43.2,10.0,33.2,15.6,16.4,0.998,10.4,30.6,33.42399999999999,19.6,33.9,58.32499999999999,14.4,19.1,74.557,3.3,5.3,0.32699999999999996,3.2,17.1,0.18899999999999997,16.4,3.3,96.5
76,66,2023-01-13,1,2,2022-2023,Paulistano,Rio Claro,1,77.65,26.1,42.6,8.95,39.8,13.4,26.4,14.65,10.95,1.4,8.7,26.5,33.11,21.3,44.7,47.949,8.95,13.05,68.931,1.55,8.1,0.78,2.65,18.45,0.15399999999999997,10.95,1.25,86.6,70.1,22.05,37.1,10.95,30.3,9.75,20.55,15.45,11.5,1.431,7.35,24.6,30.269000000000005,18.55,39.35,46.925,10.95,16.7,65.267,0.65,7.05,0.665,2.25,20.65,0.12000000000000002,11.5,2.4,69.85
73,83,2023-01-13,1,2,2022-2023,Cerrado,UNIFACISA,0,87.25,41.55,33.6,12.1,38.0,11.55,26.45,17.15,15.55,1.127,13.85,37.5,37.185,16.8,31.05,54.101,12.1,17.7,67.833,2.0,6.3,0.40800000000000003,1.95,16.4,0.126,15.55,3.6,91.6,79.2,30.6,35.4,13.2,37.15,10.75,26.4,14.65,13.5,1.114,10.2,30.8,33.06099999999999,17.7,34.1,51.593999999999994,13.2,17.05,77.99099999999999,0.85,7.05,0.521,1.1,18.85,0.059,13.5,2.35,84.8
69,84,2023-01-14,1,2,2022-2023,Pato Basquete,São Paulo,0,81.85,31.1,40.2,10.55,33.315999999999995,10.266,23.05,15.6,15.316000000000003,1.027,10.366,26.684000000000005,38.641999999999996,20.1,38.034000000000006,53.03099999999999,10.55,15.933999999999997,64.937,0.2,7.634,0.511,1.1,18.45,0.06000000000000001,15.316000000000003,3.3840000000000003,84.55,89.95,36.9,40.1,12.95,37.05,8.4,28.65,18.4,12.3,1.6960000000000002,12.3,30.15,40.282999999999994,20.05,35.55,56.532000000000004,12.95,16.8,77.25500000000001,1.3,7.6,0.683,1.9,21.05,0.095,12.3,1.45,105.4
95,65,2023-01-16,2,2,2022-2023,Pinheiros,Cerrado,1,79.6,24.0,41.2,14.4,41.4,13.8,27.6,16.8,14.2,1.3080000000000003,8.0,25.8,30.631999999999998,20.6,41.7,49.327,14.4,21.3,67.23800000000001,1.7,8.1,0.6030000000000001,2.5,20.3,0.127,14.2,2.9,88.4,86.5,41.4,33.8,11.3,38.8,11.9,26.9,16.8,15.4,1.116,13.8,37.6,36.879999999999995,16.9,31.6,53.519999999999996,11.3,16.3,68.73599999999999,2.1,6.0,0.394,2.2,15.7,0.144,15.4,3.3,91.4
72,70,2023-01-16,2,2,2022-2023,Bauru Basket,BRB/Brasília,1,76.401,31.8,33.0,11.601,33.199,8.101,25.101,17.0,11.1,1.577,10.599,29.9,35.20100000000001,16.5,30.201000000000004,54.049,11.601,16.101,70.825,1.9,8.0,0.731,1.2,19.8,0.061,11.1,1.7,87.201,82.1,29.1,39.6,13.4,38.2,10.5,27.7,17.0,14.3,1.2119999999999997,9.7,28.6,33.782,19.8,37.5,52.544,13.4,19.2,69.998,2.4,5.1,0.368,2.1,19.1,0.11000000000000001,14.3,2.3,87.8
71,90,2023-01-16,2,2,2022-2023,Fortaleza B. C. / CFO,Coop/São José Basketball,0,75.85,21.45,42.1,12.3,41.9,13.05,28.85,15.05,15.7,1.0250000000000001,7.15,23.15,31.729000000000003,21.05,42.95,48.299,12.3,19.9,62.75,1.6,6.6,0.466,2.35,20.5,0.121,15.7,3.3,80.55,82.6,28.2,41.8,12.6,35.9,10.7,25.2,20.4,11.9,1.7899999999999998,9.4,25.4,37.071999999999996,20.9,40.7,51.636,12.6,16.9,72.5,1.8,7.4,0.6260000000000001,2.5,19.0,0.13800000000000004,11.9,1.5,96.8
72,74,2023-01-17,2,2,2022-2023,União Corinthians,Caxias do Sul Basquete,0,75.851,30.3,31.801,13.75,35.949,10.800999999999998,25.151,17.551,14.849,1.213,10.099,32.201,31.881,15.899000000000001,32.351,49.162,13.75,18.351,75.76,1.9490000000000003,8.199000000000002,0.5599999999999998,2.1,21.099,0.10300000000000002,14.849,2.5509999999999997,81.649,69.6,19.2,36.6,13.8,35.6,8.6,27.0,10.7,12.9,0.8720000000000002,6.4,23.6,26.964,18.3,38.2,48.15200000000001,13.8,19.2,71.278,0.9,7.5,0.588,1.9,17.8,0.11000000000000001,12.9,2.5,69.9
75,87,2023-01-17,2,2,2022-2023,Pato Basquete,Paulistano,0,82.0,30.0,41.8,10.2,33.29899999999999,10.699,22.6,15.8,15.199000000000002,1.045,9.998999999999999,26.001000000000005,38.134,20.9,39.20100000000001,53.71400000000001,10.2,15.200999999999997,64.90299999999999,0.2,7.901000000000001,0.532,1.2,18.2,0.06700000000000002,15.199000000000002,3.1010000000000004,85.7,78.0,25.5,42.6,9.9,40.0,13.2,26.8,14.5,10.9,1.391,8.5,25.8,32.916999999999994,21.3,45.0,47.678999999999995,9.9,14.0,70.82699999999998,1.6,7.7,0.7449999999999999,2.6,18.7,0.149,10.9,1.5,86.8
73,85,2023-01-17,2,2,2022-2023,Corinthians,São Paulo,0,83.3,30.0,38.8,14.5,41.2,9.4,31.8,15.8,17.3,0.951,10.0,29.0,33.964999999999996,19.4,33.9,57.737,14.5,19.4,74.01400000000001,3.8,5.5,0.323,3.1,17.3,0.17999999999999997,17.3,3.0,93.2,89.8,37.2,39.8,12.8,36.1,8.4,27.7,19.0,12.7,1.689,12.4,30.3,40.407,19.9,35.0,56.948,12.8,16.7,76.833,1.4,8.1,0.706,1.9,21.0,0.095,12.7,1.3,105.3
94,83,2023-01-18,2,2,2022-2023,Pinheiros,BRB/Brasília,1,81.233,24.9,41.7,14.633000000000001,41.917,13.75,28.167,17.782999999999998,13.733,1.415,8.3,26.282999999999998,31.258,20.85,41.467,50.082,14.633000000000001,21.55,67.57700000000001,1.6329999999999998,8.233,0.632,2.4829999999999997,20.383,0.126,13.733,2.7329999999999997,92.4,82.525,29.175,39.4,13.95,38.35,10.525,27.825,17.025,14.075,1.226,9.725,28.825,33.594,19.7,37.7,51.967999999999996,13.95,19.9,70.376,2.325,5.15,0.375,2.1,19.225,0.10900000000000001,14.075,2.2,88.025
97,73,2023-01-18,2,2,2022-2023,Bauru Basket,Cerrado,1,76.634,32.1,32.7,11.834,33.766,8.101,25.668,17.75,11.417,1.589,10.699,30.0,35.446999999999996,16.35,30.468,53.176,11.834,16.051,72.38200000000002,2.0170000000000003,8.0,0.7110000000000001,1.483,19.583000000000002,0.08,11.417,1.75,88.584,86.45,40.5,34.467,11.483,39.167,11.883,27.282999999999998,16.35,15.483,1.08,13.5,37.083,36.535999999999994,17.232999999999997,32.233,53.568999999999996,11.483,16.583,68.63799999999999,2.217,6.0,0.39299999999999996,2.2670000000000003,15.267,0.153,15.483,3.4829999999999997,91.067
79,88,2023-01-18,2,2,2022-2023,UNIFACISA,Coop/São José Basketball,0,80.15,30.75,36.5,12.9,38.35,10.7,27.65,15.3,13.3,1.1800000000000002,10.25,30.85,33.166000000000004,18.25,34.9,51.783,12.9,16.55,78.54400000000001,0.9,7.05,0.529,1.45,19.0,0.077,13.3,2.6,88.1,82.075,27.975,42.0,12.1,35.975,10.775,25.2,20.075,11.9,1.754,9.325,25.2,37.06099999999999,21.0,40.625,52.035000000000004,12.1,16.525,71.34,1.9,7.3,0.615,2.5,19.025,0.13799999999999998,11.9,1.575,96.1
90,64,2023-01-19,2,2,2022-2023,Flamengo,Corinthians,1,83.5,39.0,34.8,9.7,42.1,12.1,30.0,20.6,11.2,1.9050000000000005,13.0,36.4,35.623999999999995,17.4,30.1,57.951,9.7,13.9,69.029,0.6,7.0,0.65,1.8,13.7,0.13899999999999998,11.2,1.6,103.5,81.95,29.15,38.8,14.0,40.583,9.75,30.833,16.133,16.416999999999998,1.0230000000000001,9.717,28.65,33.446,19.4,35.033,56.09000000000001,14.0,18.483,74.84700000000001,4.0,5.4,0.337,3.0,17.45,0.174,16.416999999999998,3.067,91.6
95,73,2023-01-19,2,2,2022-2023,Sesi Franca,Rio Claro,1,87.2,30.75,39.8,16.65,40.35,8.05,32.3,17.3,11.85,1.5869999999999997,10.25,26.85,38.006,19.9,35.25,55.882999999999996,16.65,20.55,81.804,2.55,5.6,0.5149999999999999,2.65,16.4,0.164,11.85,2.3,105.4,71.1,22.95,37.8,10.35,30.55,9.65,20.9,16.25,11.7,1.473,7.65,24.2,31.947000000000003,18.9,39.85,47.233,10.35,15.75,65.457,0.75,6.9,0.648,2.15,20.55,0.11500000000000002,11.7,2.4,72.35
79,89,2023-01-30,2,2,2022-2023,Pinheiros,São Paulo,0,82.86600000000001,25.8,42.2,14.866000000000003,42.434000000000005,13.7,28.734,18.766,13.266,1.5219999999999998,8.6,26.766,31.883999999999997,21.1,41.234,50.837,14.866000000000003,21.8,67.916,1.566,8.366,0.6609999999999999,2.4659999999999997,20.465999999999998,0.12500000000000003,13.266,2.566,96.4,88.783,36.85,39.132999999999996,12.8,36.117000000000004,8.633,27.482999999999997,18.667,13.066999999999998,1.616,12.283,30.317,40.017999999999994,19.567,34.767,56.36800000000001,12.8,16.883,76.102,1.6,8.05,0.688,1.9,21.0,0.095,13.066999999999998,1.35,103.133
89,96,2023-01-30,2,2,2022-2023,Coop/São José Basketball,Minas,0,81.55,27.75,42.2,11.6,36.05,10.85,25.2,19.75,11.9,1.718,9.25,25.0,37.05,21.1,40.55,52.43399999999999,11.6,16.15,70.17999999999999,2.0,7.2,0.6040000000000001,2.5,19.05,0.13799999999999998,11.9,1.65,95.4,83.6,29.4,42.4,11.8,43.0,12.0,31.0,21.4,13.7,1.718,9.8,26.6,36.371,21.2,38.5,54.472,11.8,16.8,68.744,3.1,6.3,0.5559999999999998,2.3,16.6,0.14200000000000004,13.7,3.4,103.8
91,98,2023-01-30,3,2,2022-2023,Cerrado,Caxias do Sul Basquete,0,86.4,39.6,35.134,11.666,39.534000000000006,11.866,27.665999999999997,15.9,15.566000000000003,1.044,13.2,36.565999999999995,36.19199999999999,17.565999999999995,32.866,53.617999999999995,11.666,16.865999999999996,68.53999999999999,2.3340000000000005,6.0,0.392,2.3340000000000005,14.833999999999998,0.16199999999999998,15.566000000000003,3.6659999999999995,90.734,70.9,19.65,36.9,14.35,35.8,8.4,27.4,11.0,13.25,0.865,6.55,23.3,28.117999999999995,18.45,37.85,48.93500000000001,14.35,20.1,71.102,0.85,7.3,0.5549999999999999,1.9,18.35,0.10700000000000001,13.25,2.3,71.75
81,82,2023-01-31,2,2,2022-2023,Paulistano,Corinthians,0,80.1,25.35,43.8,10.95,40.1,13.5,26.6,14.5,10.5,1.4180000000000001,8.45,25.7,32.859,21.9,46.0,47.962,10.95,15.1,72.684,1.7,8.0,0.7769999999999999,2.55,18.6,0.146,10.5,1.5,89.25,80.6,28.3,38.8,13.5,39.965999999999994,10.1,29.865999999999996,16.465999999999998,15.533999999999997,1.095,9.434000000000001,28.3,32.927,19.4,36.166,54.443,13.5,17.566000000000003,75.67999999999999,4.2,5.3,0.351,2.9,17.6,0.168,15.533999999999997,3.1340000000000003,90.0
64,99,2023-01-31,2,2,2022-2023,Fortaleza B. C. / CFO,Flamengo,0,74.833,22.3,40.067,12.467,40.4,12.733,27.667,14.8,15.8,0.994,7.433,23.667,32.355000000000004,20.032999999999998,41.4,47.720000000000006,12.467,19.633,64.481,1.567,6.167,0.422,2.3329999999999997,20.133,0.12100000000000002,15.8,3.2670000000000003,77.967,84.567,40.4,34.4,9.767,42.833,12.533,30.3,20.5,11.367,1.871,13.466999999999999,36.5,36.908,17.2,30.433,56.717999999999996,9.767,14.1,68.63499999999999,0.633,6.4670000000000005,0.5940000000000001,1.9,14.133000000000001,0.14299999999999996,11.367,1.8670000000000002,104.3
88,82,2023-01-31,2,2,2022-2023,Sesi Franca,Pato Basquete,1,87.15,30.9,40.3,15.95,40.3,8.6,31.7,18.15,12.15,1.6219999999999999,10.3,27.55,37.188,20.15,35.6,55.992999999999995,15.95,19.4,82.572,2.65,5.85,0.522,2.8,16.65,0.17,12.15,2.25,105.95,80.833,28.6,41.8,10.433,32.63199999999999,10.799,21.833,14.833000000000002,14.832000000000003,1.0059999999999998,9.532,25.634000000000004,36.946,20.9,39.434000000000005,53.38000000000001,10.433,15.700999999999999,64.22999999999999,0.233,7.734,0.537,1.0,18.4,0.05600000000000001,14.832000000000003,3.0680000000000005,82.3
78,88,2023-02-01,2,2,2022-2023,BRB/Brasília,Caxias do Sul Basquete,0,82.95,29.25,39.2,14.5,38.5,10.55,27.95,17.05,13.85,1.2399999999999998,9.75,29.05,33.406,19.6,37.9,51.391999999999996,14.5,20.6,70.754,2.25,5.2,0.382,2.1,19.35,0.10800000000000001,13.85,2.1,88.25,72.7,20.45,37.4,14.85,36.033,8.5,27.532999999999998,11.817,13.4,0.924,6.817,23.75,28.530999999999995,18.7,37.517,49.96900000000001,14.85,20.417,72.376,0.833,7.2829999999999995,0.5449999999999999,2.0170000000000003,19.0,0.10899999999999999,13.4,2.1,75.13300000000001
78,80,2023-02-02,2,2,2022-2023,UNIFACISA,Flamengo,0,79.75,30.9,35.6,13.25,38.55,10.75,27.8,15.25,12.65,1.2550000000000003,10.3,31.05,33.108000000000004,17.8,35.1,50.160000000000004,13.25,17.15,78.16,0.9,6.8,0.543,1.5,19.45,0.078,12.65,2.6,87.25,85.38399999999999,41.65,33.7,10.034,42.766,12.216,30.55,20.45,11.034,1.903,13.884,36.55,38.087999999999994,16.85,30.215999999999998,56.04299999999999,10.034,14.45,68.90899999999999,0.616,6.434,0.603,1.85,14.266,0.13799999999999998,11.034,1.884,105.4
100,93,2023-02-02,2,2,2022-2023,Rio Claro,Pato Basquete,1,73.65,24.75,38.9,10.0,30.45,9.35,21.1,17.25,11.9,1.5290000000000004,8.25,23.95,34.68400000000001,19.45,40.0,48.537,10.0,15.3,65.17699999999999,0.95,6.65,0.6240000000000001,2.2,20.5,0.11700000000000002,11.9,2.25,76.75,80.316,27.35,42.2,10.766,32.56499999999999,11.199,21.365999999999996,14.316000000000003,14.865,0.9640000000000001,9.114999999999998,25.767000000000003,35.206,21.1,39.517,53.772000000000006,10.766,15.901,65.088,0.21600000000000003,7.617,0.526,0.95,18.6,0.053000000000000005,14.865,3.185000000000001,80.7
99,107,2023-02-02,2,2,2022-2023,Cerrado,União Corinthians,0,86.45,40.5,33.334,12.616,38.734,11.366,27.365999999999996,16.55,15.315999999999999,1.106,13.5,36.366,37.23,16.665999999999997,31.665999999999997,52.49300000000001,12.616,18.315999999999995,68.44999999999999,2.3840000000000003,5.45,0.361,2.1340000000000003,15.034,0.151,15.315999999999999,3.6659999999999995,90.434,77.768,31.1,32.001,14.666999999999998,37.466,11.501,25.968,17.368000000000002,14.666,1.223,10.366000000000001,33.468,31.134000000000004,15.999,32.434,49.342,14.666999999999998,19.568,75.694,1.732,8.666,0.611,2.3329999999999997,20.799,0.11700000000000002,14.666,2.6339999999999995,84.499
66,93,2023-02-03,2,2,2022-2023,Coop/São José Basketball,Bauru Basket,0,81.675,27.825,42.6,11.25,35.825,10.875,24.95,19.675,11.65,1.7600000000000002,9.275,25.0,37.13699999999999,21.3,40.425,53.181999999999995,11.25,15.875,69.374,1.95,7.5,0.643,2.7,18.625,0.14999999999999997,11.65,1.775,96.25,76.867,32.4,32.4,12.067,34.333000000000006,8.101,26.235000000000003,18.5,11.734,1.6010000000000002,10.799,30.1,35.693,16.2,30.735000000000003,52.303,12.067,16.000999999999998,73.93900000000001,2.1340000000000003,8.0,0.6910000000000001,1.766,19.366000000000003,0.099,11.734,1.8,89.96700000000001
85,70,2023-02-04,2,2,2022-2023,São Paulo,Fortaleza B. C. / CFO,1,87.766,36.5,38.465999999999994,12.8,36.134,8.866,27.266,18.334000000000003,13.434000000000001,1.543,12.166,30.334000000000003,39.629000000000005,19.234,34.534000000000006,55.788,12.8,17.065999999999995,75.371,1.8,8.0,0.67,1.9,21.0,0.095,13.434000000000001,1.4,100.96600000000001,74.566,23.0,38.534000000000006,13.034,40.8,13.166,27.634000000000004,14.2,15.9,0.931,7.6659999999999995,24.234,32.74600000000001,19.266,40.5,46.962,13.034,20.565999999999995,63.71200000000001,1.634,6.034000000000001,0.40499999999999997,2.1659999999999995,19.865999999999996,0.11400000000000002,15.9,3.0340000000000003,76.53399999999999
74,96,2023-02-04,2,2,2022-2023,BRB/Brasília,União Corinthians,0,82.525,29.325,38.8,14.4,38.25,10.575,27.675,17.625,14.025,1.2659999999999998,9.775,29.225,33.284000000000006,19.4,37.85,50.900999999999996,14.4,20.25,71.328,2.225,5.45,0.39499999999999996,2.0,19.275,0.10300000000000001,14.025,2.35,88.075,79.66799999999999,32.4,32.134,15.133999999999997,38.4,11.534,26.868000000000002,17.468,14.199999999999998,1.28,10.8,34.068000000000005,31.762,16.066,32.9,48.86999999999999,15.133999999999997,20.268,75.226,1.6320000000000001,8.9,0.6539999999999999,2.4659999999999997,20.766,0.12400000000000003,14.199999999999998,2.6,87.466
80,78,2023-02-06,3,2,2022-2023,Paulistano,Fortaleza B. C. / CFO,1,80.1,25.05,43.3,11.75,40.25,13.3,26.95,14.1,10.45,1.3880000000000001,8.35,25.5,32.747,21.65,46.0,47.352,11.75,15.6,75.228,1.75,7.65,0.748,2.4,18.25,0.13899999999999998,10.45,1.55,88.7,73.299,23.7,37.401,12.201,40.7,13.499,27.201000000000004,14.0,15.6,0.9360000000000002,7.898999999999999,25.101000000000006,32.86400000000001,18.698999999999995,39.9,46.29600000000001,12.201,19.398999999999994,63.54600000000001,1.401,6.2010000000000005,0.42499999999999993,2.0989999999999993,20.198999999999995,0.10800000000000003,15.6,2.8010000000000006,75.10099999999998
94,92,2023-02-06,3,2,2022-2023,Coop/São José Basketball,Pinheiros,1,81.8,27.9,43.0,10.9,35.6,10.9,24.7,19.6,11.4,1.802,9.3,25.0,37.224,21.5,40.3,53.92999999999999,10.9,15.6,68.568,1.9,7.8,0.6820000000000002,2.9,18.2,0.16199999999999998,11.4,1.9,97.1,81.99900000000001,26.4,42.0,13.599,43.101000000000006,13.6,29.501000000000005,19.098999999999997,13.499,1.5130000000000001,8.8,27.298999999999996,31.994999999999997,21.0,41.401,50.42400000000001,13.599,20.1,67.636,1.599,8.498999999999999,0.6569999999999999,2.4989999999999997,20.198999999999995,0.12700000000000003,13.499,2.7989999999999995,96.3
88,80,2023-02-06,3,2,2022-2023,Pato Basquete,Caxias do Sul Basquete,1,79.799,26.1,42.6,11.099,32.49799999999999,11.599,20.898999999999994,13.799000000000001,14.898000000000001,0.9219999999999999,8.697999999999999,25.9,33.465999999999994,21.3,39.6,54.164,11.099,16.101,65.946,0.199,7.5,0.5149999999999999,0.9,18.8,0.05,14.898000000000001,3.302000000000001,79.1,72.5,20.6,36.7,15.2,36.583,8.5,28.083,11.717,13.55,0.9019999999999999,6.867,23.45,29.276999999999997,18.35,37.717,48.684999999999995,15.2,21.267000000000003,71.36699999999999,0.733,7.083,0.5229999999999999,2.067,19.35,0.11000000000000003,13.55,2.1,74.38300000000001
77,97,2023-02-07,3,2,2022-2023,Rio Claro,Corinthians,0,74.85,25.2,39.8,9.85,30.25,9.05,21.2,18.0,12.3,1.548,8.4,23.4,36.049,19.9,40.25,49.42,9.85,15.2,64.743,1.15,6.45,0.595,2.35,20.5,0.12400000000000003,12.3,2.1,78.9,78.5,25.8,38.8,13.9,39.599,10.4,29.198999999999995,16.298999999999996,15.400999999999996,1.096,8.601,26.5,32.553999999999995,19.4,37.498999999999995,52.36199999999999,13.9,17.799000000000003,77.725,4.1,5.2,0.348,2.5,17.9,0.14100000000000004,15.400999999999996,3.4010000000000007,86.8
85,68,2023-02-09,3,2,2022-2023,Paulistano,UNIFACISA,1,79.533,25.1,42.533,11.9,40.233,12.9,27.333,14.432999999999998,10.433,1.42,8.367,25.3,33.121,21.267000000000003,45.933,46.496,11.9,15.6,76.16499999999999,1.8329999999999997,7.5329999999999995,0.739,2.2670000000000003,18.367,0.132,10.433,1.6329999999999998,88.267,80.3,31.5,35.8,13.0,38.5,10.8,27.7,15.4,12.3,1.32,10.5,31.0,33.766000000000005,17.9,35.7,49.61800000000001,13.0,16.7,78.38199999999999,1.0,6.7,0.5559999999999999,1.6,19.4,0.082,12.3,2.6,88.2
103,92,2023-02-09,3,2,2022-2023,Sesi Franca,Corinthians,1,87.65,30.75,41.2,15.7,40.8,9.15,31.65,18.4,12.9,1.523,10.25,27.75,36.782000000000004,20.6,35.6,57.35699999999999,15.7,19.05,82.72099999999998,2.9,6.0,0.48900000000000005,3.05,17.05,0.182,12.9,2.2,107.15,79.8,25.8,40.0,14.0,38.498999999999995,10.1,28.398999999999994,16.549,15.251,1.117,8.601,25.6,33.777,20.0,38.099,52.97299999999999,14.0,17.849000000000004,78.05999999999999,4.5,5.0,0.33899999999999997,2.5,18.55,0.13800000000000004,15.251,3.4010000000000007,88.15
80,63,2023-02-10,3,2,2022-2023,Caxias do Sul Basquete,Minas,1,72.8,21.1,36.2,15.5,37.166,8.8,28.365999999999996,12.134,13.5,0.9460000000000001,7.034000000000001,23.9,29.281999999999993,18.1,37.934000000000005,47.652,15.5,21.534000000000002,71.80799999999999,0.666,7.066,0.5239999999999999,2.2340000000000004,19.8,0.11600000000000002,13.5,2.1,75.16600000000001,82.8,28.2,42.8,11.8,41.6,11.8,29.8,20.7,14.0,1.528,9.4,25.4,36.71900000000001,21.4,38.8,54.52,11.8,16.4,71.16799999999999,3.1,5.1,0.372,2.2,16.4,0.137,14.0,3.5,100.4
80,70,2023-02-11,3,2,2022-2023,Bauru Basket,Paulistano,1,78.10000000000001,31.05,34.4,12.65,35.2,8.001000000000001,27.202000000000005,19.2,11.951,1.6280000000000001,10.349,28.95,35.672,17.2,31.802000000000003,53.7,12.65,16.651,74.63900000000001,2.351,7.7,0.647,2.099,18.899000000000004,0.121,11.951,1.8,93.15,78.61600000000001,24.85,41.965999999999994,11.8,39.916,12.85,27.065999999999995,14.466,10.716,1.3700000000000003,8.284,25.0,33.260000000000005,20.984,45.215999999999994,46.635000000000005,11.8,15.9,73.953,1.766,7.4159999999999995,0.704,2.184,18.584000000000003,0.12700000000000003,10.716,1.766,86.83399999999999
78,82,2023-02-12,4,2,2022-2023,União Corinthians,Minas,0,81.568,33.7,32.267,15.600999999999999,39.334,11.567,27.768000000000008,17.568,13.734,1.3370000000000002,11.234,34.668000000000006,32.39,16.133,33.366,48.39799999999999,15.600999999999999,20.968000000000007,74.758,1.532,9.134,0.6970000000000001,2.5989999999999993,20.732999999999997,0.131,13.734,2.566,90.43299999999999,81.5,27.0,42.5,12.0,41.3,11.35,29.95,19.9,13.4,1.5190000000000001,9.0,25.4,35.11900000000001,21.25,38.75,54.153999999999996,12.0,16.5,71.702,3.15,5.25,0.39699999999999996,2.0,16.15,0.126,13.4,3.0,98.15
80,83,2023-02-12,4,2,2022-2023,UNIFACISA,Sesi Franca,0,80.55,30.9,36.9,12.75,38.8,10.75,28.05,15.4,12.7,1.2840000000000003,10.3,30.75,33.432,18.45,36.3,50.388000000000005,12.75,16.5,77.862,0.95,6.75,0.55,1.7,19.6,0.087,12.7,2.55,88.45,89.3,30.3,43.2,15.8,40.8,9.4,31.4,19.0,13.3,1.4929999999999999,10.1,26.9,37.684000000000005,21.6,36.8,58.28699999999999,15.8,19.2,82.63999999999999,3.0,6.3,0.484,3.0,17.2,0.178,13.3,2.2,109.7
66,54,2023-02-13,4,2,2022-2023,Flamengo,Bauru Basket,1,86.201,42.9,33.0,10.301,42.699,11.899,30.8,20.4,10.701,1.935,14.300999999999998,36.6,39.267999999999994,16.5,29.998999999999995,55.367999999999995,10.301,14.8,69.18299999999999,0.599,6.401000000000001,0.612,1.8,14.399000000000001,0.133,10.701,1.9009999999999998,106.5,78.60000000000001,29.4,35.8,13.4,35.400000000000006,8.001,27.402000000000005,18.9,12.201,1.566,9.799000000000001,27.9,35.138,17.9,32.402,55.013999999999996,13.4,17.401,75.82900000000001,2.101,8.0,0.6519999999999999,2.1990000000000003,18.699000000000005,0.127,12.201,1.7,94.30000000000001
84,78,2023-02-14,4,2,2022-2023,UNIFACISA,Rio Claro,1,80.65,30.0,38.1,12.55,40.0,11.55,28.45,15.35,13.05,1.248,10.0,30.85,32.363,19.05,37.45,50.525999999999996,12.55,16.35,77.40799999999999,1.05,6.9,0.5519999999999999,1.9,19.9,0.096,13.05,2.4,88.7,75.1,23.7,41.2,10.2,29.8,9.1,20.7,18.3,12.3,1.575,7.9,22.9,34.61300000000001,20.6,41.9,49.198,10.2,15.4,65.72,1.1,6.9,0.6359999999999999,2.3,20.6,0.12200000000000003,12.3,1.9,78.6
67,74,2023-02-14,4,2,2022-2023,Pinheiros,Paulistano,0,81.44900000000001,26.1,41.8,13.549000000000001,43.351000000000006,14.05,29.301000000000005,18.799,13.649000000000001,1.4580000000000002,8.7,27.248999999999995,31.729000000000003,20.9,41.45100000000001,50.102000000000004,13.549000000000001,20.0,67.751,1.599,7.848999999999999,0.592,2.0989999999999993,20.398999999999994,0.10600000000000002,13.649000000000001,2.5489999999999995,94.35,77.69900000000001,24.6,41.398999999999994,11.7,39.599,12.8,26.798999999999996,14.499,10.998999999999999,1.3200000000000003,8.201,24.7,33.399,20.701000000000004,44.498999999999995,46.774,11.7,16.2,71.74100000000001,1.6990000000000003,7.2989999999999995,0.6690000000000002,2.1010000000000004,18.801000000000005,0.12200000000000003,10.998999999999999,1.8990000000000002,85.40099999999998
65,102,2023-02-14,4,2,2022-2023,Fortaleza B. C. / CFO,Sesi Franca,0,74.94900000000001,24.15,38.001000000000005,12.800999999999998,41.15,13.599,27.551000000000005,13.9,14.95,0.958,8.049,25.751000000000005,32.17400000000001,18.998999999999995,39.55,47.52400000000001,12.800999999999998,19.948999999999995,64.409,1.451,6.051,0.42399999999999993,1.8490000000000002,20.698999999999995,0.09300000000000001,14.95,2.8510000000000004,77.55099999999999,89.067,30.4,42.833,15.832999999999998,40.6,9.567,31.032999999999998,19.117,13.25,1.509,10.133,27.25,37.292,21.417,36.733,57.907,15.832999999999998,19.167,82.91299999999998,2.683,6.35,0.49000000000000005,2.933,17.532999999999998,0.16899999999999998,13.25,2.4,109.05
79,76,2023-02-14,4,2,2022-2023,Caxias do Sul Basquete,Coop/São José Basketball,1,74.65,22.65,35.7,16.3,36.898999999999994,8.7,28.198999999999995,12.651,13.25,1.0159999999999998,7.551,24.15,30.885,17.85,37.501000000000005,47.561,16.3,22.201000000000004,73.499,0.549,6.949,0.526,2.2510000000000003,20.15,0.11400000000000002,13.25,2.25,77.999,84.7,29.55,43.3,11.85,34.3,9.9,24.4,20.95,10.9,2.013,9.85,25.7,38.516999999999996,21.65,38.8,56.306999999999995,11.85,16.3,71.83699999999999,1.7,8.1,0.7390000000000001,2.7,18.6,0.149,10.9,1.9,102.4
99,70,2023-02-15,4,2,2022-2023,Minas,Cerrado,1,83.6,28.3,43.667,11.633,41.2,11.0,30.2,20.5,12.933000000000002,1.605,9.433,25.532999999999998,36.602999999999994,21.833,39.2,55.06500000000001,11.633,16.232999999999997,70.872,3.3,5.4670000000000005,0.422,1.8329999999999997,16.167,0.11600000000000002,12.933000000000002,2.567,101.6,85.3,39.6,33.20100000000001,12.498999999999999,38.601000000000006,11.199,27.398999999999994,16.6,15.199000000000002,1.116,13.2,36.099,36.65899999999999,16.599,31.898999999999994,51.916999999999994,12.498999999999999,18.099,68.63199999999998,2.5010000000000003,5.2,0.349,2.2010000000000005,14.401,0.16099999999999998,15.199000000000002,3.6989999999999994,88.90099999999998
102,78,2023-02-15,4,2,2022-2023,Corinthians,Pato Basquete,1,81.1,25.8,41.2,14.1,37.398999999999994,9.8,27.598999999999997,16.799,15.100999999999999,1.138,8.601,24.7,35.00000000000001,20.6,38.699,53.58399999999999,14.1,17.899,78.39499999999998,4.9,4.8,0.32999999999999996,2.5,19.2,0.13500000000000004,15.100999999999999,3.401,89.5,80.64900000000002,25.35,43.3,11.998999999999999,33.647999999999996,11.498999999999999,22.148999999999994,13.599,14.998,0.9039999999999999,8.447999999999999,25.499999999999993,33.156,21.65,40.4,53.857000000000006,11.998999999999999,17.500999999999998,65.613,0.24900000000000003,8.1,0.5489999999999999,1.25,19.15,0.064,14.998,3.4520000000000004,80.95
71,82,2023-02-16,4,2,2022-2023,Caxias do Sul Basquete,Flamengo,0,75.4,23.1,35.5,16.8,36.04899999999999,8.6,27.448999999999995,12.351,13.45,0.984,7.7010000000000005,23.55,32.225,17.75,37.501000000000005,47.317,16.8,22.501000000000005,75.14399999999999,0.399,6.7989999999999995,0.509,2.151,20.3,0.10800000000000001,13.45,2.55,77.999,85.30099999999999,41.2,33.8,10.301,42.532,12.266,30.267000000000003,20.6,11.401,1.8669999999999998,13.734,35.7,38.459999999999994,16.9,30.065999999999995,56.495999999999995,10.301,14.767,69.36499999999998,0.666,6.368,0.5750000000000001,2.033,14.431999999999999,0.14700000000000002,11.401,1.9339999999999997,105.833
80,68,2023-02-16,4,2,2022-2023,União Corinthians,Coop/São José Basketball,1,82.16799999999998,34.2,32.667,15.300999999999998,39.468,11.533,27.934000000000005,17.801,13.100999999999999,1.439,11.401,35.068000000000005,32.507000000000005,16.333,33.565999999999995,48.70399999999999,15.300999999999998,20.801000000000005,73.37599999999999,1.566,9.168000000000001,0.734,2.532,20.933,0.12600000000000003,13.100999999999999,2.531999999999999,91.63300000000001,85.4,29.7,43.5,12.2,33.85,9.1,24.75,21.2,11.15,2.011,9.9,25.4,39.175,21.75,37.9,57.544,12.2,16.4,74.035,1.7,7.9,0.7200000000000001,2.6,18.85,0.14100000000000001,11.15,1.95,103.95
75,99,2023-02-16,4,2,2022-2023,Fortaleza B. C. / CFO,Rio Claro,0,75.799,24.9,38.401,12.501000000000001,40.4,13.549000000000001,26.851000000000006,13.8,14.25,0.983,8.299,26.901000000000003,31.110000000000003,19.198999999999995,39.05,48.63700000000001,12.501000000000001,19.599,64.051,1.501,6.101000000000001,0.43699999999999994,1.749,21.048999999999996,0.08500000000000003,14.25,2.8009999999999997,78.051,77.85,24.0,43.5,10.35,29.6,8.8,20.8,19.2,12.45,1.6320000000000001,8.0,22.65,35.413000000000004,21.75,41.4,52.653,10.35,15.6,65.854,1.2,6.6,0.5980000000000001,2.0,21.1,0.10400000000000001,12.45,2.15,83.25
110,79,2023-02-17,4,2,2022-2023,Minas,BRB/Brasília,1,84.3,28.7,43.334,12.266,40.1,10.6,29.5,20.6,13.065999999999999,1.5909999999999997,9.565999999999999,25.565999999999995,37.056000000000004,21.665999999999997,38.5,55.613,12.266,17.065999999999995,71.405,3.0,5.534000000000001,0.422,1.566,16.234,0.099,13.065999999999999,2.7340000000000004,101.4,82.1,29.4,38.4,14.3,38.0,10.6,27.4,18.2,14.2,1.2919999999999998,9.8,29.4,33.162000000000006,19.2,37.8,50.410000000000004,14.3,19.9,71.90200000000002,2.2,5.7,0.40800000000000003,1.9,19.2,0.09800000000000002,14.2,2.6,87.9
79,99,2023-02-17,3,2,2022-2023,São Paulo,UNIFACISA,0,86.89900000000002,35.4,38.79899999999999,12.7,36.401,8.748999999999999,27.648999999999994,18.601000000000006,13.401,1.563,11.799,30.051000000000005,38.86000000000001,19.401000000000003,34.401,56.562,12.7,16.898999999999994,75.475,2.05,7.75,0.654,1.9,20.45,0.097,13.401,1.6,100.69900000000001,82.15,30.75,39.0,12.4,40.6,11.9,28.7,15.6,12.85,1.275,10.25,31.25,32.809,19.5,38.25,50.713,12.4,16.25,77.00099999999999,1.15,6.75,0.5479999999999999,2.05,20.45,0.10200000000000001,12.85,2.4,90.7
90,82,2023-02-18,4,2,2022-2023,Sesi Franca,Bauru Basket,1,88.83399999999999,30.5,42.465999999999994,15.865999999999996,40.4,9.734,30.665999999999997,19.234,13.2,1.5250000000000001,10.166,27.6,36.89999999999999,21.234,36.666,57.527,15.865999999999996,19.134000000000004,83.18599999999999,2.3659999999999997,6.4,0.496,2.8659999999999997,17.865999999999996,0.16,13.2,2.6,108.4,77.63300000000001,30.35,35.2,12.083,35.067,8.034,27.035000000000004,18.95,11.901,1.6060000000000003,10.116,28.25,35.729,17.6,32.485,53.84899999999999,12.083,16.084,73.26400000000001,2.151,7.75,0.6479999999999999,2.149,18.699,0.12400000000000003,11.901,1.8,92.63300000000001
78,77,2023-02-18,4,2,2022-2023,União Corinthians,Flamengo,1,81.48499999999999,34.8,32.434000000000005,14.251,39.23500000000001,10.966,28.267000000000003,17.651,12.701,1.492,11.601,35.03500000000001,33.061,16.215999999999998,33.183,48.94199999999999,14.251,19.751000000000005,71.821,1.483,8.985000000000001,0.746,2.5149999999999997,20.865999999999996,0.12600000000000003,12.701,2.415,91.266,83.751,39.35,34.3,10.101,42.76499999999999,12.483,30.284000000000002,20.2,11.801,1.7919999999999998,13.117,35.0,37.29299999999999,17.15,30.633,56.201,10.101,14.433999999999997,69.76899999999998,0.733,6.285000000000001,0.554,2.1659999999999995,14.564999999999998,0.154,11.801,2.1670000000000003,103.66600000000001
79,78,2023-03-01,5,2,2022-2023,Flamengo,Minas,1,82.201,37.5,34.8,9.901,42.99799999999999,12.7,30.301000000000005,19.8,12.201,1.717,12.5,34.3,36.12599999999999,17.4,31.2,55.90599999999999,9.901,14.100999999999999,70.173,0.8,6.202000000000001,0.533,2.2989999999999995,14.697999999999997,0.16100000000000003,12.201,2.4,101.49900000000001,84.9,29.7,42.401,12.799,40.1,10.3,29.8,21.4,13.049000000000001,1.6529999999999998,9.899,25.748999999999995,38.06700000000001,21.198999999999995,38.1,55.084,12.799,17.848999999999997,71.345,2.9,5.551,0.42400000000000004,1.549,16.601000000000006,0.09499999999999999,13.049000000000001,2.5510000000000006,102.65
95,75,2023-03-01,5,2,2022-2023,Sesi Franca,Pinheiros,1,88.15099999999998,30.75,41.199,16.199,40.2,10.001000000000001,30.198999999999995,19.001000000000005,13.35,1.4790000000000003,10.248999999999999,27.4,37.422999999999995,20.601000000000006,36.349,56.41700000000001,16.199,19.601000000000006,82.951,1.7990000000000002,6.25,0.476,2.6989999999999994,17.598999999999997,0.15300000000000002,13.35,2.7,106.65,78.399,25.8,39.2,13.399000000000001,43.601000000000006,13.9,29.701000000000004,18.099,15.199000000000002,1.2890000000000001,8.6,26.598999999999997,32.237,19.6,40.20100000000001,48.325,13.399000000000001,20.2,66.307,1.599,7.598999999999999,0.5289999999999999,1.7990000000000002,20.899,0.08900000000000004,15.199000000000002,2.9989999999999997,88.9
74,81,2023-03-02,5,2,2022-2023,Bauru Basket,São Paulo,0,76.666,31.3,34.6,10.766,34.734,8.067,26.668,19.0,11.601,1.6460000000000001,10.433,28.6,36.32000000000001,17.3,32.568,52.68399999999999,10.766,14.767000000000001,70.699,2.2009999999999996,7.5,0.644,2.099,18.699,0.12100000000000002,11.601,1.9,90.96600000000001,85.299,33.0,39.79899999999999,12.5,35.70100000000001,8.599,27.098999999999997,18.201000000000004,13.100999999999999,1.5559999999999998,10.998999999999999,29.501000000000005,36.926,19.901000000000003,34.70100000000001,57.535000000000004,12.5,16.799,74.869,2.1,7.9,0.6799999999999999,2.1,19.4,0.11399999999999999,13.100999999999999,1.6,98.49900000000001
82,87,2023-03-02,5,2,2022-2023,Pato Basquete,Fortaleza B. C. / CFO,0,80.499,24.3,43.4,12.799,33.897999999999996,11.498999999999999,22.398999999999994,13.799000000000001,13.998,1.1039999999999999,8.097999999999999,25.4,32.059999999999995,21.7,41.39999999999999,52.524,12.799,18.500999999999998,66.113,0.199,8.3,0.624,1.2,18.7,0.062,13.998,3.2020000000000004,81.0,74.449,26.25,35.801,12.401,39.1,12.849,26.251000000000005,13.45,13.8,0.9860000000000001,8.748999999999999,27.601000000000006,31.948,17.899,37.75,46.921,12.401,19.349,64.36800000000001,1.351,5.901000000000001,0.4339999999999999,1.6490000000000002,20.399,0.08300000000000003,13.8,2.9509999999999996,75.101
66,68,2023-03-02,5,2,2022-2023,Corinthians,UNIFACISA,0,84.2,27.3,43.4,13.5,38.398999999999994,9.9,28.498999999999995,17.949,14.651,1.295,9.101,25.0,36.52900000000001,21.7,39.099,55.86199999999999,13.5,17.649,76.39999999999999,5.35,4.65,0.329,2.5,19.0,0.13600000000000004,14.651,3.401,95.6,83.8,31.8,39.8,12.2,40.3,11.4,28.9,15.9,12.7,1.302,10.6,31.3,33.989999999999995,19.9,38.5,51.532000000000004,12.2,16.1,76.52799999999999,1.1,6.5,0.5359999999999999,2.1,20.9,0.10400000000000001,12.7,2.5,92.7
86,65,2023-03-02,5,2,2022-2023,BRB/Brasília,Cerrado,1,80.95,28.8,38.5,13.65,36.7,10.3,26.4,18.3,14.15,1.3059999999999998,9.6,28.4,33.837,19.25,38.4,49.86900000000001,13.65,19.1,71.39500000000001,2.05,6.15,0.44400000000000006,1.75,18.5,0.09300000000000001,14.15,2.7,86.3,84.0,38.55,33.20100000000001,12.248999999999999,38.45100000000001,10.949,27.498999999999995,16.65,15.149000000000001,1.1220000000000003,12.85,35.148999999999994,36.57999999999999,16.599,32.748999999999995,50.543,12.248999999999999,18.299,66.196,2.3009999999999997,5.4,0.36300000000000004,2.2009999999999996,14.200999999999999,0.16399999999999998,15.149000000000001,3.7489999999999997,87.05099999999999
82,99,2023-03-03,5,2,2022-2023,Rio Claro,Pinheiros,0,77.8,24.15,43.3,10.35,29.85,8.5,21.35,19.5,12.75,1.5900000000000003,8.05,22.75,35.46,21.65,40.6,53.60300000000001,10.35,15.55,66.053,1.15,6.15,0.526,1.8,21.05,0.095,12.75,2.35,83.5,80.299,27.0,39.6,13.699000000000002,43.401,13.65,29.751000000000005,19.299,14.849,1.4250000000000003,9.0,27.248999999999995,33.132000000000005,19.8,39.901,49.17400000000001,13.699000000000002,20.65,66.436,1.8490000000000002,7.348999999999999,0.5239999999999998,1.399,21.249000000000002,0.06500000000000002,14.849,3.0989999999999993,91.6
84,85,2023-03-04,5,2,2022-2023,Corinthians,Fortaleza B. C. / CFO,0,84.6,27.75,43.7,13.15,39.849,10.3,29.549,18.199,14.850999999999999,1.299,9.251000000000001,25.3,36.80800000000001,21.85,38.998999999999995,56.426,13.15,18.249000000000002,73.199,5.35,4.55,0.319,2.9,19.95,0.147,14.850999999999999,3.401,96.95,74.699,26.7,34.801,13.200999999999999,38.55,12.149,26.401,12.8,12.9,0.999,8.899,28.101,31.956,17.399,37.1,46.604,13.200999999999999,20.499000000000002,64.66600000000001,1.151,5.901000000000001,0.4669999999999999,1.449,19.899,0.07600000000000003,12.9,3.001,74.301
70,64,2023-03-04,5,2,2022-2023,São Paulo,Caxias do Sul Basquete,1,84.74900000000001,33.6,38.199,12.95,35.551,8.149,27.398999999999994,18.551,13.600999999999999,1.5259999999999998,11.199,29.801000000000005,37.278,19.101,33.051,57.846000000000004,12.95,17.599,74.22799999999998,1.9,7.8,0.647,2.0,19.35,0.10900000000000001,13.600999999999999,1.9,97.84900000000002,76.45,23.85,35.6,17.0,36.148999999999994,8.5,27.648999999999994,12.551,13.4,0.999,7.9510000000000005,23.5,33.497,17.8,37.751000000000005,47.13800000000001,17.0,22.601000000000006,75.817,0.34900000000000003,6.449,0.489,2.101,20.4,0.10500000000000001,13.4,2.7,79.199
94,100,2023-03-04,5,2,2022-2023,BRB/Brasília,Coop/São José Basketball,0,80.9,28.95,37.9,14.05,36.35,10.35,26.0,17.9,14.7,1.2419999999999998,9.65,28.2,34.277,18.95,37.8,49.92300000000001,14.05,19.5,71.814,1.95,6.35,0.442,1.8,18.95,0.09300000000000003,14.7,3.0,85.75,84.05,28.5,44.0,11.55,34.15,8.95,25.2,21.1,11.75,1.939,9.5,25.1,37.788,22.0,38.1,57.90599999999999,11.55,15.85,72.51499999999999,1.75,7.4,0.6580000000000001,2.5,18.75,0.13600000000000004,11.75,1.7,101.45
82,71,2023-03-04,5,2,2022-2023,Pato Basquete,UNIFACISA,1,79.899,23.7,43.6,12.599,35.547999999999995,12.449,23.099,13.599,13.797999999999998,1.1030000000000002,7.897999999999999,25.6,31.002,21.8,41.8,52.238,12.599,18.500999999999998,65.032,0.24900000000000003,8.05,0.612,1.1,19.0,0.056999999999999995,13.797999999999998,2.8520000000000003,80.8,82.45,31.8,38.4,12.25,39.4,11.0,28.4,16.1,12.65,1.323,10.6,30.95,34.361000000000004,19.2,37.4,51.048,12.25,16.5,75.05999999999999,1.05,6.45,0.5349999999999999,2.2,21.05,0.10800000000000001,12.65,2.55,91.15
83,58,2023-03-06,6,2,2022-2023,Paulistano,Caxias do Sul Basquete,1,77.299,23.4,41.498999999999995,12.4,38.898999999999994,12.55,26.348999999999997,14.299000000000001,11.099,1.2950000000000002,7.801,24.95,31.577999999999996,20.751000000000005,43.599,47.98299999999999,12.4,17.6,70.15,1.6990000000000003,7.499,0.679,1.8510000000000004,19.151,0.10700000000000003,11.099,2.0490000000000004,83.55099999999999,76.4,24.3,35.6,16.5,37.199,8.8,28.398999999999994,12.901,13.3,1.026,8.101,24.5,33.289,17.8,37.70100000000001,47.20300000000001,16.5,22.201,74.309,0.29900000000000004,6.199,0.47700000000000004,2.001,20.7,0.099,13.3,2.9,79.399
84,69,2023-03-06,6,2,2022-2023,Rio Claro,Bauru Basket,1,77.1,24.9,41.4,10.8,29.7,8.3,21.4,18.7,13.0,1.4579999999999997,8.3,23.2,35.73800000000001,20.7,39.2,53.15500000000001,10.8,15.9,67.189,1.0,5.5,0.438,1.5,21.0,0.082,13.0,2.3,81.0,76.299,30.9,34.6,10.799,34.901,8.1,26.801,19.5,11.201,1.7530000000000001,10.3,28.7,35.757000000000005,17.3,32.70100000000001,52.451,10.799,15.2,69.161,2.2009999999999996,6.9,0.608,1.8990000000000002,18.399,0.11100000000000002,11.201,1.8,90.099
64,96,2023-03-06,6,2,2022-2023,Cerrado,Coop/São José Basketball,0,82.2,35.7,33.20100000000001,13.299000000000001,37.601000000000006,9.998999999999999,27.598999999999997,15.9,15.199000000000002,1.0750000000000002,11.9,34.199,34.683,16.599,32.498999999999995,51.125,13.299000000000001,19.299,68.25300000000001,2.2009999999999996,5.8,0.386,2.101,15.100999999999999,0.15399999999999997,15.199000000000002,3.4989999999999997,84.201,85.5,26.7,46.0,12.8,34.0,9.0,25.0,21.0,11.9,1.9080000000000001,8.9,24.8,35.348,23.0,38.7,59.46099999999999,12.8,17.3,72.80099999999999,1.9,7.6,0.664,2.4,19.0,0.13000000000000006,11.9,1.8,102.5
99,76,2023-03-07,6,2,2022-2023,São Paulo,União Corinthians,1,84.199,34.2,36.599,13.4,35.401,7.699,27.698999999999995,18.901,14.100999999999999,1.4959999999999998,11.399,30.101000000000006,37.63,18.301,31.401000000000003,58.157000000000004,13.4,18.399,73.58699999999997,1.7,7.7,0.6140000000000001,1.9,19.3,0.10399999999999998,14.100999999999999,2.2,97.19900000000001,80.80199999999999,35.4,32.20100000000001,13.200999999999999,39.00200000000001,10.399,28.6,17.500999999999998,12.301,1.5449999999999997,11.801,35.00200000000001,33.615,16.099,32.8,49.18,13.200999999999999,18.701,70.26599999999999,1.4,8.802000000000001,0.7579999999999999,2.4979999999999998,20.798999999999996,0.12600000000000003,12.301,2.2979999999999996,90.89900000000002
76,69,2023-03-09,6,2,2022-2023,Pinheiros,Pato Basquete,1,81.199,27.3,40.2,13.699000000000002,42.70100000000001,13.4,29.301,19.999000000000002,14.099,1.5470000000000002,9.1,27.049,33.786,20.1,39.801,50.040000000000006,13.699000000000002,21.05,65.363,1.9490000000000003,7.098999999999999,0.5319999999999998,1.099,20.999000000000002,0.052000000000000005,14.099,2.749,93.0,79.299,23.1,43.8,12.399,37.19799999999999,13.399000000000001,23.799,13.399000000000001,13.598000000000003,1.1019999999999999,7.697999999999999,25.8,29.944,21.9,42.199999999999996,51.952,12.399,18.500999999999998,63.95100000000001,0.29900000000000004,7.8,0.6,1.0,19.3,0.052000000000000005,13.598000000000003,2.502,80.6
82,80,2023-03-09,6,2,2022-2023,Paulistano,União Corinthians,1,77.749,23.7,40.699,13.35,39.748999999999995,12.85,26.898999999999994,14.549000000000001,11.449,1.284,7.901000000000001,25.1,31.750999999999994,20.351,42.998999999999995,47.699999999999996,13.35,18.8,70.4,1.8490000000000002,7.5489999999999995,0.667,1.8009999999999997,19.551,0.10100000000000002,11.449,2.2990000000000004,84.651,80.602,35.1,32.601000000000006,12.901,39.25200000000001,10.399,28.849999999999994,17.351,12.101,1.553,11.701,35.25200000000001,32.981,16.299,33.2,49.143,12.901,17.951,71.276,1.25,8.302000000000001,0.7299999999999999,2.6979999999999995,20.198999999999995,0.14,12.101,2.2479999999999998,90.59900000000002
75,63,2023-03-09,6,2,2022-2023,Bauru Basket,Corinthians,1,75.916,30.55,34.433,10.931999999999999,34.368,7.7829999999999995,26.583999999999996,19.017,11.418000000000001,1.6900000000000002,10.183,28.35,35.771,17.217,32.551,52.452999999999996,10.931999999999999,15.032999999999998,70.657,2.118,6.7829999999999995,0.5890000000000001,1.832,18.282,0.10800000000000001,11.418000000000001,1.8829999999999998,88.899,83.1,27.3,42.5,13.3,40.199,10.55,29.649,18.149,15.151,1.2740000000000002,9.101,25.4,36.15400000000001,21.25,38.099000000000004,56.14399999999999,13.3,19.249000000000002,70.83500000000001,5.2,4.5,0.31,3.2,20.45,0.156,15.151,3.501,94.9
88,72,2023-03-10,6,2,2022-2023,São Paulo,BRB/Brasília,1,83.549,32.1,37.998999999999995,13.45,36.95100000000001,8.549,28.399,18.201,14.651,1.2769999999999997,10.699,29.901,35.792,19.000999999999998,32.051,59.184000000000005,13.45,18.349,74.12199999999999,1.8,7.2,0.5050000000000001,2.0,18.75,0.10999999999999999,14.651,2.6,96.099,81.55,29.25,37.2,15.1,36.7,10.9,25.8,17.3,15.25,1.1629999999999998,9.75,28.15,34.723000000000006,18.6,37.35,49.671,15.1,20.65,72.955,2.0,6.55,0.43999999999999995,1.8,19.45,0.09000000000000001,15.25,3.15,85.95
80,69,2023-03-10,6,2,2022-2023,UNIFACISA,Fortaleza B. C. / CFO,1,81.1,31.8,37.0,12.3,38.5,10.6,27.9,16.3,12.6,1.344,10.6,30.6,34.732000000000006,18.5,36.3,50.564,12.3,16.9,73.592,1.0,6.4,0.5339999999999999,2.3,21.2,0.11200000000000002,12.6,2.6,89.6,74.499,25.8,34.801,13.901,37.0,11.199,25.801,12.1,12.7,0.9570000000000001,8.599,27.901,31.125999999999998,17.399,36.5,47.357,13.901,20.899,66.303,0.901,6.001,0.487,1.399,20.099,0.07300000000000002,12.7,3.2009999999999996,72.901
76,53,2023-03-11,6,2,2022-2023,Caxias do Sul Basquete,Rio Claro,1,76.6,25.2,35.6,15.8,36.949,8.6,28.349,13.501,13.6,1.054,8.401,24.5,34.684,17.8,37.551,47.386,15.8,21.601,72.976,0.24900000000000003,6.348999999999999,0.4760000000000001,2.0509999999999997,20.85,0.1,13.6,2.95,80.199,77.95,24.6,41.7,11.65,30.3,8.15,22.15,18.6,13.0,1.45,8.2,23.1,35.422000000000004,20.85,39.15,53.599000000000004,11.65,16.7,69.15899999999999,1.1,5.85,0.466,1.1,21.75,0.05600000000000001,13.0,2.4,82.55
78,69,2023-03-11,6,2,2022-2023,Pinheiros,Corinthians,1,81.099,26.55,41.2,13.349,42.400999999999996,13.5,28.901,20.749000000000002,13.549000000000001,1.641,8.85,26.649,33.211,20.6,40.551,50.354,13.349,20.35,66.317,2.099,7.2989999999999995,0.5680000000000001,0.899,20.449,0.045,13.549000000000001,2.5490000000000004,94.15,80.7,27.15,40.4,13.15,39.599000000000004,10.25,29.349,17.699,15.850999999999999,1.2110000000000003,9.051,25.3,36.09,20.2,36.749,55.16600000000001,13.15,19.249000000000002,69.978,5.0,4.6,0.304,3.25,20.15,0.16099999999999998,15.850999999999999,3.401,91.1
74,55,2023-03-11,6,2,2022-2023,Bauru Basket,Pato Basquete,1,75.53299999999999,30.2,34.266,11.065,33.835,7.465999999999999,26.366999999999997,18.534,11.635000000000002,1.6270000000000002,10.065999999999999,28.0,35.785,17.133999999999997,32.400999999999996,52.455,11.065,14.865999999999996,72.15299999999999,2.035,6.6659999999999995,0.5700000000000001,1.765,18.165,0.10500000000000002,11.635000000000002,1.9659999999999997,87.699,78.399,22.85,42.7,12.849,36.964999999999996,13.065999999999999,23.899,13.299000000000001,13.665000000000001,1.0920000000000003,7.615,25.782999999999998,29.611000000000008,21.35,41.233,51.74100000000001,12.849,18.734,66.571,0.29900000000000004,7.633,0.587,1.25,19.6,0.06399999999999999,13.665000000000001,2.8850000000000002,79.95
91,77,2023-03-13,7,2,2022-2023,Paulistano,Cerrado,1,78.199,24.3,39.998999999999995,13.9,40.699,13.0,27.698999999999995,14.499,11.998999999999999,1.2200000000000002,8.101,25.0,32.634,20.000999999999998,42.199,47.705000000000005,13.9,19.3,71.483,2.099,7.098999999999999,0.592,1.7009999999999998,20.500999999999998,0.08200000000000002,11.998999999999999,2.6990000000000003,85.701,78.7,32.7,33.301,12.699,37.051,9.498999999999999,27.549,15.4,15.999,0.9920000000000002,10.9,32.699,32.902,16.649,32.29899999999999,51.58399999999999,12.699,18.649,67.059,2.0509999999999997,5.75,0.36100000000000004,1.9509999999999998,14.751,0.146,15.999,3.0490000000000004,79.451
95,83,2023-03-13,7,2,2022-2023,União Corinthians,Rio Claro,1,80.402,34.8,33.001000000000005,12.601,39.502,10.399,29.099999999999994,17.201,11.901,1.561,11.601,35.502,32.347,16.499000000000002,33.60000000000001,49.10600000000001,12.601,17.201,72.286,1.1,7.802000000000001,0.7020000000000001,2.8979999999999997,19.599,0.154,11.901,2.198,90.299,78.8,24.3,42.0,12.5,30.9,8.0,22.9,18.5,13.0,1.442,8.1,23.0,35.106,21.0,39.1,54.043000000000006,12.5,17.5,71.12899999999999,1.2,6.2,0.49399999999999994,0.7,22.5,0.03,13.0,2.5,84.1
87,76,2023-03-14,7,2,2022-2023,Minas,São Paulo,1,83.6,29.4,41.001000000000005,13.199000000000002,39.5,10.0,29.5,20.9,13.199000000000002,1.605,9.799,25.598999999999997,37.872,20.498999999999995,38.2,53.34499999999999,13.199000000000002,18.298999999999996,71.888,2.7,5.901000000000001,0.44299999999999995,1.599,17.500999999999998,0.092,13.199000000000002,2.2009999999999996,99.7,85.199,33.3,37.999,13.9,36.601,8.599,27.999000000000002,19.000999999999998,13.800999999999998,1.3769999999999998,11.099,30.500999999999998,36.464999999999996,19.000999999999998,32.001,59.26500000000001,13.9,18.899,74.12199999999999,2.0,7.1,0.5200000000000001,1.7,18.7,0.09100000000000001,13.800999999999998,2.8,98.399
70,102,2023-03-21,7,2,2022-2023,Cerrado,Flamengo,0,76.15,31.35,32.301,12.498999999999999,36.301,8.899,27.399,14.8,16.499000000000002,0.9159999999999998,10.45,32.149,32.181,16.149,31.299,51.784000000000006,12.498999999999999,18.599,66.143,1.8009999999999997,5.7,0.342,1.9509999999999998,14.751,0.146,16.499000000000002,2.999,75.451,81.651,36.3,34.6,10.751000000000001,42.24799999999999,11.85,30.401000000000003,20.05,13.200999999999999,1.6040000000000003,12.1,33.35,36.074999999999996,17.3,31.050000000000004,55.827999999999996,10.751000000000001,14.751,72.70599999999999,0.85,6.202000000000001,0.492,2.4490000000000003,15.498,0.15900000000000003,13.200999999999999,2.65,100.39900000000002
94,90,2023-03-21,7,2,2022-2023,Sesi Franca,Minas,1,87.80099999999999,31.5,39.599,16.699,39.7,10.001000000000001,29.698999999999995,18.901000000000003,13.2,1.5020000000000002,10.498999999999999,27.5,38.126999999999995,19.801000000000005,35.898999999999994,55.059000000000005,16.699,20.101000000000006,83.352,1.099,6.2,0.481,2.5989999999999993,17.499000000000002,0.14900000000000002,13.2,2.5,105.5,84.433,29.7,41.068000000000005,13.666,39.833,9.967,29.867,20.867,13.232,1.5979999999999999,9.899,25.731999999999992,38.065999999999995,20.532,38.1,53.592,13.666,18.899,72.07500000000002,2.933,6.001,0.45,1.6990000000000003,17.901,0.09499999999999999,13.232,2.501,100.967
69,80,2023-03-22,7,2,2022-2023,UNIFACISA,Pinheiros,0,79.9,31.8,35.4,12.7,38.35,10.45,27.9,16.15,13.0,1.2950000000000002,10.6,30.6,34.732000000000006,17.7,35.1,50.327999999999996,12.7,17.55,72.98800000000001,0.85,6.25,0.51,2.0,21.05,0.097,13.0,2.65,87.4,82.149,25.5,43.2,13.449000000000002,42.601,13.7,28.901,21.049,13.449000000000002,1.6760000000000002,8.5,26.049,32.497,21.6,42.001,51.184000000000005,13.449000000000002,20.15,67.81099999999999,2.1990000000000003,7.598999999999999,0.5959999999999999,0.849,20.049,0.044,13.449000000000002,2.6990000000000003,96.15
66,68,2023-03-22,7,2,2022-2023,Pato Basquete,União Corinthians,0,77.499,22.6,41.6,13.299000000000001,36.732,12.733,23.999000000000002,13.199000000000002,13.732,1.082,7.531999999999999,25.766,29.27800000000001,20.8,40.266,51.529999999999994,13.299000000000001,18.967000000000002,69.191,0.29900000000000004,7.465999999999999,0.5740000000000001,1.5,19.9,0.076,13.732,3.268,79.3,81.58500000000001,35.4,33.26800000000001,12.918000000000001,38.96900000000001,10.049,28.916999999999994,17.317999999999998,11.318000000000001,1.612,11.801,35.452000000000005,33.057,16.632,33.733000000000004,49.33200000000001,12.918000000000001,17.483999999999998,72.694,1.15,7.852000000000001,0.728,3.098,19.666000000000004,0.16299999999999998,11.318000000000001,2.198,92.182
79,77,2023-03-22,7,2,2022-2023,Fortaleza B. C. / CFO,Bauru Basket,1,73.899,26.1,34.201,13.600999999999999,36.45,10.849,25.601,11.75,12.65,0.9349999999999999,8.699000000000002,27.951,31.451,17.099,36.65,46.44,13.600999999999999,20.249000000000002,67.28999999999999,0.851,6.0009999999999994,0.49000000000000005,1.199,20.099,0.06200000000000001,12.65,3.101,71.201,76.99999999999999,30.9,34.199,11.898,33.80200000000001,7.598999999999999,26.199999999999996,18.100999999999996,11.702,1.5880000000000003,10.299,28.1,36.55,17.100999999999996,31.901,53.202,11.898,15.199000000000002,76.47,2.0020000000000002,6.499,0.554,1.7979999999999996,17.897999999999996,0.10700000000000003,11.702,2.0989999999999993,89.599
75,109,2023-03-23,7,2,2022-2023,BRB/Brasília,Flamengo,0,80.4,29.7,35.4,15.3,36.4,11.0,25.4,16.9,15.4,1.1199999999999999,9.9,28.4,34.96300000000001,17.7,36.6,48.309999999999995,15.3,20.7,74.003,2.0,6.2,0.4120000000000001,1.7,19.6,0.08399999999999999,15.4,3.2,83.4,83.751,35.1,36.9,11.751000000000001,41.797999999999995,11.25,30.551000000000005,20.5,13.151,1.671,11.7,32.2,36.309999999999995,18.45,32.150000000000006,57.274,11.751000000000001,16.051,73.197,1.2,6.402000000000001,0.5199999999999999,2.4490000000000003,16.348,0.14900000000000002,13.151,2.7,103.24900000000002
71,77,2023-03-23,7,2,2022-2023,Coop/São José Basketball,Paulistano,0,85.9,26.55,46.8,12.55,34.5,9.05,25.45,20.9,11.35,1.9930000000000003,8.85,24.8,35.14,23.4,39.2,59.69699999999999,12.55,17.1,71.96799999999999,2.1,7.5,0.7070000000000001,2.35,19.0,0.12700000000000006,11.35,1.7,103.5,79.599,25.05,40.599,13.95,40.54899999999999,13.05,27.499000000000002,14.699000000000002,12.248999999999999,1.213,8.351,25.0,33.614000000000004,20.301,42.099,48.428999999999995,13.95,19.25,71.928,2.149,7.5489999999999995,0.6159999999999999,1.401,20.500999999999998,0.067,12.248999999999999,2.649,87.801
79,97,2023-03-23,7,2,2022-2023,Rio Claro,Minas,0,79.8,24.45,41.9,13.45,31.6,8.25,23.35,18.15,12.9,1.426,8.15,23.85,34.32,20.95,39.15,53.862,13.45,18.4,72.604,1.1,6.4,0.511,0.7,23.2,0.030000000000000006,12.9,2.6,84.9,84.766,27.9,42.135000000000005,14.732999999999999,40.766,10.534,30.234,20.834000000000003,12.965,1.6219999999999999,9.299,25.764999999999997,36.03000000000001,21.064999999999998,38.6,54.315,14.732999999999999,19.799,75.03500000000001,2.9659999999999997,6.001,0.45699999999999996,1.6990000000000003,18.201,0.09299999999999999,12.965,2.7009999999999996,102.03399999999999
