placar_casa,placar_visitante,data,round,stage,ano,equipe_casa,equipe_visitante,resultado,Pts_casa,3P_casa,2P_casa,LL_casa,RT_casa,RO_casa,RD_casa,AS_casa,ER_casa,IA%_casa,3PC_casa,3PT_casa,3P%_casa,2PC_casa,2PT_casa,2P%_casa,LLC_casa,LLT_casa,LL%_casa,EN_casa,BR_casa,B/E_casa,TO_casa,FC_casa,T/FC_casa,ET_casa,VI_casa,EF_casa,Pts_visitante,3P_visitante,2P_visitante,LL_visitante,RT_visitante,RO_visitante,RD_visitante,AS_visitante,ER_visitante,IA%_visitante,3PC_visitante,3PT_visitante,3P%_visitante,2PC_visitante,2PT_visitante,2P%_visitante,LLC_visitante,LLT_visitante,LL%_visitante,EN_visitante,BR_visitante,B/E_visitante,TO_visitante,FC_visitante,T/FC_visitante,ET_visitante,VI_visitante,EF_visitante
77,73,2015-11-02,1,1,2015-2016,Bauru Basket,Flamengo,1,0.0,0.0,0.0,0.0,0.0,0.0,0.0,0.0,0.0,0.0,0.0,0.0,0.0,0.0,0.0,0.0,0.0,0.0,0.0,0.0,0.0,0.0,0.0,0.0,0.0,0.0,0.0,0.0,0.0,0.0,0.0,0.0,0.0,0.0,0.0,0.0,0.0,0.0,0.0,0.0,0.0,0.0,0.0,0.0,0.0,0.0,0.0,0.0,0.0,0.0,0.0,0.0,0.0,0.0,0.0,0.0
77,73,2015-11-03,1,1,2015-2016,Sesi Franca,Macaé Basquete,1,0.0,0.0,0.0,0.0,0.0,0.0,0.0,0.0,0.0,0.0,0.0,0.0,0.0,0.0,0.0,0.0,0.0,0.0,0.0,0.0,0.0,0.0,0.0,0.0,0.0,0.0,0.0,0.0,0.0,0.0,0.0,0.0,0.0,0.0,0.0,0.0,0.0,0.0,0.0,0.0,0.0,0.0,0.0,0.0,0.0,0.0,0.0,0.0,0.0,0.0,0.0,0.0,0.0,0.0,0.0,0.0
82,67,2015-11-03,1,1,2015-2016,Rio Claro,L. Sorocabana,1,0.0,0.0,0.0,0.0,0.0,0.0,0.0,0.0,0.0,0.0,0.0,0.0,0.0,0.0,0.0,0.0,0.0,0.0,0.0,0.0,0.0,0.0,0.0,0.0,0.0,0.0,0.0,0.0,0.0,0.0,0.0,0.0,0.0,0.0,0.0,0.0,0.0,0.0,0.0,0.0,0.0,0.0,0.0,0.0,0.0,0.0,0.0,0.0,0.0,0.0,0.0,0.0,0.0,0.0,0.0,0.0
75,63,2015-11-04,1,1,2015-2016,Pinheiros,Minas,1,0.0,0.0,0.0,0.0,0.0,0.0,0.0,0.0,0.0,0.0,0.0,0.0,0.0,0.0,0.0,0.0,0.0,0.0,0.0,0.0,0.0,0.0,0.0,0.0,0.0,0.0,0.0,0.0,0.0,0.0,0.0,0.0,0.0,0.0,0.0,0.0,0.0,0.0,0.0,0.0,0.0,0.0,0.0,0.0,0.0,0.0,0.0,0.0,0.0,0.0,0.0,0.0,0.0,0.0,0.0,0.0
82,91,2015-11-04,1,1,2015-2016,Caxias do Sul Basquete,Brasília,0,0.0,0.0,0.0,0.0,0.0,0.0,0.0,0.0,0.0,0.0,0.0,0.0,0.0,0.0,0.0,0.0,0.0,0.0,0.0,0.0,0.0,0.0,0.0,0.0,0.0,0.0,0.0,0.0,0.0,0.0,0.0,0.0,0.0,0.0,0.0,0.0,0.0,0.0,0.0,0.0,0.0,0.0,0.0,0.0,0.0,0.0,0.0,0.0,0.0,0.0,0.0,0.0,0.0,0.0,0.0,0.0
83,76,2015-11-04,1,1,2015-2016,Fortaleza B. C. / CFO,Mogi,1,0.0,0.0,0.0,0.0,0.0,0.0,0.0,0.0,0.0,0.0,0.0,0.0,0.0,0.0,0.0,0.0,0.0,0.0,0.0,0.0,0.0,0.0,0.0,0.0,0.0,0.0,0.0,0.0,0.0,0.0,0.0,0.0,0.0,0.0,0.0,0.0,0.0,0.0,0.0,0.0,0.0,0.0,0.0,0.0,0.0,0.0,0.0,0.0,0.0,0.0,0.0,0.0,0.0,0.0,0.0,0.0
60,68,2015-11-04,1,1,2015-2016,Vitória,Coop/São José Basketball,0,0.0,0.0,0.0,0.0,0.0,0.0,0.0,0.0,0.0,0.0,0.0,0.0,0.0,0.0,0.0,0.0,0.0,0.0,0.0,0.0,0.0,0.0,0.0,0.0,0.0,0.0,0.0,0.0,0.0,0.0,0.0,0.0,0.0,0.0,0.0,0.0,0.0,0.0,0.0,0.0,0.0,0.0,0.0,0.0,0.0,0.0,0.0,0.0,0.0,0.0,0.0,0.0,0.0,0.0,0.0,0.0
88,64,2015-11-05,2,1,2015-2016,Bauru Basket,Macaé Basquete,1,77.0,30.0,32.0,15.0,32.0,9.0,23.0,15.0,12.0,1.25,10.0,31.0,32.26,16.0,28.0,57.14,15.0,20.0,75.0,1.0,11.0,0.92,1.0,19.0,0.05,12.0,2.0,86.0,73.0,27.0,28.0,18.0,37.0,16.0,21.0,13.0,9.0,1.44,9.0,26.0,34.62,14.0,40.0,35.0,18.0,23.0,78.26,1.0,10.0,1.11,1.0,23.0,0.04,9.0,3.0,77.0
65,89,2015-11-05,2,1,2015-2016,Sesi Franca,Flamengo,0,77.0,27.0,36.0,14.0,36.0,8.0,28.0,15.0,16.0,0.94,9.0,20.0,45.0,18.0,36.0,50.0,14.0,17.0,82.35,5.0,5.0,0.31,5.0,24.0,0.21,16.0,4.0,90.0,73.0,15.0,40.0,18.0,31.0,6.0,25.0,19.0,14.0,1.36,5.0,18.0,27.78,20.0,36.0,55.56,18.0,22.0,81.82,1.0,9.0,0.64,2.0,19.0,0.11,14.0,2.0,87.0
67,74,2015-11-05,2,1,2015-2016,Rio Claro,Paulistano,0,82.0,27.0,36.0,19.0,39.0,9.0,30.0,23.0,13.0,1.77,9.0,22.0,40.91,18.0,32.0,56.25,19.0,27.0,70.37,1.0,9.0,0.69,2.0,18.0,0.11,13.0,3.0,107.0,0.0,0.0,0.0,0.0,0.0,0.0,0.0,0.0,0.0,0.0,0.0,0.0,0.0,0.0,0.0,0.0,0.0,0.0,0.0,0.0,0.0,0.0,0.0,0.0,0.0,0.0,0.0,0.0
68,93,2015-11-06,2,1,2015-2016,Pinheiros,Brasília,0,75.0,27.0,42.0,6.0,42.0,11.0,31.0,14.0,13.0,1.08,9.0,18.0,50.0,21.0,50.0,42.0,6.0,9.0,66.67,0.0,6.0,0.46,4.0,20.0,0.2,13.0,3.0,87.0,91.0,24.0,54.0,13.0,37.0,11.0,26.0,30.0,21.0,1.43,8.0,17.0,47.06,27.0,39.0,69.23,13.0,14.0,92.86,4.0,3.0,0.14,3.0,24.0,0.13,21.0,4.0,121.0
48,75,2015-11-06,2,1,2015-2016,Caxias do Sul Basquete,Minas,0,82.0,15.0,46.0,21.0,23.0,13.0,10.0,17.0,7.0,2.43,5.0,28.0,17.86,23.0,42.0,54.76,21.0,25.0,84.0,0.0,14.0,2.0,0.0,20.0,0.0,7.0,3.0,83.0,63.0,15.0,32.0,16.0,35.0,9.0,26.0,18.0,12.0,1.5,5.0,18.0,27.78,16.0,42.0,38.1,16.0,21.0,76.19,3.0,10.0,0.83,3.0,16.0,0.19,12.0,4.0,73.0
80,91,2015-11-06,2,1,2015-2016,Fortaleza B. C. / CFO,Coop/São José Basketball,0,83.0,39.0,24.0,20.0,44.0,12.0,32.0,11.0,19.0,0.58,13.0,25.0,52.0,12.0,36.0,33.33,20.0,22.0,90.91,1.0,6.0,0.32,9.0,23.0,0.39,19.0,4.0,96.0,68.0,30.0,26.0,12.0,35.0,5.0,30.0,12.0,15.0,0.8,10.0,25.0,40.0,13.0,28.0,46.43,12.0,13.0,92.31,1.0,5.0,0.33,0.0,17.0,0.0,15.0,3.0,74.0
64,83,2015-11-06,2,1,2015-2016,Vitória,Mogi,0,60.0,12.0,40.0,8.0,35.0,9.0,26.0,12.0,16.0,0.75,4.0,20.0,20.0,20.0,41.0,48.78,8.0,12.0,66.67,0.0,10.0,0.63,0.0,16.0,0.0,16.0,10.0,60.0,76.0,21.0,38.0,17.0,42.0,15.0,27.0,13.0,12.0,1.08,7.0,26.0,26.92,19.0,47.0,40.43,17.0,24.0,70.83,0.0,14.0,1.17,2.0,18.0,0.11,12.0,5.0,81.0
75,85,2015-11-10,3,1,2015-2016,Minas,Sesi Franca,0,69.0,19.5,35.0,14.5,41.0,9.5,31.5,17.0,14.5,1.22,6.5,19.5,32.94,17.5,39.0,45.44,14.5,19.5,74.205,1.5,9.0,0.6499999999999999,3.0,17.5,0.175,14.5,4.0,85.0,71.0,19.5,36.0,15.5,33.0,9.0,24.0,12.5,16.0,0.7849999999999999,6.5,19.5,33.025,18.0,36.0,50.0,15.5,21.5,73.865,4.5,7.0,0.43500000000000005,3.5,25.0,0.145,16.0,3.0,74.0
83,52,2015-11-10,3,1,2015-2016,Mogi,Caxias do Sul Basquete,1,79.5,25.5,42.0,12.0,37.5,13.0,24.5,18.0,13.0,1.3599999999999999,8.5,24.5,35.2,21.0,43.5,48.965,12.0,16.5,74.305,2.0,12.0,0.94,2.5,20.0,0.125,13.0,4.0,93.0,65.0,16.5,35.0,13.5,26.5,10.0,16.5,14.5,9.5,1.715,5.5,27.0,20.47,17.5,37.0,46.129999999999995,13.5,21.5,58.665,0.0,13.0,1.5,0.5,21.5,0.02,9.5,3.0,61.0
74,95,2015-11-10,3,1,2015-2016,Coop/São José Basketball,Pinheiros,0,79.5,31.5,36.0,12.0,35.5,6.5,29.0,14.0,12.5,1.2000000000000002,10.5,25.0,42.0,18.0,34.5,51.265,12.0,15.5,79.49000000000001,1.0,6.5,0.5650000000000001,1.5,19.0,0.07,12.5,3.5,90.0,71.5,19.5,41.0,11.0,37.5,12.5,25.0,11.5,13.0,0.885,6.5,19.0,35.0,20.5,49.5,41.41,11.0,15.5,69.7,0.0,9.0,0.6900000000000001,4.0,21.5,0.185,13.0,3.0,74.5
108,101,2015-11-11,3,1,2015-2016,Paulistano,Fortaleza B. C. / CFO,1,74.0,30.0,34.0,10.0,39.0,13.0,26.0,13.0,11.0,1.18,10.0,28.0,35.71,17.0,36.0,47.22,10.0,15.0,66.67,1.0,7.0,0.64,1.0,14.0,0.07,11.0,2.0,81.0,81.5,37.5,27.0,17.0,45.0,15.5,29.5,13.0,14.0,1.125,12.5,31.0,42.215,13.5,38.5,34.96,17.0,20.5,82.295,1.0,6.0,0.495,5.5,22.0,0.245,14.0,2.5,90.0
84,80,2015-11-11,3,1,2015-2016,Macaé Basquete,Rio Claro,1,68.5,25.5,27.0,16.0,31.0,12.5,18.5,10.0,8.0,1.22,8.5,28.5,30.214999999999996,13.5,34.5,39.915,16.0,21.5,74.13,1.0,9.0,1.125,0.5,22.5,0.02,8.0,3.0,64.5,74.5,27.0,34.0,13.5,34.0,6.0,28.0,22.0,12.5,1.76,9.0,22.5,40.019999999999996,17.0,30.0,56.695,13.5,21.0,61.85,1.5,9.0,0.72,2.5,18.0,0.14,12.5,3.5,95.5
71,69,2015-11-11,3,1,2015-2016,L. Sorocabana,Vitória,1,67.0,24.0,34.0,9.0,37.0,17.0,20.0,13.0,14.0,0.93,8.0,24.0,33.33,17.0,45.0,37.78,9.0,14.0,64.29,0.0,10.0,0.71,3.0,23.0,0.13,14.0,4.0,67.0,62.0,10.5,38.0,13.5,33.5,10.5,23.0,9.5,14.5,0.645,3.5,18.0,19.375,19.0,41.5,45.82,13.5,18.0,72.92,1.5,8.5,0.585,1.5,15.5,0.1,14.5,7.5,59.0
67,83,2015-11-12,4,1,2015-2016,Minas,Bauru Basket,0,71.0,22.0,34.666666666666664,14.333333333333334,37.666666666666664,9.666666666666666,28.0,17.333333333333332,13.666666666666666,1.3133333333333332,7.333333333333333,22.0,33.07,17.333333333333332,37.333333333333336,46.96,14.333333333333334,20.666666666666668,69.76,2.0,10.333333333333334,0.7933333333333333,3.0,19.333333333333332,0.16,13.666666666666666,4.0,84.66666666666667,82.5,31.5,39.0,12.0,33.5,7.0,26.5,17.0,11.0,1.575,10.5,28.5,37.285,19.5,29.0,66.905,12.0,17.0,69.64500000000001,0.5,7.5,0.66,1.0,17.5,0.055,11.0,2.0,98.0
86,83,2015-11-12,4,1,2015-2016,Mogi,Pinheiros,1,80.66666666666667,26.0,42.666666666666664,12.0,42.333333333333336,14.0,28.333333333333332,17.0,15.333333333333334,1.1566666666666665,8.666666666666666,24.666666666666668,35.46666666666667,21.333333333333332,42.666666666666664,50.53,12.0,17.666666666666668,69.53666666666668,2.3333333333333335,11.666666666666666,0.8099999999999999,3.0,18.666666666666668,0.16666666666666666,15.333333333333334,3.6666666666666665,96.0,79.33333333333333,15.0,49.333333333333336,15.0,41.666666666666664,13.333333333333334,28.333333333333332,11.0,11.333333333333334,1.0066666666666666,5.0,17.0,28.459999999999997,24.666666666666668,53.666666666666664,45.349999999999994,15.0,19.333333333333332,74.86333333333333,0.3333333333333333,9.0,0.8366666666666666,4.666666666666667,21.0,0.2233333333333333,11.333333333333334,2.6666666666666665,89.0
71,76,2015-11-12,4,1,2015-2016,Coop/São José Basketball,Caxias do Sul Basquete,0,77.66666666666667,30.0,35.333333333333336,12.333333333333334,34.666666666666664,7.666666666666667,27.0,12.666666666666666,12.333333333333334,1.0766666666666669,10.0,26.333333333333332,38.343333333333334,17.666666666666668,36.0,48.70666666666667,12.333333333333334,16.333333333333332,77.06666666666668,0.6666666666666666,6.0,0.5166666666666667,1.6666666666666667,20.0,0.07666666666666667,12.333333333333334,3.0,81.66666666666667,60.666666666666664,17.0,30.666666666666668,13.0,29.333333333333332,10.666666666666666,18.666666666666668,13.0,12.0,1.34,5.666666666666667,26.666666666666668,21.34,15.333333333333334,37.0,40.663333333333334,13.0,20.333333333333332,61.333333333333336,0.0,14.0,1.3133333333333332,0.6666666666666666,20.333333333333332,0.03333333333333333,12.0,3.3333333333333335,55.666666666666664
77,63,2015-11-13,4,1,2015-2016,Paulistano,Vitória,1,91.0,34.5,43.0,13.5,37.5,13.5,24.0,16.0,13.0,1.225,11.5,28.5,40.269999999999996,21.5,39.0,54.56,13.5,19.0,70.28999999999999,2.0,9.0,0.685,1.0,19.0,0.05500000000000001,13.0,6.0,101.5,64.33333333333333,12.0,37.333333333333336,15.0,34.333333333333336,10.333333333333334,24.0,8.333333333333334,16.333333333333332,0.53,4.0,16.0,26.80666666666667,18.666666666666668,39.0,48.19333333333333,15.0,21.0,70.83666666666666,1.0,8.0,0.5066666666666667,1.6666666666666667,17.0,0.10000000000000002,16.333333333333332,6.0,62.0
70,78,2015-11-13,4,1,2015-2016,L. Sorocabana,Fortaleza B. C. / CFO,0,69.0,16.5,41.0,11.5,38.0,19.0,19.0,13.5,12.5,1.1,5.5,21.5,24.56,20.5,49.5,41.11,11.5,16.5,68.98500000000001,0.5,13.5,1.13,2.0,24.0,0.085,12.5,3.5,73.5,88.0,34.0,34.0,20.0,41.333333333333336,14.0,27.333333333333332,11.666666666666666,13.666666666666666,0.98,11.333333333333334,28.666666666666668,40.64333333333334,17.0,39.333333333333336,42.82,20.0,24.666666666666668,81.12666666666667,0.6666666666666666,5.666666666666667,0.4566666666666667,4.0,22.666666666666668,0.17666666666666667,13.666666666666666,2.0,92.66666666666667
102,70,2015-11-13,4,1,2015-2016,Flamengo,Rio Claro,1,81.0,19.5,43.0,18.5,33.0,8.0,25.0,20.0,13.5,1.4900000000000002,6.5,19.5,32.94,21.5,37.0,58.045,18.5,22.5,82.215,1.0,10.0,0.745,2.0,23.0,0.09,13.5,1.0,100.0,76.33333333333333,24.0,36.666666666666664,15.666666666666666,32.0,6.666666666666667,25.333333333333332,20.666666666666668,14.0,1.5266666666666666,8.0,22.0,36.203333333333326,18.333333333333332,31.333333333333332,58.38333333333333,15.666666666666666,23.333333333333332,65.04333333333334,2.0,10.333333333333334,0.7333333333333334,2.3333333333333335,19.333333333333332,0.12333333333333334,14.0,3.0,93.0
88,82,2015-11-17,5,1,2015-2016,Coop/São José Basketball,Rio Claro,1,76.0,27.0,36.5,12.5,35.75,9.0,26.75,12.5,13.25,0.9950000000000001,9.0,26.0,34.7575,18.25,37.25,48.725,12.5,16.5,76.9175,0.75,6.5,0.5125,1.75,20.25,0.0825,13.25,3.5,79.25,74.75,26.25,36.0,12.5,30.25,6.0,24.25,19.25,15.5,1.3325,8.75,22.75,38.152499999999996,18.0,32.0,56.2875,12.5,18.5,67.5325,2.5,9.75,0.65,2.0,18.25,0.11,15.5,3.0,86.5
81,85,2015-11-17,5,1,2015-2016,Fortaleza B. C. / CFO,Brasília,0,85.5,31.5,34.5,19.5,39.75,12.25,27.5,11.5,16.0,0.855,10.5,27.0,39.572500000000005,17.25,37.0,47.115,19.5,24.5,79.595,1.0,7.5,0.485,3.25,22.5,0.14500000000000002,16.0,2.25,90.25,92.0,30.0,49.0,13.0,37.0,8.5,28.5,23.5,19.0,1.2149999999999999,10.0,19.0,52.1,24.5,38.5,63.56,13.0,15.0,87.055,3.0,5.5,0.305,2.0,23.0,0.09,19.0,3.5,116.0
76,66,2015-11-17,5,1,2015-2016,Vitória,Minas,1,64.0,12.75,35.5,15.75,34.5,11.5,23.0,7.75,15.0,0.535,4.25,17.75,25.54,17.75,40.25,44.6675,15.75,21.0,74.55499999999999,0.75,9.25,0.675,1.5,15.0,0.10250000000000001,15.0,5.5,60.75,70.0,21.0,36.0,13.0,34.0,8.75,25.25,16.5,12.5,1.375,7.0,23.5,30.159999999999997,18.0,37.0,49.11,13.0,19.25,67.32,2.5,10.25,0.8725,2.75,21.0,0.13999999999999999,12.5,3.5,79.25
84,82,2015-11-18,5,1,2015-2016,Paulistano,Macaé Basquete,1,86.33333333333333,33.0,42.0,11.333333333333334,38.666666666666664,11.666666666666666,27.0,16.0,14.333333333333334,1.1300000000000001,11.0,26.333333333333332,41.99666666666666,21.0,38.0,54.89333333333334,11.333333333333334,15.666666666666666,72.78666666666666,2.3333333333333335,7.666666666666667,0.5533333333333333,1.3333333333333333,17.666666666666668,0.08,14.333333333333334,5.0,99.0,73.66666666666667,26.0,29.333333333333332,18.333333333333332,30.0,10.666666666666666,19.333333333333332,9.333333333333334,10.666666666666666,0.98,8.666666666666666,26.333333333333332,33.779999999999994,14.666666666666666,33.333333333333336,44.89000000000001,18.333333333333332,22.666666666666668,80.08666666666666,1.0,10.666666666666666,1.0433333333333332,0.3333333333333333,24.333333333333332,0.013333333333333334,10.666666666666666,2.6666666666666665,72.66666666666667
71,79,2015-11-18,5,1,2015-2016,Bauru Basket,Pinheiros,0,82.66666666666667,29.0,37.333333333333336,16.333333333333332,35.666666666666664,7.666666666666667,28.0,16.0,13.0,1.3233333333333333,9.666666666666666,25.333333333333332,38.89333333333333,18.666666666666668,29.666666666666668,62.88333333333333,16.333333333333332,21.0,75.16666666666667,1.6666666666666667,6.666666666666667,0.5366666666666667,1.0,18.333333333333332,0.05333333333333334,13.0,2.3333333333333335,97.66666666666667,80.25,16.5,48.0,15.75,41.75,12.25,29.5,11.5,11.5,1.025,5.5,17.5,30.555,24.0,51.5,46.235,15.75,19.75,77.575,0.75,7.75,0.71,5.75,21.25,0.26999999999999996,11.5,2.5,92.0
68,76,2015-11-18,5,1,2015-2016,L. Sorocabana,Flamengo,0,69.33333333333333,14.0,42.666666666666664,12.666666666666666,37.333333333333336,17.666666666666668,19.666666666666668,11.333333333333334,14.333333333333334,0.8633333333333334,4.666666666666667,19.666666666666668,22.623333333333335,21.333333333333332,50.0,42.44,12.666666666666666,17.333333333333332,72.30666666666667,0.3333333333333333,14.666666666666666,1.0666666666666667,2.3333333333333335,24.666666666666668,0.09666666666666668,14.333333333333334,4.0,72.33333333333333,88.0,19.0,51.333333333333336,17.666666666666668,32.0,6.333333333333333,25.666666666666668,22.0,12.333333333333334,1.86,6.333333333333333,17.666666666666668,36.24666666666666,25.666666666666668,41.0,61.826666666666675,17.666666666666668,21.0,84.44,1.6666666666666667,12.333333333333334,1.0633333333333332,1.6666666666666667,19.666666666666668,0.08666666666666667,12.333333333333334,1.3333333333333333,113.66666666666667
64,69,2015-11-19,6,1,2015-2016,Fortaleza B. C. / CFO,Minas,0,84.6,30.0,36.8,17.8,37.6,11.2,26.4,11.0,15.2,0.834,10.0,26.4,38.324,18.4,38.0,48.644,17.8,22.6,78.342,1.4,7.8,0.538,3.0,22.0,0.136,15.2,2.0,88.0,69.2,19.2,36.8,13.2,33.2,9.2,24.0,16.8,13.0,1.34,6.4,23.0,27.938,18.4,36.2,51.410000000000004,13.2,19.2,68.592,2.2,10.0,0.818,2.4,20.2,0.12399999999999997,13.0,3.4,78.2
83,73,2015-11-19,6,1,2015-2016,Vitória,Brasília,1,66.4,15.6,36.8,14.0,33.4,10.8,22.6,9.6,14.8,0.67,5.2,18.4,29.003999999999998,18.4,39.2,47.733999999999995,14.0,19.2,71.30999999999999,0.8,9.6,0.6980000000000001,1.4,16.2,0.092,14.8,5.2,66.4,89.66666666666667,30.0,45.333333333333336,14.333333333333334,38.333333333333336,9.666666666666666,28.666666666666668,21.333333333333332,18.333333333333332,1.1433333333333333,10.0,21.666666666666668,47.080000000000005,22.666666666666668,37.666666666666664,59.96666666666667,14.333333333333334,17.0,85.02,2.3333333333333335,7.0,0.39999999999999997,2.0,21.333333333333332,0.09666666666666666,18.333333333333332,4.666666666666667,110.66666666666667
67,60,2015-11-20,6,1,2015-2016,Paulistano,Flamengo,1,85.75,30.75,43.5,11.5,39.75,12.0,27.75,15.5,13.25,1.1975,10.25,25.5,40.192499999999995,21.75,39.25,55.1225,11.5,16.0,72.2375,2.0,7.5,0.5900000000000001,1.5,19.0,0.0825,13.25,4.25,99.5,85.0,20.25,47.5,17.25,32.75,6.5,26.25,21.25,13.5,1.675,6.75,17.5,38.95,23.75,39.25,59.605000000000004,17.25,21.5,80.7225,1.5,11.25,0.915,2.25,18.75,0.1275,13.5,1.5,108.5
78,51,2015-11-20,6,1,2015-2016,Bauru Basket,Caxias do Sul Basquete,1,79.75,30.0,35.5,14.25,34.25,7.5,26.75,16.5,12.75,1.3675,10.0,28.5,36.4075,17.75,28.5,62.1625,14.25,18.5,74.5575,1.5,8.0,0.6525000000000001,0.75,18.25,0.04,12.75,1.75,93.0,64.5,15.75,35.5,13.25,30.5,10.25,20.25,13.25,13.75,1.1900000000000002,5.25,25.25,20.7675,17.75,37.75,46.1225,13.25,20.25,63.5,0.0,13.25,1.13,0.75,21.25,0.035,13.75,4.25,61.5
86,72,2015-11-20,6,1,2015-2016,L. Sorocabana,Macaé Basquete,1,69.0,15.75,41.5,11.75,36.0,16.5,19.5,11.0,14.75,0.805,5.25,20.75,24.26,20.75,48.0,43.14,11.75,15.75,74.685,0.5,14.25,1.0025,1.75,25.0,0.07250000000000001,14.75,4.75,70.5,75.75,25.5,31.5,18.75,29.25,9.25,20.0,11.0,10.25,1.18,8.5,25.5,34.03,15.75,34.5,46.167500000000004,18.75,22.75,81.80499999999999,1.0,9.5,0.95,0.75,23.0,0.0375,10.25,2.5,76.25
94,106,2015-11-25,4,1,2015-2016,Brasília,Sesi Franca,0,85.5,30.0,41.0,14.5,40.0,12.25,27.75,19.5,16.75,1.15,10.0,23.75,43.6425,20.5,38.0,53.95,14.5,18.25,80.81,1.75,6.25,0.3825,1.75,20.5,0.0875,16.75,3.75,101.25,75.66666666666667,26.0,36.0,13.666666666666666,33.333333333333336,7.333333333333333,26.0,15.666666666666666,17.0,0.9099999999999998,8.666666666666666,22.0,38.06666666666666,18.0,33.0,55.55666666666667,13.666666666666666,19.666666666666668,70.07666666666667,4.333333333333333,6.0,0.36000000000000004,3.3333333333333335,24.333333333333332,0.13999999999999999,17.0,3.0,82.66666666666667
111,114,2015-11-27,3,1,2015-2016,Brasília,Bauru Basket,0,87.2,28.8,42.4,16.0,39.0,12.0,27.0,19.6,16.8,1.156,9.6,24.2,41.068,21.2,38.0,55.79200000000001,16.0,19.6,82.248,2.4,6.4,0.388,1.8,22.0,0.08399999999999999,16.8,3.6,102.2,79.4,27.0,35.6,16.8,34.2,7.4,26.8,16.6,11.8,1.52,9.0,27.6,33.291999999999994,17.8,30.0,59.73,16.8,21.6,75.52799999999999,1.6,9.2,0.8720000000000001,0.6,18.6,0.032,11.8,1.6,92.6
68,63,2015-11-27,6,1,2015-2016,Mogi,Rio Claro,1,82.0,25.5,44.0,12.5,42.0,14.0,28.0,17.5,13.25,1.545,8.5,23.25,37.1275,22.0,46.0,48.6125,12.5,18.5,68.82000000000001,1.75,11.25,0.9649999999999999,3.5,19.75,0.18,13.25,3.5,98.0,76.2,24.6,36.4,15.2,30.4,6.8,23.6,18.4,15.8,1.242,8.2,23.2,35.321999999999996,18.2,32.6,55.888,15.2,22.2,68.08,2.4,10.0,0.65,2.4,21.4,0.11200000000000002,15.8,3.8,85.2
86,82,2015-11-28,5,1,2015-2016,Sesi Franca,Caxias do Sul Basquete,1,83.25,27.0,41.0,15.25,33.25,8.5,24.75,18.25,15.25,1.3325,9.0,22.5,38.9675,20.5,36.5,56.56,15.25,21.75,70.41499999999999,4.0,7.25,0.545,3.25,24.5,0.135,15.25,2.5,94.0,61.8,15.0,34.8,12.0,31.4,8.4,23.0,12.4,14.8,1.046,5.0,23.8,21.058,17.4,36.4,47.220000000000006,12.0,18.2,64.8,0.6,12.0,0.978,1.0,23.4,0.04,14.8,4.2,59.8
70,84,2015-11-30,6,1,2015-2016,Sesi Franca,Pinheiros,0,83.8,27.0,40.0,16.8,34.0,8.2,25.8,17.4,15.2,1.252,9.0,23.2,38.098,20.0,35.8,56.158,16.8,24.8,68.76399999999998,3.6,7.8,0.5700000000000001,3.0,24.8,0.124,15.2,2.0,92.8,80.0,16.8,47.6,15.6,39.8,10.4,29.4,12.0,12.6,0.984,5.6,16.6,33.674,23.8,49.2,48.488,15.6,20.4,75.104,0.8,8.6,0.71,5.0,20.0,0.242,12.6,2.8,91.6
63,72,2015-12-01,7,1,2015-2016,Rio Claro,Bauru Basket,0,74.0,25.0,34.666666666666664,14.333333333333334,30.5,7.5,23.0,17.666666666666668,16.333333333333332,1.1583333333333334,8.333333333333334,24.166666666666668,34.60666666666666,17.333333333333332,32.333333333333336,53.56333333333333,14.333333333333334,20.833333333333332,68.63833333333334,2.3333333333333335,11.0,0.6816666666666666,2.5,20.833333333333332,0.12166666666666669,16.333333333333332,4.0,82.0,85.16666666666667,30.5,35.333333333333336,19.333333333333332,35.166666666666664,8.333333333333334,26.833333333333332,17.0,11.5,1.5833333333333333,10.166666666666666,28.0,36.63166666666666,17.666666666666668,30.666666666666668,58.10833333333333,19.333333333333332,24.5,76.615,1.5,8.5,0.81,0.5,18.833333333333332,0.02666666666666667,11.5,1.5,98.83333333333333
67,85,2015-12-01,7,1,2015-2016,Fortaleza B. C. / CFO,Flamengo,0,81.16666666666667,28.0,36.333333333333336,16.833333333333332,37.666666666666664,11.666666666666666,26.0,11.166666666666666,15.0,0.8383333333333334,9.333333333333334,26.166666666666668,35.93666666666667,18.166666666666668,37.5,48.63166666666667,16.833333333333332,22.333333333333332,74.80833333333332,1.6666666666666667,7.666666666666667,0.5316666666666666,2.8333333333333335,21.833333333333332,0.13,15.0,2.1666666666666665,83.83333333333333,80.0,19.2,45.6,15.2,34.0,7.4,26.6,19.0,14.0,1.466,6.4,18.2,35.922000000000004,22.8,39.4,57.184000000000005,15.2,19.6,76.244,1.2,10.2,0.808,2.0,18.8,0.11200000000000002,14.0,1.8,98.4
86,74,2015-12-01,7,1,2015-2016,Vitória,Macaé Basquete,1,69.16666666666667,17.5,37.666666666666664,14.0,34.5,11.166666666666666,23.333333333333332,10.0,13.5,0.8433333333333334,5.833333333333333,19.333333333333332,30.419999999999998,18.833333333333332,39.833333333333336,47.91833333333333,14.0,18.5,74.97999999999999,0.8333333333333334,9.333333333333334,0.7716666666666666,1.3333333333333333,16.333333333333332,0.08666666666666667,13.5,4.833333333333333,71.83333333333333,75.0,23.4,32.0,19.6,29.4,8.8,20.6,10.4,11.6,1.0379999999999998,7.8,24.8,31.77,16.0,33.6,48.26800000000001,19.6,23.6,82.482,1.0,9.8,0.89,1.2,22.0,0.064,11.6,2.8,75.6
73,59,2015-12-02,7,1,2015-2016,Pinheiros,L. Sorocabana,1,80.66666666666667,15.5,49.333333333333336,15.833333333333334,41.5,10.666666666666666,30.833333333333332,12.333333333333334,13.0,0.975,5.166666666666667,15.333333333333334,33.61666666666667,24.666666666666668,50.166666666666664,49.195,15.833333333333334,21.0,74.39166666666667,1.1666666666666667,8.833333333333334,0.7033333333333333,4.833333333333333,21.166666666666668,0.22666666666666666,13.0,2.8333333333333335,94.33333333333333,72.4,18.0,42.8,11.6,35.4,15.0,20.4,11.8,14.8,0.8440000000000001,6.0,21.0,27.589999999999996,21.4,47.0,45.674,11.6,15.4,75.462,0.6,13.6,0.9480000000000001,1.4,24.8,0.05800000000000001,14.8,4.2,75.4
74,71,2015-12-02,7,1,2015-2016,Minas,Mogi,1,69.16666666666667,20.0,36.0,13.166666666666666,33.833333333333336,9.5,24.333333333333332,16.333333333333332,13.333333333333334,1.2716666666666667,6.666666666666667,22.833333333333332,29.34166666666667,18.0,36.166666666666664,50.248333333333335,13.166666666666666,18.833333333333332,69.90499999999999,2.0,9.666666666666666,0.77,2.1666666666666665,20.5,0.11166666666666665,13.333333333333334,3.8333333333333335,77.83333333333333,79.2,24.0,43.2,12.0,40.2,13.0,27.2,17.0,14.8,1.378,8.0,23.4,34.702,21.6,42.8,52.224000000000004,12.0,18.0,67.55600000000001,2.0,11.8,0.9059999999999999,3.2,18.6,0.172,14.8,3.6,93.8
70,83,2015-12-02,7,1,2015-2016,Caxias do Sul Basquete,Paulistano,0,65.16666666666667,16.0,34.666666666666664,14.5,33.333333333333336,9.333333333333334,24.0,12.666666666666666,14.5,1.0516666666666667,5.333333333333333,24.0,22.215,17.333333333333332,36.833333333333336,46.61500000000001,14.5,21.333333333333332,66.16166666666668,0.5,12.5,1.0066666666666666,1.5,24.833333333333332,0.055,14.5,3.8333333333333335,65.66666666666667,82.0,30.6,40.0,11.4,39.2,11.8,27.4,15.4,13.4,1.1720000000000002,10.2,25.2,40.488,20.0,39.0,50.940000000000005,11.4,15.4,74.714,1.6,7.6,0.5860000000000001,2.0,19.0,0.10800000000000001,13.4,4.6,94.8
83,55,2015-12-03,8,1,2015-2016,Rio Claro,Sesi Franca,1,72.42857142857143,24.0,35.142857142857146,13.285714285714286,30.428571428571427,7.714285714285714,22.714285714285715,17.142857142857142,16.285714285714285,1.1185714285714285,8.0,23.285714285714285,34.42428571428571,17.571428571428573,33.285714285714285,52.871428571428574,13.285714285714286,19.428571428571427,67.92428571428572,2.4285714285714284,10.857142857142858,0.6742857142857143,2.2857142857142856,20.714285714285715,0.11142857142857145,16.285714285714285,3.7142857142857144,79.71428571428571,81.5,25.5,38.666666666666664,17.333333333333332,33.0,7.833333333333333,25.166666666666668,16.5,14.833333333333334,1.1966666666666665,8.5,22.666666666666668,36.748333333333335,19.333333333333332,36.833333333333336,53.14833333333334,17.333333333333332,25.5,68.79833333333333,3.3333333333333335,7.833333333333333,0.5783333333333334,3.1666666666666665,24.0,0.1366666666666667,14.833333333333334,2.1666666666666665,87.33333333333333
88,64,2015-12-03,8,1,2015-2016,Fortaleza B. C. / CFO,Macaé Basquete,1,79.14285714285714,27.428571428571427,35.714285714285715,16.0,38.142857142857146,12.285714285714286,25.857142857142858,10.428571428571429,15.0,0.7757142857142858,9.142857142857142,26.0,35.37428571428571,17.857142857142858,38.285714285714285,47.0,16.0,21.0,76.21000000000001,2.0,8.285714285714286,0.5700000000000001,2.4285714285714284,21.142857142857142,0.11142857142857143,15.0,2.2857142857142856,81.14285714285714,74.83333333333333,23.5,32.666666666666664,18.666666666666668,29.5,8.833333333333334,20.666666666666668,10.5,12.333333333333334,0.9799999999999999,7.833333333333333,24.0,33.141666666666666,16.333333333333332,34.5,47.915,18.666666666666668,23.0,80.40166666666666,0.8333333333333334,9.5,0.8250000000000001,1.1666666666666667,21.0,0.06333333333333334,12.333333333333334,2.8333333333333335,74.5
70,96,2015-12-03,8,1,2015-2016,Vitória,Flamengo,0,71.57142857142857,19.285714285714285,38.57142857142857,13.714285714285714,34.42857142857143,11.0,23.428571428571427,11.142857142857142,13.571428571428571,0.9071428571428573,6.428571428571429,20.0,32.027142857142856,19.285714285714285,39.42857142857143,49.567142857142855,13.714285714285714,18.571428571428573,73.29142857142857,1.1428571428571428,9.714285714285714,0.7842857142857144,1.1428571428571428,16.857142857142858,0.07428571428571429,13.571428571428571,4.571428571428571,75.85714285714286,80.83333333333333,22.0,44.333333333333336,14.5,33.333333333333336,7.333333333333333,26.0,19.0,14.0,1.4483333333333333,7.333333333333333,19.5,37.62666666666667,22.166666666666668,38.666666666666664,56.701666666666675,14.5,18.5,77.64,1.1666666666666667,10.5,0.8166666666666668,2.3333333333333335,18.5,0.13333333333333333,14.0,1.6666666666666667,99.33333333333333
91,84,2015-12-04,8,1,2015-2016,Minas,Coop/São José Basketball,1,69.85714285714286,20.571428571428573,36.57142857142857,12.714285714285714,34.0,9.571428571428571,24.428571428571427,16.428571428571427,14.0,1.2242857142857144,6.857142857142857,22.857142857142858,30.118571428571432,18.285714285714285,36.142857142857146,51.00714285714286,12.714285714285714,17.857142857142858,71.82285714285713,2.0,9.571428571428571,0.7314285714285714,2.4285714285714284,20.428571428571427,0.12428571428571426,14.0,4.0,79.28571428571429,78.4,26.4,36.0,16.0,37.2,10.4,26.8,13.0,15.0,0.932,8.8,24.8,35.806,18.0,38.2,47.076,16.0,20.6,77.75,0.6,6.6,0.4739999999999999,1.6,22.6,0.072,15.0,4.2,81.0
78,69,2015-12-04,8,1,2015-2016,Caxias do Sul Basquete,L. Sorocabana,1,65.85714285714286,16.714285714285715,33.142857142857146,16.0,32.57142857142857,9.285714285714286,23.285714285714285,12.285714285714286,14.571428571428571,0.9971428571428572,5.571428571428571,25.0,22.267142857142858,16.571428571428573,35.0,47.09857142857144,16.0,23.285714285714285,66.91428571428573,0.5714285714285714,13.0,1.0157142857142856,1.2857142857142858,24.428571428571427,0.047142857142857146,14.571428571428571,3.5714285714285716,65.28571428571429,70.16666666666667,16.0,43.666666666666664,10.5,36.5,15.5,21.0,11.5,14.666666666666666,0.8216666666666668,5.333333333333333,20.5,24.843333333333334,21.833333333333332,47.833333333333336,45.75333333333333,10.5,14.5,71.21833333333333,0.8333333333333334,12.666666666666666,0.8850000000000001,1.1666666666666667,24.333333333333332,0.04833333333333334,14.666666666666666,4.0,72.16666666666667
101,77,2015-12-05,8,1,2015-2016,Paulistano,Pinheiros,1,82.16666666666667,32.5,37.666666666666664,12.0,38.833333333333336,11.166666666666666,27.666666666666668,15.5,15.166666666666666,1.0883333333333334,10.833333333333334,25.833333333333332,41.78666666666667,18.833333333333332,36.166666666666664,52.29833333333334,12.0,16.0,75.42,1.3333333333333333,8.5,0.5783333333333334,1.6666666666666667,20.333333333333332,0.09000000000000001,15.166666666666666,4.833333333333333,95.16666666666667,79.57142857142857,15.857142857142858,47.714285714285715,16.0,41.0,10.571428571428571,30.428571428571427,12.0,13.142857142857142,0.937142857142857,5.285714285714286,15.142857142857142,34.93714285714286,23.857142857142858,49.142857142857146,48.480000000000004,16.0,21.857142857142858,72.75857142857141,1.2857142857142858,9.0,0.7042857142857143,5.0,20.0,0.25999999999999995,13.142857142857142,3.0,92.42857142857143
82,50,2015-12-08,9,1,2015-2016,Paulistano,Minas,1,84.85714285714286,33.42857142857143,39.142857142857146,12.285714285714286,38.57142857142857,11.428571428571429,27.142857142857142,16.285714285714285,14.142857142857142,1.3085714285714285,11.142857142857142,25.857142857142858,42.96,19.571428571428573,37.714285714285715,52.121428571428574,12.285714285714286,16.0,77.14571428571428,1.5714285714285714,8.857142857142858,0.6928571428571428,1.8571428571428572,19.571428571428573,0.10571428571428572,14.142857142857142,4.285714285714286,99.71428571428571,72.5,21.0,38.0,13.5,34.25,10.0,24.25,16.25,13.125,1.33875,7.0,22.75,30.89875,19.0,37.375,51.1525,13.5,18.875,71.97999999999999,1.875,9.125,0.7475,2.875,21.25,0.13624999999999998,13.125,4.0,82.375
93,51,2015-12-08,9,1,2015-2016,Flamengo,Caxias do Sul Basquete,1,83.0,23.571428571428573,43.714285714285715,15.714285714285714,34.0,7.571428571428571,26.428571428571427,19.714285714285715,13.571428571428571,1.5528571428571427,7.857142857142857,20.142857142857142,38.798571428571435,21.857142857142858,38.0,57.00428571428572,15.714285714285714,19.428571428571427,79.69142857142856,1.0,9.571428571428571,0.7514285714285716,2.142857142857143,18.571428571428573,0.12142857142857144,13.571428571428571,1.4285714285714286,102.71428571428571,67.375,18.375,33.0,16.0,33.0,9.875,23.125,13.875,15.5,1.0150000000000001,6.125,24.625,25.165,16.5,35.0,46.925000000000004,16.0,23.0,68.07375,1.0,13.125,0.9687499999999999,1.5,23.875,0.06,15.5,3.5,69.375
101,97,2015-12-08,9,1,2015-2016,Macaé Basquete,Pinheiros,1,73.28571428571429,21.857142857142858,32.285714285714285,19.142857142857142,28.857142857142858,8.428571428571429,20.428571428571427,10.0,13.285714285714286,0.8928571428571427,7.285714285714286,22.857142857142858,31.978571428571428,16.142857142857142,35.0,46.70857142857143,19.142857142857142,23.285714285714285,81.48714285714286,0.7142857142857143,10.142857142857142,0.812857142857143,1.0,20.857142857142858,0.054285714285714284,13.285714285714286,3.2857142857142856,71.42857142857143,79.25,16.875,47.0,15.375,41.25,11.625,29.625,11.875,13.625,0.90125,5.625,16.75,34.14125,23.5,48.625,48.253750000000004,15.375,20.75,74.24125,1.25,8.5,0.6525,4.875,19.875,0.25375,13.625,3.125,90.5
91,79,2015-12-09,9,1,2015-2016,Sesi Franca,Coop/São José Basketball,1,77.71428571428571,22.714285714285715,36.857142857142854,18.142857142857142,33.857142857142854,9.428571428571429,24.428571428571427,15.142857142857142,16.142857142857142,1.0671428571428572,7.571428571428571,21.571428571428573,33.402857142857144,18.428571428571427,37.285714285714285,50.198571428571434,18.142857142857142,25.857142857142858,70.7042857142857,2.857142857142857,7.857142857142857,0.5428571428571429,3.2857142857142856,23.285714285714285,0.14714285714285716,16.142857142857142,2.2857142857142856,81.14285714285714,79.33333333333333,27.0,36.0,16.333333333333332,36.5,9.833333333333334,26.666666666666668,12.833333333333334,15.0,0.91,9.0,24.166666666666668,37.775,18.0,37.666666666666664,47.80166666666667,16.333333333333332,21.333333333333332,76.79166666666667,0.8333333333333334,5.666666666666667,0.40666666666666657,1.6666666666666667,23.5,0.07166666666666667,15.0,4.333333333333333,81.16666666666667
90,74,2015-12-09,9,1,2015-2016,Bauru Basket,Mogi,1,83.28571428571429,29.142857142857142,36.285714285714285,17.857142857142858,35.142857142857146,8.571428571428571,26.571428571428573,17.714285714285715,12.0,1.5671428571428572,9.714285714285714,27.428571428571427,35.565714285714286,18.142857142857142,31.142857142857142,58.629999999999995,17.857142857142858,22.571428571428573,77.35857142857142,1.8571428571428572,9.285714285714286,0.8271428571428572,0.42857142857142855,17.857142857142858,0.022857142857142857,12.0,2.0,98.42857142857143,77.83333333333333,21.5,43.666666666666664,12.666666666666666,38.333333333333336,11.833333333333334,26.5,16.166666666666668,14.666666666666666,1.2916666666666667,7.166666666666667,22.5,31.69666666666667,21.833333333333332,42.333333333333336,53.10333333333333,12.666666666666666,18.0,71.11166666666666,2.1666666666666665,11.666666666666666,0.8866666666666666,3.0,18.333333333333332,0.16333333333333333,14.666666666666666,3.3333333333333335,91.0
68,77,2015-12-09,9,1,2015-2016,Rio Claro,Fortaleza B. C. / CFO,0,73.75,24.375,36.75,12.625,30.75,8.125,22.625,18.125,16.5,1.1525,8.125,23.0,35.47875,18.375,33.75,54.370000000000005,12.625,19.25,64.98875,2.75,11.875,0.7224999999999999,2.5,21.5,0.11625000000000002,16.5,4.25,83.625,80.25,27.0,37.0,16.25,38.125,12.0,26.125,11.125,15.5,0.7837500000000001,9.0,25.875,34.9525,18.5,37.875,49.33875,16.25,21.5,75.68375,2.0,8.625,0.57125,2.25,21.5,0.10250000000000001,15.5,2.625,83.375
58,61,2015-12-10,10,1,2015-2016,L. Sorocabana,Minas,0,70.0,16.285714285714285,42.57142857142857,11.142857142857142,35.857142857142854,15.285714285714286,20.571428571428573,12.142857142857142,15.714285714285714,0.8085714285714286,5.428571428571429,20.142857142857142,26.055714285714284,21.285714285714285,46.714285714285715,45.645714285714284,11.142857142857142,15.142857142857142,72.32285714285715,0.7142857142857143,13.285714285714286,0.8685714285714285,1.1428571428571428,23.142857142857142,0.05,15.714285714285714,4.428571428571429,72.57142857142857,70.0,19.0,37.55555555555556,13.444444444444445,34.0,9.444444444444445,24.555555555555557,15.666666666666666,14.0,1.2477777777777779,6.333333333333333,21.666666666666668,28.32,18.77777777777778,37.111111111111114,50.86555555555556,13.444444444444445,18.77777777777778,72.00666666666666,1.6666666666666667,8.88888888888889,0.7011111111111111,2.7777777777777777,20.555555555555557,0.13555555555555554,14.0,3.6666666666666665,78.33333333333333
79,83,2015-12-10,10,1,2015-2016,Flamengo,Pinheiros,0,84.25,24.0,45.5,14.75,34.875,7.75,27.125,19.5,13.75,1.5087499999999998,8.0,21.0,38.115,22.75,38.375,58.720000000000006,14.75,18.0,82.22999999999999,1.25,10.375,0.7912500000000001,2.125,18.75,0.11875000000000001,13.75,1.375,105.5,81.22222222222223,16.666666666666668,47.111111111111114,17.444444444444443,40.22222222222222,11.555555555555555,28.666666666666668,11.777777777777779,14.0,0.8733333333333334,5.555555555555555,17.0,33.27222222222222,23.555555555555557,47.55555555555556,49.730000000000004,17.444444444444443,22.88888888888889,75.43666666666667,1.3333333333333333,8.444444444444445,0.6322222222222221,5.222222222222222,20.555555555555557,0.26,14.0,3.111111111111111,92.0
71,62,2015-12-10,10,1,2015-2016,Macaé Basquete,Caxias do Sul Basquete,1,76.75,22.875,33.5,20.375,29.875,9.375,20.5,10.5,13.5,0.8974999999999999,7.625,23.0,33.19,16.75,36.125,46.83625000000001,20.375,24.375,82.63,0.625,10.5,0.8200000000000001,1.0,22.375,0.051250000000000004,13.5,3.5,76.375,65.55555555555556,18.333333333333332,31.77777777777778,15.444444444444445,32.22222222222222,9.333333333333334,22.88888888888889,13.11111111111111,15.777777777777779,0.9455555555555557,6.111111111111111,23.444444444444443,27.13111111111111,15.88888888888889,35.77777777777778,44.62111111111111,15.444444444444445,21.88888888888889,69.91222222222223,1.0,13.11111111111111,0.941111111111111,1.3333333333333333,23.0,0.05333333333333333,15.777777777777779,3.2222222222222223,65.88888888888889
104,74,2015-12-11,10,1,2015-2016,Bauru Basket,Coop/São José Basketball,1,84.125,28.5,38.25,17.375,35.875,8.5,27.375,17.875,11.625,1.635,9.5,27.625,34.568749999999994,19.125,31.5,60.86,17.375,22.375,76.0225,1.75,9.125,0.835,0.375,18.125,0.02,11.625,2.125,100.25,79.28571428571429,27.857142857142858,34.857142857142854,16.571428571428573,35.0,9.285714285714286,25.714285714285715,13.0,15.285714285714286,0.8971428571428571,9.285714285714286,24.428571428571427,38.42285714285715,17.428571428571427,36.285714285714285,48.11571428571428,16.571428571428573,21.714285714285715,76.53571428571429,0.7142857142857143,6.285714285714286,0.4328571428571428,1.5714285714285714,24.142857142857142,0.06714285714285714,15.285714285714286,4.0,80.71428571428571
86,63,2015-12-11,10,1,2015-2016,Rio Claro,Vitória,1,73.11111111111111,24.666666666666668,36.22222222222222,12.222222222222221,31.555555555555557,8.222222222222221,23.333333333333332,17.88888888888889,16.666666666666668,1.1233333333333335,8.222222222222221,23.333333333333332,35.38333333333333,18.11111111111111,32.888888888888886,55.16666666666667,12.222222222222221,18.77777777777778,64.43444444444444,2.6666666666666665,11.11111111111111,0.6733333333333333,2.5555555555555554,21.333333333333332,0.12000000000000001,16.666666666666668,4.666666666666667,83.11111111111111,71.375,17.625,39.25,14.5,34.25,11.5,22.75,10.75,13.375,0.8775000000000001,5.875,19.875,29.34,19.625,40.375,49.2225,14.5,19.125,75.0,1.375,9.625,0.78,1.25,17.5,0.07625,13.375,4.75,74.5
88,90,2015-12-12,10,1,2015-2016,Sesi Franca,Mogi,0,79.375,24.0,37.5,17.875,33.75,9.375,24.375,15.5,16.125,1.075,8.0,22.125,34.51625,18.75,36.375,52.673750000000005,17.875,25.875,69.55874999999999,2.875,8.25,0.56125,3.375,23.375,0.15,16.125,2.25,84.375,77.28571428571429,21.857142857142858,42.57142857142857,12.857142857142858,37.285714285714285,11.428571428571429,25.857142857142858,16.285714285714285,14.428571428571429,1.2942857142857143,7.285714285714286,22.571428571428573,32.137142857142855,21.285714285714285,42.142857142857146,51.78857142857142,12.857142857142858,18.285714285714285,70.95285714285714,2.0,10.714285714285714,0.8142857142857142,2.7142857142857144,18.571428571428573,0.14714285714285716,14.428571428571429,3.2857142857142856,88.14285714285714
74,81,2015-12-15,11,1,2015-2016,Minas,Flamengo,0,69.1,19.5,37.2,12.4,34.2,9.4,24.8,15.0,14.1,1.183,6.5,21.4,29.699,18.6,36.9,50.636,12.4,17.6,69.092,1.6,8.8,0.684,2.5,20.1,0.12199999999999997,14.1,3.5,77.1,83.66666666666667,25.333333333333332,43.55555555555556,14.777777777777779,35.0,7.888888888888889,27.11111111111111,19.333333333333332,13.777777777777779,1.4844444444444445,8.444444444444445,22.22222222222222,38.04666666666667,21.77777777777778,38.111111111111114,56.51666666666667,14.777777777777779,18.555555555555557,80.33999999999999,1.2222222222222223,10.777777777777779,0.8144444444444445,2.111111111111111,18.88888888888889,0.11666666666666667,13.777777777777779,1.3333333333333333,103.22222222222223
78,106,2015-12-15,11,1,2015-2016,Sesi Franca,Fortaleza B. C. / CFO,0,80.33333333333333,25.0,38.0,17.333333333333332,33.888888888888886,9.11111111111111,24.77777777777778,15.88888888888889,15.88888888888889,1.1066666666666665,8.333333333333334,23.0,34.75555555555556,19.0,36.22222222222222,53.48777777777778,17.333333333333332,24.77777777777778,70.85777777777777,2.888888888888889,7.888888888888889,0.538888888888889,3.5555555555555554,22.88888888888889,0.1622222222222222,15.88888888888889,2.2222222222222223,86.33333333333333,79.88888888888889,27.666666666666668,36.666666666666664,15.555555555555555,37.22222222222222,11.666666666666666,25.555555555555557,11.444444444444445,14.555555555555555,0.9188888888888889,9.222222222222221,26.0,35.595555555555556,18.333333333333332,37.55555555555556,49.25333333333333,15.555555555555555,21.0,73.81,1.8888888888888888,8.777777777777779,0.6666666666666666,2.0,21.11111111111111,0.09111111111111111,14.555555555555555,2.4444444444444446,83.33333333333333
107,104,2015-12-15,11,1,2015-2016,Brasília,Macaé Basquete,1,91.16666666666667,31.5,43.666666666666664,16.0,37.333333333333336,11.333333333333334,26.0,20.5,15.333333333333334,1.485,10.5,24.833333333333332,43.15166666666667,21.833333333333332,39.0,55.96333333333334,16.0,19.666666666666668,81.87333333333333,2.0,6.5,0.47,2.0,22.833333333333332,0.08833333333333333,15.333333333333334,3.1666666666666665,107.0,76.11111111111111,23.0,32.666666666666664,20.444444444444443,30.444444444444443,9.0,21.444444444444443,10.222222222222221,13.444444444444445,0.8666666666666666,7.666666666666667,23.11111111111111,33.20555555555555,16.333333333333332,34.888888888888886,47.410000000000004,20.444444444444443,24.666666666666668,82.0911111111111,0.6666666666666666,10.222222222222221,0.7977777777777778,1.1111111111111112,22.333333333333332,0.05555555555555555,13.444444444444445,3.4444444444444446,76.44444444444444
93,84,2015-12-15,11,1,2015-2016,Mogi,L. Sorocabana,1,78.875,21.375,43.5,14.0,38.125,12.0,26.125,15.875,14.0,1.28,7.125,23.5,30.62,21.75,42.0,52.9375,14.0,19.5,71.905,1.75,10.875,0.8487499999999999,2.75,18.625,0.14875,14.0,3.25,90.25,68.5,16.125,41.25,11.125,35.125,14.625,20.5,11.875,14.875,0.8462500000000001,5.375,19.875,26.27125,20.625,45.75,45.068749999999994,11.125,15.0,73.10374999999999,0.625,12.875,0.89875,1.375,22.125,0.06875,14.875,4.0,71.375
83,77,2015-12-15,11,1,2015-2016,Coop/São José Basketball,Paulistano,1,78.625,26.625,35.25,16.75,32.75,8.625,24.125,13.125,14.5,0.98,8.875,23.375,38.307500000000005,17.625,36.625,48.19125,16.75,22.375,75.3025,0.625,6.75,0.5175,1.375,24.125,0.05875,14.5,3.875,79.0,84.5,33.375,39.75,11.375,38.25,11.375,26.875,16.875,13.5,1.43625,11.125,27.125,41.410000000000004,19.875,37.25,53.695,11.375,15.125,74.44749999999999,1.75,9.875,0.8424999999999999,1.625,19.25,0.0925,13.5,3.75,100.5
94,68,2015-12-15,11,1,2015-2016,Bauru Basket,Vitória,1,86.33333333333333,31.333333333333332,37.55555555555556,17.444444444444443,35.333333333333336,7.888888888888889,27.444444444444443,18.77777777777778,11.777777777777779,1.6755555555555555,10.444444444444445,27.555555555555557,38.135555555555555,18.77777777777778,30.555555555555557,61.82777777777778,17.444444444444443,22.333333333333332,76.66666666666667,2.111111111111111,8.555555555555555,0.7766666666666666,0.4444444444444444,18.77777777777778,0.022222222222222223,11.777777777777779,1.8888888888888888,103.88888888888889,70.44444444444444,18.0,37.77777777777778,14.666666666666666,33.55555555555556,11.222222222222221,22.333333333333332,10.222222222222221,13.444444444444445,0.8277777777777778,6.0,19.444444444444443,30.941111111111113,18.88888888888889,40.0,47.657777777777774,14.666666666666666,19.88888888888889,73.50444444444445,1.2222222222222223,9.777777777777779,0.7811111111111111,1.6666666666666667,17.444444444444443,0.09999999999999999,13.444444444444445,4.666666666666667,72.44444444444444
67,65,2015-12-15,11,1,2015-2016,Caxias do Sul Basquete,Rio Claro,1,65.2,18.6,31.4,15.2,32.4,9.3,23.1,12.6,15.3,0.9240000000000002,6.2,23.0,28.101999999999997,15.7,36.1,43.749,15.2,21.5,70.143,0.9,12.6,0.9199999999999999,1.2,22.6,0.048,15.3,3.2,65.2,74.4,24.9,37.0,12.5,31.8,8.0,23.8,18.3,16.4,1.1680000000000001,8.3,23.0,36.345,18.5,33.2,55.761,12.5,18.6,66.815,2.8,10.8,0.663,2.6,21.2,0.123,16.4,4.4,86.0
84,75,2015-12-17,12,1,2015-2016,Paulistano,Mogi,1,83.66666666666667,31.666666666666668,40.0,12.0,37.333333333333336,11.666666666666666,25.666666666666668,16.333333333333332,13.555555555555555,1.3722222222222222,10.555555555555555,26.22222222222222,40.31777777777778,20.0,38.111111111111114,52.91444444444445,12.0,16.22222222222222,73.7311111111111,1.6666666666666667,10.333333333333334,0.8599999999999999,1.4444444444444444,19.555555555555557,0.08222222222222222,13.555555555555555,3.6666666666666665,97.55555555555556,80.44444444444444,22.666666666666668,43.333333333333336,14.444444444444445,37.888888888888886,12.11111111111111,25.77777777777778,16.555555555555557,14.555555555555555,1.2666666666666666,7.555555555555555,24.11111111111111,31.432222222222222,21.666666666666668,41.22222222222222,53.72222222222222,14.444444444444445,20.0,72.24888888888889,1.7777777777777777,10.666666666666666,0.8066666666666665,2.5555555555555554,19.11111111111111,0.13666666666666666,14.555555555555555,3.3333333333333335,91.77777777777777
90,96,2015-12-17,12,1,2015-2016,Pinheiros,Rio Claro,0,81.4,16.5,48.0,16.9,40.8,11.5,29.3,12.1,14.4,0.869,5.5,16.6,33.791,24.0,48.3,49.848,16.9,22.2,75.393,1.3,8.8,0.6359999999999999,5.4,20.3,0.273,14.4,3.0,93.4,72.7,25.8,35.6,11.3,32.0,8.5,23.5,17.8,17.0,1.0859999999999999,8.6,23.5,36.698,17.8,33.1,53.684000000000005,11.3,17.8,63.462,2.8,10.6,0.631,2.5,22.0,0.11600000000000002,17.0,4.3,81.9
90,81,2015-12-17,12,1,2015-2016,Minas,Macaé Basquete,1,70.2,20.1,38.8,11.3,34.8,9.4,25.4,15.6,14.9,1.153,6.7,21.5,30.605000000000008,19.4,36.6,52.98,11.3,16.6,66.018,1.4,8.4,0.631,2.7,20.4,0.129,14.9,3.6,79.5,78.9,22.8,34.6,21.5,31.8,9.2,22.6,10.4,13.2,0.8889999999999999,7.6,22.9,33.217999999999996,17.3,36.5,47.76700000000001,21.5,26.2,81.63199999999999,0.6,9.9,0.782,1.1,22.5,0.054000000000000006,13.2,3.5,79.7
82,66,2015-12-17,12,1,2015-2016,Bauru Basket,Fortaleza B. C. / CFO,1,87.1,32.1,37.6,17.4,36.0,8.1,27.9,18.9,12.1,1.641,10.7,27.9,38.516,18.8,30.8,61.403000000000006,17.4,22.3,76.727,2.0,8.6,0.7589999999999999,0.5,19.2,0.024,12.1,1.8,104.9,82.5,28.5,38.6,15.4,36.6,11.5,25.1,12.0,14.2,0.982,9.5,25.6,37.491,19.3,38.6,50.160999999999994,15.4,20.6,74.66400000000002,1.9,9.6,0.755,2.3,21.5,0.10200000000000001,14.2,2.4,88.2
88,81,2015-12-17,12,1,2015-2016,Coop/São José Basketball,L. Sorocabana,1,79.11111111111111,27.666666666666668,34.22222222222222,17.22222222222222,32.77777777777778,8.555555555555555,24.22222222222222,13.666666666666666,14.88888888888889,0.9822222222222222,9.222222222222221,23.88888888888889,38.81333333333334,17.11111111111111,35.111111111111114,49.11666666666666,17.22222222222222,22.333333333333332,77.5411111111111,0.7777777777777778,6.888888888888889,0.508888888888889,1.7777777777777777,24.22222222222222,0.07444444444444444,14.88888888888889,3.888888888888889,81.55555555555556,70.22222222222223,15.0,43.333333333333336,11.88888888888889,35.666666666666664,15.222222222222221,20.444444444444443,11.555555555555555,14.666666666666666,0.828888888888889,5.0,19.666666666666668,24.586666666666662,21.666666666666668,46.666666666666664,46.23444444444444,11.88888888888889,15.777777777777779,74.07222222222221,0.5555555555555556,12.777777777777779,0.9011111111111112,1.4444444444444444,21.88888888888889,0.07222222222222223,14.666666666666666,3.7777777777777777,73.44444444444444
76,78,2015-12-17,12,1,2015-2016,Sesi Franca,Vitória,0,80.1,24.0,38.6,17.5,33.5,9.2,24.3,15.5,16.5,1.051,8.0,22.4,34.221000000000004,19.3,36.4,53.92800000000001,17.5,25.0,70.809,3.0,8.0,0.526,3.3,22.3,0.152,16.5,2.5,84.9,70.2,17.4,38.2,14.6,34.1,11.6,22.5,10.3,13.5,0.8240000000000001,5.8,20.0,29.447000000000003,19.1,40.3,47.775999999999996,14.6,20.0,72.821,1.2,9.9,0.782,1.5,17.7,0.09,13.5,4.4,71.7
85,94,2015-12-17,12,1,2015-2016,Brasília,Flamengo,0,93.42857142857143,31.285714285714285,44.857142857142854,17.285714285714285,38.857142857142854,12.0,26.857142857142858,21.428571428571427,14.714285714285714,1.6228571428571428,10.428571428571429,25.285714285714285,42.08857142857143,22.428571428571427,40.714285714285715,55.251428571428576,17.285714285714285,21.571428571428573,81.0,2.2857142857142856,6.571428571428571,0.4942857142857143,2.4285714285714284,23.857142857142858,0.1,14.714285714285714,3.142857142857143,110.57142857142857,83.4,26.4,42.6,14.4,34.0,7.6,26.4,19.7,13.3,1.592,8.8,22.6,38.857,21.3,38.2,55.224000000000004,14.4,18.4,78.777,1.1,11.0,0.8770000000000001,2.0,18.6,0.11100000000000002,13.3,1.5,102.1
80,77,2015-12-19,13,1,2015-2016,Paulistano,Bauru Basket,1,83.7,31.2,40.4,12.1,37.0,11.4,25.6,16.6,13.9,1.347,10.4,26.1,39.886,20.2,37.8,53.909000000000006,12.1,16.5,73.19999999999999,1.8,10.5,0.845,1.5,19.8,0.08299999999999999,13.9,3.8,97.7,87.6,31.2,38.4,18.0,38.0,8.5,29.5,19.0,11.5,1.783,10.4,27.8,37.623,19.2,32.0,60.689,18.0,22.8,77.627,1.9,8.0,0.7499999999999999,0.5,18.9,0.025,11.5,1.7,106.6
67,77,2015-12-20,13,1,2015-2016,Rio Claro,Minas,0,75.6,26.1,37.8,11.7,32.2,9.4,22.8,17.5,17.1,1.049,8.7,23.8,36.631,18.9,34.8,53.970000000000006,11.7,18.0,65.188,2.6,10.9,0.648,2.6,23.0,0.11300000000000003,17.1,4.3,84.4,71.7,19.8,39.4,12.5,34.2,9.8,24.4,16.4,14.3,1.2769999999999997,6.6,20.8,31.795000000000005,19.7,37.9,52.19200000000001,12.5,17.8,67.129,1.6,8.3,0.648,2.5,20.8,0.11699999999999999,14.3,3.3,81.1
74,65,2015-12-20,13,1,2015-2016,Vitória,Caxias do Sul Basquete,1,72.0,18.9,38.0,15.1,34.0,12.0,22.0,10.6,13.5,0.843,6.3,20.2,31.538,19.0,39.7,48.327000000000005,15.1,21.1,71.806,1.3,9.8,0.775,1.9,18.3,0.10799999999999998,13.5,3.9,74.2,63.7,19.5,29.4,14.8,33.8,8.9,24.9,12.4,16.0,0.7879999999999999,6.5,22.2,30.315999999999995,14.7,35.5,41.884,14.8,21.8,67.81400000000001,1.3,12.7,0.827,1.3,22.8,0.053000000000000005,16.0,3.1,64.4
94,77,2015-12-20,13,1,2015-2016,Flamengo,Coop/São José Basketball,1,85.5,26.4,44.0,15.1,34.3,8.3,26.0,19.8,13.4,1.589,8.8,22.5,39.019999999999996,22.0,39.6,55.068000000000005,15.1,18.9,79.85400000000001,1.1,11.6,0.913,2.1,18.7,0.11499999999999999,13.4,1.5,104.8,80.0,27.9,34.4,17.7,32.6,8.4,24.2,14.6,14.4,1.114,9.3,23.8,39.28000000000001,17.2,35.5,48.81999999999999,17.7,22.5,78.954,0.8,6.6,0.49800000000000005,1.8,23.9,0.07699999999999999,14.4,3.8,83.6
0,20,2015-12-20,13,1,2015-2016,L. Sorocabana,Sesi Franca,0,71.3,14.4,44.6,12.3,36.6,15.5,21.1,11.4,14.4,0.8290000000000001,4.8,19.6,23.706999999999997,22.3,47.2,46.995999999999995,12.3,16.5,73.62199999999999,0.7,12.2,0.8690000000000001,1.5,22.0,0.074,14.4,4.1,74.7,80.0,22.8,39.2,18.0,32.5,9.1,23.4,15.3,16.4,1.044,7.6,22.4,32.221000000000004,19.6,36.5,54.604000000000006,18.0,25.5,71.21000000000001,2.6,8.5,0.562,3.0,22.1,0.14,16.4,2.5,83.7
70,82,2015-12-20,13,1,2015-2016,Macaé Basquete,Mogi,0,79.7,22.2,35.6,21.9,31.1,8.2,22.9,11.0,13.4,0.9179999999999999,7.4,22.6,32.799,17.8,35.8,50.025000000000006,21.9,26.6,81.954,0.7,9.8,0.753,1.1,22.7,0.05399999999999999,13.4,3.5,81.4,79.9,22.8,42.2,14.9,36.8,11.4,25.4,16.1,15.0,1.203,7.6,23.7,32.289,21.1,40.2,53.511,14.9,20.5,72.624,1.7,10.6,0.7789999999999999,2.3,19.5,0.123,15.0,3.3,89.8
68,63,2015-12-20,13,1,2015-2016,Fortaleza B. C. / CFO,Pinheiros,1,80.8,27.6,39.0,14.2,35.6,10.7,24.9,11.9,12.8,1.124,9.2,26.9,34.923,19.5,37.9,51.65599999999999,14.2,19.7,71.727,2.0,9.5,0.8230000000000001,1.7,21.1,0.079,12.8,2.0,85.1,82.9,16.2,48.4,18.3,40.2,11.9,28.3,12.2,14.7,0.8550000000000001,5.4,16.6,33.235,24.2,47.8,50.759,18.3,24.3,75.393,1.3,9.1,0.6459999999999999,5.5,20.4,0.27699999999999997,14.7,3.1,94.4
79,84,2015-12-22,14,1,2015-2016,Paulistano,Sesi Franca,0,84.3,30.9,41.4,12.0,37.2,11.4,25.8,16.7,13.6,1.404,10.3,26.1,39.528999999999996,20.7,38.9,53.86800000000001,12.0,16.2,74.03299999999999,1.8,10.6,0.8809999999999999,1.6,20.3,0.087,13.6,3.9,98.6,75.7,21.9,37.2,16.6,30.3,8.3,22.0,14.6,15.2,1.0559999999999998,7.3,21.0,32.116,18.6,33.9,57.604,16.6,23.3,72.172,2.3,7.8,0.5559999999999999,2.9,20.2,0.146,15.2,2.3,80.4
79,63,2015-12-22,14,1,2015-2016,Macaé Basquete,Coop/São José Basketball,1,80.3,21.9,36.6,21.8,32.3,8.1,24.2,11.7,14.7,0.8879999999999999,7.3,21.3,34.107,18.3,36.4,50.685,21.8,26.1,83.621,0.8,9.9,0.684,1.2,22.8,0.057999999999999996,14.7,3.5,84.3,80.9,27.9,35.6,17.4,31.8,8.5,23.3,15.3,14.2,1.1800000000000002,9.3,23.4,40.04200000000001,17.8,36.4,49.312,17.4,22.5,76.646,0.9,6.8,0.519,1.8,24.1,0.07699999999999999,14.2,3.8,84.6
84,80,2015-12-22,14,1,2015-2016,L. Sorocabana,Bauru Basket,1,66.2,12.0,42.2,12.0,33.7,14.2,19.5,10.3,13.4,0.7860000000000001,4.0,17.5,20.374,21.1,43.8,47.763,12.0,15.9,74.69299999999998,0.9,11.5,0.873,1.5,20.3,0.11099999999999999,13.4,3.9,69.7,86.5,30.6,37.6,18.3,38.7,9.2,29.5,18.7,11.6,1.738,10.2,28.1,36.49499999999999,18.8,32.9,57.894000000000005,18.3,22.9,79.19800000000001,2.0,8.1,0.7549999999999999,0.5,18.6,0.027000000000000003,11.6,1.8,104.3
79,77,2015-12-22,14,1,2015-2016,Flamengo,Mogi,1,86.0,27.6,44.6,13.8,34.4,8.5,25.9,19.6,13.2,1.6,9.2,23.2,39.495999999999995,22.3,39.8,55.515,13.8,17.6,77.593,1.1,11.3,0.901,2.1,17.4,0.12199999999999997,13.2,1.6,104.9,80.5,23.7,41.6,15.2,35.5,10.9,24.6,16.1,15.0,1.203,7.9,24.1,32.93,20.8,38.8,54.315999999999995,15.2,20.7,73.23299999999999,1.9,10.8,0.795,2.2,19.9,0.11700000000000002,15.0,2.9,90.3
84,69,2015-12-22,14,1,2015-2016,Rio Claro,Brasília,1,74.3,26.4,36.6,11.3,32.4,9.3,23.1,16.7,16.8,1.014,8.8,23.9,36.956,18.3,34.9,52.080000000000005,11.3,17.1,66.46600000000001,2.5,10.9,0.665,2.8,22.9,0.123,16.8,4.2,82.8,92.375,30.0,45.75,16.625,37.875,11.75,26.125,20.75,15.625,1.51125,10.0,25.125,40.47375,22.875,41.125,55.73125,16.625,20.375,83.375,2.0,7.375,0.50625,2.5,24.0,0.10250000000000001,15.625,3.25,108.125
66,50,2015-12-22,14,1,2015-2016,Fortaleza B. C. / CFO,Caxias do Sul Basquete,1,79.6,26.4,39.2,14.0,34.8,10.1,24.7,11.4,13.1,1.04,8.8,26.5,34.104,19.6,36.7,53.51399999999999,14.0,19.9,70.073,2.1,9.9,0.8389999999999999,1.6,21.3,0.07300000000000001,13.1,2.4,83.5,65.4,20.7,30.2,14.5,33.2,8.4,24.8,12.1,15.9,0.7699999999999999,6.9,22.3,31.712000000000007,15.1,35.1,43.848,14.5,20.9,67.81400000000001,1.3,12.5,0.818,1.3,23.1,0.053000000000000005,15.9,3.2,66.8
78,98,2015-12-22,14,1,2015-2016,Vitória,Pinheiros,0,73.0,20.4,37.6,15.0,33.9,11.5,22.4,11.4,13.7,0.889,6.8,20.5,33.874,18.8,38.7,49.041000000000004,15.0,20.9,72.07099999999998,1.2,9.7,0.7610000000000001,1.9,18.2,0.10899999999999999,13.7,3.7,76.7,82.4,15.9,48.0,18.5,41.4,12.0,29.4,12.3,14.7,0.8630000000000001,5.3,16.0,33.378,24.0,47.6,50.507,18.5,24.0,77.594,1.5,8.5,0.5999999999999999,5.1,20.3,0.25999999999999995,14.7,2.9,95.2
74,89,2016-01-08,15,1,2015-2016,Pinheiros,Caxias do Sul Basquete,0,82.7,17.7,46.4,18.6,40.4,11.5,28.9,13.6,15.4,0.891,5.9,16.6,36.051,23.2,45.3,51.59400000000001,18.6,24.2,77.35099999999998,1.6,8.9,0.5740000000000001,4.6,20.6,0.23399999999999999,15.4,2.8,96.4,65.2,19.2,30.6,15.4,33.7,8.2,25.5,11.7,16.2,0.7409999999999999,6.4,22.0,29.839000000000006,15.3,35.0,44.486000000000004,15.4,21.5,69.897,1.3,12.2,0.789,1.4,23.6,0.055999999999999994,16.2,3.3,66.6
84,51,2016-01-08,15,1,2015-2016,Paulistano,L. Sorocabana,1,81.4,30.3,39.2,11.9,37.4,11.7,25.7,16.2,13.3,1.394,10.1,26.3,38.594,19.6,38.9,51.249,11.9,16.1,73.91499999999999,1.6,10.5,0.891,1.7,19.6,0.095,13.3,3.3,94.2,67.5,13.5,42.2,11.8,33.6,13.7,19.9,10.4,13.6,0.774,4.5,17.5,23.005999999999993,21.1,43.5,48.025000000000006,11.8,15.6,74.825,0.9,11.5,0.849,1.8,19.7,0.12799999999999997,13.6,3.9,72.0
68,90,2016-01-08,15,1,2015-2016,Sesi Franca,Bauru Basket,0,75.6,20.7,38.0,16.9,30.3,8.6,21.7,14.2,15.1,1.04,6.9,20.2,32.038,19.0,35.0,56.726,16.9,23.5,73.144,2.0,8.1,0.574,2.8,19.5,0.146,15.1,2.6,80.0,86.2,31.2,37.4,17.6,38.1,9.4,28.7,18.4,11.9,1.7109999999999999,10.4,28.5,36.632000000000005,18.7,33.5,56.734,17.6,22.0,79.577,1.6,8.5,0.7709999999999999,0.8,18.5,0.043000000000000003,11.9,1.6,102.8
82,70,2016-01-08,15,1,2015-2016,Mogi,Coop/São José Basketball,1,79.9,23.1,41.0,15.8,35.3,10.8,24.5,15.6,14.2,1.339,7.7,24.8,31.249000000000002,20.5,38.7,53.694,15.8,21.4,73.58,1.5,11.3,0.974,1.9,19.4,0.10300000000000001,14.2,2.7,88.9,78.1,27.3,33.6,17.2,31.3,8.4,22.9,14.7,15.3,1.068,9.1,23.6,38.975,16.8,35.0,48.516999999999996,17.2,22.3,76.229,0.9,7.2,0.496,1.6,23.9,0.068,15.3,4.0,79.8
96,66,2016-01-08,15,1,2015-2016,Flamengo,Macaé Basquete,1,83.7,28.8,41.2,13.7,35.5,9.4,26.1,19.5,13.7,1.5070000000000001,9.6,24.4,39.056,20.6,38.2,53.727999999999994,13.7,17.8,76.20400000000001,1.0,10.0,0.758,2.3,17.7,0.133,13.7,1.4,100.8,79.8,21.3,37.6,20.9,33.4,8.6,24.8,12.3,14.6,0.9309999999999998,7.1,21.5,32.933,18.8,37.5,50.439,20.9,25.2,83.17099999999999,0.7,9.8,0.683,1.3,21.7,0.06399999999999999,14.6,3.6,84.6
60,71,2016-01-08,15,1,2015-2016,Vitória,Fortaleza B. C. / CFO,0,73.9,20.4,39.2,14.3,32.5,11.0,21.5,12.6,13.4,0.9650000000000001,6.8,20.7,33.278,19.6,39.9,49.39900000000001,14.3,20.0,71.515,1.2,10.1,0.791,1.8,18.2,0.10400000000000001,13.4,3.8,77.5,76.1,26.4,36.6,13.1,35.4,9.7,25.7,11.4,13.7,1.018,8.8,26.7,33.816,18.3,35.6,51.327,13.1,18.9,69.585,2.1,10.6,0.8640000000000001,1.9,21.4,0.085,13.7,2.6,80.7
72,59,2016-01-09,15,1,2015-2016,Brasília,Minas,1,89.77777777777777,28.0,44.888888888888886,16.88888888888889,37.55555555555556,11.666666666666666,25.88888888888889,19.555555555555557,15.555555555555555,1.4177777777777778,9.333333333333334,24.0,38.940000000000005,22.444444444444443,41.44444444444444,54.33666666666667,16.88888888888889,20.77777777777778,82.90777777777777,2.0,7.555555555555555,0.5166666666666666,2.3333333333333335,23.22222222222222,0.0977777777777778,15.555555555555555,3.0,103.66666666666667,71.9,18.9,40.2,12.8,34.8,9.7,25.1,16.2,14.8,1.2209999999999996,6.3,19.4,33.077,20.1,38.7,52.19200000000001,12.8,18.0,67.84200000000001,1.6,8.3,0.6159999999999999,2.3,20.1,0.11000000000000001,14.8,3.2,81.8
70,83,2016-01-12,1,2,2015-2016,Minas,Pinheiros,0,71.1,18.3,39.4,13.4,35.9,10.7,25.2,15.7,15.1,1.1400000000000001,6.1,18.4,33.156000000000006,19.7,40.0,49.900999999999996,13.4,18.6,68.98499999999999,1.3,8.7,0.6219999999999999,2.6,19.4,0.128,15.1,3.1,81.1,81.8,17.4,45.6,18.8,39.5,11.8,27.7,13.6,15.9,0.859,5.8,16.8,35.224000000000004,22.8,44.2,51.999,18.8,24.9,75.923,1.6,9.7,0.612,3.8,20.6,0.198,15.9,2.9,94.0
90,79,2016-01-12,1,2,2015-2016,Brasília,Caxias do Sul Basquete,1,88.0,27.0,44.4,16.6,38.7,11.9,26.8,19.3,15.9,1.365,9.0,23.6,38.04600000000001,22.2,41.3,53.903,16.6,20.1,84.61699999999999,1.9,7.8,0.518,2.3,23.2,0.097,15.9,3.0,103.0,66.5,21.6,29.4,15.5,33.4,8.3,25.1,12.1,16.0,0.773,7.2,22.7,32.220000000000006,14.7,34.3,43.994,15.5,21.5,70.397,1.6,12.4,0.807,1.7,23.6,0.06899999999999999,16.0,3.0,69.0
87,81,2016-01-12,1,2,2015-2016,Coop/São José Basketball,Vitória,1,77.7,26.7,34.0,17.0,30.8,8.1,22.7,15.0,16.0,1.0530000000000002,8.9,22.8,39.205,17.0,34.6,49.587,17.0,22.6,74.245,0.9,7.9,0.517,1.5,23.4,0.06500000000000002,16.0,4.3,79.8,73.6,20.7,39.2,13.7,32.9,10.8,22.1,13.4,13.9,0.998,6.9,20.2,34.437,19.6,40.0,49.323,13.7,19.9,68.94399999999999,1.3,10.6,0.786,1.8,19.0,0.099,13.9,3.6,78.4
74,89,2016-01-13,1,1,2015-2016,Macaé Basquete,Sesi Franca,0,78.2,20.1,37.2,20.9,34.2,9.3,24.9,11.4,15.1,0.8030000000000002,6.7,21.2,31.455000000000002,18.6,37.7,49.689,20.9,25.5,82.167,0.7,9.9,0.666,1.4,22.8,0.06299999999999999,15.1,3.5,81.8,71.8,18.6,36.8,16.4,30.0,8.5,21.5,12.7,15.2,0.8800000000000001,6.2,20.1,29.175,18.4,34.6,55.885000000000005,16.4,22.9,72.819,2.0,8.7,0.619,2.7,18.8,0.145,15.2,2.6,74.1
65,56,2016-01-13,1,2,2015-2016,L. Sorocabana,Rio Claro,1,65.6,13.8,40.6,11.2,33.3,13.7,19.6,10.8,14.0,0.7849999999999999,4.6,18.3,22.798000000000002,20.3,42.4,47.265,11.2,15.1,73.359,0.9,11.1,0.8140000000000001,1.7,18.5,0.12999999999999998,14.0,4.3,68.8,75.7,25.8,37.6,12.3,33.4,9.7,23.7,17.6,15.9,1.157,8.6,23.6,36.647000000000006,18.8,35.7,52.318000000000005,12.3,18.4,66.61300000000001,2.2,11.3,0.734,3.1,23.5,0.135,15.9,4.1,87.2
85,69,2016-01-13,1,2,2015-2016,Flamengo,Bauru Basket,1,85.7,28.2,42.8,14.7,36.0,9.8,26.2,19.4,12.9,1.5950000000000002,9.4,24.5,37.683,21.4,39.4,54.08599999999999,14.7,18.5,77.91399999999999,0.9,10.2,0.8219999999999998,2.3,18.4,0.12499999999999997,12.9,1.3,103.8,88.1,32.7,36.8,18.6,39.1,9.4,29.7,18.3,12.8,1.642,10.9,27.6,39.254000000000005,18.4,33.6,55.34899999999999,18.6,22.9,81.304,1.6,8.3,0.719,1.1,18.4,0.06100000000000001,12.8,1.9,105.9
77,67,2016-01-14,2,2,2015-2016,Minas,Caxias do Sul Basquete,1,71.5,18.3,40.0,13.2,36.0,10.3,25.7,15.1,15.1,1.1,6.1,17.9,33.751,20.0,40.6,49.737,13.2,18.3,69.117,1.4,8.6,0.615,2.7,19.7,0.132,15.1,3.3,81.3,69.3,23.7,29.0,16.6,32.2,8.9,23.3,12.6,15.4,0.834,7.9,23.0,35.236000000000004,14.5,34.0,43.833,16.6,23.1,70.32000000000001,1.3,12.7,0.8470000000000001,1.5,22.3,0.063,15.4,2.7,71.8
81,90,2016-01-14,2,2,2015-2016,Coop/São José Basketball,Fortaleza B. C. / CFO,0,79.3,27.6,33.6,18.1,30.0,7.7,22.3,15.6,15.4,1.158,9.2,22.9,40.266999999999996,16.8,34.4,49.324,18.1,23.7,75.16900000000001,1.0,8.4,0.597,1.4,23.4,0.06000000000000001,15.4,3.9,82.4,75.4,27.0,35.8,12.6,35.7,9.5,26.2,11.7,13.7,1.031,9.0,27.0,34.18,17.9,35.5,50.154999999999994,12.6,18.0,70.752,2.0,10.6,0.8640000000000001,1.9,21.1,0.08500000000000002,13.7,2.7,80.6
90,70,2016-01-14,2,2,2015-2016,Brasília,Pinheiros,1,87.9,28.5,43.4,16.0,37.5,11.4,26.1,18.7,15.2,1.393,9.5,24.4,38.540000000000006,21.7,40.6,53.855,16.0,19.6,83.109,1.8,8.5,0.575,2.2,22.9,0.094,15.2,3.0,102.2,82.2,18.0,45.4,18.8,40.5,13.3,27.2,13.3,15.3,0.877,6.0,17.7,34.245,22.7,45.1,50.73899999999999,18.8,24.2,78.776,1.7,9.4,0.623,3.9,21.1,0.2,15.3,2.7,94.5
68,101,2016-01-15,2,2,2015-2016,Macaé Basquete,Bauru Basket,0,78.3,21.3,36.6,20.4,34.9,10.2,24.7,11.9,14.3,0.9,7.1,21.6,32.644,18.3,38.7,47.522,20.4,25.1,81.47399999999999,0.7,9.8,0.7120000000000001,1.2,23.3,0.049999999999999996,14.3,3.4,82.2,87.2,33.6,36.6,17.0,38.4,9.6,28.8,17.9,13.6,1.5100000000000002,11.2,27.7,40.370999999999995,18.3,33.1,55.83299999999999,17.0,21.6,78.601,1.5,7.9,0.6070000000000001,1.3,17.9,0.07400000000000001,13.6,2.0,103.2
70,73,2016-01-15,2,2,2015-2016,Paulistano,Rio Claro,0,82.1,29.4,40.6,12.1,37.1,11.5,25.6,17.1,13.5,1.432,9.8,26.2,37.382,20.3,38.8,53.407000000000004,12.1,16.6,72.566,1.8,11.2,0.925,1.7,20.0,0.093,13.5,3.5,96.3,73.1,24.6,37.6,10.9,33.4,9.4,24.0,17.7,15.7,1.176,8.2,23.1,35.247,18.8,35.9,52.024,10.9,16.5,66.25300000000001,2.2,11.4,0.749,3.2,22.0,0.149,15.7,3.9,85.5
83,73,2016-01-16,2,2,2015-2016,Flamengo,Sesi Franca,1,88.2,30.3,43.0,14.9,35.0,9.4,25.6,20.7,12.8,1.685,10.1,24.8,40.302,21.5,38.7,55.397000000000006,14.9,18.7,78.50999999999999,1.1,10.9,0.8710000000000001,2.4,18.2,0.13199999999999998,12.8,1.5,108.7,70.9,18.6,36.8,15.5,29.9,8.6,21.3,12.8,15.3,0.881,6.2,19.5,30.213,18.4,34.9,55.42999999999999,15.5,20.9,74.838,2.3,8.2,0.583,3.0,18.6,0.15800000000000003,15.3,3.0,74.3
73,93,2016-01-17,9,1,2015-2016,L. Sorocabana,Brasília,0,65.3,12.9,41.0,11.4,34.2,13.8,20.4,10.9,14.0,0.791,4.3,17.8,21.986,20.5,42.6,47.514,11.4,15.6,72.05199999999999,1.2,10.8,0.796,1.8,18.0,0.13499999999999998,14.0,4.0,69.2,87.6,28.2,43.8,15.6,36.8,11.4,25.4,19.0,15.1,1.418,9.4,24.3,38.32600000000001,21.9,40.7,54.220000000000006,15.6,19.1,83.16599999999998,2.0,9.0,0.609,2.6,22.2,0.122,15.1,3.2,102.7
75,81,2016-01-19,10,1,2015-2016,Paulistano,Brasília,0,80.7,29.4,39.2,12.1,37.0,11.8,25.2,17.0,14.4,1.3599999999999999,9.8,27.4,36.19,19.6,37.6,53.31,12.1,17.1,70.96199999999999,1.7,11.7,0.9180000000000001,1.5,19.8,0.08399999999999999,14.4,3.9,92.9,88.4,29.7,43.0,15.7,36.4,11.2,25.2,19.1,14.9,1.438,9.9,25.1,38.908,21.5,39.7,54.711,15.7,18.9,84.545,2.3,9.2,0.63,2.7,22.6,0.125,14.9,2.7,104.3
73,91,2016-01-20,4,2,2015-2016,Rio Claro,Flamengo,0,74.1,23.4,39.2,11.5,33.7,8.9,24.8,17.7,15.7,1.1760000000000002,7.8,22.0,34.922000000000004,19.6,36.4,53.66300000000001,11.5,17.3,66.383,2.1,11.0,0.728,3.1,23.0,0.139,15.7,3.8,87.1,88.0,28.5,44.2,15.3,35.6,9.8,25.8,19.9,12.6,1.641,9.5,24.4,38.413999999999994,22.1,39.4,55.919999999999995,15.3,19.5,77.19099999999999,1.3,10.7,0.868,2.3,17.8,0.131,12.6,1.4,107.5
91,79,2016-01-22,8,1,2015-2016,Brasília,Mogi,1,89.2,30.0,44.0,15.2,35.0,9.9,25.1,19.1,15.6,1.395,10.0,24.7,39.806000000000004,22.0,39.3,56.55,15.2,18.1,84.87,2.3,10.1,0.6649999999999999,2.8,22.9,0.129,15.6,3.1,105.7,79.8,23.4,40.8,15.6,33.7,10.4,23.3,16.0,13.9,1.3760000000000001,7.8,25.1,31.22,20.4,38.2,54.161000000000016,15.6,20.5,76.67099999999999,1.4,11.5,0.9950000000000001,2.1,19.7,0.11000000000000001,13.9,2.7,89.2
62,61,2016-01-23,3,2,2015-2016,Rio Claro,Macaé Basquete,1,75.1,23.4,39.8,11.9,34.0,9.2,24.8,17.9,15.1,1.248,7.8,22.1,34.747,19.9,37.0,53.68000000000001,11.9,18.2,65.51899999999999,2.0,10.9,0.755,3.3,23.7,0.145,15.1,3.8,88.4,77.7,20.7,36.0,21.0,34.5,9.9,24.6,12.2,13.7,0.9710000000000001,6.9,21.3,32.173,18.0,38.5,46.961,21.0,25.9,81.61699999999999,0.7,9.9,0.752,1.2,24.1,0.048,13.7,3.2,82.0
69,54,2016-01-23,5,2,2015-2016,Flamengo,L. Sorocabana,1,87.5,27.3,44.8,15.4,35.0,9.4,25.6,19.3,12.8,1.561,9.1,23.3,39.216,22.4,40.1,55.648,15.4,20.0,75.99099999999999,1.3,11.1,0.8939999999999999,2.5,18.0,0.13999999999999999,12.8,1.7,106.1,64.0,11.1,40.8,12.1,34.3,14.4,19.9,10.4,13.8,0.7679999999999998,3.7,17.6,19.395000000000003,20.4,43.0,46.827000000000005,12.1,16.3,72.76599999999999,1.2,10.7,0.8,1.9,17.5,0.13999999999999999,13.8,3.9,66.8
83,73,2016-01-24,7,1,2015-2016,Brasília,Coop/São José Basketball,1,88.9,31.5,43.8,13.6,35.1,9.9,25.2,18.7,15.2,1.4,10.5,24.7,41.729,21.9,39.2,56.45,13.6,16.4,83.57000000000001,1.9,9.9,0.6619999999999999,2.8,22.9,0.12900000000000003,15.2,3.2,105.9,78.6,27.6,34.6,16.4,29.2,7.2,22.0,15.4,14.1,1.234,9.2,23.6,39.23,17.3,34.2,50.775999999999996,16.4,21.9,73.90299999999999,1.0,8.4,0.643,1.4,22.5,0.06100000000000001,14.1,3.4,82.1
72,69,2016-01-26,3,2,2015-2016,Fortaleza B. C. / CFO,Paulistano,1,76.3,27.9,34.6,13.8,36.7,9.9,26.8,12.2,13.5,1.0959999999999999,9.3,27.3,34.92100000000001,17.3,34.6,49.830999999999996,13.8,19.6,70.838,1.9,10.4,0.859,1.8,21.0,0.08000000000000002,13.5,2.8,82.8,81.5,27.6,41.4,12.5,36.5,11.4,25.1,16.9,14.6,1.341,9.2,26.7,34.376,20.7,38.2,55.343999999999994,12.5,17.5,71.324,1.9,12.2,0.942,1.4,19.8,0.079,14.6,3.6,93.9
73,74,2016-01-26,3,2,2015-2016,Vitória,L. Sorocabana,0,74.1,19.5,40.0,14.6,34.2,11.1,23.1,13.0,14.3,0.9490000000000002,6.5,19.8,33.092,20.0,41.0,48.879,14.6,20.9,70.384,1.3,10.2,0.7460000000000001,1.7,19.3,0.094,14.3,3.5,78.2,63.5,11.4,39.8,12.3,33.1,13.6,19.5,10.2,14.3,0.7389999999999999,3.8,17.8,19.784000000000002,19.9,41.3,47.641000000000005,12.3,17.1,71.655,1.3,11.2,0.8110000000000002,2.0,16.7,0.147,14.3,3.9,65.5
104,65,2016-01-27,3,2,2015-2016,Pinheiros,Coop/São José Basketball,1,80.8,18.9,43.8,18.1,38.5,13.2,25.3,13.7,15.6,0.884,6.3,18.0,35.912,21.9,44.4,49.841,18.1,23.2,78.83600000000001,1.8,9.5,0.6170000000000001,3.7,20.3,0.196,15.6,2.8,91.3,77.5,27.0,34.4,16.1,29.5,7.4,22.1,15.9,13.9,1.285,9.0,23.6,38.278000000000006,17.2,34.6,49.992,16.1,21.3,74.59800000000001,0.8,9.0,0.6900000000000001,1.4,21.6,0.065,13.9,3.0,82.2
80,79,2016-01-27,3,2,2015-2016,Sesi Franca,Minas,1,71.2,19.2,37.8,14.2,30.9,9.3,21.6,12.9,15.5,0.876,6.4,19.9,30.546,18.9,35.2,56.28699999999999,14.2,19.0,74.941,2.4,8.5,0.594,2.8,18.3,0.15,15.5,3.1,76.2,72.3,18.0,41.0,13.3,36.0,9.8,26.2,15.9,15.5,1.123,6.0,17.5,34.004,20.5,40.5,51.29299999999999,13.3,18.4,69.248,1.5,8.2,0.583,2.7,19.7,0.13200000000000003,15.5,3.3,83.0
81,89,2016-01-27,3,2,2015-2016,Caxias do Sul Basquete,Mogi,0,67.8,24.0,28.6,15.2,30.7,8.0,22.7,12.6,15.5,0.826,8.0,23.0,35.636,14.3,33.1,44.474000000000004,15.2,21.6,68.932,1.4,12.1,0.796,1.1,21.5,0.05,15.5,3.3,68.6,79.1,23.1,39.6,16.4,32.8,10.3,22.5,15.4,14.6,1.198,7.7,25.4,30.190999999999995,19.8,36.2,54.875,16.4,21.6,76.87899999999999,1.5,11.2,0.9019999999999999,1.8,19.5,0.098,14.6,2.8,86.4
68,85,2016-01-28,4,2,2015-2016,Vitória,Paulistano,0,73.1,18.0,39.0,16.1,33.3,10.6,22.7,12.6,15.5,0.82,6.0,19.1,31.695000000000004,19.5,39.7,49.327999999999996,16.1,23.7,67.795,1.2,11.2,0.7270000000000001,1.8,19.6,0.098,15.5,3.5,75.5,80.1,25.2,42.2,12.7,36.5,11.9,24.6,16.5,13.9,1.3450000000000002,8.4,25.8,32.548,21.1,39.7,54.029999999999994,12.7,17.7,71.52400000000002,2.0,12.0,0.9530000000000001,1.5,19.3,0.084,13.9,3.1,91.7
79,81,2016-01-29,4,2,2015-2016,Pinheiros,Mogi,0,83.9,21.0,44.6,18.3,38.8,13.3,25.5,15.0,15.4,1.005,7.0,19.1,36.826,22.3,44.2,51.032,18.3,22.8,80.80100000000002,1.8,9.8,0.6540000000000001,3.6,21.0,0.175,15.4,2.4,97.2,81.2,23.7,40.4,17.1,33.5,10.0,23.5,15.6,14.2,1.2269999999999999,7.9,25.1,31.501000000000005,20.2,36.4,55.70799999999999,17.1,22.7,76.925,1.2,10.5,0.876,1.6,19.8,0.08399999999999999,14.2,2.9,89.2
71,79,2016-01-29,4,2,2015-2016,Sesi Franca,Brasília,0,73.7,21.9,37.8,14.0,29.2,7.7,21.5,13.7,14.6,0.9469999999999998,7.3,20.6,34.212999999999994,18.9,33.8,58.03699999999999,14.0,19.5,73.09100000000001,2.4,8.8,0.634,2.8,19.5,0.142,14.6,3.0,79.9,86.1,30.6,42.6,12.9,36.5,10.7,25.8,18.4,15.7,1.256,10.2,25.3,39.901,21.3,38.8,55.51800000000001,12.9,15.4,84.57000000000001,2.2,10.3,0.659,2.9,22.5,0.13500000000000004,15.7,3.4,103.4
94,81,2016-01-29,4,2,2015-2016,Bauru Basket,Minas,1,85.9,33.3,36.8,15.8,38.4,9.6,28.8,18.0,13.6,1.52,11.1,27.8,39.876999999999995,18.4,33.2,55.976,15.8,20.9,76.64599999999999,1.5,8.3,0.647,1.3,18.0,0.07400000000000001,13.6,2.0,101.7,72.8,17.7,40.2,14.9,36.9,10.6,26.3,15.0,16.0,1.064,5.9,17.2,34.025999999999996,20.1,40.4,50.308,14.9,20.6,68.562,1.4,8.3,0.576,2.4,20.8,0.11500000000000002,16.0,3.4,82.1
65,73,2016-01-29,4,2,2015-2016,Caxias do Sul Basquete,Coop/São José Basketball,0,68.9,26.1,29.2,13.6,30.8,7.8,23.0,13.3,15.2,0.901,8.7,23.6,37.162,14.6,33.9,44.162,13.6,19.4,68.712,1.3,11.7,0.7889999999999999,1.1,21.8,0.05,15.2,3.5,70.6,76.1,25.8,34.4,15.9,29.3,7.3,22.0,15.8,14.0,1.275,8.6,23.6,36.739000000000004,17.2,34.7,49.81999999999999,15.9,20.6,76.51,0.8,8.9,0.681,1.3,21.1,0.061,14.0,3.1,80.2
88,65,2016-01-30,4,2,2015-2016,Fortaleza B. C. / CFO,L. Sorocabana,1,77.1,28.8,34.0,14.3,35.7,9.2,26.5,12.0,13.9,1.066,9.6,27.8,35.521,17.0,33.6,50.574,14.3,19.5,73.624,1.7,11.2,0.892,1.7,20.9,0.07500000000000001,13.9,3.1,83.8,64.0,12.6,39.6,11.8,33.6,13.2,20.4,9.8,14.3,0.7209999999999999,4.2,18.7,20.154999999999998,19.8,40.1,49.212,11.8,17.0,69.316,1.4,10.9,0.7979999999999999,2.0,18.6,0.14400000000000004,14.3,3.6,66.0
94,92,2016-01-31,3,2,2015-2016,Bauru Basket,Brasília,1,88.1,35.4,36.2,16.5,38.7,9.3,29.4,18.1,13.0,1.629,11.8,28.8,41.077999999999996,18.1,32.6,56.229000000000006,16.5,21.8,76.464,1.2,7.6,0.632,1.4,18.3,0.081,13.0,1.8,104.1,83.3,30.9,40.6,11.8,36.3,10.6,25.7,16.9,16.3,1.082,10.3,25.2,40.404,20.3,37.4,54.74400000000001,11.8,13.9,84.772,2.0,10.3,0.6359999999999999,2.4,21.6,0.118,16.3,3.5,98.8
75,84,2016-02-02,5,2,2015-2016,Macaé Basquete,Paulistano,0,77.4,20.7,36.8,19.9,35.7,9.9,25.8,12.7,13.4,1.009,6.9,21.7,31.673000000000002,18.4,37.9,48.952,19.9,25.3,78.60600000000001,0.9,9.3,0.728,1.3,24.1,0.053000000000000005,13.4,3.2,83.3,78.5,23.7,42.6,12.2,36.4,11.7,24.7,15.9,14.2,1.218,7.9,25.0,31.992,21.3,39.8,54.340999999999994,12.2,17.2,70.95600000000002,1.9,11.8,0.897,1.4,19.8,0.074,14.2,3.2,89.2
67,63,2016-02-02,5,2,2015-2016,Rio Claro,Coop/São José Basketball,1,73.0,22.8,38.0,12.2,34.4,9.2,25.2,16.5,14.4,1.209,7.6,22.9,32.87499999999999,19.0,36.5,51.882000000000005,12.2,18.2,67.186,1.7,9.9,0.7310000000000001,3.0,23.1,0.135,14.4,3.2,83.6,76.0,26.7,33.8,15.5,31.0,7.4,23.6,15.5,15.0,1.177,8.9,24.6,36.45100000000001,16.9,33.7,50.465,15.5,19.5,78.593,0.9,9.1,0.633,2.0,20.8,0.094,15.0,3.3,82.1
79,83,2016-02-03,5,2,2015-2016,Minas,Vitória,0,71.8,17.1,40.8,13.9,36.9,10.4,26.5,14.2,16.1,0.938,5.7,16.8,33.723,20.4,41.0,50.283,13.9,19.7,66.548,1.4,8.3,0.5650000000000001,1.8,20.0,0.093,16.1,3.0,79.3,71.3,16.2,38.8,16.3,33.2,10.7,22.5,11.9,15.6,0.764,5.4,18.3,30.028000000000002,19.4,40.6,47.946999999999996,16.3,23.5,69.714,1.2,10.9,0.701,1.8,19.4,0.098,15.6,3.6,72.1
90,78,2016-02-03,5,2,2015-2016,Caxias do Sul Basquete,Sesi Franca,1,67.6,24.6,30.2,12.8,31.0,7.9,23.1,12.0,14.5,0.867,8.2,24.1,34.468999999999994,15.1,34.6,44.590999999999994,12.8,18.8,66.42600000000002,1.1,11.6,0.8119999999999999,0.9,22.0,0.039999999999999994,14.5,3.4,67.2,71.7,20.4,37.8,13.5,28.9,7.7,21.2,13.1,14.2,0.9339999999999999,6.8,20.3,32.590999999999994,18.9,35.2,55.81,13.5,18.4,74.27000000000001,2.4,8.9,0.665,2.6,19.3,0.134,14.2,3.1,76.3
88,100,2016-02-03,5,2,2015-2016,Pinheiros,Bauru Basket,0,84.1,20.1,45.0,19.0,38.4,12.6,25.8,15.4,15.4,1.028,6.7,18.7,36.052,22.5,43.7,52.11500000000001,19.0,24.0,79.539,1.8,10.3,0.684,3.3,21.8,0.158,15.4,2.2,97.9,88.5,34.8,35.6,18.1,38.3,9.5,28.8,17.4,12.8,1.589,11.6,27.1,43.319,17.8,33.5,53.931,18.1,23.2,78.36800000000001,1.2,7.0,0.5720000000000001,1.6,18.3,0.091,12.8,1.6,103.7
83,90,2016-02-04,6,2,2015-2016,Macaé Basquete,L. Sorocabana,0,74.8,20.7,36.0,18.1,34.9,9.2,25.7,13.0,13.1,1.058,6.9,21.5,32.051,18.0,37.5,48.429,18.1,23.3,78.71,1.0,9.1,0.7330000000000001,1.2,22.6,0.049999999999999996,13.1,3.0,80.6,64.7,12.9,39.4,12.4,33.5,13.3,20.2,10.0,14.9,0.6899999999999998,4.3,19.1,20.104,19.7,39.5,49.654,12.4,17.8,69.18599999999999,1.6,10.6,0.734,1.9,19.0,0.13500000000000004,14.9,4.2,65.8
98,84,2016-02-04,6,2,2015-2016,Rio Claro,Mogi,1,72.9,22.5,38.4,12.0,33.9,9.2,24.7,16.1,13.7,1.2289999999999999,7.5,23.1,32.269999999999996,19.2,37.1,51.352999999999994,12.0,17.8,67.55,1.7,10.2,0.776,2.9,23.0,0.13100000000000003,13.7,2.8,83.0,82.2,24.9,39.6,17.7,34.0,10.5,23.5,15.6,14.0,1.241,8.3,26.1,32.33400000000001,19.8,35.7,55.715999999999994,17.7,24.2,74.703,1.2,10.9,0.922,1.8,20.4,0.089,14.0,2.9,90.3
75,65,2016-02-04,6,2,2015-2016,Flamengo,Paulistano,1,85.1,26.7,43.4,15.0,34.5,9.4,25.1,19.2,13.0,1.541,8.9,22.4,39.772000000000006,21.7,40.0,54.075,15.0,19.8,72.658,1.3,11.1,0.881,2.4,17.4,0.13700000000000004,13.0,2.0,102.7,78.7,23.7,41.8,13.2,35.8,11.0,24.8,15.1,14.8,1.0719999999999998,7.9,23.6,33.936,20.9,39.8,53.164,13.2,18.0,74.224,1.8,11.0,0.768,1.5,19.7,0.08,14.8,3.4,87.9
87,91,2016-02-05,6,2,2015-2016,Pinheiros,Sesi Franca,0,83.2,21.3,44.0,17.9,39.2,12.9,26.3,15.5,15.5,1.03,7.1,18.9,37.706,22.0,44.6,49.919,17.9,22.5,80.239,1.7,10.3,0.681,2.7,21.0,0.138,15.5,1.9,96.4,70.7,18.9,38.0,13.8,28.4,8.2,20.2,12.6,14.1,0.9059999999999999,6.3,19.3,31.923999999999996,19.0,35.9,55.048000000000016,13.8,18.6,75.034,2.2,9.2,0.6910000000000001,2.1,19.3,0.10800000000000001,14.1,3.2,74.2
61,75,2016-02-05,6,2,2015-2016,Minas,Fortaleza B. C. / CFO,0,74.7,18.6,42.4,13.7,37.7,11.4,26.3,14.9,16.1,0.9719999999999999,6.2,17.1,36.70399999999999,21.2,41.8,51.239999999999995,13.7,19.7,65.437,1.6,8.1,0.556,1.8,20.5,0.09,16.1,3.4,83.5,79.2,29.1,35.6,14.5,35.1,8.9,26.2,13.7,13.6,1.218,9.7,27.9,35.783,17.8,33.0,53.339,14.5,20.0,72.384,1.6,10.8,0.8789999999999999,1.8,21.3,0.08000000000000002,13.6,3.3,88.1
83,84,2016-02-06,6,2,2015-2016,Caxias do Sul Basquete,Bauru Basket,0,71.5,25.8,32.4,13.3,31.6,8.3,23.3,13.5,14.0,0.9970000000000001,8.6,24.8,34.94499999999999,16.2,34.0,48.083,13.3,19.4,66.38500000000002,1.3,11.1,0.8019999999999999,1.3,22.5,0.059,14.0,3.7,74.9,88.1,32.7,37.8,17.6,38.6,9.7,28.9,16.7,13.0,1.516,10.9,27.3,40.445,18.9,35.0,54.07900000000001,17.6,22.5,78.853,0.8,8.2,0.648,1.8,18.0,0.101,13.0,2.3,103.0
84,77,2016-02-12,2,2,2015-2016,Mogi,Vitória,1,83.2,25.5,39.6,18.1,33.8,10.4,23.4,15.6,14.1,1.2309999999999999,8.5,26.8,32.189,19.8,34.8,56.951,18.1,24.7,74.90299999999999,1.1,11.7,0.977,1.8,20.5,0.08900000000000001,14.1,2.7,92.1,72.6,17.4,40.0,15.2,32.6,10.4,22.2,12.4,15.5,0.8150000000000001,5.8,18.2,32.308,20.0,41.0,48.75599999999999,15.2,22.6,67.447,1.0,11.4,0.7529999999999999,1.8,18.9,0.101,15.5,3.4,74.4
82,95,2016-02-12,5,2,2015-2016,Brasília,Fortaleza B. C. / CFO,0,84.0,32.4,39.0,12.6,35.7,10.5,25.2,17.4,14.5,1.534,10.8,25.7,41.62500000000001,19.5,36.8,53.572,12.6,15.0,83.468,2.1,9.6,0.727,2.4,22.2,0.11600000000000002,14.5,3.2,100.0,77.9,29.1,34.4,14.4,35.3,9.1,26.2,13.5,13.0,1.242,9.7,27.9,35.783,17.2,32.9,51.76800000000001,14.4,20.6,70.668,1.6,11.2,0.9360000000000002,2.5,21.4,0.10800000000000001,13.0,3.1,87.3
63,80,2016-02-13,7,2,2015-2016,L. Sorocabana,Pinheiros,0,65.3,15.9,38.0,11.4,31.9,11.8,20.1,11.1,14.9,0.7749999999999999,5.3,19.8,23.793,19.0,37.6,50.669,11.4,16.9,67.15799999999999,1.6,10.5,0.7269999999999999,2.1,19.4,0.14200000000000002,14.9,4.6,67.4,83.6,22.2,42.2,19.2,37.4,12.2,25.2,15.8,15.0,1.0850000000000002,7.4,19.6,37.86,21.1,43.0,49.7,19.2,24.1,80.55199999999999,1.6,10.5,0.7220000000000001,2.3,21.4,0.11299999999999999,15.0,2.2,95.6
78,73,2016-02-14,1,2,2015-2016,Mogi,Fortaleza B. C. / CFO,1,82.6,26.4,38.6,17.6,33.5,9.7,23.8,16.2,15.0,1.2079999999999997,8.8,26.1,34.102,19.3,34.3,56.40899999999999,17.6,24.1,74.773,1.3,11.4,0.9129999999999999,2.1,20.5,0.10500000000000001,15.0,2.6,92.0,79.7,29.4,35.0,15.3,36.5,9.5,27.0,14.0,13.4,1.215,9.8,28.6,35.238,17.5,32.7,52.972,15.3,21.6,71.82300000000001,1.9,11.4,0.9019999999999999,2.6,21.6,0.11300000000000002,13.4,3.2,90.5
81,67,2016-02-14,6,2,2015-2016,Brasília,Vitória,1,85.3,34.2,38.8,12.3,35.2,10.1,25.1,17.9,14.2,1.5919999999999999,11.4,26.9,42.662000000000006,19.4,36.0,54.254,12.3,14.7,83.17,2.0,9.6,0.742,2.3,22.8,0.11000000000000001,14.2,3.1,101.6,74.0,17.7,41.4,14.9,33.8,11.5,22.3,13.6,15.2,0.9359999999999999,5.9,19.1,31.133,20.7,42.8,48.878,14.9,21.8,68.515,1.1,12.0,0.8290000000000001,1.3,19.2,0.072,15.2,3.2,77.2
87,60,2016-02-16,7,2,2015-2016,Paulistano,Caxias do Sul Basquete,1,77.5,25.8,40.0,11.7,37.0,11.2,25.8,15.2,14.1,1.172,8.6,24.5,35.421,20.0,39.5,51.354000000000006,11.7,16.1,70.757,1.9,10.2,0.754,1.7,18.8,0.095,14.1,3.2,87.7,73.6,27.0,33.2,13.4,31.3,8.1,23.2,14.1,13.9,1.064,9.0,25.8,35.054,16.6,33.6,49.636,13.4,19.2,67.913,1.6,11.1,0.8089999999999999,1.5,22.9,0.06799999999999999,13.9,3.7,78.1
82,69,2016-02-16,7,2,2015-2016,Bauru Basket,Rio Claro,1,87.1,32.4,36.8,17.9,38.5,9.9,28.6,16.5,12.9,1.512,10.8,27.2,40.251,18.4,34.8,52.837,17.9,22.7,79.459,0.8,8.0,0.638,1.8,17.3,0.10300000000000001,12.9,2.6,101.4,74.1,22.5,39.6,12.0,34.6,9.8,24.8,16.4,13.9,1.2280000000000002,7.5,23.6,31.369999999999997,19.8,37.9,51.605999999999995,12.0,18.0,66.62100000000001,1.5,10.4,0.7820000000000001,2.7,23.4,0.12000000000000004,13.9,2.8,84.1
66,67,2016-02-17,7,2,2015-2016,Flamengo,Fortaleza B. C. / CFO,0,84.7,25.8,44.6,14.3,34.7,9.4,25.3,19.2,12.5,1.6119999999999997,8.6,21.3,40.308,22.3,40.3,55.314,14.3,18.8,72.28999999999999,1.6,10.3,0.8480000000000001,2.7,16.8,0.16300000000000003,12.5,2.2,103.9,76.4,28.2,32.4,15.8,37.2,9.3,27.9,13.8,13.9,1.154,9.4,29.3,32.542,16.2,30.3,53.38900000000001,15.8,22.2,71.849,1.9,9.8,0.7529999999999999,2.6,21.9,0.11100000000000002,13.9,3.4,85.5
88,79,2016-02-17,7,2,2015-2016,Macaé Basquete,Vitória,1,76.0,21.0,37.0,18.0,34.2,9.2,25.0,13.9,13.3,1.109,7.0,20.9,33.718,18.5,38.4,48.523,18.0,23.0,79.265,1.0,8.8,0.704,1.1,22.2,0.047,13.3,3.0,81.9,73.9,17.7,41.2,15.0,33.7,10.9,22.8,13.9,15.9,0.924,5.9,18.6,31.532999999999998,20.6,42.2,49.398999999999994,15.0,21.4,70.672,1.1,12.1,0.8069999999999998,1.8,19.2,0.097,15.9,3.4,78.7
81,87,2016-02-18,7,2,2015-2016,Coop/São José Basketball,Brasília,0,74.0,26.1,34.0,13.9,30.8,7.1,23.7,15.3,14.7,1.1840000000000002,8.7,24.1,36.513000000000005,17.0,34.2,49.813,13.9,18.4,73.593,0.7,9.0,0.636,1.6,20.1,0.08,14.7,3.5,78.9,86.2,36.3,37.6,12.3,34.0,9.9,24.1,18.4,13.8,1.65,12.1,27.7,44.30500000000001,18.8,35.8,52.938,12.3,15.0,81.405,2.0,10.0,0.782,2.3,22.4,0.11200000000000002,13.8,3.1,101.8
80,84,2016-02-18,8,2,2015-2016,Pinheiros,Paulistano,0,82.6,22.2,41.0,19.4,38.3,12.2,26.1,16.3,14.6,1.158,7.4,20.0,37.05200000000001,20.5,42.9,48.452999999999996,19.4,23.6,82.685,1.8,11.0,0.783,2.3,20.7,0.125,14.6,2.1,96.7,77.8,26.1,40.2,11.5,37.7,10.8,26.9,15.5,14.3,1.176,8.7,24.1,36.583,20.1,39.4,51.833000000000006,11.5,15.4,73.08200000000001,2.0,9.7,0.72,1.7,18.4,0.097,14.3,3.2,89.5
64,70,2016-02-18,8,2,2015-2016,Sesi Franca,Rio Claro,0,72.0,19.8,38.0,14.2,29.7,8.3,21.4,13.1,13.9,0.9360000000000002,6.6,19.7,32.793,19.0,36.4,54.375,14.2,18.8,75.928,2.0,9.1,0.6900000000000002,2.4,20.0,0.119,13.9,3.3,77.3,74.5,21.6,41.0,11.9,32.9,8.7,24.2,16.1,13.9,1.2120000000000002,7.2,23.1,31.016999999999996,20.5,37.8,54.05799999999999,11.9,16.9,70.43700000000001,1.6,10.8,0.8029999999999999,2.7,23.0,0.12100000000000002,13.9,2.7,84.9
61,74,2016-02-18,8,2,2015-2016,L. Sorocabana,Caxias do Sul Basquete,0,63.5,17.4,36.0,10.1,31.5,11.4,20.1,11.8,15.2,0.805,5.8,20.4,25.414,18.0,36.8,49.374999999999986,10.1,15.6,63.201,1.7,10.6,0.7219999999999999,2.3,19.3,0.151,15.2,4.0,65.6,72.9,27.3,33.0,12.6,30.1,8.1,22.0,14.0,13.6,1.084,9.1,27.4,33.554,16.5,33.0,50.025,12.6,17.6,69.342,1.5,10.6,0.793,1.6,22.5,0.074,13.6,3.7,75.8
69,79,2016-02-19,8,2,2015-2016,Macaé Basquete,Fortaleza B. C. / CFO,0,74.4,22.5,34.4,17.5,33.8,9.0,24.8,15.2,14.3,1.119,7.5,21.4,34.99999999999999,17.2,36.3,47.757999999999996,17.5,21.8,80.801,1.1,9.2,0.692,1.1,22.1,0.047,14.3,3.1,82.1,76.5,27.3,32.8,16.4,37.2,9.5,27.7,13.7,15.2,1.004,9.1,27.8,32.952999999999996,16.4,30.5,53.722,16.4,22.7,73.473,1.9,10.6,0.7249999999999999,2.4,22.1,0.1,15.2,3.6,86.1
59,89,2016-02-19,8,2,2015-2016,Coop/São José Basketball,Minas,0,73.3,25.2,34.6,13.5,30.8,7.2,23.6,14.8,15.4,1.06,8.4,24.1,35.208,17.3,33.9,51.03099999999999,13.5,18.1,72.997,0.6,9.5,0.649,1.6,20.4,0.07799999999999999,15.4,3.7,77.7,74.7,16.2,43.2,15.3,38.7,12.1,26.6,16.0,16.2,1.037,5.4,17.0,32.493,21.6,42.8,51.05,15.3,21.6,68.45900000000002,1.6,8.2,0.5589999999999999,2.2,21.6,0.10500000000000001,16.2,3.3,84.4
101,53,2016-02-20,8,2,2015-2016,Flamengo,Vitória,1,83.2,23.4,45.4,14.4,36.2,10.5,25.7,18.2,13.0,1.4489999999999998,7.8,20.8,37.598,22.7,41.0,55.52,14.4,18.7,73.31899999999999,1.9,10.4,0.804,2.8,17.4,0.16600000000000004,13.0,1.9,102.2,74.0,17.7,40.6,15.7,34.0,11.1,22.9,13.7,15.8,0.917,5.9,18.8,31.192,20.3,43.5,47.303,15.7,21.7,72.712,1.2,12.8,0.8579999999999999,1.8,19.5,0.095,15.8,3.0,78.3
94,73,2016-02-21,9,2,2015-2016,Brasília,L. Sorocabana,1,85.9,34.2,38.4,13.3,34.7,10.2,24.5,17.6,13.7,1.6019999999999999,11.4,27.5,41.714,19.2,36.6,52.563,13.3,16.4,81.018,1.7,9.9,0.7799999999999999,2.2,22.5,0.10700000000000003,13.7,2.8,100.0,68.0,18.3,39.4,10.3,34.6,12.9,21.7,13.2,16.4,0.8550000000000001,6.1,21.6,27.413999999999998,19.7,40.4,49.510999999999996,10.3,16.4,60.701,2.0,11.2,0.703,2.4,20.5,0.123,16.4,4.1,70.7
62,71,2016-02-22,14,2,2015-2016,Caxias do Sul Basquete,Fortaleza B. C. / CFO,0,73.8,27.9,32.4,13.5,31.1,9.0,22.1,14.6,14.2,1.09,9.3,27.2,34.65,16.2,33.4,48.374,13.5,18.2,74.009,1.5,10.9,0.778,1.7,21.7,0.08099999999999999,14.2,4.0,78.1,77.6,27.9,31.8,17.9,37.9,9.2,28.7,13.6,15.3,0.9899999999999999,9.3,27.4,33.977000000000004,15.9,30.4,52.134,17.9,23.8,76.197,1.7,10.3,0.696,2.6,22.3,0.10800000000000001,15.3,3.4,88.2
92,87,2016-02-23,9,2,2015-2016,Pinheiros,Macaé Basquete,1,84.3,23.7,40.8,19.8,37.0,11.8,25.2,16.6,14.3,1.211,7.9,21.1,38.109,20.4,42.0,49.097,19.8,24.3,81.673,1.6,11.6,0.857,2.3,20.7,0.125,14.3,2.1,98.2,73.2,21.3,34.4,17.5,34.3,9.2,25.1,14.6,14.2,1.076,7.1,21.6,33.157,17.2,36.9,46.872,17.5,21.5,81.82000000000001,0.9,9.1,0.69,1.3,22.3,0.054000000000000006,14.2,3.0,80.1
70,82,2016-02-23,9,2,2015-2016,Coop/São José Basketball,Sesi Franca,0,71.5,23.7,34.0,13.8,29.9,6.9,23.0,13.8,15.7,0.9700000000000001,7.9,23.7,33.38700000000001,17.0,33.4,50.896,13.8,18.5,73.13300000000001,0.4,9.8,0.658,1.9,20.9,0.091,15.7,3.4,74.3,70.8,20.1,37.4,13.3,29.5,8.1,21.4,12.7,13.7,0.9179999999999999,6.7,19.7,33.293000000000006,18.7,36.0,54.153999999999996,13.3,18.3,73.174,1.9,9.0,0.692,2.5,19.5,0.12799999999999997,13.7,3.3,75.5
76,82,2016-02-24,9,2,2015-2016,Minas,Paulistano,0,76.2,16.5,43.4,16.3,38.4,12.3,26.1,14.7,16.1,0.975,5.5,16.9,33.253,21.7,42.9,51.146,16.3,22.4,71.809,1.7,8.9,0.5970000000000001,1.9,21.9,0.088,16.1,3.4,85.2,78.2,26.7,38.8,12.7,37.5,10.5,27.0,16.1,15.0,1.1340000000000001,8.9,23.9,37.6,19.4,37.6,52.324,12.7,16.7,73.982,2.0,9.7,0.673,1.7,18.7,0.095,15.0,3.1,91.0
64,67,2016-02-24,9,2,2015-2016,Fortaleza B. C. / CFO,Rio Claro,0,78.1,27.6,32.2,18.3,37.5,9.5,28.0,13.6,14.5,1.025,9.2,27.7,33.274,16.1,30.2,53.11,18.3,24.5,75.80600000000001,1.9,10.1,0.724,2.5,21.5,0.11000000000000001,14.5,3.6,88.5,71.9,22.2,38.4,11.3,34.0,9.0,25.0,15.8,14.4,1.1570000000000003,7.4,23.3,31.456999999999994,19.2,36.4,52.574,11.3,16.5,67.99300000000001,1.9,10.3,0.75,2.5,22.4,0.11600000000000002,14.4,3.0,81.8
60,62,2016-02-25,10,2,2015-2016,Coop/São José Basketball,Bauru Basket,0,72.2,23.1,35.2,13.9,29.7,7.2,22.5,14.6,14.2,1.222,7.7,23.6,32.745999999999995,17.6,35.0,50.5,13.9,18.1,76.05,0.4,9.4,0.734,1.8,21.5,0.08600000000000001,14.2,3.1,76.0,87.1,33.6,36.2,17.3,37.2,10.1,27.1,16.7,14.1,1.345,11.2,27.5,41.251,18.1,33.8,53.504,17.3,22.3,78.202,0.8,9.2,0.649,1.9,17.2,0.11000000000000001,14.1,2.8,101.0
93,78,2016-02-25,10,2,2015-2016,Mogi,Sesi Franca,1,81.1,24.0,39.4,17.7,34.0,10.3,23.7,15.2,13.7,1.2919999999999998,8.0,25.1,31.887999999999998,19.7,36.0,55.217,17.7,24.9,73.211,1.4,11.6,1.049,2.0,20.4,0.101,13.7,2.7,89.6,76.8,22.5,39.2,15.1,33.1,9.0,24.1,14.4,14.9,0.968,7.5,21.2,35.793,19.6,38.4,51.154,15.1,20.6,73.45200000000001,2.0,9.1,0.661,2.9,20.7,0.13999999999999999,14.9,3.6,83.4
81,66,2016-02-25,10,2,2015-2016,Caxias do Sul Basquete,Macaé Basquete,1,75.0,30.6,32.2,12.2,31.0,9.1,21.9,15.4,14.1,1.1340000000000001,10.2,28.1,37.34,16.1,32.5,49.207,12.2,16.9,72.532,1.6,10.0,0.734,1.8,22.1,0.08299999999999999,14.1,4.2,80.1,74.9,21.3,34.0,19.6,36.1,10.2,25.9,14.7,14.4,1.074,7.1,23.0,31.455999999999996,17.0,38.0,45.206999999999994,19.6,24.2,81.248,0.9,9.4,0.7,1.8,22.3,0.076,14.4,3.0,81.0
57,70,2016-02-26,10,2,2015-2016,Minas,L. Sorocabana,0,74.8,16.5,43.4,14.9,37.9,11.9,26.0,14.4,16.0,0.967,5.5,17.0,32.92,21.7,43.0,51.056,14.9,21.2,69.58700000000002,1.6,8.9,0.603,2.2,21.6,0.10400000000000001,16.0,3.7,83.0,66.9,17.7,38.2,11.0,34.1,12.7,21.4,12.9,16.4,0.8320000000000001,5.9,23.0,25.021,19.1,39.4,49.195,11.0,17.1,61.462,2.0,11.5,0.7260000000000001,2.2,20.7,0.11200000000000002,16.4,3.9,67.7
67,79,2016-02-26,10,2,2015-2016,Vitória,Rio Claro,0,71.9,16.8,40.4,14.7,34.7,11.7,23.0,12.8,16.4,0.8459999999999999,5.6,19.0,29.362000000000002,20.2,44.7,45.712,14.7,20.8,70.684,1.2,13.1,0.861,1.8,20.5,0.08700000000000001,16.4,2.9,73.8,71.9,23.7,37.4,10.8,34.6,8.7,25.9,16.0,14.5,1.1660000000000001,7.9,23.9,32.561,18.7,35.4,52.288,10.8,16.2,66.44699999999999,1.7,9.8,0.7100000000000001,2.2,22.0,0.10300000000000001,14.5,3.3,81.9
85,79,2016-02-27,9,2,2015-2016,Mogi,Bauru Basket,1,82.9,24.3,41.6,17.0,34.4,10.6,23.8,16.2,12.8,1.4489999999999998,8.1,24.9,32.888,20.8,37.8,55.565999999999995,17.0,24.1,72.67,1.7,12.1,1.146,2.3,20.1,0.11599999999999999,12.8,2.6,94.2,85.6,32.7,35.8,17.1,37.3,10.2,27.1,15.6,14.4,1.236,10.9,26.9,40.757,17.9,33.7,53.10600000000001,17.1,22.4,76.452,0.8,9.9,0.6900000000000002,2.2,18.0,0.121,14.4,3.0,99.1
71,64,2016-03-03,7,2,2015-2016,Mogi,Minas,1,83.2,25.2,41.0,17.0,35.2,10.7,24.5,16.4,12.5,1.508,8.4,25.4,33.26899999999999,20.5,37.3,55.361000000000004,17.0,24.1,72.67,1.5,11.4,1.113,2.5,19.5,0.13,12.5,2.6,95.3,72.8,15.9,43.0,13.9,37.4,11.5,25.9,13.8,16.4,0.921,5.3,17.1,31.162,21.5,42.7,50.928,13.9,20.5,66.676,1.4,8.5,0.5700000000000001,2.7,22.1,0.127,16.4,4.2,79.1
96,94,2016-03-03,11,2,2015-2016,Vitória,Bauru Basket,1,70.8,16.8,38.2,15.8,35.8,12.5,23.3,12.1,16.2,0.813,5.6,20.2,27.714,19.1,43.2,44.899,15.8,21.9,72.15899999999999,1.3,13.3,0.883,1.8,20.9,0.08600000000000001,16.2,2.9,72.7,85.5,33.0,35.8,16.7,37.6,10.1,27.5,16.2,13.8,1.302,11.0,27.6,40.076,17.9,32.9,54.299000000000014,16.7,22.6,73.816,0.8,9.8,0.7020000000000001,2.0,18.7,0.10800000000000001,13.8,3.2,99.8
75,81,2016-03-04,10,2,2015-2016,Pinheiros,Flamengo,0,83.7,24.0,40.8,18.9,38.0,12.0,26.0,16.0,14.5,1.158,8.0,21.7,37.498000000000005,20.4,43.6,47.232,18.9,24.0,79.16600000000001,1.5,12.1,0.876,2.6,21.1,0.13599999999999998,14.5,2.4,95.9,83.9,25.2,45.0,13.7,37.6,10.7,26.9,18.7,12.5,1.566,8.4,22.0,38.45,22.5,40.5,55.676,13.7,18.5,71.26,1.8,10.6,0.874,3.2,17.0,0.195,12.5,1.7,105.1
78,75,2016-03-05,8,2,2015-2016,Mogi,Brasília,1,82.6,23.7,41.8,17.1,36.4,10.9,25.5,15.9,12.7,1.371,7.9,24.4,32.102,20.9,38.0,55.45,17.1,24.4,71.91299999999998,1.8,10.7,0.9629999999999999,2.6,19.5,0.136,12.7,2.7,94.6,86.3,32.7,39.6,14.0,35.9,10.2,25.7,18.1,14.3,1.5910000000000002,10.9,27.7,38.940999999999995,19.8,36.4,54.51700000000001,14.0,17.5,80.10900000000001,1.4,9.7,0.749,2.0,23.1,0.08800000000000001,14.3,2.5,100.8
80,97,2016-03-06,9,2,2015-2016,Caxias do Sul Basquete,Flamengo,0,74.2,30.0,32.4,11.8,32.4,9.2,23.2,15.2,13.6,1.161,10.0,28.4,36.28,16.2,32.8,49.005,11.8,16.4,72.365,1.4,9.6,0.733,1.6,21.9,0.07499999999999998,13.6,3.9,79.8,82.6,23.7,44.8,14.1,37.3,10.0,27.3,18.3,12.7,1.508,7.9,20.7,38.831,22.4,41.1,54.611000000000004,14.1,18.9,72.40300000000002,1.9,10.8,0.8779999999999999,3.1,17.3,0.187,12.7,1.8,103.1
99,71,2016-03-09,11,2,2015-2016,Fortaleza B. C. / CFO,Sesi Franca,1,77.4,27.6,31.8,18.0,37.6,9.9,27.7,13.8,13.4,1.097,9.2,28.2,32.607,15.9,30.6,51.918000000000006,18.0,24.4,74.282,2.0,9.9,0.7589999999999999,2.7,21.4,0.122,13.4,3.5,87.9,76.2,22.5,38.4,15.3,33.5,9.6,23.9,14.6,15.4,0.9549999999999998,7.5,21.2,35.793,19.2,38.8,49.651,15.3,20.8,73.73,2.0,9.0,0.6480000000000001,3.1,20.8,0.151,15.4,3.4,82.2
77,99,2016-03-09,11,2,2015-2016,Macaé Basquete,Brasília,0,73.6,21.3,32.8,19.5,35.3,9.4,25.9,14.5,14.2,1.073,7.1,23.1,31.339,16.4,36.9,45.129999999999995,19.5,24.8,78.40700000000001,1.0,8.9,0.6749999999999999,1.7,22.6,0.06999999999999999,14.2,2.9,78.0,84.5,31.2,39.8,13.5,36.1,10.3,25.8,18.0,14.8,1.5560000000000003,10.4,27.2,37.98799999999999,19.9,37.0,53.748000000000005,13.5,17.2,78.76,1.2,9.4,0.714,1.9,22.9,0.084,14.8,2.5,97.5
74,75,2016-03-09,11,2,2015-2016,Rio Claro,Caxias do Sul Basquete,0,71.4,24.6,35.8,11.0,35.2,9.1,26.1,15.2,15.1,1.042,8.2,24.5,32.756,17.9,34.1,51.878,11.0,16.7,65.61800000000001,1.7,9.5,0.654,1.8,22.3,0.084,15.1,3.4,79.8,74.3,30.0,33.2,11.1,32.8,9.0,23.8,15.9,13.7,1.203,10.0,29.1,34.971,16.6,33.4,49.299,11.1,15.2,73.299,1.7,9.7,0.7350000000000001,1.6,22.4,0.07499999999999998,13.7,4.2,80.6
89,77,2016-03-09,11,2,2015-2016,Paulistano,Coop/São José Basketball,1,78.5,26.1,39.6,12.8,38.0,10.1,27.9,17.0,14.8,1.2469999999999999,8.7,23.1,37.964999999999996,19.8,37.8,53.071000000000005,12.8,16.3,76.15299999999999,2.2,9.3,0.65,1.6,18.9,0.088,14.8,2.8,93.7,71.2,22.8,33.8,14.6,30.9,7.8,23.1,14.2,14.1,1.2040000000000002,7.6,24.2,31.635,16.9,34.6,48.94199999999999,14.6,18.1,79.38300000000001,0.4,9.1,0.721,1.8,21.7,0.085,14.1,3.1,75.3
60,74,2016-03-11,12,2,2015-2016,Macaé Basquete,Minas,0,74.7,22.2,32.4,20.1,35.1,9.0,26.1,15.4,14.6,1.112,7.4,23.5,32.25600000000001,16.2,35.8,46.052,20.1,25.3,79.102,0.9,8.7,0.653,1.5,21.2,0.06600000000000002,14.6,2.9,79.9,73.3,16.2,43.6,13.5,37.6,10.6,27.0,14.3,16.4,0.9630000000000001,5.4,17.1,31.717999999999996,21.8,42.1,52.081999999999994,13.5,19.9,66.866,1.7,7.5,0.48600000000000004,2.4,22.1,0.11200000000000002,16.4,4.4,80.2
72,78,2016-03-11,12,2,2015-2016,Vitória,Sesi Franca,0,74.4,17.7,40.8,15.9,35.8,12.1,23.7,12.6,16.4,0.8310000000000001,5.9,20.8,28.130999999999993,20.4,43.8,47.056,15.9,21.6,73.806,1.3,12.9,0.8480000000000001,2.0,21.6,0.093,16.4,3.2,77.2,76.5,22.8,38.4,15.3,33.7,9.6,24.1,14.8,16.0,0.9309999999999998,7.6,20.6,36.842,19.2,38.8,49.650999999999996,15.3,20.6,74.412,1.7,8.1,0.54,3.3,20.6,0.16499999999999998,16.0,3.7,82.5
78,66,2016-03-11,12,2,2015-2016,L. Sorocabana,Coop/São José Basketball,1,68.8,19.5,37.2,12.1,34.6,12.1,22.5,13.1,15.8,0.8629999999999999,6.5,22.9,27.702000000000005,18.6,38.2,49.016,12.1,18.8,61.48499999999999,2.1,11.4,0.7420000000000001,2.4,21.5,0.11599999999999999,15.8,3.6,71.8,70.2,22.5,34.6,13.1,30.0,7.8,22.2,13.9,14.0,1.191,7.5,24.0,31.506,17.3,34.3,50.438,13.1,16.7,77.241,0.2,8.8,0.7020000000000001,1.7,21.9,0.08,14.0,3.2,73.5
76,77,2016-03-12,12,2,2015-2016,Rio Claro,Pinheiros,0,73.2,27.3,34.0,11.9,35.8,9.6,26.2,14.9,15.9,0.992,9.1,25.0,36.156,17.0,32.7,51.090999999999994,11.9,17.9,65.951,1.5,9.1,0.609,1.4,22.9,0.061999999999999986,15.9,3.5,80.9,83.8,24.6,41.6,17.6,38.3,12.0,26.3,16.2,14.7,1.161,8.2,21.7,38.45100000000001,20.8,44.8,46.72099999999999,17.6,22.4,77.85600000000001,1.3,11.9,0.8579999999999999,2.6,20.6,0.137,14.7,2.8,95.8
81,69,2016-03-13,10,2,2015-2016,Brasília,Paulistano,1,86.3,32.1,40.2,14.0,36.5,10.7,25.8,18.6,13.9,1.682,10.7,27.4,38.75699999999999,20.1,37.7,53.319,14.0,17.6,79.95,1.4,9.8,0.8160000000000001,1.9,23.2,0.08199999999999999,13.9,2.2,101.3,79.0,26.7,38.4,13.9,38.0,10.9,27.1,16.1,14.3,1.2290000000000003,8.9,23.6,38.094,19.2,37.3,52.35699999999999,13.9,17.1,78.815,1.9,8.8,0.637,1.6,18.7,0.089,14.3,2.5,93.2
73,75,2016-03-16,12,2,2015-2016,Flamengo,Brasília,0,84.4,22.8,46.4,15.2,37.8,10.4,27.4,18.2,12.6,1.512,7.6,20.6,37.785000000000004,23.2,42.3,55.015,15.2,19.6,74.53299999999999,1.9,11.4,0.9219999999999999,2.9,17.4,0.174,12.6,2.0,105.6,85.3,29.7,41.0,14.6,36.4,10.5,25.9,19.2,13.9,1.7280000000000002,9.9,27.3,35.757,20.5,38.2,53.532000000000004,14.6,18.5,79.509,1.6,10.5,0.8699999999999999,1.8,22.5,0.08,13.9,2.2,100.3
90,86,2016-03-17,12,2,2015-2016,Fortaleza B. C. / CFO,Bauru Basket,1,78.3,28.8,32.8,16.7,37.9,10.4,27.5,14.5,13.5,1.1480000000000001,9.6,29.0,32.819,16.4,31.3,52.266000000000005,16.7,22.5,75.19600000000001,2.1,10.5,0.807,3.0,21.5,0.13699999999999998,13.5,3.6,90.6,85.9,31.8,36.4,17.7,37.0,9.8,27.2,15.8,13.7,1.286,10.6,28.1,38.088,18.2,33.2,54.85600000000001,17.7,23.7,73.848,0.8,10.1,0.7190000000000001,2.0,18.8,0.10700000000000001,13.7,3.4,98.6
80,83,2016-03-17,12,2,2015-2016,Mogi,Paulistano,0,82.2,23.1,42.2,16.9,37.1,11.5,25.6,15.6,12.1,1.404,7.7,25.4,30.636000000000003,21.1,38.3,55.513999999999996,16.9,24.5,69.489,1.7,11.1,1.0420000000000003,2.3,19.7,0.11800000000000002,12.1,2.6,93.7,78.9,26.4,38.4,14.1,38.5,11.4,27.1,16.3,14.2,1.2440000000000002,8.8,22.6,38.608000000000004,19.2,38.9,50.49000000000001,14.1,16.6,81.595,2.0,8.4,0.618,1.8,18.8,0.098,14.2,2.4,93.7
79,88,2016-03-23,14,2,2015-2016,Sesi Franca,Paulistano,0,76.6,21.9,38.6,16.1,34.2,9.6,24.6,13.9,16.2,0.8700000000000001,7.3,20.2,36.092,19.3,38.8,49.928999999999995,16.1,21.6,74.325,1.3,8.2,0.542,2.9,20.3,0.149,16.2,4.1,81.7,79.7,29.1,35.8,14.8,38.5,11.6,26.9,16.8,13.8,1.314,9.7,23.6,41.07,17.9,37.6,48.583000000000006,14.8,17.3,81.938,1.9,8.0,0.612,1.7,19.1,0.091,13.8,2.3,94.8
77,72,2016-03-23,13,2,2015-2016,Minas,Rio Claro,1,73.7,16.5,43.2,14.0,38.8,11.0,27.8,14.0,16.2,0.952,5.5,17.5,31.717999999999996,21.6,41.8,52.017999999999994,14.0,20.7,66.44900000000001,1.6,7.4,0.487,2.6,22.4,0.119,16.2,4.2,81.3,73.5,28.8,33.0,11.7,36.3,10.0,26.3,15.0,15.4,1.025,9.6,25.8,37.224000000000004,16.5,33.2,49.160000000000004,11.7,17.7,65.678,1.8,8.8,0.61,1.4,22.8,0.06200000000000001,15.4,3.5,80.7
93,81,2016-03-23,13,2,2015-2016,Pinheiros,Fortaleza B. C. / CFO,1,83.2,23.4,41.6,18.2,38.9,11.7,27.2,16.2,15.2,1.13,7.8,21.3,37.037,20.8,44.6,46.912,18.2,23.8,75.48100000000001,1.2,11.9,0.8320000000000001,2.6,20.6,0.13699999999999998,15.2,3.2,94.7,80.1,30.0,33.4,16.7,38.5,10.6,27.9,15.1,12.9,1.225,10.0,29.5,33.533,16.7,31.8,52.333000000000006,16.7,22.5,75.19600000000001,2.1,10.2,0.8240000000000001,3.2,21.5,0.14699999999999996,12.9,3.1,93.8
80,88,2016-03-23,13,2,2015-2016,Coop/São José Basketball,Flamengo,0,68.7,21.0,33.6,14.1,31.0,8.4,22.6,13.3,14.6,1.094,7.0,23.5,29.907,16.8,34.0,49.533,14.1,18.1,77.369,0.2,8.9,0.677,1.6,21.8,0.076,14.6,3.5,71.2,82.1,23.1,45.4,13.6,36.9,10.1,26.8,18.2,13.3,1.425,7.7,20.6,38.341,22.7,41.5,54.888999999999996,13.6,18.1,72.533,1.9,11.4,0.874,2.8,17.2,0.17099999999999999,13.3,2.2,101.9
88,79,2016-03-23,13,2,2015-2016,Mogi,Macaé Basquete,1,82.3,23.7,42.8,15.8,37.4,11.1,26.3,16.2,12.2,1.438,7.9,24.9,32.748000000000005,21.4,38.9,55.513999999999996,15.8,22.9,69.489,2.0,11.2,1.0450000000000002,2.3,19.7,0.11800000000000002,12.2,2.7,95.6,73.4,21.3,32.2,19.9,34.6,8.6,26.0,15.1,14.5,1.093,7.1,23.4,31.194,16.1,35.3,46.266,19.9,25.3,78.23300000000002,1.1,8.3,0.617,1.5,21.2,0.06600000000000002,14.5,2.6,77.5
72,76,2016-03-23,13,2,2015-2016,Caxias do Sul Basquete,Vitória,0,75.1,30.6,32.8,11.7,32.5,9.2,23.3,15.6,13.9,1.172,10.2,28.7,36.533,16.4,33.7,48.238,11.7,15.3,75.65100000000001,1.6,10.2,0.759,1.6,22.8,0.07499999999999998,13.9,3.8,81.7,73.5,19.2,38.2,16.1,34.5,11.7,22.8,12.4,16.0,0.8379999999999999,6.4,21.9,28.761000000000003,19.1,42.6,45.136,16.1,21.3,76.007,1.3,13.1,0.873,2.1,22.0,0.097,16.0,3.4,75.3
90,71,2016-03-23,14,2,2015-2016,Bauru Basket,L. Sorocabana,1,87.6,33.3,36.8,17.5,37.9,10.0,27.9,16.5,13.8,1.3230000000000002,11.1,28.4,39.531,18.4,33.9,54.372,17.5,23.1,74.60999999999999,0.9,10.2,0.7210000000000002,1.8,19.4,0.094,13.8,3.5,101.8,70.1,20.4,37.6,12.1,34.1,12.2,21.9,13.3,15.2,0.924,6.8,23.8,28.097,18.8,38.0,49.718999999999994,12.1,18.6,62.467000000000006,2.1,11.4,0.779,2.7,22.2,0.125,15.2,3.3,73.7
95,89,2016-03-25,13,2,2015-2016,Sesi Franca,L. Sorocabana,1,77.2,22.5,37.8,16.9,32.7,9.0,23.7,14.1,15.9,0.908,7.5,19.7,38.022000000000006,18.9,37.7,50.262,16.9,22.5,75.22,1.0,7.5,0.502,2.9,20.8,0.14600000000000002,15.9,4.0,81.9,69.9,20.7,37.0,12.2,33.2,11.4,21.8,13.6,15.7,0.9190000000000002,6.9,23.4,29.097,18.5,37.0,50.22999999999999,12.2,19.1,61.20400000000001,2.4,11.5,0.763,2.9,22.7,0.133,15.7,3.6,73.5
66,68,2016-03-25,14,2,2015-2016,Brasília,Rio Claro,0,84.5,27.3,42.2,15.0,35.8,10.4,25.4,18.4,13.9,1.6670000000000003,9.1,25.4,34.895,21.1,39.3,53.684000000000005,15.0,19.8,76.161,1.4,10.7,0.8850000000000001,1.6,22.1,0.074,13.9,2.1,97.8,73.4,28.2,33.2,12.0,36.2,9.8,26.4,15.4,15.5,1.0470000000000002,9.4,26.5,35.604,16.6,32.3,50.65999999999999,12.0,17.5,67.95599999999999,1.8,8.8,0.602,1.5,22.5,0.068,15.5,3.4,81.5
85,88,2016-03-25,14,2,2015-2016,Mogi,Flamengo,0,82.2,23.1,43.6,15.5,37.1,11.7,25.4,16.9,11.9,1.509,7.7,24.8,31.938,21.8,40.6,53.727999999999994,15.5,21.9,71.428,2.3,11.9,1.104,2.4,20.2,0.12300000000000003,11.9,2.8,96.3,82.4,21.9,47.0,13.5,37.9,10.1,27.8,18.5,13.0,1.4889999999999999,7.3,20.3,37.151,23.5,42.5,55.34000000000001,13.5,18.1,71.818,1.8,10.6,0.829,3.1,17.0,0.19200000000000003,13.0,1.8,102.9
75,60,2016-03-25,14,2,2015-2016,Pinheiros,Vitória,1,85.5,23.4,42.8,19.3,39.3,11.1,28.2,15.7,15.3,1.0979999999999999,7.8,22.2,34.894,21.4,43.9,49.122,19.3,24.7,77.46799999999999,0.9,12.1,0.8389999999999999,2.5,20.9,0.131,15.3,3.2,97.5,73.8,19.8,39.4,14.6,34.9,12.0,22.9,12.8,15.6,0.876,6.6,22.2,29.407999999999998,19.7,43.3,45.748999999999995,14.6,18.6,78.013,1.5,12.0,0.825,1.9,22.3,0.08700000000000001,15.6,3.6,76.5
70,71,2016-03-25,14,2,2015-2016,Coop/São José Basketball,Macaé Basquete,0,69.4,21.0,35.0,13.4,30.1,8.0,22.1,13.3,14.1,1.1760000000000002,7.0,23.3,30.308,17.5,34.9,50.17399999999999,13.4,17.3,76.747,0.2,9.2,0.748,1.4,22.0,0.06500000000000002,14.1,3.5,71.7,74.5,22.5,32.0,20.0,35.2,9.0,26.2,15.5,15.4,1.0479999999999998,7.5,24.2,31.665,16.0,34.5,47.04,20.0,25.3,78.59,1.3,8.2,0.5690000000000001,1.7,20.9,0.07600000000000001,15.4,2.9,79.2
78,63,2016-03-26,13,2,2015-2016,Bauru Basket,Paulistano,1,86.5,32.4,36.8,17.3,37.1,9.5,27.6,16.4,14.4,1.2419999999999998,10.8,27.9,39.307,18.4,33.0,56.152,17.3,22.5,75.28299999999999,0.9,10.6,0.7120000000000001,2.1,19.5,0.10800000000000001,14.4,3.9,101.4,81.6,30.9,36.4,14.3,38.6,12.4,26.2,18.1,13.2,1.47,10.3,24.5,42.208,18.2,38.0,48.86600000000001,14.3,16.7,81.84299999999999,1.8,7.7,0.6199999999999999,1.8,19.1,0.095,13.2,2.7,98.2
76,65,2016-03-27,11,2,2015-2016,Flamengo,Minas,1,82.9,24.0,46.2,12.7,37.5,10.2,27.3,19.5,13.4,1.5279999999999998,8.0,20.6,39.62400000000001,23.1,42.2,54.773,12.7,17.0,71.675,1.8,10.3,0.7899999999999999,3.1,17.7,0.18400000000000002,13.4,2.2,103.9,73.7,16.5,43.0,14.2,38.8,11.4,27.4,13.1,15.9,0.917,5.5,17.3,32.20399999999999,21.5,42.3,51.017999999999994,14.2,21.1,65.944,1.6,7.8,0.516,2.8,22.3,0.12800000000000003,15.9,4.0,80.7
82,91,2016-03-27,11,2,2015-2016,L. Sorocabana,Mogi,0,73.4,22.5,38.0,12.9,33.2,11.7,21.5,14.3,14.6,1.0650000000000002,7.5,23.9,31.197000000000003,19.0,38.1,50.018,12.9,19.5,63.678999999999995,2.2,11.7,0.883,2.9,24.0,0.12999999999999998,14.6,3.3,78.8,82.6,23.1,44.6,14.9,36.9,11.7,25.2,17.3,12.1,1.5230000000000001,7.7,24.0,32.938,22.3,41.6,53.551,14.9,20.5,73.182,2.1,11.6,1.065,2.0,19.9,0.10600000000000001,12.1,3.0,97.1
103,78,2016-03-29,15,2,2015-2016,Bauru Basket,Sesi Franca,1,84.9,31.5,36.2,17.2,37.8,10.1,27.7,15.9,14.8,1.1239999999999999,10.5,27.9,38.424,18.1,33.3,54.562,17.2,22.6,74.426,0.9,10.7,0.696,2.0,19.4,0.10100000000000002,14.8,4.1,98.5,78.7,21.6,40.0,17.1,33.7,9.3,24.4,14.5,16.4,0.9029999999999999,7.2,19.4,37.233000000000004,20.0,38.4,52.535000000000004,17.1,22.3,76.275,1.2,7.1,0.46399999999999997,2.5,19.6,0.133,16.4,4.0,84.3
79,72,2016-03-29,15,2,2015-2016,Caxias do Sul Basquete,Pinheiros,1,74.2,29.1,32.8,12.3,32.6,9.6,23.0,15.2,13.7,1.16,9.7,27.8,35.963,16.4,33.3,48.907,12.3,16.4,74.97800000000001,1.7,9.8,0.739,1.7,22.4,0.07999999999999999,13.7,3.7,80.7,82.6,22.2,42.2,18.2,39.9,11.5,28.4,15.2,15.9,1.0059999999999998,7.4,22.2,33.294,21.1,44.1,48.163,18.2,23.5,76.47999999999999,1.2,12.0,0.798,2.4,20.6,0.13,15.9,3.6,93.1
107,95,2016-03-29,15,2,2015-2016,Minas,Brasília,1,72.3,16.2,43.6,12.5,38.7,10.9,27.8,13.5,15.7,0.9390000000000001,5.4,17.0,32.233,21.8,43.3,50.669000000000004,12.5,18.9,65.797,1.5,7.6,0.511,2.8,21.2,0.13,15.7,3.9,79.6,83.2,25.8,42.8,14.6,34.5,10.1,24.4,19.0,13.4,1.746,8.6,24.9,33.548,21.4,40.2,53.489999999999995,14.6,19.1,77.474,1.5,11.7,0.9860000000000001,1.7,21.4,0.081,13.4,1.7,97.1
81,86,2016-03-29,15,2,2015-2016,Coop/São José Basketball,Mogi,0,69.9,20.4,36.8,12.7,31.6,8.5,23.1,13.9,13.4,1.277,6.8,23.1,29.699,18.4,36.0,51.096,12.7,17.0,73.764,0.3,9.3,0.789,1.7,21.5,0.08200000000000002,13.4,3.4,74.8,83.3,21.6,46.0,15.7,37.2,12.0,25.2,17.2,13.0,1.472,7.2,22.6,32.730000000000004,23.0,42.5,54.024,15.7,21.2,74.107,2.3,11.7,1.033,1.9,20.1,0.101,13.0,3.2,97.9
65,81,2016-03-29,15,2,2015-2016,L. Sorocabana,Paulistano,0,74.2,21.0,40.0,13.2,32.5,12.0,20.5,15.0,14.4,1.1049999999999998,7.0,23.0,30.270999999999994,20.0,39.8,49.947,13.2,20.0,63.775,2.5,12.0,0.9040000000000001,2.9,23.1,0.131,14.4,3.3,79.6,79.4,30.0,35.2,14.2,38.6,12.1,26.5,17.7,13.3,1.426,10.0,25.1,39.846999999999994,17.6,37.2,48.449,14.2,16.7,80.934,1.6,7.5,0.5960000000000001,1.9,18.8,0.10300000000000001,13.3,2.8,94.6
90,65,2016-03-29,15,2,2015-2016,Fortaleza B. C. / CFO,Vitória,1,79.4,30.3,32.4,16.7,39.1,10.9,28.2,14.7,13.4,1.145,10.1,29.5,33.916999999999994,16.2,32.7,49.97700000000001,16.7,22.7,74.474,1.8,10.9,0.8450000000000001,3.3,21.4,0.152,13.4,3.0,92.1,73.0,19.8,39.4,13.8,36.2,13.1,23.1,13.4,15.7,0.909,6.6,23.2,28.445999999999998,19.7,43.8,45.302,13.8,18.0,75.233,1.3,12.4,0.8459999999999999,2.1,21.8,0.10200000000000001,15.7,3.5,76.4
62,92,2016-03-29,15,2,2015-2016,Macaé Basquete,Flamengo,0,75.5,24.0,31.6,19.9,35.1,9.3,25.8,15.7,15.0,1.0899999999999999,8.0,24.9,32.998,15.8,34.7,46.102,19.9,24.9,79.46799999999999,1.2,8.3,0.5940000000000001,1.9,20.4,0.09100000000000001,15.0,2.5,80.7,81.4,23.1,46.2,12.1,37.7,10.6,27.1,19.1,13.1,1.5299999999999998,7.7,21.1,36.461,23.1,42.6,54.274,12.1,16.3,71.501,1.8,11.0,0.8780000000000001,3.0,17.1,0.183,13.1,2.1,102.0
87,85,2016-04-02,1,3,2015-2016,Sesi Franca,Rio Claro,1,79.4,22.2,39.8,17.4,33.8,9.5,24.3,14.8,16.7,0.9029999999999999,7.4,19.1,38.624,19.9,38.6,52.11,17.4,22.6,76.72,1.1,6.8,0.42400000000000004,2.4,19.0,0.13000000000000003,16.7,3.7,84.9,74.0,28.8,33.8,11.4,36.1,9.4,26.7,16.2,16.7,1.03,9.6,25.6,37.69,16.9,32.4,51.426999999999985,11.4,16.4,68.98800000000001,2.0,9.0,0.5680000000000002,1.9,22.2,0.091,16.7,3.8,84.0
101,78,2016-04-03,1,3,2015-2016,Caxias do Sul Basquete,Brasília,1,75.6,30.6,32.4,12.6,32.4,9.3,23.1,15.9,13.4,1.238,10.2,28.2,37.337,16.2,32.5,49.49499999999999,12.6,16.6,76.116,1.6,9.5,0.735,1.8,21.8,0.088,13.4,3.6,83.5,83.5,24.6,44.8,14.1,34.9,10.8,24.1,18.9,14.0,1.4209999999999998,8.2,24.7,32.373000000000005,22.4,41.4,54.352999999999994,14.1,19.1,75.3,1.6,12.0,0.9259999999999999,1.5,20.7,0.075,14.0,1.9,96.3
83,79,2016-04-04,1,3,2015-2016,Minas,Pinheiros,1,74.9,16.5,44.2,14.2,39.1,11.1,28.0,14.9,16.6,0.975,5.5,17.0,32.789,22.1,42.5,52.295,14.2,20.0,69.789,1.4,7.6,0.471,3.1,21.7,0.14300000000000002,16.6,4.3,85.3,81.9,22.2,42.2,17.5,39.6,11.4,28.2,15.1,15.6,1.018,7.4,21.7,33.843,21.1,44.6,47.524,17.5,22.2,78.44699999999999,1.4,12.0,0.8099999999999998,2.5,19.7,0.137,15.6,3.7,93.0
72,74,2016-04-04,1,3,2015-2016,Vitória,Mogi,0,71.2,19.2,37.8,14.2,37.9,13.2,24.7,13.3,16.8,0.8460000000000001,6.4,23.0,27.613,18.9,43.0,44.462999999999994,14.2,18.3,76.451,1.3,11.9,0.76,2.2,22.4,0.10300000000000002,16.8,3.5,74.8,83.5,21.3,46.0,16.2,36.8,12.1,24.7,16.7,12.1,1.504,7.1,22.0,33.522999999999996,23.0,42.8,53.596000000000004,16.2,21.7,74.528,2.2,11.6,1.061,1.7,20.4,0.08700000000000001,12.1,3.4,98.0
89,79,2016-04-05,2,3,2015-2016,Rio Claro,Sesi Franca,1,75.8,29.4,33.4,13.0,36.7,10.2,26.5,16.4,18.2,0.975,9.8,25.4,38.678999999999995,16.7,33.1,49.90500000000001,13.0,18.6,69.59400000000001,2.0,9.8,0.5570000000000002,2.1,23.5,0.093,18.2,3.9,85.0,80.3,21.9,40.2,18.2,35.1,10.1,25.0,14.5,17.9,0.8390000000000001,7.3,19.7,37.547000000000004,20.1,38.6,52.586,18.2,23.7,76.107,1.1,7.8,0.434,2.8,19.5,0.14700000000000002,17.9,4.1,86.2
95,67,2016-04-06,2,3,2015-2016,Brasília,Caxias do Sul Basquete,1,83.1,24.6,44.6,13.9,34.8,10.7,24.1,19.1,14.4,1.402,8.2,24.6,32.515,22.3,41.5,53.948,13.9,19.5,73.28099999999999,1.5,12.1,0.914,1.5,21.7,0.075,14.4,2.2,95.0,76.7,30.6,32.6,13.5,33.1,9.1,24.0,15.0,13.6,1.1560000000000001,10.2,28.5,36.742,16.3,32.5,49.772999999999996,13.5,18.2,74.83800000000001,1.8,9.6,0.7329999999999999,1.5,22.1,0.07300000000000001,13.6,3.7,83.1
81,67,2016-04-07,2,3,2015-2016,Mogi,Vitória,1,83.1,22.8,44.2,16.1,37.1,11.8,25.3,16.5,12.5,1.404,7.6,23.8,34.106,22.1,40.4,54.501999999999995,16.1,21.1,75.513,2.0,11.2,0.9480000000000001,1.9,20.0,0.098,12.5,3.3,97.8,70.7,18.3,38.0,14.4,38.6,13.0,25.6,12.8,16.9,0.7899999999999999,6.1,23.3,26.199,19.0,41.6,45.949,14.4,18.7,76.047,1.4,10.8,0.655,2.2,22.8,0.10300000000000002,16.9,3.6,73.9
70,77,2016-04-07,2,3,2015-2016,Pinheiros,Minas,0,81.0,21.3,43.2,16.5,39.1,10.9,28.2,15.0,15.3,1.024,7.1,21.0,33.843,21.6,44.5,48.672,16.5,21.9,75.15599999999999,1.4,12.0,0.819,2.3,20.6,0.126,15.3,4.1,91.9,75.3,15.9,44.0,15.4,38.3,10.4,27.9,15.4,15.9,1.0530000000000002,5.3,16.9,31.706,22.0,42.5,52.062,15.4,21.1,71.609,1.5,7.9,0.504,3.0,21.7,0.138,15.9,4.4,86.2
81,62,2016-04-08,3,3,2015-2016,Rio Claro,Sesi Franca,1,74.9,28.2,33.2,13.5,36.1,10.2,25.9,15.6,17.9,0.9500000000000002,9.4,25.1,37.352000000000004,16.6,32.9,49.97,13.5,19.5,68.84200000000001,2.0,10.2,0.6020000000000001,2.1,23.5,0.09300000000000001,17.9,4.1,83.0,79.1,21.6,39.4,18.1,34.4,10.2,24.2,14.4,17.8,0.8380000000000001,7.2,20.5,36.150999999999996,19.7,37.2,53.67700000000001,18.1,23.6,76.03299999999999,1.3,7.9,0.441,2.6,19.7,0.138,17.8,3.8,84.3
93,73,2016-04-08,3,3,2015-2016,Brasília,Caxias do Sul Basquete,1,84.5,23.7,47.4,13.4,35.0,10.4,24.6,19.0,14.2,1.4170000000000003,7.9,24.1,32.220000000000006,23.7,41.8,57.092999999999996,13.4,19.0,72.54599999999999,1.6,11.4,0.875,1.9,22.0,0.09100000000000001,14.2,2.2,97.7,75.1,29.7,31.4,14.0,33.0,9.3,23.7,14.8,13.9,1.1079999999999999,9.9,28.2,36.025999999999996,15.7,32.4,48.159,14.0,18.9,74.34900000000002,1.7,9.5,0.707,1.3,21.9,0.06400000000000002,13.9,3.9,79.9
81,58,2016-04-09,3,3,2015-2016,Mogi,Vitória,1,81.9,22.8,43.0,16.1,37.7,11.9,25.8,16.6,12.8,1.3609999999999998,7.6,23.8,34.106,21.5,39.4,54.376999999999995,16.1,21.4,74.454,1.7,11.0,0.898,1.9,19.6,0.10200000000000001,12.8,3.4,96.9,70.7,20.1,37.0,13.6,37.8,12.9,24.9,13.2,16.2,0.852,6.7,23.6,28.547000000000004,18.5,41.5,44.711,13.6,18.2,73.05600000000001,1.3,10.4,0.655,2.0,22.9,0.092,16.2,3.2,73.2
70,67,2016-04-09,3,3,2015-2016,Pinheiros,Minas,1,79.3,21.6,43.0,14.7,39.7,11.6,28.1,14.6,15.3,0.994,7.2,21.7,33.176,21.5,44.6,48.3,14.7,20.2,72.00999999999999,1.5,11.4,0.7729999999999999,2.4,20.5,0.13100000000000003,15.3,3.8,89.0,76.9,17.4,44.6,14.9,37.9,9.9,28.0,15.1,15.9,1.0340000000000003,5.8,16.4,35.552,22.3,42.7,52.501,14.9,20.5,71.301,1.5,8.0,0.5109999999999999,2.7,20.9,0.12800000000000003,15.9,5.1,88.1
88,60,2016-04-11,4,3,2015-2016,Sesi Franca,Rio Claro,1,78.9,21.3,39.0,18.6,34.5,10.1,24.4,14.7,17.6,0.8780000000000001,7.1,20.4,35.783,19.5,37.6,52.54599999999999,18.6,24.0,77.29400000000001,1.5,8.0,0.46299999999999997,2.6,19.7,0.13799999999999998,17.6,3.7,84.3,76.1,28.2,33.8,14.1,38.1,10.9,27.2,15.6,17.4,0.9780000000000001,9.4,25.5,36.723,16.9,33.4,49.97,14.1,20.2,69.34200000000001,2.2,9.7,0.587,2.2,23.6,0.097,17.4,4.4,85.6
80,86,2016-04-11,4,3,2015-2016,Caxias do Sul Basquete,Brasília,0,76.4,29.4,32.2,14.8,33.9,9.8,24.1,14.6,14.0,1.081,9.8,27.0,36.858999999999995,16.1,33.1,48.483,14.8,20.4,73.14500000000001,1.6,9.3,0.6829999999999999,1.2,22.4,0.05700000000000001,14.0,4.1,81.6,85.1,25.8,45.8,13.5,35.9,10.7,25.2,19.4,14.2,1.448,8.6,24.7,34.094,22.9,41.1,56.048,13.5,18.7,74.155,1.7,11.3,0.868,2.3,22.7,0.10300000000000001,14.2,2.4,100.3
