placar_casa,placar_visitante,data,round,stage,ano,equipe_casa,equipe_visitante,resultado,Pts_casa,3P_casa,2P_casa,LL_casa,RT_casa,RO_casa,RD_casa,AS_casa,ER_casa,IA%_casa,3PC_casa,3PT_casa,3P%_casa,2PC_casa,2PT_casa,2P%_casa,LLC_casa,LLT_casa,LL%_casa,EN_casa,BR_casa,B/E_casa,TO_casa,FC_casa,T/FC_casa,ET_casa,VI_casa,EF_casa,Pts_visitante,3P_visitante,2P_visitante,LL_visitante,RT_visitante,RO_visitante,RD_visitante,AS_visitante,ER_visitante,IA%_visitante,3PC_visitante,3PT_visitante,3P%_visitante,2PC_visitante,2PT_visitante,2P%_visitante,LLC_visitante,LLT_visitante,LL%_visitante,EN_visitante,BR_visitante,B/E_visitante,TO_visitante,FC_visitante,T/FC_visitante,ET_visitante,VI_visitante,EF_visitante
70,87,2023-10-13,1,1,2023-2024,Flamengo,Minas,0,0.0,0.0,0.0,0.0,0.0,0.0,0.0,0.0,0.0,0.0,0.0,0.0,0.0,0.0,0.0,0.0,0.0,0.0,0.0,0.0,0.0,0.0,0.0,0.0,0.0,0.0,0.0,0.0,0.0,0.0,0.0,0.0,0.0,0.0,0.0,0.0,0.0,0.0,0.0,0.0,0.0,0.0,0.0,0.0,0.0,0.0,0.0,0.0,0.0,0.0,0.0,0.0,0.0,0.0,0.0,0.0
84,71,2023-10-15,1,1,2023-2024,Flamengo,Pato Basquete,1,77.0,22.5,40.0,14.5,37.0,13.0,24.0,15.5,10.5,1.48,7.5,30.0,25.0,20.0,33.5,59.7,14.5,19.0,76.32,1.5,5.5,0.52,1.5,15.0,0.1,10.5,2.5,85.5,0.0,0.0,0.0,0.0,0.0,0.0,0.0,0.0,0.0,0.0,0.0,0.0,0.0,0.0,0.0,0.0,0.0,0.0,0.0,0.0,0.0,0.0,0.0,0.0,0.0,0.0,0.0,0.0
72,84,2023-10-21,1,1,2023-2024,BRB/Brasília,Corinthians,0,0.0,0.0,0.0,0.0,0.0,0.0,0.0,0.0,0.0,0.0,0.0,0.0,0.0,0.0,0.0,0.0,0.0,0.0,0.0,0.0,0.0,0.0,0.0,0.0,0.0,0.0,0.0,0.0,0.0,0.0,0.0,0.0,0.0,0.0,0.0,0.0,0.0,0.0,0.0,0.0,0.0,0.0,0.0,0.0,0.0,0.0,0.0,0.0,0.0,0.0,0.0,0.0,0.0,0.0,0.0,0.0
76,96,2023-10-21,1,1,2023-2024,Botafogo,Minas,0,0.0,0.0,0.0,0.0,0.0,0.0,0.0,0.0,0.0,0.0,0.0,0.0,0.0,0.0,0.0,0.0,0.0,0.0,0.0,0.0,0.0,0.0,0.0,0.0,0.0,0.0,0.0,0.0,91.5,46.5,32.0,13.0,40.5,10.5,30.0,26.5,11.5,2.3,15.5,34.0,45.59,16.0,29.5,54.24,13.0,17.0,76.47,0.5,4.0,0.35,3.5,20.5,0.17,11.5,2.0,118.5
100,92,2023-10-21,1,1,2023-2024,Sesi Franca,São Paulo,1,0.0,0.0,0.0,0.0,0.0,0.0,0.0,0.0,0.0,0.0,0.0,0.0,0.0,0.0,0.0,0.0,0.0,0.0,0.0,0.0,0.0,0.0,0.0,0.0,0.0,0.0,0.0,0.0,0.0,0.0,0.0,0.0,0.0,0.0,0.0,0.0,0.0,0.0,0.0,0.0,0.0,0.0,0.0,0.0,0.0,0.0,0.0,0.0,0.0,0.0,0.0,0.0,0.0,0.0,0.0,0.0
62,69,2023-10-21,1,1,2023-2024,Cerrado,Pinheiros,0,0.0,0.0,0.0,0.0,0.0,0.0,0.0,0.0,0.0,0.0,0.0,0.0,0.0,0.0,0.0,0.0,0.0,0.0,0.0,0.0,0.0,0.0,0.0,0.0,0.0,0.0,0.0,0.0,0.0,0.0,0.0,0.0,0.0,0.0,0.0,0.0,0.0,0.0,0.0,0.0,0.0,0.0,0.0,0.0,0.0,0.0,0.0,0.0,0.0,0.0,0.0,0.0,0.0,0.0,0.0,0.0
58,67,2023-10-23,2,1,2023-2024,Cerrado,Corinthians,0,62.0,15.0,34.0,13.0,36.0,14.0,22.0,11.0,14.0,0.79,5.0,30.0,16.67,17.0,46.0,36.96,13.0,18.0,72.22,2.0,13.0,0.93,4.0,18.0,0.22,14.0,3.0,53.0,84.0,24.0,48.0,12.0,47.0,15.0,32.0,17.0,16.0,1.06,8.0,31.0,25.81,24.0,39.0,61.54,12.0,17.0,70.59,0.0,7.0,0.44,2.0,21.0,0.1,16.0,2.0,98.0
94,76,2023-10-23,2,1,2023-2024,BRB/Brasília,Pinheiros,1,72.0,18.0,40.0,14.0,35.0,9.0,26.0,11.0,16.0,0.69,6.0,21.0,28.57,20.0,43.0,46.51,14.0,21.0,66.67,1.0,9.0,0.56,0.0,19.0,0.0,16.0,6.0,66.0,69.0,30.0,32.0,7.0,49.0,8.0,41.0,23.0,29.0,0.79,10.0,24.0,41.67,16.0,32.0,50.0,7.0,10.0,70.0,1.0,7.0,0.24,3.0,20.0,0.15,29.0,10.0,89.0
89,50,2023-10-23,2,1,2023-2024,Sesi Franca,Paulistano,1,100.0,33.0,44.0,23.0,39.0,10.0,29.0,18.0,17.0,1.06,11.0,28.0,39.29,22.0,37.0,59.46,23.0,26.0,88.46,2.0,6.0,0.35,1.0,23.0,0.04,17.0,5.0,112.0,0.0,0.0,0.0,0.0,0.0,0.0,0.0,0.0,0.0,0.0,0.0,0.0,0.0,0.0,0.0,0.0,0.0,0.0,0.0,0.0,0.0,0.0,0.0,0.0,0.0,0.0,0.0,0.0
60,72,2023-10-23,2,1,2023-2024,R10 Score Vasco da Gama,Minas,0,0.0,0.0,0.0,0.0,0.0,0.0,0.0,0.0,0.0,0.0,0.0,0.0,0.0,0.0,0.0,0.0,0.0,0.0,0.0,0.0,0.0,0.0,0.0,0.0,0.0,0.0,0.0,0.0,91.5,46.5,32.0,13.0,40.5,10.5,30.0,26.5,11.5,2.3,15.5,34.0,45.59,16.0,29.5,54.24,13.0,17.0,76.47,0.5,4.0,0.35,3.5,20.5,0.17,11.5,2.0,118.5
87,66,2023-10-24,2,1,2023-2024,Bauru Basket,São Paulo,1,0.0,0.0,0.0,0.0,0.0,0.0,0.0,0.0,0.0,0.0,0.0,0.0,0.0,0.0,0.0,0.0,0.0,0.0,0.0,0.0,0.0,0.0,0.0,0.0,0.0,0.0,0.0,0.0,92.0,54.0,26.0,12.0,32.0,9.0,23.0,15.0,13.0,1.15,18.0,38.0,47.37,13.0,26.0,50.0,12.0,20.0,60.0,0.0,7.0,0.54,0.0,28.0,0.0,13.0,1.0,92.0
71,79,2023-10-24,2,1,2023-2024,Botafogo,Pato Basquete,0,76.0,42.0,24.0,10.0,32.0,11.0,21.0,14.0,8.0,1.75,14.0,39.0,35.9,12.0,31.0,38.71,10.0,16.0,62.5,0.0,8.0,1.0,2.0,17.0,0.12,8.0,1.0,74.0,71.0,33.0,36.0,2.0,35.0,10.0,25.0,20.0,12.0,1.67,11.0,32.0,34.38,18.0,34.0,52.94,2.0,4.0,50.0,1.0,5.0,0.42,1.0,15.0,0.07,12.0,3.0,81.0
66,82,2023-10-24,2,1,2023-2024,Caxias do Sul Basquete,União Corinthians,0,0.0,0.0,0.0,0.0,0.0,0.0,0.0,0.0,0.0,0.0,0.0,0.0,0.0,0.0,0.0,0.0,0.0,0.0,0.0,0.0,0.0,0.0,0.0,0.0,0.0,0.0,0.0,0.0,0.0,0.0,0.0,0.0,0.0,0.0,0.0,0.0,0.0,0.0,0.0,0.0,0.0,0.0,0.0,0.0,0.0,0.0,0.0,0.0,0.0,0.0,0.0,0.0,0.0,0.0,0.0,0.0
62,68,2023-10-25,2,1,2023-2024,Coop/São José Basketball,UNIFACISA,0,0.0,0.0,0.0,0.0,0.0,0.0,0.0,0.0,0.0,0.0,0.0,0.0,0.0,0.0,0.0,0.0,0.0,0.0,0.0,0.0,0.0,0.0,0.0,0.0,0.0,0.0,0.0,0.0,0.0,0.0,0.0,0.0,0.0,0.0,0.0,0.0,0.0,0.0,0.0,0.0,0.0,0.0,0.0,0.0,0.0,0.0,0.0,0.0,0.0,0.0,0.0,0.0,0.0,0.0,0.0,0.0
63,65,2023-10-25,2,1,2023-2024,Mogi,Fortaleza B. C. / CFO,0,0.0,0.0,0.0,0.0,0.0,0.0,0.0,0.0,0.0,0.0,0.0,0.0,0.0,0.0,0.0,0.0,0.0,0.0,0.0,0.0,0.0,0.0,0.0,0.0,0.0,0.0,0.0,0.0,0.0,0.0,0.0,0.0,0.0,0.0,0.0,0.0,0.0,0.0,0.0,0.0,0.0,0.0,0.0,0.0,0.0,0.0,0.0,0.0,0.0,0.0,0.0,0.0,0.0,0.0,0.0,0.0
75,71,2023-10-26,2,1,2023-2024,Bauru Basket,Paulistano,1,81.0,36.0,35.0,10.0,31.0,7.5,23.5,19.0,13.5,1.41,12.0,31.0,38.71,17.5,32.0,54.69,10.0,12.0,83.33,1.0,10.5,0.78,2.0,16.0,0.13,13.5,4.0,94.5,60.5,13.5,37.0,10.0,38.0,14.0,24.0,11.5,20.5,0.56,4.5,19.0,23.68,18.5,42.0,44.05,10.0,14.0,71.43,1.0,8.0,0.39,1.5,18.0,0.08,20.5,3.5,57.0
71,62,2023-10-26,2,1,2023-2024,R10 Score Vasco da Gama,Pato Basquete,1,65.5,22.5,30.0,13.0,36.0,11.5,24.5,18.0,15.0,1.2,7.5,33.5,22.39,15.0,25.5,58.82,13.0,21.5,60.47,0.5,8.5,0.57,0.0,20.0,0.0,15.0,3.0,68.0,70.75,32.25,32.5,6.0,37.5,10.5,27.0,18.5,14.25,1.35,10.75,33.0,32.63,16.25,29.5,55.47,6.0,10.5,54.41,1.25,6.0,0.42,1.0,17.5,0.060000000000000005,14.25,3.25,79.5
78,82,2023-10-27,2,1,2023-2024,Coop/São José Basketball,Fortaleza B. C. / CFO,0,70.0,21.0,40.0,9.0,36.0,8.5,27.5,14.5,13.5,1.07,7.0,25.0,28.0,20.0,40.5,49.38,9.0,14.5,62.07,0.0,9.5,0.7,1.5,21.5,0.07,13.5,3.0,74.0,73.5,16.5,39.0,18.0,36.5,8.0,28.5,15.5,14.5,1.07,5.5,17.5,31.43,19.5,37.5,52.0,18.0,27.5,65.45,2.0,6.0,0.41,3.0,18.5,0.16,14.5,4.0,80.5
68,82,2023-10-27,2,1,2023-2024,Mogi,UNIFACISA,0,65.5,30.0,28.0,7.5,30.0,6.5,23.5,17.5,15.5,1.13,10.0,23.0,43.48,14.0,30.5,45.9,7.5,13.5,55.56,0.0,5.5,0.35,1.5,20.0,0.08,15.5,2.5,69.0,75.0,27.0,36.0,12.0,38.0,11.0,27.0,19.5,14.5,1.34,9.0,27.5,32.73,18.0,32.0,56.25,12.0,17.0,70.59,2.0,10.5,0.72,3.0,17.5,0.17,14.5,2.5,94.0
82,78,2023-10-28,2,1,2023-2024,União Corinthians,Botafogo,1,82.0,28.5,41.0,12.5,38.0,5.5,32.5,14.5,12.5,1.16,9.5,25.0,38.0,20.5,35.5,57.75,12.5,16.5,75.76,0.5,5.0,0.4,4.0,23.0,0.17,12.5,1.5,96.5,75.25,30.75,34.5,10.0,34.75,10.75,24.0,14.0,10.5,1.415,10.25,33.0,29.985,17.25,34.0,49.760000000000005,10.0,17.0,59.03,0.25,7.5,0.77,2.5,18.25,0.135,10.5,2.5,77.0
65,74,2023-10-30,3,1,2023-2024,União Corinthians,R10 Score Vasco da Gama,0,82.0,28.5,41.0,12.5,38.0,5.5,32.5,14.5,12.5,1.16,9.5,25.0,38.0,20.5,35.5,57.75,12.5,16.5,75.76,0.5,5.0,0.4,4.0,23.0,0.17,12.5,1.5,96.5,65.5,22.5,30.0,13.0,36.0,11.5,24.5,18.0,15.0,1.2,7.5,33.5,22.39,15.0,25.5,58.82,13.0,21.5,60.47,0.5,8.5,0.57,0.0,20.0,0.0,15.0,3.0,68.0
74,67,2023-10-30,3,1,2023-2024,Caxias do Sul Basquete,Botafogo,1,66.0,9.0,36.0,21.0,37.0,10.0,27.0,13.0,10.0,1.3,3.0,10.0,30.0,18.0,52.0,34.62,21.0,33.0,63.64,3.0,10.0,1.0,2.0,19.0,0.11,10.0,3.0,65.0,75.0,27.0,38.0,10.0,35.666666666666664,10.666666666666666,25.0,14.0,11.333333333333334,1.3033333333333335,9.0,31.0,28.013333333333332,19.0,35.0,53.443333333333335,10.0,17.333333333333332,57.873333333333335,0.3333333333333333,7.333333333333333,0.6933333333333334,2.6666666666666665,18.666666666666668,0.14,11.333333333333334,3.0,78.0
83,65,2023-10-31,3,1,2023-2024,Pato Basquete,Cerrado,1,70.66666666666667,32.0,31.333333333333332,7.333333333333333,38.333333333333336,10.666666666666666,27.666666666666668,18.0,15.0,1.2433333333333334,10.666666666666666,33.333333333333336,32.04666666666667,15.666666666666666,28.0,56.31333333333333,7.333333333333333,12.666666666666666,55.879999999999995,1.3333333333333333,6.333333333333333,0.42,1.0,18.333333333333332,0.05666666666666667,15.0,3.3333333333333335,79.0,60.0,13.5,36.0,10.5,45.5,18.5,27.0,11.5,13.0,0.895,4.5,29.5,15.23,18.0,44.5,40.575,10.5,17.0,61.11,1.0,8.0,0.5900000000000001,2.5,18.5,0.135,13.0,2.5,56.5
80,77,2023-10-31,3,1,2023-2024,Fortaleza B. C. / CFO,Bauru Basket,1,73.5,16.5,39.0,18.0,36.5,8.0,28.5,15.5,14.5,1.07,5.5,17.5,31.43,19.5,37.5,52.0,18.0,27.5,65.45,2.0,6.0,0.41,3.0,18.5,0.16,14.5,4.0,80.5,81.0,36.0,35.0,10.0,31.0,7.5,23.5,19.0,13.5,1.41,12.0,31.0,38.71,17.5,32.0,54.69,10.0,12.0,83.33,1.0,10.5,0.78,2.0,16.0,0.13,13.5,4.0,94.5
63,68,2023-11-01,3,1,2023-2024,Caxias do Sul Basquete,R10 Score Vasco da Gama,0,67.25,14.25,33.0,20.0,32.75,9.5,23.25,13.75,11.0,1.255,4.75,17.0,28.54,16.5,42.25,40.385,20.0,30.0,67.005,1.75,9.75,0.895,1.75,19.25,0.095,11.0,2.25,66.25,68.22333333333334,24.666666666666668,30.44333333333333,13.11,37.11,10.666666666666666,26.44333333333333,18.11,16.55666666666667,1.11,8.223333333333334,30.89,27.48,15.223333333333334,27.11,56.43,13.11,21.55666666666667,60.82666666666666,0.6666666666666666,8.556666666666667,0.5266666666666666,1.2233333333333334,21.333333333333332,0.049999999999999996,16.55666666666667,3.6666666666666665,73.66666666666667
71,52,2023-11-02,3,1,2023-2024,Paulistano,São Paulo,1,60.5,13.5,37.0,10.0,38.0,14.0,24.0,11.5,20.5,0.56,4.5,19.0,23.68,18.5,42.0,44.05,10.0,14.0,71.43,1.0,8.0,0.39,1.5,18.0,0.08,20.5,3.5,57.0,79.0,33.0,32.0,14.0,33.5,9.5,24.0,13.0,11.0,1.185,11.0,31.5,31.685,16.0,30.5,52.144999999999996,14.0,20.0,70.0,0.5,6.5,0.605,1.0,20.5,0.075,11.0,0.5,81.0
89,58,2023-11-02,3,1,2023-2024,UNIFACISA,Bauru Basket,1,75.0,27.0,36.0,12.0,38.0,11.0,27.0,19.5,14.5,1.34,9.0,27.5,32.73,18.0,32.0,56.25,12.0,17.0,70.59,2.0,10.5,0.72,3.0,17.5,0.17,14.5,2.5,94.0,76.5,30.5,36.0,10.0,31.333333333333332,8.5,22.833333333333332,15.666666666666666,11.833333333333334,1.2933333333333332,10.166666666666666,29.166666666666668,34.303333333333335,18.0,36.333333333333336,50.53333333333333,10.0,12.166666666666666,82.22,0.6666666666666666,8.5,0.6966666666666667,1.5,16.833333333333332,0.09666666666666668,11.833333333333334,3.0,82.16666666666667
78,80,2023-11-03,3,1,2023-2024,Pato Basquete,BRB/Brasília,0,73.125,30.75,33.25,9.125,37.5,11.0,26.5,17.5,13.625,1.3525,10.25,32.375,31.6625,16.625,29.75,56.1625,9.125,14.0,62.05,1.125,6.125,0.45999999999999996,1.125,18.625,0.0625,13.625,2.75,81.625,83.0,28.5,40.0,14.5,37.0,9.5,27.5,15.5,14.0,1.18,9.5,26.0,35.254999999999995,20.0,39.5,51.035,14.5,20.0,72.81,1.5,9.5,0.6950000000000001,0.5,20.0,0.025,14.0,5.5,90.0
62,79,2023-11-04,3,1,2023-2024,Botafogo,R10 Score Vasco da Gama,0,72.375,24.0,37.75,10.625,37.0,11.125,25.875,13.75,13.75,1.1325,8.0,28.625,26.825,18.875,35.875,52.095,10.625,18.125,58.65,0.5,7.0,0.5925,2.5,20.75,0.12250000000000001,13.75,3.625,73.75,69.58500000000001,25.75,30.665,13.165,37.665,10.25,27.415,18.165,17.335,1.065,8.585,29.585,30.025,15.335,27.915,55.235,13.165,21.585,61.004999999999995,0.75,8.585,0.505,1.835,22.0,0.075,17.335,4.0,76.5
80,73,2023-11-04,3,1,2023-2024,Paulistano,Fortaleza B. C. / CFO,1,65.5,13.5,40.0,12.0,41.5,15.333333333333334,26.166666666666668,14.0,18.5,0.81,4.5,18.666666666666668,24.12,20.0,43.5,45.85333333333333,12.0,17.0,70.81,0.6666666666666666,8.166666666666666,0.4566666666666667,1.6666666666666667,18.333333333333332,0.09000000000000001,18.5,3.3333333333333335,69.66666666666667,74.5,22.5,36.0,16.0,35.833333333333336,7.5,28.333333333333332,15.166666666666666,15.0,1.0166666666666668,7.5,20.166666666666668,35.98666666666667,18.0,34.833333333333336,51.61666666666667,16.0,23.666666666666668,68.63333333333334,1.5,5.333333333333333,0.35666666666666663,2.5,18.666666666666668,0.13333333333333333,15.0,4.0,81.16666666666667
67,55,2023-11-06,4,1,2023-2024,Paulistano,UNIFACISA,1,68.0,13.5,41.5,13.0,43.25,16.0,27.25,15.25,17.5,0.935,4.5,18.5,24.34,20.75,44.25,46.755,13.0,18.5,70.5,0.5,8.25,0.49,1.75,18.5,0.095,17.5,3.25,76.0,79.66666666666667,30.0,36.666666666666664,13.0,43.0,13.333333333333334,29.666666666666668,18.666666666666668,15.0,1.2466666666666668,10.0,28.333333333333332,35.15333333333333,18.333333333333332,33.333333333333336,55.093333333333334,13.0,19.0,68.8,1.3333333333333333,9.0,0.6066666666666666,3.0,17.0,0.17666666666666667,15.0,4.0,99.0
100,69,2023-11-06,4,1,2023-2024,Coop/São José Basketball,Pato Basquete,1,70.0,21.0,40.0,9.0,36.0,8.5,27.5,14.5,13.5,1.07,7.0,25.0,28.0,20.0,40.5,49.38,9.0,14.5,62.07,0.0,9.5,0.7,1.5,21.5,0.07,13.5,3.0,74.0,74.6,30.0,34.4,10.2,37.0,11.2,25.8,17.2,12.8,1.418,10.0,31.8,31.432,17.2,30.8,56.072,10.2,14.8,65.752,1.0,6.0,0.484,1.2,18.8,0.066,12.8,2.4,83.2
70,86,2023-11-06,4,1,2023-2024,São Paulo,Fortaleza B. C. / CFO,0,70.0,29.0,29.333333333333332,11.666666666666666,30.333333333333332,7.666666666666667,22.666666666666668,12.0,10.666666666666666,1.1233333333333333,9.666666666666666,29.666666666666668,30.096666666666664,14.666666666666666,31.333333333333332,46.883333333333326,11.666666666666666,17.333333333333332,66.11,0.3333333333333333,7.0,0.6699999999999999,1.0,21.0,0.06666666666666667,10.666666666666666,1.0,67.33333333333333,75.0,25.5,34.5,15.0,35.5,7.25,28.25,15.0,15.25,0.9900000000000001,8.5,21.5,38.265,17.25,33.5,51.425,15.0,21.75,70.225,1.25,5.0,0.32999999999999996,2.25,18.75,0.12000000000000001,15.25,4.0,81.5
94,67,2023-11-07,4,1,2023-2024,Cerrado,União Corinthians,1,61.666666666666664,14.0,36.0,11.666666666666666,43.0,16.333333333333332,26.666666666666668,11.0,15.0,0.7733333333333334,4.666666666666667,27.0,17.73,18.0,41.333333333333336,44.193333333333335,11.666666666666666,18.0,64.07333333333334,1.3333333333333333,6.333333333333333,0.4466666666666667,1.6666666666666667,17.0,0.09000000000000001,15.0,3.6666666666666665,56.666666666666664,76.33333333333333,28.0,32.666666666666664,15.666666666666666,37.0,7.333333333333333,29.666666666666668,13.333333333333334,14.0,0.9899999999999999,9.333333333333334,24.0,38.97,16.333333333333332,35.0,46.343333333333334,15.666666666666666,20.333333333333332,76.69666666666667,0.3333333333333333,6.333333333333333,0.44333333333333336,3.0,21.666666666666668,0.13,14.0,1.3333333333333333,84.0
93,88,2023-11-07,4,1,2023-2024,Sesi Franca,Corinthians,1,94.5,33.0,41.0,20.5,37.0,8.0,29.0,22.5,15.0,1.57,11.0,26.5,41.644999999999996,20.5,35.0,58.519999999999996,20.5,25.0,81.72999999999999,3.5,8.5,0.6,3.5,21.0,0.18,15.0,3.5,116.5,75.5,19.5,44.0,12.0,43.5,12.5,31.0,14.0,12.5,1.1400000000000001,6.5,26.5,24.27,22.0,41.0,54.025,12.0,17.0,70.59,0.5,6.5,0.555,2.5,18.5,0.14500000000000002,12.5,2.5,85.5
92,69,2023-11-07,4,1,2023-2024,Flamengo,Botafogo,1,77.0,22.5,40.0,14.5,37.0,13.0,24.0,15.5,10.5,1.48,7.5,30.0,25.0,20.0,33.5,59.7,14.5,19.0,76.32,1.5,5.5,0.52,1.5,15.0,0.1,10.5,2.5,85.5,70.8,22.2,37.6,11.0,37.8,11.4,26.4,13.6,15.2,1.03,7.4,27.2,26.112000000000002,18.8,36.4,51.286,11.0,18.6,59.116,0.6,6.8,0.532,2.4,22.0,0.11200000000000002,15.2,4.0,71.2
67,77,2023-11-08,4,1,2023-2024,Coop/São José Basketball,Minas,0,74.5,24.0,38.666666666666664,11.833333333333334,38.666666666666664,10.0,28.666666666666668,15.166666666666666,14.833333333333334,1.0266666666666666,8.0,26.333333333333332,30.159999999999997,19.333333333333332,37.833333333333336,51.38,11.833333333333334,17.833333333333332,65.19,0.16666666666666666,8.666666666666666,0.6,1.8333333333333333,21.0,0.09000000000000001,14.833333333333334,3.6666666666666665,81.16666666666667,85.0,35.0,38.0,12.0,41.333333333333336,11.0,30.333333333333332,23.333333333333332,14.0,1.8299999999999998,11.666666666666666,30.666666666666668,35.95,19.0,33.333333333333336,56.48666666666667,12.0,16.333333333333332,73.20333333333333,1.0,7.666666666666667,0.49666666666666665,2.6666666666666665,18.666666666666668,0.1366666666666667,14.0,3.3333333333333335,108.33333333333333
70,87,2023-11-08,4,1,2023-2024,Mogi,Pato Basquete,0,65.5,30.0,28.0,7.5,30.0,6.5,23.5,17.5,15.5,1.13,10.0,23.0,43.48,14.0,30.5,45.9,7.5,13.5,55.56,0.0,5.5,0.35,1.5,20.0,0.08,15.5,2.5,69.0,75.16666666666667,30.0,35.0,10.166666666666666,36.0,10.333333333333334,25.666666666666668,17.916666666666668,12.416666666666666,1.5233333333333334,10.0,31.0,32.36666666666667,17.5,31.583333333333332,55.64666666666667,10.166666666666666,15.416666666666666,63.80166666666667,0.9166666666666666,6.0,0.4983333333333333,1.0,18.666666666666668,0.055,12.416666666666666,2.4166666666666665,83.33333333333333
94,86,2023-11-08,4,1,2023-2024,São Paulo,UNIFACISA,1,73.0,28.875,30.75,13.375,31.125,8.0,23.125,14.5,10.5,1.3925,9.625,28.5,32.0725,15.375,32.375,47.4875,13.375,18.5,70.60499999999999,0.625,6.25,0.6024999999999999,1.125,21.25,0.0675,10.5,1.125,74.5,77.375,29.25,35.0,13.125,41.0,13.0,28.0,17.25,14.5,1.185,9.75,29.0,33.6225,17.5,32.5,53.82,13.125,18.75,70.35,1.125,7.875,0.5425,3.0,18.75,0.165,14.5,3.625,92.125
77,83,2023-11-09,4,1,2023-2024,Cerrado,Caxias do Sul Basquete,0,67.625,17.25,38.5,11.875,45.625,16.375,29.25,13.75,15.0,0.9475,5.75,27.375,21.1925,19.25,42.875,45.25,11.875,19.25,61.6425,1.5,6.5,0.4525,2.0,18.375,0.1,15.0,3.375,67.875,67.66666666666667,16.0,32.0,19.666666666666668,31.333333333333332,9.333333333333334,22.0,14.0,11.333333333333334,1.24,5.333333333333333,19.333333333333332,28.05333333333333,16.0,39.0,42.306666666666665,19.666666666666668,29.0,68.12666666666667,1.3333333333333333,9.666666666666666,0.86,1.6666666666666667,19.333333333333332,0.09000000000000001,11.333333333333334,2.0,66.66666666666667
80,74,2023-11-09,4,1,2023-2024,Bauru Basket,Corinthians,1,74.25,27.75,36.5,10.0,31.5,9.0,22.5,14.0,11.0,1.2349999999999999,9.25,28.25,32.1,18.25,38.5,48.455,10.0,12.25,81.66499999999999,0.5,7.5,0.655,1.25,17.25,0.08000000000000002,11.0,2.5,76.0,77.33333333333333,21.5,43.333333333333336,12.5,39.833333333333336,11.5,28.333333333333332,14.833333333333334,13.0,1.1533333333333333,7.166666666666667,26.833333333333332,26.483333333333334,21.666666666666668,38.333333333333336,57.23,12.5,18.0,69.56,1.1666666666666667,6.5,0.5233333333333333,2.0,18.166666666666668,0.11666666666666668,13.0,2.5,85.66666666666667
82,92,2023-11-09,4,1,2023-2024,BRB/Brasília,União Corinthians,0,82.0,32.0,36.0,14.0,36.0,9.333333333333334,26.666666666666668,13.666666666666666,13.0,1.09,10.666666666666666,26.333333333333332,39.553333333333335,18.0,36.666666666666664,49.07666666666666,14.0,19.333333333333332,72.61333333333333,1.0,8.333333333333334,0.6466666666666667,0.6666666666666666,20.0,0.03333333333333333,13.0,4.666666666666667,88.0,77.125,26.625,34.0,16.5,36.625,7.875,28.75,13.0,14.0,0.9574999999999999,8.875,23.25,38.155,17.0,36.375,46.485,16.5,20.25,81.27250000000001,0.5,5.375,0.3775,2.375,21.875,0.10250000000000001,14.0,1.125,83.0
68,72,2023-11-09,4,1,2023-2024,Pinheiros,Paulistano,0,72.5,25.5,36.0,11.0,41.5,8.5,33.0,20.5,22.0,0.995,8.5,21.5,39.255,18.0,37.0,48.81,11.0,16.5,67.61,1.0,5.5,0.255,2.0,19.0,0.105,22.0,5.5,82.5,68.3,15.0,40.4,12.9,42.8,15.5,27.3,14.8,16.8,0.9339999999999999,5.0,19.5,25.43,20.2,43.0,46.878,12.9,18.3,70.686,0.8,8.3,0.514,1.6,18.7,0.086,16.8,3.2,76.3
65,68,2023-11-10,4,1,2023-2024,R10 Score Vasco da Gama,Flamengo,0,70.40200000000002,26.4,30.798000000000002,13.197999999999999,37.998000000000005,10.0,27.998,18.198,17.802,1.0379999999999998,8.802000000000001,28.802,31.552,15.402000000000001,28.398000000000003,54.517999999999994,13.197999999999999,21.602,61.112,0.8,8.602,0.492,2.202,22.4,0.09,17.802,4.2,78.2,78.0,22.0,40.0,16.0,40.666666666666664,14.0,26.666666666666668,16.5,11.666666666666666,1.4266666666666667,7.333333333333333,31.333333333333332,23.53,20.0,35.0,57.343333333333334,16.0,20.666666666666668,77.27,2.0,6.833333333333333,0.5733333333333334,1.3333333333333333,15.333333333333334,0.08666666666666667,11.666666666666666,2.5,88.0
70,79,2023-11-10,4,1,2023-2024,Mogi,Minas,0,67.0,29.5,29.0,8.5,30.0,7.166666666666667,22.833333333333332,17.666666666666668,15.166666666666666,1.1666666666666667,9.833333333333334,25.333333333333332,39.54333333333333,14.5,30.0,48.416666666666664,8.5,13.333333333333334,63.96333333333333,0.16666666666666666,4.833333333333333,0.3133333333333333,2.0,22.166666666666668,0.09000000000000001,15.166666666666666,3.1666666666666665,70.5,83.25,31.5,37.25,14.5,40.0,11.375,28.625,21.5,14.0,1.6574999999999998,10.5,29.375,33.825,18.625,32.875,56.255,14.5,19.25,74.545,1.0,7.125,0.47,2.375,19.75,0.12000000000000001,14.0,3.5,102.375
79,86,2023-11-10,4,1,2023-2024,Botafogo,Sesi Franca,0,71.33333333333333,22.75,37.5,11.083333333333334,37.0,11.083333333333334,25.916666666666668,14.0,15.166666666666666,1.0366666666666668,7.583333333333333,28.0,26.186666666666667,18.75,36.0,51.80666666666667,11.083333333333334,17.916666666666668,62.48166666666666,0.5833333333333334,6.916666666666667,0.5266666666666667,2.25,21.666666666666668,0.10666666666666667,15.166666666666666,3.9166666666666665,71.83333333333333,92.83333333333333,30.5,43.333333333333336,19.0,38.833333333333336,10.5,28.333333333333332,22.666666666666668,14.0,1.6866666666666668,10.166666666666666,27.5,37.36666666666667,21.666666666666668,36.166666666666664,59.79333333333333,19.0,24.0,78.73,3.1666666666666665,7.833333333333333,0.58,3.0,20.666666666666668,0.15333333333333332,14.0,3.5,114.33333333333333
69,77,2023-11-11,4,1,2023-2024,BRB/Brasília,Caxias do Sul Basquete,0,80.375,29.625,37.75,13.0,34.625,8.75,25.875,13.875,12.375,1.1625,9.875,25.875,37.317499999999995,18.875,37.625,50.08,13.0,18.25,71.1275,1.125,8.125,0.6625000000000001,0.875,20.625,0.0425,12.375,4.0,85.5,70.75,17.25,35.0,18.5,36.0,10.625,25.375,15.125,11.875,1.2725,5.75,22.0,26.8725,17.5,40.25,44.23,18.5,27.875,66.4,1.375,9.25,0.7925,1.75,19.625,0.0925,11.875,2.25,72.625
74,70,2023-11-11,4,1,2023-2024,Bauru Basket,Pinheiros,1,74.8,30.9,34.8,9.1,31.6,9.0,22.6,15.3,11.6,1.2799999999999998,10.3,28.7,35.188,17.4,37.0,47.796,9.1,11.7,76.91,0.8,7.2,0.6100000000000001,1.0,17.3,0.06400000000000002,11.6,2.6,77.7,71.33333333333333,28.5,33.0,9.833333333333334,38.333333333333336,8.166666666666666,30.166666666666668,19.333333333333332,19.166666666666668,1.0833333333333333,9.5,24.333333333333332,38.946666666666665,16.5,33.666666666666664,49.20666666666667,9.833333333333334,16.5,60.223333333333336,0.8333333333333334,5.833333333333333,0.33,2.0,17.666666666666668,0.11333333333333333,19.166666666666668,4.166666666666667,79.0
77,65,2023-11-12,5,1,2023-2024,Fortaleza B. C. / CFO,UNIFACISA,1,77.2,25.2,36.0,16.0,36.2,7.8,28.4,16.0,14.6,1.1260000000000001,8.4,21.2,38.612,18.0,34.6,51.910000000000004,16.0,22.2,72.84599999999999,1.6,5.4,0.38,2.4,19.2,0.12400000000000003,14.6,3.2,87.0,76.0,28.8,34.0,13.2,39.8,12.8,27.0,16.4,14.2,1.1480000000000001,9.6,29.4,32.704,17.0,32.0,53.056,13.2,18.6,71.28,1.0,7.2,0.504,3.0,19.8,0.158,14.2,3.4,88.0
74,66,2023-11-13,5,1,2023-2024,União Corinthians,Mogi,1,77.6,25.8,34.8,17.0,36.4,8.2,28.2,12.8,14.0,0.938,8.6,22.8,37.666000000000004,17.4,37.2,46.57,17.0,20.2,84.018,0.6,4.8,0.33799999999999997,2.0,22.0,0.08600000000000001,14.0,1.0,82.4,67.75,29.25,29.5,9.0,30.0,7.5,22.5,17.75,15.0,1.185,9.75,26.5,37.575,14.75,29.75,49.675,9.0,13.25,68.16499999999999,0.25,4.5,0.295,2.25,23.25,0.095,15.0,3.5,71.25
85,88,2023-11-13,5,1,2023-2024,Sesi Franca,Pinheiros,0,92.0,29.25,44.5,18.25,39.75,11.75,28.0,22.75,13.5,1.745,9.75,28.0,35.2275,22.25,36.75,60.43,18.25,23.5,77.23,3.0,7.5,0.5700000000000001,2.75,20.5,0.13999999999999999,13.5,3.5,113.25,70.75,30.0,31.5,9.25,36.75,8.0,28.75,18.75,17.75,1.1275,10.0,25.75,38.792500000000004,15.75,32.0,49.405,9.25,16.5,56.53,0.75,6.0,0.3675,2.0,17.0,0.1175,17.75,3.5,77.25
89,71,2023-11-13,5,1,2023-2024,Flamengo,Cerrado,1,78.5,21.75,40.0,16.75,42.5,14.5,28.0,17.0,12.25,1.4000000000000001,7.25,32.0,22.795,20.0,35.75,56.165,16.75,21.5,77.745,2.25,7.5,0.6000000000000001,1.25,15.5,0.08,12.25,2.5,89.25,71.2,19.2,40.0,12.0,47.2,16.4,30.8,15.4,15.0,1.052,6.4,27.6,23.27,20.0,43.8,45.884,12.0,20.0,60.184000000000005,1.6,6.6,0.45600000000000007,2.2,19.2,0.10600000000000001,15.0,3.2,74.6
73,70,2023-11-14,5,1,2023-2024,Pato Basquete,Bauru Basket,1,75.57142857142857,30.0,35.42857142857143,10.142857142857142,35.285714285714285,9.714285714285714,25.571428571428573,18.428571428571427,12.142857142857142,1.5985714285714288,10.0,30.428571428571427,33.03428571428571,17.714285714285715,32.142857142857146,55.34285714285714,10.142857142857142,15.857142857142858,62.40857142857143,0.8571428571428571,6.0,0.5085714285714286,0.8571428571428571,18.571428571428573,0.047142857142857146,12.142857142857142,2.4285714285714284,83.42857142857143,75.16666666666667,33.0,33.666666666666664,8.5,31.666666666666668,9.0,22.666666666666668,16.166666666666668,12.0,1.3099999999999998,11.0,29.0,37.24666666666666,16.833333333333332,36.0,47.35666666666666,8.5,11.333333333333334,73.74,1.0,7.0,0.5800000000000001,0.8333333333333334,17.333333333333332,0.053333333333333344,12.0,2.6666666666666665,78.83333333333333
81,78,2023-11-14,5,1,2023-2024,Corinthians,São Paulo,1,78.25,22.5,43.0,12.75,38.0,11.0,27.0,15.25,13.25,1.16,7.5,27.0,27.59,21.5,37.0,58.832499999999996,12.75,18.5,69.045,1.5,6.5,0.5075000000000001,1.75,18.0,0.10250000000000001,13.25,2.5,85.75,74.8,28.8,31.6,14.4,31.6,8.2,23.4,16.0,10.4,1.554,9.6,27.8,33.257999999999996,15.8,33.0,47.85,14.4,19.2,73.30199999999999,0.8,5.8,0.5619999999999999,1.2,21.4,0.068,10.4,1.2,78.8
89,78,2023-11-14,5,1,2023-2024,Botafogo,BRB/Brasília,1,71.71428571428571,23.142857142857142,37.42857142857143,11.142857142857142,36.42857142857143,10.857142857142858,25.571428571428573,14.285714285714286,15.142857142857142,1.0414285714285716,7.714285714285714,28.571428571428573,26.240000000000002,18.714285714285715,35.714285714285715,52.17857142857143,11.142857142857142,17.428571428571427,64.88571428571429,0.5714285714285714,7.0,0.5228571428571429,2.142857142857143,21.428571428571427,0.10285714285714286,15.142857142857142,3.857142857142857,72.28571428571429,79.4,28.2,38.8,12.4,33.8,8.4,25.4,14.0,12.0,1.206,9.4,25.6,35.976,19.4,38.2,50.682,12.4,17.6,70.236,1.2,8.0,0.672,1.0,21.0,0.048,12.0,3.6,84.0
81,77,2023-11-15,5,1,2023-2024,Caxias do Sul Basquete,Mogi,1,72.6,18.0,36.8,17.8,38.8,11.4,27.4,15.8,12.2,1.292,6.0,23.6,26.163999999999998,18.4,41.0,45.384,17.8,27.2,65.364,1.4,9.0,0.752,1.8,19.8,0.094,12.2,2.4,76.2,68.5,28.2,29.8,10.5,29.6,7.6,22.0,16.9,15.0,1.1280000000000001,9.4,26.5,36.098,14.9,29.3,51.012,10.5,15.0,69.532,0.3,4.9,0.32199999999999995,2.0,23.4,0.08399999999999999,15.0,3.0,70.9
74,78,2023-11-15,5,1,2023-2024,União Corinthians,Coop/São José Basketball,0,77.0,26.25,33.333333333333336,17.416666666666668,36.083333333333336,7.916666666666667,28.166666666666668,13.25,14.583333333333334,0.9299999999999998,8.75,23.083333333333332,37.85166666666667,16.666666666666668,35.583333333333336,46.68666666666667,17.416666666666668,20.916666666666668,83.28000000000002,0.5,5.333333333333333,0.35833333333333334,1.9166666666666667,22.166666666666668,0.08333333333333333,14.583333333333334,1.5833333333333333,82.25,76.75,25.5,38.0,13.25,40.0,10.75,29.25,15.5,15.5,1.005,8.5,27.0,31.239999999999995,19.0,36.5,52.38,13.25,19.5,66.75,0.25,8.25,0.5499999999999999,2.0,20.75,0.1,15.5,4.0,84.75
74,71,2023-11-15,5,1,2023-2024,R10 Score Vasco da Gama,Cerrado,1,69.50166666666668,24.0,32.665,12.831666666666665,38.998333333333335,9.5,29.498333333333335,18.831666666666667,16.668333333333333,1.1983333333333333,8.001666666666667,27.501666666666665,29.468333333333334,16.335,30.665000000000003,53.76499999999999,12.831666666666665,20.50166666666667,63.14833333333333,1.0,7.501666666666668,0.44,2.335,23.166666666666668,0.09333333333333332,16.668333333333333,3.8333333333333335,79.0,71.27833333333334,20.666666666666668,38.778333333333336,11.833333333333334,46.055,16.166666666666668,29.888333333333332,15.5,14.555,1.0933333333333333,6.888333333333333,27.166666666666668,25.613333333333333,19.388333333333332,43.0,45.21666666666667,11.833333333333334,20.278333333333332,58.615,1.445,6.555,0.465,2.2216666666666667,18.888333333333332,0.11,14.555,2.7783333333333338,74.72166666666666
92,55,2023-11-16,5,1,2023-2024,Flamengo,BRB/Brasília,1,80.9,25.2,39.6,16.1,41.8,13.6,28.2,18.4,12.3,1.504,8.4,31.6,26.901999999999997,19.8,34.9,56.996,16.1,20.6,78.078,2.2,7.8,0.624,1.3,15.1,0.086,12.3,2.4,95.1,77.25,29.0,36.333333333333336,11.916666666666666,33.5,8.583333333333334,24.916666666666668,14.083333333333334,12.666666666666666,1.1566666666666667,9.666666666666666,26.833333333333332,35.535,18.166666666666668,36.25,49.781666666666666,11.916666666666666,17.5,67.84333333333333,1.1666666666666667,7.416666666666667,0.6066666666666668,1.0,20.5,0.05000000000000001,12.666666666666666,3.5,79.75
99,80,2023-11-16,5,1,2023-2024,Minas,Bauru Basket,1,82.2,29.4,36.8,16.0,39.2,11.6,27.6,20.4,14.0,1.5539999999999998,9.8,28.6,32.55,18.4,32.6,56.11600000000001,16.0,21.0,75.35,1.0,6.8,0.454,2.2,20.4,0.11000000000000001,14.0,3.6,98.8,75.14285714285714,31.285714285714285,35.285714285714285,8.571428571428571,31.785714285714285,9.071428571428571,22.714285714285715,16.285714285714285,12.0,1.3257142857142856,10.428571428571429,28.357142857142858,36.00714285714285,17.642857142857142,37.07142857142857,47.980000000000004,8.571428571428571,11.357142857142858,74.38571428571427,1.2857142857142858,7.071428571428571,0.5871428571428572,0.7857142857142857,17.428571428571427,0.05000000000000001,12.0,2.5714285714285716,78.92857142857143
87,83,2023-11-16,5,1,2023-2024,Pato Basquete,Sesi Franca,1,76.125,30.1875,35.625,10.3125,36.0625,9.9375,26.125,17.8125,12.375,1.5187500000000003,10.0625,30.1875,33.51,17.8125,32.5625,54.93875,10.3125,15.8125,63.88125,1.0625,6.0625,0.5025,0.8125,18.3125,0.045,12.375,2.6875,84.125,90.2,29.4,43.334,17.466,39.334,11.8,27.534000000000002,21.866,13.334,1.686,9.8,28.266,35.0,21.666,36.734,58.89,17.466,22.666,76.612,2.6,7.6,0.5820000000000001,2.534,20.2,0.12999999999999998,13.334,3.3340000000000005,109.46600000000001
75,81,2023-11-17,5,1,2023-2024,Pinheiros,São Paulo,0,72.9,30.3,32.6,10.0,36.2,8.4,27.8,18.3,16.7,1.166,10.1,25.9,38.958000000000006,16.3,32.6,50.096000000000004,10.0,16.9,59.278,1.0,5.9,0.382,1.8,17.4,0.10400000000000001,16.7,3.2,79.4,75.58333333333333,28.25,33.166666666666664,14.166666666666666,31.916666666666668,7.833333333333333,24.083333333333332,15.916666666666666,10.166666666666666,1.5816666666666668,9.416666666666666,27.583333333333332,33.06166666666667,16.583333333333332,33.25,49.778333333333336,14.166666666666666,18.5,75.53,0.8333333333333334,5.333333333333333,0.5233333333333333,1.1666666666666667,21.083333333333332,0.065,10.166666666666666,1.0,80.58333333333333
82,90,2023-11-17,5,1,2023-2024,Caxias do Sul Basquete,Coop/São José Basketball,0,74.08333333333333,19.5,37.333333333333336,17.25,37.833333333333336,11.25,26.583333333333332,16.333333333333332,12.916666666666666,1.2683333333333333,6.5,23.666666666666668,28.05333333333333,18.666666666666668,40.333333333333336,46.828333333333326,17.25,26.166666666666668,65.97833333333334,1.5,8.833333333333334,0.7066666666666667,1.8333333333333333,19.25,0.09833333333333333,12.916666666666666,3.1666666666666665,78.25,78.2,26.4,38.0,13.8,38.7,10.1,28.6,16.2,15.3,1.066,8.8,26.7,32.836,19.0,35.7,53.596000000000004,13.8,20.1,67.622,0.4,8.1,0.5439999999999999,1.9,21.0,0.094,15.3,3.6,86.9
71,79,2023-11-17,5,1,2023-2024,Corinthians,Paulistano,0,77.8,22.2,42.6,13.0,39.3,11.5,27.8,15.5,13.1,1.192,7.4,26.5,27.786,21.3,38.0,56.827999999999996,13.0,18.9,68.894,1.6,6.2,0.48600000000000004,1.8,17.8,0.10600000000000001,13.1,2.7,85.8,68.5,16.0,39.666666666666664,12.833333333333334,42.5,15.166666666666666,27.333333333333332,14.5,16.333333333333332,0.9333333333333332,5.333333333333333,20.166666666666668,26.156666666666666,19.833333333333332,42.166666666666664,46.96,12.833333333333334,18.166666666666668,70.81,1.0,8.333333333333334,0.5299999999999999,1.5,18.833333333333332,0.08,16.333333333333332,3.1666666666666665,76.5
74,73,2023-11-18,5,1,2023-2024,Botafogo,Cerrado,1,72.9375,24.0,37.375,11.5625,36.1875,10.9375,25.25,15.125,14.8125,1.12125,8.0,29.125,26.747500000000002,18.6875,35.3125,52.77125,11.5625,17.625,66.315,0.5,7.125,0.5375,2.0,21.1875,0.09625,14.8125,4.0,74.75,71.33428571428571,21.714285714285715,37.90571428571429,11.714285714285714,45.23714285714285,16.0,29.237142857142853,15.571428571428571,14.237142857142857,1.1228571428571428,7.237142857142857,26.857142857142858,27.287142857142857,18.951428571428572,42.42857142857143,44.74,11.714285714285714,20.47714285714286,57.49428571428571,1.3342857142857143,6.522857142857142,0.4714285714285714,2.237142857142857,18.665714285714284,0.11285714285714286,14.237142857142857,2.4771428571428578,74.80857142857143
71,81,2023-11-18,5,1,2023-2024,Minas,Sesi Franca,0,82.66666666666667,29.0,37.833333333333336,15.833333333333334,38.666666666666664,11.333333333333334,27.333333333333332,20.833333333333332,13.666666666666666,1.6149999999999995,9.666666666666666,28.333333333333332,32.68,18.916666666666668,33.166666666666664,56.716666666666676,15.833333333333334,20.916666666666668,74.98666666666666,1.0,7.0,0.49,2.4166666666666665,20.25,0.12166666666666666,13.666666666666666,3.25,99.91666666666667,89.0,29.5,42.55666666666667,16.94333333333333,39.05666666666667,11.833333333333334,27.22333333333334,21.276666666666667,13.223333333333334,1.6466666666666665,9.833333333333334,28.443333333333328,34.848333333333336,21.276666666666667,36.723333333333336,57.86333333333334,16.94333333333333,22.11,76.2,2.3333333333333335,7.666666666666667,0.59,2.39,20.0,0.12333333333333331,13.223333333333334,3.223333333333334,106.94333333333334
79,54,2023-11-19,6,1,2023-2024,R10 Score Vasco da Gama,BRB/Brasília,1,70.14428571428572,24.0,33.42714285714286,12.712857142857143,39.712857142857146,9.285714285714286,30.427142857142858,19.284285714285716,16.001428571428573,1.2885714285714285,8.001428571428573,27.572857142857142,29.34,16.715714285714288,31.284285714285716,53.839999999999996,12.712857142857143,19.858571428571427,64.84142857142857,1.5714285714285714,7.144285714285715,0.43714285714285717,2.5728571428571425,23.142857142857142,0.10428571428571429,16.001428571428573,3.2857142857142856,81.57142857142857,75.71428571428571,29.571428571428573,34.57142857142857,11.571428571428571,33.285714285714285,8.714285714285714,24.571428571428573,14.142857142857142,13.142857142857142,1.1214285714285714,9.857142857142858,27.714285714285715,35.21999999999999,17.285714285714285,34.857142857142854,49.13857142857143,11.571428571428571,17.428571428571427,66.13428571428571,1.1428571428571428,7.0,0.5600000000000002,1.0,20.142857142857142,0.051428571428571435,13.142857142857142,3.4285714285714284,76.71428571428571
86,81,2023-11-20,6,1,2023-2024,Mogi,Botafogo,1,69.0,27.5,30.0,11.5,29.333333333333332,7.666666666666667,21.666666666666668,16.333333333333332,15.0,1.09,9.166666666666666,26.5,35.11333333333334,15.0,29.0,51.903333333333336,11.5,16.166666666666668,70.44333333333333,0.3333333333333333,5.166666666666667,0.34,1.8333333333333333,23.5,0.07666666666666666,15.0,2.6666666666666665,70.66666666666667,73.88888888888889,24.666666666666668,37.333333333333336,11.88888888888889,36.0,11.0,25.0,15.777777777777779,14.555555555555555,1.1833333333333333,8.222222222222221,29.555555555555557,27.142222222222227,18.666666666666668,35.0,53.23222222222223,11.88888888888889,17.77777777777778,67.42666666666666,0.4444444444444444,7.222222222222222,0.5488888888888889,1.8888888888888888,21.0,0.09111111111111111,14.555555555555555,4.111111111111111,76.66666666666667
95,67,2023-11-20,6,1,2023-2024,Bauru Basket,União Corinthians,1,75.125,30.0,36.5,8.625,31.875,9.125,22.75,16.375,12.0,1.3375,10.0,27.875,35.0775,18.25,37.875,48.447500000000005,8.625,11.375,74.86999999999999,1.5,7.125,0.5925,0.75,17.5,0.047500000000000014,12.0,2.5,79.0,76.57142857142857,26.571428571428573,32.285714285714285,17.714285714285715,35.857142857142854,7.714285714285714,28.142857142857142,13.571428571428571,15.0,0.9242857142857142,8.857142857142858,23.285714285714285,37.98428571428571,16.142857142857142,34.42857142857143,46.769999999999996,17.714285714285715,21.428571428571427,82.75285714285715,0.42857142857142855,5.714285714285714,0.37285714285714283,1.8571428571428572,22.285714285714285,0.08142857142857143,15.0,2.0,82.14285714285714
89,67,2023-11-20,6,1,2023-2024,São Paulo,Pato Basquete,1,76.14285714285714,27.857142857142858,34.285714285714285,14.0,32.142857142857146,7.571428571428571,24.571428571428573,15.857142857142858,10.0,1.6014285714285716,9.285714285714286,27.428571428571427,32.92142857142857,17.142857142857142,33.42857142857143,51.15571428571429,14.0,18.0,77.12142857142858,0.8571428571428571,5.0,0.49571428571428566,1.1428571428571428,20.857142857142858,0.06285714285714286,10.0,0.8571428571428571,81.85714285714286,76.55555555555556,30.333333333333332,35.77777777777778,10.444444444444445,36.666666666666664,10.11111111111111,26.555555555555557,17.333333333333332,12.555555555555555,1.456666666666667,10.11111111111111,30.0,33.879999999999995,17.88888888888889,32.888888888888886,54.62444444444444,10.444444444444445,15.777777777777779,65.02666666666667,1.2222222222222223,6.111111111111111,0.4977777777777777,0.7777777777777778,18.11111111111111,0.043333333333333335,12.555555555555555,2.888888888888889,84.66666666666667
87,84,2023-11-21,6,1,2023-2024,Fortaleza B. C. / CFO,Pinheiros,1,77.16666666666667,23.0,40.0,14.166666666666666,37.333333333333336,8.666666666666666,28.666666666666668,15.833333333333334,13.666666666666666,1.2166666666666668,7.666666666666667,20.833333333333332,35.685,20.0,37.333333333333336,53.06166666666667,14.166666666666666,20.0,69.96499999999999,1.5,5.666666666666667,0.4466666666666666,2.3333333333333335,19.166666666666668,0.12166666666666669,13.666666666666666,3.0,88.33333333333333,74.33333333333333,30.5,33.333333333333336,10.5,35.833333333333336,8.666666666666666,27.166666666666668,18.0,16.0,1.1916666666666667,10.166666666666666,26.0,39.068333333333335,16.666666666666668,33.0,50.55666666666667,10.5,17.166666666666668,61.10999999999999,1.1666666666666667,5.833333333333333,0.39166666666666666,1.6666666666666667,17.666666666666668,0.09500000000000001,16.0,3.0,80.83333333333333
82,64,2023-11-21,6,1,2023-2024,Coop/São José Basketball,Flamengo,1,79.16666666666667,27.0,38.0,14.166666666666666,37.833333333333336,9.666666666666666,28.166666666666668,16.666666666666668,15.166666666666666,1.1066666666666667,9.0,26.5,33.9,19.0,35.166666666666664,54.406666666666666,14.166666666666666,20.5,68.20333333333333,0.5,8.0,0.5399999999999999,1.8333333333333333,21.166666666666668,0.09000000000000001,15.166666666666666,3.3333333333333335,88.33333333333333,82.5,27.5,39.333333333333336,15.666666666666666,41.333333333333336,13.0,28.333333333333332,19.333333333333332,12.333333333333334,1.5733333333333335,9.166666666666666,31.333333333333332,29.639999999999997,19.666666666666668,34.333333333333336,57.550000000000004,15.666666666666666,20.0,78.3,2.1666666666666665,8.0,0.64,1.3333333333333333,14.833333333333334,0.09000000000000001,12.333333333333334,2.3333333333333335,99.0
79,68,2023-11-22,6,1,2023-2024,Paulistano,Pato Basquete,1,70.0,18.428571428571427,39.142857142857146,12.428571428571429,41.857142857142854,14.428571428571429,27.428571428571427,14.857142857142858,15.714285714285714,1.002857142857143,6.142857142857143,20.857142857142858,28.705714285714286,19.571428571428573,42.142857142857146,46.37428571428571,12.428571428571429,17.285714285714285,72.59857142857143,1.1428571428571428,8.857142857142858,0.5971428571428571,2.142857142857143,19.142857142857142,0.11,15.714285714285714,2.857142857142857,79.85714285714286,75.65,30.15,35.0,10.5,36.4,10.25,26.15,17.15,12.65,1.4260000000000004,10.05,29.9,33.767999999999994,17.5,32.85,53.470000000000006,10.5,15.5,66.986,1.3,6.1,0.492,0.9,17.9,0.052000000000000005,12.65,2.8,83.35
94,59,2023-11-22,6,1,2023-2024,Bauru Basket,Caxias do Sul Basquete,1,77.27777777777777,30.0,37.22222222222222,10.055555555555555,32.55555555555556,8.944444444444445,23.61111111111111,16.944444444444443,12.055555555555555,1.38,10.0,27.72222222222222,35.373333333333335,18.61111111111111,37.333333333333336,50.303333333333335,10.055555555555555,13.11111111111111,75.39888888888888,1.5555555555555556,7.5,0.62,1.0555555555555556,17.61111111111111,0.06333333333333334,12.055555555555555,2.5,83.77777777777777,75.14285714285714,20.571428571428573,37.714285714285715,16.857142857142858,37.142857142857146,11.142857142857142,26.0,16.714285714285715,13.428571428571429,1.2514285714285713,6.857142857142857,23.714285714285715,29.40285714285714,18.857142857142858,39.857142857142854,47.86,16.857142857142858,25.428571428571427,66.41714285714286,1.5714285714285714,8.714285714285714,0.6742857142857144,1.8571428571428572,18.857142857142858,0.10142857142857142,13.428571428571429,3.7142857142857144,79.71428571428571
101,56,2023-11-22,6,1,2023-2024,Sesi Franca,União Corinthians,1,88.14285714285714,29.571428571428573,42.001428571428576,16.57,38.85857142857144,11.857142857142858,27.00142857142858,20.85571428571429,13.144285714285715,1.6185714285714283,9.857142857142858,28.569999999999993,34.74,20.99857142857143,36.71571428571429,57.13,16.57,21.712857142857143,75.9057142857143,2.142857142857143,7.714285714285714,0.5957142857142858,2.287142857142857,19.857142857142858,0.11857142857142855,13.144285714285715,3.144285714285715,105.14142857142859,74.6875,26.25,32.125,16.3125,35.3125,7.875,27.4375,13.5625,14.75,0.9387499999999999,8.75,24.0,36.684999999999995,16.0625,34.8125,46.089999999999996,16.3125,20.1875,79.47375000000001,0.4375,5.5625,0.37,1.8125,22.0,0.08125,14.75,2.0,78.3125
96,72,2023-11-23,6,1,2023-2024,Coop/São José Basketball,Botafogo,1,80.57142857142857,26.571428571428573,39.857142857142854,14.142857142857142,38.5,9.785714285714286,28.714285714285715,17.571428571428573,15.214285714285714,1.1600000000000001,8.857142857142858,26.571428571428573,33.29,19.928571428571427,35.785714285714285,55.857142857142854,14.142857142857142,20.142857142857142,69.57142857142857,0.6428571428571429,8.285714285714286,0.5557142857142857,1.7857142857142858,21.071428571428573,0.08714285714285716,15.214285714285714,3.2142857142857144,91.92857142857143,74.15,24.9,37.2,12.05,36.0,11.2,24.8,15.8,15.0,1.149,8.3,28.85,28.428000000000004,18.6,35.55,52.352999999999994,12.05,17.9,67.78899999999999,0.4,7.0,0.5199999999999999,1.9,20.9,0.092,15.0,4.05,76.5
85,78,2023-11-23,6,1,2023-2024,UNIFACISA,Pinheiros,1,74.16666666666667,29.0,31.666666666666668,13.5,39.666666666666664,13.0,26.666666666666668,16.0,13.666666666666666,1.1683333333333332,9.666666666666666,30.833333333333332,31.64,15.833333333333334,31.0,50.62333333333333,13.5,18.333333333333332,74.10666666666667,1.0,6.833333333333333,0.49500000000000005,2.6666666666666665,19.333333333333332,0.1416666666666667,13.666666666666666,3.0,84.5,75.28571428571429,29.785714285714285,35.285714285714285,10.214285714285714,36.642857142857146,10.0,26.642857142857142,17.642857142857142,15.5,1.1985714285714286,9.928571428571429,26.357142857142858,37.74714285714286,17.642857142857142,34.57142857142857,50.964285714285715,10.214285714285714,16.714285714285715,61.052857142857135,1.3571428571428572,5.714285714285714,0.39285714285714285,1.5,17.571428571428573,0.08571428571428573,15.5,2.7142857142857144,81.42857142857143
86,95,2023-11-23,6,1,2023-2024,Mogi,Flamengo,0,71.0957142857143,29.428571428571427,29.810000000000002,11.857142857142858,29.095714285714287,7.8100000000000005,21.285714285714285,16.714285714285715,15.047142857142857,1.1114285714285717,9.81,26.76142857142857,36.98857142857143,14.904285714285715,28.714285714285715,52.07285714285714,11.857142857142858,16.38142857142857,71.70142857142856,0.33285714285714285,5.238571428571428,0.3442857142857143,1.7142857142857142,23.142857142857142,0.07285714285714286,15.047142857142857,2.904285714285714,73.52428571428571,82.07142857142857,27.0,39.714285714285715,15.357142857142858,39.57142857142857,12.5,27.071428571428573,18.857142857142858,12.285714285714286,1.5385714285714287,9.0,30.642857142857142,29.718571428571426,19.857142857142858,34.285714285714285,58.151428571428575,15.357142857142858,20.071428571428573,76.52142857142857,2.2857142857142856,8.285714285714286,0.6671428571428571,1.5,15.285714285714286,0.09714285714285716,12.285714285714286,2.357142857142857,97.21428571428571
75,83,2023-11-23,6,1,2023-2024,São Paulo,Minas,0,76.875,27.5625,35.875,13.4375,32.8125,8.125,24.6875,15.8125,10.125,1.5775000000000001,9.1875,27.375,32.74125,17.9375,33.9375,52.595000000000006,13.4375,17.25,77.3775,0.875,4.875,0.47874999999999995,1.4375,20.0625,0.08499999999999999,10.125,1.0,83.6875,83.0,28.714285714285715,38.57142857142857,15.714285714285714,38.285714285714285,11.142857142857142,27.142857142857142,21.142857142857142,13.428571428571429,1.6585714285714281,9.571428571428571,28.142857142857142,32.77285714285714,19.285714285714285,33.57142857142857,57.1457142857143,15.714285714285714,20.857142857142858,74.72714285714287,1.0,7.142857142857143,0.5157142857142857,2.5714285714285716,20.142857142857142,0.12999999999999998,13.428571428571429,3.0,100.71428571428571
78,65,2023-11-23,6,1,2023-2024,Fortaleza B. C. / CFO,Corinthians,1,77.92857142857143,23.785714285714285,40.42857142857143,13.714285714285714,36.142857142857146,8.214285714285714,27.928571428571427,16.142857142857142,13.071428571428571,1.312857142857143,7.928571428571429,21.357142857142858,36.12714285714286,20.214285714285715,37.0,54.25714285714286,13.714285714285714,19.857142857142858,68.24,1.3571428571428572,5.857142857142857,0.48857142857142855,2.5,18.428571428571427,0.14,13.071428571428571,2.7142857142857144,89.14285714285714,77.5,22.0,42.333333333333336,13.166666666666666,40.166666666666664,11.833333333333334,28.333333333333332,15.666666666666666,13.0,1.2133333333333334,7.333333333333333,26.166666666666668,27.916666666666668,21.166666666666668,38.666666666666664,55.49166666666667,13.166666666666666,19.166666666666668,68.79333333333334,1.6666666666666667,6.0,0.4716666666666667,1.8333333333333333,17.666666666666668,0.10833333333333334,13.0,2.8333333333333335,85.83333333333333
84,53,2023-11-24,6,1,2023-2024,Cerrado,BRB/Brasília,1,71.37625,22.5,37.251250000000006,11.625,44.623749999999994,15.875,28.748749999999994,15.625,13.99875,1.145,7.498749999999999,26.625,28.542499999999997,18.62375,42.0,44.3825,11.625,20.62625,56.653749999999995,1.25125,6.498749999999999,0.47624999999999995,2.2487500000000002,18.49875,0.115,13.99875,2.2512500000000006,74.87375,72.9375,28.125,33.5,11.3125,33.25,9.125,24.125,13.6875,13.1875,1.07875,9.375,27.25,33.942499999999995,16.75,35.6875,46.9125,11.3125,17.125,65.78375,1.1875,7.0,0.5550000000000002,1.0625,19.75,0.05625000000000001,13.1875,3.3125,72.125
89,60,2023-11-24,6,1,2023-2024,Sesi Franca,Caxias do Sul Basquete,1,89.0,29.25,43.751250000000006,15.99875,40.001250000000006,11.9375,28.063750000000006,20.81125,13.43875,1.5812499999999998,9.75,27.811249999999994,35.3975,21.87375,37.751250000000006,57.76625,15.99875,20.87375,76.4175,2.3125,7.6875,0.58125,2.4387499999999998,18.75,0.14375,13.43875,2.9387500000000006,107.68625000000002,73.1875,20.4375,37.0,15.75,36.375,11.125,25.25,16.625,13.9375,1.20875,6.8125,24.0625,28.79375,18.5,39.5,47.2825,15.75,23.625,67.20625000000001,1.875,8.5625,0.64375,1.8125,18.9375,0.09874999999999999,13.9375,3.6875,76.5
76,75,2023-11-25,6,1,2023-2024,UNIFACISA,Corinthians,1,75.07142857142857,28.071428571428573,34.142857142857146,12.857142857142858,39.357142857142854,12.285714285714286,27.071428571428573,16.357142857142858,13.5,1.2128571428571429,9.357142857142858,30.5,30.88,17.071428571428573,32.142857142857146,52.365714285714276,12.857142857142858,17.357142857142858,74.7,1.0,6.857142857142857,0.5042857142857143,2.4285714285714284,19.071428571428573,0.13000000000000003,13.5,2.9285714285714284,85.85714285714286,76.42857142857143,21.428571428571427,41.57142857142857,13.428571428571429,40.285714285714285,11.5,28.785714285714285,15.0,12.928571428571429,1.1657142857142857,7.142857142857143,26.071428571428573,27.29,20.785714285714285,38.642857142857146,54.42857142857143,13.428571428571429,19.071428571428573,70.54857142857144,1.5,5.928571428571429,0.46714285714285714,1.7857142857142858,17.285714285714285,0.10714285714285714,12.928571428571429,2.7857142857142856,84.07142857142857
79,95,2023-11-25,6,1,2023-2024,Mogi,R10 Score Vasco da Gama,0,72.6675,30.875,29.667500000000004,12.125,28.917500000000004,7.9175,21.0,17.0,15.0825,1.1275000000000002,10.2925,26.957499999999996,38.395,14.8325,28.5,52.2,12.125,16.5425,72.645,0.3325,5.2925,0.34750000000000003,1.625,22.875,0.07,15.0825,3.0824999999999996,75.66749999999999,72.25125,26.25,33.49875,12.49875,39.74875,9.875,29.87375,19.87375,15.81375,1.335,8.75125,27.87625,31.50625,16.75125,31.68625,53.269999999999996,12.49875,19.12625,66.5575,1.6875,7.001250000000001,0.43375,2.5012499999999998,22.6875,0.10375,15.81375,3.4375,84.875
71,86,2023-11-25,6,1,2023-2024,Paulistano,Minas,0,70.625,19.125,39.375,12.125,41.25,14.25,27.0,14.9375,15.0625,1.0625,6.375,21.5,28.96375,19.6875,41.9375,46.905,12.125,17.3125,70.66625,1.125,8.625,0.60625,2.3125,19.3125,0.11750000000000001,15.0625,2.6875,80.125,83.1875,30.5625,37.75,14.875,37.9375,11.125,26.8125,20.625,13.1875,1.6362499999999998,10.1875,28.125,35.15,18.875,33.6875,55.80000000000001,14.875,19.8125,74.38625,1.0,6.9375,0.51125,2.4375,19.9375,0.12374999999999999,13.1875,2.875,100.25
89,73,2023-11-27,7,1,2023-2024,Flamengo,Bauru Basket,1,81.75,26.625,40.0,15.125,38.25,12.125,26.125,18.5,12.25,1.5125000000000002,8.875,30.125,29.777499999999996,20.0,34.25,58.6025,15.125,20.125,75.1875,2.375,8.5,0.6875,1.625,15.625,0.10250000000000001,12.25,2.375,95.875,79.0,30.0,37.8,11.2,33.1,8.8,24.3,17.4,12.1,1.4140000000000001,10.0,27.6,35.61,18.9,36.9,51.788,11.2,14.5,75.82199999999999,1.6,7.8,0.642,1.3,17.7,0.076,12.1,2.5,87.6
83,71,2023-11-27,7,1,2023-2024,Coop/São José Basketball,R10 Score Vasco da Gama,1,81.625,26.25,41.25,14.125,39.0,9.875,29.125,18.25,15.25,1.2000000000000002,8.75,26.625,32.832499999999996,20.625,36.25,56.945,14.125,19.875,70.5975,0.75,8.5,0.5675,1.75,21.0,0.08500000000000002,15.25,3.125,94.625,73.89,28.0,33.55444444444444,12.33222222222222,39.77666666666667,10.333333333333334,29.443333333333335,20.332222222222224,15.667777777777777,1.3711111111111112,9.334444444444445,28.112222222222222,33.19111111111111,16.778888888888886,31.99888888888889,52.82666666666666,12.33222222222222,18.556666666666665,67.89222222222222,1.7777777777777777,6.890000000000001,0.43111111111111117,2.4455555555555555,22.333333333333332,0.10333333333333333,15.667777777777777,3.5555555555555554,87.44444444444444
70,62,2023-11-28,7,1,2023-2024,Cerrado,Mogi,1,72.77888888888889,22.666666666666668,38.667777777777786,11.444444444444445,44.88777777777777,15.444444444444445,29.443333333333328,16.555555555555557,13.998888888888889,1.2077777777777778,7.554444444444444,26.11111111111111,29.41111111111111,19.332222222222224,42.0,46.06444444444444,11.444444444444445,19.89,58.29555555555555,1.5566666666666666,6.665555555555555,0.48666666666666664,2.4433333333333334,17.99888888888889,0.13444444444444445,13.998888888888889,2.334444444444445,79.66555555555556,73.89,32.0,29.556666666666672,12.333333333333334,28.778888888888893,8.001111111111111,20.77777777777778,17.22222222222222,15.110000000000001,1.1400000000000001,10.66777777777778,27.109999999999996,39.488888888888894,14.776666666666667,28.333333333333332,52.2988888888889,12.333333333333334,16.667777777777776,73.37888888888888,0.33222222222222225,5.334444444444445,0.35000000000000003,1.5555555555555556,22.666666666666668,0.06777777777777778,15.110000000000001,3.2211111111111106,77.33444444444443
51,63,2023-11-28,7,1,2023-2024,União Corinthians,Paulistano,0,73.22222222222223,26.0,32.0,15.222222222222221,34.888888888888886,8.0,26.88888888888889,13.555555555555555,14.555555555555555,0.9499999999999998,8.666666666666666,24.555555555555557,35.67444444444444,16.0,35.111111111111114,45.5611111111111,15.222222222222221,19.22222222222222,76.92333333333335,0.4444444444444444,5.444444444444445,0.36777777777777776,1.7777777777777777,21.77777777777778,0.0811111111111111,14.555555555555555,2.0,75.33333333333333,71.11111111111111,19.666666666666668,39.55555555555556,11.88888888888889,40.77777777777778,14.11111111111111,26.666666666666668,15.0,14.555555555555555,1.108888888888889,6.555555555555555,22.0,29.164444444444445,19.77777777777778,41.77777777777778,47.31777777777778,11.88888888888889,17.333333333333332,69.16333333333334,1.1111111111111112,8.444444444444445,0.6133333333333333,2.4444444444444446,19.444444444444443,0.12333333333333335,14.555555555555555,2.5555555555555554,80.33333333333333
79,84,2023-11-28,7,1,2023-2024,Caxias do Sul Basquete,São Paulo,0,71.66666666666667,20.333333333333332,36.44444444444444,14.88888888888889,35.77777777777778,11.11111111111111,24.666666666666668,16.555555555555557,14.333333333333334,1.1755555555555555,6.777777777777778,24.333333333333332,28.32,18.22222222222222,39.22222222222222,46.833333333333336,14.88888888888889,22.22222222222222,67.82000000000001,2.111111111111111,8.444444444444445,0.62,1.7777777777777777,19.0,0.09666666666666665,14.333333333333334,3.6666666666666665,74.0,77.44444444444444,27.333333333333332,37.111111111111114,13.0,33.333333333333336,8.555555555555555,24.77777777777778,15.777777777777779,10.222222222222221,1.558888888888889,9.11111111111111,27.333333333333332,32.601111111111116,18.555555555555557,34.333333333333336,53.71444444444445,13.0,16.666666666666668,77.57666666666665,0.8888888888888888,4.777777777777778,0.4655555555555555,1.6666666666666667,19.444444444444443,0.10222222222222221,10.222222222222221,1.1111111111111112,85.11111111111111
83,80,2023-11-29,7,1,2023-2024,Botafogo,Bauru Basket,1,74.2,23.4,38.4,12.4,36.4,11.4,25.0,16.0,16.1,1.058,7.8,27.2,28.838,19.2,36.5,52.926,12.4,18.2,68.64399999999998,0.4,6.7,0.446,1.9,21.2,0.09,16.1,4.3,76.6,77.933,29.3,37.5,11.133,33.233,8.95,24.282999999999998,17.2,12.35,1.379,9.767,27.567,34.891,18.75,36.733,51.593999999999994,11.133,14.6,74.66799999999999,1.6,7.417,0.606,1.3,18.067,0.073,12.35,2.633,85.483
85,82,2023-11-29,7,1,2023-2024,Minas,UNIFACISA,1,83.33333333333333,32.0,37.111111111111114,14.222222222222221,37.666666666666664,11.11111111111111,26.555555555555557,20.22222222222222,13.0,1.6188888888888888,10.666666666666666,28.11111111111111,36.99888888888889,18.555555555555557,33.77777777777778,54.753333333333345,14.222222222222221,19.0,74.12111111111112,1.0,6.777777777777778,0.5077777777777778,2.3333333333333335,19.77777777777778,0.11888888888888888,13.0,2.7777777777777777,99.88888888888889,75.75,27.375,36.0,12.375,39.125,11.75,27.375,16.625,13.375,1.24625,9.125,30.25,30.31,18.0,33.0,53.67249999999999,12.375,16.625,75.145,1.0,6.875,0.51125,2.25,18.875,0.12125000000000002,13.375,2.875,86.875
75,76,2023-11-29,7,1,2023-2024,Pato Basquete,Fortaleza B. C. / CFO,0,75.3,29.7,34.2,11.4,36.3,10.4,25.9,16.7,12.8,1.374,9.9,29.6,33.605999999999995,17.1,32.7,52.484,11.4,16.4,70.44800000000001,1.4,6.2,0.49400000000000005,1.0,18.0,0.05800000000000001,12.8,2.7,82.4,78.5,24.375,40.75,13.375,35.25,7.875,27.375,16.375,12.625,1.3850000000000002,8.125,21.75,36.45875,20.375,36.75,55.15375,13.375,19.75,66.94624999999999,1.25,6.0,0.52,2.625,17.875,0.15375,12.625,2.5,89.75
81,80,2023-11-30,7,1,2023-2024,BRB/Brasília,Mogi,1,70.77777777777777,27.0,32.666666666666664,11.11111111111111,33.22222222222222,9.444444444444445,23.77777777777778,13.333333333333334,13.222222222222221,1.0455555555555556,9.0,26.88888888888889,32.94888888888889,16.333333333333332,36.333333333333336,45.18111111111111,11.11111111111111,16.88888888888889,65.51111111111112,1.2222222222222223,7.0,0.5511111111111112,1.1111111111111112,19.444444444444443,0.060000000000000005,13.222222222222221,3.2222222222222223,68.55555555555556,73.601,31.05,30.001000000000005,12.55,29.451000000000004,8.151,21.3,17.1,14.949000000000002,1.145,10.351,27.298999999999996,38.126000000000005,14.999,28.15,53.484,12.55,17.250999999999998,72.48499999999999,0.34900000000000003,5.351000000000001,0.35600000000000004,1.45,22.55,0.06300000000000001,14.949000000000002,3.1489999999999996,77.201
94,92,2023-11-30,7,1,2023-2024,Corinthians,Pinheiros,1,75.625,21.0,41.0,13.625,40.375,11.25,29.125,14.5,12.875,1.1300000000000001,7.0,26.0,26.82,20.5,38.625,53.63125,13.625,19.0,71.86500000000001,1.375,5.875,0.46375,1.75,17.0,0.10625,12.875,2.75,82.75,76.0,29.25,36.75,10.0,37.25,11.0,26.25,17.375,15.125,1.20375,9.75,26.625,36.75625,18.375,35.75,51.269999999999996,10.0,16.375,61.00999999999999,1.5,5.625,0.39375,1.375,17.5,0.07875000000000001,15.125,2.5,81.875
65,81,2023-11-30,7,1,2023-2024,Caxias do Sul Basquete,Paulistano,0,71.7,20.7,36.1,14.9,35.35,11.0,24.35,16.45,14.6,1.149,6.9,24.1,29.124000000000002,18.05,39.0,46.609,14.9,22.0,68.53800000000001,2.1,8.45,0.608,1.7,19.15,0.092,14.6,3.65,73.8,71.2,19.65,39.6,11.95,40.65,14.05,26.6,14.75,14.35,1.098,6.55,21.85,29.419,19.8,41.6,47.586,11.95,17.5,68.826,1.25,8.45,0.6199999999999999,2.5,19.45,0.126,14.35,2.45,80.55
74,81,2023-11-30,7,1,2023-2024,União Corinthians,São Paulo,0,72.15,25.5,32.1,14.55,34.8,8.35,26.45,13.45,14.4,0.9509999999999998,8.5,24.75,34.748999999999995,16.05,34.7,46.327999999999996,14.55,18.4,76.958,0.45,5.4,0.369,1.7,21.6,0.078,14.4,1.95,74.35,77.95,26.4,38.0,13.55,33.25,8.5,24.75,15.8,10.25,1.5550000000000002,8.8,26.55,32.418,19.0,34.5,54.732000000000006,13.55,17.35,77.691,1.0,5.1,0.49499999999999994,1.75,19.35,0.10600000000000001,10.25,1.2,86.55
93,88,2023-12-01,7,1,2023-2024,Minas,Fortaleza B. C. / CFO,1,83.9,32.4,37.2,14.3,37.45,10.95,26.5,20.7,13.0,1.6489999999999998,10.8,28.45,37.109,18.6,33.95,54.63000000000001,14.3,19.15,74.026,1.05,6.55,0.492,2.45,19.55,0.12699999999999997,13.0,2.75,100.2,78.88888888888889,24.666666666666668,41.333333333333336,12.88888888888889,35.55555555555556,7.777777777777778,27.77777777777778,17.055555555555557,12.88888888888889,1.397777777777778,8.222222222222221,21.88888888888889,36.75555555555556,20.666666666666668,37.111111111111114,55.41444444444445,12.88888888888889,19.22222222222222,66.17444444444443,1.2777777777777777,5.777777777777778,0.49222222222222217,2.611111111111111,17.61111111111111,0.15444444444444444,12.88888888888889,2.7222222222222223,90.55555555555556
64,68,2023-12-01,7,1,2023-2024,Pato Basquete,UNIFACISA,0,75.2,28.35,35.7,11.15,36.3,10.8,25.5,16.45,11.95,1.4520000000000002,9.45,28.65,32.967,17.85,34.95,51.31600000000001,11.15,15.95,70.566,1.45,6.1,0.527,0.95,18.0,0.05600000000000001,11.95,2.5,81.95,75.66666666666667,26.833333333333332,35.55555555555556,13.277777777777779,38.77777777777778,11.333333333333334,27.444444444444443,16.11111111111111,13.222222222222221,1.218888888888889,8.944444444444445,29.77777777777778,30.147777777777776,17.77777777777778,32.666666666666664,53.63444444444443,13.277777777777779,17.444444444444443,76.28666666666666,0.9444444444444444,6.833333333333333,0.5144444444444445,2.111111111111111,18.944444444444443,0.11333333333333336,13.222222222222221,2.8333333333333335,86.38888888888889
93,67,2023-12-02,7,1,2023-2024,Flamengo,Sesi Franca,1,82.77777777777777,27.333333333333332,40.22222222222222,15.222222222222221,38.44444444444444,12.38888888888889,26.055555555555557,19.333333333333332,11.833333333333334,1.6844444444444446,9.11111111111111,30.555555555555557,30.063333333333333,20.11111111111111,34.388888888888886,58.663333333333334,15.222222222222221,20.0,76.19,2.1666666666666665,8.333333333333334,0.7022222222222223,1.5555555555555556,16.38888888888889,0.09555555555555556,11.833333333333334,2.3333333333333335,98.11111111111111,89.66666666666667,29.0,45.11222222222223,15.554444444444446,40.89000000000001,12.0,28.890000000000004,20.776666666666667,13.66777777777778,1.5522222222222222,9.666666666666666,27.221111111111107,35.90888888888889,22.554444444444446,38.55666666666667,58.26111111111111,15.554444444444446,20.221111111111114,76.81555555555556,2.4444444444444446,7.666666666666667,0.5700000000000001,2.5566666666666666,17.88888888888889,0.16333333333333333,13.66777777777778,2.7788888888888894,109.66555555555557
74,78,2023-12-02,7,1,2023-2024,Cerrado,Coop/São José Basketball,0,72.701,22.35,38.801,11.55,44.04899999999999,14.75,29.298999999999996,16.75,13.549000000000001,1.282,7.449,26.05,29.019,19.399,41.55,46.791,11.55,19.750999999999998,59.223,1.6009999999999998,6.848999999999999,0.5269999999999999,2.349,17.649,0.131,13.549000000000001,2.3010000000000006,80.199,81.5,27.166666666666668,40.666666666666664,13.666666666666666,39.44444444444444,10.055555555555555,29.38888888888889,18.166666666666668,15.444444444444445,1.1811111111111112,9.055555555555555,26.88888888888889,33.591111111111104,20.333333333333332,36.388888888888886,55.95111111111111,13.666666666666666,19.055555555555557,71.64222222222222,0.8333333333333334,8.444444444444445,0.5566666666666666,1.7777777777777777,20.38888888888889,0.09000000000000002,15.444444444444445,3.1666666666666665,94.61111111111111
67,58,2023-12-02,7,1,2023-2024,R10 Score Vasco da Gama,Bauru Basket,1,73.401,27.15,34.099000000000004,12.149,39.549,10.45,29.099,20.199,15.800999999999998,1.346,9.051,27.750999999999998,32.525,17.051,32.749,52.480999999999995,12.149,18.151,68.344,1.75,7.301,0.453,2.601,21.7,0.118,15.800999999999998,3.55,86.85,76.86600000000001,28.6,37.2,11.065999999999999,33.366,9.1,24.266,17.0,12.6,1.344,9.534,27.534000000000002,34.172,18.6,36.565999999999995,51.4,11.065999999999999,14.7,73.51399999999998,1.6,7.034000000000001,0.57,1.3,18.434000000000005,0.06999999999999999,12.6,2.7659999999999996,83.36600000000001
66,92,2023-12-04,8,1,2023-2024,BRB/Brasília,Coop/São José Basketball,0,71.8,27.0,33.0,11.8,33.3,9.4,23.9,13.5,13.0,1.077,9.0,26.1,34.391,16.5,36.9,44.949,11.8,17.7,66.16,1.2,7.2,0.5780000000000001,1.3,20.5,0.064,13.0,3.0,70.7,81.4,27.9,40.2,13.3,39.8,10.2,29.6,18.1,15.6,1.166,9.3,27.1,34.19799999999999,20.1,36.5,55.15599999999999,13.3,18.4,72.478,0.9,8.4,0.5479999999999999,1.8,19.9,0.09400000000000001,15.6,3.2,94.6
64,77,2023-12-04,8,1,2023-2024,R10 Score Vasco da Gama,Sesi Franca,0,73.751,26.85,34.999,11.899,39.699,10.45,29.249000000000002,20.299,16.000999999999998,1.3380000000000003,8.951,26.851,32.939,17.500999999999998,34.149,51.536,11.899,17.451,69.53799999999998,1.85,7.551,0.461,3.001,21.3,0.143,16.000999999999998,3.6,88.2,87.4,27.6,44.001000000000005,15.799000000000001,40.301,11.8,28.501000000000005,19.899,13.700999999999999,1.4829999999999999,9.2,27.198999999999995,34.17,21.999000000000002,37.601000000000006,58.297000000000004,15.799000000000001,20.299,77.70500000000001,2.3,7.0,0.5200000000000001,2.8009999999999997,18.3,0.16999999999999998,13.700999999999999,2.8010000000000006,105.59900000000002
78,77,2023-12-04,8,1,2023-2024,São Paulo,Botafogo,1,77.0,22.8,40.0,14.2,33.3,8.4,24.9,15.9,10.0,1.592,7.6,24.7,30.757999999999992,20.0,35.5,56.121,14.2,17.7,79.563,1.2,5.2,0.517,2.0,18.4,0.12000000000000002,10.0,1.3,87.3,75.05,23.55,37.9,13.6,36.15,11.65,24.5,16.4,16.3,1.0699999999999998,7.85,27.3,28.931000000000004,18.95,36.1,52.906000000000006,13.6,19.3,70.67399999999999,0.35,6.6,0.43200000000000005,1.7,21.35,0.08000000000000002,16.3,4.1,77.3
72,77,2023-12-05,8,1,2023-2024,Paulistano,Flamengo,0,72.35,20.25,39.9,12.2,40.8,14.0,26.8,14.85,13.55,1.142,6.75,22.0,30.221999999999998,19.95,41.4,48.181,12.2,18.0,68.26199999999999,1.4,8.5,0.6489999999999999,2.65,19.6,0.13299999999999998,13.55,2.25,83.1,83.6,27.9,40.4,15.3,38.6,12.6,26.0,20.0,11.5,1.8220000000000003,9.3,30.9,30.292,20.2,34.5,58.712,15.3,19.9,76.992,2.0,8.2,0.7140000000000001,1.5,17.0,0.09000000000000001,11.5,2.3,99.9
73,77,2023-12-05,8,1,2023-2024,Corinthians,Mogi,0,77.66666666666667,22.0,41.77777777777778,13.88888888888889,40.0,11.444444444444445,28.555555555555557,15.222222222222221,12.444444444444445,1.2633333333333334,7.333333333333333,26.333333333333332,27.67111111111111,20.88888888888889,38.666666666666664,54.510000000000005,13.88888888888889,19.444444444444443,71.61,1.4444444444444444,5.888888888888889,0.48666666666666664,1.7777777777777777,17.11111111111111,0.10666666666666666,12.444444444444445,2.6666666666666665,85.77777777777777,74.151,30.3,30.601000000000006,13.25,30.001000000000005,8.451,21.55,16.95,14.749,1.151,10.101,27.898999999999994,36.364000000000004,15.299000000000001,27.75,55.309000000000005,13.25,18.151,73.373,0.399,5.351000000000001,0.36200000000000004,1.35,22.7,0.056999999999999995,14.749,3.1489999999999996,77.901
67,68,2023-12-06,8,1,2023-2024,Minas,Cerrado,0,83.65,31.35,37.8,14.5,36.95,10.85,26.1,20.55,13.15,1.611,10.45,28.2,36.36,18.9,34.55,54.55799999999999,14.5,19.5,73.696,1.15,6.6,0.492,2.45,19.25,0.12999999999999998,13.15,2.8,98.65,73.701,22.8,39.401,11.5,44.099,14.2,29.898999999999994,17.5,13.099,1.3979999999999997,7.598999999999999,25.6,29.901,19.699,40.7,48.428,11.5,19.801,58.757999999999996,1.6009999999999998,6.398999999999999,0.5229999999999999,2.099,17.299,0.11900000000000002,13.099,2.2009999999999996,83.399
94,80,2023-12-06,8,1,2023-2024,UNIFACISA,Caxias do Sul Basquete,1,75.6,26.4,35.2,14.0,38.5,11.0,27.5,15.7,13.1,1.197,8.8,29.4,30.018,17.6,32.4,53.604,14.0,18.1,77.19999999999999,0.9,6.8,0.517,2.0,19.0,0.10700000000000003,13.1,2.8,86.0,72.3,22.2,35.8,14.3,34.8,11.0,23.8,16.7,15.3,1.11,7.4,25.3,29.76,17.9,37.5,47.60600000000001,14.3,20.7,69.674,2.0,8.3,0.5579999999999999,1.6,19.3,0.086,15.3,3.7,74.5
74,78,2023-12-06,8,1,2023-2024,Fortaleza B. C. / CFO,União Corinthians,0,79.2,24.9,41.8,12.5,35.8,7.7,28.1,17.6,13.1,1.4080000000000001,8.3,22.0,36.993,20.9,37.4,55.623000000000005,12.5,18.8,65.55699999999999,1.3,5.6,0.4699999999999999,2.6,17.4,0.15499999999999997,13.1,2.9,91.2,70.2,24.75,31.3,14.15,34.4,8.95,25.45,13.25,14.45,0.9309999999999998,8.25,24.9,33.591,15.65,34.25,45.876,14.15,17.85,77.109,0.45,5.4,0.367,1.4,21.3,0.06600000000000002,14.45,1.95,71.25
70,83,2023-12-07,8,1,2023-2024,São Paulo,Flamengo,0,77.667,24.6,38.733,14.332999999999998,33.132999999999996,8.4,24.732999999999997,16.233,10.267,1.593,8.2,24.933,32.81699999999999,19.366999999999997,34.933,55.010000000000005,14.332999999999998,17.833,79.68800000000002,1.1,5.167,0.499,2.2329999999999997,19.133,0.126,10.267,1.567,88.36699999999999,83.9,28.5,39.9,15.5,38.85,12.6,26.25,20.15,12.0,1.784,9.5,30.8,31.068,19.95,34.3,58.298,15.5,20.1,77.21700000000001,2.2,8.35,0.7070000000000001,1.7,17.35,0.09900000000000002,12.0,2.5,100.7
100,77,2023-12-07,8,1,2023-2024,Sesi Franca,BRB/Brasília,1,85.967,27.6,43.468,14.899000000000001,39.834,11.467,28.368000000000002,20.199,14.034,1.48,9.2,26.932,34.583,21.732,36.901,58.795,14.899000000000001,19.532,76.495,2.3,7.133,0.521,3.068,17.767000000000003,0.187,14.034,2.768,104.63199999999999,71.8,27.6,32.533,11.667,32.967,9.433,23.532999999999998,13.267,12.8,1.0699999999999998,9.2,26.867,34.325,16.267000000000003,36.6,44.715,11.667,17.467000000000002,66.27900000000001,1.1,7.333,0.5960000000000001,1.4,20.6,0.069,12.8,2.6670000000000003,70.167
75,69,2023-12-07,8,1,2023-2024,Pinheiros,Mogi,1,77.77777777777777,30.333333333333332,37.111111111111114,10.333333333333334,36.888888888888886,10.88888888888889,26.0,17.444444444444443,14.444444444444445,1.2922222222222224,10.11111111111111,27.555555555555557,36.79888888888889,18.555555555555557,35.111111111111114,52.98111111111111,10.333333333333334,16.77777777777778,61.453333333333326,1.3333333333333333,5.222222222222222,0.37444444444444447,1.3333333333333333,17.77777777777778,0.07555555555555557,14.444444444444445,2.3333333333333335,83.77777777777777,74.901,31.35,29.901000000000003,13.65,30.551000000000005,8.551,22.0,17.05,14.499,1.18,10.451,28.698999999999995,36.371,14.949000000000002,27.35,54.681000000000004,13.65,18.250999999999998,75.748,0.399,5.251,0.36200000000000004,1.4,22.6,0.06,14.499,3.099,79.401
85,77,2023-12-07,8,1,2023-2024,Paulistano,Botafogo,1,74.15,20.85,40.6,12.7,41.1,14.35,26.75,15.2,13.05,1.1830000000000003,6.95,22.65,30.403000000000002,20.3,41.55,48.833,12.7,18.7,68.26199999999999,1.55,8.35,0.6519999999999999,2.85,19.7,0.143,13.05,2.2,85.65,75.767,24.3,37.132999999999996,14.332999999999998,36.2,11.9,24.3,16.5,16.033,1.1069999999999998,8.1,27.532999999999998,29.592000000000002,18.567,36.533,51.340999999999994,14.332999999999998,19.532999999999998,73.643,0.333,6.6,0.446,1.6,21.633,0.074,16.033,3.867,78.033
62,63,2023-12-08,8,1,2023-2024,Fortaleza B. C. / CFO,Caxias do Sul Basquete,0,78.65,25.2,41.9,11.55,36.1,7.7,28.4,17.3,13.35,1.3750000000000002,8.4,22.6,36.616,20.95,37.0,56.39300000000001,11.55,17.9,63.60699999999999,1.3,5.55,0.46099999999999997,2.45,17.5,0.147,13.35,2.8,90.1,72.6,22.2,36.8,13.6,35.7,11.45,24.25,16.9,15.4,1.116,7.4,25.7,29.373,18.4,38.55,47.64200000000001,13.6,19.75,69.494,2.3,8.15,0.541,1.55,19.45,0.083,15.4,3.7,74.9
86,80,2023-12-08,8,1,2023-2024,UNIFACISA,União Corinthians,1,77.1,26.7,35.8,14.6,38.75,11.0,27.75,15.35,13.0,1.182,8.9,29.5,30.253999999999998,17.9,32.9,53.654999999999994,14.6,18.55,78.513,0.85,6.55,0.5040000000000001,2.05,19.15,0.10800000000000001,13.0,2.6,87.25,69.9,24.6,31.2,14.1,34.0,9.35,24.65,13.55,14.35,0.967,8.2,24.85,33.464000000000006,15.6,34.35,45.580000000000005,14.1,18.15,75.68699999999998,0.5,5.45,0.37499999999999994,1.35,21.05,0.066,14.35,2.1,70.45
70,75,2023-12-09,8,1,2023-2024,São Paulo,R10 Score Vasco da Gama,0,79.734,25.5,38.866,15.365999999999996,34.065999999999995,9.0,25.065999999999995,16.666000000000004,10.434000000000001,1.616,8.5,25.065999999999995,33.784000000000006,19.433999999999997,34.565999999999995,55.69199999999999,15.365999999999996,18.766,81.98,1.1,4.934,0.4680000000000001,2.566,18.965999999999998,0.142,10.434000000000001,1.634,92.434,74.151,27.0,34.799,12.349,39.399,10.35,29.049,20.399,16.351,1.321,9.001,25.951,33.964999999999996,17.401,34.499,50.48199999999999,12.349,17.601,71.1,1.95,7.550999999999999,0.45,3.351,21.9,0.156,16.351,3.9,89.2
73,71,2023-12-09,8,1,2023-2024,Pinheiros,Coop/São José Basketball,1,77.4,30.15,36.5,10.75,37.25,10.8,26.45,17.55,15.0,1.256,10.05,27.3,36.919,18.25,34.7,52.68299999999999,10.75,17.0,62.93999999999998,1.25,5.15,0.36,1.45,17.8,0.08200000000000002,15.0,2.65,83.85,82.55,27.9,40.8,13.85,40.5,10.6,29.9,18.65,15.55,1.2129999999999999,9.3,26.9,34.441,20.4,37.05,55.218,13.85,18.95,73.521,1.2,8.55,0.563,1.95,19.45,0.10500000000000001,15.55,3.4,97.3
80,77,2023-12-09,8,1,2023-2024,Sesi Franca,Cerrado,1,85.63399999999999,27.6,43.53500000000001,14.499,39.766999999999996,11.534,28.235000000000003,19.599,14.767000000000001,1.3749999999999998,9.2,26.964999999999996,34.525000000000006,21.764999999999997,36.601,59.481000000000016,14.499,18.964999999999996,76.631,2.0,6.766,0.472,2.835,17.634000000000004,0.176,14.767000000000001,3.035,102.76500000000001,75.151,24.45,39.401,11.3,42.498999999999995,13.2,29.299,17.9,13.149000000000001,1.4259999999999997,8.149,25.0,32.652,19.699,40.7,48.42799999999999,11.3,19.201,59.757999999999996,1.6009999999999998,6.5489999999999995,0.534,2.099,17.099,0.12000000000000002,13.149000000000001,2.251,85.299
82,73,2023-12-09,8,1,2023-2024,Bauru Basket,BRB/Brasília,1,77.14900000000002,29.55,36.6,10.998999999999999,33.398999999999994,8.95,24.448999999999995,17.8,13.35,1.3440000000000003,9.851,28.051000000000005,34.77499999999999,18.3,35.099,52.452999999999996,10.998999999999999,14.75,72.69299999999998,1.7,7.251,0.5589999999999999,1.45,18.551000000000005,0.077,13.35,3.1989999999999994,84.94900000000001,69.6,26.1,32.065999999999995,11.434000000000001,32.234,9.366,22.865999999999996,12.134,13.0,0.9649999999999999,8.7,26.634000000000004,32.922000000000004,16.034000000000002,37.0,43.57600000000001,11.434000000000001,17.434000000000005,65.17,0.9,7.366,0.5870000000000001,1.4,20.5,0.069,13.0,2.434,64.83399999999999
86,91,2023-12-09,8,1,2023-2024,Corinthians,Botafogo,0,77.85,23.1,40.8,13.95,40.35,11.4,28.95,15.5,12.25,1.3080000000000003,7.7,27.15,28.092000000000002,20.4,38.2,53.76500000000001,13.95,19.5,71.699,1.4,5.7,0.476,1.7,17.6,0.101,12.25,2.6,86.05,77.484,25.5,37.166,14.815999999999997,35.9,11.95,23.95,16.7,14.966000000000003,1.1899999999999997,8.5,28.315999999999995,30.333999999999996,18.584000000000003,36.815999999999995,51.052,14.815999999999997,19.516,76.07,0.266,6.7,0.485,1.6,21.165999999999997,0.076,14.966000000000003,3.4840000000000004,80.66600000000001
70,76,2023-12-11,9,1,2023-2024,Paulistano,R10 Score Vasco da Gama,0,74.45,21.45,40.4,12.6,40.35,14.3,26.05,14.8,13.15,1.1490000000000002,7.15,23.4,30.452000000000005,20.2,41.25,48.944,12.6,18.5,68.44800000000001,1.8,8.15,0.635,3.0,19.7,0.15,13.15,2.2,84.4,73.73400000000001,26.5,34.465999999999994,12.766,38.766,10.5,28.266,20.466,16.234,1.331,8.834,25.834000000000003,33.464,17.234,34.366,50.144999999999996,12.766,17.734,72.55499999999999,2.0,7.534000000000001,0.45199999999999996,3.3340000000000005,22.1,0.15399999999999997,16.234,4.0,88.5
90,81,2023-12-11,9,1,2023-2024,Bauru Basket,Cerrado,1,78.59900000000002,29.1,38.4,11.099,34.599,9.0,25.598999999999997,18.8,13.6,1.411,9.701,27.801000000000005,34.4,19.2,35.199,54.318,11.099,15.1,71.568,2.0,7.501,0.57,1.6,18.301,0.087,13.6,3.1989999999999994,89.39900000000002,75.901,25.8,39.601,10.5,42.599,13.3,29.299,18.5,12.498999999999999,1.501,8.599,25.1,34.509,19.799,41.5,47.70399999999999,10.5,18.201,58.757999999999996,1.401,6.699,0.554,2.1990000000000003,17.399,0.12600000000000003,12.498999999999999,1.9009999999999998,87.499
84,73,2023-12-12,9,1,2023-2024,Coop/São José Basketball,Mogi,1,83.7,27.9,41.4,14.4,41.2,11.0,30.2,19.2,15.5,1.2599999999999998,9.3,26.7,34.684,20.7,37.6,55.279999999999994,14.4,19.5,74.564,1.5,8.7,0.578,2.1,19.0,0.11599999999999999,15.5,3.6,100.0,75.201,32.55,28.901,13.75,31.101,8.451,22.65,17.1,14.349,1.198,10.851,28.799,37.559000000000005,14.449000000000002,27.1,53.298,13.75,18.401,75.602,0.34900000000000003,5.351000000000001,0.37300000000000005,1.3,21.85,0.06,14.349,2.849,80.451
73,67,2023-12-13,9,1,2023-2024,Pinheiros,R10 Score Vasco da Gama,1,77.9,30.0,36.4,11.5,36.4,11.0,25.4,17.1,14.1,1.27,10.0,27.4,36.552,18.2,34.6,52.68299999999999,11.5,17.9,63.57199999999998,1.2,4.9,0.359,1.4,17.6,0.081,14.1,2.2,83.4,73.51700000000001,26.75,34.033,12.733,38.083,10.1,27.982999999999997,20.232999999999997,16.267000000000003,1.318,8.917,25.717000000000002,33.983999999999995,17.017000000000003,33.933,50.172,12.733,17.117,74.788,2.0,7.4670000000000005,0.44800000000000006,3.1670000000000003,22.0,0.14799999999999996,16.267000000000003,4.0,88.1
105,96,2023-12-14,9,1,2023-2024,Corinthians,Minas,1,77.4,24.0,39.2,14.2,40.0,11.0,29.0,15.6,11.7,1.373,8.0,27.5,28.699,19.6,37.7,52.31700000000001,14.2,19.8,71.89,1.5,5.4,0.47000000000000003,1.6,17.7,0.096,11.7,2.6,85.1,81.2,29.4,37.8,14.0,37.0,10.8,26.2,19.8,13.0,1.5710000000000002,9.8,27.7,34.90400000000001,18.9,34.8,54.13399999999999,14.0,19.2,71.763,1.3,6.6,0.497,2.4,19.0,0.12999999999999998,13.0,2.8,95.0
69,91,2023-12-16,9,1,2023-2024,BRB/Brasília,Paulistano,0,68.8,24.6,32.79899999999999,11.401,32.001000000000005,9.399,22.598999999999997,12.001000000000001,13.3,0.9359999999999999,8.2,26.801000000000005,30.898000000000003,16.401000000000003,37.9,43.477000000000004,11.401,17.501000000000005,64.73400000000001,0.9,7.7989999999999995,0.6060000000000001,1.4,20.5,0.069,13.3,2.4010000000000007,62.501,74.95,23.1,39.5,12.35,40.05,14.4,25.65,14.55,13.3,1.121,7.7,24.05,32.034000000000006,19.75,40.7,48.510000000000005,12.35,17.95,69.20500000000001,2.15,8.0,0.6199999999999999,3.0,19.85,0.149,13.3,2.15,84.35
85,81,2023-12-16,9,1,2023-2024,Corinthians,Pato Basquete,1,80.2,26.4,39.6,14.2,39.15,10.55,28.6,16.9,11.5,1.594,8.8,28.25,30.833,19.8,37.1,53.612,14.2,19.75,72.104,1.65,5.3,0.47400000000000003,1.55,17.6,0.094,11.5,2.35,89.3,75.1,27.0,37.2,10.9,36.3,11.2,25.1,16.2,11.1,1.53,9.0,27.7,32.328,18.6,37.2,50.147999999999996,10.9,15.5,70.684,1.5,6.0,0.5599999999999999,0.9,18.0,0.054000000000000006,11.1,2.3,81.5
61,91,2023-12-16,9,1,2023-2024,Pinheiros,Minas,0,77.0,29.85,35.5,11.65,36.8,11.7,25.1,16.55,13.65,1.269,9.95,28.9,34.78,17.75,33.9,52.35,11.65,17.8,64.55,1.3,5.15,0.394,1.55,17.6,0.08900000000000001,13.65,2.35,82.15,83.35,32.1,37.1,14.15,36.65,10.55,26.1,20.15,12.25,1.6600000000000001,10.7,28.3,37.57,18.55,34.15,54.267999999999994,14.15,19.4,71.86099999999999,1.35,5.25,0.43100000000000005,2.55,19.3,0.13699999999999996,12.25,2.55,97.25
64,68,2023-12-18,10,1,2023-2024,Cerrado,Paulistano,0,75.451,26.1,37.801,11.55,40.149,12.25,27.899,18.3,12.498999999999999,1.4869999999999997,8.699,23.95,37.233000000000004,18.899,39.85,47.378,11.55,18.701,61.537,1.301,6.399,0.534,1.999,16.449,0.12100000000000002,12.498999999999999,1.751,86.449,76.05,24.0,39.6,12.45,40.5,14.95,25.55,14.9,13.5,1.131,8.0,24.15,33.137,19.8,41.0,48.285000000000004,12.45,17.95,69.776,2.3,7.85,0.603,3.1,19.95,0.15400000000000003,13.5,2.1,86.05
81,71,2023-12-18,10,1,2023-2024,R10 Score Vasco da Gama,UNIFACISA,1,73.3,27.0,33.6,12.7,37.4,9.7,27.7,20.0,16.3,1.3050000000000002,9.0,25.6,34.504000000000005,16.8,33.5,50.199,12.7,16.5,77.021,2.0,7.4,0.44400000000000006,3.0,21.9,0.142,16.3,4.0,87.7,78.6,27.0,36.4,15.2,39.0,11.0,28.0,15.0,12.9,1.167,9.0,29.6,30.49,18.2,33.4,53.705999999999996,15.2,19.0,79.826,0.8,6.3,0.491,2.1,19.3,0.10900000000000001,12.9,2.4,88.5
90,86,2023-12-18,10,1,2023-2024,Botafogo,Fortaleza B. C. / CFO,1,79.201,26.7,37.199,15.299000000000001,35.6,12.0,23.6,16.9,13.899000000000001,1.2729999999999997,8.9,29.098999999999997,31.076,18.601000000000006,37.099,50.763,15.299000000000001,19.498999999999995,78.497,0.199,6.8,0.5239999999999999,1.6,20.698999999999995,0.07799999999999999,13.899000000000001,3.1010000000000004,83.299,78.1,25.5,42.0,10.6,36.4,7.7,28.7,17.0,13.6,1.342,8.5,23.2,36.239000000000004,21.0,36.6,57.163,10.6,17.0,61.657000000000004,1.3,5.5,0.45200000000000007,2.3,17.6,0.139,13.6,2.7,89.0
91,77,2023-12-18,10,1,2023-2024,Pinheiros,Pato Basquete,1,76.8,28.35,35.9,12.55,37.4,12.55,24.85,16.1,13.35,1.262,9.45,29.3,32.858999999999995,17.95,34.7,51.778999999999996,12.55,18.35,67.505,1.45,5.15,0.40800000000000003,1.6,17.9,0.09000000000000001,13.35,2.45,81.3,75.15,27.6,37.7,9.85,37.1,11.5,25.6,16.9,11.15,1.592,9.2,28.05,32.61,18.85,37.8,49.943,9.85,14.6,67.072,1.55,5.85,0.542,0.85,17.45,0.053000000000000005,11.15,2.7,82.15
87,88,2023-12-18,10,1,2023-2024,Mogi,Bauru Basket,0,75.501,31.8,29.801,13.9,31.201,8.101,23.1,17.2,14.499,1.193,10.601,28.599,36.89200000000001,14.899000000000001,27.2,54.61999999999999,13.9,18.401,76.756,0.29900000000000004,5.801,0.3990000000000001,1.1,21.2,0.05399999999999999,14.499,2.6990000000000003,81.501,79.899,28.95,39.6,11.349,34.498999999999995,9.3,25.198999999999995,19.35,13.1,1.554,9.651,27.851000000000006,34.162,19.8,35.79899999999999,55.206999999999994,11.349,15.15,73.779,2.2,7.601000000000001,0.605,1.6,18.250999999999998,0.087,13.1,3.0989999999999993,91.84900000000002
79,80,2023-12-19,10,1,2023-2024,Caxias do Sul Basquete,Corinthians,0,72.9,22.2,37.8,12.9,36.6,11.9,24.7,17.1,15.5,1.1219999999999999,7.4,26.1,28.985999999999997,18.9,39.6,47.67800000000001,12.9,18.8,69.314,2.6,8.0,0.524,1.5,19.6,0.08000000000000002,15.5,3.7,75.3,81.6,27.75,39.8,14.05,39.05,10.15,28.9,17.65,10.8,1.8190000000000002,9.25,28.45,32.149,19.9,37.5,53.194,14.05,19.4,72.627,1.65,5.15,0.49899999999999994,1.7,17.35,0.10500000000000001,10.8,2.15,92.2
91,71,2023-12-20,10,1,2023-2024,Minas,BRB/Brasília,1,84.9,33.9,37.9,13.1,37.0,10.25,26.75,20.6,12.0,1.7239999999999998,11.3,28.75,39.157999999999994,18.95,34.45,54.943999999999996,13.1,18.3,70.76899999999999,1.5,4.85,0.40499999999999997,2.65,18.8,0.144,12.0,2.5,99.85,68.15,25.05,31.298999999999996,11.801,31.451000000000004,9.498999999999999,21.948999999999995,11.651,13.55,0.8830000000000002,8.35,26.651000000000003,31.75,15.651,37.55,41.95200000000001,11.801,18.201,64.431,0.75,7.648999999999999,0.5810000000000001,1.35,19.85,0.06800000000000002,13.55,2.5010000000000003,60.101
74,82,2023-12-20,10,1,2023-2024,Coop/São José Basketball,Bauru Basket,0,83.75,28.2,41.2,14.35,40.2,10.6,29.6,19.45,15.05,1.312,9.4,26.3,35.635999999999996,20.6,37.95,54.464,14.35,19.15,75.516,1.45,8.7,0.5919999999999999,2.15,18.9,0.119,15.05,3.4,100.15,80.699,27.75,40.6,12.349,35.199,9.6,25.598999999999997,19.4,13.1,1.5580000000000003,9.251000000000001,27.401000000000003,33.446000000000005,20.3,36.599,55.563,12.349,16.0,76.601,2.2,7.751,0.616,1.85,18.250999999999998,0.101,13.1,3.1990000000000003,93.699
87,104,2023-12-20,10,1,2023-2024,Botafogo,UNIFACISA,0,80.65099999999998,27.45,37.79899999999999,15.399000000000001,35.45,12.1,23.35,17.2,13.499,1.339,9.15,28.848999999999997,32.149,18.901000000000003,37.599,50.834999999999994,15.399000000000001,19.698999999999995,78.14200000000001,0.199,6.75,0.5379999999999999,1.65,20.498999999999995,0.08099999999999999,13.499,2.9510000000000005,85.49900000000001,77.967,26.2,36.4,15.367,36.867000000000004,10.167,26.7,15.332999999999998,12.567,1.222,8.733,29.7,29.500999999999998,18.2,32.933,54.492,15.367,18.867,80.99600000000001,1.0,6.433,0.511,2.0,19.333,0.10200000000000001,12.567,1.9329999999999998,86.833
82,74,2023-12-21,10,1,2023-2024,Cerrado,São Paulo,1,74.201,26.25,36.400999999999996,11.55,39.199,12.05,27.149,17.45,12.299000000000001,1.4439999999999997,8.749,23.55,37.952999999999996,18.199,39.05,46.587,11.55,17.851,64.723,1.201,6.2490000000000006,0.5290000000000001,1.999,16.049,0.124,12.299000000000001,1.8509999999999998,84.849,78.80099999999999,25.65,37.898999999999994,15.249,34.04899999999999,9.1,24.948999999999995,15.899000000000004,10.601,1.519,8.55,25.298999999999996,33.64300000000001,18.950999999999997,33.949,55.08,15.249,18.698999999999995,81.696,0.95,5.101000000000001,0.47700000000000004,2.8489999999999993,18.798999999999996,0.156,10.601,1.751,90.90099999999998
82,92,2023-12-21,10,1,2023-2024,União Corinthians,Corinthians,0,71.3,24.6,33.6,13.1,33.9,9.2,24.7,14.2,13.8,1.0539999999999998,8.2,25.1,33.04600000000001,16.8,34.6,48.706,13.1,17.3,73.984,0.6,5.1,0.37,1.6,21.2,0.078,13.8,2.3,73.4,82.1,27.75,40.4,13.95,40.1,10.6,29.5,17.9,10.65,1.8530000000000002,9.25,28.25,32.391,20.2,38.3,52.684000000000005,13.95,19.15,73.02000000000001,1.6,4.75,0.473,1.85,18.0,0.10900000000000001,10.65,2.05,93.75
64,75,2023-12-21,10,1,2023-2024,Mogi,Sesi Franca,0,75.901,32.55,30.000999999999998,13.35,31.651,8.251000000000001,23.4,17.2,14.149000000000001,1.22,10.851,28.949,37.373000000000005,14.999,28.05,53.56700000000001,13.35,17.301,79.256,0.29900000000000004,5.7509999999999994,0.40800000000000003,1.35,20.8,0.06799999999999999,14.149000000000001,2.999,82.601,85.25099999999999,28.35,42.602000000000004,14.299000000000001,38.949999999999996,10.651,28.302000000000003,19.399,15.6,1.2859999999999998,9.45,26.547999999999995,35.986000000000004,21.297999999999995,35.751,59.69100000000001,14.299000000000001,18.597999999999995,76.994,1.95,6.848999999999999,0.454,3.0020000000000002,17.401000000000003,0.187,15.6,3.152,101.99800000000002
73,64,2023-12-21,10,1,2023-2024,Caxias do Sul Basquete,Pinheiros,1,72.5,22.5,37.1,12.9,35.3,11.8,23.5,16.85,15.45,1.108,7.5,25.4,30.131000000000007,18.55,39.25,47.245999999999995,12.9,18.6,69.85900000000001,2.7,7.7,0.5029999999999999,1.5,19.7,0.07900000000000001,15.45,3.7,74.1,77.433,27.4,36.467,13.567000000000002,38.0,12.833000000000002,25.167,16.232999999999997,13.333000000000002,1.2739999999999998,9.133,28.8,32.358999999999995,18.232999999999997,35.333,51.678999999999995,13.567000000000002,19.167,70.12199999999999,1.567,5.1,0.4050000000000001,1.6670000000000003,18.5,0.09000000000000001,13.333000000000002,2.633,82.733
77,74,2023-12-21,10,1,2023-2024,Flamengo,Fortaleza B. C. / CFO,1,84.2,29.1,39.4,15.7,39.1,12.6,26.5,20.3,12.5,1.7460000000000004,9.7,30.7,31.844,19.7,34.1,57.88399999999999,15.7,20.3,77.44200000000001,2.4,8.5,0.7000000000000001,1.9,17.7,0.10800000000000001,12.5,2.7,101.5,78.283,24.65,42.333,11.3,36.45,8.05,28.4,17.317,13.233,1.394,8.217,23.083,35.29100000000001,21.167,37.05,56.98,11.3,17.8,62.07399999999999,1.383,5.633,0.4699999999999999,2.283,17.933,0.13700000000000004,13.233,2.5,89.483
84,75,2023-12-22,10,1,2023-2024,Minas,Pato Basquete,1,85.85,34.5,38.6,12.75,37.85,10.1,27.75,21.3,12.0,1.7740000000000002,11.5,28.6,40.163,19.3,35.15,54.842999999999996,12.75,18.0,70.312,1.55,4.75,0.39799999999999996,2.9,17.75,0.169,12.0,2.5,102.45,74.7,26.7,38.7,9.3,36.95,11.45,25.5,17.4,11.1,1.657,8.9,27.95,31.663999999999998,19.35,38.35,50.42099999999999,9.3,14.2,65.44500000000001,1.65,5.65,0.5229999999999999,0.7,17.6,0.045,11.1,2.7,81.35
81,75,2023-12-23,10,1,2023-2024,R10 Score Vasco da Gama,Fortaleza B. C. / CFO,1,74.9,29.4,32.9,12.6,37.05,10.15,26.9,20.5,16.7,1.2850000000000001,9.8,26.8,36.235,16.45,32.35,50.937,12.6,16.3,77.38,2.0,7.8,0.466,2.9,21.25,0.14100000000000001,16.7,4.05,89.85,78.46600000000001,23.8,42.666,12.0,36.5,8.4,28.1,17.634000000000004,12.866,1.446,7.934,22.965999999999998,34.343,21.334000000000003,37.5,56.79699999999999,12.0,18.6,62.490999999999985,1.466,5.766,0.4879999999999999,2.2659999999999996,18.266,0.13500000000000004,12.866,2.3,89.96600000000001
63,72,2023-12-23,10,1,2023-2024,BRB/Brasília,São Paulo,0,67.3,25.35,30.498999999999995,11.451,31.951000000000004,9.748999999999999,22.198999999999995,11.501000000000001,13.75,0.849,8.45,27.101000000000006,31.619999999999997,15.251,37.35,41.188,11.451,17.801,63.673,0.7,7.648999999999999,0.5700000000000001,1.35,19.5,0.069,13.75,2.351,58.900999999999996,77.90099999999998,25.35,38.199,14.349,34.248999999999995,9.2,25.048999999999996,15.549000000000001,10.801,1.453,8.45,25.648999999999994,32.825,19.100999999999996,33.748999999999995,55.822,14.349,18.049,79.416,0.9,5.301,0.487,2.9489999999999994,18.249000000000002,0.16399999999999998,10.801,1.8509999999999998,89.60099999999998
101,73,2023-12-23,10,1,2023-2024,Flamengo,UNIFACISA,1,85.1,29.4,40.0,15.7,38.25,12.3,25.95,20.45,12.1,1.814,9.8,30.0,32.748,20.0,34.05,58.754000000000005,15.7,20.25,77.60999999999999,2.2,8.15,0.6920000000000001,1.85,18.1,0.10500000000000001,12.1,2.65,102.9,79.184,26.3,37.2,15.684000000000003,36.534000000000006,9.934000000000001,26.6,16.065999999999995,12.534,1.283,8.766,29.7,29.609,18.6,33.065999999999995,55.556,15.684000000000003,19.234,81.188,1.15,6.715999999999999,0.534,1.9,18.565999999999995,0.101,12.534,1.9159999999999997,88.91600000000001
63,75,2023-12-23,10,1,2023-2024,Coop/São José Basketball,Sesi Franca,0,82.25,26.55,42.2,13.5,39.9,10.65,29.25,19.5,14.5,1.3599999999999999,8.85,25.6,34.233,21.1,39.45,53.767999999999994,13.5,18.35,73.828,1.6,8.65,0.6059999999999999,2.0,18.8,0.11099999999999999,14.5,3.05,97.85,83.80099999999999,28.65,41.502,13.649000000000001,38.74999999999999,9.851,28.902000000000005,18.799,15.65,1.23,9.55,26.347999999999995,36.56000000000001,20.747999999999998,35.400999999999996,58.742999999999995,13.649000000000001,17.497999999999998,78.357,2.05,6.5489999999999995,0.42799999999999994,3.0520000000000005,16.951,0.193,15.65,3.152,99.99800000000002
65,71,2023-12-23,10,1,2023-2024,União Corinthians,Pinheiros,0,70.7,25.05,33.1,12.55,33.8,9.35,24.45,14.45,13.3,1.129,8.35,25.95,32.526,16.55,34.25,48.47400000000001,12.55,17.1,71.984,0.5,5.4,0.413,1.75,21.0,0.08600000000000001,13.3,2.5,72.95,76.816,26.75,36.034000000000006,14.034,38.4,12.866,25.534000000000002,16.415999999999997,13.416,1.2799999999999998,8.916,28.65,31.729999999999997,18.016,35.166,51.293000000000006,14.034,19.784000000000002,70.25699999999999,1.534,5.15,0.406,1.834,18.7,0.098,13.416,2.7659999999999996,82.566
92,78,2023-12-27,11,1,2023-2024,Paulistano,Mogi,1,75.9,23.7,39.8,12.4,40.2,14.5,25.7,15.3,13.4,1.169,7.9,24.3,32.55800000000001,19.9,40.8,48.826,12.4,18.1,68.949,2.1,7.9,0.6110000000000001,3.2,20.2,0.15800000000000003,13.4,2.0,86.1,76.301,33.3,30.201,12.8,32.101,8.401,23.7,17.2,13.799000000000001,1.2469999999999999,11.100999999999999,29.299,37.854,15.099,28.9,52.51400000000001,12.8,16.201,81.756,0.29900000000000004,5.701,0.417,1.6,20.4,0.08199999999999999,13.799000000000001,3.2990000000000004,83.701
84,55,2023-12-27,11,1,2023-2024,Minas,Caxias do Sul Basquete,1,86.1,34.5,38.5,13.1,38.7,10.2,28.5,21.3,12.2,1.7459999999999998,11.5,28.3,40.58,19.25,35.4,54.326,13.1,18.45,70.39500000000001,1.6,4.4,0.36299999999999993,2.95,17.05,0.183,12.2,2.75,102.95,72.1,22.8,36.4,12.9,34.0,11.7,22.3,16.6,15.4,1.094,7.6,24.7,31.276,18.2,38.9,46.814,12.9,18.4,70.404,2.8,7.4,0.48199999999999993,1.5,19.8,0.078,15.4,3.7,72.9
79,63,2023-12-27,11,1,2023-2024,Pato Basquete,União Corinthians,1,74.5,25.5,39.8,9.2,37.2,12.0,25.2,17.35,10.95,1.685,8.5,28.1,30.065000000000005,19.9,38.85,51.117999999999995,9.2,13.75,66.469,1.75,5.4,0.505,0.7,17.9,0.045,10.95,2.55,81.1,70.1,25.5,32.6,12.0,33.7,9.5,24.2,14.7,12.8,1.204,8.5,26.8,32.006,16.3,33.9,48.242000000000004,12.0,16.9,69.98400000000001,0.4,5.7,0.45599999999999996,1.9,20.8,0.094,12.8,2.7,72.5
87,76,2023-12-27,11,1,2023-2024,Fortaleza B. C. / CFO,Cerrado,1,77.69900000000001,24.0,41.79899999999999,11.9,36.1,8.4,27.7,17.401000000000003,12.899000000000001,1.422,8.001000000000001,23.398999999999994,33.905,20.901000000000003,37.0,56.314,11.9,18.6,62.075,1.299,5.598999999999999,0.473,2.0989999999999993,18.398999999999994,0.12700000000000003,12.899000000000001,2.5,87.799,74.334,26.3,36.334,11.7,39.565999999999995,12.0,27.565999999999995,17.2,12.366,1.418,8.766,23.5,38.098,18.166,39.1,46.45,11.7,17.134,68.26700000000001,1.234,6.1659999999999995,0.5199999999999999,2.066,16.166,0.127,12.366,2.134,85.866
93,69,2023-12-27,11,1,2023-2024,UNIFACISA,BRB/Brasília,1,80.40099999999998,26.4,38.0,16.000999999999998,36.20100000000001,9.701,26.5,16.799,12.501000000000001,1.3439999999999999,8.799,29.7,29.717000000000002,19.0,33.199,56.61999999999999,16.000999999999998,19.601000000000006,81.38,1.3,6.999,0.557,1.8,17.798999999999996,0.09999999999999999,12.501000000000001,1.8990000000000002,90.99900000000001,67.35,24.6,31.598999999999997,11.151,32.301,9.748999999999999,22.549,11.351,13.4,0.8620000000000001,8.2,26.701000000000004,31.217999999999996,15.800999999999998,38.55,41.205000000000005,11.151,17.201,63.994000000000014,0.7,7.949,0.602,1.4,19.6,0.07099999999999998,13.4,2.101,59.650999999999996
78,80,2023-12-27,11,1,2023-2024,Corinthians,R10 Score Vasco da Gama,0,83.1,28.2,41.1,13.8,39.95,10.65,29.3,18.15,10.65,1.873,9.4,28.35,32.867,20.55,38.2,53.657,13.8,18.85,73.33400000000002,1.6,4.5,0.453,1.9,18.7,0.10700000000000001,10.65,1.85,95.3,75.6,30.6,32.6,12.4,36.7,10.5,26.2,21.0,17.0,1.2820000000000003,10.2,27.3,37.014,16.3,31.9,51.246,12.4,16.0,77.57199999999999,1.7,7.9,0.4640000000000001,2.7,21.0,0.13400000000000004,17.0,4.3,90.6
83,88,2023-12-27,11,1,2023-2024,Pinheiros,Flamengo,0,76.19900000000001,26.1,35.601000000000006,14.501,38.8,12.899000000000001,25.901000000000003,16.598999999999997,13.499,1.2859999999999996,8.699,28.5,31.101,17.798999999999996,34.998999999999995,50.907000000000004,14.501,20.401000000000003,70.39200000000001,1.501,5.2,0.40700000000000003,2.001,18.9,0.10600000000000001,13.499,2.8989999999999996,82.39900000000002,86.0,29.7,40.6,15.7,37.4,12.0,25.4,20.6,11.7,1.8820000000000001,9.9,29.3,33.652,20.3,34.0,59.624,15.7,20.2,77.77799999999999,2.0,7.8,0.6839999999999999,1.8,18.5,0.10200000000000001,11.7,2.6,104.3
78,74,2023-12-27,11,1,2023-2024,São Paulo,Coop/São José Basketball,1,77.251,25.35,37.898999999999994,13.999,34.449,9.6,24.848999999999997,15.849,11.101,1.435,8.45,25.848999999999997,32.599000000000004,18.951,33.648999999999994,55.552,13.999,18.099,76.878,0.9,5.601000000000001,0.504,3.0989999999999993,17.949,0.174,11.101,2.101,88.951,80.7,24.9,43.0,12.8,40.65,11.25,29.4,19.3,14.25,1.371,8.3,25.25,32.355999999999995,21.5,40.95,52.76400000000001,12.8,17.75,72.172,1.7,8.55,0.608,1.95,18.5,0.10900000000000001,14.25,3.0,95.55
97,75,2023-12-28,11,1,2023-2024,Sesi Franca,Bauru Basket,1,83.001,28.5,41.335,13.166,39.033,9.401,29.635,18.666,15.633,1.2209999999999999,9.5,26.165,36.60600000000001,20.665,35.234,58.75599999999999,13.166,16.665,79.579,2.3,6.098999999999999,0.39299999999999996,3.1350000000000002,16.601,0.19999999999999998,15.633,3.2350000000000003,99.56500000000001,81.699,28.8,39.9,12.999,35.849,9.85,25.999000000000002,19.8,13.3,1.5660000000000003,9.601,27.551,34.627,19.95,36.148999999999994,55.263,12.999,16.65,77.38600000000001,2.1,7.751,0.607,2.05,18.201,0.11200000000000002,13.3,3.399,96.049
92,79,2023-12-29,11,1,2023-2024,Paulistano,Coop/São José Basketball,1,77.2,23.25,41.3,12.65,39.9,14.45,25.45,15.95,13.65,1.189,7.75,24.4,31.812000000000005,20.65,40.45,51.163,12.65,18.6,67.969,2.15,7.85,0.59,2.75,20.5,0.13500000000000004,13.65,2.25,87.6,79.95,24.3,42.9,12.75,41.05,11.6,29.45,18.95,14.45,1.334,8.1,24.95,31.99,21.45,41.6,51.66200000000001,12.75,17.5,72.81099999999999,1.7,8.5,0.5980000000000001,2.0,18.55,0.11100000000000002,14.45,3.15,94.25
72,95,2023-12-29,11,1,2023-2024,Corinthians,Flamengo,0,83.0,28.8,40.1,14.1,38.65,10.15,28.5,18.25,10.55,1.893,9.6,28.6,33.342999999999996,20.05,37.2,53.620000000000005,14.1,19.0,74.23200000000001,1.45,4.45,0.45199999999999996,1.95,19.05,0.10699999999999998,10.55,1.55,94.7,86.1,29.7,40.4,16.0,36.6,11.9,24.7,20.25,11.5,1.8849999999999998,9.9,28.85,34.417,20.2,34.4,58.662,16.0,20.75,77.17,1.9,7.85,0.702,1.8,18.6,0.101,11.5,2.55,103.2
95,71,2023-12-29,11,1,2023-2024,Minas,União Corinthians,1,86.55,34.2,38.9,13.45,40.15,10.55,29.6,21.1,12.45,1.6989999999999998,11.4,27.8,40.882999999999996,19.45,36.05,53.883,13.45,19.15,69.80499999999999,1.7,4.2,0.33699999999999997,2.9,17.25,0.17900000000000005,12.45,2.75,103.75,69.4,25.5,32.9,11.0,33.7,10.05,23.65,14.8,12.1,1.2719999999999998,8.5,28.1,30.660999999999994,16.45,34.55,47.78000000000001,11.0,15.95,68.358,0.5,5.65,0.481,1.85,21.1,0.091,12.1,2.3,70.65
78,74,2023-12-29,11,1,2023-2024,Pato Basquete,Caxias do Sul Basquete,1,74.55,25.35,39.9,9.3,38.25,12.8,25.45,16.3,11.1,1.572,8.45,27.95,30.086000000000002,19.95,38.95,51.108,9.3,13.55,67.731,1.75,5.3,0.48999999999999994,0.9,18.1,0.05500000000000001,11.1,2.4,81.45,70.4,22.35,35.2,12.85,33.65,11.4,22.25,16.05,15.35,1.0630000000000002,7.45,24.75,30.587,17.6,38.15,46.155,12.85,18.55,69.72099999999999,2.95,7.2,0.472,1.6,20.05,0.08199999999999999,15.35,3.3,70.0
83,73,2023-12-29,11,1,2023-2024,Fortaleza B. C. / CFO,BRB/Brasília,1,78.49900000000001,24.45,41.099,12.95,36.1,8.2,27.9,17.500999999999998,13.449000000000002,1.3649999999999998,8.151,23.548999999999996,34.483,20.551000000000005,35.95,56.975,12.95,19.55,64.897,1.549,5.499,0.43600000000000005,2.0489999999999995,18.349,0.12400000000000003,13.449000000000002,2.5,88.799,67.8,23.7,33.199,10.901,32.051,9.549,22.499000000000002,11.301,13.05,0.883,7.9,26.000999999999998,30.961999999999996,16.601,39.9,41.677,10.901,16.601,64.77000000000001,0.8,8.149,0.626,1.3,19.4,0.06499999999999999,13.05,1.9509999999999998,60.451
92,80,2023-12-29,11,1,2023-2024,UNIFACISA,Cerrado,1,83.15099999999998,27.45,40.6,15.100999999999999,36.20100000000001,9.151,27.05,17.799,13.001,1.3669999999999998,9.149,29.15,31.239000000000004,20.3,33.998999999999995,59.539,15.100999999999999,18.751000000000005,79.615,1.2,7.449,0.571,2.0,17.298999999999996,0.119,13.001,2.099,96.24900000000001,74.96700000000001,26.35,37.367000000000004,11.25,38.483,11.55,26.933,17.0,12.483,1.392,8.783,23.4,38.32299999999999,18.683,39.65,47.093,11.25,16.117,68.84200000000001,1.267,6.833,0.5650000000000001,1.9829999999999999,15.732999999999999,0.12599999999999997,12.483,2.117,86.333
84,88,2023-12-29,11,1,2023-2024,Pinheiros,Botafogo,0,76.44900000000001,26.7,34.601000000000006,15.151,38.65,12.299,26.351000000000006,16.449,13.849,1.2499999999999998,8.899,28.75,31.506,17.299,33.998999999999995,51.007000000000005,15.151,21.001000000000005,71.821,1.401,5.15,0.39500000000000013,2.501,19.55,0.126,13.849,3.0989999999999993,82.94900000000001,82.101,28.2,38.398999999999994,15.499,35.3,12.2,23.1,17.5,13.099,1.405,9.4,28.598999999999997,33.222,19.201,38.099,50.907,15.499,19.899,77.787,0.199,6.7,0.5519999999999999,1.7,20.299,0.08399999999999999,13.099,2.8010000000000006,87.699
61,63,2023-12-29,11,1,2023-2024,São Paulo,Mogi,0,76.251,25.05,36.599,14.599,34.699,9.9,24.799,15.749,11.251000000000001,1.4009999999999998,8.35,25.849,32.221000000000004,18.301,33.099,54.438,14.599,19.249000000000002,75.381,0.9,6.051,0.542,3.2489999999999997,17.549,0.18499999999999997,11.251000000000001,2.351,87.801,74.98400000000001,31.45,30.634000000000004,12.9,32.634,8.384,24.25,17.2,13.416,1.2879999999999998,10.484,28.715999999999998,36.363,15.315999999999999,29.65,51.988,12.9,16.734,80.353,0.316,5.684,0.42799999999999994,1.55,20.4,0.079,13.416,2.916,82.23400000000001
72,77,2024-01-03,12,1,2023-2024,Fortaleza B. C. / CFO,Sesi Franca,0,78.749,23.25,42.099,13.4,37.5,8.75,28.75,17.301,13.949000000000002,1.286,7.751,23.148999999999994,33.288,21.051,36.5,57.375,13.4,19.5,67.486,1.8490000000000002,5.398999999999999,0.403,1.8490000000000002,18.799,0.10700000000000001,13.949000000000002,2.6,89.89900000000002,84.401,31.2,40.668000000000006,12.533,39.266,8.801,30.468,19.333,15.666,1.268,10.4,26.631999999999998,38.78500000000001,20.332,34.567,58.81600000000001,12.533,15.831999999999999,79.438,2.2,5.7989999999999995,0.368,3.168,17.201,0.19899999999999998,15.666,3.268,102.53200000000001
84,85,2024-01-03,12,1,2023-2024,Caxias do Sul Basquete,Flamengo,0,68.7,21.9,34.0,12.8,33.3,11.1,22.2,15.5,15.3,1.032,7.3,24.8,29.898000000000003,17.0,37.4,45.495999999999995,12.8,18.7,69.03800000000001,3.1,7.0,0.462,1.7,20.3,0.086,15.3,2.9,67.1,86.2,29.7,40.2,16.3,35.8,11.8,24.0,19.9,11.3,1.888,9.9,28.4,35.182,20.1,34.8,57.7,16.3,21.3,76.562,1.8,7.9,0.72,1.8,18.7,0.1,11.3,2.5,102.1
101,98,2024-01-05,12,1,2023-2024,UNIFACISA,Sesi Franca,1,84.351,29.25,40.3,14.800999999999998,36.351000000000006,9.201,27.15,18.349,13.350999999999999,1.369,9.748999999999999,29.55,32.76100000000001,20.15,33.498999999999995,60.02199999999999,14.800999999999998,18.451,78.84800000000001,1.1,7.699,0.574,2.2,16.749000000000002,0.13799999999999998,13.350999999999999,2.149,98.799,84.851,31.2,40.601000000000006,13.05,39.498999999999995,9.051,30.451,18.95,15.599,1.2440000000000002,10.4,26.749000000000002,38.65500000000001,20.299,34.8,58.415000000000006,13.05,16.349,79.983,2.15,5.7989999999999995,0.372,3.101,17.401,0.195,15.599,3.3009999999999997,102.449
65,79,2024-01-05,12,1,2023-2024,União Corinthians,Flamengo,0,68.7,25.5,33.2,10.0,33.7,10.6,23.1,14.9,11.4,1.3399999999999999,8.5,29.4,29.315999999999995,16.6,35.2,47.318,10.0,15.0,66.73200000000001,0.6,5.6,0.506,1.8,21.4,0.08800000000000001,11.4,1.9,68.8,86.45,30.15,39.4,16.9,37.0,11.7,25.3,20.0,11.65,1.8650000000000002,10.05,28.4,35.748000000000005,19.7,34.7,56.676,16.9,21.85,77.477,1.7,7.5,0.676,1.75,19.15,0.095,11.65,2.7,102.75
77,89,2024-01-05,12,1,2023-2024,Corinthians,Coop/São José Basketball,0,83.5,29.7,39.5,14.3,37.7,10.05,27.65,18.9,10.45,1.957,9.9,28.75,34.32299999999999,19.75,36.55,53.659000000000006,14.3,19.35,73.851,1.45,4.35,0.44699999999999995,2.05,19.6,0.10899999999999999,10.45,1.35,95.35,78.7,24.3,41.5,12.9,40.55,11.65,28.9,18.2,14.55,1.2799999999999998,8.1,24.5,32.583,20.75,41.55,49.95,12.9,17.7,72.78299999999999,1.65,8.2,0.575,2.05,18.75,0.11300000000000002,14.55,3.25,91.15
65,77,2024-01-06,1,2,2023-2024,BRB/Brasília,Pato Basquete,0,69.55,24.3,34.599000000000004,10.651,31.701,9.099,22.599,11.651,12.95,0.9170000000000001,8.1,26.201,31.538999999999998,17.301,39.75,43.544,10.651,16.201,64.801,0.85,8.099,0.626,1.15,19.3,0.055999999999999994,12.95,1.8509999999999998,63.101,74.4,25.05,40.1,9.25,38.25,13.05,25.2,16.05,10.9,1.568,8.35,27.65,30.127,20.05,39.05,51.239,9.25,13.65,66.979,1.55,5.15,0.48599999999999993,1.05,18.45,0.06200000000000001,10.9,2.05,81.3
89,93,2024-01-06,1,2,2023-2024,São Paulo,Bauru Basket,0,75.001,24.75,34.699,15.549000000000001,34.54899999999999,9.6,24.949,15.649000000000001,11.201,1.3979999999999997,8.25,25.799,31.903000000000002,17.351,32.248999999999995,52.999,15.549000000000001,20.699,74.634,0.9,6.401000000000001,0.5770000000000001,3.149,17.649,0.17699999999999996,11.201,2.401,85.951,81.699,28.8,39.6,13.299000000000001,35.899,9.9,25.999000000000002,19.3,13.0,1.5570000000000002,9.601,28.000999999999998,34.184000000000005,19.8,35.799,55.34100000000001,13.299000000000001,17.5,75.56000000000002,1.9,7.601000000000001,0.611,2.2,18.101,0.121,13.0,3.399,95.099
55,66,2024-01-08,1,2,2023-2024,Paulistano,Bauru Basket,0,78.9,23.7,42.3,12.9,39.7,14.1,25.6,16.75,14.05,1.203,7.9,24.4,32.388999999999996,21.15,40.25,52.724000000000004,12.9,18.55,69.60799999999999,2.3,8.3,0.602,2.55,20.85,0.124,14.05,2.45,90.9,80.199,27.75,39.9,12.549,35.599000000000004,10.05,25.549,19.0,13.1,1.5220000000000002,9.251000000000001,28.051,32.817,19.95,36.249,54.959,12.549,16.65,75.165,2.0,7.7010000000000005,0.612,1.95,18.601,0.10600000000000001,13.1,3.249,92.149
75,82,2024-01-08,1,2,2023-2024,Cerrado,Pato Basquete,0,75.6,26.4,38.4,10.8,37.4,11.1,26.3,16.8,12.6,1.3659999999999997,8.8,23.3,38.54799999999999,19.2,40.2,47.736000000000004,10.8,15.1,69.417,1.3,7.5,0.61,1.9,15.3,0.125,12.6,2.1,86.8,74.933,25.3,40.132999999999996,9.5,38.2,12.9,25.3,16.732999999999997,10.7,1.641,8.433,28.232999999999997,29.744,20.067,38.632999999999996,51.985,9.5,13.832999999999998,67.637,1.533,4.9670000000000005,0.479,1.133,18.467000000000002,0.067,10.7,1.8329999999999997,82.567
89,52,2024-01-08,1,2,2023-2024,Minas,Botafogo,1,87.05,32.25,40.4,14.4,41.65,10.8,30.85,21.5,12.75,1.6960000000000002,10.75,27.2,39.34,20.2,36.85,54.774,14.4,20.65,69.332,1.8,4.25,0.32999999999999996,3.05,17.55,0.185,12.75,2.7,105.4,82.751,27.6,39.29899999999999,15.849,36.05,12.05,24.0,17.5,13.149000000000001,1.3990000000000002,9.2,27.798999999999996,33.39200000000001,19.651,38.748999999999995,51.112,15.849,20.799,76.58399999999999,0.199,6.7,0.55,2.0,21.249000000000002,0.093,13.149000000000001,2.601,89.199
84,79,2024-01-08,1,2,2023-2024,Flamengo,R10 Score Vasco da Gama,1,86.7,30.6,38.6,17.5,38.2,11.6,26.6,20.1,12.0,1.842,10.2,28.4,36.31400000000001,19.3,34.6,55.652,17.5,22.4,78.39200000000001,1.6,7.1,0.632,1.7,19.6,0.09,12.0,2.9,103.4,74.9,28.8,33.6,12.5,37.1,10.6,26.5,20.2,16.85,1.2390000000000003,9.6,27.2,35.106,16.8,32.25,52.107000000000006,12.5,16.1,77.715,1.55,7.8,0.46099999999999997,2.6,21.25,0.12900000000000003,16.85,4.15,89.1
84,98,2024-01-08,1,2,2023-2024,São Paulo,Sesi Franca,0,75.251,24.975,34.299,15.974,33.824,9.1,24.724,15.824000000000002,11.576,1.3739999999999997,8.325,25.774,32.213,17.151,31.924,53.00899999999999,15.974,21.349,74.149,0.875,6.651000000000001,0.5850000000000001,2.974,18.099,0.16199999999999998,11.576,2.276,85.351,84.101,31.5,38.801,13.8,38.699,9.251000000000001,29.451,18.35,15.249,1.233,10.5,27.549,37.93400000000001,19.399,34.2,57.065,13.8,17.299,79.94200000000001,1.85,5.849,0.39099999999999996,2.851,18.401,0.16799999999999998,15.249,3.4509999999999996,99.249
71,70,2024-01-09,1,2,2023-2024,Coop/São José Basketball,Corinthians,1,78.7,24.9,40.2,13.6,40.5,11.5,29.0,17.9,13.8,1.382,8.3,23.8,34.62,20.1,41.3,48.629000000000005,13.6,19.3,71.181,1.8,7.7,0.573,2.1,18.5,0.11700000000000002,13.8,3.1,90.7,84.2,31.2,39.2,13.8,37.0,10.3,26.7,19.3,9.9,2.0829999999999997,10.4,29.9,34.943,19.6,36.1,53.854,13.8,19.0,72.41,1.4,4.3,0.47400000000000003,2.3,20.7,0.11399999999999999,9.9,1.1,96.0
75,76,2024-01-09,1,2,2023-2024,Mogi,Pinheiros,0,73.667,29.6,31.067,13.0,33.167,8.367,24.8,17.2,13.032999999999998,1.329,9.867,28.133,34.872,15.532999999999998,30.4,51.462,13.0,17.267000000000003,78.95,0.333,5.667,0.43900000000000006,1.5,20.4,0.076,13.032999999999998,2.533,80.76700000000001,76.699,27.3,33.601000000000006,15.800999999999998,38.5,11.699,26.801000000000005,16.299,14.199000000000002,1.214,9.099,29.0,31.910999999999994,16.799,32.998999999999995,51.10699999999999,15.800999999999998,21.601,73.25,1.301,5.1,0.3830000000000001,3.001,20.2,0.146,14.199000000000002,3.2989999999999995,83.499
76,98,2024-01-10,1,2,2023-2024,Paulistano,Sesi Franca,0,77.95,22.35,41.9,13.7,39.9,13.95,25.95,16.55,14.65,1.137,7.45,24.0,30.903000000000002,20.95,40.3,52.174,13.7,19.05,71.89399999999999,2.3,8.3,0.5770000000000001,2.3,21.2,0.11099999999999999,14.65,2.65,89.1,84.401,32.25,37.501,14.65,37.849000000000004,9.151,28.701,18.45,15.099,1.2550000000000001,10.75,27.999000000000002,38.193000000000005,18.749000000000002,33.6,56.35600000000001,14.65,17.999000000000002,81.26000000000002,1.95,5.799,0.39299999999999996,2.9509999999999996,19.500999999999998,0.156,15.099,3.501,98.899
86,78,2024-01-11,1,2,2023-2024,Minas,Flamengo,1,87.13300000000001,31.4,40.733,15.0,42.5,11.033,31.467000000000002,21.732999999999997,13.0,1.686,10.467,27.467000000000002,37.965,20.367,36.6,55.657000000000004,15.0,21.367,69.75899999999999,2.0,4.367,0.33,3.2670000000000003,17.667,0.19600000000000004,13.0,2.7,106.4,86.033,29.9,38.4,17.732999999999997,38.267,11.617,26.65,19.433,12.417,1.6889999999999996,9.967,27.867,36.102000000000004,19.2,34.983,54.82199999999999,17.732999999999997,23.2,76.761,1.583,7.0329999999999995,0.5999999999999999,1.7329999999999999,19.583,0.092,12.417,2.9,100.933
107,84,2024-01-11,1,2,2023-2024,UNIFACISA,São Paulo,1,86.401,32.4,38.2,15.800999999999998,35.901,8.801,27.1,17.599,13.700999999999999,1.29,10.799,30.0,35.58400000000001,19.1,32.498999999999995,58.568,15.800999999999998,19.901,78.33000000000001,1.1,7.699,0.562,2.3,17.399,0.14,13.700999999999999,2.099,99.499,75.451,25.95,33.999,15.499,33.599000000000004,9.0,24.599,15.949000000000002,12.001000000000001,1.3389999999999997,8.65,26.499000000000002,32.594,17.000999999999998,31.749000000000002,52.89699999999999,15.499,20.849,73.70900000000002,0.75,6.5009999999999994,0.5530000000000002,2.899,18.149,0.15699999999999997,12.001000000000001,2.151,84.451
79,75,2024-01-12,1,2,2023-2024,União Corinthians,Caxias do Sul Basquete,1,69.05,26.1,32.9,10.05,33.95,10.4,23.55,14.95,11.5,1.336,8.7,29.4,30.004999999999995,16.45,34.75,47.42700000000001,10.05,15.65,64.96900000000001,0.55,5.65,0.5069999999999999,1.85,21.3,0.091,11.5,1.9,69.35,71.15,23.55,33.4,14.2,33.9,10.9,23.0,14.9,15.15,1.004,7.85,25.25,31.316000000000003,16.7,36.4,45.986999999999995,14.2,20.3,69.91300000000001,2.9,7.15,0.475,1.95,21.05,0.093,15.15,3.45,70.7
75,81,2024-01-13,1,2,2023-2024,Fortaleza B. C. / CFO,São Paulo,0,77.699,22.5,41.199,14.0,38.4,8.9,29.5,16.500999999999998,14.399000000000001,1.168,7.501,22.999000000000002,32.453,20.601,36.1,56.715999999999994,14.0,20.1,68.497,1.8990000000000002,5.098999999999999,0.35800000000000004,1.599,19.699,0.08600000000000001,14.399000000000001,2.6,87.799,75.651,26.925,33.699,15.024000000000001,33.374,8.9,24.474,16.074,12.425999999999998,1.304,8.975,27.224,32.975,16.851,31.574,52.78499999999999,15.024000000000001,20.349,73.26899999999998,0.625,6.351,0.5210000000000001,2.8240000000000003,18.199,0.15200000000000002,12.425999999999998,2.026,83.551
97,91,2024-01-13,1,2,2023-2024,Pato Basquete,Flamengo,1,76.71600000000001,25.85,41.065999999999995,9.8,38.9,12.75,26.15,17.215999999999998,10.55,1.6949999999999998,8.616,28.766,29.769,20.534000000000002,38.516,53.634,9.8,14.266,67.25200000000001,1.566,4.8340000000000005,0.4739999999999999,1.066,18.534000000000002,0.061999999999999986,10.55,1.8659999999999997,85.58399999999999,85.36600000000001,29.2,38.2,17.965999999999998,38.334,11.634,26.7,18.766,12.834,1.5359999999999998,9.734,27.334000000000003,35.89,19.1,35.366,53.992,17.965999999999998,24.0,75.13,1.566,6.965999999999999,0.568,1.7659999999999996,19.565999999999995,0.094,12.834,2.9,98.46600000000001
81,61,2024-01-13,1,2,2023-2024,Minas,R10 Score Vasco da Gama,1,86.766,31.3,40.465999999999994,15.0,43.35,11.416,31.934000000000005,21.165999999999997,13.1,1.6319999999999997,10.434000000000001,27.384000000000004,37.959,20.234,36.25,55.826,15.0,21.284000000000002,70.06899999999999,2.15,4.5840000000000005,0.343,3.2840000000000003,17.884000000000004,0.195,13.1,2.65,106.8,73.2,27.45,33.3,12.45,36.3,10.35,25.95,19.45,16.8,1.191,9.15,27.2,33.60600000000001,16.65,32.15,51.806,12.45,16.2,76.85799999999999,1.4,7.75,0.45899999999999996,2.8,21.6,0.136,16.8,4.15,85.4
68,85,2024-01-14,2,2,2023-2024,Botafogo,Paulistano,0,79.801,26.1,37.79899999999999,15.899000000000001,35.7,11.9,23.8,16.6,13.399000000000001,1.3110000000000004,8.7,27.199,32.214,18.901,38.398999999999994,49.21300000000001,15.899000000000001,21.599,74.508,0.199,6.5,0.526,2.1,21.299,0.09799999999999999,13.399000000000001,2.901,83.599,77.3,21.45,41.6,14.25,39.85,13.75,26.1,16.65,15.05,1.1190000000000002,7.15,24.15,29.323,20.8,40.4,51.686,14.25,19.4,73.315,2.15,8.15,0.5509999999999999,2.1,21.65,0.1,15.05,2.85,87.25
110,96,2024-01-14,2,2,2023-2024,Sesi Franca,UNIFACISA,1,87.501,34.2,38.400999999999996,14.9,38.299,9.300999999999998,29.000999999999998,19.4,15.099,1.323,11.4,27.999000000000002,40.60000000000001,19.199,34.6,56.007000000000005,14.9,18.099,82.00700000000002,2.3,6.399,0.43599999999999994,2.901,19.500999999999998,0.153,15.099,3.401,104.199,89.601,35.85,39.0,14.751,36.20100000000001,9.401,26.8,18.999000000000002,13.700999999999999,1.407,11.949,31.8,37.017,19.5,32.498999999999995,59.90199999999999,14.751,18.801,77.48,1.05,8.248999999999999,0.608,2.5,16.949,0.155,13.700999999999999,2.0490000000000004,104.949
67,76,2024-01-15,2,2,2023-2024,Pato Basquete,R10 Score Vasco da Gama,0,78.49900000000001,26.4,41.998999999999995,10.1,39.6,12.6,27.0,17.698999999999995,10.4,1.7489999999999999,8.799,29.298999999999996,29.794,21.001000000000005,38.398999999999994,55.283,10.1,14.699000000000002,66.867,1.599,4.7010000000000005,0.469,0.999,18.601000000000006,0.05700000000000001,10.4,1.8990000000000002,88.60099999999998,73.3,28.35,32.5,12.45,35.75,10.35,25.4,19.2,16.5,1.197,9.45,27.75,34.120000000000005,16.25,31.55,51.496,12.45,16.25,76.617,1.35,7.2,0.433,2.8,22.3,0.12799999999999997,16.5,4.25,84.35
71,73,2024-01-15,2,2,2023-2024,Coop/São José Basketball,Pinheiros,0,77.75,24.15,40.0,13.6,40.2,11.45,28.75,17.45,13.4,1.379,8.05,22.9,35.153999999999996,20.0,41.65,47.975,13.6,19.25,71.514,1.85,7.2,0.549,2.3,18.55,0.129,13.4,2.95,89.35,75.099,26.1,33.001000000000005,16.000999999999998,38.8,11.399,27.401000000000003,16.399,15.099,1.12,8.699,27.3,33.196999999999996,16.499000000000002,33.699,49.035,16.000999999999998,21.201,76.125,1.301,5.2,0.3780000000000001,3.2009999999999996,20.0,0.158,15.099,3.4989999999999997,82.599
91,89,2024-01-16,2,2,2023-2024,Bauru Basket,UNIFACISA,1,78.699,26.7,40.2,11.799000000000001,35.299,10.2,25.099,18.7,13.2,1.487,8.901,28.101,31.449999999999996,20.1,36.699,54.577,11.799000000000001,15.8,74.77000000000001,2.1,7.800999999999999,0.6129999999999999,1.7,19.101,0.09100000000000001,13.2,3.099,89.199,91.351,37.05,39.2,15.100999999999999,35.900999999999996,9.701,26.2,19.649,13.651,1.468,12.349,32.45,37.67,19.6,32.299,60.64,15.100999999999999,19.451,76.80700000000002,1.05,8.199,0.6060000000000001,2.6,16.999000000000002,0.16,13.651,1.8490000000000002,106.899
81,75,2024-01-16,2,2,2023-2024,Sesi Franca,Fortaleza B. C. / CFO,1,88.48400000000001,35.25,38.334,14.9,38.516,10.034,28.484,19.35,13.866,1.476,11.75,28.865999999999996,40.523,19.166,35.3,54.698,14.9,18.116,81.93900000000001,2.25,6.066,0.45,2.684,20.184,0.138,13.866,3.084,104.76599999999999,76.999,21.9,40.398999999999994,14.7,37.8,8.9,28.9,15.450999999999999,13.799000000000001,1.151,7.301,23.499000000000002,31.04,20.201,35.3,56.903999999999996,14.7,21.1,68.897,1.9490000000000003,5.499,0.42000000000000004,1.6490000000000002,20.249000000000002,0.08399999999999999,13.799000000000001,2.25,85.899
68,111,2024-01-17,2,2,2023-2024,BRB/Brasília,Minas,0,70.7,24.9,35.799,10.001000000000001,31.301,8.699,22.599,12.501000000000001,12.9,0.9850000000000001,8.3,26.601,31.895999999999997,17.901,38.9,46.169,10.001000000000001,15.200999999999999,64.468,0.9,7.699,0.5969999999999999,1.1,19.6,0.052000000000000005,12.9,1.9009999999999998,65.901,86.39900000000002,31.2,40.199,15.0,44.2,11.799,32.401,20.598999999999997,13.2,1.5779999999999998,10.401,27.301000000000005,37.95300000000001,20.101000000000006,35.9,55.995000000000005,15.0,21.201000000000004,70.37899999999999,2.3,4.801,0.356,3.3010000000000006,18.101000000000006,0.194,13.2,2.6,107.2
93,88,2024-01-18,2,2,2023-2024,Bauru Basket,Fortaleza B. C. / CFO,1,80.866,26.5,41.7,12.666,36.065999999999995,10.6,25.466,19.3,12.65,1.6000000000000003,8.834,28.234,31.110999999999997,20.85,37.715999999999994,55.104,12.666,16.65,75.96300000000001,2.25,8.034,0.6569999999999999,1.8,19.284,0.09500000000000001,12.65,2.666,93.166,76.949,21.6,40.199,15.15,38.1,9.35,28.75,15.050999999999998,13.899000000000001,1.117,7.2010000000000005,23.749000000000002,30.264,20.101,35.15,56.86800000000001,15.15,21.65,69.482,1.999,5.749,0.434,1.6490000000000002,20.649,0.081,13.899000000000001,2.05,85.499
76,82,2024-01-18,2,2,2023-2024,Botafogo,Caxias do Sul Basquete,0,79.518,25.8,37.866,15.849,35.4,11.233,24.167,16.633,12.899000000000001,1.3440000000000003,8.6,27.249000000000002,31.691999999999997,18.933999999999997,38.116,49.636,15.849,21.499000000000002,74.625,0.266,6.733,0.5520000000000002,2.0,21.499000000000002,0.093,12.899000000000001,2.751,83.899,72.7,23.1,33.8,15.8,35.1,11.1,24.0,14.4,15.3,0.9710000000000001,7.7,24.8,31.136000000000003,16.9,36.2,46.806,15.8,22.6,69.69900000000001,2.6,6.9,0.458,2.1,21.8,0.096,15.3,3.7,72.7
70,77,2024-01-18,2,2,2023-2024,Mogi,Corinthians,0,72.8,29.1,31.6,12.1,33.7,8.6,25.1,17.3,12.3,1.455,9.7,28.8,33.477,15.8,31.1,51.153,12.1,16.5,76.025,0.4,6.1,0.5269999999999999,1.6,20.3,0.08099999999999999,12.3,2.3,80.4,81.8,30.3,38.8,12.7,36.6,9.9,26.7,18.9,9.9,2.039,10.1,29.8,33.995,19.4,36.2,53.2,12.7,17.6,71.00899999999999,1.4,4.8,0.529,2.4,20.5,0.122,9.9,1.1,93.2
71,84,2024-01-19,2,2,2023-2024,Cerrado,Minas,0,74.7,25.2,38.8,10.7,36.5,11.1,25.4,16.1,12.4,1.337,8.4,23.5,36.57899999999999,19.4,40.4,47.92,10.7,15.2,68.27399999999999,1.2,7.7,0.636,1.5,15.5,0.096,12.4,2.1,83.5,89.44900000000001,32.1,41.79899999999999,15.55,43.85,11.449,32.401,20.998999999999995,13.7,1.5409999999999995,10.701,27.201000000000004,39.13600000000001,20.901000000000003,36.05,58.159000000000006,15.55,21.751000000000005,71.588,2.4,5.101000000000001,0.363,3.1010000000000004,18.201,0.182,13.7,2.8,110.95
77,78,2024-01-20,2,2,2023-2024,Botafogo,União Corinthians,0,79.23499999999999,25.5,37.93300000000001,15.799000000000001,35.1,10.565999999999999,24.534000000000002,16.665999999999997,12.399,1.377,8.5,27.299,31.169999999999995,18.966999999999995,37.833000000000006,50.05900000000001,15.799000000000001,21.399,74.742,0.333,6.965999999999999,0.5780000000000001,1.9,21.699,0.08800000000000001,12.399,2.601,84.199,70.8,24.9,34.2,11.7,33.9,10.3,23.6,15.2,11.5,1.355,8.3,28.8,28.984999999999996,17.1,35.0,48.794,11.7,17.1,68.163,0.6,5.9,0.526,1.7,22.2,0.083,11.5,2.1,72.2
78,73,2024-01-20,2,2,2023-2024,R10 Score Vasco da Gama,Caxias do Sul Basquete,1,74.1,28.8,32.1,13.2,35.5,9.7,25.8,19.1,16.25,1.209,9.6,27.75,34.732,16.05,30.4,52.80899999999999,13.2,17.05,77.376,1.4,6.75,0.413,2.75,23.05,0.118,16.25,4.2,85.6,73.25,22.95,34.1,16.2,36.25,11.4,24.85,15.0,15.25,1.0100000000000002,7.65,26.0,29.706,17.05,35.6,48.153,16.2,23.1,69.799,2.55,7.0,0.466,2.25,22.0,0.10200000000000001,15.25,3.55,74.7
99,95,2024-01-22,3,2,2023-2024,Fortaleza B. C. / CFO,Coop/São José Basketball,1,78.299,22.05,40.599000000000004,15.65,38.25,9.7,28.55,15.651,13.799000000000001,1.159,7.350999999999999,23.949,30.635,20.301,35.65,56.612,15.65,21.85,71.47200000000001,1.999,5.849,0.44300000000000006,1.749,20.649,0.08600000000000001,13.799000000000001,2.0,87.849,76.8,21.9,41.2,13.7,39.6,11.3,28.3,17.7,13.7,1.376,7.3,22.1,33.093,20.6,41.7,49.491,13.7,19.7,69.98500000000001,2.0,7.1,0.537,2.4,19.1,0.13000000000000003,13.7,3.2,88.0
79,68,2024-01-22,3,2,2023-2024,UNIFACISA,Mogi,1,91.601,37.5,38.4,15.700999999999999,35.150999999999996,9.701,25.45,19.899,13.450999999999999,1.5099999999999998,12.498999999999999,32.85,37.699,19.2,31.399,61.035000000000004,15.700999999999999,20.351,76.30400000000002,0.95,7.9990000000000006,0.5989999999999999,2.45,17.099,0.15200000000000002,13.450999999999999,1.8490000000000002,106.449,72.7,30.45,31.0,11.25,34.05,8.65,25.4,17.6,12.75,1.442,10.15,29.0,34.76199999999999,15.5,31.85,48.855999999999995,11.25,15.25,75.581,0.35,6.25,0.5249999999999999,1.55,20.15,0.07899999999999999,12.75,2.35,80.2
87,64,2024-01-22,3,2,2023-2024,Corinthians,BRB/Brasília,1,81.55,29.7,39.4,12.45,35.75,9.5,26.25,18.9,9.95,2.032,9.9,28.55,34.898,19.7,36.7,53.366,12.45,17.3,70.818,1.7,5.2,0.5640000000000001,2.5,20.0,0.129,9.95,0.9,93.45,69.4,24.3,35.399,9.700999999999999,31.301,9.399000000000001,21.899,12.300999999999998,13.5,0.925,8.1,27.201,29.959000000000003,17.701,39.2,45.439,9.700999999999999,14.800999999999998,64.41099999999999,0.9,7.4990000000000006,0.556,0.9,18.6,0.047,13.5,2.2009999999999996,62.201
84,61,2024-01-22,3,2,2023-2024,Pinheiros,Cerrado,1,74.999,26.55,32.501,15.950999999999999,37.25,10.799,26.451,16.649,14.599,1.1670000000000003,8.849,26.7,35.186,16.249000000000002,33.898999999999994,47.974,15.950999999999999,21.201,75.86100000000002,1.251,5.35,0.3950000000000001,3.0509999999999997,19.9,0.15,14.599,3.249,81.949,74.6,25.35,38.4,10.85,36.45,11.25,25.2,15.45,12.85,1.228,8.45,23.25,37.073,19.2,40.65,47.087,10.85,15.25,68.88499999999999,1.1,7.55,0.597,1.35,16.25,0.086,12.85,2.1,81.9
89,77,2024-01-22,3,2,2023-2024,R10 Score Vasco da Gama,União Corinthians,1,74.85,28.8,32.8,13.25,35.7,9.15,26.55,19.0,15.85,1.23,9.6,27.75,34.73199999999999,16.4,30.3,54.230999999999995,13.25,17.0,77.76700000000001,1.45,6.55,0.41200000000000003,2.75,22.8,0.12,15.85,3.9,87.2,72.35,26.7,33.7,11.95,33.6,9.75,23.85,16.35,11.2,1.499,8.9,29.15,30.675999999999995,16.85,35.1,47.846,11.95,17.8,66.547,0.55,6.3,0.5780000000000001,2.0,22.5,0.095,11.2,2.15,75.05
105,62,2024-01-23,3,2,2023-2024,Flamengo,Caxias do Sul Basquete,1,85.799,28.95,38.7,18.148999999999994,38.45100000000001,11.801,26.65,18.998999999999995,12.551,1.5789999999999997,9.651,27.301000000000005,35.63700000000001,19.35,36.148999999999994,53.521,18.148999999999994,24.6,74.06299999999999,1.249,6.898999999999999,0.573,1.549,19.948999999999995,0.081,12.551,2.65,98.24900000000001,73.8,22.8,34.4,16.6,37.4,11.7,25.7,15.6,15.2,1.049,7.6,27.2,28.276,17.2,35.0,49.5,16.6,23.6,69.89900000000002,2.5,7.1,0.47400000000000003,2.4,22.2,0.10800000000000001,15.2,3.4,76.7
90,71,2024-01-23,3,2,2023-2024,São Paulo,Paulistano,1,76.834,26.7,35.465999999999994,14.666,33.065999999999995,8.6,24.466,16.366,12.734,1.298,8.9,27.165999999999997,32.773999999999994,17.734,32.065999999999995,54.74399999999999,14.666,20.066,72.57599999999998,0.7,6.434,0.5160000000000001,2.566,18.066,0.14000000000000004,12.734,1.834,84.534,78.6,21.0,43.4,14.2,40.2,13.6,26.6,17.5,15.2,1.169,7.0,24.7,28.075,21.7,40.7,53.42999999999999,14.2,19.5,72.73599999999999,2.6,8.0,0.533,2.2,21.5,0.10700000000000001,15.2,2.9,89.3
93,75,2024-01-24,3,2,2023-2024,Fortaleza B. C. / CFO,Mogi,1,81.099,21.9,41.199,18.0,38.05,9.75,28.3,15.700999999999999,13.449000000000002,1.1810000000000003,7.300999999999999,23.499000000000002,31.026999999999997,20.601,36.2,56.539,18.0,24.3,74.31899999999999,1.999,6.099,0.47000000000000003,1.749,20.799,0.085,13.449000000000002,1.9,91.149,72.75,30.15,31.7,10.9,33.5,8.4,25.1,17.25,12.6,1.427,10.05,28.55,34.82899999999999,15.85,32.7,48.297999999999995,10.9,14.75,75.423,0.35,6.2,0.526,1.55,20.45,0.079,12.6,2.25,79.45
97,86,2024-01-24,3,2,2023-2024,Pato Basquete,Botafogo,1,78.24900000000001,27.3,39.79899999999999,11.15,38.4,12.0,26.4,17.449,10.7,1.677,9.099,30.048999999999996,30.157999999999998,19.901000000000003,35.949,55.434000000000005,11.15,15.549000000000001,69.43800000000002,1.499,4.501,0.43000000000000005,1.049,18.501000000000005,0.05900000000000001,10.7,1.9490000000000003,87.55099999999999,78.30199999999999,25.8,37.60000000000001,14.899000000000001,34.9,9.899,25.001000000000005,16.498999999999995,12.299000000000001,1.374,8.6,26.799,32.148,18.799999999999994,38.300000000000004,48.865,14.899000000000001,20.299,74.37800000000001,0.4,7.098999999999999,0.5900000000000001,1.9,21.799,0.08800000000000001,12.299000000000001,2.601,83.299
84,68,2024-01-24,3,2,2023-2024,UNIFACISA,Coop/São José Basketball,1,90.751,38.25,37.8,14.700999999999999,35.301,9.800999999999998,25.5,20.149,13.151,1.5669999999999997,12.749,33.35,37.921,18.9,31.199,60.501999999999995,14.700999999999999,19.401,74.59900000000002,0.85,7.899000000000001,0.6069999999999999,2.3,16.999000000000002,0.14500000000000002,13.151,2.099,105.649,76.8,22.35,41.2,13.25,39.15,11.0,28.15,17.5,13.95,1.3379999999999999,7.45,22.15,33.66700000000001,20.6,41.7,49.491,13.25,19.35,68.796,1.75,6.55,0.48699999999999993,2.2,19.8,0.11599999999999999,13.95,3.0,86.35
73,56,2024-01-24,3,2,2023-2024,Corinthians,Cerrado,1,81.6,29.25,39.9,12.45,35.5,9.45,26.05,19.0,10.45,1.984,9.75,27.9,35.102999999999994,19.95,36.6,54.266000000000005,12.45,17.35,70.641,1.8,5.6,0.578,2.6,19.6,0.13500000000000004,10.45,1.05,94.15,73.25,25.5,37.3,10.45,35.85,11.0,24.85,14.7,13.15,1.121,8.5,23.05,37.503,18.65,40.4,45.897000000000006,10.45,15.05,67.28,0.95,7.3,0.556,1.35,16.35,0.086,13.15,2.3,78.4
88,92,2024-01-24,3,2,2023-2024,Pinheiros,BRB/Brasília,0,76.199,26.25,34.101,15.850999999999999,37.45,11.199,26.250999999999998,17.499000000000002,13.449000000000002,1.392,8.748999999999999,26.7,34.786,17.049,35.049,48.503,15.850999999999999,21.000999999999998,76.16999999999999,1.351,5.35,0.425,3.001,20.0,0.14700000000000002,13.449000000000002,2.7990000000000004,84.949,70.0,24.9,35.366,9.734,30.934000000000005,9.016,21.916,12.684000000000001,13.45,0.9560000000000001,8.3,26.734,31.335,17.684,38.6,46.169,9.734,14.684000000000001,65.054,0.95,7.1659999999999995,0.534,1.2,18.7,0.061,13.45,2.234,64.23400000000001
89,71,2024-01-25,3,2,2023-2024,Flamengo,União Corinthians,1,87.49900000000001,28.8,40.3,18.398999999999994,38.501000000000005,11.501000000000001,27.0,20.348999999999997,12.451,1.6789999999999998,9.601,26.601000000000006,36.452,20.15,37.199,54.036,18.398999999999994,24.65,75.04299999999999,1.199,7.098999999999999,0.5900000000000001,1.399,19.648999999999994,0.07499999999999998,12.451,2.4,102.09900000000002,73.5,27.3,34.1,12.1,33.95,9.8,24.15,17.3,11.7,1.5250000000000001,9.1,29.15,31.429999999999996,17.05,35.6,47.662,12.1,18.15,65.717,0.5,6.35,0.571,2.15,22.35,0.10400000000000001,11.7,2.6,76.9
80,88,2024-02-05,4,2,2023-2024,Pato Basquete,Coop/São José Basketball,0,80.999,29.1,40.599,11.3,38.1,11.7,26.4,17.699,10.5,1.779,9.699,30.498999999999995,31.846999999999998,20.301000000000005,35.398999999999994,56.992,11.3,15.299000000000001,72.438,1.399,4.001,0.372,1.099,18.901,0.06000000000000001,10.5,1.8990000000000002,91.50099999999999,76.8,22.8,41.2,12.8,38.7,10.7,28.0,17.3,14.2,1.3,7.6,22.2,34.241,20.6,41.7,49.491,12.8,19.0,67.607,1.5,6.0,0.43699999999999994,2.0,20.5,0.10200000000000001,14.2,2.8,84.7
75,103,2024-02-05,4,2,2023-2024,União Corinthians,Cerrado,0,73.0,27.3,33.8,11.9,34.3,10.05,24.25,17.75,12.35,1.4950000000000003,9.1,29.35,31.15299999999999,16.9,35.55,47.321999999999996,11.9,17.65,66.46000000000001,0.4,6.35,0.5539999999999999,2.05,22.15,0.101,12.35,2.9,76.45,71.85,24.75,36.4,10.7,35.0,10.3,24.7,14.2,13.15,1.0810000000000002,8.25,23.1,36.352000000000004,18.2,39.6,45.621,10.7,15.7,66.43199999999999,1.0,7.45,0.568,1.4,16.2,0.09,13.15,2.45,75.5
73,80,2024-02-06,4,2,2023-2024,UNIFACISA,Fortaleza B. C. / CFO,0,90.634,39.2,37.6,13.834,36.334,10.034,26.3,19.966,12.934000000000001,1.5819999999999999,13.065999999999999,33.6,38.641,18.8,31.565999999999995,59.580999999999996,13.834,18.434,73.574,0.7,7.866,0.616,2.3,17.166,0.14400000000000004,12.934000000000001,2.166,106.26599999999999,82.866,21.1,42.465999999999994,19.3,38.3,9.6,28.7,15.234,13.565999999999999,1.134,7.034000000000001,22.966,30.622999999999998,21.234,36.7,57.534000000000006,19.3,26.2,73.844,2.066,6.366,0.48600000000000004,1.766,20.666,0.08600000000000001,13.565999999999999,1.9,92.666
78,102,2024-02-06,4,2,2023-2024,Botafogo,Flamengo,0,78.73499999999999,26.4,37.867000000000004,14.466,34.7,10.099,24.601000000000006,16.499000000000002,12.065999999999999,1.4169999999999998,8.8,26.865999999999996,32.747,18.933,38.067,49.477,14.466,20.166,72.69500000000001,0.367,6.699,0.5599999999999998,1.8,21.166,0.085,12.065999999999999,2.434,83.466,88.299,29.1,40.8,18.399,38.551,11.201,27.35,21.399,12.901,1.6889999999999996,9.701,26.101000000000006,37.58,20.4,37.648999999999994,53.97400000000001,18.399,24.45,75.79499999999999,1.399,7.398999999999999,0.592,1.549,19.199,0.085,12.901,2.4,104.59900000000002
70,71,2024-02-06,4,2,2023-2024,Corinthians,Bauru Basket,0,80.1,28.2,39.2,12.7,36.45,9.95,26.5,18.5,11.3,1.764,9.4,27.75,34.089,19.6,36.2,53.926,12.7,17.75,70.441,1.75,5.9,0.5589999999999999,2.55,19.9,0.129,11.3,1.35,92.2,83.03299999999999,26.3,43.2,13.532999999999998,36.833,11.0,25.833,19.9,12.1,1.7129999999999999,8.767,28.367,30.772,21.6,38.733,55.63099999999999,13.532999999999998,17.5,77.15600000000002,2.4,8.267,0.701,1.9,19.467000000000002,0.099,12.1,2.2329999999999997,97.133
73,59,2024-02-07,4,2,2023-2024,União Corinthians,BRB/Brasília,1,72.5,26.1,34.1,12.3,34.1,10.0,24.1,17.55,12.85,1.437,8.7,28.7,30.258000000000003,17.05,35.65,47.576,12.3,17.95,67.417,0.35,6.55,0.5509999999999999,1.9,22.05,0.094,12.85,2.8,75.5,70.6,25.5,35.333,9.767,30.567,8.633,21.933,13.067000000000002,13.4,0.9869999999999999,8.5,26.267000000000003,32.711,17.667,38.0,46.899,9.767,14.567000000000002,65.69699999999999,1.0,6.833,0.5119999999999999,1.5,18.8,0.075,13.4,2.2670000000000003,66.26700000000001
74,80,2024-02-07,4,2,2023-2024,Pato Basquete,São Paulo,0,80.599,28.35,40.29899999999999,11.95,37.6,11.65,25.95,16.949,10.35,1.7309999999999999,9.449,29.898999999999994,31.662,20.151,35.54899999999999,56.45,11.95,16.349,73.37899999999999,1.449,4.101000000000001,0.39099999999999996,1.099,19.351,0.05800000000000001,10.35,1.499,89.751,78.56700000000001,26.7,37.333,14.532999999999998,34.233,8.4,25.833,16.732999999999997,12.967000000000002,1.3039999999999998,8.9,27.133,32.818999999999996,18.667,32.333,57.301,14.532999999999998,19.833,72.872,0.9,6.267,0.4960000000000001,2.633,17.833,0.14700000000000002,12.967000000000002,1.6670000000000003,88.26700000000001
72,86,2024-02-07,4,2,2023-2024,Caxias do Sul Basquete,Cerrado,0,72.85,21.45,34.2,17.2,36.05,11.35,24.7,15.65,15.4,1.0350000000000001,7.15,26.1,27.131,17.1,35.2,49.071000000000005,17.2,24.25,70.542,2.35,7.3,0.479,2.3,22.5,0.10300000000000001,15.4,3.35,74.65,74.05,25.5,36.2,12.35,34.4,10.0,24.4,14.15,13.55,1.0470000000000002,8.5,23.25,37.120000000000005,18.1,38.25,47.303999999999995,12.35,17.6,68.191,1.05,8.0,0.5930000000000001,1.45,16.45,0.092,13.55,2.75,78.35
102,65,2024-02-08,4,2,2023-2024,Minas,Mogi,1,89.84900000000002,31.8,42.29899999999999,15.75,43.65,11.149,32.501000000000005,21.249000000000002,14.05,1.5159999999999996,10.601,27.001000000000005,39.089000000000006,21.151000000000003,35.95,59.090999999999994,15.75,22.001000000000005,71.74600000000001,2.45,5.651000000000001,0.39699999999999996,2.9510000000000005,18.301,0.173,14.05,2.85,111.85,72.6,28.05,33.7,10.85,32.95,8.35,24.6,16.65,12.5,1.389,9.35,27.9,33.126999999999995,16.85,33.55,50.193,10.85,15.05,73.778,0.4,6.25,0.5329999999999999,1.4,21.0,0.07,12.5,2.2,77.9
84,76,2024-02-08,4,2,2023-2024,Pinheiros,Bauru Basket,1,78.099,26.85,35.701,15.550999999999998,37.9,10.998999999999999,26.901,18.949,13.249,1.591,8.949000000000002,25.8,36.274,17.849,35.799,49.603,15.550999999999998,20.500999999999998,76.61099999999999,1.301,5.15,0.41600000000000004,2.9509999999999996,20.1,0.14400000000000002,13.249,2.649,90.049,83.35,25.5,43.9,13.95,37.05,11.0,26.05,19.65,11.4,1.768,8.5,27.65,30.599,21.95,39.7,55.230999999999995,13.95,17.85,78.15900000000002,2.4,8.15,0.72,1.9,19.7,0.098,11.4,1.8,97.9
69,75,2024-02-08,4,2,2023-2024,UNIFACISA,Paulistano,0,89.46700000000001,38.5,37.3,13.667000000000002,35.917,9.667,26.25,19.282999999999998,12.867,1.534,12.832999999999998,33.3,38.13,18.65,31.982999999999997,58.44699999999999,13.667000000000002,18.217000000000002,73.57399999999998,0.55,7.983,0.629,2.2,17.133,0.138,12.867,2.183,103.633,77.85,22.65,41.2,14.0,39.2,12.85,26.35,17.9,14.45,1.31,7.55,25.25,29.397,20.6,40.05,51.346000000000004,14.0,19.4,72.09299999999999,2.45,8.35,0.616,2.05,21.7,0.099,14.45,2.8,88.35
79,67,2024-02-09,4,2,2023-2024,Caxias do Sul Basquete,BRB/Brasília,1,73.25,21.9,34.2,17.15,35.55,11.05,24.5,15.65,15.65,1.0139999999999998,7.3,25.55,28.365999999999996,17.1,34.75,49.615,17.15,24.3,70.074,2.1,7.15,0.45899999999999996,2.4,22.65,0.10700000000000001,15.65,3.4,75.3,69.7,24.6,35.3,9.8,30.9,8.8,22.1,13.3,13.45,1.001,8.2,25.65,32.14200000000001,17.65,37.85,47.027,9.8,14.6,65.75299999999999,1.25,6.5,0.4860000000000001,1.55,18.8,0.07799999999999999,13.45,2.15,66.05
98,86,2024-02-09,4,2,2023-2024,R10 Score Vasco da Gama,Botafogo,1,76.8,29.1,34.8,12.9,34.6,8.5,26.1,19.6,15.0,1.377,9.7,27.9,34.928999999999995,17.4,31.0,56.06999999999999,12.9,16.3,78.908,1.4,6.5,0.44600000000000006,2.8,22.0,0.129,15.0,3.7,90.1,78.768,27.3,37.234,14.232999999999999,34.05,9.498999999999999,24.551000000000005,16.949,12.283,1.428,9.1,26.782999999999998,33.89,18.615999999999996,37.384,49.454,14.232999999999999,20.232999999999997,71.31300000000002,0.584,6.648999999999999,0.5439999999999999,1.7,20.933,0.08100000000000003,12.283,2.6670000000000003,83.383
51,64,2024-02-10,4,2,2023-2024,Fortaleza B. C. / CFO,Paulistano,0,81.583,19.1,43.533,18.95,38.65,9.3,29.35,14.367,14.432999999999998,1.034,6.367,21.883,28.542,21.767000000000003,37.0,58.57800000000001,18.95,25.75,73.876,2.0829999999999997,6.333,0.4670000000000001,1.7329999999999999,20.683,0.084,14.432999999999998,2.1,90.68299999999999,76.95,22.95,40.2,13.8,39.15,12.2,26.95,17.5,14.4,1.286,7.65,25.25,29.788999999999998,20.1,39.25,51.078,13.8,19.2,71.792,2.25,8.7,0.641,1.85,21.8,0.089,14.4,3.05,87.6
61,82,2024-02-12,5,2,2023-2024,Pinheiros,Sesi Franca,0,79.799,27.6,37.001,15.200999999999999,39.0,11.199000000000002,27.801,19.799,12.899000000000001,1.7719999999999998,9.199000000000002,25.5,37.265,18.499000000000002,36.499,50.412,15.200999999999999,20.201,75.95299999999999,1.201,4.8,0.397,2.901,20.2,0.14100000000000004,12.899000000000001,2.499,94.099,89.46700000000001,36.3,38.267,14.9,38.733,10.767,27.967000000000002,19.3,12.633,1.629,12.1,29.732999999999997,40.44599999999999,19.133,36.0,53.38900000000001,14.9,18.133,81.87100000000002,2.2,5.733,0.4640000000000001,2.467,20.867,0.12300000000000003,12.633,2.7670000000000003,105.333
68,73,2024-02-14,5,2,2023-2024,Corinthians,Sesi Franca,0,77.6,26.4,38.0,13.2,37.3,10.6,26.7,17.7,11.9,1.5440000000000003,8.8,27.3,32.482,19.0,35.9,52.68599999999999,13.2,18.5,70.251,1.7,6.1,0.542,2.6,20.1,0.13,11.9,1.3,88.7,89.3,36.3,37.867000000000004,15.133,39.333,11.0,28.333,19.333,11.833,1.6990000000000003,12.1,29.833,40.28099999999999,18.933,36.433,51.99400000000001,15.133,18.367,82.138,2.367,5.767,0.49000000000000005,2.433,20.933,0.12,11.833,2.567,105.867
111,86,2024-02-14,5,2,2023-2024,Coop/São José Basketball,União Corinthians,1,77.2,22.2,43.4,11.6,38.5,10.4,28.1,17.4,14.2,1.3079999999999998,7.4,22.0,33.754000000000005,21.7,41.8,52.33699999999999,11.6,18.1,63.678999999999995,1.9,6.0,0.437,1.8,20.6,0.09100000000000001,14.2,3.2,85.5,72.55,24.9,35.1,12.55,33.85,9.8,24.05,17.65,13.6,1.37,8.3,27.55,29.985000000000003,17.55,35.7,48.849999999999994,12.55,18.4,67.02799999999999,0.4,6.75,0.5349999999999999,1.9,21.95,0.094,13.6,2.75,75.85
81,74,2024-02-14,5,2,2023-2024,Mogi,Caxias do Sul Basquete,1,71.8,27.0,33.6,11.2,32.0,8.4,23.6,16.6,12.2,1.427,9.0,28.0,31.89699999999999,16.8,33.3,50.397999999999996,11.2,15.5,73.742,0.4,6.0,0.518,1.2,21.2,0.05900000000000001,12.2,2.1,75.6,73.2,21.9,34.5,16.8,35.1,10.75,24.35,15.7,15.9,0.9969999999999999,7.3,25.5,28.444,17.25,34.55,50.242,16.8,23.85,69.79599999999999,1.95,7.3,0.46299999999999997,2.4,22.75,0.10700000000000001,15.9,3.3,75.25
84,75,2024-02-14,5,2,2023-2024,Fortaleza B. C. / CFO,Botafogo,1,80.3,17.1,44.6,18.6,39.0,9.0,30.0,13.5,15.3,0.9339999999999999,5.7,20.8,26.461000000000002,22.3,37.3,59.622000000000014,18.6,25.3,73.908,2.1,6.3,0.44800000000000006,1.7,20.7,0.08200000000000003,15.3,2.3,88.7,78.801,28.2,36.601000000000006,14.0,33.4,8.899,24.500999999999998,17.399,12.5,1.439,9.4,26.7,35.033,18.299,36.70100000000001,49.431000000000004,14.0,20.3,69.93100000000001,0.8009999999999999,6.598999999999999,0.5279999999999999,1.6,20.7,0.07700000000000003,12.5,2.9,83.3
83,86,2024-02-15,5,2,2023-2024,Cerrado,Flamengo,0,75.4,26.1,37.0,12.3,34.8,10.4,24.4,13.7,13.7,1.008,8.7,24.0,36.136,18.5,38.1,48.89,12.3,17.7,67.736,1.0,8.6,0.6270000000000001,1.5,17.1,0.092,13.7,3.2,80.0,89.599,31.8,40.0,17.799,39.101000000000006,10.801,28.3,22.399,13.001,1.7619999999999998,10.601,27.001000000000005,39.339,20.0,37.199,53.599000000000004,17.799,23.6,76.37699999999998,1.299,7.398999999999999,0.587,1.6990000000000003,18.499000000000002,0.097,13.001,2.4,107.799
86,94,2024-02-15,5,2,2023-2024,Minas,São Paulo,0,90.699,31.8,41.998999999999995,16.9,43.7,11.299,32.401,21.999000000000002,13.6,1.738,10.601,27.000999999999998,39.089,21.000999999999998,35.5,59.52599999999999,16.9,23.101,73.195,2.4,6.101000000000001,0.47000000000000003,2.7010000000000005,18.401,0.159,13.6,2.5,114.5,79.3,26.4,38.2,14.7,35.6,8.7,26.9,16.9,12.9,1.3259999999999998,8.8,27.7,31.886999999999993,19.1,32.4,58.64999999999999,14.7,19.8,73.795,1.1,6.2,0.492,2.6,17.5,0.14999999999999997,12.9,1.6,90.4
89,79,2024-02-15,5,2,2023-2024,Bauru Basket,Pato Basquete,1,82.5,26.1,42.2,14.2,36.1,10.8,25.3,19.2,11.2,1.7559999999999998,8.7,27.7,31.404000000000003,21.1,39.1,54.01899999999999,14.2,17.9,79.46600000000001,2.2,8.0,0.7170000000000002,1.9,20.3,0.094,11.2,1.8,95.8,80.699,29.1,39.498999999999995,12.1,38.05,11.95,26.1,16.399,10.3,1.6799999999999997,9.699,29.749000000000002,32.705,19.750999999999998,35.748999999999995,55.22499999999999,12.1,16.899,72.33500000000001,1.449,4.251,0.41100000000000003,1.199,19.101,0.06300000000000001,10.3,1.499,89.451
80,51,2024-02-16,5,2,2023-2024,Paulistano,Pinheiros,1,75.85,22.2,39.9,13.75,38.65,11.4,27.25,16.95,14.3,1.2560000000000002,7.4,25.35,28.648000000000003,19.95,38.7,51.355000000000004,13.75,19.35,70.91999999999999,1.95,9.0,0.6639999999999999,1.8,21.75,0.087,14.3,3.35,85.65,77.866,26.45,37.434000000000005,13.984,38.9,11.416,27.484,19.416,12.866,1.746,8.815999999999999,25.15,36.025000000000006,18.716,37.565999999999995,49.717,13.984,18.634,74.902,1.184,4.5,0.3750000000000001,2.734,19.9,0.13400000000000004,12.866,2.316,90.716
82,68,2024-02-16,5,2,2023-2024,Coop/São José Basketball,Caxias do Sul Basquete,1,80.0,24.0,43.6,12.4,37.55,9.75,27.8,17.45,14.1,1.325,8.0,22.3,35.909000000000006,21.8,40.8,53.895,12.4,18.5,66.51699999999998,2.05,6.05,0.44699999999999995,1.8,20.8,0.09100000000000003,14.1,3.4,89.35,72.7,20.55,35.1,17.05,34.65,10.4,24.25,15.25,16.0,0.9560000000000001,6.85,24.95,26.965999999999998,17.55,34.65,50.855000000000004,17.05,23.8,71.08399999999999,1.8,7.35,0.46399999999999997,2.5,22.45,0.11399999999999999,16.0,3.3,74.5
96,66,2024-02-16,5,2,2023-2024,UNIFACISA,Botafogo,1,88.3,37.8,37.0,13.5,35.5,9.3,26.2,18.6,12.8,1.486,12.6,33.0,37.619,18.5,32.4,57.31299999999999,13.5,18.0,73.57399999999998,0.4,8.1,0.642,2.1,17.1,0.13200000000000003,12.8,2.2,101.0,77.001,27.15,36.101000000000006,13.75,33.55,8.699,24.851,17.149,13.1,1.363,9.05,26.5,34.031,18.049,36.401,49.196000000000005,13.75,20.4,68.06900000000002,0.851,6.598999999999999,0.5050000000000001,1.65,20.85,0.079,13.1,3.05,80.4
80,94,2024-02-16,5,2,2023-2024,Mogi,União Corinthians,0,72.55,28.05,33.2,11.3,32.65,9.65,23.0,16.2,11.75,1.4380000000000002,9.35,27.8,33.435,16.6,34.75,47.775999999999996,11.3,16.05,71.53800000000001,0.55,6.1,0.546,1.2,21.65,0.05800000000000001,11.75,2.15,75.6,74.2,25.35,36.1,12.75,33.45,9.25,24.2,18.05,14.2,1.3320000000000003,8.45,27.0,31.309000000000005,18.05,35.2,51.11,12.75,18.7,66.90900000000002,0.45,6.45,0.491,2.05,22.2,0.099,14.2,2.8,78.35
82,90,2024-02-17,5,2,2023-2024,São Paulo,Corinthians,0,80.8,27.6,38.3,14.9,35.85,8.6,27.25,16.85,13.0,1.3099999999999998,9.2,28.0,32.873,19.15,32.55,58.549,14.9,19.5,76.866,1.0,6.1,0.48,2.5,18.3,0.141,13.0,1.5,92.3,76.9,27.15,36.2,13.55,36.3,10.05,26.25,17.35,11.8,1.5270000000000004,9.05,27.35,33.38,18.1,35.1,51.376999999999995,13.55,19.1,69.917,1.6,6.4,0.57,2.6,19.4,0.13499999999999998,11.8,1.35,86.9
74,86,2024-02-17,5,2,2023-2024,BRB/Brasília,Flamengo,0,69.1,23.4,36.0,9.7,31.9,9.1,22.8,13.3,13.6,0.992,7.8,25.6,30.451,18.0,38.0,47.788,9.7,14.3,66.231,1.5,6.6,0.4880000000000001,1.6,19.2,0.07999999999999999,13.6,2.0,66.5,89.049,31.05,40.8,17.199,39.651,10.901,28.75,22.599,13.100999999999999,1.763,10.351,27.551,37.628,20.4,37.04899999999999,55.0,17.199,22.85,76.044,1.549,6.949,0.5399999999999999,1.7990000000000002,18.549,0.10400000000000001,13.100999999999999,2.3,107.449
76,81,2024-02-17,5,2,2023-2024,Bauru Basket,R10 Score Vasco da Gama,0,81.75,25.2,41.9,14.65,36.35,10.65,25.7,18.85,11.2,1.7169999999999999,8.4,27.5,30.681,20.95,39.25,53.419,14.65,18.55,79.04199999999999,2.05,8.05,0.7220000000000002,2.35,20.4,0.119,11.2,1.85,94.85,79.45,28.65,36.9,13.9,35.05,9.3,25.75,20.4,14.0,1.5370000000000001,9.55,28.25,33.857,18.45,32.1,57.364,13.9,18.05,77.49100000000001,1.5,6.3,0.466,3.0,21.8,0.139,14.0,3.3,93.7
97,65,2024-02-17,5,2,2023-2024,Sesi Franca,Pato Basquete,1,90.2,36.75,37.634,15.815999999999997,39.315999999999995,11.15,28.165999999999997,19.766,11.815999999999999,1.7360000000000002,12.25,29.715999999999998,41.00299999999999,18.815999999999995,36.366,51.757000000000005,15.815999999999997,19.334000000000003,81.405,2.3840000000000003,6.184,0.524,2.5159999999999996,21.215999999999998,0.122,11.815999999999999,2.4840000000000004,107.63399999999999,80.299,29.55,38.699,12.05,38.55,11.75,26.8,15.999,10.85,1.564,9.849,29.449,33.541000000000004,19.351,35.649,54.366,12.05,16.599,73.633,1.399,4.201,0.39299999999999996,1.349,19.401,0.06900000000000002,10.85,1.499,89.101
98,92,2024-02-28,6,2,2023-2024,União Corinthians,UNIFACISA,1,76.5,25.65,37.5,13.35,33.05,8.6,24.45,18.25,14.65,1.298,8.55,25.65,33.150999999999996,18.75,35.0,53.563999999999986,13.35,19.3,67.957,0.4,5.95,0.437,2.3,21.9,0.11000000000000001,14.65,3.05,82.1,88.65,37.95,35.6,15.1,35.5,9.35,26.15,18.3,12.8,1.467,12.65,33.35,37.354,17.8,31.6,56.70200000000001,15.1,19.55,75.68199999999999,0.4,8.45,0.664,2.0,17.8,0.11800000000000002,12.8,2.2,101.15
90,93,2024-02-29,6,2,2023-2024,Botafogo,Coop/São José Basketball,0,75.201,26.1,35.601,13.5,33.7,8.498999999999999,25.201,16.899,13.7,1.2870000000000001,8.7,26.3,33.029,17.799,36.101,48.961,13.5,20.5,66.207,0.901,6.598999999999999,0.48200000000000004,1.7,21.0,0.081,13.7,3.2,77.5,82.8,25.8,43.8,13.2,36.6,9.1,27.5,17.5,14.0,1.3419999999999999,8.6,22.6,38.06400000000001,21.9,39.8,55.452999999999996,13.2,18.9,69.35499999999999,2.2,6.1,0.457,1.8,21.0,0.09100000000000003,14.0,3.6,93.2
95,94,2024-02-29,6,2,2023-2024,Sesi Franca,Minas,1,91.1,37.2,37.401,16.498999999999995,39.29899999999999,11.3,27.998999999999995,20.198999999999995,11.799,1.7730000000000001,12.4,29.598999999999997,41.724999999999994,18.698999999999995,36.29899999999999,51.52,16.498999999999995,20.301000000000005,80.672,2.4010000000000007,6.601000000000001,0.558,2.5989999999999993,21.498999999999995,0.124,11.799,2.4010000000000007,109.401,90.549,33.0,40.199,17.35,42.85,11.498999999999999,31.351000000000006,21.199,13.5,1.6889999999999996,11.001000000000001,27.801,39.402,20.101,34.75,57.94199999999999,17.35,23.601,73.46199999999999,2.25,6.151000000000001,0.476,2.601,19.151,0.142,13.5,2.3,112.15
79,74,2024-02-29,6,2,2023-2024,São Paulo,Pinheiros,1,82.3,28.8,38.4,15.1,36.1,8.5,27.6,16.8,13.1,1.2939999999999998,9.6,28.3,33.859,19.2,32.7,58.448,15.1,19.2,79.937,0.9,6.0,0.46799999999999997,2.4,19.1,0.132,13.1,1.4,94.2,75.93299999999999,25.3,37.867000000000004,12.767,38.8,11.633,27.167,19.032999999999998,12.832999999999998,1.72,8.433,24.8,34.785000000000004,18.933,38.632999999999996,49.022000000000006,12.767,17.067,73.851,1.167,4.2,0.3530000000000001,2.567,19.6,0.12700000000000003,12.832999999999998,2.133,87.333
77,49,2024-02-29,6,2,2023-2024,Flamengo,Mogi,1,88.499,30.3,41.6,16.599,40.201,11.001000000000001,29.2,22.799,13.200999999999999,1.764,10.101,28.101,35.916999999999994,20.8,36.899,56.400999999999996,16.599,22.1,75.711,1.7990000000000002,6.499,0.493,1.8990000000000002,18.599,0.11100000000000002,13.200999999999999,2.2,107.099,73.05,28.05,33.5,11.5,33.15,10.45,22.7,16.35,11.75,1.451,9.35,27.4,33.973,16.75,35.6,47.238,11.5,16.8,68.565,0.65,6.4,0.5720000000000001,0.95,22.1,0.044,11.75,2.1,75.95
73,95,2024-03-01,6,2,2023-2024,BRB/Brasília,Cerrado,0,69.8,24.45,35.3,10.05,31.45,9.05,22.4,13.4,12.85,1.168,8.15,25.7,31.52,17.65,37.95,46.927,10.05,14.7,66.989,1.5,6.35,0.528,1.75,19.0,0.09,12.85,2.05,67.4,76.4,26.55,38.0,11.85,33.7,9.75,23.95,14.15,13.9,1.0239999999999998,8.85,24.15,36.489000000000004,19.0,37.65,50.839,11.85,17.35,66.388,1.0,8.65,0.6250000000000002,1.4,17.45,0.08499999999999999,13.9,3.25,80.95
70,77,2024-03-01,6,2,2023-2024,Caxias do Sul Basquete,UNIFACISA,0,73.35,19.35,36.6,17.4,34.95,10.65,24.3,15.05,15.8,0.9540000000000001,6.45,24.25,25.904999999999994,18.3,35.85,51.29,17.4,23.75,72.81699999999998,1.55,7.3,0.46499999999999997,2.5,22.4,0.11399999999999999,15.8,3.3,75.65,87.85,37.05,34.3,16.5,35.5,9.4,26.1,17.6,12.5,1.448,12.35,33.35,36.431,17.15,31.4,55.093,16.5,20.95,77.51199999999999,0.45,7.85,0.6319999999999999,1.8,18.4,0.099,12.5,2.2,98.4
90,69,2024-03-02,6,2,2023-2024,Fortaleza B. C. / CFO,Pato Basquete,1,80.2,18.75,43.5,17.95,39.2,9.1,30.1,14.0,15.15,0.986,6.25,21.75,27.445,21.75,36.95,58.754999999999995,17.95,25.05,71.155,1.95,6.3,0.45299999999999996,1.65,20.85,0.07900000000000003,15.15,2.4,88.4,79.649,28.95,38.899,11.8,38.25,11.3,26.95,16.599,11.1,1.589,9.649,29.449,32.757,19.451,35.949,54.214,11.8,16.049,74.693,1.449,4.0009999999999994,0.372,1.299,19.801,0.06500000000000002,11.1,1.499,88.151
71,81,2024-03-02,6,2,2023-2024,Paulistano,Corinthians,0,75.8,21.6,40.6,13.6,37.8,10.2,27.6,17.0,13.2,1.493,7.2,25.3,27.899,20.3,38.2,52.95399999999999,13.6,19.1,71.20599999999999,1.7,8.9,0.74,2.1,21.3,0.10799999999999998,13.2,3.4,86.9,76.2,27.9,34.4,13.9,35.3,9.5,25.8,17.0,11.7,1.51,9.3,27.4,34.278000000000006,17.2,34.3,50.068,13.9,19.7,69.58300000000001,1.5,6.7,0.5980000000000001,2.6,18.7,0.13999999999999999,11.7,1.4,85.1
86,84,2024-03-02,6,2,2023-2024,Bauru Basket,Minas,1,81.5,25.35,41.8,14.35,35.8,10.5,25.3,19.0,10.7,1.8169999999999997,8.45,27.8,30.435999999999996,20.9,39.2,53.352,14.35,18.4,78.00699999999999,2.1,8.05,0.7510000000000001,2.55,20.45,0.12999999999999998,10.7,1.7,94.5,90.699,33.9,39.79899999999999,17.0,42.0,11.498999999999999,30.500999999999998,20.149,13.2,1.6389999999999998,11.301,28.750999999999998,39.233999999999995,19.901,34.3,58.075,17.0,23.201,73.205,2.2,6.151000000000001,0.485,2.3009999999999997,19.951,0.11500000000000002,13.2,2.2,110.05
79,73,2024-03-02,6,2,2023-2024,R10 Score Vasco da Gama,Mogi,1,80.4,29.1,36.8,14.5,35.8,9.9,25.9,21.2,13.1,1.675,9.7,28.6,33.857000000000006,18.4,32.3,56.815,14.5,19.2,76.141,1.5,5.8,0.4530000000000001,3.1,21.8,0.14300000000000002,13.1,2.9,95.7,71.6,26.85,32.9,11.85,33.35,10.5,22.85,16.65,12.3,1.4310000000000003,8.95,26.6,33.428000000000004,16.45,35.3,46.746,11.85,17.95,65.00899999999999,0.75,6.6,0.567,0.65,22.45,0.028000000000000004,12.3,1.9,73.95
85,79,2024-03-04,7,2,2023-2024,UNIFACISA,Pato Basquete,1,86.2,34.8,34.8,16.6,36.1,9.9,26.2,18.2,12.2,1.51,11.6,33.3,34.207,17.4,31.7,55.42100000000001,16.6,20.6,79.09299999999999,0.4,7.5,0.6149999999999999,1.7,17.8,0.097,12.2,2.3,97.5,78.699,27.9,39.599000000000004,11.2,37.7,11.1,26.6,16.999000000000002,11.0,1.6330000000000002,9.299000000000001,29.599,31.253999999999998,19.801,36.299,54.622,11.2,16.299,70.658,1.499,4.301,0.4029999999999999,1.299,19.701,0.06599999999999999,11.0,1.599,86.101
84,87,2024-03-05,7,2,2023-2024,Botafogo,Mogi,0,75.401,25.5,36.001,13.9,32.8,8.599,24.201,16.399,13.7,1.2480000000000002,8.5,27.2,31.593999999999994,17.999000000000002,36.201,49.314,13.9,20.4,67.92600000000002,1.001,6.799000000000001,0.49700000000000005,1.5,20.8,0.074,13.7,3.4,75.8,70.65,26.55,32.3,11.8,33.5,10.65,22.85,16.4,12.85,1.3630000000000004,8.85,26.55,33.050000000000004,16.15,35.15,46.053999999999995,11.8,17.9,64.931,0.85,6.85,0.5660000000000001,0.65,22.7,0.028000000000000004,12.85,2.05,72.4
80,63,2024-03-05,7,2,2023-2024,Pinheiros,Caxias do Sul Basquete,1,75.8,25.8,37.4,12.6,38.3,11.4,26.9,19.3,12.6,1.7730000000000001,8.6,25.7,34.393,18.7,38.1,49.122,12.6,16.6,74.689,1.0,4.2,0.3630000000000001,2.4,19.6,0.11900000000000002,12.6,2.0,86.9,73.9,19.2,37.8,16.9,35.6,11.0,24.6,15.5,14.8,1.1700000000000002,6.4,25.4,24.788,18.9,36.7,51.806999999999995,16.9,22.7,74.095,1.3,7.4,0.5439999999999999,2.3,22.6,0.10300000000000001,14.8,3.2,77.3
92,59,2024-03-05,7,2,2023-2024,R10 Score Vasco da Gama,Coop/São José Basketball,1,80.2,28.5,36.5,15.2,34.55,9.15,25.4,20.6,13.1,1.6350000000000002,9.5,27.8,34.221000000000004,18.25,32.05,56.79100000000001,15.2,20.0,76.54400000000001,1.9,6.4,0.49300000000000005,2.9,21.95,0.133,13.1,2.85,94.65,83.15,26.1,43.6,13.45,36.75,9.2,27.55,18.1,14.05,1.374,8.7,23.1,37.781000000000006,21.8,39.35,55.78099999999999,13.45,19.2,69.431,2.45,6.25,0.465,1.85,21.25,0.09200000000000003,14.05,3.4,94.35
