Modelo,Janela Incremental,Temporada,Subpasta,Teste Arquivo,Posicao no Teste,Data Jogo,Round,Resultado Real,Previsao,Probabilidade Classe 1,Ordem Jogo Temporada,Acuracia Acumulada
knn,5,2008-2009,5-1,teste_1.csv,1,2009-01-28,1,1,1,0.6666666666666666,1,1.0
knn,5,2008-2009,6-1,teste_2.csv,1,2009-01-28,1,0,1,0.6666666666666666,2,0.5
knn,5,2008-2009,10-1,teste_6.csv,1,2009-01-30,2,0,0,0.3333333333333333,3,0.6666666666666666
knn,5,2008-2009,11-1,teste_7.csv,1,2009-01-30,2,1,0,0.0,4,0.5
knn,5,2008-2009,12-1,teste_8.csv,1,2009-01-30,2,1,0,0.3333333333333333,5,0.4
knn,5,2008-2009,7-1,teste_3.csv,1,2009-01-30,2,1,1,0.6666666666666666,6,0.5
knn,5,2008-2009,8-1,teste_4.csv,1,2009-01-30,2,0,1,1.0,7,0.4285714285714285
knn,5,2008-2009,9-1,teste_5.csv,1,2009-01-30,2,0,1,0.6666666666666666,8,0.375
knn,5,2008-2009,13-1,teste_9.csv,1,2009-01-31,2,0,1,0.6539903187246089,9,0.3333333333333333
knn,5,2008-2009,14-1,teste_10.csv,1,2009-02-03,3,1,0,0.0,10,0.3
knn,5,2008-2009,15-1,teste_11.csv,1,2009-02-03,3,1,1,0.6347411120297167,11,0.3636363636363636
knn,5,2008-2009,16-1,teste_12.csv,1,2009-02-03,3,0,1,0.5595213630018099,12,0.3333333333333333
knn,5,2008-2009,17-1,teste_13.csv,1,2009-02-03,3,0,0,0.3333333333333333,13,0.3846153846153846
knn,5,2008-2009,18-1,teste_14.csv,1,2009-02-03,3,1,1,0.6666666666666666,14,0.4285714285714285
knn,5,2008-2009,19-1,teste_15.csv,1,2009-02-03,3,0,0,0.3333333333333333,15,0.4666666666666667
knn,5,2008-2009,20-1,teste_16.csv,1,2009-02-03,3,1,0,0.4133856336520911,16,0.4375
knn,5,2008-2009,21-1,teste_17.csv,1,2009-02-11,4,1,0,0.4444444444444444,17,0.4117647058823529
knn,5,2008-2009,22-1,teste_18.csv,1,2009-02-11,4,0,1,0.575900748768162,18,0.3888888888888889
knn,5,2008-2009,23-1,teste_19.csv,1,2009-02-11,4,0,1,0.5506998910256065,19,0.3684210526315789
knn,5,2008-2009,24-1,teste_20.csv,1,2009-02-11,4,0,0,0.3410173788920925,20,0.4
knn,5,2008-2009,25-1,teste_21.csv,1,2009-02-11,4,0,0,0.3824463034076703,21,0.4285714285714285
knn,5,2008-2009,26-1,teste_22.csv,1,2009-02-11,4,1,0,0.0,22,0.4090909090909091
knn,5,2008-2009,27-1,teste_23.csv,1,2009-02-12,4,1,0,0.2857142857142857,23,0.391304347826087
knn,5,2008-2009,28-1,teste_24.csv,1,2009-02-13,5,0,1,0.6,24,0.375
knn,5,2008-2009,29-1,teste_25.csv,1,2009-02-13,5,1,1,0.5714285714285714,25,0.4
knn,5,2008-2009,30-1,teste_26.csv,1,2009-02-13,5,0,0,0.4285714285714285,26,0.4230769230769231
knn,5,2008-2009,31-1,teste_27.csv,1,2009-02-13,5,1,0,0.2857142857142857,27,0.4074074074074074
knn,5,2008-2009,32-1,teste_28.csv,1,2009-02-13,5,0,0,0.3333333333333333,28,0.4285714285714285
knn,5,2008-2009,33-1,teste_29.csv,1,2009-02-13,5,1,0,0.3333333333333333,29,0.4137931034482758
knn,5,2008-2009,34-1,teste_30.csv,1,2009-02-13,5,1,0,0.3333333333333333,30,0.4
knn,5,2008-2009,35-1,teste_31.csv,1,2009-02-18,6,1,1,0.6,31,0.4193548387096774
knn,5,2008-2009,36-1,teste_32.csv,1,2009-02-18,6,1,1,0.6,32,0.4375
knn,5,2008-2009,37-1,teste_33.csv,1,2009-02-18,6,1,1,0.5555555555555556,33,0.4545454545454545
knn,5,2008-2009,38-1,teste_34.csv,1,2009-02-18,6,1,0,0.0,34,0.4411764705882353
knn,5,2008-2009,39-1,teste_35.csv,1,2009-02-18,6,1,0,0.4,35,0.4285714285714285
knn,5,2008-2009,40-1,teste_36.csv,1,2009-02-18,6,1,0,0.4,36,0.4166666666666667
knn,5,2008-2009,41-1,teste_37.csv,1,2009-02-20,7,1,1,0.8,37,0.4324324324324324
knn,5,2008-2009,42-1,teste_38.csv,1,2009-02-20,7,1,1,0.6,38,0.4473684210526316
knn,5,2008-2009,43-1,teste_39.csv,1,2009-02-20,7,1,1,0.6,39,0.4615384615384615
knn,5,2008-2009,44-1,teste_40.csv,1,2009-02-20,7,1,0,0.4,40,0.45
knn,5,2008-2009,45-1,teste_41.csv,1,2009-02-20,7,1,1,1.0,41,0.4634146341463415
knn,5,2008-2009,46-1,teste_42.csv,1,2009-02-21,7,1,1,1.0,42,0.4761904761904761
knn,5,2008-2009,47-1,teste_43.csv,1,2009-02-23,8,1,1,0.6,43,0.4883720930232558
knn,5,2008-2009,48-1,teste_44.csv,1,2009-02-24,8,0,1,0.6666666666666666,44,0.4772727272727273
knn,5,2008-2009,49-1,teste_45.csv,1,2009-02-25,8,0,0,0.3333333333333333,45,0.4888888888888889
knn,5,2008-2009,50-1,teste_46.csv,1,2009-02-25,8,1,1,1.0,46,0.5
knn,5,2008-2009,51-1,teste_47.csv,1,2009-02-25,8,1,0,0.3333333333333333,47,0.4893617021276595
knn,5,2008-2009,52-1,teste_48.csv,1,2009-02-25,8,1,1,0.6666666666666666,48,0.5
knn,5,2008-2009,53-1,teste_49.csv,1,2009-02-27,9,1,1,0.6666666666666666,49,0.5102040816326531
knn,5,2008-2009,54-1,teste_50.csv,1,2009-02-27,9,1,1,1.0,50,0.52
knn,5,2008-2009,55-1,teste_51.csv,1,2009-02-27,9,1,1,1.0,51,0.5294117647058824
knn,5,2008-2009,56-1,teste_52.csv,1,2009-02-27,9,1,1,0.6666666666666666,52,0.5384615384615384
knn,5,2008-2009,57-1,teste_53.csv,1,2009-02-27,9,1,1,0.6,53,0.5471698113207547
knn,5,2008-2009,58-1,teste_54.csv,1,2009-02-27,9,1,1,1.0,54,0.5555555555555556
knn,5,2008-2009,59-1,teste_55.csv,1,2009-03-01,7,1,1,1.0,55,0.5636363636363636
knn,5,2008-2009,60-1,teste_56.csv,1,2009-03-04,10,1,1,1.0,56,0.5714285714285714
knn,5,2008-2009,61-1,teste_57.csv,1,2009-03-04,10,0,1,1.0,57,0.5614035087719298
knn,5,2008-2009,62-1,teste_58.csv,1,2009-03-04,10,1,1,1.0,58,0.5689655172413793
knn,5,2008-2009,63-1,teste_59.csv,1,2009-03-04,10,0,1,0.6666666666666666,59,0.559322033898305
knn,5,2008-2009,64-1,teste_60.csv,1,2009-03-04,10,0,1,0.6666666666666666,60,0.55
knn,5,2008-2009,65-1,teste_61.csv,1,2009-03-04,10,0,1,1.0,61,0.5409836065573771
knn,5,2008-2009,66-1,teste_62.csv,1,2009-03-04,10,0,1,1.0,62,0.532258064516129
knn,5,2008-2009,67-1,teste_63.csv,1,2009-03-06,11,1,1,0.6666666666666666,63,0.5396825396825397
knn,5,2008-2009,68-1,teste_64.csv,1,2009-03-06,11,0,0,0.3333333333333333,64,0.546875
knn,5,2008-2009,69-1,teste_65.csv,1,2009-03-06,11,1,1,0.6666666666666666,65,0.5538461538461539
knn,5,2008-2009,70-1,teste_66.csv,1,2009-03-06,11,0,0,0.0,66,0.5606060606060606
knn,5,2008-2009,71-1,teste_67.csv,1,2009-03-06,11,0,1,0.6666666666666666,67,0.5522388059701493
knn,5,2008-2009,72-1,teste_68.csv,1,2009-03-06,11,1,1,0.6666666666666666,68,0.5588235294117647
knn,5,2008-2009,73-1,teste_69.csv,1,2009-03-06,11,0,0,0.0,69,0.5652173913043478
knn,5,2008-2009,74-1,teste_70.csv,1,2009-03-11,12,0,1,0.6666666666666666,70,0.5571428571428572
knn,5,2008-2009,75-1,teste_71.csv,1,2009-03-11,12,1,1,0.6666666666666666,71,0.5633802816901409
knn,5,2008-2009,76-1,teste_72.csv,1,2009-03-11,12,1,1,0.6,72,0.5694444444444444
knn,5,2008-2009,77-1,teste_73.csv,1,2009-03-11,12,0,0,0.4,73,0.5753424657534246
knn,5,2008-2009,78-1,teste_74.csv,1,2009-03-11,12,1,1,0.6,74,0.581081081081081
knn,5,2008-2009,79-1,teste_75.csv,1,2009-03-11,12,0,0,0.4,75,0.5866666666666667
knn,5,2008-2009,80-1,teste_76.csv,1,2009-03-13,12,0,1,0.6,76,0.5789473684210527
knn,5,2008-2009,81-1,teste_77.csv,1,2009-03-13,13,0,0,0.3333333333333333,77,0.5844155844155844
knn,5,2008-2009,82-1,teste_78.csv,1,2009-03-13,13,1,1,1.0,78,0.5897435897435898
knn,5,2008-2009,83-1,teste_79.csv,1,2009-03-13,13,0,0,0.3333333333333333,79,0.5949367088607594
knn,5,2008-2009,84-1,teste_80.csv,1,2009-03-13,13,0,0,0.0,80,0.6
knn,5,2008-2009,85-1,teste_81.csv,1,2009-03-13,13,1,1,0.6666666666666666,81,0.6049382716049383
knn,5,2008-2009,86-1,teste_82.csv,1,2009-03-14,13,1,0,0.3333333333333333,82,0.5975609756097561
knn,5,2008-2009,87-1,teste_83.csv,1,2009-03-15,13,0,1,0.6666666666666666,83,0.5903614457831325
knn,5,2008-2009,88-1,teste_84.csv,1,2009-03-18,14,1,1,0.6666666666666666,84,0.5952380952380952
knn,5,2008-2009,89-1,teste_85.csv,1,2009-03-18,14,0,0,0.3333333333333333,85,0.6
knn,5,2008-2009,90-1,teste_86.csv,1,2009-03-18,14,1,1,1.0,86,0.6046511627906976
knn,5,2008-2009,91-1,teste_87.csv,1,2009-03-18,14,0,0,0.3333333333333333,87,0.6091954022988506
knn,5,2008-2009,92-1,teste_88.csv,1,2009-03-18,14,1,1,0.6666666666666666,88,0.6136363636363636
knn,5,2008-2009,93-1,teste_89.csv,1,2009-03-18,14,1,1,0.6666666666666666,89,0.6179775280898876
knn,5,2008-2009,94-1,teste_90.csv,1,2009-03-18,14,1,1,0.6666666666666666,90,0.6222222222222222
knn,5,2008-2009,100-1,teste_96.csv,1,2009-03-20,15,1,1,1.0,91,0.6263736263736264
knn,5,2008-2009,101-1,teste_97.csv,1,2009-03-20,15,0,1,0.6666666666666666,92,0.6195652173913043
knn,5,2008-2009,95-1,teste_91.csv,1,2009-03-20,15,1,1,1.0,93,0.6236559139784946
knn,5,2008-2009,96-1,teste_92.csv,1,2009-03-20,15,1,0,0.3333333333333333,94,0.6170212765957447
knn,5,2008-2009,97-1,teste_93.csv,1,2009-03-20,15,1,0,0.3333333333333333,95,0.6105263157894737
knn,5,2008-2009,98-1,teste_94.csv,1,2009-03-20,15,1,1,0.6666666666666666,96,0.6145833333333334
knn,5,2008-2009,99-1,teste_95.csv,1,2009-03-20,15,1,0,0.0,97,0.6082474226804123
knn,5,2008-2009,102-1,teste_98.csv,1,2009-03-23,2,1,1,1.0,98,0.6122448979591837
knn,5,2008-2009,103-1,teste_99.csv,1,2009-03-25,1,1,1,1.0,99,0.6161616161616161
knn,5,2008-2009,104-1,teste_100.csv,1,2009-03-25,1,1,1,0.6666666666666666,100,0.62
knn,5,2008-2009,105-1,teste_101.csv,1,2009-03-25,1,0,1,1.0,101,0.6138613861386139
knn,5,2008-2009,106-1,teste_102.csv,1,2009-03-25,1,1,1,1.0,102,0.6176470588235294
knn,5,2008-2009,107-1,teste_103.csv,1,2009-03-25,1,0,1,0.6666666666666666,103,0.6116504854368932
knn,5,2008-2009,108-1,teste_104.csv,1,2009-03-25,1,1,1,1.0,104,0.6153846153846154
knn,5,2008-2009,109-1,teste_105.csv,1,2009-03-25,1,1,1,0.6666666666666666,105,0.6190476190476191
knn,5,2008-2009,110-1,teste_106.csv,1,2009-03-27,2,1,1,1.0,106,0.6226415094339622
knn,5,2008-2009,111-1,teste_107.csv,1,2009-03-27,2,1,0,0.3333333333333333,107,0.616822429906542
knn,5,2008-2009,112-1,teste_108.csv,1,2009-03-27,2,1,1,0.8,108,0.6203703703703703
knn,5,2008-2009,113-1,teste_109.csv,1,2009-03-27,2,1,1,1.0,109,0.6238532110091743
knn,5,2008-2009,114-1,teste_110.csv,1,2009-03-27,2,0,1,0.6666666666666666,110,0.6181818181818182
knn,5,2008-2009,115-1,teste_111.csv,1,2009-03-27,2,1,1,1.0,111,0.6216216216216216
knn,5,2008-2009,116-1,teste_112.csv,1,2009-03-30,4,1,1,0.8,112,0.625
knn,5,2008-2009,117-1,teste_113.csv,1,2009-04-01,3,0,1,0.6,113,0.6194690265486725
knn,5,2008-2009,118-1,teste_114.csv,1,2009-04-01,3,1,1,1.0,114,0.6228070175438597
knn,5,2008-2009,119-1,teste_115.csv,1,2009-04-01,3,1,0,0.4492255376551223,115,0.6173913043478261
knn,5,2008-2009,120-1,teste_116.csv,1,2009-04-01,3,1,1,0.7538107968689044,116,0.6206896551724138
knn,5,2008-2009,121-1,teste_117.csv,1,2009-04-01,3,1,1,0.7248692625160696,117,0.6239316239316239
knn,5,2008-2009,122-1,teste_118.csv,1,2009-04-01,3,1,1,0.8797931767267028,118,0.6271186440677966
knn,5,2008-2009,123-1,teste_119.csv,1,2009-04-01,3,1,1,1.0,119,0.6302521008403361
knn,5,2008-2009,124-1,teste_120.csv,1,2009-04-03,4,1,1,0.8454381296097081,120,0.6333333333333333
knn,5,2008-2009,125-1,teste_121.csv,1,2009-04-03,4,1,1,1.0,121,0.6363636363636364
knn,5,2008-2009,126-1,teste_122.csv,1,2009-04-03,4,1,1,1.0,122,0.639344262295082
knn,5,2008-2009,127-1,teste_123.csv,1,2009-04-03,4,1,1,0.8564905873269307,123,0.6422764227642277
knn,5,2008-2009,128-1,teste_124.csv,1,2009-04-03,4,1,1,0.8700979921961521,124,0.6451612903225806
knn,5,2008-2009,129-1,teste_125.csv,1,2009-04-03,4,0,1,0.6793217380293033,125,0.64
knn,5,2008-2009,130-1,teste_126.csv,1,2009-04-05,9,1,1,0.8619133713302781,126,0.6428571428571429
knn,5,2008-2009,131-1,teste_127.csv,1,2009-04-08,5,0,1,0.5568903352500568,127,0.6377952755905512
knn,5,2008-2009,132-1,teste_128.csv,1,2009-04-08,5,1,1,1.0,128,0.640625
knn,5,2008-2009,133-1,teste_129.csv,1,2009-04-08,5,1,1,0.5598973788625613,129,0.6434108527131783
knn,5,2008-2009,134-1,teste_130.csv,1,2009-04-08,5,0,1,0.8701427141324739,130,0.6384615384615384
knn,5,2008-2009,135-1,teste_131.csv,1,2009-04-08,5,0,1,0.6666666666666666,131,0.6335877862595419
knn,5,2008-2009,136-1,teste_132.csv,1,2009-04-09,5,0,0,0.3333333333333333,132,0.6363636363636364
knn,5,2008-2009,137-1,teste_133.csv,1,2009-04-09,5,1,1,1.0,133,0.6390977443609023
knn,5,2008-2009,138-1,teste_134.csv,1,2009-04-10,6,0,1,0.5714285714285714,134,0.6343283582089553
knn,5,2008-2009,139-1,teste_135.csv,1,2009-04-10,6,1,1,1.0,135,0.6370370370370371
knn,5,2008-2009,140-1,teste_136.csv,1,2009-04-10,6,0,0,0.4444444444444444,136,0.6397058823529411
knn,5,2008-2009,141-1,teste_137.csv,1,2009-04-10,6,0,1,0.6666666666666666,137,0.635036496350365
knn,5,2008-2009,142-1,teste_138.csv,1,2009-04-11,6,1,1,0.7777777777777778,138,0.6376811594202898
knn,5,2008-2009,143-1,teste_139.csv,1,2009-04-11,6,1,1,0.8,139,0.6402877697841727
knn,5,2008-2009,144-1,teste_140.csv,1,2009-04-11,6,1,1,0.6,140,0.6428571428571429
knn,5,2008-2009,145-1,teste_141.csv,1,2009-04-14,7,0,0,0.2,141,0.6453900709219859
knn,5,2008-2009,146-1,teste_142.csv,1,2009-04-15,7,0,1,0.6,142,0.6408450704225352
knn,5,2008-2009,147-1,teste_143.csv,1,2009-04-15,7,1,1,1.0,143,0.6433566433566433
knn,5,2008-2009,148-1,teste_144.csv,1,2009-04-15,7,0,0,0.2,144,0.6458333333333334
knn,5,2008-2009,149-1,teste_145.csv,1,2009-04-15,7,1,0,0.4,145,0.6413793103448275
knn,5,2008-2009,150-1,teste_146.csv,1,2009-04-15,7,0,0,0.3333333333333333,146,0.6438356164383562
knn,5,2008-2009,151-1,teste_147.csv,1,2009-04-15,7,0,0,0.3333333333333333,147,0.6462585034013606
knn,5,2008-2009,152-1,teste_148.csv,1,2009-04-17,8,1,1,1.0,148,0.6486486486486487
knn,5,2008-2009,153-1,teste_149.csv,1,2009-04-17,8,1,1,0.6666666666666666,149,0.6510067114093959
knn,5,2008-2009,154-1,teste_150.csv,1,2009-04-17,8,1,0,0.4,150,0.6466666666666666
knn,5,2008-2009,155-1,teste_151.csv,1,2009-04-17,8,1,1,0.6666666666666666,151,0.6490066225165563
knn,5,2008-2009,156-1,teste_152.csv,1,2009-04-17,8,0,1,0.5555555555555556,152,0.6447368421052632
knn,5,2008-2009,157-1,teste_153.csv,1,2009-04-17,8,0,0,0.0,153,0.6470588235294118
knn,5,2008-2009,158-1,teste_154.csv,1,2009-04-17,8,1,0,0.0,154,0.6428571428571429
knn,5,2008-2009,159-1,teste_155.csv,1,2009-04-21,9,0,0,0.4444444444444444,155,0.6451612903225806
knn,5,2008-2009,160-1,teste_156.csv,1,2009-04-21,9,1,1,0.8888888888888888,156,0.6474358974358975
knn,5,2008-2009,161-1,teste_157.csv,1,2009-04-22,9,1,1,0.7777777777777778,157,0.6496815286624203
knn,5,2008-2009,162-1,teste_158.csv,1,2009-04-22,9,0,1,0.7777777777777778,158,0.6455696202531646
knn,5,2008-2009,163-1,teste_159.csv,1,2009-04-22,9,1,1,0.8888888888888888,159,0.6477987421383647
knn,5,2008-2009,164-1,teste_160.csv,1,2009-04-22,9,0,1,0.6666666666666666,160,0.64375
knn,5,2008-2009,165-1,teste_161.csv,1,2009-04-22,9,1,1,0.7777777777777778,161,0.6459627329192547
knn,5,2008-2009,166-1,teste_162.csv,1,2009-04-23,10,1,1,0.8888888888888888,162,0.6481481481481481
knn,5,2008-2009,167-1,teste_163.csv,1,2009-04-23,10,1,0,0.2222222222222222,163,0.6441717791411042
knn,5,2008-2009,168-1,teste_164.csv,1,2009-04-24,10,0,0,0.2222222222222222,164,0.6463414634146342
knn,5,2008-2009,169-1,teste_165.csv,1,2009-04-24,10,1,1,0.8888888888888888,165,0.6484848484848484
knn,5,2008-2009,170-1,teste_166.csv,1,2009-04-24,10,1,1,1.0,166,0.6506024096385542
knn,5,2008-2009,171-1,teste_167.csv,1,2009-04-24,10,0,1,0.6666666666666666,167,0.6467065868263473
knn,5,2008-2009,172-1,teste_168.csv,1,2009-04-24,10,1,1,1.0,168,0.6488095238095238
knn,5,2008-2009,173-1,teste_169.csv,1,2009-04-29,11,1,1,0.6666666666666666,169,0.650887573964497
knn,5,2008-2009,174-1,teste_170.csv,1,2009-04-29,11,1,1,1.0,170,0.6529411764705882
knn,5,2008-2009,175-1,teste_171.csv,1,2009-04-29,11,1,1,0.6666666666666666,171,0.6549707602339181
knn,5,2008-2009,176-1,teste_172.csv,1,2009-04-29,11,1,1,1.0,172,0.6569767441860465
knn,5,2008-2009,177-1,teste_173.csv,1,2009-04-29,11,1,1,0.5454545454545454,173,0.6589595375722543
knn,5,2008-2009,178-1,teste_174.csv,1,2009-04-29,11,1,1,0.6363636363636364,174,0.6609195402298851
knn,5,2008-2009,179-1,teste_175.csv,1,2009-04-29,11,1,1,1.0,175,0.6628571428571428
knn,5,2008-2009,180-1,teste_176.csv,1,2009-05-01,12,0,1,0.7272727272727273,176,0.6590909090909091
knn,5,2008-2009,181-1,teste_177.csv,1,2009-05-01,12,1,1,0.6666666666666666,177,0.6610169491525424
knn,5,2008-2009,182-1,teste_178.csv,1,2009-05-01,12,0,0,0.4545454545454545,178,0.6629213483146067
knn,5,2008-2009,183-1,teste_179.csv,1,2009-05-01,12,1,1,0.9204798179941652,179,0.664804469273743
knn,5,2008-2009,184-1,teste_180.csv,1,2009-05-01,12,0,1,1.0,180,0.6611111111111111
knn,5,2008-2009,185-1,teste_181.csv,1,2009-05-01,12,1,1,0.8181818181818182,181,0.6629834254143646
knn,5,2008-2009,186-1,teste_182.csv,1,2009-05-01,12,0,1,0.6296450221057297,182,0.6593406593406593
knn,5,2008-2009,187-1,teste_183.csv,1,2009-05-03,6,1,1,1.0,183,0.6612021857923497
knn,5,2008-2009,188-1,teste_184.csv,1,2009-05-03,8,1,1,1.0,184,0.6630434782608695
knn,5,2008-2009,189-1,teste_185.csv,1,2009-05-05,13,1,0,0.4545454545454545,185,0.6594594594594595
knn,5,2008-2009,190-1,teste_186.csv,1,2009-05-06,13,1,0,0.4545454545454545,186,0.6559139784946236
knn,5,2008-2009,191-1,teste_187.csv,1,2009-05-06,13,1,1,0.8181818181818182,187,0.6577540106951871
knn,5,2008-2009,192-1,teste_188.csv,1,2009-05-06,13,0,0,0.0,188,0.6595744680851063
knn,5,2008-2009,193-1,teste_189.csv,1,2009-05-06,13,1,0,0.4444444444444444,189,0.656084656084656
knn,5,2008-2009,194-1,teste_190.csv,1,2009-05-06,13,1,1,0.6363636363636364,190,0.6578947368421053
knn,5,2008-2009,195-1,teste_191.csv,1,2009-05-06,13,0,0,0.1818181818181818,191,0.6596858638743456
knn,5,2008-2009,196-1,teste_192.csv,1,2009-05-08,14,0,0,0.1818181818181818,192,0.6614583333333334
knn,5,2008-2009,197-1,teste_193.csv,1,2009-05-08,14,0,0,0.2727272727272727,193,0.6632124352331606
knn,5,2008-2009,198-1,teste_194.csv,1,2009-05-08,14,0,1,0.7272727272727273,194,0.6597938144329897
knn,5,2008-2009,199-1,teste_195.csv,1,2009-05-08,14,0,0,0.4,195,0.6615384615384615
knn,5,2008-2009,200-1,teste_196.csv,1,2009-05-08,14,0,0,0.2222222222222222,196,0.6632653061224489
knn,5,2008-2009,201-1,teste_197.csv,1,2009-05-08,14,1,1,0.8,197,0.6649746192893401
knn,5,2008-2009,202-1,teste_198.csv,1,2009-05-08,14,0,1,0.6666666666666666,198,0.6616161616161617
knn,5,2008-2009,203-1,teste_199.csv,1,2009-05-13,15,1,1,0.8,199,0.6633165829145728
knn,5,2008-2009,204-1,teste_200.csv,1,2009-05-13,15,0,0,0.0,200,0.665
knn,5,2008-2009,205-1,teste_201.csv,1,2009-05-13,15,1,1,0.9090909090909092,201,0.6666666666666666
knn,5,2008-2009,206-1,teste_202.csv,1,2009-05-13,15,1,0,0.4545454545454545,202,0.6633663366336634
knn,5,2008-2009,207-1,teste_203.csv,1,2009-05-13,15,1,1,0.8181818181818182,203,0.6650246305418719
knn,5,2008-2009,208-1,teste_204.csv,1,2009-05-13,15,0,0,0.2727272727272727,204,0.6666666666666666
knn,5,2008-2009,209-1,teste_205.csv,1,2009-05-13,15,1,1,0.8,205,0.6682926829268293
knn,5,2008-2009,210-1,teste_206.csv,1,2009-05-15,1,1,1,1.0,206,0.6699029126213593
knn,5,2008-2009,211-1,teste_207.csv,1,2009-05-16,1,0,1,0.8571428571428571,207,0.6666666666666666
knn,5,2008-2009,212-1,teste_208.csv,1,2009-05-17,1,0,1,0.7142857142857143,208,0.6634615384615384
knn,5,2008-2009,213-1,teste_209.csv,1,2009-05-17,1,0,1,0.7142857142857143,209,0.6602870813397129
knn,5,2008-2009,214-1,teste_210.csv,1,2009-05-18,2,1,1,0.5714285714285714,210,0.6619047619047619
knn,5,2008-2009,215-1,teste_211.csv,1,2009-05-18,2,1,1,0.5714285714285714,211,0.6635071090047393
knn,5,2008-2009,217-1,teste_213.csv,1,2009-05-19,2,0,1,0.7142857142857143,212,0.660377358490566
knn,5,2008-2009,218-1,teste_214.csv,1,2009-05-19,2,1,1,0.5714285714285714,213,0.6619718309859155
knn,5,2008-2009,216-1,teste_212.csv,1,2009-05-19,3,1,1,0.7142857142857143,214,0.6635514018691588
knn,5,2008-2009,219-1,teste_215.csv,1,2009-05-19,3,1,1,0.5714285714285714,215,0.6651162790697674
knn,5,2008-2009,220-1,teste_216.csv,1,2009-05-20,3,1,1,0.5714285714285714,216,0.6666666666666666
knn,5,2008-2009,221-1,teste_217.csv,1,2009-05-20,3,1,1,0.5714285714285714,217,0.6682027649769585
knn,5,2008-2009,222-1,teste_218.csv,1,2009-05-21,4,0,1,0.7142857142857143,218,0.6651376146788991
knn,5,2008-2009,223-1,teste_219.csv,1,2009-05-22,4,1,0,0.4285714285714285,219,0.6621004566210046
knn,5,2008-2009,224-1,teste_220.csv,1,2009-05-24,5,1,1,0.6666666666666666,220,0.6636363636363637
knn,5,2008-2009,225-1,teste_221.csv,1,2009-05-26,1,0,1,0.7142857142857143,221,0.6606334841628959
knn,5,2008-2009,226-1,teste_222.csv,1,2009-05-27,1,1,1,0.6666666666666666,222,0.6621621621621622
knn,5,2008-2009,227-1,teste_223.csv,1,2009-05-29,2,1,1,0.5555555555555556,223,0.6636771300448431
knn,5,2008-2009,228-1,teste_224.csv,1,2009-05-30,2,1,1,0.6666666666666666,224,0.6651785714285714
knn,5,2008-2009,229-1,teste_225.csv,1,2009-05-30,3,1,1,0.6666666666666666,225,0.6666666666666666
knn,5,2008-2009,230-1,teste_226.csv,1,2009-05-31,3,1,1,0.5555555555555556,226,0.668141592920354
knn,5,2008-2009,231-1,teste_227.csv,1,2009-06-02,4,0,1,0.6666666666666666,227,0.6651982378854625
knn,5,2008-2009,232-1,teste_228.csv,1,2009-06-11,1,0,1,0.5555555555555556,228,0.6622807017543859
knn,5,2008-2009,233-1,teste_229.csv,1,2009-06-13,2,0,1,0.6666666666666666,229,0.6593886462882096
knn,5,2008-2009,234-1,teste_230.csv,1,2009-06-14,3,1,1,0.5555555555555556,230,0.6608695652173913
knn,5,2008-2009,235-1,teste_231.csv,1,2009-06-21,4,1,1,0.5555555555555556,231,0.6623376623376623
knn,5,2009-2010,5-1,teste_1.csv,1,2009-11-01,1,1,0,0.3333333333333333,1,0.0
knn,5,2009-2010,6-1,teste_2.csv,1,2009-11-01,1,1,0,0.3333333333333333,2,0.0
knn,5,2009-2010,10-1,teste_6.csv,1,2009-11-15,3,1,1,0.8,3,0.3333333333333333
knn,5,2009-2010,11-1,teste_7.csv,1,2009-11-15,3,1,1,0.8,4,0.5
knn,5,2009-2010,12-1,teste_8.csv,1,2009-11-15,3,1,1,0.8,5,0.6
knn,5,2009-2010,7-1,teste_3.csv,1,2009-11-15,3,1,0,0.3333333333333333,6,0.5
knn,5,2009-2010,8-1,teste_4.csv,1,2009-11-15,3,1,1,0.6666666666666666,7,0.5714285714285714
knn,5,2009-2010,9-1,teste_5.csv,1,2009-11-15,3,0,1,1.0,8,0.5
knn,5,2009-2010,13-1,teste_9.csv,1,2009-11-20,4,1,1,0.8,9,0.5555555555555556
knn,5,2009-2010,14-1,teste_10.csv,1,2009-11-22,4,0,1,0.8,10,0.5
knn,5,2009-2010,15-1,teste_11.csv,1,2009-11-22,4,1,1,1.0,11,0.5454545454545454
knn,5,2009-2010,16-1,teste_12.csv,1,2009-11-22,4,1,0,0.3333333333333333,12,0.5
knn,5,2009-2010,17-1,teste_13.csv,1,2009-11-22,4,1,1,0.6666666666666666,13,0.5384615384615384
knn,5,2009-2010,18-1,teste_14.csv,1,2009-11-22,4,1,1,1.0,14,0.5714285714285714
knn,5,2009-2010,19-1,teste_15.csv,1,2009-11-29,6,1,1,1.0,15,0.6
knn,5,2009-2010,20-1,teste_16.csv,1,2009-11-29,6,0,1,1.0,16,0.5625
knn,5,2009-2010,21-1,teste_17.csv,1,2009-11-29,6,0,1,1.0,17,0.5294117647058824
knn,5,2009-2010,22-1,teste_18.csv,1,2009-11-29,6,0,0,0.3333333333333333,18,0.5555555555555556
knn,5,2009-2010,23-1,teste_19.csv,1,2009-11-29,6,0,1,0.6,19,0.5263157894736842
knn,5,2009-2010,24-1,teste_20.csv,1,2009-11-29,6,1,1,0.7142857142857143,20,0.55
knn,5,2009-2010,25-1,teste_21.csv,1,2009-12-06,7,1,1,0.8,21,0.5714285714285714
knn,5,2009-2010,26-1,teste_22.csv,1,2009-12-06,7,1,1,0.8,22,0.5909090909090909
knn,5,2009-2010,27-1,teste_23.csv,1,2009-12-06,7,1,1,0.8,23,0.6086956521739131
knn,5,2009-2010,28-1,teste_24.csv,1,2009-12-06,7,0,1,0.8,24,0.5833333333333334
knn,5,2009-2010,29-1,teste_25.csv,1,2009-12-06,7,0,1,0.8,25,0.56
knn,5,2009-2010,30-1,teste_26.csv,1,2009-12-06,7,1,0,0.4,26,0.5384615384615384
knn,5,2009-2010,31-1,teste_27.csv,1,2009-12-08,8,0,1,0.8,27,0.5185185185185185
knn,5,2009-2010,32-1,teste_28.csv,1,2009-12-08,8,1,1,0.5555555555555556,28,0.5357142857142857
knn,5,2009-2010,33-1,teste_29.csv,1,2009-12-12,7,0,0,0.4444444444444444,29,0.5517241379310345
knn,5,2009-2010,34-1,teste_30.csv,1,2009-12-14,12,0,0,0.3333333333333333,30,0.5666666666666667
knn,5,2009-2010,35-1,teste_31.csv,1,2010-01-08,8,1,1,0.6666666666666666,31,0.5806451612903226
knn,5,2009-2010,36-1,teste_32.csv,1,2010-01-15,9,1,0,0.3333333333333333,32,0.5625
knn,5,2009-2010,37-1,teste_33.csv,1,2010-01-15,9,1,0,0.4524790547991699,33,0.5454545454545454
knn,5,2009-2010,38-1,teste_34.csv,1,2010-01-15,9,1,1,0.6411316558499531,34,0.5588235294117647
knn,5,2009-2010,39-1,teste_35.csv,1,2010-01-15,9,1,1,0.5714285714285714,35,0.5714285714285714
knn,5,2009-2010,40-1,teste_36.csv,1,2010-01-15,9,1,1,0.7142857142857143,36,0.5833333333333334
knn,5,2009-2010,41-1,teste_37.csv,1,2010-01-15,9,1,1,0.6666666666666666,37,0.5945945945945946
knn,5,2009-2010,42-1,teste_38.csv,1,2010-01-17,10,1,1,1.0,38,0.6052631578947368
knn,5,2009-2010,43-1,teste_39.csv,1,2010-01-17,10,0,1,0.8888888888888888,39,0.5897435897435898
knn,5,2009-2010,44-1,teste_40.csv,1,2010-01-17,10,1,1,0.5555555555555556,40,0.6
knn,5,2009-2010,45-1,teste_41.csv,1,2010-01-17,10,0,1,0.7142857142857143,41,0.5853658536585366
knn,5,2009-2010,46-1,teste_42.csv,1,2010-01-18,10,1,1,0.5454545454545454,42,0.5952380952380952
knn,5,2009-2010,47-1,teste_43.csv,1,2010-01-19,3,1,1,0.7272727272727273,43,0.6046511627906976
knn,5,2009-2010,48-1,teste_44.csv,1,2010-01-20,9,1,1,0.5454545454545454,44,0.6136363636363636
knn,5,2009-2010,49-1,teste_45.csv,1,2010-01-22,11,1,1,0.7272727272727273,45,0.6222222222222222
knn,5,2009-2010,50-1,teste_46.csv,1,2010-01-22,11,1,1,0.8181818181818182,46,0.6304347826086957
knn,5,2009-2010,51-1,teste_47.csv,1,2010-01-22,11,0,1,0.6,47,0.6170212765957447
knn,5,2009-2010,52-1,teste_48.csv,1,2010-01-22,11,1,1,0.8,48,0.625
knn,5,2009-2010,53-1,teste_49.csv,1,2010-01-24,12,1,1,0.5714285714285714,49,0.6326530612244898
knn,5,2009-2010,54-1,teste_50.csv,1,2010-01-24,12,1,1,0.5714285714285714,50,0.64
knn,5,2009-2010,55-1,teste_51.csv,1,2010-01-24,12,0,0,0.4285714285714285,51,0.6470588235294118
knn,5,2009-2010,56-1,teste_52.csv,1,2010-01-26,8,1,1,0.7142857142857143,52,0.6538461538461539
knn,5,2009-2010,57-1,teste_53.csv,1,2010-01-29,13,1,1,0.7777777777777778,53,0.660377358490566
knn,5,2009-2010,58-1,teste_54.csv,1,2010-01-29,13,1,1,0.6666666666666666,54,0.6666666666666666
knn,5,2009-2010,59-1,teste_55.csv,1,2010-01-29,13,0,1,0.8,55,0.6545454545454545
knn,5,2009-2010,60-1,teste_56.csv,1,2010-01-29,13,1,1,0.9090909090909092,56,0.6607142857142857
knn,5,2009-2010,61-1,teste_57.csv,1,2010-01-29,13,1,1,0.8,57,0.6666666666666666
knn,5,2009-2010,62-1,teste_58.csv,1,2010-01-29,13,1,1,0.8,58,0.6724137931034483
knn,5,2009-2010,63-1,teste_59.csv,1,2010-01-29,13,0,1,0.8571428571428571,59,0.6610169491525424
knn,5,2009-2010,64-1,teste_60.csv,1,2010-02-02,8,1,1,1.0,60,0.6666666666666666
knn,5,2009-2010,65-1,teste_61.csv,1,2010-02-05,1,0,1,0.5714285714285714,61,0.6557377049180327
knn,5,2009-2010,66-1,teste_62.csv,1,2010-02-05,1,1,1,0.8571428571428571,62,0.6612903225806451
knn,5,2009-2010,67-1,teste_63.csv,1,2010-02-05,1,0,1,0.8571428571428571,63,0.6507936507936508
knn,5,2009-2010,68-1,teste_64.csv,1,2010-02-05,1,1,1,0.8181818181818182,64,0.65625
knn,5,2009-2010,69-1,teste_65.csv,1,2010-02-05,1,0,0,0.4444444444444444,65,0.6615384615384615
knn,5,2009-2010,70-1,teste_66.csv,1,2010-02-05,1,1,1,0.5714285714285714,66,0.6666666666666666
knn,5,2009-2010,71-1,teste_67.csv,1,2010-02-05,1,0,1,0.7142857142857143,67,0.6567164179104478
knn,5,2009-2010,72-1,teste_68.csv,1,2010-02-07,2,1,1,0.5454545454545454,68,0.6617647058823529
knn,5,2009-2010,73-1,teste_69.csv,1,2010-02-07,2,0,0,0.0,69,0.6666666666666666
knn,5,2009-2010,74-1,teste_70.csv,1,2010-02-07,2,1,1,1.0,70,0.6714285714285714
knn,5,2009-2010,75-1,teste_71.csv,1,2010-02-07,2,1,1,0.6666666666666666,71,0.676056338028169
knn,5,2009-2010,76-1,teste_72.csv,1,2010-02-07,2,1,1,0.6666666666666666,72,0.6805555555555556
knn,5,2009-2010,77-1,teste_73.csv,1,2010-02-07,2,1,0,0.3333333333333333,73,0.6712328767123288
knn,5,2009-2010,78-1,teste_74.csv,1,2010-02-09,10,1,1,1.0,74,0.6756756756756757
knn,5,2009-2010,80-1,teste_76.csv,1,2010-02-10,8,0,1,0.5714285714285714,75,0.6666666666666666
knn,5,2009-2010,79-1,teste_75.csv,1,2010-02-10,12,0,1,0.8,76,0.6578947368421053
knn,5,2009-2010,81-1,teste_77.csv,1,2010-02-12,11,1,1,0.5714285714285714,77,0.6623376623376623
knn,5,2009-2010,82-1,teste_78.csv,1,2010-02-12,11,0,0,0.4,78,0.6666666666666666
knn,5,2009-2010,83-1,teste_79.csv,1,2010-02-17,12,1,1,0.6,79,0.6708860759493671
knn,5,2009-2010,84-1,teste_80.csv,1,2010-02-26,3,1,1,0.6,80,0.675
knn,5,2009-2010,85-1,teste_81.csv,1,2010-02-26,3,1,0,0.3636363636363636,81,0.6666666666666666
knn,5,2009-2010,86-1,teste_82.csv,1,2010-02-26,3,1,1,1.0,82,0.6707317073170732
knn,5,2009-2010,87-1,teste_83.csv,1,2010-02-26,3,1,1,0.5555555555555556,83,0.6746987951807228
knn,5,2009-2010,88-1,teste_84.csv,1,2010-02-26,3,1,0,0.4444444444444444,84,0.6666666666666666
knn,5,2009-2010,89-1,teste_85.csv,1,2010-02-26,3,1,1,0.6,85,0.6705882352941176
knn,5,2009-2010,90-1,teste_86.csv,1,2010-02-26,3,1,1,0.6,86,0.6744186046511628
knn,5,2009-2010,91-1,teste_87.csv,1,2010-02-28,4,1,1,0.8,87,0.6781609195402298
knn,5,2009-2010,92-1,teste_88.csv,1,2010-02-28,4,1,1,0.6666666666666666,88,0.6818181818181818
knn,5,2009-2010,93-1,teste_89.csv,1,2010-02-28,4,1,1,0.6666666666666666,89,0.6853932584269663
knn,5,2009-2010,94-1,teste_90.csv,1,2010-02-28,4,0,1,1.0,90,0.6777777777777778
knn,5,2009-2010,95-1,teste_91.csv,1,2010-02-28,4,1,1,0.6666666666666666,91,0.6813186813186813
knn,5,2009-2010,96-1,teste_92.csv,1,2010-02-28,4,1,1,0.6666666666666666,92,0.6847826086956522
knn,5,2009-2010,100-1,teste_96.csv,1,2010-03-05,5,0,0,0.4444444444444444,93,0.6881720430107527
knn,5,2009-2010,101-1,teste_97.csv,1,2010-03-05,5,0,1,0.6,94,0.6808510638297872
knn,5,2009-2010,102-1,teste_98.csv,1,2010-03-05,5,1,1,0.6363636363636364,95,0.6842105263157895
knn,5,2009-2010,97-1,teste_93.csv,1,2010-03-05,5,1,1,1.0,96,0.6875
knn,5,2009-2010,98-1,teste_94.csv,1,2010-03-05,5,1,1,1.0,97,0.6907216494845361
knn,5,2009-2010,99-1,teste_95.csv,1,2010-03-05,5,0,1,0.6666666666666666,98,0.6836734693877551
knn,5,2009-2010,109-1,teste_105.csv,1,2010-03-07,5,1,1,0.8571428571428571,99,0.6868686868686869
knn,5,2009-2010,103-1,teste_99.csv,1,2010-03-07,6,0,0,0.3636363636363636,100,0.69
knn,5,2009-2010,104-1,teste_100.csv,1,2010-03-07,6,0,1,0.5454545454545454,101,0.6831683168316832
knn,5,2009-2010,105-1,teste_101.csv,1,2010-03-07,6,0,0,0.4545454545454545,102,0.6862745098039216
knn,5,2009-2010,106-1,teste_102.csv,1,2010-03-07,6,1,0,0.3333333333333333,103,0.6796116504854369
knn,5,2009-2010,107-1,teste_103.csv,1,2010-03-07,6,1,1,1.0,104,0.6826923076923077
knn,5,2009-2010,108-1,teste_104.csv,1,2010-03-07,6,1,1,1.0,105,0.6857142857142857
knn,5,2009-2010,110-1,teste_106.csv,1,2010-03-12,7,0,1,0.8571428571428571,106,0.6792452830188679
knn,5,2009-2010,111-1,teste_107.csv,1,2010-03-12,7,1,1,1.0,107,0.6822429906542056
knn,5,2009-2010,112-1,teste_108.csv,1,2010-03-12,7,1,1,0.8,108,0.6851851851851852
knn,5,2009-2010,113-1,teste_109.csv,1,2010-03-12,7,1,1,0.7142857142857143,109,0.6880733944954128
knn,5,2009-2010,114-1,teste_110.csv,1,2010-03-12,7,1,1,0.8,110,0.6909090909090909
knn,5,2009-2010,115-1,teste_111.csv,1,2010-03-12,7,0,1,0.6666666666666666,111,0.6846846846846847
knn,5,2009-2010,116-1,teste_112.csv,1,2010-03-12,7,0,1,0.7142857142857143,112,0.6785714285714286
knn,5,2009-2010,117-1,teste_113.csv,1,2010-03-14,8,1,1,0.8571428571428571,113,0.6814159292035398
knn,5,2009-2010,118-1,teste_114.csv,1,2010-03-14,8,1,1,0.7142857142857143,114,0.6842105263157895
knn,5,2009-2010,119-1,teste_115.csv,1,2010-03-14,8,1,1,0.8571428571428571,115,0.6869565217391305
knn,5,2009-2010,120-1,teste_116.csv,1,2010-03-14,8,0,1,0.7142857142857143,116,0.6810344827586207
knn,5,2009-2010,121-1,teste_117.csv,1,2010-03-14,8,1,1,0.8571428571428571,117,0.6837606837606838
knn,5,2009-2010,122-1,teste_118.csv,1,2010-03-14,8,0,0,0.1428571428571428,118,0.6864406779661016
knn,5,2009-2010,123-1,teste_119.csv,1,2010-03-19,9,1,0,0.4,119,0.680672268907563
knn,5,2009-2010,124-1,teste_120.csv,1,2010-03-19,9,0,0,0.3333333333333333,120,0.6833333333333333
knn,5,2009-2010,125-1,teste_121.csv,1,2010-03-19,9,1,1,0.6,121,0.6859504132231405
knn,5,2009-2010,126-1,teste_122.csv,1,2010-03-19,9,1,0,0.4,122,0.680327868852459
knn,5,2009-2010,127-1,teste_123.csv,1,2010-03-19,9,1,0,0.3333333333333333,123,0.6747967479674797
knn,5,2009-2010,128-1,teste_124.csv,1,2010-03-19,9,0,1,0.6666666666666666,124,0.6693548387096774
knn,5,2009-2010,129-1,teste_125.csv,1,2010-03-21,10,0,1,0.6666666666666666,125,0.664
knn,5,2009-2010,130-1,teste_126.csv,1,2010-03-21,10,1,1,0.6666666666666666,126,0.6666666666666666
knn,5,2009-2010,131-1,teste_127.csv,1,2010-03-21,10,1,0,0.0,127,0.6614173228346457
knn,5,2009-2010,132-1,teste_128.csv,1,2010-03-21,10,1,0,0.3333333333333333,128,0.65625
knn,5,2009-2010,133-1,teste_129.csv,1,2010-03-21,10,0,0,0.3333333333333333,129,0.6589147286821705
knn,5,2009-2010,134-1,teste_130.csv,1,2010-03-21,10,1,1,0.7142857142857143,130,0.6615384615384615
knn,5,2009-2010,135-1,teste_131.csv,1,2010-03-23,9,0,1,0.7142857142857143,131,0.6564885496183206
knn,5,2009-2010,136-1,teste_132.csv,1,2010-03-26,11,1,1,0.8571428571428571,132,0.6590909090909091
knn,5,2009-2010,137-1,teste_133.csv,1,2010-03-26,11,1,1,0.5714285714285714,133,0.6616541353383458
knn,5,2009-2010,138-1,teste_134.csv,1,2010-03-26,11,1,1,0.8571428571428571,134,0.664179104477612
knn,5,2009-2010,139-1,teste_135.csv,1,2010-03-26,11,1,1,0.8571428571428571,135,0.6666666666666666
knn,5,2009-2010,140-1,teste_136.csv,1,2010-03-26,11,1,0,0.4285714285714285,136,0.6617647058823529
knn,5,2009-2010,141-1,teste_137.csv,1,2010-03-26,11,1,1,0.5714285714285714,137,0.6642335766423357
knn,5,2009-2010,142-1,teste_138.csv,1,2010-03-26,11,0,1,1.0,138,0.6594202898550725
knn,5,2009-2010,143-1,teste_139.csv,1,2010-03-28,12,0,1,0.7142857142857143,139,0.6546762589928058
knn,5,2009-2010,144-1,teste_140.csv,1,2010-03-28,12,1,0,0.4285714285714285,140,0.65
knn,5,2009-2010,145-1,teste_141.csv,1,2010-03-28,12,0,1,0.7142857142857143,141,0.6453900709219859
knn,5,2009-2010,146-1,teste_142.csv,1,2010-03-28,12,0,1,0.7142857142857143,142,0.6408450704225352
knn,5,2009-2010,147-1,teste_143.csv,1,2010-03-28,12,0,1,0.8571428571428571,143,0.6363636363636364
knn,5,2009-2010,148-1,teste_144.csv,1,2010-03-28,12,1,1,0.7142857142857143,144,0.6388888888888888
knn,5,2009-2010,149-1,teste_145.csv,1,2010-04-02,13,1,1,0.5714285714285714,145,0.6413793103448275
knn,5,2009-2010,150-1,teste_146.csv,1,2010-04-02,13,1,1,0.8571428571428571,146,0.6438356164383562
knn,5,2009-2010,151-1,teste_147.csv,1,2010-04-02,13,0,1,0.5714285714285714,147,0.6394557823129252
knn,5,2009-2010,152-1,teste_148.csv,1,2010-04-02,13,0,1,0.7142857142857143,148,0.6351351351351351
knn,5,2009-2010,153-1,teste_149.csv,1,2010-04-02,13,1,1,0.7142857142857143,149,0.6375838926174496
knn,5,2009-2010,154-1,teste_150.csv,1,2010-04-02,13,1,1,0.5714285714285714,150,0.64
knn,5,2009-2010,155-1,teste_151.csv,1,2010-04-02,13,1,1,0.6666666666666666,151,0.6423841059602649
knn,5,2009-2010,156-1,teste_152.csv,1,2010-04-04,14,1,1,0.7777777777777778,152,0.6447368421052632
knn,5,2009-2010,157-1,teste_153.csv,1,2010-04-04,14,1,1,0.6363636363636364,153,0.6470588235294118
knn,5,2009-2010,158-1,teste_154.csv,1,2010-04-04,14,0,1,0.6363636363636364,154,0.6428571428571429
knn,5,2009-2010,159-1,teste_155.csv,1,2010-04-04,14,1,1,0.5555555555555556,155,0.6451612903225806
knn,5,2009-2010,160-1,teste_156.csv,1,2010-04-04,14,1,1,0.6666666666666666,156,0.6474358974358975
knn,5,2011-2012,5-1,teste_1.csv,1,2011-11-21,2,1,0,0.3333333333333333,1,0.0
knn,5,2011-2012,6-1,teste_2.csv,1,2011-11-21,2,1,1,0.6666666666666666,2,0.5
knn,5,2011-2012,7-1,teste_3.csv,1,2011-11-21,2,0,1,0.6666666666666666,3,0.3333333333333333
knn,5,2011-2012,8-1,teste_4.csv,1,2011-11-21,2,1,1,0.6666666666666666,4,0.5
knn,5,2011-2012,9-1,teste_5.csv,1,2011-11-21,2,0,1,0.6,5,0.4
knn,5,2011-2012,10-1,teste_6.csv,1,2011-11-24,3,0,1,0.6,6,0.3333333333333333
knn,5,2011-2012,11-1,teste_7.csv,1,2011-11-24,3,1,0,0.4,7,0.2857142857142857
knn,5,2011-2012,12-1,teste_8.csv,1,2011-11-24,3,0,0,0.4,8,0.375
knn,5,2011-2012,13-1,teste_9.csv,1,2011-11-24,3,1,0,0.3333333333333333,9,0.3333333333333333
knn,5,2011-2012,14-1,teste_10.csv,1,2011-11-24,3,0,0,0.4,10,0.4
knn,5,2011-2012,15-1,teste_11.csv,1,2011-11-24,3,1,0,0.4,11,0.3636363636363636
knn,5,2011-2012,16-1,teste_12.csv,1,2011-11-26,4,1,0,0.3333333333333333,12,0.3333333333333333
knn,5,2011-2012,17-1,teste_13.csv,1,2011-11-26,4,1,1,0.5714285714285714,13,0.3846153846153846
knn,5,2011-2012,18-1,teste_14.csv,1,2011-11-26,4,1,1,0.7142857142857143,14,0.4285714285714285
knn,5,2011-2012,19-1,teste_15.csv,1,2011-11-26,4,0,1,0.7142857142857143,15,0.4
knn,5,2011-2012,20-1,teste_16.csv,1,2011-11-26,4,1,0,0.4285714285714285,16,0.375
knn,5,2011-2012,21-1,teste_17.csv,1,2011-11-26,4,1,1,0.7142857142857143,17,0.4117647058823529
knn,5,2011-2012,22-1,teste_18.csv,1,2011-11-26,4,0,1,0.8571428571428571,18,0.3888888888888889
knn,5,2011-2012,23-1,teste_19.csv,1,2011-11-28,3,1,1,0.7620266857082738,19,0.4210526315789473
knn,5,2011-2012,24-1,teste_20.csv,1,2011-12-01,5,1,1,0.5572666286344119,20,0.45
knn,5,2011-2012,25-1,teste_21.csv,1,2011-12-01,5,0,1,0.8,21,0.4285714285714285
knn,5,2011-2012,26-1,teste_22.csv,1,2011-12-01,5,1,1,0.6,22,0.4545454545454545
knn,5,2011-2012,27-1,teste_23.csv,1,2011-12-01,5,1,1,1.0,23,0.4782608695652174
knn,5,2011-2012,28-1,teste_24.csv,1,2011-12-01,5,0,1,0.6,24,0.4583333333333333
knn,5,2011-2012,29-1,teste_25.csv,1,2011-12-01,5,1,1,0.6666666666666666,25,0.48
knn,5,2011-2012,30-1,teste_26.csv,1,2011-12-01,5,1,1,1.0,26,0.5
knn,5,2011-2012,31-1,teste_27.csv,1,2011-12-03,6,0,1,0.6,27,0.4814814814814814
knn,5,2011-2012,32-1,teste_28.csv,1,2011-12-03,6,1,1,0.8,28,0.5
knn,5,2011-2012,33-1,teste_29.csv,1,2011-12-03,6,0,0,0.3333333333333333,29,0.5172413793103449
knn,5,2011-2012,34-1,teste_30.csv,1,2011-12-03,6,0,1,0.6,30,0.5
knn,5,2011-2012,35-1,teste_31.csv,1,2011-12-03,6,1,1,1.0,31,0.5161290322580645
knn,5,2011-2012,36-1,teste_32.csv,1,2011-12-03,6,1,1,0.6666666666666666,32,0.53125
knn,5,2011-2012,37-1,teste_33.csv,1,2011-12-08,7,1,0,0.2,33,0.5151515151515151
knn,5,2011-2012,38-1,teste_34.csv,1,2011-12-08,7,1,1,0.8,34,0.5294117647058824
knn,5,2011-2012,39-1,teste_35.csv,1,2011-12-08,7,0,0,0.4,35,0.5428571428571428
knn,5,2011-2012,40-1,teste_36.csv,1,2011-12-08,7,1,1,0.8,36,0.5555555555555556
knn,5,2011-2012,41-1,teste_37.csv,1,2011-12-08,7,1,1,0.7142857142857143,37,0.5675675675675675
knn,5,2011-2012,42-1,teste_38.csv,1,2011-12-08,7,0,0,0.4285714285714285,38,0.5789473684210527
knn,5,2011-2012,43-1,teste_39.csv,1,2011-12-08,7,1,0,0.4285714285714285,39,0.5641025641025641
knn,5,2011-2012,44-1,teste_40.csv,1,2011-12-10,8,0,0,0.4285714285714285,40,0.575
knn,5,2011-2012,45-1,teste_41.csv,1,2011-12-10,8,0,1,0.5555555555555556,41,0.5609756097560976
knn,5,2011-2012,46-1,teste_42.csv,1,2011-12-10,8,0,1,0.6666666666666666,42,0.5476190476190477
knn,5,2011-2012,47-1,teste_43.csv,1,2011-12-10,8,1,1,0.5555555555555556,43,0.5581395348837209
knn,5,2011-2012,48-1,teste_44.csv,1,2011-12-10,8,0,1,0.6666666666666666,44,0.5454545454545454
knn,5,2011-2012,49-1,teste_45.csv,1,2011-12-10,8,1,0,0.3333333333333333,45,0.5333333333333333
knn,5,2011-2012,50-1,teste_46.csv,1,2011-12-10,8,1,1,0.6666666666666666,46,0.5434782608695652
knn,5,2011-2012,51-1,teste_47.csv,1,2011-12-12,6,0,1,0.7272727272727273,47,0.5319148936170213
knn,5,2011-2012,52-1,teste_48.csv,1,2011-12-13,1,1,1,0.7272727272727273,48,0.5416666666666666
knn,5,2011-2012,53-1,teste_49.csv,1,2011-12-13,1,1,1,0.6666666666666666,49,0.5510204081632653
knn,5,2011-2012,54-1,teste_50.csv,1,2011-12-15,9,1,1,0.7777777777777778,50,0.56
knn,5,2011-2012,55-1,teste_51.csv,1,2011-12-15,9,1,1,0.5555555555555556,51,0.5686274509803921
knn,5,2011-2012,56-1,teste_52.csv,1,2011-12-15,9,1,1,0.8,52,0.5769230769230769
knn,5,2011-2012,57-1,teste_53.csv,1,2011-12-15,9,1,1,0.6,53,0.5849056603773585
knn,5,2011-2012,58-1,teste_54.csv,1,2011-12-15,9,1,1,0.6,54,0.5925925925925926
knn,5,2011-2012,59-1,teste_55.csv,1,2011-12-15,9,0,1,0.5555555555555556,55,0.5818181818181818
knn,5,2011-2012,60-1,teste_56.csv,1,2011-12-15,9,0,1,0.7777777777777778,56,0.5714285714285714
knn,5,2011-2012,61-1,teste_57.csv,1,2011-12-17,10,0,1,1.0,57,0.5614035087719298
knn,5,2011-2012,62-1,teste_58.csv,1,2011-12-17,10,1,1,1.0,58,0.5689655172413793
knn,5,2011-2012,63-1,teste_59.csv,1,2011-12-17,10,1,1,1.0,59,0.576271186440678
knn,5,2011-2012,64-1,teste_60.csv,1,2011-12-17,10,1,1,0.6666666666666666,60,0.5833333333333334
knn,5,2011-2012,65-1,teste_61.csv,1,2011-12-17,10,1,1,1.0,61,0.5901639344262295
knn,5,2011-2012,66-1,teste_62.csv,1,2011-12-17,10,0,1,0.6666666666666666,62,0.5806451612903226
knn,5,2011-2012,67-1,teste_63.csv,1,2011-12-17,10,1,1,0.6,63,0.5873015873015873
knn,5,2011-2012,68-1,teste_64.csv,1,2012-02-16,4,1,0,0.4,64,0.578125
knn,5,2011-2012,69-1,teste_65.csv,1,2012-02-16,11,1,1,1.0,65,0.5846153846153846
knn,5,2011-2012,70-1,teste_66.csv,1,2012-02-23,7,0,1,0.7777777777777778,66,0.5757575757575758
knn,5,2011-2012,71-1,teste_67.csv,1,2012-02-23,7,1,1,0.8888888888888888,67,0.582089552238806
knn,5,2011-2012,72-1,teste_68.csv,1,2012-02-23,7,1,1,0.7777777777777778,68,0.5882352941176471
knn,5,2011-2012,73-1,teste_69.csv,1,2012-02-23,7,1,1,1.0,69,0.5942028985507246
knn,5,2011-2012,74-1,teste_70.csv,1,2012-02-23,7,0,1,0.7142857142857143,70,0.5857142857142857
knn,5,2011-2012,75-1,teste_71.csv,1,2012-02-23,7,1,1,0.6666666666666666,71,0.5915492957746479
knn,5,2011-2012,76-1,teste_72.csv,1,2012-02-25,8,1,1,1.0,72,0.5972222222222222
knn,5,2011-2012,77-1,teste_73.csv,1,2012-02-25,8,1,0,0.3333333333333333,73,0.589041095890411
knn,5,2011-2012,78-1,teste_74.csv,1,2012-02-25,8,1,1,0.6666666666666666,74,0.5945945945945946
knn,5,2011-2012,79-1,teste_75.csv,1,2012-02-25,8,0,0,0.4,75,0.6
knn,5,2011-2012,80-1,teste_76.csv,1,2012-02-25,8,0,0,0.3333333333333333,76,0.6052631578947368
knn,5,2011-2012,81-1,teste_77.csv,1,2012-02-25,8,0,1,0.6,77,0.5974025974025974
knn,5,2011-2012,82-1,teste_78.csv,1,2012-02-29,9,0,0,0.4,78,0.6025641025641025
knn,5,2011-2012,83-1,teste_79.csv,1,2012-03-01,9,1,0,0.4,79,0.5949367088607594
knn,5,2011-2012,84-1,teste_80.csv,1,2012-03-01,9,1,0,0.4,80,0.5875
knn,5,2011-2012,85-1,teste_81.csv,1,2012-03-01,9,0,1,0.8,81,0.5802469135802469
knn,5,2011-2012,86-1,teste_82.csv,1,2012-03-01,9,1,1,0.8,82,0.5853658536585366
knn,5,2011-2012,87-1,teste_83.csv,1,2012-03-01,9,1,1,1.0,83,0.5903614457831325
knn,5,2011-2012,88-1,teste_84.csv,1,2012-03-03,10,0,0,0.3333333333333333,84,0.5952380952380952
knn,5,2011-2012,89-1,teste_85.csv,1,2012-03-03,10,0,1,0.6666666666666666,85,0.5882352941176471
knn,5,2011-2012,90-1,teste_86.csv,1,2012-03-03,10,1,1,0.6666666666666666,86,0.5930232558139535
knn,5,2011-2012,91-1,teste_87.csv,1,2012-03-03,10,1,1,0.6666666666666666,87,0.5977011494252874
knn,5,2011-2012,92-1,teste_88.csv,1,2012-03-03,10,1,1,1.0,88,0.6022727272727273
knn,5,2011-2012,93-1,teste_89.csv,1,2012-03-03,10,1,1,1.0,89,0.6067415730337079
knn,5,2011-2012,94-1,teste_90.csv,1,2012-03-03,10,1,1,0.6666666666666666,90,0.6111111111111112
knn,5,2011-2012,95-1,teste_91.csv,1,2012-03-06,3,1,0,0.3333333333333333,91,0.6043956043956044
knn,5,2011-2012,96-1,teste_92.csv,1,2012-03-07,7,1,0,0.3333333333333333,92,0.5978260869565217
knn,5,2011-2012,97-1,teste_93.csv,1,2012-03-12,8,1,1,1.0,93,0.6021505376344086
knn,5,2011-2012,98-1,teste_94.csv,1,2012-03-13,11,1,1,1.0,94,0.6063829787234043
knn,5,2011-2012,99-1,teste_95.csv,1,2012-03-13,12,1,1,1.0,95,0.6105263157894737
knn,5,2011-2012,100-1,teste_96.csv,1,2012-03-15,11,1,1,1.0,96,0.6145833333333334
knn,5,2011-2012,101-1,teste_97.csv,1,2012-03-15,11,1,1,0.6666666666666666,97,0.6185567010309279
knn,5,2011-2012,103-1,teste_99.csv,1,2012-03-15,11,1,1,1.0,98,0.6224489795918368
knn,5,2011-2012,104-1,teste_100.csv,1,2012-03-15,11,0,1,1.0,99,0.6161616161616161
knn,5,2011-2012,105-1,teste_101.csv,1,2012-03-15,11,0,0,0.0,100,0.62
knn,5,2011-2012,102-1,teste_98.csv,1,2012-03-15,12,1,0,0.3333333333333333,101,0.6138613861386139
knn,5,2011-2012,106-1,teste_102.csv,1,2012-03-17,12,0,0,0.3333333333333333,102,0.6176470588235294
knn,5,2011-2012,107-1,teste_103.csv,1,2012-03-17,12,1,1,1.0,103,0.6213592233009708
knn,5,2011-2012,108-1,teste_104.csv,1,2012-03-17,12,1,1,1.0,104,0.625
knn,5,2011-2012,109-1,teste_105.csv,1,2012-03-17,12,0,0,0.2561873849071132,105,0.6285714285714286
knn,5,2011-2012,110-1,teste_106.csv,1,2012-03-17,12,0,1,1.0,106,0.6226415094339622
knn,5,2011-2012,111-1,teste_107.csv,1,2012-03-21,9,1,1,0.6666666666666666,107,0.6261682242990654
knn,5,2011-2012,112-1,teste_108.csv,1,2012-03-24,4,1,1,0.7777777777777778,108,0.6296296296296297
knn,5,2011-2012,113-1,teste_109.csv,1,2012-03-28,13,0,1,0.6,109,0.6238532110091743
knn,5,2011-2012,114-1,teste_110.csv,1,2012-03-29,13,1,1,0.8,110,0.6272727272727273
knn,5,2011-2012,115-1,teste_111.csv,1,2012-03-29,13,1,1,0.8,111,0.6306306306306306
knn,5,2011-2012,116-1,teste_112.csv,1,2012-03-29,13,1,1,1.0,112,0.6339285714285714
knn,5,2011-2012,117-1,teste_113.csv,1,2012-03-29,13,0,1,0.8,113,0.6283185840707964
knn,5,2011-2012,118-1,teste_114.csv,1,2012-03-31,14,0,1,0.9090909090909092,114,0.6228070175438597
knn,5,2011-2012,119-1,teste_115.csv,1,2012-03-31,14,1,1,0.6363636363636364,115,0.6260869565217392
knn,5,2011-2012,120-1,teste_116.csv,1,2012-03-31,14,1,1,0.9090909090909092,116,0.6293103448275862
knn,5,2011-2012,121-1,teste_117.csv,1,2012-03-31,14,0,1,1.0,117,0.6239316239316239
knn,5,2011-2012,122-1,teste_118.csv,1,2012-03-31,14,0,0,0.2857142857142857,118,0.6271186440677966
knn,5,2011-2012,123-1,teste_119.csv,1,2012-03-31,14,1,1,0.8,119,0.6302521008403361
knn,5,2011-2012,124-1,teste_120.csv,1,2012-04-05,15,0,1,1.0,120,0.625
knn,5,2011-2012,125-1,teste_121.csv,1,2012-04-05,15,0,1,0.6363636363636364,121,0.6198347107438017
knn,5,2011-2012,126-1,teste_122.csv,1,2012-04-05,15,1,1,0.5454545454545454,122,0.6229508196721312
knn,5,2011-2012,127-1,teste_123.csv,1,2012-04-05,15,1,1,0.5454545454545454,123,0.6260162601626016
knn,5,2011-2012,128-1,teste_124.csv,1,2012-04-05,15,0,0,0.3636363636363636,124,0.6290322580645161
knn,5,2011-2012,129-1,teste_125.csv,1,2012-04-06,15,1,1,0.9090909090909092,125,0.632
knn,5,2011-2012,130-1,teste_126.csv,1,2012-04-06,15,1,1,0.8181818181818182,126,0.6349206349206349
knn,5,2011-2012,131-1,teste_127.csv,1,2012-04-08,13,1,1,0.7272727272727273,127,0.6377952755905512
knn,5,2011-2012,133-1,teste_129.csv,1,2012-04-10,13,1,1,0.5454545454545454,128,0.640625
knn,5,2011-2012,132-1,teste_128.csv,1,2012-04-10,14,1,0,0.4545454545454545,129,0.6356589147286822
knn,5,2011-2012,134-1,teste_130.csv,1,2012-04-13,1,1,1,0.6363636363636364,130,0.6384615384615384
knn,5,2011-2012,135-1,teste_131.csv,1,2012-04-14,1,1,1,0.6666666666666666,131,0.6412213740458015
knn,5,2011-2012,136-1,teste_132.csv,1,2012-04-14,1,0,1,1.0,132,0.6363636363636364
knn,5,2011-2012,137-1,teste_133.csv,1,2012-04-14,1,1,1,0.6666666666666666,133,0.6390977443609023
knn,5,2011-2012,138-1,teste_134.csv,1,2012-04-17,2,1,1,0.6666666666666666,134,0.6417910447761194
knn,5,2011-2012,139-1,teste_135.csv,1,2012-04-17,2,0,1,1.0,135,0.6370370370370371
knn,5,2011-2012,140-1,teste_136.csv,1,2012-04-18,2,1,1,0.8,136,0.6397058823529411
knn,5,2011-2012,141-1,teste_137.csv,1,2012-04-18,2,1,1,0.6,137,0.6423357664233577
knn,5,2011-2012,142-1,teste_138.csv,1,2012-04-19,3,0,1,0.8,138,0.6376811594202898
knn,5,2011-2012,143-1,teste_139.csv,1,2012-04-19,3,1,1,0.8,139,0.6402877697841727
knn,5,2011-2012,144-1,teste_140.csv,1,2012-04-20,3,1,1,0.8,140,0.6428571428571429
knn,5,2011-2012,145-1,teste_141.csv,1,2012-04-20,3,1,1,0.8,141,0.6453900709219859
knn,5,2011-2012,146-1,teste_142.csv,1,2012-04-22,4,1,0,0.4,142,0.6408450704225352
knn,5,2011-2012,147-1,teste_143.csv,1,2012-04-23,4,0,1,1.0,143,0.6363636363636364
knn,5,2011-2012,148-1,teste_144.csv,1,2012-04-24,5,1,1,1.0,144,0.6388888888888888
knn,5,2011-2012,149-1,teste_145.csv,1,2012-04-27,1,1,1,1.0,145,0.6413793103448275
knn,5,2011-2012,150-1,teste_146.csv,1,2012-04-27,1,0,1,0.8,146,0.636986301369863
knn,5,2011-2012,151-1,teste_147.csv,1,2012-04-28,1,0,1,0.8,147,0.6326530612244898
knn,5,2011-2012,152-1,teste_148.csv,1,2012-05-01,2,1,1,1.0,148,0.6351351351351351
knn,5,2011-2012,153-1,teste_149.csv,1,2012-05-01,2,0,1,0.8,149,0.6308724832214765
knn,5,2011-2012,154-1,teste_150.csv,1,2012-05-01,2,1,1,0.6,150,0.6333333333333333
knn,5,2011-2012,155-1,teste_151.csv,1,2012-05-03,3,1,0,0.4,151,0.6291390728476821
knn,5,2011-2012,156-1,teste_152.csv,1,2012-05-03,3,1,1,0.8,152,0.631578947368421
knn,5,2011-2012,158-1,teste_154.csv,1,2012-05-04,1,0,1,0.6,153,0.6274509803921569
knn,5,2011-2012,157-1,teste_153.csv,1,2012-05-04,3,0,1,0.6,154,0.6233766233766234
knn,5,2011-2012,159-1,teste_155.csv,1,2012-05-07,2,1,0,0.2,155,0.6193548387096774
knn,5,2011-2012,162-1,teste_158.csv,1,2012-05-08,3,1,0,0.4285714285714285,156,0.6153846153846154
knn,5,2011-2012,160-1,teste_156.csv,1,2012-05-08,4,0,1,0.8,157,0.6114649681528662
knn,5,2011-2012,161-1,teste_157.csv,1,2012-05-08,4,1,1,0.7142857142857143,158,0.6139240506329114
knn,5,2011-2012,163-1,teste_159.csv,1,2012-05-11,5,1,0,0.4,159,0.610062893081761
knn,5,2011-2012,164-1,teste_160.csv,1,2012-05-11,5,1,0,0.4,160,0.60625
knn,5,2011-2012,165-1,teste_161.csv,1,2012-05-15,1,1,1,0.5714285714285714,161,0.6086956521739131
knn,5,2011-2012,167-1,teste_163.csv,1,2012-05-18,1,1,1,0.7142857142857143,162,0.6111111111111112
knn,5,2011-2012,166-1,teste_162.csv,1,2012-05-18,2,1,1,1.0,163,0.6134969325153374
knn,5,2011-2012,168-1,teste_164.csv,1,2012-05-20,2,1,1,0.5714285714285714,164,0.6158536585365854
knn,5,2011-2012,169-1,teste_165.csv,1,2012-05-20,3,1,1,1.0,165,0.6181818181818182
knn,5,2011-2012,170-1,teste_166.csv,1,2012-05-22,3,0,1,0.6666666666666666,166,0.6144578313253012
knn,5,2011-2012,171-1,teste_167.csv,1,2012-05-25,4,0,1,0.6666666666666666,167,0.6107784431137725
knn,5,2011-2012,172-1,teste_168.csv,1,2012-05-25,4,1,1,0.6666666666666666,168,0.6130952380952381
knn,5,2011-2012,173-1,teste_169.csv,1,2012-05-27,5,0,1,0.6666666666666666,169,0.6094674556213018
knn,5,2011-2012,174-1,teste_170.csv,1,2012-05-27,5,1,1,1.0,170,0.611764705882353
knn,5,2012-2013,5-1,teste_1.csv,1,2012-11-24,1,1,0,0.3333333333333333,1,0.0
knn,5,2012-2013,6-1,teste_2.csv,1,2012-11-24,1,1,0,0.3333333333333333,2,0.0
knn,5,2012-2013,7-1,teste_3.csv,1,2012-11-24,1,1,0,0.3333333333333333,3,0.0
knn,5,2012-2013,8-1,teste_4.csv,1,2012-11-24,1,0,0,0.3333333333333333,4,0.25
knn,5,2012-2013,10-1,teste_6.csv,1,2012-11-26,2,0,1,0.6666666666666666,5,0.2
knn,5,2012-2013,11-1,teste_7.csv,1,2012-11-26,2,1,1,0.6,6,0.3333333333333333
knn,5,2012-2013,12-1,teste_8.csv,1,2012-11-26,2,1,1,0.6,7,0.4285714285714285
knn,5,2012-2013,9-1,teste_5.csv,1,2012-11-26,2,1,1,0.6,8,0.5
knn,5,2012-2013,13-1,teste_9.csv,1,2012-11-27,2,1,1,0.8,9,0.5555555555555556
knn,5,2012-2013,14-1,teste_10.csv,1,2012-11-29,3,1,1,0.8,10,0.6
knn,5,2012-2013,15-1,teste_11.csv,1,2012-11-29,3,0,1,0.8,11,0.5454545454545454
knn,5,2012-2013,16-1,teste_12.csv,1,2012-11-29,3,1,1,0.8,12,0.5833333333333334
knn,5,2012-2013,17-1,teste_13.csv,1,2012-11-29,3,1,1,0.8,13,0.6153846153846154
knn,5,2012-2013,18-1,teste_14.csv,1,2012-11-29,3,0,1,1.0,14,0.5714285714285714
knn,5,2012-2013,19-1,teste_15.csv,1,2012-11-29,3,0,1,0.6666666666666666,15,0.5333333333333333
knn,5,2012-2013,20-1,teste_16.csv,1,2012-12-01,4,1,1,0.6666666666666666,16,0.5625
knn,5,2012-2013,21-1,teste_17.csv,1,2012-12-01,4,1,1,0.6,17,0.5882352941176471
knn,5,2012-2013,22-1,teste_18.csv,1,2012-12-01,4,1,1,1.0,18,0.6111111111111112
knn,5,2012-2013,23-1,teste_19.csv,1,2012-12-01,4,0,0,0.3333333333333333,19,0.631578947368421
knn,5,2012-2013,24-1,teste_20.csv,1,2012-12-01,4,0,1,1.0,20,0.6
knn,5,2012-2013,25-1,teste_21.csv,1,2012-12-06,5,1,0,0.3333333333333333,21,0.5714285714285714
knn,5,2012-2013,26-1,teste_22.csv,1,2012-12-06,5,1,0,0.3333333333333333,22,0.5454545454545454
knn,5,2012-2013,27-1,teste_23.csv,1,2012-12-06,5,0,0,0.3333333333333333,23,0.5652173913043478
knn,5,2012-2013,28-1,teste_24.csv,1,2012-12-06,5,1,1,0.6666666666666666,24,0.5833333333333334
knn,5,2012-2013,29-1,teste_25.csv,1,2012-12-06,5,1,1,0.6666666666666666,25,0.6
knn,5,2012-2013,30-1,teste_26.csv,1,2012-12-06,5,1,1,0.6666666666666666,26,0.6153846153846154
knn,5,2012-2013,31-1,teste_27.csv,1,2012-12-06,5,1,1,1.0,27,0.6296296296296297
knn,5,2012-2013,32-1,teste_28.csv,1,2012-12-08,6,0,1,1.0,28,0.6071428571428571
knn,5,2012-2013,33-1,teste_29.csv,1,2012-12-08,6,1,1,0.6666666666666666,29,0.6206896551724138
knn,5,2012-2013,34-1,teste_30.csv,1,2012-12-08,6,1,1,1.0,30,0.6333333333333333
knn,5,2012-2013,35-1,teste_31.csv,1,2012-12-08,6,1,1,0.6666666666666666,31,0.6451612903225806
knn,5,2012-2013,36-1,teste_32.csv,1,2012-12-08,6,1,1,0.8571428571428571,32,0.65625
knn,5,2012-2013,37-1,teste_33.csv,1,2012-12-08,6,0,1,1.0,33,0.6363636363636364
knn,5,2012-2013,38-1,teste_34.csv,1,2012-12-10,2,1,1,0.6666666666666666,34,0.6470588235294118
knn,5,2012-2013,39-1,teste_35.csv,1,2012-12-10,2,1,0,0.2,35,0.6285714285714286
knn,5,2012-2013,40-1,teste_36.csv,1,2012-12-10,6,0,1,1.0,36,0.6111111111111112
knn,5,2012-2013,41-1,teste_37.csv,1,2012-12-13,7,0,1,0.6666666666666666,37,0.5945945945945946
knn,5,2012-2013,42-1,teste_38.csv,1,2012-12-13,7,1,1,1.0,38,0.6052631578947368
knn,5,2012-2013,43-1,teste_39.csv,1,2012-12-13,7,1,1,0.6666666666666666,39,0.6153846153846154
knn,5,2012-2013,44-1,teste_40.csv,1,2012-12-13,7,1,1,0.6666666666666666,40,0.625
knn,5,2012-2013,45-1,teste_41.csv,1,2012-12-13,7,1,0,0.3333333333333333,41,0.6097560975609756
knn,5,2012-2013,46-1,teste_42.csv,1,2012-12-13,7,0,1,1.0,42,0.5952380952380952
knn,5,2012-2013,47-1,teste_43.csv,1,2012-12-13,7,0,1,0.6666666666666666,43,0.5813953488372093
knn,5,2012-2013,48-1,teste_44.csv,1,2012-12-13,7,0,0,0.3333333333333333,44,0.5909090909090909
knn,5,2012-2013,49-1,teste_45.csv,1,2012-12-13,7,1,1,0.6666666666666666,45,0.6
knn,5,2012-2013,50-1,teste_46.csv,1,2012-12-15,8,0,1,1.0,46,0.5869565217391305
knn,5,2012-2013,51-1,teste_47.csv,1,2012-12-15,8,1,1,1.0,47,0.5957446808510638
knn,5,2012-2013,52-1,teste_48.csv,1,2012-12-15,8,0,0,0.3333333333333333,48,0.6041666666666666
knn,5,2012-2013,53-1,teste_49.csv,1,2012-12-15,8,0,1,0.6666666666666666,49,0.5918367346938775
knn,5,2012-2013,54-1,teste_50.csv,1,2012-12-15,8,1,0,0.4444444444444444,50,0.58
knn,5,2012-2013,55-1,teste_51.csv,1,2012-12-15,8,1,0,0.4,51,0.5686274509803921
knn,5,2012-2013,56-1,teste_52.csv,1,2012-12-15,8,1,0,0.2,52,0.5576923076923077
knn,5,2012-2013,57-1,teste_53.csv,1,2012-12-15,8,1,0,0.4444444444444444,53,0.5471698113207547
knn,5,2012-2013,59-1,teste_55.csv,1,2012-12-17,3,0,1,0.6,54,0.5370370370370371
knn,5,2012-2013,58-1,teste_54.csv,1,2012-12-17,4,0,0,0.4444444444444444,55,0.5454545454545454
knn,5,2012-2013,60-1,teste_56.csv,1,2012-12-17,4,1,1,0.8,56,0.5535714285714286
knn,5,2012-2013,61-1,teste_57.csv,1,2012-12-19,9,1,1,0.8,57,0.5614035087719298
knn,5,2012-2013,62-1,teste_58.csv,1,2012-12-20,9,1,0,0.3333333333333333,58,0.5517241379310345
knn,5,2012-2013,63-1,teste_59.csv,1,2012-12-20,9,0,0,0.3333333333333333,59,0.559322033898305
knn,5,2012-2013,64-1,teste_60.csv,1,2012-12-20,9,1,1,1.0,60,0.5666666666666667
knn,5,2012-2013,65-1,teste_61.csv,1,2012-12-20,9,1,1,0.8,61,0.5737704918032787
knn,5,2012-2013,66-1,teste_62.csv,1,2012-12-20,9,1,0,0.0,62,0.5645161290322581
knn,5,2012-2013,67-1,teste_63.csv,1,2012-12-20,9,1,1,0.6666666666666666,63,0.5714285714285714
knn,5,2012-2013,68-1,teste_64.csv,1,2012-12-20,9,0,1,1.0,64,0.5625
knn,5,2012-2013,69-1,teste_65.csv,1,2012-12-20,9,1,0,0.3333333333333333,65,0.5538461538461539
knn,5,2012-2013,70-1,teste_66.csv,1,2012-12-22,10,1,1,0.8,66,0.5606060606060606
knn,5,2012-2013,71-1,teste_67.csv,1,2012-12-22,10,0,1,0.6666666666666666,67,0.5522388059701493
knn,5,2012-2013,72-1,teste_68.csv,1,2012-12-22,10,1,1,0.5714285714285714,68,0.5588235294117647
knn,5,2012-2013,73-1,teste_69.csv,1,2012-12-22,10,0,0,0.4285714285714285,69,0.5652173913043478
knn,5,2012-2013,74-1,teste_70.csv,1,2012-12-22,10,0,0,0.4285714285714285,70,0.5714285714285714
knn,5,2012-2013,75-1,teste_71.csv,1,2012-12-22,10,1,1,1.0,71,0.5774647887323944
knn,5,2012-2013,76-1,teste_72.csv,1,2012-12-22,10,1,1,0.8571428571428571,72,0.5833333333333334
knn,5,2012-2013,77-1,teste_73.csv,1,2012-12-22,10,0,1,0.6666666666666666,73,0.5753424657534246
knn,5,2012-2013,78-1,teste_74.csv,1,2013-01-05,11,0,0,0.3333333333333333,74,0.581081081081081
knn,5,2012-2013,79-1,teste_75.csv,1,2013-01-05,11,0,0,0.0,75,0.5866666666666667
knn,5,2012-2013,80-1,teste_76.csv,1,2013-01-05,11,1,0,0.3333333333333333,76,0.5789473684210527
knn,5,2012-2013,81-1,teste_77.csv,1,2013-01-05,11,0,0,0.3333333333333333,77,0.5844155844155844
knn,5,2012-2013,82-1,teste_78.csv,1,2013-01-05,11,0,0,0.0,78,0.5897435897435898
knn,5,2012-2013,83-1,teste_79.csv,1,2013-01-05,11,0,0,0.3333333333333333,79,0.5949367088607594
knn,5,2012-2013,84-1,teste_80.csv,1,2013-01-05,11,0,1,0.6666666666666666,80,0.5875
knn,5,2012-2013,85-1,teste_81.csv,1,2013-01-05,11,1,1,0.6,81,0.5925925925925926
knn,5,2012-2013,86-1,teste_82.csv,1,2013-01-05,11,1,1,1.0,82,0.5975609756097561
knn,5,2012-2013,87-1,teste_83.csv,1,2013-01-07,12,1,0,0.3073809988067143,83,0.5903614457831325
knn,5,2012-2013,88-1,teste_84.csv,1,2013-01-07,12,0,0,0.4172189974250382,84,0.5952380952380952
knn,5,2012-2013,89-1,teste_85.csv,1,2013-01-07,12,0,1,0.6902535033981632,85,0.5882352941176471
knn,5,2012-2013,90-1,teste_86.csv,1,2013-01-07,12,0,1,0.6140515618513108,86,0.5813953488372093
knn,5,2012-2013,91-1,teste_87.csv,1,2013-01-07,12,0,0,0.4285714285714285,87,0.5862068965517241
knn,5,2012-2013,92-1,teste_88.csv,1,2013-01-07,12,0,0,0.2857142857142857,88,0.5909090909090909
knn,5,2012-2013,93-1,teste_89.csv,1,2013-01-07,12,0,1,0.7142857142857143,89,0.5842696629213483
knn,5,2012-2013,94-1,teste_90.csv,1,2013-01-07,12,0,0,0.4,90,0.5888888888888889
knn,5,2012-2013,100-1,teste_96.csv,1,2013-01-10,13,1,0,0.3333333333333333,91,0.5824175824175825
knn,5,2012-2013,101-1,teste_97.csv,1,2013-01-10,13,1,1,0.5454545454545454,92,0.5869565217391305
knn,5,2012-2013,102-1,teste_98.csv,1,2013-01-10,13,1,1,0.5454545454545454,93,0.5913978494623656
knn,5,2012-2013,103-1,teste_99.csv,1,2013-01-10,13,1,1,0.5454545454545454,94,0.5957446808510638
knn,5,2012-2013,95-1,teste_91.csv,1,2013-01-10,13,0,0,0.2727272727272727,95,0.6
knn,5,2012-2013,96-1,teste_92.csv,1,2013-01-10,13,0,0,0.4545454545454545,96,0.6041666666666666
knn,5,2012-2013,97-1,teste_93.csv,1,2013-01-10,13,1,1,1.0,97,0.6082474226804123
knn,5,2012-2013,98-1,teste_94.csv,1,2013-01-10,13,1,1,0.6666666666666666,98,0.6122448979591837
knn,5,2012-2013,99-1,teste_95.csv,1,2013-01-10,13,1,1,1.0,99,0.6161616161616161
knn,5,2012-2013,104-1,teste_100.csv,1,2013-01-12,14,0,1,0.7272727272727273,100,0.61
knn,5,2012-2013,105-1,teste_101.csv,1,2013-01-12,14,0,1,0.5454545454545454,101,0.6039603960396039
knn,5,2012-2013,106-1,teste_102.csv,1,2013-01-12,14,1,1,0.7272727272727273,102,0.6078431372549019
knn,5,2012-2013,107-1,teste_103.csv,1,2013-01-12,14,1,1,0.5454545454545454,103,0.6116504854368932
knn,5,2012-2013,108-1,teste_104.csv,1,2013-01-12,14,1,1,0.8,104,0.6153846153846154
knn,5,2012-2013,109-1,teste_105.csv,1,2013-01-12,14,1,1,0.8,105,0.6190476190476191
knn,5,2012-2013,110-1,teste_106.csv,1,2013-01-12,14,1,1,0.8,106,0.6226415094339622
knn,5,2012-2013,111-1,teste_107.csv,1,2013-01-12,14,1,1,1.0,107,0.6261682242990654
knn,5,2012-2013,112-1,teste_108.csv,1,2013-01-14,3,1,1,0.6363636363636364,108,0.6296296296296297
knn,5,2012-2013,113-1,teste_109.csv,1,2013-01-15,3,1,1,0.7142857142857143,109,0.6330275229357798
knn,5,2012-2013,114-1,teste_110.csv,1,2013-01-15,4,0,1,0.6,110,0.6272727272727273
knn,5,2012-2013,115-1,teste_111.csv,1,2013-01-17,15,0,1,0.5714285714285714,111,0.6216216216216216
knn,5,2012-2013,116-1,teste_112.csv,1,2013-01-17,15,1,1,0.5714285714285714,112,0.625
knn,5,2012-2013,117-1,teste_113.csv,1,2013-01-17,15,1,0,0.2,113,0.6194690265486725
knn,5,2012-2013,118-1,teste_114.csv,1,2013-01-17,15,0,0,0.4285714285714285,114,0.6228070175438597
knn,5,2012-2013,119-1,teste_115.csv,1,2013-01-17,15,0,0,0.2857142857142857,115,0.6260869565217392
knn,5,2012-2013,120-1,teste_116.csv,1,2013-01-17,15,1,0,0.2857142857142857,116,0.6206896551724138
knn,5,2012-2013,121-1,teste_117.csv,1,2013-01-17,15,0,1,0.6,117,0.6153846153846154
knn,5,2012-2013,122-1,teste_118.csv,1,2013-01-17,15,0,1,0.6,118,0.6101694915254238
knn,5,2012-2013,123-1,teste_119.csv,1,2013-01-17,15,1,0,0.2857142857142857,119,0.6050420168067226
knn,5,2012-2013,124-1,teste_120.csv,1,2013-01-19,16,0,1,0.6,120,0.6
knn,5,2012-2013,125-1,teste_121.csv,1,2013-01-19,16,0,0,0.1428571428571428,121,0.6033057851239669
knn,5,2012-2013,126-1,teste_122.csv,1,2013-01-19,16,0,0,0.2857142857142857,122,0.6065573770491803
knn,5,2012-2013,127-1,teste_123.csv,1,2013-01-19,16,1,1,0.5714285714285714,123,0.6097560975609756
knn,5,2012-2013,128-1,teste_124.csv,1,2013-01-19,16,1,1,0.5714285714285714,124,0.6129032258064516
knn,5,2012-2013,129-1,teste_125.csv,1,2013-01-19,16,0,1,0.7142857142857143,125,0.608
knn,5,2012-2013,130-1,teste_126.csv,1,2013-01-19,16,1,0,0.2857142857142857,126,0.6031746031746031
knn,5,2012-2013,131-1,teste_127.csv,1,2013-01-19,16,1,0,0.1428571428571428,127,0.5984251968503937
knn,5,2012-2013,133-1,teste_129.csv,1,2013-01-21,2,0,0,0.4285714285714285,128,0.6015625
knn,5,2012-2013,132-1,teste_128.csv,1,2013-01-21,6,1,0,0.4285714285714285,129,0.5968992248062015
knn,5,2012-2013,134-1,teste_130.csv,1,2013-01-24,17,0,1,0.5714285714285714,130,0.5923076923076923
knn,5,2012-2013,135-1,teste_131.csv,1,2013-01-24,17,1,1,0.7142857142857143,131,0.5954198473282443
knn,5,2012-2013,136-1,teste_132.csv,1,2013-01-24,17,1,1,0.7142857142857143,132,0.5984848484848485
knn,5,2012-2013,137-1,teste_133.csv,1,2013-01-24,17,1,1,0.5714285714285714,133,0.6015037593984962
knn,5,2012-2013,138-1,teste_134.csv,1,2013-01-24,17,1,1,0.7777777777777778,134,0.6044776119402985
knn,5,2012-2013,139-1,teste_135.csv,1,2013-01-24,17,0,1,0.8181818181818182,135,0.6
knn,5,2012-2013,140-1,teste_136.csv,1,2013-01-24,17,1,1,0.8181818181818182,136,0.6029411764705882
knn,5,2012-2013,141-1,teste_137.csv,1,2013-01-24,17,1,1,0.5555555555555556,137,0.6058394160583942
knn,5,2012-2013,142-1,teste_138.csv,1,2013-01-24,17,1,1,0.6666666666666666,138,0.6086956521739131
knn,5,2012-2013,143-1,teste_139.csv,1,2013-01-26,18,0,0,0.4444444444444444,139,0.6115107913669064
knn,5,2012-2013,144-1,teste_140.csv,1,2013-01-26,18,1,1,0.5555555555555556,140,0.6142857142857143
knn,5,2012-2013,145-1,teste_141.csv,1,2013-01-26,18,1,1,0.7777777777777778,141,0.6170212765957447
knn,5,2012-2013,146-1,teste_142.csv,1,2013-01-26,18,1,1,0.7272727272727273,142,0.6197183098591549
knn,5,2012-2013,147-1,teste_143.csv,1,2013-01-26,18,1,1,0.7272727272727273,143,0.6223776223776224
knn,5,2012-2013,148-1,teste_144.csv,1,2013-01-26,18,1,1,0.8181818181818182,144,0.625
knn,5,2012-2013,149-1,teste_145.csv,1,2013-01-26,18,1,1,0.8181818181818182,145,0.6275862068965518
knn,5,2012-2013,150-1,teste_146.csv,1,2013-01-26,18,0,1,0.9090909090909092,146,0.6232876712328768
knn,5,2012-2013,151-1,teste_147.csv,1,2013-01-28,5,1,1,0.6363636363636364,147,0.6258503401360545
knn,5,2012-2013,152-1,teste_148.csv,1,2013-01-28,5,0,1,0.5454545454545454,148,0.6216216216216216
knn,5,2012-2013,153-1,teste_149.csv,1,2013-01-31,1,0,0,0.4545454545454545,149,0.6241610738255033
knn,5,2012-2013,154-1,teste_150.csv,1,2013-01-31,1,1,1,0.7272727272727273,150,0.6266666666666667
knn,5,2012-2013,155-1,teste_151.csv,1,2013-01-31,1,1,1,0.6363636363636364,151,0.6291390728476821
knn,5,2012-2013,156-1,teste_152.csv,1,2013-01-31,1,1,1,0.6363636363636364,152,0.631578947368421
knn,5,2012-2013,157-1,teste_153.csv,1,2013-01-31,1,1,1,0.8181818181818182,153,0.6339869281045751
knn,5,2012-2013,158-1,teste_154.csv,1,2013-01-31,1,0,1,0.7272727272727273,154,0.6298701298701299
knn,5,2012-2013,159-1,teste_155.csv,1,2013-01-31,1,0,1,0.5454545454545454,155,0.6258064516129033
knn,5,2012-2013,160-1,teste_156.csv,1,2013-01-31,1,1,1,1.0,156,0.6282051282051282
knn,5,2012-2013,161-1,teste_157.csv,1,2013-02-02,2,0,1,0.7272727272727273,157,0.6242038216560509
knn,5,2012-2013,162-1,teste_158.csv,1,2013-02-02,2,1,1,0.5454545454545454,158,0.6265822784810127
knn,5,2012-2013,163-1,teste_159.csv,1,2013-02-02,2,1,0,0.4545454545454545,159,0.6226415094339622
knn,5,2012-2013,164-1,teste_160.csv,1,2013-02-02,2,1,0,0.4545454545454545,160,0.61875
knn,5,2012-2013,165-1,teste_161.csv,1,2013-02-02,2,1,1,0.9090909090909092,161,0.6211180124223602
knn,5,2012-2013,166-1,teste_162.csv,1,2013-02-02,2,0,1,0.5454545454545454,162,0.6172839506172839
knn,5,2012-2013,167-1,teste_163.csv,1,2013-02-02,2,1,1,0.9090909090909092,163,0.6196319018404908
knn,5,2012-2013,168-1,teste_164.csv,1,2013-02-05,3,1,1,0.6363636363636364,164,0.6219512195121951
knn,5,2012-2013,169-1,teste_165.csv,1,2013-02-05,3,1,0,0.3636363636363636,165,0.6181818181818182
knn,5,2012-2013,170-1,teste_166.csv,1,2013-02-05,3,0,1,0.6666666666666666,166,0.6144578313253012
knn,5,2012-2013,171-1,teste_167.csv,1,2013-02-05,3,0,1,0.5454545454545454,167,0.6107784431137725
knn,5,2012-2013,172-1,teste_168.csv,1,2013-02-05,3,1,1,1.0,168,0.6130952380952381
knn,5,2012-2013,173-1,teste_169.csv,1,2013-02-05,3,1,1,0.5454545454545454,169,0.6153846153846154
knn,5,2012-2013,174-1,teste_170.csv,1,2013-02-05,3,1,0,0.4545454545454545,170,0.611764705882353
knn,5,2012-2013,175-1,teste_171.csv,1,2013-02-07,4,1,1,0.8181818181818182,171,0.6140350877192983
knn,5,2012-2013,176-1,teste_172.csv,1,2013-02-07,4,0,1,0.5454545454545454,172,0.6104651162790697
knn,5,2012-2013,177-1,teste_173.csv,1,2013-02-07,4,1,1,0.5454545454545454,173,0.6127167630057804
knn,5,2012-2013,178-1,teste_174.csv,1,2013-02-07,4,1,1,0.7272727272727273,174,0.6149425287356322
knn,5,2012-2013,179-1,teste_175.csv,1,2013-02-07,4,1,1,0.7272727272727273,175,0.6171428571428571
knn,5,2012-2013,180-1,teste_176.csv,1,2013-02-07,4,0,1,0.9090909090909092,176,0.6136363636363636
knn,5,2012-2013,181-1,teste_177.csv,1,2013-02-07,4,1,1,1.0,177,0.615819209039548
knn,5,2012-2013,182-1,teste_178.csv,1,2013-02-14,5,0,0,0.4285714285714285,178,0.6179775280898876
knn,5,2012-2013,183-1,teste_179.csv,1,2013-02-14,5,1,1,0.8460116889835315,179,0.6201117318435754
knn,5,2012-2013,184-1,teste_180.csv,1,2013-02-14,5,0,1,0.5714285714285714,180,0.6166666666666667
knn,5,2012-2013,185-1,teste_181.csv,1,2013-02-14,5,0,1,1.0,181,0.6132596685082873
knn,5,2012-2013,186-1,teste_182.csv,1,2013-02-14,5,0,0,0.4392247606985488,182,0.6153846153846154
knn,5,2012-2013,187-1,teste_183.csv,1,2013-02-14,5,1,0,0.3333333333333333,183,0.6120218579234973
knn,5,2012-2013,188-1,teste_184.csv,1,2013-02-14,5,0,0,0.3333333333333333,184,0.6141304347826086
knn,5,2012-2013,189-1,teste_185.csv,1,2013-02-16,6,0,1,1.0,185,0.6108108108108108
knn,5,2012-2013,190-1,teste_186.csv,1,2013-02-16,6,0,1,0.6666666666666666,186,0.6075268817204301
knn,5,2012-2013,191-1,teste_187.csv,1,2013-02-16,6,1,1,0.5714285714285714,187,0.6096256684491979
knn,5,2012-2013,192-1,teste_188.csv,1,2013-02-16,6,0,1,0.6666666666666666,188,0.6063829787234043
knn,5,2012-2013,193-1,teste_189.csv,1,2013-02-16,6,0,1,0.5714285714285714,189,0.6031746031746031
knn,5,2012-2013,194-1,teste_190.csv,1,2013-02-16,6,1,0,0.4285714285714285,190,0.6
knn,5,2012-2013,195-1,teste_191.csv,1,2013-02-16,6,0,1,0.8571428571428571,191,0.5968586387434555
knn,5,2012-2013,196-1,teste_192.csv,1,2013-02-16,6,0,0,0.2857142857142857,192,0.5989583333333334
knn,5,2012-2013,197-1,teste_193.csv,1,2013-02-17,3,1,1,0.7142857142857143,193,0.6010362694300518
knn,5,2012-2013,198-1,teste_194.csv,1,2013-02-18,5,0,1,0.5714285714285714,194,0.5979381443298969
knn,5,2012-2013,199-1,teste_195.csv,1,2013-02-18,5,1,1,0.5714285714285714,195,0.6
knn,5,2012-2013,200-1,teste_196.csv,1,2013-02-19,7,1,1,0.7142857142857143,196,0.6020408163265306
knn,5,2012-2013,201-1,teste_197.csv,1,2013-02-20,7,0,1,0.5714285714285714,197,0.5989847715736041
knn,5,2012-2013,202-1,teste_198.csv,1,2013-02-21,7,0,1,0.7142857142857143,198,0.5959595959595959
knn,5,2012-2013,203-1,teste_199.csv,1,2013-02-21,7,1,1,0.5714285714285714,199,0.5979899497487438
knn,5,2012-2013,204-1,teste_200.csv,1,2013-02-21,7,1,1,0.8571428571428571,200,0.6
knn,5,2012-2013,205-1,teste_201.csv,1,2013-02-21,7,0,1,0.7272727272727273,201,0.5970149253731343
knn,5,2012-2013,206-1,teste_202.csv,1,2013-02-21,7,1,1,0.7272727272727273,202,0.599009900990099
knn,5,2012-2013,207-1,teste_203.csv,1,2013-02-21,7,0,1,0.6363636363636364,203,0.5960591133004927
knn,5,2012-2013,208-1,teste_204.csv,1,2013-02-21,7,1,1,0.7272727272727273,204,0.5980392156862745
knn,5,2012-2013,209-1,teste_205.csv,1,2013-02-23,8,0,1,0.5454545454545454,205,0.5951219512195122
knn,5,2012-2013,210-1,teste_206.csv,1,2013-02-23,8,1,0,0.4545454545454545,206,0.5922330097087378
knn,5,2012-2013,211-1,teste_207.csv,1,2013-02-23,8,1,1,0.7272727272727273,207,0.5942028985507246
knn,5,2012-2013,212-1,teste_208.csv,1,2013-02-23,8,0,1,0.6363636363636364,208,0.5913461538461539
knn,5,2012-2013,213-1,teste_209.csv,1,2013-02-23,8,1,1,0.6363636363636364,209,0.5933014354066986
knn,5,2012-2013,214-1,teste_210.csv,1,2013-02-23,8,1,1,0.5454545454545454,210,0.5952380952380952
knn,5,2012-2013,215-1,teste_211.csv,1,2013-02-23,8,1,0,0.4444444444444444,211,0.5924170616113744
knn,5,2012-2013,216-1,teste_212.csv,1,2013-02-26,3,0,1,0.6666666666666666,212,0.589622641509434
knn,5,2012-2013,217-1,teste_213.csv,1,2013-02-27,2,1,1,0.5555555555555556,213,0.5915492957746479
knn,5,2012-2013,219-1,teste_215.csv,1,2013-03-04,1,0,0,0.4545454545454545,214,0.5934579439252337
knn,5,2012-2013,220-1,teste_216.csv,1,2013-03-04,4,0,0,0.4545454545454545,215,0.5953488372093023
knn,5,2012-2013,218-1,teste_214.csv,1,2013-03-04,8,1,1,0.6363636363636364,216,0.5972222222222222
knn,5,2012-2013,221-1,teste_217.csv,1,2013-03-07,9,0,0,0.3636363636363636,217,0.5990783410138248
knn,5,2012-2013,222-1,teste_218.csv,1,2013-03-07,9,0,1,0.5454545454545454,218,0.5963302752293578
knn,5,2012-2013,223-1,teste_219.csv,1,2013-03-07,9,1,1,0.6363636363636364,219,0.5981735159817352
knn,5,2012-2013,224-1,teste_220.csv,1,2013-03-07,9,1,1,0.5454545454545454,220,0.6
knn,5,2012-2013,225-1,teste_221.csv,1,2013-03-07,9,0,0,0.3636363636363636,221,0.6018099547511312
knn,5,2012-2013,226-1,teste_222.csv,1,2013-03-07,9,1,0,0.2727272727272727,222,0.5990990990990991
knn,5,2012-2013,227-1,teste_223.csv,1,2013-03-07,9,1,1,0.6363636363636364,223,0.600896860986547
knn,5,2012-2013,228-1,teste_224.csv,1,2013-03-07,9,1,1,0.7272727272727273,224,0.6026785714285714
knn,5,2012-2013,229-1,teste_225.csv,1,2013-03-07,9,0,1,0.7272727272727273,225,0.6
knn,5,2012-2013,230-1,teste_226.csv,1,2013-03-09,10,0,1,0.6363636363636364,226,0.5973451327433629
knn,5,2012-2013,231-1,teste_227.csv,1,2013-03-09,10,0,0,0.4444444444444444,227,0.5991189427312775
knn,5,2012-2013,232-1,teste_228.csv,1,2013-03-09,10,1,0,0.4444444444444444,228,0.5964912280701754
knn,5,2012-2013,233-1,teste_229.csv,1,2013-03-09,10,0,1,0.5454545454545454,229,0.5938864628820961
knn,5,2012-2013,234-1,teste_230.csv,1,2013-03-09,10,0,1,0.5454545454545454,230,0.591304347826087
knn,5,2012-2013,235-1,teste_231.csv,1,2013-03-09,10,1,1,0.6363636363636364,231,0.5930735930735931
knn,5,2012-2013,236-1,teste_232.csv,1,2013-03-09,10,1,1,0.6666666666666666,232,0.5948275862068966
knn,5,2012-2013,237-1,teste_233.csv,1,2013-03-09,10,1,0,0.2,233,0.592274678111588
knn,5,2012-2013,238-1,teste_234.csv,1,2013-03-14,11,0,0,0.0,234,0.594017094017094
knn,5,2012-2013,239-1,teste_235.csv,1,2013-03-14,11,1,1,0.6,235,0.5957446808510638
knn,5,2012-2013,240-1,teste_236.csv,1,2013-03-14,11,1,0,0.4,236,0.5932203389830508
knn,5,2012-2013,241-1,teste_237.csv,1,2013-03-14,11,1,1,0.7777777777777778,237,0.5949367088607594
knn,5,2012-2013,242-1,teste_238.csv,1,2013-03-14,11,1,0,0.4444444444444444,238,0.592436974789916
knn,5,2012-2013,243-1,teste_239.csv,1,2013-03-14,11,1,1,0.6666666666666666,239,0.5941422594142259
knn,5,2012-2013,244-1,teste_240.csv,1,2013-03-16,12,1,1,0.6666666666666666,240,0.5958333333333333
knn,5,2012-2013,245-1,teste_241.csv,1,2013-03-16,12,1,0,0.4285714285714285,241,0.5933609958506224
knn,5,2012-2013,246-1,teste_242.csv,1,2013-03-16,12,1,1,0.7142857142857143,242,0.5950413223140496
knn,5,2012-2013,247-1,teste_243.csv,1,2013-03-16,12,1,1,0.6666666666666666,243,0.5967078189300411
knn,5,2012-2013,248-1,teste_244.csv,1,2013-03-16,12,1,1,0.6666666666666666,244,0.5983606557377049
knn,5,2012-2013,249-1,teste_245.csv,1,2013-03-16,12,1,0,0.2857142857142857,245,0.5959183673469388
knn,5,2012-2013,250-1,teste_246.csv,1,2013-03-16,12,1,1,0.7142857142857143,246,0.5975609756097561
knn,5,2012-2013,252-1,teste_248.csv,1,2013-03-19,13,0,0,0.2857142857142857,247,0.5991902834008097
knn,5,2012-2013,251-1,teste_247.csv,1,2013-03-19,14,0,1,0.5714285714285714,248,0.5967741935483871
knn,5,2012-2013,253-1,teste_249.csv,1,2013-03-21,13,0,1,0.5714285714285714,249,0.5943775100401606
knn,5,2012-2013,254-1,teste_250.csv,1,2013-03-21,13,1,0,0.2857142857142857,250,0.592
knn,5,2012-2013,256-1,teste_252.csv,1,2013-03-21,13,1,0,0.4285714285714285,251,0.5896414342629482
knn,5,2012-2013,257-1,teste_253.csv,1,2013-03-21,13,0,1,0.7142857142857143,252,0.5873015873015873
knn,5,2012-2013,258-1,teste_254.csv,1,2013-03-21,13,0,0,0.2857142857142857,253,0.5889328063241107
knn,5,2012-2013,255-1,teste_251.csv,1,2013-03-21,17,1,1,0.7142857142857143,254,0.5905511811023622
knn,5,2012-2013,259-1,teste_255.csv,1,2013-03-23,14,0,0,0.4,255,0.592156862745098
knn,5,2012-2013,260-1,teste_256.csv,1,2013-03-23,14,1,1,0.8,256,0.59375
knn,5,2012-2013,261-1,teste_257.csv,1,2013-03-23,14,1,1,0.6,257,0.5953307392996109
knn,5,2012-2013,262-1,teste_258.csv,1,2013-03-23,14,1,1,0.6,258,0.5968992248062015
knn,5,2012-2013,263-1,teste_259.csv,1,2013-03-23,14,0,1,0.8,259,0.5945945945945946
knn,5,2012-2013,264-1,teste_260.csv,1,2013-03-23,14,0,1,0.8,260,0.5923076923076923
knn,5,2012-2013,265-1,teste_261.csv,1,2013-03-23,14,0,0,0.4545454545454545,261,0.5938697318007663
knn,5,2012-2013,266-1,teste_262.csv,1,2013-03-25,13,0,1,0.5454545454545454,262,0.5916030534351145
knn,5,2012-2013,267-1,teste_263.csv,1,2013-03-25,16,1,1,0.5555555555555556,263,0.5931558935361216
knn,5,2012-2013,268-1,teste_264.csv,1,2013-03-26,16,0,1,0.7777777777777778,264,0.5909090909090909
knn,5,2012-2013,269-1,teste_265.csv,1,2013-03-26,17,0,0,0.4444444444444444,265,0.5924528301886792
knn,5,2012-2013,271-1,teste_267.csv,1,2013-03-28,13,1,0,0.3636363636363636,266,0.5902255639097744
knn,5,2012-2013,270-1,teste_266.csv,1,2013-03-28,15,1,1,0.8888888888888888,267,0.5917602996254682
knn,5,2012-2013,272-1,teste_268.csv,1,2013-03-28,16,1,1,0.7272727272727273,268,0.5932835820895522
knn,5,2012-2013,274-1,teste_270.csv,1,2013-03-30,15,1,1,0.7272727272727273,269,0.5947955390334573
knn,5,2012-2013,275-1,teste_271.csv,1,2013-03-30,15,0,0,0.4545454545454545,270,0.5962962962962963
knn,5,2012-2013,276-1,teste_272.csv,1,2013-03-30,15,1,0,0.4545454545454545,271,0.5940959409594095
knn,5,2012-2013,277-1,teste_273.csv,1,2013-03-30,16,1,1,0.7272727272727273,272,0.5955882352941176
knn,5,2012-2013,273-1,teste_269.csv,1,2013-03-30,18,1,1,0.5454545454545454,273,0.5970695970695971
knn,5,2012-2013,278-1,teste_274.csv,1,2013-03-31,11,1,0,0.4499743759819861,274,0.5948905109489051
knn,5,2012-2013,279-1,teste_275.csv,1,2013-04-01,18,1,1,0.5107230440018794,275,0.5963636363636363
knn,5,2012-2013,287-1,teste_283.csv,1,2013-04-04,11,1,1,0.6363636363636364,276,0.5978260869565217
knn,5,2012-2013,280-1,teste_276.csv,1,2013-04-04,13,1,1,0.7281186573507036,277,0.5992779783393501
knn,5,2012-2013,281-1,teste_277.csv,1,2013-04-04,17,1,0,0.4545454545454545,278,0.5971223021582733
knn,5,2012-2013,282-1,teste_278.csv,1,2013-04-04,17,0,0,0.4545454545454545,279,0.5985663082437276
knn,5,2012-2013,283-1,teste_279.csv,1,2013-04-04,17,1,1,0.6363636363636364,280,0.6
knn,5,2012-2013,284-1,teste_280.csv,1,2013-04-04,17,0,1,0.5454545454545454,281,0.597864768683274
knn,5,2012-2013,285-1,teste_281.csv,1,2013-04-04,17,0,0,0.3636363636363636,282,0.599290780141844
knn,5,2012-2013,286-1,teste_282.csv,1,2013-04-04,17,0,1,0.7272727272727273,283,0.5971731448763251
knn,5,2012-2013,288-1,teste_284.csv,1,2013-04-06,12,1,1,0.5454545454545454,284,0.5985915492957746
knn,5,2012-2013,289-1,teste_285.csv,1,2013-04-06,18,1,1,0.5454545454545454,285,0.6
knn,5,2012-2013,290-1,teste_286.csv,1,2013-04-06,18,0,1,0.5454545454545454,286,0.5979020979020979
knn,5,2012-2013,291-1,teste_287.csv,1,2013-04-06,18,1,1,0.7272727272727273,287,0.5993031358885017
knn,5,2012-2013,292-1,teste_288.csv,1,2013-04-06,18,1,1,0.7272727272727273,288,0.6006944444444444
knn,5,2012-2013,293-1,teste_289.csv,1,2013-04-06,18,0,0,0.4545454545454545,289,0.6020761245674741
knn,5,2012-2013,294-1,teste_290.csv,1,2013-04-07,15,0,1,0.6363636363636364,290,0.6
knn,5,2012-2013,295-1,teste_291.csv,1,2013-04-08,11,1,1,0.7272727272727273,291,0.6013745704467354
knn,5,2012-2013,296-1,teste_292.csv,1,2013-04-08,15,1,1,0.7272727272727273,292,0.6027397260273972
knn,5,2012-2013,297-1,teste_293.csv,1,2013-04-08,15,1,1,0.6363636363636364,293,0.6040955631399317
knn,5,2012-2013,298-1,teste_294.csv,1,2013-04-09,16,1,1,0.7272727272727273,294,0.6054421768707483
knn,5,2012-2013,299-1,teste_295.csv,1,2013-04-10,15,1,1,0.8331715285357908,295,0.6067796610169491
knn,5,2012-2013,300-1,teste_296.csv,1,2013-04-10,16,1,1,0.8920697988916507,296,0.6081081081081081
knn,5,2012-2013,301-1,teste_297.csv,1,2013-04-11,16,1,1,0.8181818181818182,297,0.6094276094276094
knn,5,2012-2013,302-1,teste_298.csv,1,2013-04-11,18,0,1,0.5454545454545454,298,0.6073825503355704
knn,5,2012-2013,303-1,teste_299.csv,1,2013-04-12,17,0,1,0.6363636363636364,299,0.6053511705685619
knn,5,2012-2013,304-1,teste_300.csv,1,2013-04-13,15,1,1,0.9090909090909092,300,0.6066666666666667
knn,5,2012-2013,305-1,teste_301.csv,1,2013-04-16,1,1,1,0.5454545454545454,301,0.6079734219269103
knn,5,2012-2013,307-1,teste_303.csv,1,2013-04-16,1,0,1,0.7272727272727273,302,0.6059602649006622
knn,5,2012-2013,308-1,teste_304.csv,1,2013-04-16,1,1,0,0.4545454545454545,303,0.6039603960396039
knn,5,2012-2013,306-1,teste_302.csv,1,2013-04-16,16,1,1,0.7272727272727273,304,0.6052631578947368
knn,5,2012-2013,309-1,teste_305.csv,1,2013-04-18,1,1,1,0.7272727272727273,305,0.6065573770491803
knn,5,2012-2013,310-1,teste_306.csv,1,2013-04-19,2,1,1,0.5454545454545454,306,0.6078431372549019
knn,5,2012-2013,311-1,teste_307.csv,1,2013-04-19,2,1,1,1.0,307,0.6091205211726385
knn,5,2012-2013,312-1,teste_308.csv,1,2013-04-19,2,1,1,0.9090909090909092,308,0.6103896103896104
knn,5,2012-2013,313-1,teste_309.csv,1,2013-04-20,3,1,0,0.4545454545454545,309,0.6084142394822006
knn,5,2012-2013,314-1,teste_310.csv,1,2013-04-20,3,1,1,0.9090909090909092,310,0.6096774193548387
knn,5,2012-2013,315-1,teste_311.csv,1,2013-04-20,3,1,1,0.9090909090909092,311,0.6109324758842444
knn,5,2012-2013,316-1,teste_312.csv,1,2013-04-21,2,0,1,0.8181818181818182,312,0.6089743589743589
knn,5,2012-2013,317-1,teste_313.csv,1,2013-04-22,3,1,1,0.6363636363636364,313,0.610223642172524
knn,5,2012-2013,318-1,teste_314.csv,1,2013-04-22,4,0,1,0.7272727272727273,314,0.60828025477707
knn,5,2012-2013,319-1,teste_315.csv,1,2013-04-23,4,1,1,0.6363636363636364,315,0.6095238095238096
knn,5,2012-2013,320-1,teste_316.csv,1,2013-04-24,4,0,1,0.8181818181818182,316,0.6075949367088608
knn,5,2012-2013,321-1,teste_317.csv,1,2013-04-26,5,0,1,0.5454545454545454,317,0.6056782334384858
knn,5,2012-2013,322-1,teste_318.csv,1,2013-04-26,5,1,1,0.6363636363636364,318,0.6069182389937107
knn,5,2012-2013,323-1,teste_319.csv,1,2013-04-28,1,1,1,0.8181818181818182,319,0.6081504702194357
knn,5,2012-2013,324-1,teste_320.csv,1,2013-04-29,1,0,1,0.8181818181818182,320,0.60625
knn,5,2012-2013,325-1,teste_321.csv,1,2013-04-29,1,0,0,0.3636363636363636,321,0.6074766355140186
knn,5,2012-2013,326-1,teste_322.csv,1,2013-04-29,1,1,1,0.6363636363636364,322,0.6086956521739131
knn,5,2012-2013,327-1,teste_323.csv,1,2013-05-01,2,1,1,0.6363636363636364,323,0.6099071207430341
knn,5,2012-2013,328-1,teste_324.csv,1,2013-05-01,2,1,1,0.7272727272727273,324,0.6111111111111112
knn,5,2012-2013,329-1,teste_325.csv,1,2013-05-02,2,0,1,0.7272727272727273,325,0.6092307692307692
knn,5,2012-2013,330-1,teste_326.csv,1,2013-05-02,2,1,1,0.8181818181818182,326,0.6104294478527608
knn,5,2012-2013,331-1,teste_327.csv,1,2013-05-03,3,1,1,0.8181818181818182,327,0.6116207951070336
knn,5,2012-2013,332-1,teste_328.csv,1,2013-05-03,3,1,1,0.6363636363636364,328,0.6128048780487805
knn,5,2012-2013,333-1,teste_329.csv,1,2013-05-04,3,0,1,0.5454545454545454,329,0.6109422492401215
knn,5,2012-2013,334-1,teste_330.csv,1,2013-05-04,3,1,1,0.6363636363636364,330,0.6121212121212121
knn,5,2012-2013,335-1,teste_331.csv,1,2013-05-06,4,1,1,0.5454545454545454,331,0.6132930513595166
knn,5,2012-2013,336-1,teste_332.csv,1,2013-05-06,4,1,1,0.5454545454545454,332,0.6144578313253012
knn,5,2012-2013,337-1,teste_333.csv,1,2013-05-07,4,0,1,0.5454545454545454,333,0.6126126126126126
knn,5,2012-2013,338-1,teste_334.csv,1,2013-05-09,5,0,1,0.6363636363636364,334,0.6107784431137725
knn,5,2012-2013,339-1,teste_335.csv,1,2013-05-09,5,1,0,0.4545454545454545,335,0.608955223880597
knn,5,2012-2013,340-1,teste_336.csv,1,2013-05-10,5,1,1,0.8181818181818182,336,0.6101190476190477
knn,5,2012-2013,341-1,teste_337.csv,1,2013-05-13,1,0,1,0.5454545454545454,337,0.6083086053412463
knn,5,2012-2013,342-1,teste_338.csv,1,2013-05-14,1,1,1,0.6363636363636364,338,0.6094674556213018
knn,5,2012-2013,343-1,teste_339.csv,1,2013-05-16,2,1,1,0.6363636363636364,339,0.6106194690265486
knn,5,2012-2013,344-1,teste_340.csv,1,2013-05-17,2,1,1,0.6363636363636364,340,0.611764705882353
knn,5,2012-2013,345-1,teste_341.csv,1,2013-05-18,3,1,1,0.6363636363636364,341,0.6129032258064516
knn,5,2012-2013,346-1,teste_342.csv,1,2013-05-19,3,1,1,0.7272727272727273,342,0.6140350877192983
knn,5,2012-2013,347-1,teste_343.csv,1,2013-05-23,4,1,1,0.5454545454545454,343,0.6151603498542274
knn,5,2012-2013,348-1,teste_344.csv,1,2013-05-25,5,1,1,0.5454545454545454,344,0.6162790697674418
knn,5,2013-2014,5-1,teste_1.csv,1,2013-11-14,1,1,1,0.6666666666666666,1,1.0
knn,5,2013-2014,6-1,teste_2.csv,1,2013-11-14,1,0,1,0.6666666666666666,2,0.5
knn,5,2013-2014,10-1,teste_6.csv,1,2013-11-16,2,0,1,0.6666666666666666,3,0.3333333333333333
knn,5,2013-2014,11-1,teste_7.csv,1,2013-11-16,2,1,0,0.3333333333333333,4,0.25
knn,5,2013-2014,12-1,teste_8.csv,1,2013-11-16,2,0,1,0.6,5,0.2
knn,5,2013-2014,13-1,teste_9.csv,1,2013-11-16,2,1,1,0.6666666666666666,6,0.3333333333333333
knn,5,2013-2014,7-1,teste_3.csv,1,2013-11-16,2,1,1,0.6666666666666666,7,0.4285714285714285
knn,5,2013-2014,8-1,teste_4.csv,1,2013-11-16,2,1,1,0.6666666666666666,8,0.5
knn,5,2013-2014,9-1,teste_5.csv,1,2013-11-16,2,0,1,0.6666666666666666,9,0.4444444444444444
knn,5,2013-2014,14-1,teste_10.csv,1,2013-11-21,3,0,0,0.3333333333333333,10,0.5
knn,5,2013-2014,15-1,teste_11.csv,1,2013-11-21,3,1,0,0.3765653431689823,11,0.4545454545454545
knn,5,2013-2014,16-1,teste_12.csv,1,2013-11-21,3,0,0,0.3333333333333333,12,0.5
knn,5,2013-2014,17-1,teste_13.csv,1,2013-11-21,3,0,0,0.3027242452343371,13,0.5384615384615384
knn,5,2013-2014,18-1,teste_14.csv,1,2013-11-21,3,0,0,0.2979560595024004,14,0.5714285714285714
knn,5,2013-2014,19-1,teste_15.csv,1,2013-11-21,3,0,0,0.3333333333333333,15,0.6
knn,5,2013-2014,20-1,teste_16.csv,1,2013-11-21,3,1,0,0.0,16,0.5625
knn,5,2013-2014,21-1,teste_17.csv,1,2013-11-23,4,1,0,0.3333333333333333,17,0.5294117647058824
knn,5,2013-2014,22-1,teste_18.csv,1,2013-11-23,4,1,0,0.1686890435010714,18,0.5
knn,5,2013-2014,23-1,teste_19.csv,1,2013-11-23,4,1,0,0.3333333333333333,19,0.4736842105263157
knn,5,2013-2014,24-1,teste_20.csv,1,2013-11-23,4,1,0,0.3409094990312752,20,0.45
knn,5,2013-2014,25-1,teste_21.csv,1,2013-11-23,4,0,1,0.5714285714285714,21,0.4285714285714285
knn,5,2013-2014,26-1,teste_22.csv,1,2013-11-23,4,1,0,0.3333333333333333,22,0.4090909090909091
knn,5,2013-2014,27-1,teste_23.csv,1,2013-11-23,4,0,1,0.6666666666666666,23,0.391304347826087
knn,5,2013-2014,28-1,teste_24.csv,1,2013-11-23,4,1,1,0.6666666666666666,24,0.4166666666666667
knn,5,2013-2014,29-1,teste_25.csv,1,2013-11-28,5,0,0,0.3333333333333333,25,0.44
knn,5,2013-2014,30-1,teste_26.csv,1,2013-11-28,5,0,0,0.3333333333333333,26,0.4615384615384615
knn,5,2013-2014,31-1,teste_27.csv,1,2013-11-28,5,1,0,0.0,27,0.4444444444444444
knn,5,2013-2014,32-1,teste_28.csv,1,2013-11-28,5,0,0,0.3333333333333333,28,0.4642857142857143
knn,5,2013-2014,33-1,teste_29.csv,1,2013-11-28,5,1,1,0.6666666666666666,29,0.4827586206896552
knn,5,2013-2014,34-1,teste_30.csv,1,2013-11-28,5,1,0,0.3333333333333333,30,0.4666666666666667
knn,5,2013-2014,35-1,teste_31.csv,1,2013-11-30,6,0,1,0.5441515930872608,31,0.4516129032258064
knn,5,2013-2014,36-1,teste_32.csv,1,2013-11-30,6,1,1,0.5589991334359946,32,0.46875
knn,5,2013-2014,37-1,teste_33.csv,1,2013-11-30,6,1,0,0.3333333333333333,33,0.4545454545454545
knn,5,2013-2014,38-1,teste_34.csv,1,2013-11-30,6,1,1,0.7142857142857143,34,0.4705882352941176
knn,5,2013-2014,39-1,teste_35.csv,1,2013-11-30,6,0,0,0.3333333333333333,35,0.4857142857142857
knn,5,2013-2014,40-1,teste_36.csv,1,2013-11-30,6,1,1,0.6666666666666666,36,0.5
knn,5,2013-2014,41-1,teste_37.csv,1,2013-12-03,5,1,1,0.5714285714285714,37,0.5135135135135135
knn,5,2013-2014,42-1,teste_38.csv,1,2013-12-05,7,0,1,1.0,38,0.5
knn,5,2013-2014,43-1,teste_39.csv,1,2013-12-05,7,0,1,0.7142857142857143,39,0.4871794871794871
knn,5,2013-2014,44-1,teste_40.csv,1,2013-12-05,7,0,1,0.6666666666666666,40,0.475
knn,5,2013-2014,45-1,teste_41.csv,1,2013-12-05,7,1,1,0.6,41,0.4878048780487805
knn,5,2013-2014,46-1,teste_42.csv,1,2013-12-05,7,1,1,0.6,42,0.5
knn,5,2013-2014,47-1,teste_43.csv,1,2013-12-05,7,1,1,0.6,43,0.5116279069767442
knn,5,2013-2014,48-1,teste_44.csv,1,2013-12-06,7,1,1,0.7777777777777778,44,0.5227272727272727
knn,5,2013-2014,49-1,teste_45.csv,1,2013-12-07,8,1,1,0.8,45,0.5333333333333333
knn,5,2013-2014,50-1,teste_46.csv,1,2013-12-07,8,0,1,0.8,46,0.5217391304347826
knn,5,2013-2014,51-1,teste_47.csv,1,2013-12-07,8,0,1,0.6,47,0.5106382978723404
knn,5,2013-2014,52-1,teste_48.csv,1,2013-12-07,8,1,0,0.4,48,0.5
knn,5,2013-2014,53-1,teste_49.csv,1,2013-12-07,8,1,1,0.6,49,0.5102040816326531
knn,5,2013-2014,54-1,teste_50.csv,1,2013-12-07,8,1,1,1.0,50,0.52
knn,5,2013-2014,55-1,teste_51.csv,1,2013-12-07,8,1,1,0.6,51,0.5294117647058824
knn,5,2013-2014,56-1,teste_52.csv,1,2013-12-07,8,0,1,0.6666666666666666,52,0.5192307692307693
knn,5,2013-2014,57-1,teste_53.csv,1,2013-12-09,6,1,0,0.3333333333333333,53,0.5094339622641509
knn,5,2013-2014,58-1,teste_54.csv,1,2013-12-11,9,1,1,0.6666666666666666,54,0.5185185185185185
knn,5,2013-2014,59-1,teste_55.csv,1,2013-12-12,9,1,1,0.5714285714285714,55,0.5272727272727272
knn,5,2013-2014,60-1,teste_56.csv,1,2013-12-12,9,0,1,1.0,56,0.5178571428571429
knn,5,2013-2014,61-1,teste_57.csv,1,2013-12-12,9,0,1,0.7142857142857143,57,0.5087719298245614
knn,5,2013-2014,62-1,teste_58.csv,1,2013-12-12,9,1,1,0.5714285714285714,58,0.5172413793103449
knn,5,2013-2014,63-1,teste_59.csv,1,2013-12-12,9,1,0,0.3333333333333333,59,0.5084745762711864
knn,5,2013-2014,64-1,teste_60.csv,1,2013-12-12,9,0,1,1.0,60,0.5
knn,5,2013-2014,65-1,teste_61.csv,1,2013-12-14,10,1,1,0.7142857142857143,61,0.5081967213114754
knn,5,2013-2014,66-1,teste_62.csv,1,2013-12-14,10,0,1,0.5714285714285714,62,0.5
knn,5,2013-2014,67-1,teste_63.csv,1,2013-12-14,10,0,1,0.6,63,0.492063492063492
knn,5,2013-2014,68-1,teste_64.csv,1,2013-12-14,10,0,1,0.8,64,0.484375
knn,5,2013-2014,69-1,teste_65.csv,1,2013-12-14,10,0,0,0.1428571428571428,65,0.4923076923076923
knn,5,2013-2014,70-1,teste_66.csv,1,2013-12-14,10,0,0,0.4285714285714285,66,0.5
knn,5,2013-2014,71-1,teste_67.csv,1,2013-12-14,10,1,0,0.2857142857142857,67,0.4925373134328358
knn,5,2013-2014,72-1,teste_68.csv,1,2013-12-14,10,1,0,0.4285714285714285,68,0.4852941176470588
knn,5,2013-2014,73-1,teste_69.csv,1,2013-12-16,2,0,0,0.3220038001921411,69,0.4927536231884058
knn,5,2013-2014,74-1,teste_70.csv,1,2013-12-19,11,0,0,0.4585931254159305,70,0.5
knn,5,2013-2014,75-1,teste_71.csv,1,2013-12-19,11,1,0,0.4285714285714285,71,0.4929577464788732
knn,5,2013-2014,76-1,teste_72.csv,1,2013-12-19,11,1,1,0.5675970526325549,72,0.5
knn,5,2013-2014,77-1,teste_73.csv,1,2013-12-19,11,0,1,0.5714285714285714,73,0.4931506849315068
knn,5,2013-2014,78-1,teste_74.csv,1,2013-12-19,11,1,0,0.1428571428571428,74,0.4864864864864865
knn,5,2013-2014,79-1,teste_75.csv,1,2013-12-19,11,0,1,0.5714285714285714,75,0.48
knn,5,2013-2014,80-1,teste_76.csv,1,2013-12-20,12,1,1,0.5714285714285714,76,0.4868421052631579
knn,5,2013-2014,81-1,teste_77.csv,1,2013-12-21,12,0,0,0.3333333333333333,77,0.4935064935064935
knn,5,2013-2014,82-1,teste_78.csv,1,2013-12-21,12,0,1,0.5555555555555556,78,0.4871794871794871
knn,5,2013-2014,83-1,teste_79.csv,1,2013-12-21,12,0,1,0.7777777777777778,79,0.4810126582278481
knn,5,2013-2014,84-1,teste_80.csv,1,2013-12-21,12,1,0,0.4444444444444444,80,0.475
knn,5,2013-2014,85-1,teste_81.csv,1,2013-12-21,12,0,1,0.5454545454545454,81,0.4691358024691358
knn,5,2013-2014,86-1,teste_82.csv,1,2013-12-21,12,1,0,0.3636363636363636,82,0.4634146341463415
knn,5,2013-2014,87-1,teste_83.csv,1,2014-01-05,13,1,1,0.6666666666666666,83,0.4698795180722891
knn,5,2013-2014,88-1,teste_84.csv,1,2014-01-05,13,0,1,0.5555555555555556,84,0.4642857142857143
knn,5,2013-2014,89-1,teste_85.csv,1,2014-01-05,13,1,0,0.3636363636363636,85,0.4588235294117647
knn,5,2013-2014,90-1,teste_86.csv,1,2014-01-05,13,1,1,0.7272727272727273,86,0.4651162790697674
knn,5,2013-2014,91-1,teste_87.csv,1,2014-01-05,13,1,0,0.4545454545454545,87,0.4597701149425287
knn,5,2013-2014,92-1,teste_88.csv,1,2014-01-05,13,1,1,0.6666666666666666,88,0.4659090909090909
knn,5,2013-2014,93-1,teste_89.csv,1,2014-01-05,13,0,0,0.2857142857142857,89,0.4719101123595505
knn,5,2013-2014,96-1,teste_92.csv,1,2014-01-07,13,1,1,0.5555555555555556,90,0.4777777777777778
knn,5,2013-2014,100-1,teste_96.csv,1,2014-01-07,14,1,1,0.6666666666666666,91,0.4835164835164835
knn,5,2013-2014,94-1,teste_90.csv,1,2014-01-07,14,1,0,0.1428571428571428,92,0.4782608695652174
knn,5,2013-2014,95-1,teste_91.csv,1,2014-01-07,14,0,0,0.3333333333333333,93,0.4838709677419355
knn,5,2013-2014,97-1,teste_93.csv,1,2014-01-07,14,0,1,0.6666666666666666,94,0.4787234042553192
knn,5,2013-2014,98-1,teste_94.csv,1,2014-01-07,14,1,0,0.3333333333333333,95,0.4736842105263157
knn,5,2013-2014,99-1,teste_95.csv,1,2014-01-07,14,0,1,0.6666666666666666,96,0.46875
knn,5,2013-2014,101-1,teste_97.csv,1,2014-01-08,14,0,0,0.4,97,0.4742268041237113
knn,5,2013-2014,102-1,teste_98.csv,1,2014-01-11,15,0,0,0.2,98,0.4795918367346938
knn,5,2013-2014,103-1,teste_99.csv,1,2014-01-11,15,1,1,0.5714285714285714,99,0.4848484848484848
knn,5,2013-2014,104-1,teste_100.csv,1,2014-01-11,15,0,0,0.3333333333333333,100,0.49
knn,5,2013-2014,105-1,teste_101.csv,1,2014-01-11,15,0,0,0.4285714285714285,101,0.495049504950495
knn,5,2013-2014,106-1,teste_102.csv,1,2014-01-11,15,1,1,0.5714285714285714,102,0.5
knn,5,2013-2014,107-1,teste_103.csv,1,2014-01-11,15,0,0,0.2,103,0.5048543689320388
knn,5,2013-2014,108-1,teste_104.csv,1,2014-01-11,15,0,1,0.6,104,0.5
knn,5,2013-2014,109-1,teste_105.csv,1,2014-01-11,15,1,0,0.2,105,0.4952380952380952
knn,5,2013-2014,110-1,teste_106.csv,1,2014-01-13,16,1,1,0.5714285714285714,106,0.5
knn,5,2013-2014,111-1,teste_107.csv,1,2014-01-13,16,1,0,0.2,107,0.4953271028037383
knn,5,2013-2014,112-1,teste_108.csv,1,2014-01-13,16,0,0,0.4,108,0.5
knn,5,2013-2014,113-1,teste_109.csv,1,2014-01-13,16,1,0,0.0,109,0.4954128440366973
knn,5,2013-2014,114-1,teste_110.csv,1,2014-01-13,16,0,0,0.2,110,0.5
knn,5,2013-2014,115-1,teste_111.csv,1,2014-01-13,16,1,1,0.5454545454545454,111,0.5045045045045045
knn,5,2013-2014,116-1,teste_112.csv,1,2014-01-13,16,1,0,0.4,112,0.5
knn,5,2013-2014,117-1,teste_113.csv,1,2014-01-16,17,0,0,0.2,113,0.504424778761062
knn,5,2013-2014,118-1,teste_114.csv,1,2014-01-16,17,1,1,0.7272727272727273,114,0.5087719298245614
knn,5,2013-2014,119-1,teste_115.csv,1,2014-01-16,17,1,0,0.2,115,0.5043478260869565
knn,5,2013-2014,120-1,teste_116.csv,1,2014-01-16,17,1,0,0.2727272727272727,116,0.5
knn,5,2013-2014,121-1,teste_117.csv,1,2014-01-16,17,1,1,0.5454545454545454,117,0.5042735042735043
knn,5,2013-2014,122-1,teste_118.csv,1,2014-01-16,17,1,0,0.4545454545454545,118,0.5
knn,5,2013-2014,123-1,teste_119.csv,1,2014-01-16,17,0,1,0.6363636363636364,119,0.4957983193277311
knn,5,2013-2014,124-1,teste_120.csv,1,2014-01-18,18,0,1,0.5454545454545454,120,0.4916666666666666
knn,5,2013-2014,125-1,teste_121.csv,1,2014-01-18,18,1,1,0.5454545454545454,121,0.4958677685950413
knn,5,2013-2014,126-1,teste_122.csv,1,2014-01-18,18,1,1,0.5454545454545454,122,0.5
knn,5,2013-2014,127-1,teste_123.csv,1,2014-01-18,18,0,1,0.5555555555555556,123,0.4959349593495935
knn,5,2013-2014,128-1,teste_124.csv,1,2014-01-18,18,1,1,0.5555555555555556,124,0.5
knn,5,2013-2014,129-1,teste_125.csv,1,2014-01-18,18,1,0,0.4444444444444444,125,0.496
knn,5,2013-2014,130-1,teste_126.csv,1,2014-01-18,18,0,0,0.3333333333333333,126,0.5
knn,5,2013-2014,131-1,teste_127.csv,1,2014-01-18,18,1,1,0.8888888888888888,127,0.5039370078740157
knn,5,2013-2014,132-1,teste_128.csv,1,2014-01-20,6,1,1,0.6666666666666666,128,0.5078125
knn,5,2013-2014,133-1,teste_129.csv,1,2014-01-23,1,0,1,0.6363636363636364,129,0.5038759689922481
knn,5,2013-2014,134-1,teste_130.csv,1,2014-01-23,1,0,1,0.7777777777777778,130,0.5
knn,5,2013-2014,135-1,teste_131.csv,1,2014-01-23,1,1,1,0.5454545454545454,131,0.5038167938931297
knn,5,2013-2014,136-1,teste_132.csv,1,2014-01-23,1,0,0,0.3636363636363636,132,0.5075757575757576
knn,5,2013-2014,137-1,teste_133.csv,1,2014-01-23,2,0,0,0.3636363636363636,133,0.5112781954887218
knn,5,2013-2014,138-1,teste_134.csv,1,2014-01-23,2,1,1,0.6363636363636364,134,0.5149253731343284
knn,5,2013-2014,139-1,teste_135.csv,1,2014-01-25,1,0,1,0.5454545454545454,135,0.5111111111111111
knn,5,2013-2014,140-1,teste_136.csv,1,2014-01-25,1,0,1,0.5454545454545454,136,0.5073529411764706
knn,5,2013-2014,141-1,teste_137.csv,1,2014-01-25,2,0,0,0.1818181818181818,137,0.5109489051094891
knn,5,2013-2014,142-1,teste_138.csv,1,2014-01-25,2,1,0,0.3636363636363636,138,0.5072463768115942
knn,5,2013-2014,143-1,teste_139.csv,1,2014-01-25,2,1,0,0.4545454545454545,139,0.5035971223021583
knn,5,2013-2014,144-1,teste_140.csv,1,2014-01-25,2,1,0,0.3636363636363636,140,0.5
knn,5,2013-2014,145-1,teste_141.csv,1,2014-01-25,2,1,1,0.5454545454545454,141,0.5035460992907801
knn,5,2013-2014,146-1,teste_142.csv,1,2014-01-27,8,1,1,0.5454545454545454,142,0.5070422535211268
knn,5,2013-2014,147-1,teste_143.csv,1,2014-01-28,5,1,0,0.4545454545454545,143,0.5034965034965035
knn,5,2013-2014,148-1,teste_144.csv,1,2014-01-28,5,1,1,0.5454545454545454,144,0.5069444444444444
knn,5,2013-2014,149-1,teste_145.csv,1,2014-01-30,3,1,1,0.6363636363636364,145,0.5103448275862069
knn,5,2013-2014,150-1,teste_146.csv,1,2014-01-30,3,1,1,0.6363636363636364,146,0.5136986301369864
knn,5,2013-2014,151-1,teste_147.csv,1,2014-01-30,3,1,1,0.8181818181818182,147,0.5170068027210885
knn,5,2013-2014,152-1,teste_148.csv,1,2014-01-30,3,1,1,0.5454545454545454,148,0.5202702702702703
knn,5,2013-2014,153-1,teste_149.csv,1,2014-01-30,3,1,1,0.5454545454545454,149,0.5234899328859061
knn,5,2013-2014,154-1,teste_150.csv,1,2014-01-30,3,1,1,0.5555555555555556,150,0.5266666666666666
knn,5,2013-2014,155-1,teste_151.csv,1,2014-02-01,4,1,1,0.6666666666666666,151,0.5298013245033113
knn,5,2013-2014,156-1,teste_152.csv,1,2014-02-01,4,0,1,0.6666666666666666,152,0.5263157894736842
knn,5,2013-2014,157-1,teste_153.csv,1,2014-02-01,4,0,1,0.8888888888888888,153,0.5228758169934641
knn,5,2013-2014,158-1,teste_154.csv,1,2014-02-01,4,1,1,0.5555555555555556,154,0.525974025974026
knn,5,2013-2014,159-1,teste_155.csv,1,2014-02-01,4,1,1,0.7777777777777778,155,0.5290322580645161
knn,5,2013-2014,160-1,teste_156.csv,1,2014-02-01,4,0,0,0.4444444444444444,156,0.532051282051282
knn,5,2013-2014,161-1,teste_157.csv,1,2014-02-01,4,0,0,0.2222222222222222,157,0.535031847133758
knn,5,2013-2014,162-1,teste_158.csv,1,2014-02-03,3,0,1,0.5555555555555556,158,0.5316455696202531
knn,5,2013-2014,163-1,teste_159.csv,1,2014-02-03,7,1,1,0.7777777777777778,159,0.5345911949685535
knn,5,2013-2014,164-1,teste_160.csv,1,2014-02-06,5,1,1,0.7777777777777778,160,0.5375
knn,5,2013-2014,165-1,teste_161.csv,1,2014-02-06,5,0,0,0.4444444444444444,161,0.5403726708074534
knn,5,2013-2014,166-1,teste_162.csv,1,2014-02-06,5,0,1,0.6666666666666666,162,0.5370370370370371
knn,5,2013-2014,167-1,teste_163.csv,1,2014-02-06,5,0,0,0.4444444444444444,163,0.5398773006134969
knn,5,2013-2014,168-1,teste_164.csv,1,2014-02-06,5,1,0,0.2222222222222222,164,0.5365853658536586
knn,5,2013-2014,169-1,teste_165.csv,1,2014-02-06,5,0,0,0.4444444444444444,165,0.5393939393939394
knn,5,2013-2014,170-1,teste_166.csv,1,2014-02-06,5,0,1,0.5555555555555556,166,0.536144578313253
knn,5,2013-2014,171-1,teste_167.csv,1,2014-02-08,6,1,0,0.3333333333333333,167,0.5329341317365269
knn,5,2013-2014,172-1,teste_168.csv,1,2014-02-08,6,1,1,0.6666666666666666,168,0.5357142857142857
knn,5,2013-2014,173-1,teste_169.csv,1,2014-02-08,6,1,1,0.7142857142857143,169,0.5384615384615384
knn,5,2013-2014,174-1,teste_170.csv,1,2014-02-08,6,0,0,0.3333333333333333,170,0.5411764705882353
knn,5,2013-2014,175-1,teste_171.csv,1,2014-02-08,6,1,0,0.4444444444444444,171,0.5380116959064327
knn,5,2013-2014,176-1,teste_172.csv,1,2014-02-08,6,0,0,0.3333333333333333,172,0.5406976744186046
knn,5,2013-2014,177-1,teste_173.csv,1,2014-02-08,6,1,0,0.3333333333333333,173,0.5375722543352601
knn,5,2013-2014,178-1,teste_174.csv,1,2014-02-10,4,1,1,0.7777777777777778,174,0.5402298850574713
knn,5,2013-2014,179-1,teste_175.csv,1,2014-02-11,2,0,0,0.4444444444444444,175,0.5428571428571428
knn,5,2013-2014,180-1,teste_176.csv,1,2014-02-13,7,1,1,0.6666666666666666,176,0.5454545454545454
knn,5,2013-2014,181-1,teste_177.csv,1,2014-02-13,7,1,0,0.3333333333333333,177,0.5423728813559322
knn,5,2013-2014,182-1,teste_178.csv,1,2014-02-13,7,0,1,0.5555555555555556,178,0.5393258426966292
knn,5,2013-2014,183-1,teste_179.csv,1,2014-02-13,7,0,1,0.5454545454545454,179,0.5363128491620112
knn,5,2013-2014,184-1,teste_180.csv,1,2014-02-13,7,1,1,0.8181818181818182,180,0.5388888888888889
knn,5,2013-2014,185-1,teste_181.csv,1,2014-02-13,7,1,1,0.8181818181818182,181,0.5414364640883977
knn,5,2013-2014,186-1,teste_182.csv,1,2014-02-15,8,1,1,0.6363636363636364,182,0.5439560439560439
knn,5,2013-2014,187-1,teste_183.csv,1,2014-02-15,8,1,1,0.6363636363636364,183,0.546448087431694
knn,5,2013-2014,188-1,teste_184.csv,1,2014-02-15,8,1,1,0.8181818181818182,184,0.5489130434782609
knn,5,2013-2014,189-1,teste_185.csv,1,2014-02-15,8,0,1,0.7272727272727273,185,0.5459459459459459
knn,5,2013-2014,190-1,teste_186.csv,1,2014-02-15,8,1,1,0.5454545454545454,186,0.5483870967741935
knn,5,2013-2014,191-1,teste_187.csv,1,2014-02-15,8,1,1,0.7777777777777778,187,0.5508021390374331
knn,5,2013-2014,192-1,teste_188.csv,1,2014-02-15,8,1,1,0.5714285714285714,188,0.5531914893617021
knn,5,2013-2014,193-1,teste_189.csv,1,2014-02-18,1,0,0,0.4285714285714285,189,0.5555555555555556
knn,5,2013-2014,194-1,teste_190.csv,1,2014-02-18,6,1,1,0.7142857142857143,190,0.5578947368421052
knn,5,2013-2014,195-1,teste_191.csv,1,2014-02-25,9,0,0,0.4285714285714285,191,0.5602094240837696
knn,5,2013-2014,196-1,teste_192.csv,1,2014-02-25,9,0,0,0.4545454545454545,192,0.5625
knn,5,2013-2014,197-1,teste_193.csv,1,2014-02-25,9,1,1,0.8571428571428571,193,0.5647668393782384
knn,5,2013-2014,198-1,teste_194.csv,1,2014-02-25,9,0,1,0.8571428571428571,194,0.5618556701030928
knn,5,2013-2014,199-1,teste_195.csv,1,2014-02-25,9,1,0,0.2222222222222222,195,0.558974358974359
knn,5,2013-2014,200-1,teste_196.csv,1,2014-02-25,9,0,1,0.5555555555555556,196,0.5561224489795918
knn,5,2013-2014,201-1,teste_197.csv,1,2014-02-25,9,0,1,0.5714285714285714,197,0.5532994923857868
knn,5,2013-2014,202-1,teste_198.csv,1,2014-02-25,9,1,1,0.5555555555555556,198,0.5555555555555556
knn,5,2013-2014,203-1,teste_199.csv,1,2014-02-27,10,1,1,0.5555555555555556,199,0.5577889447236181
knn,5,2013-2014,204-1,teste_200.csv,1,2014-02-27,10,1,1,0.6666666666666666,200,0.56
knn,5,2013-2014,205-1,teste_201.csv,1,2014-02-27,10,0,0,0.4444444444444444,201,0.5621890547263682
knn,5,2013-2014,206-1,teste_202.csv,1,2014-02-27,10,1,1,0.5555555555555556,202,0.5643564356435643
knn,5,2013-2014,207-1,teste_203.csv,1,2014-02-27,10,1,1,0.6666666666666666,203,0.5665024630541872
knn,5,2013-2014,208-1,teste_204.csv,1,2014-03-06,11,0,1,0.6666666666666666,204,0.5637254901960784
knn,5,2013-2014,209-1,teste_205.csv,1,2014-03-06,11,1,1,0.5714285714285714,205,0.5658536585365853
knn,5,2013-2014,210-1,teste_206.csv,1,2014-03-06,11,1,1,0.5555555555555556,206,0.5679611650485437
knn,5,2013-2014,211-1,teste_207.csv,1,2014-03-06,11,1,1,0.7777777777777778,207,0.5700483091787439
knn,5,2013-2014,212-1,teste_208.csv,1,2014-03-06,11,1,1,0.6666666666666666,208,0.5721153846153846
knn,5,2013-2014,213-1,teste_209.csv,1,2014-03-08,12,1,1,0.6666666666666666,209,0.5741626794258373
knn,5,2013-2014,214-1,teste_210.csv,1,2014-03-08,12,0,1,0.6666666666666666,210,0.5714285714285714
knn,5,2013-2014,215-1,teste_211.csv,1,2014-03-08,12,1,1,0.5714285714285714,211,0.5734597156398105
knn,5,2013-2014,216-1,teste_212.csv,1,2014-03-08,12,1,1,1.0,212,0.5754716981132075
knn,5,2013-2014,217-1,teste_213.csv,1,2014-03-08,12,1,1,0.8571428571428571,213,0.5774647887323944
knn,5,2013-2014,218-1,teste_214.csv,1,2014-03-08,12,1,1,0.8571428571428571,214,0.5794392523364486
knn,5,2013-2014,219-1,teste_215.csv,1,2014-03-08,12,0,1,0.5714285714285714,215,0.5767441860465117
knn,5,2013-2014,220-1,teste_216.csv,1,2014-03-10,11,1,1,0.5714285714285714,216,0.5787037037037037
knn,5,2013-2014,221-1,teste_217.csv,1,2014-03-10,11,1,1,0.8571428571428571,217,0.5806451612903226
knn,5,2013-2014,222-1,teste_218.csv,1,2014-03-13,13,1,1,0.5714285714285714,218,0.5825688073394495
knn,5,2013-2014,223-1,teste_219.csv,1,2014-03-13,13,1,0,0.4285714285714285,219,0.5799086757990868
knn,5,2013-2014,224-1,teste_220.csv,1,2014-03-13,13,1,0,0.4285714285714285,220,0.5772727272727273
knn,5,2013-2014,225-1,teste_221.csv,1,2014-03-13,13,1,1,0.7142857142857143,221,0.579185520361991
knn,5,2013-2014,226-1,teste_222.csv,1,2014-03-13,13,0,0,0.2857142857142857,222,0.581081081081081
knn,5,2013-2014,227-1,teste_223.csv,1,2014-03-13,13,0,1,0.8571428571428571,223,0.57847533632287
knn,5,2013-2014,228-1,teste_224.csv,1,2014-03-13,13,1,1,1.0,224,0.5803571428571429
knn,5,2013-2014,230-1,teste_226.csv,1,2014-03-15,10,0,0,0.2857142857142857,225,0.5822222222222222
knn,5,2013-2014,229-1,teste_225.csv,1,2014-03-15,14,0,1,0.7142857142857143,226,0.5796460176991151
knn,5,2013-2014,231-1,teste_227.csv,1,2014-03-15,14,1,1,0.7142857142857143,227,0.5814977973568282
knn,5,2013-2014,232-1,teste_228.csv,1,2014-03-15,14,0,0,0.4285714285714285,228,0.5833333333333334
knn,5,2013-2014,233-1,teste_229.csv,1,2014-03-15,14,1,0,0.0,229,0.5807860262008734
knn,5,2013-2014,234-1,teste_230.csv,1,2014-03-15,14,1,1,1.0,230,0.5826086956521739
knn,5,2013-2014,235-1,teste_231.csv,1,2014-03-15,14,1,1,0.7142857142857143,231,0.5844155844155844
knn,5,2013-2014,236-1,teste_232.csv,1,2014-03-15,14,1,1,0.6666666666666666,232,0.5862068965517241
knn,5,2013-2014,237-1,teste_233.csv,1,2014-03-17,12,0,1,0.6666666666666666,233,0.5836909871244635
knn,5,2013-2014,238-1,teste_234.csv,1,2014-03-17,14,0,1,0.8571428571428571,234,0.5811965811965812
knn,5,2013-2014,239-1,teste_235.csv,1,2014-03-20,15,1,1,0.7142857142857143,235,0.5829787234042553
knn,5,2013-2014,240-1,teste_236.csv,1,2014-03-20,15,0,1,0.5714285714285714,236,0.5805084745762712
knn,5,2013-2014,241-1,teste_237.csv,1,2014-03-20,15,0,1,0.7142857142857143,237,0.5780590717299579
knn,5,2013-2014,242-1,teste_238.csv,1,2014-03-20,15,0,1,0.7142857142857143,238,0.5756302521008403
knn,5,2013-2014,243-1,teste_239.csv,1,2014-03-22,16,1,0,0.4444444444444444,239,0.5732217573221757
knn,5,2013-2014,244-1,teste_240.csv,1,2014-03-22,16,0,1,0.5714285714285714,240,0.5708333333333333
knn,5,2013-2014,245-1,teste_241.csv,1,2014-03-22,16,1,0,0.4,241,0.5684647302904564
knn,5,2013-2014,246-1,teste_242.csv,1,2014-03-22,16,1,0,0.4,242,0.5661157024793388
knn,5,2013-2014,247-1,teste_243.csv,1,2014-03-22,16,1,1,0.6666666666666666,243,0.5679012345679012
knn,5,2013-2014,248-1,teste_244.csv,1,2014-03-25,11,0,1,0.5555555555555556,244,0.5655737704918032
knn,5,2013-2014,249-1,teste_245.csv,1,2014-03-25,17,1,1,0.5714285714285714,245,0.5673469387755102
knn,5,2013-2014,251-1,teste_247.csv,1,2014-03-27,12,1,1,0.7142857142857143,246,0.5691056910569106
knn,5,2013-2014,250-1,teste_246.csv,1,2014-03-27,17,1,1,0.7142857142857143,247,0.5708502024291497
knn,5,2013-2014,252-1,teste_248.csv,1,2014-03-27,17,1,1,0.7777777777777778,248,0.5725806451612904
knn,5,2013-2014,253-1,teste_249.csv,1,2014-03-27,17,0,1,0.6363636363636364,249,0.570281124497992
knn,5,2013-2014,254-1,teste_250.csv,1,2014-03-27,17,1,1,0.5454545454545454,250,0.572
knn,5,2013-2014,255-1,teste_251.csv,1,2014-03-27,17,1,0,0.4285714285714285,251,0.5697211155378487
knn,5,2013-2014,256-1,teste_252.csv,1,2014-03-27,17,1,1,0.7272727272727273,252,0.5714285714285714
knn,5,2013-2014,257-1,teste_253.csv,1,2014-03-29,18,1,1,0.8571428571428571,253,0.5731225296442688
knn,5,2013-2014,258-1,teste_254.csv,1,2014-03-29,18,1,1,1.0,254,0.5748031496062992
knn,5,2013-2014,259-1,teste_255.csv,1,2014-03-29,18,1,1,0.7142857142857143,255,0.5764705882352941
knn,5,2013-2014,260-1,teste_256.csv,1,2014-03-29,18,0,0,0.2857142857142857,256,0.578125
knn,5,2013-2014,261-1,teste_257.csv,1,2014-03-29,18,1,1,1.0,257,0.5797665369649806
knn,5,2013-2014,262-1,teste_258.csv,1,2014-03-29,18,1,1,0.8,258,0.5813953488372093
knn,5,2013-2014,263-1,teste_259.csv,1,2014-03-29,18,0,1,0.6,259,0.5791505791505791
knn,5,2013-2014,264-1,teste_260.csv,1,2014-03-29,18,1,1,1.0,260,0.5807692307692308
knn,5,2013-2014,265-1,teste_261.csv,1,2014-03-31,10,0,1,0.8,261,0.578544061302682
knn,5,2013-2014,266-1,teste_262.csv,1,2014-04-01,15,1,1,0.8,262,0.5801526717557252
knn,5,2013-2014,267-1,teste_263.csv,1,2014-04-01,15,1,1,0.6666666666666666,263,0.5817490494296578
knn,5,2013-2014,268-1,teste_264.csv,1,2014-04-01,15,1,0,0.4,264,0.5795454545454546
knn,5,2013-2014,269-1,teste_265.csv,1,2014-04-03,16,1,1,0.8,265,0.5811320754716981
knn,5,2013-2014,270-1,teste_266.csv,1,2014-04-03,16,0,1,0.8,266,0.5789473684210527
knn,5,2013-2014,271-1,teste_267.csv,1,2014-04-03,16,1,1,0.7777777777777778,267,0.5805243445692884
knn,5,2013-2014,272-1,teste_268.csv,1,2014-04-06,1,0,1,0.8888888888888888,268,0.5783582089552238
knn,5,2013-2014,273-1,teste_269.csv,1,2014-04-07,1,1,0,0.4285714285714285,269,0.5762081784386617
knn,5,2013-2014,274-1,teste_270.csv,1,2014-04-08,2,1,1,0.5714285714285714,270,0.5777777777777777
knn,5,2013-2014,275-1,teste_271.csv,1,2014-04-09,1,1,0,0.4285714285714285,271,0.5756457564575646
knn,5,2013-2014,276-1,teste_272.csv,1,2014-04-09,1,1,1,0.7777777777777778,272,0.5772058823529411
knn,5,2013-2014,277-1,teste_273.csv,1,2014-04-09,2,1,1,0.7142857142857143,273,0.5787545787545788
knn,5,2013-2014,278-1,teste_274.csv,1,2014-04-11,2,0,1,0.7142857142857143,274,0.5766423357664233
knn,5,2013-2014,279-1,teste_275.csv,1,2014-04-11,2,1,1,0.8888888888888888,275,0.5781818181818181
knn,5,2013-2014,280-1,teste_276.csv,1,2014-04-12,3,0,1,0.7777777777777778,276,0.5760869565217391
knn,5,2013-2014,281-1,teste_277.csv,1,2014-04-13,3,1,1,0.5555555555555556,277,0.5776173285198556
knn,5,2013-2014,282-1,teste_278.csv,1,2014-04-14,3,0,1,0.5714285714285714,278,0.5755395683453237
knn,5,2013-2014,283-1,teste_279.csv,1,2014-04-14,4,1,1,0.5714285714285714,279,0.5770609318996416
knn,5,2013-2014,284-1,teste_280.csv,1,2014-04-15,3,1,0,0.4285714285714285,280,0.575
knn,5,2013-2014,285-1,teste_281.csv,1,2014-04-15,4,1,1,0.8571428571428571,281,0.5765124555160143
knn,5,2013-2014,286-1,teste_282.csv,1,2014-04-17,4,1,1,0.7142857142857143,282,0.5780141843971631
knn,5,2013-2014,287-1,teste_283.csv,1,2014-04-18,5,0,1,0.8571428571428571,283,0.5759717314487632
knn,5,2013-2014,288-1,teste_284.csv,1,2014-04-19,5,1,1,0.7142857142857143,284,0.5774647887323944
knn,5,2013-2014,289-1,teste_285.csv,1,2014-04-25,1,1,1,0.7142857142857143,285,0.5789473684210527
knn,5,2013-2014,290-1,teste_286.csv,1,2014-04-26,1,0,1,1.0,286,0.5769230769230769
knn,5,2013-2014,291-1,teste_287.csv,1,2014-04-26,1,0,1,0.7142857142857143,287,0.5749128919860628
knn,5,2013-2014,293-1,teste_289.csv,1,2014-04-27,1,1,1,0.7142857142857143,288,0.5763888888888888
knn,5,2013-2014,292-1,teste_288.csv,1,2014-04-27,2,1,1,0.5714285714285714,289,0.5778546712802768
knn,5,2013-2014,294-1,teste_290.csv,1,2014-04-28,2,0,1,0.5714285714285714,290,0.5758620689655173
knn,5,2013-2014,295-1,teste_291.csv,1,2014-04-28,2,1,1,0.5555555555555556,291,0.5773195876288659
knn,5,2013-2014,296-1,teste_292.csv,1,2014-04-29,2,0,1,0.7777777777777778,292,0.5753424657534246
knn,5,2013-2014,297-1,teste_293.csv,1,2014-05-02,3,1,1,0.6363636363636364,293,0.5767918088737202
knn,5,2013-2014,298-1,teste_294.csv,1,2014-05-02,3,1,0,0.3333333333333333,294,0.5748299319727891
knn,5,2013-2014,299-1,teste_295.csv,1,2014-05-03,3,0,1,0.8181818181818182,295,0.5728813559322034
knn,5,2013-2014,300-1,teste_296.csv,1,2014-05-04,3,0,0,0.3636363636363636,296,0.5743243243243243
knn,5,2013-2014,301-1,teste_297.csv,1,2014-05-05,4,0,1,0.5714285714285714,297,0.5723905723905723
knn,5,2013-2014,302-1,teste_298.csv,1,2014-05-05,4,1,1,0.8571428571428571,298,0.5738255033557047
knn,5,2013-2014,303-1,teste_299.csv,1,2014-05-06,4,1,0,0.4285714285714285,299,0.5719063545150501
knn,5,2013-2014,304-1,teste_300.csv,1,2014-05-09,5,1,1,0.5714285714285714,300,0.5733333333333334
knn,5,2013-2014,305-1,teste_301.csv,1,2014-05-09,5,0,1,0.7142857142857143,301,0.5714285714285714
knn,5,2013-2014,306-1,teste_302.csv,1,2014-05-12,1,1,1,0.7142857142857143,302,0.5728476821192053
knn,5,2013-2014,307-1,teste_303.csv,1,2014-05-13,1,1,1,0.5714285714285714,303,0.5742574257425742
knn,5,2013-2014,308-1,teste_304.csv,1,2014-05-14,2,0,1,0.8571428571428571,304,0.5723684210526315
knn,5,2013-2014,309-1,teste_305.csv,1,2014-05-15,2,0,0,0.4285714285714285,305,0.5737704918032787
knn,5,2013-2014,310-1,teste_306.csv,1,2014-05-17,3,0,1,0.5714285714285714,306,0.5718954248366013
knn,5,2013-2014,311-1,teste_307.csv,1,2014-05-18,3,0,1,0.6666666666666666,307,0.5700325732899023
knn,5,2013-2014,312-1,teste_308.csv,1,2014-05-19,4,0,0,0.0,308,0.5714285714285714
knn,5,2013-2014,313-1,teste_309.csv,1,2014-05-20,4,1,0,0.3333333333333333,309,0.56957928802589
knn,5,2013-2014,314-1,teste_310.csv,1,2014-05-23,5,1,1,0.6666666666666666,310,0.5709677419354838
knn,5,2014-2015,5-1,teste_1.csv,1,2014-11-05,1,0,0,0.3333333333333333,1,1.0
knn,5,2014-2015,6-1,teste_2.csv,1,2014-11-05,1,1,0,0.3333333333333333,2,0.5
knn,5,2014-2015,7-1,teste_3.csv,1,2014-11-06,2,1,0,0.3333333333333333,3,0.3333333333333333
knn,5,2014-2015,8-1,teste_4.csv,1,2014-11-06,2,0,1,0.6666666666666666,4,0.25
knn,5,2014-2015,9-1,teste_5.csv,1,2014-11-06,2,1,1,0.6666666666666666,5,0.4
knn,5,2014-2015,10-1,teste_6.csv,1,2014-11-07,2,1,1,0.8,6,0.5
knn,5,2014-2015,11-1,teste_7.csv,1,2014-11-07,2,1,1,0.8,7,0.5714285714285714
knn,5,2014-2015,12-1,teste_8.csv,1,2014-11-07,2,0,1,0.6,8,0.5
knn,5,2014-2015,13-1,teste_9.csv,1,2014-11-07,2,0,1,0.8,9,0.4444444444444444
knn,5,2014-2015,14-1,teste_10.csv,1,2014-11-11,3,1,1,0.8,10,0.5
knn,5,2014-2015,15-1,teste_11.csv,1,2014-11-11,3,1,1,0.6666666666666666,11,0.5454545454545454
knn,5,2014-2015,16-1,teste_12.csv,1,2014-11-12,3,1,1,0.6666666666666666,12,0.5833333333333334
knn,5,2014-2015,17-1,teste_13.csv,1,2014-11-12,3,0,1,0.6666666666666666,13,0.5384615384615384
knn,5,2014-2015,18-1,teste_14.csv,1,2014-11-12,3,1,0,0.3333333333333333,14,0.5
knn,5,2014-2015,19-1,teste_15.csv,1,2014-11-13,4,1,1,0.6666666666666666,15,0.5333333333333333
knn,5,2014-2015,20-1,teste_16.csv,1,2014-11-14,4,0,1,1.0,16,0.5
knn,5,2014-2015,21-1,teste_17.csv,1,2014-11-14,4,0,1,0.6666666666666666,17,0.4705882352941176
knn,5,2014-2015,22-1,teste_18.csv,1,2014-11-14,4,1,1,0.812320000773,18,0.5
knn,5,2014-2015,23-1,teste_19.csv,1,2014-11-16,4,1,1,0.5962747116583236,19,0.5263157894736842
knn,5,2014-2015,24-1,teste_20.csv,1,2014-11-17,2,1,1,1.0,20,0.55
knn,5,2014-2015,25-1,teste_21.csv,1,2014-11-18,5,1,1,0.6833041355338045,21,0.5714285714285714
knn,5,2014-2015,26-1,teste_22.csv,1,2014-11-18,5,1,0,0.260164961616005,22,0.5454545454545454
knn,5,2014-2015,27-1,teste_23.csv,1,2014-11-18,5,1,1,0.6815387310470039,23,0.5652173913043478
knn,5,2014-2015,28-1,teste_24.csv,1,2014-11-18,5,1,1,0.6672062387500679,24,0.5833333333333334
knn,5,2014-2015,29-1,teste_25.csv,1,2014-11-19,5,1,0,0.3470468010161065,25,0.56
knn,5,2014-2015,30-1,teste_26.csv,1,2014-11-19,5,1,1,0.6695896936241637,26,0.5769230769230769
knn,5,2014-2015,31-1,teste_27.csv,1,2014-11-19,5,1,1,0.66187064789272,27,0.5925925925925926
knn,5,2014-2015,32-1,teste_28.csv,1,2014-11-19,5,1,1,0.67140972268308,28,0.6071428571428571
knn,5,2014-2015,33-1,teste_29.csv,1,2014-11-20,6,1,1,1.0,29,0.6206896551724138
knn,5,2014-2015,34-1,teste_30.csv,1,2014-11-20,6,1,1,0.6772486671423188,30,0.6333333333333333
knn,5,2014-2015,35-1,teste_31.csv,1,2014-11-20,6,0,1,1.0,31,0.6129032258064516
knn,5,2014-2015,36-1,teste_32.csv,1,2014-11-20,6,1,1,0.7093861002175553,32,0.625
knn,5,2014-2015,37-1,teste_33.csv,1,2014-11-21,6,1,1,1.0,33,0.6363636363636364
knn,5,2014-2015,38-1,teste_34.csv,1,2014-11-21,6,1,1,1.0,34,0.6470588235294118
knn,5,2014-2015,39-1,teste_35.csv,1,2014-11-21,6,0,1,1.0,35,0.6285714285714286
knn,5,2014-2015,40-1,teste_36.csv,1,2014-11-21,6,1,1,1.0,36,0.6388888888888888
knn,5,2014-2015,41-1,teste_37.csv,1,2014-11-23,3,0,1,1.0,37,0.6216216216216216
knn,5,2014-2015,42-1,teste_38.csv,1,2014-11-25,7,1,1,0.8096571239729201,38,0.631578947368421
knn,5,2014-2015,43-1,teste_39.csv,1,2014-11-25,7,1,1,1.0,39,0.6410256410256411
knn,5,2014-2015,44-1,teste_40.csv,1,2014-11-26,7,1,1,0.6657352264234713,40,0.65
knn,5,2014-2015,45-1,teste_41.csv,1,2014-11-26,7,1,1,1.0,41,0.6585365853658537
knn,5,2014-2015,46-1,teste_42.csv,1,2014-11-26,7,0,1,0.6486434930271355,42,0.6428571428571429
knn,5,2014-2015,47-1,teste_43.csv,1,2014-11-27,8,0,1,1.0,43,0.627906976744186
knn,5,2014-2015,48-1,teste_44.csv,1,2014-11-27,8,1,1,0.6666666666666666,44,0.6363636363636364
knn,5,2014-2015,49-1,teste_45.csv,1,2014-11-27,8,1,1,0.6666666666666666,45,0.6444444444444445
knn,5,2014-2015,50-1,teste_46.csv,1,2014-11-28,8,0,1,0.6666666666666666,46,0.6304347826086957
knn,5,2014-2015,51-1,teste_47.csv,1,2014-11-28,8,0,1,0.6666666666666666,47,0.6170212765957447
knn,5,2014-2015,52-1,teste_48.csv,1,2014-11-28,8,0,0,0.3333333333333333,48,0.625
knn,5,2014-2015,53-1,teste_49.csv,1,2014-11-30,4,0,0,0.4444444444444444,49,0.6326530612244898
knn,5,2014-2015,54-1,teste_50.csv,1,2014-12-03,8,1,1,0.6666666666666666,50,0.64
knn,5,2014-2015,55-1,teste_51.csv,1,2014-12-05,7,0,1,0.6666666666666666,51,0.6274509803921569
knn,5,2014-2015,56-1,teste_52.csv,1,2014-12-07,1,0,1,0.8571428571428571,52,0.6153846153846154
knn,5,2014-2015,57-1,teste_53.csv,1,2014-12-07,3,1,1,0.6,53,0.6226415094339622
knn,5,2014-2015,58-1,teste_54.csv,1,2014-12-09,9,0,1,0.6,54,0.6111111111111112
knn,5,2014-2015,59-1,teste_55.csv,1,2014-12-09,9,0,1,0.7278013395517134,55,0.6
knn,5,2014-2015,60-1,teste_56.csv,1,2014-12-09,9,1,0,0.3333333333333333,56,0.5892857142857143
knn,5,2014-2015,61-1,teste_57.csv,1,2014-12-09,9,0,1,0.6666666666666666,57,0.5789473684210527
knn,5,2014-2015,62-1,teste_58.csv,1,2014-12-10,9,1,1,0.5454545454545454,58,0.5862068965517241
knn,5,2014-2015,63-1,teste_59.csv,1,2014-12-10,9,1,0,0.3333333333333333,59,0.576271186440678
knn,5,2014-2015,64-1,teste_60.csv,1,2014-12-10,9,0,0,0.3333333333333333,60,0.5833333333333334
knn,5,2014-2015,65-1,teste_61.csv,1,2014-12-10,9,0,1,0.6666666666666666,61,0.5737704918032787
knn,5,2014-2015,66-1,teste_62.csv,1,2014-12-11,10,1,0,0.4,62,0.5645161290322581
knn,5,2014-2015,67-1,teste_63.csv,1,2014-12-11,10,0,1,0.6,63,0.5555555555555556
knn,5,2014-2015,68-1,teste_64.csv,1,2014-12-11,10,0,0,0.4,64,0.5625
knn,5,2014-2015,69-1,teste_65.csv,1,2014-12-11,10,1,0,0.4324114530317764,65,0.5538461538461539
knn,5,2014-2015,70-1,teste_66.csv,1,2014-12-12,10,0,0,0.2003574235059221,66,0.5606060606060606
knn,5,2014-2015,71-1,teste_67.csv,1,2014-12-12,10,0,1,0.7996920653981492,67,0.5522388059701493
knn,5,2014-2015,72-1,teste_68.csv,1,2014-12-12,10,0,0,0.3333333333333333,68,0.5588235294117647
knn,5,2014-2015,73-1,teste_69.csv,1,2014-12-12,10,1,0,0.3333333333333333,69,0.5507246376811594
knn,5,2014-2015,74-1,teste_70.csv,1,2014-12-16,11,1,0,0.3333333333333333,70,0.5428571428571428
knn,5,2014-2015,75-1,teste_71.csv,1,2014-12-16,11,0,0,0.3858409106451492,71,0.5492957746478874
knn,5,2014-2015,76-1,teste_72.csv,1,2014-12-16,11,1,0,0.0,72,0.5416666666666666
knn,5,2014-2015,77-1,teste_73.csv,1,2014-12-16,11,1,0,0.4303185160598248,73,0.5342465753424658
knn,5,2014-2015,78-1,teste_74.csv,1,2014-12-17,11,0,0,0.4246271797233122,74,0.5405405405405406
knn,5,2014-2015,79-1,teste_75.csv,1,2014-12-17,11,1,0,0.2,75,0.5333333333333333
knn,5,2014-2015,80-1,teste_76.csv,1,2014-12-17,11,0,0,0.3333333333333333,76,0.5394736842105263
knn,5,2014-2015,81-1,teste_77.csv,1,2014-12-17,11,1,0,0.3333333333333333,77,0.5324675324675324
knn,5,2014-2015,82-1,teste_78.csv,1,2014-12-18,12,1,1,0.6,78,0.5384615384615384
knn,5,2014-2015,83-1,teste_79.csv,1,2014-12-18,12,0,0,0.3333333333333333,79,0.5443037974683544
knn,5,2014-2015,84-1,teste_80.csv,1,2014-12-18,12,0,1,0.6666666666666666,80,0.5375
knn,5,2014-2015,85-1,teste_81.csv,1,2014-12-18,12,0,1,0.6666666666666666,81,0.5308641975308642
knn,5,2014-2015,86-1,teste_82.csv,1,2014-12-19,12,1,0,0.3333333333333333,82,0.524390243902439
knn,5,2014-2015,87-1,teste_83.csv,1,2014-12-19,12,1,0,0.3333333333333333,83,0.5180722891566265
knn,5,2014-2015,88-1,teste_84.csv,1,2014-12-19,12,1,1,0.6666666666666666,84,0.5238095238095238
knn,5,2014-2015,89-1,teste_85.csv,1,2014-12-19,12,0,0,0.2,85,0.5294117647058824
knn,5,2014-2015,90-1,teste_86.csv,1,2014-12-21,13,0,0,0.3333333333333333,86,0.5348837209302325
knn,5,2014-2015,91-1,teste_87.csv,1,2014-12-22,13,1,0,0.4,87,0.5287356321839081
knn,5,2014-2015,92-1,teste_88.csv,1,2014-12-22,13,1,1,0.8,88,0.5340909090909091
knn,5,2014-2015,93-1,teste_89.csv,1,2014-12-22,13,1,1,0.6,89,0.5393258426966292
knn,5,2014-2015,94-1,teste_90.csv,1,2014-12-22,13,1,0,0.2,90,0.5333333333333333
knn,5,2014-2015,95-1,teste_91.csv,1,2014-12-22,13,0,1,0.8,91,0.5274725274725275
knn,5,2014-2015,96-1,teste_92.csv,1,2014-12-22,13,0,1,0.6666666666666666,92,0.5217391304347826
knn,5,2014-2015,97-1,teste_93.csv,1,2014-12-23,13,0,0,0.4,93,0.5268817204301075
knn,5,2014-2015,100-1,teste_96.csv,1,2015-01-06,14,0,0,0.4,94,0.5319148936170213
knn,5,2014-2015,101-1,teste_97.csv,1,2015-01-06,14,0,1,0.5454545454545454,95,0.5263157894736842
knn,5,2014-2015,98-1,teste_94.csv,1,2015-01-06,14,1,0,0.2,96,0.5208333333333334
knn,5,2014-2015,99-1,teste_95.csv,1,2015-01-06,14,1,1,0.6,97,0.5257731958762887
knn,5,2014-2015,102-1,teste_98.csv,1,2015-01-07,14,0,0,0.4444444444444444,98,0.5306122448979592
knn,5,2014-2015,103-1,teste_99.csv,1,2015-01-07,14,1,1,0.7272727272727273,99,0.5353535353535354
knn,5,2014-2015,104-1,teste_100.csv,1,2015-01-07,14,1,1,0.9090909090909092,100,0.54
knn,5,2014-2015,105-1,teste_101.csv,1,2015-01-07,14,0,0,0.4444444444444444,101,0.5445544554455446
knn,5,2014-2015,106-1,teste_102.csv,1,2015-01-08,15,0,1,1.0,102,0.5392156862745098
knn,5,2014-2015,107-1,teste_103.csv,1,2015-01-08,15,0,0,0.2222222222222222,103,0.5436893203883495
knn,5,2014-2015,108-1,teste_104.csv,1,2015-01-08,15,1,1,0.6666666666666666,104,0.5480769230769231
knn,5,2014-2015,109-1,teste_105.csv,1,2015-01-08,15,1,1,0.6666666666666666,105,0.5523809523809524
knn,5,2014-2015,110-1,teste_106.csv,1,2015-01-09,15,1,0,0.4444444444444444,106,0.5471698113207547
knn,5,2014-2015,111-1,teste_107.csv,1,2015-01-09,15,0,0,0.4444444444444444,107,0.5514018691588785
knn,5,2014-2015,112-1,teste_108.csv,1,2015-01-09,15,0,1,0.6666666666666666,108,0.5462962962962963
knn,5,2014-2015,113-1,teste_109.csv,1,2015-01-09,15,1,1,0.8,109,0.5504587155963303
knn,5,2014-2015,114-1,teste_110.csv,1,2015-01-12,4,1,1,0.8,110,0.5545454545454546
knn,5,2014-2015,115-1,teste_111.csv,1,2015-01-13,3,1,1,0.6666666666666666,111,0.5585585585585585
knn,5,2014-2015,116-1,teste_112.csv,1,2015-01-13,4,0,0,0.3333333333333333,112,0.5625
knn,5,2014-2015,117-1,teste_113.csv,1,2015-01-14,7,0,1,0.7142857142857143,113,0.5575221238938053
knn,5,2014-2015,119-1,teste_115.csv,1,2015-01-15,1,1,1,0.6363636363636364,114,0.5614035087719298
knn,5,2014-2015,118-1,teste_114.csv,1,2015-01-15,3,0,0,0.2,115,0.5652173913043478
knn,5,2014-2015,120-1,teste_116.csv,1,2015-01-16,8,0,1,0.5454545454545454,116,0.5603448275862069
knn,5,2014-2015,121-1,teste_117.csv,1,2015-01-17,2,1,1,0.5714285714285714,117,0.5641025641025641
knn,5,2014-2015,122-1,teste_118.csv,1,2015-01-19,1,1,1,1.0,118,0.5677966101694916
knn,5,2014-2015,123-1,teste_119.csv,1,2015-01-20,1,0,0,0.4285714285714285,119,0.5714285714285714
knn,5,2014-2015,124-1,teste_120.csv,1,2015-01-20,1,0,1,0.5714285714285714,120,0.5666666666666667
knn,5,2014-2015,125-1,teste_121.csv,1,2015-01-21,1,0,0,0.4444444444444444,121,0.5702479338842975
knn,5,2014-2015,127-1,teste_123.csv,1,2015-01-21,1,1,1,0.8181818181818182,122,0.5737704918032787
knn,5,2014-2015,128-1,teste_124.csv,1,2015-01-21,1,0,0,0.4545454545454545,123,0.5772357723577236
knn,5,2014-2015,129-1,teste_125.csv,1,2015-01-21,1,1,1,0.7306650633036589,124,0.5806451612903226
knn,5,2014-2015,126-1,teste_122.csv,1,2015-01-21,2,1,1,0.5555555555555556,125,0.584
knn,5,2014-2015,130-1,teste_126.csv,1,2015-01-22,2,1,0,0.440252272376801,126,0.5793650793650794
knn,5,2014-2015,131-1,teste_127.csv,1,2015-01-22,2,0,0,0.247061706273504,127,0.5826771653543307
knn,5,2014-2015,132-1,teste_128.csv,1,2015-01-23,2,0,1,0.6200159094878003,128,0.578125
knn,5,2014-2015,133-1,teste_129.csv,1,2015-01-23,2,1,0,0.3636363636363636,129,0.5736434108527132
knn,5,2014-2015,134-1,teste_130.csv,1,2015-01-23,2,1,1,0.5714285714285714,130,0.5769230769230769
knn,5,2014-2015,135-1,teste_131.csv,1,2015-01-23,2,0,1,0.7272727272727273,131,0.5725190839694656
knn,5,2014-2015,136-1,teste_132.csv,1,2015-01-24,5,0,0,0.1818181818181818,132,0.5757575757575758
knn,5,2014-2015,137-1,teste_133.csv,1,2015-01-27,3,1,1,0.7272727272727273,133,0.5789473684210527
knn,5,2014-2015,138-1,teste_134.csv,1,2015-01-27,3,0,1,0.6363636363636364,134,0.5746268656716418
knn,5,2014-2015,139-1,teste_135.csv,1,2015-01-27,3,1,0,0.4444444444444444,135,0.5703703703703704
knn,5,2014-2015,140-1,teste_136.csv,1,2015-01-27,3,1,1,0.6,136,0.5735294117647058
knn,5,2014-2015,141-1,teste_137.csv,1,2015-01-28,3,1,1,0.6666666666666666,137,0.5766423357664233
knn,5,2014-2015,142-1,teste_138.csv,1,2015-01-28,3,1,1,0.7777777777777778,138,0.5797101449275363
knn,5,2014-2015,143-1,teste_139.csv,1,2015-01-29,4,0,0,0.4545454545454545,139,0.5827338129496403
knn,5,2014-2015,144-1,teste_140.csv,1,2015-01-29,4,0,1,0.6666666666666666,140,0.5785714285714286
knn,5,2014-2015,145-1,teste_141.csv,1,2015-01-29,4,1,1,0.7777777777777778,141,0.5815602836879432
knn,5,2014-2015,146-1,teste_142.csv,1,2015-01-29,4,1,1,0.6666666666666666,142,0.5845070422535211
knn,5,2014-2015,147-1,teste_143.csv,1,2015-01-30,4,1,0,0.4444444444444444,143,0.5804195804195804
knn,5,2014-2015,148-1,teste_144.csv,1,2015-01-30,4,1,1,0.8888888888888888,144,0.5833333333333334
knn,5,2014-2015,149-1,teste_145.csv,1,2015-01-30,4,1,1,0.5555555555555556,145,0.5862068965517241
knn,5,2014-2015,150-1,teste_146.csv,1,2015-02-03,5,1,1,0.6666666666666666,146,0.589041095890411
knn,5,2014-2015,151-1,teste_147.csv,1,2015-02-03,5,1,1,0.5454545454545454,147,0.5918367346938775
knn,5,2014-2015,152-1,teste_148.csv,1,2015-02-03,5,1,0,0.4545454545454545,148,0.5878378378378378
knn,5,2014-2015,153-1,teste_149.csv,1,2015-02-04,5,1,1,0.6363636363636364,149,0.5906040268456376
knn,5,2014-2015,154-1,teste_150.csv,1,2015-02-04,5,1,1,0.7777777777777778,150,0.5933333333333334
knn,5,2014-2015,155-1,teste_151.csv,1,2015-02-04,5,0,1,0.6666666666666666,151,0.5894039735099338
knn,5,2014-2015,156-1,teste_152.csv,1,2015-02-04,5,1,1,0.6666666666666666,152,0.5921052631578947
knn,5,2014-2015,157-1,teste_153.csv,1,2015-02-05,6,0,1,0.6666666666666666,153,0.5882352941176471
knn,5,2014-2015,158-1,teste_154.csv,1,2015-02-05,6,1,1,0.5555555555555556,154,0.5909090909090909
knn,5,2014-2015,159-1,teste_155.csv,1,2015-02-05,6,1,1,0.6666666666666666,155,0.5935483870967742
knn,5,2014-2015,160-1,teste_156.csv,1,2015-02-06,6,0,1,0.7777777777777778,156,0.5897435897435898
knn,5,2014-2015,161-1,teste_157.csv,1,2015-02-06,6,1,1,0.8888888888888888,157,0.5923566878980892
knn,5,2014-2015,162-1,teste_158.csv,1,2015-02-06,6,1,1,0.8888888888888888,158,0.5949367088607594
knn,5,2014-2015,163-1,teste_159.csv,1,2015-02-06,6,1,1,0.6363636363636364,159,0.5974842767295597
knn,5,2014-2015,164-1,teste_160.csv,1,2015-02-08,3,0,1,0.6363636363636364,160,0.59375
knn,5,2014-2015,165-1,teste_161.csv,1,2015-02-10,7,0,1,0.6363636363636364,161,0.5900621118012422
knn,5,2014-2015,166-1,teste_162.csv,1,2015-02-10,7,1,1,0.6666666666666666,162,0.5925925925925926
knn,5,2014-2015,167-1,teste_163.csv,1,2015-02-10,7,0,0,0.4444444444444444,163,0.5950920245398773
knn,5,2014-2015,168-1,teste_164.csv,1,2015-02-10,7,0,1,0.7777777777777778,164,0.5914634146341463
knn,5,2014-2015,169-1,teste_165.csv,1,2015-02-11,7,0,1,0.6666666666666666,165,0.5878787878787879
knn,5,2014-2015,170-1,teste_166.csv,1,2015-02-11,7,0,1,0.7777777777777778,166,0.5843373493975904
knn,5,2014-2015,171-1,teste_167.csv,1,2015-02-11,7,1,1,0.7272727272727273,167,0.5868263473053892
knn,5,2014-2015,172-1,teste_168.csv,1,2015-02-12,8,1,1,0.6363636363636364,168,0.5892857142857143
knn,5,2014-2015,173-1,teste_169.csv,1,2015-02-12,8,0,0,0.3333333333333333,169,0.591715976331361
knn,5,2014-2015,174-1,teste_170.csv,1,2015-02-12,8,1,0,0.3333333333333333,170,0.5882352941176471
knn,5,2014-2015,175-1,teste_171.csv,1,2015-02-12,8,0,0,0.4444444444444444,171,0.5906432748538012
knn,5,2014-2015,176-1,teste_172.csv,1,2015-02-13,8,1,1,0.8888888888888888,172,0.5930232558139535
knn,5,2014-2015,177-1,teste_173.csv,1,2015-02-13,8,1,1,0.7272727272727273,173,0.5953757225433526
knn,5,2014-2015,178-1,teste_174.csv,1,2015-02-13,8,1,1,0.6363636363636364,174,0.5977011494252874
knn,5,2014-2015,179-1,teste_175.csv,1,2015-02-13,8,0,1,0.8181818181818182,175,0.5942857142857143
knn,5,2014-2015,180-1,teste_176.csv,1,2015-02-15,7,1,1,0.8181818181818182,176,0.5965909090909091
knn,5,2014-2015,181-1,teste_177.csv,1,2015-02-20,4,0,1,0.6363636363636364,177,0.5932203389830508
knn,5,2014-2015,182-1,teste_178.csv,1,2015-02-23,11,1,1,0.9090909090909092,178,0.5955056179775281
knn,5,2014-2015,183-1,teste_179.csv,1,2015-02-24,9,1,1,0.6363636363636364,179,0.5977653631284916
knn,5,2014-2015,184-1,teste_180.csv,1,2015-02-24,9,1,1,0.6363636363636364,180,0.6
knn,5,2014-2015,185-1,teste_181.csv,1,2015-02-24,9,1,1,0.8888888888888888,181,0.6022099447513812
knn,5,2014-2015,186-1,teste_182.csv,1,2015-02-25,9,1,1,0.5454545454545454,182,0.6043956043956044
knn,5,2014-2015,187-1,teste_183.csv,1,2015-02-25,9,1,1,0.8181818181818182,183,0.6065573770491803
knn,5,2014-2015,188-1,teste_184.csv,1,2015-02-26,10,1,1,0.8181818181818182,184,0.6086956521739131
knn,5,2014-2015,189-1,teste_185.csv,1,2015-02-26,10,1,1,0.5555555555555556,185,0.6108108108108108
knn,5,2014-2015,190-1,teste_186.csv,1,2015-02-26,10,0,1,0.5714285714285714,186,0.6075268817204301
knn,5,2014-2015,191-1,teste_187.csv,1,2015-02-26,10,1,1,0.8888888888888888,187,0.6096256684491979
knn,5,2014-2015,192-1,teste_188.csv,1,2015-02-27,10,0,1,0.6666666666666666,188,0.6063829787234043
knn,5,2014-2015,193-1,teste_189.csv,1,2015-02-27,10,1,1,0.7272727272727273,189,0.6084656084656085
knn,5,2014-2015,194-1,teste_190.csv,1,2015-02-28,9,1,1,0.8181818181818182,190,0.6105263157894737
knn,5,2014-2015,195-1,teste_191.csv,1,2015-03-02,6,0,0,0.4545454545454545,191,0.612565445026178
knn,5,2014-2015,196-1,teste_192.csv,1,2015-03-13,11,0,1,0.7272727272727273,192,0.609375
knn,5,2014-2015,197-1,teste_193.csv,1,2015-03-13,11,1,1,0.8181818181818182,193,0.6113989637305699
knn,5,2014-2015,198-1,teste_194.csv,1,2015-03-13,11,0,1,0.5454545454545454,194,0.6082474226804123
knn,5,2014-2015,199-1,teste_195.csv,1,2015-03-13,11,1,1,0.5480779241219979,195,0.6102564102564103
knn,5,2014-2015,200-1,teste_196.csv,1,2015-03-13,11,1,0,0.4660739462830109,196,0.6071428571428571
knn,5,2014-2015,201-1,teste_197.csv,1,2015-03-13,11,0,0,0.4186930731852277,197,0.6091370558375635
knn,5,2014-2015,202-1,teste_198.csv,1,2015-03-17,12,0,0,0.4194695825519672,198,0.6111111111111112
knn,5,2014-2015,203-1,teste_199.csv,1,2015-03-17,12,1,1,0.8181818181818182,199,0.6130653266331658
knn,5,2014-2015,204-1,teste_200.csv,1,2015-03-17,12,0,1,0.6363636363636364,200,0.61
knn,5,2014-2015,205-1,teste_201.csv,1,2015-03-18,12,0,1,0.8888888888888888,201,0.6069651741293532
knn,5,2014-2015,206-1,teste_202.csv,1,2015-03-18,12,1,1,0.8888888888888888,202,0.6089108910891089
knn,5,2014-2015,207-1,teste_203.csv,1,2015-03-18,12,1,1,0.9090909090909092,203,0.6108374384236454
knn,5,2014-2015,208-1,teste_204.csv,1,2015-03-19,13,0,0,0.2727272727272727,204,0.6127450980392157
knn,5,2014-2015,209-1,teste_205.csv,1,2015-03-19,13,1,1,0.8181818181818182,205,0.6146341463414634
knn,5,2014-2015,210-1,teste_206.csv,1,2015-03-19,13,1,0,0.2727272727272727,206,0.6116504854368932
knn,5,2014-2015,211-1,teste_207.csv,1,2015-03-19,13,1,1,0.9090909090909092,207,0.6135265700483091
knn,5,2014-2015,212-1,teste_208.csv,1,2015-03-20,13,1,1,0.6363636363636364,208,0.6153846153846154
knn,5,2014-2015,213-1,teste_209.csv,1,2015-03-20,13,1,1,0.7777777777777778,209,0.6172248803827751
knn,5,2014-2015,214-1,teste_210.csv,1,2015-03-20,13,1,1,0.8888888888888888,210,0.6190476190476191
knn,5,2014-2015,215-1,teste_211.csv,1,2015-03-20,13,0,0,0.3333333333333333,211,0.6208530805687204
knn,5,2014-2015,216-1,teste_212.csv,1,2015-03-21,12,0,1,0.8888888888888888,212,0.6179245283018868
knn,5,2014-2015,217-1,teste_213.csv,1,2015-03-24,11,1,1,0.8888888888888888,213,0.6197183098591549
knn,5,2014-2015,218-1,teste_214.csv,1,2015-03-25,9,0,0,0.4444444444444444,214,0.6214953271028038
knn,5,2014-2015,219-1,teste_215.csv,1,2015-03-25,9,1,1,0.6666666666666666,215,0.6232558139534884
knn,5,2014-2015,221-1,teste_217.csv,1,2015-03-27,10,0,0,0.4444444444444444,216,0.625
knn,5,2014-2015,220-1,teste_216.csv,1,2015-03-27,12,0,0,0.3333333333333333,217,0.6267281105990783
knn,5,2014-2015,222-1,teste_218.csv,1,2015-03-28,10,1,1,1.0,218,0.6284403669724771
knn,5,2014-2015,223-1,teste_219.csv,1,2015-03-31,14,1,1,0.7777777777777778,219,0.6301369863013698
knn,5,2014-2015,224-1,teste_220.csv,1,2015-04-01,14,1,1,1.0,220,0.6318181818181818
knn,5,2014-2015,225-1,teste_221.csv,1,2015-04-01,14,0,1,0.5555555555555556,221,0.6289592760180995
knn,5,2014-2015,226-1,teste_222.csv,1,2015-04-01,14,1,1,0.5555555555555556,222,0.6306306306306306
knn,5,2014-2015,227-1,teste_223.csv,1,2015-04-01,14,1,1,0.7777777777777778,223,0.6322869955156951
knn,5,2014-2015,228-1,teste_224.csv,1,2015-04-01,14,1,1,0.6666666666666666,224,0.6339285714285714
knn,5,2014-2015,229-1,teste_225.csv,1,2015-04-01,14,0,1,0.5321635213974328,225,0.6311111111111111
knn,5,2014-2015,230-1,teste_226.csv,1,2015-04-01,14,0,0,0.327107362338359,226,0.6327433628318584
knn,5,2014-2015,231-1,teste_227.csv,1,2015-04-03,15,0,1,0.6363636363636364,227,0.6299559471365639
knn,5,2014-2015,232-1,teste_228.csv,1,2015-04-03,15,1,1,0.9090909090909092,228,0.631578947368421
knn,5,2014-2015,233-1,teste_229.csv,1,2015-04-03,15,1,1,0.6564536135575166,229,0.6331877729257642
knn,5,2014-2015,234-1,teste_230.csv,1,2015-04-03,15,1,1,0.8228368345017455,230,0.6347826086956522
knn,5,2014-2015,235-1,teste_231.csv,1,2015-04-03,15,0,1,0.7343249470369745,231,0.6320346320346321
knn,5,2014-2015,236-1,teste_232.csv,1,2015-04-03,15,1,1,0.9090909090909092,232,0.6336206896551724
knn,5,2014-2015,237-1,teste_233.csv,1,2015-04-03,15,0,0,0.3325751543627462,233,0.6351931330472103
knn,5,2014-2015,238-1,teste_234.csv,1,2015-04-03,15,1,0,0.2415640615039073,234,0.6324786324786325
knn,5,2014-2015,239-1,teste_235.csv,1,2015-04-07,1,0,1,0.7272727272727273,235,0.6297872340425532
knn,5,2014-2015,240-1,teste_236.csv,1,2015-04-08,1,1,0,0.4545454545454545,236,0.6271186440677966
knn,5,2014-2015,241-1,teste_237.csv,1,2015-04-09,1,0,1,0.7272727272727273,237,0.6244725738396625
knn,5,2014-2015,242-1,teste_238.csv,1,2015-04-09,2,1,1,0.6363636363636364,238,0.6260504201680672
knn,5,2014-2015,243-1,teste_239.csv,1,2015-04-10,1,1,0,0.4,239,0.6234309623430963
knn,5,2014-2015,244-1,teste_240.csv,1,2015-04-10,2,1,1,0.6769830332896531,240,0.625
knn,5,2014-2015,245-1,teste_241.csv,1,2015-04-11,2,1,1,0.8,241,0.6265560165975104
knn,5,2014-2015,246-1,teste_242.csv,1,2015-04-12,2,0,1,0.6,242,0.6239669421487604
knn,5,2014-2015,247-1,teste_243.csv,1,2015-04-13,3,1,1,0.6,243,0.6255144032921811
knn,5,2014-2015,248-1,teste_244.csv,1,2015-04-14,3,1,1,0.6,244,0.6270491803278688
knn,5,2014-2015,249-1,teste_245.csv,1,2015-04-14,3,1,0,0.4,245,0.6244897959183674
knn,5,2014-2015,250-1,teste_246.csv,1,2015-04-15,3,1,1,0.6,246,0.6260162601626016
knn,5,2014-2015,251-1,teste_247.csv,1,2015-04-15,4,1,1,0.8323083740651022,247,0.6275303643724697
knn,5,2014-2015,252-1,teste_248.csv,1,2015-04-16,4,1,1,0.5059497180363022,248,0.6290322580645161
knn,5,2014-2015,253-1,teste_249.csv,1,2015-04-16,4,1,1,0.8,249,0.6305220883534136
knn,5,2014-2015,254-1,teste_250.csv,1,2015-04-17,4,1,1,0.6,250,0.632
knn,5,2014-2015,255-1,teste_251.csv,1,2015-04-19,5,1,1,0.8,251,0.6334661354581673
knn,5,2014-2015,256-1,teste_252.csv,1,2015-04-22,1,1,1,0.6,252,0.6349206349206349
knn,5,2014-2015,257-1,teste_253.csv,1,2015-04-23,1,1,1,0.7142857142857143,253,0.6363636363636364
knn,5,2014-2015,258-1,teste_254.csv,1,2015-04-23,1,1,1,0.5714285714285714,254,0.6377952755905512
knn,5,2014-2015,259-1,teste_255.csv,1,2015-04-24,1,1,1,0.8571428571428571,255,0.6392156862745098
knn,5,2014-2015,260-1,teste_256.csv,1,2015-04-24,2,0,1,0.7142857142857143,256,0.63671875
knn,5,2014-2015,261-1,teste_257.csv,1,2015-04-25,2,0,1,0.7142857142857143,257,0.6342412451361867
knn,5,2014-2015,262-1,teste_258.csv,1,2015-04-25,2,0,1,0.8571428571428571,258,0.6317829457364341
knn,5,2014-2015,263-1,teste_259.csv,1,2015-04-26,2,0,1,0.7142857142857143,259,0.6293436293436293
knn,5,2014-2015,264-1,teste_260.csv,1,2015-04-27,3,0,1,0.8571428571428571,260,0.6269230769230769
knn,5,2014-2015,265-1,teste_261.csv,1,2015-04-28,3,0,0,0.2857142857142857,261,0.6283524904214559
knn,5,2014-2015,267-1,teste_263.csv,1,2015-04-29,3,1,1,0.7142857142857143,262,0.6297709923664122
knn,5,2014-2015,266-1,teste_262.csv,1,2015-04-29,4,0,1,0.8571428571428571,263,0.6273764258555133
knn,5,2014-2015,269-1,teste_265.csv,1,2015-04-30,3,0,0,0.4285714285714285,264,0.6287878787878788
knn,5,2014-2015,268-1,teste_264.csv,1,2015-04-30,4,1,0,0.2857142857142857,265,0.6264150943396226
knn,5,2014-2015,270-1,teste_266.csv,1,2015-05-01,4,0,1,0.7142857142857143,266,0.6240601503759399
knn,5,2014-2015,271-1,teste_267.csv,1,2015-05-02,4,1,0,0.1428571428571428,267,0.6217228464419475
knn,5,2014-2015,272-1,teste_268.csv,1,2015-05-04,5,1,1,0.7142857142857143,268,0.6231343283582089
knn,5,2014-2015,273-1,teste_269.csv,1,2015-05-05,5,1,0,0.4545454545454545,269,0.620817843866171
knn,5,2014-2015,274-1,teste_270.csv,1,2015-05-05,5,1,1,0.5454545454545454,270,0.6222222222222222
knn,5,2014-2015,275-1,teste_271.csv,1,2015-05-09,1,0,1,0.5454545454545454,271,0.6199261992619927
knn,5,2014-2015,276-1,teste_272.csv,1,2015-05-10,1,0,1,0.5454545454545454,272,0.6176470588235294
knn,5,2014-2015,277-1,teste_273.csv,1,2015-05-11,2,0,1,0.5454545454545454,273,0.6153846153846154
knn,5,2014-2015,278-1,teste_274.csv,1,2015-05-12,2,1,1,0.5454545454545454,274,0.6167883211678832
knn,5,2014-2015,279-1,teste_275.csv,1,2015-05-14,3,1,1,0.7272727272727273,275,0.6181818181818182
knn,5,2014-2015,280-1,teste_276.csv,1,2015-05-15,3,1,1,0.5454545454545454,276,0.6195652173913043
knn,5,2014-2015,281-1,teste_277.csv,1,2015-05-17,4,0,1,0.6363636363636364,277,0.6173285198555957
knn,5,2014-2015,282-1,teste_278.csv,1,2015-05-20,5,1,1,0.6363636363636364,278,0.6187050359712231
knn,5,2014-2015,283-1,teste_279.csv,1,2015-05-26,1,1,1,0.7142857142857143,279,0.6200716845878136
knn,5,2015-2016,5-1,teste_1.csv,1,2015-11-04,1,1,1,1.0,1,1.0
knn,5,2015-2016,6-1,teste_2.csv,1,2015-11-04,1,0,1,1.0,2,0.5
knn,5,2015-2016,7-1,teste_3.csv,1,2015-11-05,2,1,1,1.0,3,0.6666666666666666
knn,5,2015-2016,8-1,teste_4.csv,1,2015-11-05,2,0,1,1.0,4,0.5
knn,5,2015-2016,9-1,teste_5.csv,1,2015-11-05,2,0,1,0.6666666666666666,5,0.4
knn,5,2015-2016,10-1,teste_6.csv,1,2015-11-06,2,0,0,0.3333333333333333,6,0.5
knn,5,2015-2016,11-1,teste_7.csv,1,2015-11-06,2,0,0,0.3962514416698356,7,0.5714285714285714
knn,5,2015-2016,12-1,teste_8.csv,1,2015-11-06,2,0,0,0.2978595424959784,8,0.625
knn,5,2015-2016,13-1,teste_9.csv,1,2015-11-06,2,0,0,0.3333333333333333,9,0.6666666666666666
knn,5,2015-2016,14-1,teste_10.csv,1,2015-11-10,3,0,0,0.1503727958205523,10,0.7
knn,5,2015-2016,15-1,teste_11.csv,1,2015-11-10,3,1,0,0.2044924365263952,11,0.6363636363636364
knn,5,2015-2016,16-1,teste_12.csv,1,2015-11-10,3,0,0,0.280511494872775,12,0.6666666666666666
knn,5,2015-2016,17-1,teste_13.csv,1,2015-11-11,3,1,0,0.2931084518136948,13,0.6153846153846154
knn,5,2015-2016,18-1,teste_14.csv,1,2015-11-11,3,1,1,0.6669058460548786,14,0.6428571428571429
knn,5,2015-2016,19-1,teste_15.csv,1,2015-11-11,3,1,0,0.4,15,0.6
knn,5,2015-2016,20-1,teste_16.csv,1,2015-11-12,4,0,1,0.6666666666666666,16,0.5625
knn,5,2015-2016,21-1,teste_17.csv,1,2015-11-12,4,1,0,0.4,17,0.5294117647058824
knn,5,2015-2016,22-1,teste_18.csv,1,2015-11-12,4,0,1,0.6,18,0.5
knn,5,2015-2016,23-1,teste_19.csv,1,2015-11-13,4,1,1,0.6666666666666666,19,0.5263157894736842
knn,5,2015-2016,24-1,teste_20.csv,1,2015-11-13,4,0,1,1.0,20,0.5
knn,5,2015-2016,25-1,teste_21.csv,1,2015-11-13,4,1,0,0.3333333333333333,21,0.4761904761904761
knn,5,2015-2016,26-1,teste_22.csv,1,2015-11-17,5,1,1,0.6666666666666666,22,0.5
knn,5,2015-2016,27-1,teste_23.csv,1,2015-11-17,5,0,1,0.6666666666666666,23,0.4782608695652174
knn,5,2015-2016,28-1,teste_24.csv,1,2015-11-17,5,1,1,0.6666666666666666,24,0.5
knn,5,2015-2016,29-1,teste_25.csv,1,2015-11-18,5,1,1,0.8,25,0.52
knn,5,2015-2016,30-1,teste_26.csv,1,2015-11-18,5,0,1,0.8,26,0.5
knn,5,2015-2016,31-1,teste_27.csv,1,2015-11-18,5,0,1,1.0,27,0.4814814814814814
knn,5,2015-2016,32-1,teste_28.csv,1,2015-11-19,6,0,1,0.6,28,0.4642857142857143
knn,5,2015-2016,33-1,teste_29.csv,1,2015-11-19,6,1,0,0.3290282953801044,29,0.4482758620689655
knn,5,2015-2016,34-1,teste_30.csv,1,2015-11-20,6,1,1,0.6666666666666666,30,0.4666666666666667
knn,5,2015-2016,35-1,teste_31.csv,1,2015-11-20,6,1,1,0.7142857142857143,31,0.4838709677419355
knn,5,2015-2016,36-1,teste_32.csv,1,2015-11-20,6,1,1,0.6,32,0.5
knn,5,2015-2016,37-1,teste_33.csv,1,2015-11-25,4,0,0,0.4,33,0.5151515151515151
knn,5,2015-2016,38-1,teste_34.csv,1,2015-11-27,3,0,1,0.5726801283996474,34,0.5
knn,5,2015-2016,39-1,teste_35.csv,1,2015-11-27,6,1,1,0.6666666666666666,35,0.5142857142857142
knn,5,2015-2016,40-1,teste_36.csv,1,2015-11-28,5,1,1,0.6,36,0.5277777777777778
knn,5,2015-2016,41-1,teste_37.csv,1,2015-11-30,6,0,0,0.4,37,0.5405405405405406
knn,5,2015-2016,42-1,teste_38.csv,1,2015-12-01,7,0,1,0.6,38,0.5263157894736842
knn,5,2015-2016,43-1,teste_39.csv,1,2015-12-01,7,0,1,0.6666666666666666,39,0.5128205128205128
knn,5,2015-2016,44-1,teste_40.csv,1,2015-12-01,7,1,1,1.0,40,0.525
knn,5,2015-2016,45-1,teste_41.csv,1,2015-12-02,7,1,1,0.6666666666666666,41,0.5365853658536586
knn,5,2015-2016,46-1,teste_42.csv,1,2015-12-02,7,1,1,0.6666666666666666,42,0.5476190476190477
knn,5,2015-2016,47-1,teste_43.csv,1,2015-12-02,7,0,1,1.0,43,0.5348837209302325
knn,5,2015-2016,48-1,teste_44.csv,1,2015-12-03,8,1,1,0.6666666666666666,44,0.5454545454545454
knn,5,2015-2016,49-1,teste_45.csv,1,2015-12-03,8,1,1,0.6,45,0.5555555555555556
knn,5,2015-2016,50-1,teste_46.csv,1,2015-12-03,8,0,1,0.8571428571428571,46,0.5434782608695652
knn,5,2015-2016,51-1,teste_47.csv,1,2015-12-04,8,1,1,0.8,47,0.5531914893617021
knn,5,2015-2016,52-1,teste_48.csv,1,2015-12-04,8,1,1,0.7272727272727273,48,0.5625
knn,5,2015-2016,53-1,teste_49.csv,1,2015-12-05,8,1,0,0.4,49,0.5510204081632653
knn,5,2015-2016,54-1,teste_50.csv,1,2015-12-08,9,1,1,0.6,50,0.56
knn,5,2015-2016,55-1,teste_51.csv,1,2015-12-08,9,1,1,1.0,51,0.5686274509803921
knn,5,2015-2016,56-1,teste_52.csv,1,2015-12-08,9,1,0,0.4,52,0.5576923076923077
knn,5,2015-2016,57-1,teste_53.csv,1,2015-12-09,9,1,1,0.7142857142857143,53,0.5660377358490566
knn,5,2015-2016,58-1,teste_54.csv,1,2015-12-09,9,1,0,0.4285714285714285,54,0.5555555555555556
knn,5,2015-2016,59-1,teste_55.csv,1,2015-12-09,9,0,1,0.8888888888888888,55,0.5454545454545454
knn,5,2015-2016,60-1,teste_56.csv,1,2015-12-10,10,0,1,0.6666666666666666,56,0.5357142857142857
knn,5,2015-2016,61-1,teste_57.csv,1,2015-12-10,10,0,1,0.6666666666666666,57,0.5263157894736842
knn,5,2015-2016,62-1,teste_58.csv,1,2015-12-10,10,1,1,0.7777777777777778,58,0.5344827586206896
knn,5,2015-2016,63-1,teste_59.csv,1,2015-12-11,10,1,1,1.0,59,0.5423728813559322
knn,5,2015-2016,64-1,teste_60.csv,1,2015-12-11,10,1,1,0.6666666666666666,60,0.55
knn,5,2015-2016,65-1,teste_61.csv,1,2015-12-12,10,0,1,0.6363636363636364,61,0.5409836065573771
knn,5,2015-2016,66-1,teste_62.csv,1,2015-12-15,11,0,1,0.5555555555555556,62,0.532258064516129
knn,5,2015-2016,67-1,teste_63.csv,1,2015-12-15,11,0,0,0.4,63,0.5396825396825397
knn,5,2015-2016,68-1,teste_64.csv,1,2015-12-15,11,1,1,0.9090909090909092,64,0.546875
knn,5,2015-2016,69-1,teste_65.csv,1,2015-12-15,11,1,1,0.7272727272727273,65,0.5538461538461539
knn,5,2015-2016,70-1,teste_66.csv,1,2015-12-15,11,1,0,0.3636363636363636,66,0.5454545454545454
knn,5,2015-2016,71-1,teste_67.csv,1,2015-12-15,11,1,1,0.8,67,0.5522388059701493
knn,5,2015-2016,72-1,teste_68.csv,1,2015-12-15,11,1,0,0.2,68,0.5441176470588235
knn,5,2015-2016,73-1,teste_69.csv,1,2015-12-17,12,1,1,0.8,69,0.5507246376811594
knn,5,2015-2016,74-1,teste_70.csv,1,2015-12-17,12,0,1,0.6,70,0.5428571428571428
knn,5,2015-2016,75-1,teste_71.csv,1,2015-12-17,12,1,1,0.8,71,0.5492957746478874
knn,5,2015-2016,76-1,teste_72.csv,1,2015-12-17,12,1,1,1.0,72,0.5555555555555556
knn,5,2015-2016,77-1,teste_73.csv,1,2015-12-17,12,1,1,0.6,73,0.5616438356164384
knn,5,2015-2016,78-1,teste_74.csv,1,2015-12-17,12,0,0,0.4,74,0.5675675675675675
knn,5,2015-2016,79-1,teste_75.csv,1,2015-12-17,12,0,1,1.0,75,0.56
knn,5,2015-2016,80-1,teste_76.csv,1,2015-12-19,13,1,0,0.3333333333333333,76,0.5526315789473685
knn,5,2015-2016,81-1,teste_77.csv,1,2015-12-20,13,0,1,0.5555555555555556,77,0.5454545454545454
knn,5,2015-2016,82-1,teste_78.csv,1,2015-12-20,13,1,1,1.0,78,0.5512820512820513
knn,5,2015-2016,83-1,teste_79.csv,1,2015-12-20,13,1,1,1.0,79,0.5569620253164557
knn,5,2015-2016,84-1,teste_80.csv,1,2015-12-20,13,0,1,0.5714285714285714,80,0.55
knn,5,2015-2016,85-1,teste_81.csv,1,2015-12-20,13,0,1,0.6363636363636364,81,0.5432098765432098
knn,5,2015-2016,86-1,teste_82.csv,1,2015-12-20,13,1,0,0.3333333333333333,82,0.5365853658536586
knn,5,2015-2016,87-1,teste_83.csv,1,2015-12-22,14,0,1,0.8181818181818182,83,0.5301204819277109
knn,5,2015-2016,88-1,teste_84.csv,1,2015-12-22,14,1,1,0.6666666666666666,84,0.5357142857142857
knn,5,2015-2016,89-1,teste_85.csv,1,2015-12-22,14,1,0,0.3333333333333333,85,0.5294117647058824
knn,5,2015-2016,90-1,teste_86.csv,1,2015-12-22,14,1,1,1.0,86,0.5348837209302325
knn,5,2015-2016,91-1,teste_87.csv,1,2015-12-22,14,1,0,0.3333333333333333,87,0.5287356321839081
knn,5,2015-2016,92-1,teste_88.csv,1,2015-12-22,14,1,1,1.0,88,0.5340909090909091
knn,5,2015-2016,93-1,teste_89.csv,1,2015-12-22,14,0,1,0.6666666666666666,89,0.5280898876404494
knn,5,2015-2016,94-1,teste_90.csv,1,2016-01-08,15,0,1,0.6666666666666666,90,0.5222222222222223
knn,5,2015-2016,95-1,teste_91.csv,1,2016-01-08,15,1,1,0.6666666666666666,91,0.5274725274725275
knn,5,2015-2016,96-1,teste_92.csv,1,2016-01-08,15,0,1,0.6666666666666666,92,0.5217391304347826
knn,5,2015-2016,97-1,teste_93.csv,1,2016-01-08,15,1,1,1.0,93,0.5268817204301075
knn,5,2015-2016,98-1,teste_94.csv,1,2016-01-08,15,1,1,1.0,94,0.5319148936170213
knn,5,2015-2016,99-1,teste_95.csv,1,2016-01-08,15,0,0,0.3333333333333333,95,0.5368421052631579
knn,5,2015-2016,100-1,teste_96.csv,1,2016-01-09,15,1,0,0.3333333333333333,96,0.53125
knn,5,2015-2016,101-1,teste_97.csv,1,2016-01-12,1,0,0,0.1818181818181818,97,0.5360824742268041
knn,5,2015-2016,102-1,teste_98.csv,1,2016-01-12,1,1,1,0.6666666666666666,98,0.5408163265306123
knn,5,2015-2016,103-1,teste_99.csv,1,2016-01-12,1,1,0,0.3333333333333333,99,0.5353535353535354
knn,5,2015-2016,104-1,teste_100.csv,1,2016-01-13,1,0,0,0.3333333333333333,100,0.54
knn,5,2015-2016,105-1,teste_101.csv,1,2016-01-13,1,1,1,0.6666666666666666,101,0.5445544554455446
knn,5,2015-2016,106-1,teste_102.csv,1,2016-01-13,1,1,1,0.5714285714285714,102,0.5490196078431373
knn,5,2015-2016,107-1,teste_103.csv,1,2016-01-14,2,1,1,0.6666666666666666,103,0.5533980582524272
knn,5,2015-2016,108-1,teste_104.csv,1,2016-01-14,2,0,1,0.7272727272727273,104,0.5480769230769231
knn,5,2015-2016,109-1,teste_105.csv,1,2016-01-14,2,1,1,0.8,105,0.5523809523809524
knn,5,2015-2016,110-1,teste_106.csv,1,2016-01-15,2,0,1,0.8,106,0.5471698113207547
knn,5,2015-2016,111-1,teste_107.csv,1,2016-01-15,2,0,1,0.6,107,0.5420560747663551
knn,5,2015-2016,112-1,teste_108.csv,1,2016-01-16,2,1,1,0.8,108,0.5462962962962963
knn,5,2015-2016,113-1,teste_109.csv,1,2016-01-17,9,0,1,0.6,109,0.5412844036697247
knn,5,2015-2016,114-1,teste_110.csv,1,2016-01-19,10,0,1,0.6666666666666666,110,0.5363636363636364
knn,5,2015-2016,115-1,teste_111.csv,1,2016-01-20,4,0,0,0.2857142857142857,111,0.5405405405405406
knn,5,2015-2016,116-1,teste_112.csv,1,2016-01-22,8,1,1,0.5714285714285714,112,0.5446428571428571
knn,5,2015-2016,117-1,teste_113.csv,1,2016-01-23,3,1,0,0.4285714285714285,113,0.5398230088495575
knn,5,2015-2016,118-1,teste_114.csv,1,2016-01-23,5,1,1,0.7142857142857143,114,0.543859649122807
knn,5,2015-2016,119-1,teste_115.csv,1,2016-01-24,7,1,1,0.8,115,0.5478260869565217
knn,5,2015-2016,120-1,teste_116.csv,1,2016-01-26,3,1,0,0.4285714285714285,116,0.5431034482758621
knn,5,2015-2016,121-1,teste_117.csv,1,2016-01-26,3,0,1,1.0,117,0.5384615384615384
knn,5,2015-2016,122-1,teste_118.csv,1,2016-01-27,3,1,1,0.6,118,0.5423728813559322
knn,5,2015-2016,123-1,teste_119.csv,1,2016-01-27,3,1,1,0.8571428571428571,119,0.5462184873949579
knn,5,2015-2016,124-1,teste_120.csv,1,2016-01-27,3,0,1,0.5714285714285714,120,0.5416666666666666
knn,5,2015-2016,125-1,teste_121.csv,1,2016-01-28,4,0,1,0.8,121,0.5371900826446281
knn,5,2015-2016,126-1,teste_122.csv,1,2016-01-29,4,0,1,0.6,122,0.5327868852459017
knn,5,2015-2016,127-1,teste_123.csv,1,2016-01-29,4,0,0,0.2,123,0.5365853658536586
knn,5,2015-2016,128-1,teste_124.csv,1,2016-01-29,4,1,1,0.6,124,0.5403225806451613
knn,5,2015-2016,129-1,teste_125.csv,1,2016-01-29,4,0,1,0.5714285714285714,125,0.536
knn,5,2015-2016,130-1,teste_126.csv,1,2016-01-30,4,1,1,0.5714285714285714,126,0.5396825396825397
knn,5,2015-2016,131-1,teste_127.csv,1,2016-01-31,3,1,1,0.6,127,0.5433070866141733
knn,5,2015-2016,132-1,teste_128.csv,1,2016-02-02,5,0,0,0.4,128,0.546875
knn,5,2015-2016,133-1,teste_129.csv,1,2016-02-02,5,1,1,0.6,129,0.5503875968992248
knn,5,2015-2016,134-1,teste_130.csv,1,2016-02-03,5,0,0,0.4,130,0.5538461538461539
knn,5,2015-2016,135-1,teste_131.csv,1,2016-02-03,5,1,0,0.4285714285714285,131,0.549618320610687
knn,5,2015-2016,136-1,teste_132.csv,1,2016-02-03,5,0,0,0.4285714285714285,132,0.553030303030303
knn,5,2015-2016,137-1,teste_133.csv,1,2016-02-04,6,0,0,0.4285714285714285,133,0.556390977443609
knn,5,2015-2016,138-1,teste_134.csv,1,2016-02-04,6,1,1,0.5714285714285714,134,0.5597014925373134
knn,5,2015-2016,139-1,teste_135.csv,1,2016-02-04,6,1,1,0.7142857142857143,135,0.562962962962963
knn,5,2015-2016,140-1,teste_136.csv,1,2016-02-05,6,0,1,0.7142857142857143,136,0.5588235294117647
knn,5,2015-2016,141-1,teste_137.csv,1,2016-02-05,6,0,1,0.5714285714285714,137,0.5547445255474452
knn,5,2015-2016,142-1,teste_138.csv,1,2016-02-06,6,0,0,0.2857142857142857,138,0.5579710144927537
knn,5,2015-2016,143-1,teste_139.csv,1,2016-02-12,2,1,1,0.5714285714285714,139,0.5611510791366906
knn,5,2015-2016,144-1,teste_140.csv,1,2016-02-12,5,0,1,0.5714285714285714,140,0.5571428571428572
knn,5,2015-2016,145-1,teste_141.csv,1,2016-02-13,7,0,1,0.5714285714285714,141,0.5531914893617021
knn,5,2015-2016,146-1,teste_142.csv,1,2016-02-14,1,1,0,0.2857142857142857,142,0.5492957746478874
knn,5,2015-2016,147-1,teste_143.csv,1,2016-02-14,6,1,1,0.8571428571428571,143,0.5524475524475524
knn,5,2015-2016,148-1,teste_144.csv,1,2016-02-16,7,1,1,0.5714285714285714,144,0.5555555555555556
knn,5,2015-2016,149-1,teste_145.csv,1,2016-02-16,7,1,1,0.7142857142857143,145,0.5586206896551724
knn,5,2015-2016,150-1,teste_146.csv,1,2016-02-17,7,0,0,0.4285714285714285,146,0.5616438356164384
knn,5,2015-2016,151-1,teste_147.csv,1,2016-02-17,7,1,0,0.2857142857142857,147,0.5578231292517006
knn,5,2015-2016,152-1,teste_148.csv,1,2016-02-18,7,0,0,0.2857142857142857,148,0.5608108108108109
knn,5,2015-2016,153-1,teste_149.csv,1,2016-02-18,8,0,0,0.4285714285714285,149,0.5637583892617449
knn,5,2015-2016,154-1,teste_150.csv,1,2016-02-18,8,0,1,0.5714285714285714,150,0.56
knn,5,2015-2016,155-1,teste_151.csv,1,2016-02-18,8,0,1,0.6,151,0.5562913907284768
knn,5,2015-2016,156-1,teste_152.csv,1,2016-02-19,8,0,0,0.4,152,0.5592105263157895
knn,5,2015-2016,157-1,teste_153.csv,1,2016-02-19,8,0,1,0.6,153,0.5555555555555556
knn,5,2015-2016,158-1,teste_154.csv,1,2016-02-20,8,1,1,0.8,154,0.5584415584415584
knn,5,2015-2016,159-1,teste_155.csv,1,2016-02-21,9,1,0,0.4,155,0.5548387096774193
knn,5,2015-2016,160-1,teste_156.csv,1,2016-02-22,14,0,0,0.2,156,0.5576923076923077
knn,5,2015-2016,161-1,teste_157.csv,1,2016-02-23,9,1,0,0.4,157,0.554140127388535
knn,5,2015-2016,162-1,teste_158.csv,1,2016-02-23,9,0,0,0.2,158,0.5569620253164557
knn,5,2015-2016,163-1,teste_159.csv,1,2016-02-24,9,0,0,0.0,159,0.559748427672956
knn,5,2015-2016,164-1,teste_160.csv,1,2016-02-24,9,0,0,0.4,160,0.5625
knn,5,2015-2016,165-1,teste_161.csv,1,2016-02-25,10,0,0,0.1111111111111111,161,0.5652173913043478
knn,5,2015-2016,166-1,teste_162.csv,1,2016-02-25,10,1,1,0.6666666666666666,162,0.5679012345679012
knn,5,2015-2016,167-1,teste_163.csv,1,2016-02-25,10,1,0,0.1111111111111111,163,0.5644171779141104
knn,5,2015-2016,168-1,teste_164.csv,1,2016-02-26,10,0,0,0.4444444444444444,164,0.5670731707317073
knn,5,2015-2016,169-1,teste_165.csv,1,2016-02-26,10,0,0,0.2222222222222222,165,0.5696969696969697
knn,5,2015-2016,170-1,teste_166.csv,1,2016-02-27,9,1,1,0.6,166,0.572289156626506
knn,5,2015-2016,171-1,teste_167.csv,1,2016-03-03,7,1,1,0.8,167,0.5748502994011976
knn,5,2015-2016,172-1,teste_168.csv,1,2016-03-03,11,1,1,0.6,168,0.5773809523809523
knn,5,2015-2016,173-1,teste_169.csv,1,2016-03-04,10,0,0,0.4,169,0.5798816568047337
knn,5,2015-2016,174-1,teste_170.csv,1,2016-03-05,8,1,0,0.4,170,0.5764705882352941
knn,5,2015-2016,175-1,teste_171.csv,1,2016-03-06,9,0,0,0.4,171,0.5789473684210527
knn,5,2015-2016,176-1,teste_172.csv,1,2016-03-09,11,1,0,0.4,172,0.5755813953488372
knn,5,2015-2016,177-1,teste_173.csv,1,2016-03-09,11,0,0,0.4,173,0.5780346820809249
knn,5,2015-2016,178-1,teste_174.csv,1,2016-03-09,11,0,0,0.2,174,0.5804597701149425
knn,5,2015-2016,179-1,teste_175.csv,1,2016-03-09,11,1,1,0.8571428571428571,175,0.5828571428571429
knn,5,2015-2016,180-1,teste_176.csv,1,2016-03-11,12,0,0,0.4285714285714285,176,0.5852272727272727
knn,5,2015-2016,181-1,teste_177.csv,1,2016-03-11,12,0,0,0.3636363636363636,177,0.5875706214689266
knn,5,2015-2016,182-1,teste_178.csv,1,2016-03-11,12,1,1,0.6363636363636364,178,0.5898876404494382
knn,5,2015-2016,183-1,teste_179.csv,1,2016-03-12,12,0,0,0.3636363636363636,179,0.5921787709497207
knn,5,2015-2016,184-1,teste_180.csv,1,2016-03-13,10,1,0,0.3636363636363636,180,0.5888888888888889
knn,5,2015-2016,185-1,teste_181.csv,1,2016-03-16,12,0,1,0.5454545454545454,181,0.585635359116022
knn,5,2015-2016,186-1,teste_182.csv,1,2016-03-17,12,1,1,0.5454545454545454,182,0.5879120879120879
knn,5,2015-2016,187-1,teste_183.csv,1,2016-03-17,12,0,1,0.5454545454545454,183,0.5846994535519126
knn,5,2015-2016,189-1,teste_185.csv,1,2016-03-23,13,1,0,0.2857142857142857,184,0.5815217391304348
knn,5,2015-2016,190-1,teste_186.csv,1,2016-03-23,13,1,1,0.7142857142857143,185,0.5837837837837838
knn,5,2015-2016,191-1,teste_187.csv,1,2016-03-23,13,0,0,0.4285714285714285,186,0.5860215053763441
knn,5,2015-2016,192-1,teste_188.csv,1,2016-03-23,13,1,1,0.7142857142857143,187,0.5882352941176471
knn,5,2015-2016,193-1,teste_189.csv,1,2016-03-23,13,0,0,0.4444444444444444,188,0.5904255319148937
knn,5,2015-2016,188-1,teste_184.csv,1,2016-03-23,14,0,0,0.0909090909090909,189,0.5925925925925926
knn,5,2015-2016,194-1,teste_190.csv,1,2016-03-23,14,1,1,0.5555555555555556,190,0.5947368421052631
knn,5,2015-2016,195-1,teste_191.csv,1,2016-03-25,13,1,0,0.2222222222222222,191,0.5916230366492147
knn,5,2015-2016,196-1,teste_192.csv,1,2016-03-25,14,0,1,0.7777777777777778,192,0.5885416666666666
knn,5,2015-2016,197-1,teste_193.csv,1,2016-03-25,14,0,0,0.2222222222222222,193,0.5906735751295337
knn,5,2015-2016,198-1,teste_194.csv,1,2016-03-25,14,1,0,0.4444444444444444,194,0.5876288659793815
knn,5,2015-2016,199-1,teste_195.csv,1,2016-03-25,14,0,0,0.4545454545454545,195,0.5897435897435898
knn,5,2015-2016,200-1,teste_196.csv,1,2016-03-26,13,1,1,0.5454545454545454,196,0.5918367346938775
knn,5,2015-2016,201-1,teste_197.csv,1,2016-03-27,11,1,1,0.5454545454545454,197,0.5939086294416244
knn,5,2015-2016,202-1,teste_198.csv,1,2016-03-27,11,0,0,0.2,198,0.5959595959595959
knn,5,2015-2016,203-1,teste_199.csv,1,2016-03-29,15,1,1,0.8,199,0.5979899497487438
knn,5,2015-2016,204-1,teste_200.csv,1,2016-03-29,15,1,0,0.4,200,0.595
knn,5,2015-2016,205-1,teste_201.csv,1,2016-03-29,15,1,0,0.3333333333333333,201,0.5920398009950248
knn,5,2015-2016,206-1,teste_202.csv,1,2016-03-29,15,0,0,0.0,202,0.594059405940594
knn,5,2015-2016,207-1,teste_203.csv,1,2016-03-29,15,0,1,0.5555555555555556,203,0.5911330049261084
knn,5,2015-2016,208-1,teste_204.csv,1,2016-03-29,15,1,1,0.8888888888888888,204,0.5931372549019608
knn,5,2015-2016,209-1,teste_205.csv,1,2016-03-29,15,0,0,0.3333333333333333,205,0.5951219512195122
knn,5,2015-2016,210-1,teste_206.csv,1,2016-04-02,1,1,0,0.2222222222222222,206,0.5922330097087378
knn,5,2015-2016,211-1,teste_207.csv,1,2016-04-03,1,1,0,0.2857142857142857,207,0.5893719806763285
knn,5,2015-2016,212-1,teste_208.csv,1,2016-04-04,1,1,0,0.1428571428571428,208,0.5865384615384616
knn,5,2015-2016,213-1,teste_209.csv,1,2016-04-04,1,0,0,0.2857142857142857,209,0.5885167464114832
knn,5,2015-2016,214-1,teste_210.csv,1,2016-04-05,2,1,1,0.7142857142857143,210,0.5904761904761905
knn,5,2015-2016,215-1,teste_211.csv,1,2016-04-06,2,1,1,0.7142857142857143,211,0.5924170616113744
knn,5,2015-2016,216-1,teste_212.csv,1,2016-04-07,2,1,1,0.8571428571428571,212,0.5943396226415094
knn,5,2015-2016,217-1,teste_213.csv,1,2016-04-07,2,0,1,0.5714285714285714,213,0.5915492957746479
knn,5,2015-2016,218-1,teste_214.csv,1,2016-04-08,3,1,0,0.4285714285714285,214,0.5887850467289719
knn,5,2015-2016,219-1,teste_215.csv,1,2016-04-08,3,1,1,0.8,215,0.5906976744186047
knn,5,2015-2016,220-1,teste_216.csv,1,2016-04-09,3,1,1,0.5714285714285714,216,0.5925925925925926
knn,5,2015-2016,221-1,teste_217.csv,1,2016-04-09,3,1,1,0.5555555555555556,217,0.5944700460829493
knn,5,2015-2016,222-1,teste_218.csv,1,2016-04-11,4,1,0,0.4444444444444444,218,0.591743119266055
knn,5,2015-2016,223-1,teste_219.csv,1,2016-04-11,4,0,0,0.3333333333333333,219,0.593607305936073
knn,5,2015-2016,224-1,teste_220.csv,1,2016-04-12,4,0,1,0.5555555555555556,220,0.5909090909090909
knn,5,2015-2016,225-1,teste_221.csv,1,2016-04-13,5,1,1,0.6666666666666666,221,0.5927601809954751
knn,5,2015-2016,226-1,teste_222.csv,1,2016-04-15,5,1,1,0.5555555555555556,222,0.5945945945945946
knn,5,2015-2016,227-1,teste_223.csv,1,2016-04-16,1,1,0,0.4444444444444444,223,0.5919282511210763
knn,5,2015-2016,228-1,teste_224.csv,1,2016-04-16,1,1,1,0.5714285714285714,224,0.59375
knn,5,2015-2016,229-1,teste_225.csv,1,2016-04-18,1,0,0,0.4,225,0.5955555555555555
knn,5,2015-2016,230-1,teste_226.csv,1,2016-04-18,1,0,0,0.4,226,0.5973451327433629
knn,5,2015-2016,231-1,teste_227.csv,1,2016-04-19,2,1,1,0.6363636363636364,227,0.5991189427312775
knn,5,2015-2016,232-1,teste_228.csv,1,2016-04-20,2,1,1,0.5555555555555556,228,0.6008771929824561
knn,5,2015-2016,234-1,teste_230.csv,1,2016-04-21,2,1,1,0.8571428571428571,229,0.6026200873362445
knn,5,2015-2016,233-1,teste_229.csv,1,2016-04-21,3,0,1,0.8571428571428571,230,0.6
knn,5,2015-2016,235-1,teste_231.csv,1,2016-04-22,2,1,1,0.7142857142857143,231,0.6017316017316018
knn,5,2015-2016,236-1,teste_232.csv,1,2016-04-22,3,0,1,0.7142857142857143,232,0.5991379310344828
knn,5,2015-2016,237-1,teste_233.csv,1,2016-04-23,3,1,1,0.8571428571428571,233,0.6008583690987125
knn,5,2015-2016,238-1,teste_234.csv,1,2016-04-24,3,0,1,0.7142857142857143,234,0.5982905982905983
knn,5,2015-2016,239-1,teste_235.csv,1,2016-04-24,4,1,1,0.7142857142857143,235,0.6
knn,5,2015-2016,240-1,teste_236.csv,1,2016-04-25,4,1,1,0.5714285714285714,236,0.6016949152542372
knn,5,2015-2016,241-1,teste_237.csv,1,2016-04-27,4,0,0,0.4285714285714285,237,0.6033755274261603
knn,5,2015-2016,242-1,teste_238.csv,1,2016-04-30,1,1,0,0.4444444444444444,238,0.6008403361344538
knn,5,2015-2016,243-1,teste_239.csv,1,2016-05-03,1,0,0,0.4444444444444444,239,0.602510460251046
knn,5,2015-2016,244-1,teste_240.csv,1,2016-05-06,2,1,1,1.0,240,0.6041666666666666
knn,5,2015-2016,245-1,teste_241.csv,1,2016-05-07,2,1,1,0.6666666666666666,241,0.6058091286307054
knn,5,2015-2016,246-1,teste_242.csv,1,2016-05-09,3,0,1,0.8888888888888888,242,0.6033057851239669
knn,5,2015-2016,247-1,teste_243.csv,1,2016-05-10,3,1,1,0.6666666666666666,243,0.6049382716049383
knn,5,2015-2016,248-1,teste_244.csv,1,2016-05-14,4,0,1,0.5555555555555556,244,0.6024590163934426
knn,5,2015-2016,249-1,teste_245.csv,1,2016-05-17,5,1,0,0.3333333333333333,245,0.6
knn,5,2015-2016,250-1,teste_246.csv,1,2016-05-21,1,0,1,0.6666666666666666,246,0.5975609756097561
knn,5,2015-2016,251-1,teste_247.csv,1,2016-05-26,2,0,1,0.5555555555555556,247,0.5951417004048583
knn,5,2015-2016,252-1,teste_248.csv,1,2016-05-28,3,1,0,0.4444444444444444,248,0.592741935483871
knn,5,2015-2016,253-1,teste_249.csv,1,2016-06-04,4,1,1,0.513304506270803,249,0.5943775100401606
knn,5,2016-2017,5-1,teste_1.csv,1,2016-11-09,1,1,1,0.6666666666666666,1,1.0
knn,5,2016-2017,8-1,teste_4.csv,1,2016-11-10,1,1,1,1.0,2,1.0
knn,5,2016-2017,6-1,teste_2.csv,1,2016-11-10,2,0,1,0.6,3,0.6666666666666666
knn,5,2016-2017,7-1,teste_3.csv,1,2016-11-10,2,1,0,0.0,4,0.5
knn,5,2016-2017,9-1,teste_5.csv,1,2016-11-12,1,1,1,1.0,5,0.6
knn,5,2016-2017,10-1,teste_6.csv,1,2016-11-12,2,0,0,0.3333333333333333,6,0.6666666666666666
knn,5,2016-2017,11-1,teste_7.csv,1,2016-11-13,2,1,0,0.0,7,0.5714285714285714
knn,5,2016-2017,12-1,teste_8.csv,1,2016-11-15,3,1,1,1.0,8,0.625
knn,5,2016-2017,13-1,teste_9.csv,1,2016-11-15,3,0,1,1.0,9,0.5555555555555556
knn,5,2016-2017,14-1,teste_10.csv,1,2016-11-15,3,1,1,0.6,10,0.6
knn,5,2016-2017,15-1,teste_11.csv,1,2016-11-16,3,1,1,0.7959248731417845,11,0.6363636363636364
knn,5,2016-2017,16-1,teste_12.csv,1,2016-11-16,3,1,1,0.6666666666666666,12,0.6666666666666666
knn,5,2016-2017,17-1,teste_13.csv,1,2016-11-17,3,0,1,0.6666666666666666,13,0.6153846153846154
knn,5,2016-2017,18-1,teste_14.csv,1,2016-11-17,3,0,1,0.8453708593771176,14,0.5714285714285714
knn,5,2016-2017,19-1,teste_15.csv,1,2016-11-17,4,0,1,0.639593489399359,15,0.5333333333333333
knn,5,2016-2017,20-1,teste_16.csv,1,2016-11-17,4,1,0,0.3333333333333333,16,0.5
knn,5,2016-2017,21-1,teste_17.csv,1,2016-11-17,4,1,1,0.6666666666666666,17,0.5294117647058824
knn,5,2016-2017,22-1,teste_18.csv,1,2016-11-18,4,0,1,0.5714285714285714,18,0.5
knn,5,2016-2017,23-1,teste_19.csv,1,2016-11-18,4,0,1,0.5714285714285714,19,0.4736842105263157
knn,5,2016-2017,24-1,teste_20.csv,1,2016-11-19,4,1,0,0.4285714285714285,20,0.45
knn,5,2016-2017,25-1,teste_21.csv,1,2016-11-19,4,0,0,0.0,21,0.4761904761904761
knn,5,2016-2017,26-1,teste_22.csv,1,2016-11-22,5,1,0,0.4422716976078411,22,0.4545454545454545
knn,5,2016-2017,27-1,teste_23.csv,1,2016-11-22,5,0,1,0.5555555555555556,23,0.4347826086956521
knn,5,2016-2017,28-1,teste_24.csv,1,2016-11-23,5,1,0,0.4327130555846065,24,0.4166666666666667
knn,5,2016-2017,29-1,teste_25.csv,1,2016-11-24,5,0,0,0.3698652826759396,25,0.44
knn,5,2016-2017,31-1,teste_27.csv,1,2016-11-24,5,0,0,0.3915307787983704,26,0.4615384615384615
knn,5,2016-2017,33-1,teste_29.csv,1,2016-11-24,5,0,0,0.3333333333333333,27,0.4814814814814814
knn,5,2016-2017,30-1,teste_26.csv,1,2016-11-24,6,0,0,0.4361210618002449,28,0.5
knn,5,2016-2017,32-1,teste_28.csv,1,2016-11-24,6,0,0,0.3333333333333333,29,0.5172413793103449
knn,5,2016-2017,34-1,teste_30.csv,1,2016-11-25,6,1,0,0.0,30,0.5
knn,5,2016-2017,35-1,teste_31.csv,1,2016-11-26,6,0,0,0.1102265978980506,31,0.5161290322580645
knn,5,2016-2017,36-1,teste_32.csv,1,2016-11-26,6,1,0,0.3333333333333333,32,0.5
knn,5,2016-2017,37-1,teste_33.csv,1,2016-11-26,6,1,0,0.3636363636363636,33,0.4848484848484848
knn,5,2016-2017,38-1,teste_34.csv,1,2016-11-29,7,1,0,0.3636363636363636,34,0.4705882352941176
knn,5,2016-2017,39-1,teste_35.csv,1,2016-11-29,7,1,1,0.5153088069874598,35,0.4857142857142857
knn,5,2016-2017,40-1,teste_36.csv,1,2016-11-30,7,1,1,0.5166617660410227,36,0.5
knn,5,2016-2017,41-1,teste_37.csv,1,2016-11-30,7,1,1,0.5555555555555556,37,0.5135135135135135
knn,5,2016-2017,42-1,teste_38.csv,1,2016-12-01,7,0,0,0.3333333333333333,38,0.5263157894736842
knn,5,2016-2017,44-1,teste_40.csv,1,2016-12-01,7,1,1,0.6666666666666666,39,0.5384615384615384
knn,5,2016-2017,43-1,teste_39.csv,1,2016-12-01,8,1,0,0.4444444444444444,40,0.525
knn,5,2016-2017,45-1,teste_41.csv,1,2016-12-01,8,0,1,0.6,41,0.5121951219512195
knn,5,2016-2017,46-1,teste_42.csv,1,2016-12-02,8,0,0,0.4545454545454545,42,0.5238095238095238
knn,5,2016-2017,47-1,teste_43.csv,1,2016-12-02,8,0,1,0.6375164122066128,43,0.5116279069767442
knn,5,2016-2017,48-1,teste_44.csv,1,2016-12-03,8,1,1,0.6666666666666666,44,0.5227272727272727
knn,5,2016-2017,49-1,teste_45.csv,1,2016-12-03,8,1,1,0.6666666666666666,45,0.5333333333333333
knn,5,2016-2017,50-1,teste_46.csv,1,2016-12-06,1,1,1,0.6666666666666666,46,0.5434782608695652
knn,5,2016-2017,51-1,teste_47.csv,1,2016-12-07,1,0,0,0.3333333333333333,47,0.5531914893617021
knn,5,2016-2017,53-1,teste_49.csv,1,2016-12-10,7,1,0,0.4,48,0.5416666666666666
knn,5,2016-2017,52-1,teste_48.csv,1,2016-12-10,13,1,1,1.0,49,0.5510204081632653
knn,5,2016-2017,54-1,teste_50.csv,1,2016-12-12,9,1,1,0.8,50,0.56
knn,5,2016-2017,55-1,teste_51.csv,1,2016-12-13,9,1,1,1.0,51,0.5686274509803921
knn,5,2016-2017,56-1,teste_52.csv,1,2016-12-13,9,1,0,0.3333333333333333,52,0.5576923076923077
knn,5,2016-2017,58-1,teste_54.csv,1,2016-12-14,9,0,0,0.2,53,0.5660377358490566
knn,5,2016-2017,57-1,teste_53.csv,1,2016-12-14,10,0,1,0.6666666666666666,54,0.5555555555555556
knn,5,2016-2017,61-1,teste_57.csv,1,2016-12-15,9,1,0,0.4444444444444444,55,0.5454545454545454
knn,5,2016-2017,62-1,teste_58.csv,1,2016-12-15,9,0,0,0.3333333333333333,56,0.5535714285714286
knn,5,2016-2017,59-1,teste_55.csv,1,2016-12-15,10,0,1,0.6,57,0.543859649122807
knn,5,2016-2017,60-1,teste_56.csv,1,2016-12-15,10,0,1,0.6,58,0.5344827586206896
knn,5,2016-2017,63-1,teste_59.csv,1,2016-12-16,10,1,0,0.4444444444444444,59,0.5254237288135594
knn,5,2016-2017,64-1,teste_60.csv,1,2016-12-17,10,0,0,0.3333333333333333,60,0.5333333333333333
knn,5,2016-2017,65-1,teste_61.csv,1,2016-12-17,10,0,0,0.3636363636363636,61,0.5409836065573771
knn,5,2016-2017,66-1,teste_62.csv,1,2016-12-19,11,0,0,0.2857142857142857,62,0.5483870967741935
knn,5,2016-2017,67-1,teste_63.csv,1,2016-12-20,11,0,0,0.2727272727272727,63,0.5555555555555556
knn,5,2016-2017,68-1,teste_64.csv,1,2016-12-20,11,0,0,0.4285714285714285,64,0.5625
knn,5,2016-2017,69-1,teste_65.csv,1,2016-12-20,11,1,1,0.6666666666666666,65,0.5692307692307692
knn,5,2016-2017,70-1,teste_66.csv,1,2016-12-20,11,0,0,0.2222222222222222,66,0.5757575757575758
knn,5,2016-2017,71-1,teste_67.csv,1,2016-12-20,11,1,0,0.0909090909090909,67,0.5671641791044776
knn,5,2016-2017,72-1,teste_68.csv,1,2016-12-20,11,1,0,0.3636363636363636,68,0.5588235294117647
knn,5,2016-2017,73-1,teste_69.csv,1,2016-12-21,12,1,0,0.2,69,0.5507246376811594
knn,5,2016-2017,74-1,teste_70.csv,1,2016-12-22,12,1,0,0.2,70,0.5428571428571428
knn,5,2016-2017,75-1,teste_71.csv,1,2016-12-22,12,0,0,0.4,71,0.5492957746478874
knn,5,2016-2017,76-1,teste_72.csv,1,2016-12-22,12,1,1,0.6,72,0.5555555555555556
knn,5,2016-2017,77-1,teste_73.csv,1,2016-12-22,12,1,0,0.4,73,0.547945205479452
knn,5,2016-2017,78-1,teste_74.csv,1,2016-12-22,12,1,1,0.6,74,0.5540540540540541
knn,5,2016-2017,79-1,teste_75.csv,1,2016-12-27,24,1,1,0.8,75,0.56
knn,5,2016-2017,80-1,teste_76.csv,1,2017-01-03,12,0,1,0.6,76,0.5526315789473685
knn,5,2016-2017,81-1,teste_77.csv,1,2017-01-06,13,1,1,0.6,77,0.5584415584415584
knn,5,2016-2017,82-1,teste_78.csv,1,2017-01-07,13,1,1,0.6,78,0.5641025641025641
knn,5,2016-2017,83-1,teste_79.csv,1,2017-01-07,13,1,1,0.5714285714285714,79,0.569620253164557
knn,5,2016-2017,84-1,teste_80.csv,1,2017-01-07,13,0,1,0.8,80,0.5625
knn,5,2016-2017,85-1,teste_81.csv,1,2017-01-07,13,1,0,0.2,81,0.5555555555555556
knn,5,2016-2017,86-1,teste_82.csv,1,2017-01-07,13,0,1,0.6,82,0.5487804878048781
knn,5,2016-2017,87-1,teste_83.csv,1,2017-01-10,14,1,0,0.4285714285714285,83,0.5421686746987951
knn,5,2016-2017,88-1,teste_84.csv,1,2017-01-10,14,1,0,0.4285714285714285,84,0.5357142857142857
knn,5,2016-2017,89-1,teste_85.csv,1,2017-01-10,14,0,1,1.0,85,0.5294117647058824
knn,5,2016-2017,90-1,teste_86.csv,1,2017-01-11,14,0,0,0.3333333333333333,86,0.5348837209302325
knn,5,2016-2017,91-1,teste_87.csv,1,2017-01-11,14,0,0,0.3333333333333333,87,0.5402298850574713
knn,5,2016-2017,92-1,teste_88.csv,1,2017-01-11,14,1,0,0.3333333333333333,88,0.5340909090909091
knn,5,2016-2017,93-1,teste_89.csv,1,2017-01-12,15,0,1,0.6666666666666666,89,0.5280898876404494
knn,5,2016-2017,94-1,teste_90.csv,1,2017-01-12,15,1,1,0.6,90,0.5333333333333333
knn,5,2016-2017,95-1,teste_91.csv,1,2017-01-12,15,1,1,0.6666666666666666,91,0.5384615384615384
knn,5,2016-2017,96-1,teste_92.csv,1,2017-01-12,15,0,0,0.3333333333333333,92,0.5434782608695652
knn,5,2016-2017,97-1,teste_93.csv,1,2017-01-13,15,1,0,0.4,93,0.5376344086021505
knn,5,2016-2017,98-1,teste_94.csv,1,2017-01-13,15,1,0,0.4,94,0.5319148936170213
knn,5,2016-2017,99-1,teste_95.csv,1,2017-01-13,15,1,0,0.2,95,0.5263157894736842
knn,5,2016-2017,100-1,teste_96.csv,1,2017-01-14,14,1,1,0.8,96,0.53125
knn,5,2016-2017,101-1,teste_97.csv,1,2017-01-16,9,0,1,0.8,97,0.5257731958762887
knn,5,2016-2017,102-1,teste_98.csv,1,2017-01-17,6,0,0,0.4,98,0.5306122448979592
knn,5,2016-2017,103-1,teste_99.csv,1,2017-01-19,5,0,1,0.8,99,0.5252525252525253
knn,5,2016-2017,104-1,teste_100.csv,1,2017-01-19,17,1,0,0.2857142857142857,100,0.52
knn,5,2016-2017,105-1,teste_101.csv,1,2017-01-21,17,0,1,0.8,101,0.5148514851485149
knn,5,2016-2017,106-1,teste_102.csv,1,2017-01-22,8,1,1,0.6,102,0.5196078431372549
knn,5,2016-2017,107-1,teste_103.csv,1,2017-01-23,16,0,0,0.4,103,0.5242718446601942
knn,5,2016-2017,108-1,teste_104.csv,1,2017-01-24,16,0,1,0.5555555555555556,104,0.5192307692307693
knn,5,2016-2017,109-1,teste_105.csv,1,2017-01-25,16,0,1,0.6,105,0.5142857142857142
knn,5,2016-2017,110-1,teste_106.csv,1,2017-01-25,16,0,1,0.5714285714285714,106,0.5094339622641509
knn,5,2016-2017,111-1,teste_107.csv,1,2017-01-25,16,0,1,0.5714285714285714,107,0.5046728971962616
knn,5,2016-2017,113-1,teste_109.csv,1,2017-01-26,16,0,0,0.3333333333333333,108,0.5092592592592593
knn,5,2016-2017,114-1,teste_110.csv,1,2017-01-26,16,0,1,0.7272727272727273,109,0.5045871559633027
knn,5,2016-2017,112-1,teste_108.csv,1,2017-01-26,17,0,0,0.0,110,0.509090909090909
knn,5,2016-2017,115-1,teste_111.csv,1,2017-01-27,17,0,1,0.5454545454545454,111,0.5045045045045045
knn,5,2016-2017,116-1,teste_112.csv,1,2017-01-27,17,0,0,0.2222222222222222,112,0.5089285714285714
knn,5,2016-2017,117-1,teste_113.csv,1,2017-01-27,17,0,1,0.6666666666666666,113,0.504424778761062
knn,5,2016-2017,118-1,teste_114.csv,1,2017-01-28,10,1,0,0.4444444444444444,114,0.5
knn,5,2016-2017,119-1,teste_115.csv,1,2017-01-28,17,1,0,0.4444444444444444,115,0.4956521739130435
knn,5,2016-2017,120-1,teste_116.csv,1,2017-01-31,18,1,1,0.5454545454545454,116,0.5
knn,5,2016-2017,121-1,teste_117.csv,1,2017-01-31,18,1,0,0.3333333333333333,117,0.4957264957264957
knn,5,2016-2017,122-1,teste_118.csv,1,2017-01-31,18,1,1,1.0,118,0.5
knn,5,2016-2017,123-1,teste_119.csv,1,2017-02-01,18,0,0,0.0,119,0.5042016806722689
knn,5,2016-2017,124-1,teste_120.csv,1,2017-02-01,18,0,0,0.4545454545454545,120,0.5083333333333333
knn,5,2016-2017,126-1,teste_122.csv,1,2017-02-02,18,1,0,0.3636363636363636,121,0.5041322314049587
knn,5,2016-2017,125-1,teste_121.csv,1,2017-02-02,19,0,1,0.6363636363636364,122,0.5
knn,5,2016-2017,127-1,teste_123.csv,1,2017-02-02,19,1,1,0.7272727272727273,123,0.5040650406504065
knn,5,2016-2017,128-1,teste_124.csv,1,2017-02-02,19,1,1,0.6363636363636364,124,0.5080645161290323
knn,5,2016-2017,129-1,teste_125.csv,1,2017-02-03,19,0,0,0.4545454545454545,125,0.512
knn,5,2016-2017,130-1,teste_126.csv,1,2017-02-03,19,1,1,0.5454545454545454,126,0.5158730158730159
knn,5,2016-2017,131-1,teste_127.csv,1,2017-02-04,19,1,1,0.8181818181818182,127,0.5196850393700787
knn,5,2016-2017,132-1,teste_128.csv,1,2017-02-04,19,1,0,0.4545454545454545,128,0.515625
knn,5,2016-2017,133-1,teste_129.csv,1,2017-02-07,24,1,1,0.8571428571428571,129,0.5193798449612403
knn,5,2016-2017,134-1,teste_130.csv,1,2017-02-11,18,0,0,0.4285714285714285,130,0.5230769230769231
knn,5,2016-2017,135-1,teste_131.csv,1,2017-02-14,20,1,1,0.5555555555555556,131,0.5267175572519084
knn,5,2016-2017,136-1,teste_132.csv,1,2017-02-14,20,0,0,0.4545454545454545,132,0.5303030303030303
knn,5,2016-2017,137-1,teste_133.csv,1,2017-02-14,20,1,0,0.3636363636363636,133,0.5263157894736842
knn,5,2016-2017,138-1,teste_134.csv,1,2017-02-14,20,1,1,0.6363636363636364,134,0.5298507462686567
knn,5,2016-2017,139-1,teste_135.csv,1,2017-02-14,20,1,1,0.7272727272727273,135,0.5333333333333333
knn,5,2016-2017,145-1,teste_141.csv,1,2017-02-16,20,1,0,0.4444444444444444,136,0.5294117647058824
knn,5,2016-2017,146-1,teste_142.csv,1,2017-02-16,20,1,0,0.4285714285714285,137,0.5255474452554745
knn,5,2016-2017,140-1,teste_136.csv,1,2017-02-16,21,0,0,0.2727272727272727,138,0.5289855072463768
knn,5,2016-2017,141-1,teste_137.csv,1,2017-02-16,21,0,1,0.5555555555555556,139,0.5251798561151079
knn,5,2016-2017,142-1,teste_138.csv,1,2017-02-16,21,1,1,0.6363636363636364,140,0.5285714285714286
knn,5,2016-2017,143-1,teste_139.csv,1,2017-02-16,21,1,1,0.7142857142857143,141,0.5319148936170213
knn,5,2016-2017,144-1,teste_140.csv,1,2017-02-16,21,1,1,0.7142857142857143,142,0.5352112676056338
knn,5,2016-2017,147-1,teste_143.csv,1,2017-02-18,21,1,1,0.7142857142857143,143,0.5384615384615384
knn,5,2016-2017,148-1,teste_144.csv,1,2017-02-18,21,1,0,0.4285714285714285,144,0.5347222222222222
knn,5,2016-2017,149-1,teste_145.csv,1,2017-02-21,22,0,1,0.8571428571428571,145,0.5310344827586206
knn,5,2016-2017,150-1,teste_146.csv,1,2017-02-21,22,1,1,0.8571428571428571,146,0.5342465753424658
knn,5,2016-2017,151-1,teste_147.csv,1,2017-02-21,22,0,0,0.2857142857142857,147,0.5374149659863946
knn,5,2016-2017,152-1,teste_148.csv,1,2017-02-21,22,0,1,0.5555555555555556,148,0.5337837837837838
knn,5,2016-2017,153-1,teste_149.csv,1,2017-02-22,22,1,1,0.6666666666666666,149,0.5369127516778524
knn,5,2016-2017,154-1,teste_150.csv,1,2017-02-22,22,0,1,0.6666666666666666,150,0.5333333333333333
knn,5,2016-2017,155-1,teste_151.csv,1,2017-02-22,22,1,1,0.6363636363636364,151,0.5364238410596026
knn,5,2016-2017,156-1,teste_152.csv,1,2017-02-23,23,1,1,0.8181818181818182,152,0.5394736842105263
knn,5,2016-2017,157-1,teste_153.csv,1,2017-02-23,23,0,1,0.7272727272727273,153,0.5359477124183006
knn,5,2016-2017,158-1,teste_154.csv,1,2017-02-23,23,1,0,0.4545454545454545,154,0.5324675324675324
knn,5,2016-2017,159-1,teste_155.csv,1,2017-02-23,23,1,1,0.7272727272727273,155,0.535483870967742
knn,5,2016-2017,160-1,teste_156.csv,1,2017-02-24,23,1,1,0.7272727272727273,156,0.5384615384615384
knn,5,2016-2017,161-1,teste_157.csv,1,2017-02-24,23,0,1,0.6363636363636364,157,0.535031847133758
knn,5,2016-2017,162-1,teste_158.csv,1,2017-02-25,23,0,1,0.5454545454545454,158,0.5316455696202531
knn,5,2016-2017,163-1,teste_159.csv,1,2017-03-04,26,1,1,0.7272727272727273,159,0.5345911949685535
knn,5,2016-2017,164-1,teste_160.csv,1,2017-03-07,24,1,1,0.7272727272727273,160,0.5375
knn,5,2016-2017,165-1,teste_161.csv,1,2017-03-07,24,1,1,0.6363636363636364,161,0.5403726708074534
knn,5,2016-2017,166-1,teste_162.csv,1,2017-03-07,24,0,1,0.7272727272727273,162,0.5370370370370371
knn,5,2016-2017,167-1,teste_163.csv,1,2017-03-07,24,1,1,0.7272727272727273,163,0.5398773006134969
knn,5,2016-2017,168-1,teste_164.csv,1,2017-03-08,24,1,1,0.6363636363636364,164,0.5426829268292683
knn,5,2016-2017,169-1,teste_165.csv,1,2017-03-09,25,1,1,0.6363636363636364,165,0.5454545454545454
knn,5,2016-2017,170-1,teste_166.csv,1,2017-03-09,25,1,1,0.8181818181818182,166,0.5481927710843374
knn,5,2016-2017,171-1,teste_167.csv,1,2017-03-09,25,1,1,0.5454545454545454,167,0.5508982035928144
knn,5,2016-2017,172-1,teste_168.csv,1,2017-03-09,25,0,1,0.9090909090909092,168,0.5476190476190477
knn,5,2016-2017,173-1,teste_169.csv,1,2017-03-10,25,0,1,0.7272727272727273,169,0.5443786982248521
knn,5,2016-2017,174-1,teste_170.csv,1,2017-03-11,25,1,1,0.5454545454545454,170,0.5470588235294118
knn,5,2016-2017,175-1,teste_171.csv,1,2017-03-11,25,1,1,0.5454545454545454,171,0.5497076023391813
knn,5,2016-2017,176-1,teste_172.csv,1,2017-03-13,26,0,1,0.7272727272727273,172,0.5465116279069767
knn,5,2016-2017,177-1,teste_173.csv,1,2017-03-13,26,1,1,0.7272727272727273,173,0.5491329479768786
knn,5,2016-2017,178-1,teste_174.csv,1,2017-03-13,26,1,1,0.8181818181818182,174,0.5517241379310345
knn,5,2016-2017,179-1,teste_175.csv,1,2017-03-14,26,0,1,0.5454545454545454,175,0.5485714285714286
knn,5,2016-2017,180-1,teste_176.csv,1,2017-03-14,26,1,1,0.9090909090909092,176,0.5511363636363636
knn,5,2016-2017,181-1,teste_177.csv,1,2017-03-14,26,0,1,0.7272727272727273,177,0.5480225988700564
knn,5,2016-2017,182-1,teste_178.csv,1,2017-03-22,27,1,1,0.5454545454545454,178,0.550561797752809
knn,5,2016-2017,183-1,teste_179.csv,1,2017-03-22,27,0,0,0.4545454545454545,179,0.553072625698324
knn,5,2016-2017,184-1,teste_180.csv,1,2017-03-22,27,0,1,0.5454545454545454,180,0.55
knn,5,2016-2017,185-1,teste_181.csv,1,2017-03-22,27,0,1,0.5454545454545454,181,0.5469613259668509
knn,5,2016-2017,186-1,teste_182.csv,1,2017-03-22,27,0,1,0.5454545454545454,182,0.5439560439560439
knn,5,2016-2017,187-1,teste_183.csv,1,2017-03-23,27,0,1,0.6363636363636364,183,0.5409836065573771
knn,5,2016-2017,188-1,teste_184.csv,1,2017-03-23,27,0,1,0.5454545454545454,184,0.5380434782608695
knn,5,2016-2017,189-1,teste_185.csv,1,2017-03-24,28,1,0,0.0,185,0.5351351351351351
knn,5,2016-2017,190-1,teste_186.csv,1,2017-03-24,28,0,0,0.0,186,0.5376344086021505
knn,5,2016-2017,191-1,teste_187.csv,1,2017-03-24,28,1,0,0.3333333333333333,187,0.5347593582887701
knn,5,2016-2017,192-1,teste_188.csv,1,2017-03-24,28,0,1,1.0,188,0.5319148936170213
knn,5,2016-2017,193-1,teste_189.csv,1,2017-03-24,28,0,1,0.6,189,0.5291005291005291
knn,5,2016-2017,194-1,teste_190.csv,1,2017-03-25,28,1,1,0.6363636363636364,190,0.531578947368421
knn,5,2016-2017,195-1,teste_191.csv,1,2017-03-25,28,0,0,0.2,191,0.5340314136125655
knn,5,2016-2017,196-1,teste_192.csv,1,2017-03-29,30,1,0,0.4,192,0.53125
knn,5,2016-2017,197-1,teste_193.csv,1,2017-03-29,30,1,1,1.0,193,0.533678756476684
knn,5,2016-2017,198-1,teste_194.csv,1,2017-03-30,29,1,0,0.4444444444444444,194,0.5309278350515464
knn,5,2016-2017,199-1,teste_195.csv,1,2017-03-30,29,1,1,0.6,195,0.5333333333333333
knn,5,2016-2017,200-1,teste_196.csv,1,2017-03-30,29,0,1,0.6,196,0.5306122448979592
knn,5,2016-2017,201-1,teste_197.csv,1,2017-03-30,29,0,0,0.3333333333333333,197,0.5329949238578681
knn,5,2016-2017,202-1,teste_198.csv,1,2017-03-30,29,1,1,0.5454545454545454,198,0.5353535353535354
knn,5,2016-2017,203-1,teste_199.csv,1,2017-04-01,29,0,1,0.8181818181818182,199,0.5326633165829145
knn,5,2016-2017,204-1,teste_200.csv,1,2017-04-01,29,1,1,0.6,200,0.535
knn,5,2016-2017,205-1,teste_201.csv,1,2017-04-01,30,0,1,0.7142857142857143,201,0.5323383084577115
knn,5,2016-2017,206-1,teste_202.csv,1,2017-04-01,30,0,0,0.2857142857142857,202,0.5346534653465347
knn,5,2016-2017,207-1,teste_203.csv,1,2017-04-01,30,1,0,0.2857142857142857,203,0.5320197044334976
knn,5,2016-2017,208-1,teste_204.csv,1,2017-04-01,30,1,1,0.5714285714285714,204,0.5343137254901961
knn,5,2016-2017,209-1,teste_205.csv,1,2017-04-01,30,1,1,0.7142857142857143,205,0.5365853658536586
knn,5,2016-2017,210-1,teste_206.csv,1,2017-04-04,1,0,1,0.5714285714285714,206,0.5339805825242718
knn,5,2016-2017,211-1,teste_207.csv,1,2017-04-05,1,0,1,0.8,207,0.5314009661835749
knn,5,2016-2017,212-1,teste_208.csv,1,2017-04-06,1,1,0,0.1428571428571428,208,0.5288461538461539
knn,5,2016-2017,213-1,teste_209.csv,1,2017-04-07,1,0,0,0.2,209,0.5311004784688995
knn,5,2016-2017,214-1,teste_210.csv,1,2017-04-07,2,0,0,0.2,210,0.5333333333333333
knn,5,2016-2017,215-1,teste_211.csv,1,2017-04-08,2,1,0,0.2,211,0.5308056872037915
knn,5,2016-2017,217-1,teste_213.csv,1,2017-04-09,2,1,1,0.6,212,0.5330188679245284
knn,5,2016-2017,216-1,teste_212.csv,1,2017-04-09,3,1,0,0.2,213,0.5305164319248826
knn,5,2016-2017,218-1,teste_214.csv,1,2017-04-10,3,1,1,0.6,214,0.5327102803738317
knn,5,2016-2017,220-1,teste_216.csv,1,2017-04-11,2,1,0,0.4,215,0.5302325581395348
knn,5,2016-2017,219-1,teste_215.csv,1,2017-04-11,3,0,1,0.8,216,0.5277777777777778
knn,5,2016-2017,221-1,teste_217.csv,1,2017-04-13,3,0,1,0.6,217,0.5253456221198156
knn,5,2016-2017,222-1,teste_218.csv,1,2017-04-15,4,0,1,0.6666666666666666,218,0.5229357798165137
knn,5,2016-2017,223-1,teste_219.csv,1,2017-04-15,4,1,0,0.3333333333333333,219,0.5205479452054794
knn,5,2016-2017,224-1,teste_220.csv,1,2017-04-16,4,1,0,0.3333333333333333,220,0.5181818181818182
knn,5,2016-2017,225-1,teste_221.csv,1,2017-04-17,5,1,0,0.3333333333333333,221,0.5158371040723982
knn,5,2016-2017,226-1,teste_222.csv,1,2017-04-18,5,1,1,0.6,222,0.5180180180180181
knn,5,2016-2017,227-1,teste_223.csv,1,2017-04-18,5,1,0,0.3333333333333333,223,0.515695067264574
knn,5,2016-2017,228-1,teste_224.csv,1,2017-04-20,1,0,1,1.0,224,0.5133928571428571
knn,5,2016-2017,229-1,teste_225.csv,1,2017-04-21,1,0,0,0.4545454545454545,225,0.5155555555555555
knn,5,2016-2017,230-1,teste_226.csv,1,2017-04-22,1,1,1,0.6363636363636364,226,0.5176991150442478
knn,5,2016-2017,231-1,teste_227.csv,1,2017-04-22,1,0,0,0.2857142857142857,227,0.5198237885462555
knn,5,2016-2017,232-1,teste_228.csv,1,2017-04-23,2,0,0,0.4545454545454545,228,0.5219298245614035
knn,5,2016-2017,233-1,teste_229.csv,1,2017-04-24,2,1,1,0.7142857142857143,229,0.5240174672489083
knn,5,2016-2017,234-1,teste_230.csv,1,2017-04-25,2,1,0,0.2857142857142857,230,0.5217391304347826
knn,5,2016-2017,235-1,teste_231.csv,1,2017-04-25,3,0,0,0.0,231,0.5238095238095238
knn,5,2016-2017,236-1,teste_232.csv,1,2017-04-26,3,0,1,0.7142857142857143,232,0.521551724137931
knn,5,2016-2017,237-1,teste_233.csv,1,2017-04-27,2,0,1,0.5714285714285714,233,0.51931330472103
knn,5,2016-2017,238-1,teste_234.csv,1,2017-04-28,3,0,1,0.5714285714285714,234,0.5170940170940171
knn,5,2016-2017,239-1,teste_235.csv,1,2017-04-29,3,1,0,0.4444444444444444,235,0.5148936170212766
knn,5,2016-2017,240-1,teste_236.csv,1,2017-04-30,4,1,0,0.3333333333333333,236,0.5127118644067796
knn,5,2016-2017,241-1,teste_237.csv,1,2017-05-01,4,1,0,0.2222222222222222,237,0.510548523206751
knn,5,2016-2017,242-1,teste_238.csv,1,2017-05-02,4,0,1,0.5714285714285714,238,0.5084033613445378
knn,5,2016-2017,243-1,teste_239.csv,1,2017-05-02,4,1,0,0.1428571428571428,239,0.5062761506276151
knn,5,2016-2017,244-1,teste_240.csv,1,2017-05-05,5,0,0,0.2,240,0.5083333333333333
knn,5,2016-2017,245-1,teste_241.csv,1,2017-05-06,5,0,0,0.4444444444444444,241,0.5103734439834025
knn,5,2016-2017,246-1,teste_242.csv,1,2017-05-06,5,0,1,0.6,242,0.5082644628099173
knn,5,2016-2017,247-1,teste_243.csv,1,2017-05-08,1,1,0,0.4,243,0.5061728395061729
knn,5,2016-2017,248-1,teste_244.csv,1,2017-05-09,1,0,1,0.6,244,0.5040983606557377
knn,5,2016-2017,249-1,teste_245.csv,1,2017-05-12,2,1,0,0.4,245,0.5020408163265306
knn,5,2016-2017,250-1,teste_246.csv,1,2017-05-13,2,0,0,0.4,246,0.5040650406504065
knn,5,2016-2017,251-1,teste_247.csv,1,2017-05-14,3,1,1,0.6666666666666666,247,0.5060728744939271
knn,5,2016-2017,252-1,teste_248.csv,1,2017-05-15,3,1,0,0.2,248,0.5040322580645161
knn,5,2016-2017,253-1,teste_249.csv,1,2017-05-20,4,0,1,0.6,249,0.5020080321285141
knn,5,2016-2017,254-1,teste_250.csv,1,2017-05-23,5,1,0,0.2,250,0.5
knn,5,2016-2017,255-1,teste_251.csv,1,2017-05-27,1,1,1,0.6,251,0.50199203187251
knn,5,2016-2017,256-1,teste_252.csv,1,2017-06-02,2,0,0,0.4444444444444444,252,0.503968253968254
knn,5,2016-2017,257-1,teste_253.csv,1,2017-06-04,3,1,0,0.4285714285714285,253,0.5019762845849802
knn,5,2016-2017,258-1,teste_254.csv,1,2017-06-10,4,0,1,0.7142857142857143,254,0.5
knn,5,2018-2019,5-1,teste_1.csv,1,2018-10-15,1,0,0,0.0,1,1.0
knn,5,2018-2019,6-1,teste_2.csv,1,2018-10-15,1,1,0,0.0,2,0.5
knn,5,2018-2019,7-1,teste_3.csv,1,2018-10-16,1,0,0,0.0,3,0.6666666666666666
knn,5,2018-2019,8-1,teste_4.csv,1,2018-10-17,1,1,0,0.3333333333333333,4,0.5
knn,5,2018-2019,9-1,teste_5.csv,1,2018-10-17,1,1,1,0.6666666666666666,5,0.6
knn,5,2018-2019,10-1,teste_6.csv,1,2018-10-18,1,0,1,0.6666666666666666,6,0.5
knn,5,2018-2019,11-1,teste_7.csv,1,2018-10-19,1,0,1,0.6,7,0.4285714285714285
knn,5,2018-2019,12-1,teste_8.csv,1,2018-10-19,1,0,0,0.3333333333333333,8,0.5
knn,5,2018-2019,13-1,teste_9.csv,1,2018-10-20,1,0,1,0.6666666666666666,9,0.4444444444444444
knn,5,2018-2019,14-1,teste_10.csv,1,2018-10-20,1,1,0,0.3333333333333333,10,0.4
knn,5,2018-2019,15-1,teste_11.csv,1,2018-10-22,2,0,0,0.3640653802229253,11,0.4545454545454545
knn,5,2018-2019,16-1,teste_12.csv,1,2018-10-22,2,1,0,0.3333333333333333,12,0.4166666666666667
knn,5,2018-2019,17-1,teste_13.csv,1,2018-10-22,2,0,1,0.6026137617224517,13,0.3846153846153846
knn,5,2018-2019,18-1,teste_14.csv,1,2018-10-23,2,0,1,0.6069398244169764,14,0.3571428571428571
knn,5,2018-2019,19-1,teste_15.csv,1,2018-10-24,2,1,0,0.4463808502040624,15,0.3333333333333333
knn,5,2018-2019,20-1,teste_16.csv,1,2018-10-24,2,1,1,0.5393388406879478,16,0.375
knn,5,2018-2019,21-1,teste_17.csv,1,2018-10-25,2,1,0,0.3333333333333333,17,0.3529411764705882
knn,5,2018-2019,22-1,teste_18.csv,1,2018-10-25,2,1,0,0.3333333333333333,18,0.3333333333333333
knn,5,2018-2019,23-1,teste_19.csv,1,2018-10-26,2,0,1,0.6666666666666666,19,0.3157894736842105
knn,5,2018-2019,24-1,teste_20.csv,1,2018-10-26,2,1,1,0.6666666666666666,20,0.35
knn,5,2018-2019,25-1,teste_21.csv,1,2018-10-27,2,0,0,0.3333333333333333,21,0.3809523809523809
knn,5,2018-2019,26-1,teste_22.csv,1,2018-10-29,3,1,1,0.6565989032540295,22,0.4090909090909091
knn,5,2018-2019,27-1,teste_23.csv,1,2018-10-30,3,1,0,0.3242041395439665,23,0.391304347826087
knn,5,2018-2019,28-1,teste_24.csv,1,2018-10-30,3,1,1,1.0,24,0.4166666666666667
knn,5,2018-2019,29-1,teste_25.csv,1,2018-10-31,3,1,1,1.0,25,0.44
knn,5,2018-2019,30-1,teste_26.csv,1,2018-10-31,3,0,1,0.6666666666666666,26,0.4230769230769231
knn,5,2018-2019,31-1,teste_27.csv,1,2018-10-31,3,0,1,0.6666666666666666,27,0.4074074074074074
knn,5,2018-2019,32-1,teste_28.csv,1,2018-11-01,3,0,0,0.0,28,0.4285714285714285
knn,5,2018-2019,33-1,teste_29.csv,1,2018-11-01,3,1,1,1.0,29,0.4482758620689655
knn,5,2018-2019,34-1,teste_30.csv,1,2018-11-01,3,0,0,0.3333333333333333,30,0.4666666666666667
knn,5,2018-2019,35-1,teste_31.csv,1,2018-11-02,3,0,0,0.0,31,0.4838709677419355
knn,5,2018-2019,36-1,teste_32.csv,1,2018-11-02,3,1,0,0.3333333333333333,32,0.46875
knn,5,2018-2019,37-1,teste_33.csv,1,2018-11-02,3,0,1,0.8,33,0.4545454545454545
knn,5,2018-2019,38-1,teste_34.csv,1,2018-11-03,3,1,0,0.2857142857142857,34,0.4411764705882353
knn,5,2018-2019,39-1,teste_35.csv,1,2018-11-03,3,1,0,0.3333333333333333,35,0.4285714285714285
knn,5,2018-2019,40-1,teste_36.csv,1,2018-11-05,4,0,1,0.6666666666666666,36,0.4166666666666667
knn,5,2018-2019,41-1,teste_37.csv,1,2018-11-06,4,0,1,0.6666666666666666,37,0.4054054054054054
knn,5,2018-2019,42-1,teste_38.csv,1,2018-11-06,4,1,0,0.2,38,0.3947368421052631
knn,5,2018-2019,43-1,teste_39.csv,1,2018-11-07,4,1,0,0.3333333333333333,39,0.3846153846153846
knn,5,2018-2019,44-1,teste_40.csv,1,2018-11-07,4,0,0,0.4,40,0.4
knn,5,2018-2019,45-1,teste_41.csv,1,2018-11-08,4,1,0,0.4444444444444444,41,0.3902439024390244
knn,5,2018-2019,46-1,teste_42.csv,1,2018-11-08,4,1,1,0.6,42,0.4047619047619047
knn,5,2018-2019,47-1,teste_43.csv,1,2018-11-09,4,1,1,1.0,43,0.4186046511627907
knn,5,2018-2019,48-1,teste_44.csv,1,2018-11-10,4,1,1,0.6666666666666666,44,0.4318181818181818
knn,5,2018-2019,49-1,teste_45.csv,1,2018-11-10,4,0,0,0.3333333333333333,45,0.4444444444444444
knn,5,2018-2019,50-1,teste_46.csv,1,2018-11-10,4,1,1,0.6,46,0.4565217391304347
knn,5,2018-2019,51-1,teste_47.csv,1,2018-11-12,5,1,1,0.6,47,0.4680851063829787
knn,5,2018-2019,52-1,teste_48.csv,1,2018-11-13,5,1,1,0.5714285714285714,48,0.4791666666666667
knn,5,2018-2019,53-1,teste_49.csv,1,2018-11-13,5,0,1,0.7142857142857143,49,0.4693877551020408
knn,5,2018-2019,54-1,teste_50.csv,1,2018-11-14,5,0,0,0.4,50,0.48
knn,5,2018-2019,55-1,teste_51.csv,1,2018-11-14,5,1,0,0.4285714285714285,51,0.4705882352941176
knn,5,2018-2019,56-1,teste_52.csv,1,2018-11-15,5,1,1,0.8266507459451383,52,0.4807692307692308
knn,5,2018-2019,57-1,teste_53.csv,1,2018-11-16,5,1,1,0.6666666666666666,53,0.490566037735849
knn,5,2018-2019,58-1,teste_54.csv,1,2018-11-16,5,1,0,0.3333333333333333,54,0.4814814814814814
knn,5,2018-2019,59-1,teste_55.csv,1,2018-11-17,5,1,1,0.6363636363636364,55,0.4909090909090909
knn,5,2018-2019,60-1,teste_56.csv,1,2018-11-19,5,0,1,0.5714285714285714,56,0.4821428571428571
knn,5,2018-2019,61-1,teste_57.csv,1,2018-11-20,6,1,1,0.6363636363636364,57,0.4912280701754385
knn,5,2018-2019,62-1,teste_58.csv,1,2018-11-21,6,1,1,0.5454545454545454,58,0.5
knn,5,2018-2019,63-1,teste_59.csv,1,2018-11-22,6,1,1,0.8181818181818182,59,0.5084745762711864
knn,5,2018-2019,64-1,teste_60.csv,1,2018-11-23,6,0,1,0.6363636363636364,60,0.5
knn,5,2018-2019,65-1,teste_61.csv,1,2018-11-24,6,1,1,0.6666666666666666,61,0.5081967213114754
knn,5,2018-2019,66-1,teste_62.csv,1,2018-11-25,7,1,1,1.0,62,0.5161290322580645
knn,5,2018-2019,67-1,teste_63.csv,1,2018-11-27,7,1,1,0.7142857142857143,63,0.5238095238095238
knn,5,2018-2019,68-1,teste_64.csv,1,2018-11-29,7,1,1,0.7142857142857143,64,0.53125
knn,5,2018-2019,69-1,teste_65.csv,1,2018-12-01,7,0,1,0.8571428571428571,65,0.5230769230769231
knn,5,2018-2019,70-1,teste_66.csv,1,2018-12-04,8,1,1,0.8571428571428571,66,0.5303030303030303
knn,5,2018-2019,71-1,teste_67.csv,1,2018-12-04,8,1,0,0.4285714285714285,67,0.5223880597014925
knn,5,2018-2019,72-1,teste_68.csv,1,2018-12-05,8,0,1,0.7142857142857143,68,0.5147058823529411
knn,5,2018-2019,73-1,teste_69.csv,1,2018-12-05,8,1,1,0.6,69,0.5217391304347826
knn,5,2018-2019,74-1,teste_70.csv,1,2018-12-06,8,1,0,0.4,70,0.5142857142857142
knn,5,2018-2019,75-1,teste_71.csv,1,2018-12-06,8,1,1,0.8,71,0.5211267605633803
knn,5,2018-2019,76-1,teste_72.csv,1,2018-12-07,8,1,1,0.6666666666666666,72,0.5277777777777778
knn,5,2018-2019,77-1,teste_73.csv,1,2018-12-07,8,1,1,0.6666666666666666,73,0.5342465753424658
knn,5,2018-2019,78-1,teste_74.csv,1,2018-12-08,8,1,1,1.0,74,0.5405405405405406
knn,5,2018-2019,79-1,teste_75.csv,1,2018-12-08,8,1,1,1.0,75,0.5466666666666666
knn,5,2018-2019,80-1,teste_76.csv,1,2018-12-10,9,1,1,1.0,76,0.5526315789473685
knn,5,2018-2019,81-1,teste_77.csv,1,2018-12-10,9,1,1,1.0,77,0.5584415584415584
knn,5,2018-2019,82-1,teste_78.csv,1,2018-12-11,9,0,1,0.6666666666666666,78,0.5512820512820513
knn,5,2018-2019,83-1,teste_79.csv,1,2018-12-12,9,1,1,0.6666666666666666,79,0.5569620253164557
knn,5,2018-2019,84-1,teste_80.csv,1,2018-12-13,9,1,1,0.6666666666666666,80,0.5625
knn,5,2018-2019,85-1,teste_81.csv,1,2018-12-13,9,0,1,0.6666666666666666,81,0.5555555555555556
knn,5,2018-2019,86-1,teste_82.csv,1,2018-12-14,9,0,1,0.6666666666666666,82,0.5487804878048781
knn,5,2018-2019,87-1,teste_83.csv,1,2018-12-15,9,1,1,0.6666666666666666,83,0.5542168674698795
knn,5,2018-2019,88-1,teste_84.csv,1,2018-12-15,9,0,0,0.3333333333333333,84,0.5595238095238095
knn,5,2018-2019,89-1,teste_85.csv,1,2018-12-15,9,1,1,1.0,85,0.5647058823529412
knn,5,2018-2019,90-1,teste_86.csv,1,2018-12-18,9,0,1,0.6666666666666666,86,0.5581395348837209
knn,5,2018-2019,91-1,teste_87.csv,1,2019-01-05,1,1,1,1.0,87,0.5632183908045977
knn,5,2018-2019,92-1,teste_88.csv,1,2019-01-07,1,1,1,1.0,88,0.5681818181818182
knn,5,2018-2019,93-1,teste_89.csv,1,2019-01-08,1,1,1,0.6666666666666666,89,0.5730337078651685
knn,5,2018-2019,94-1,teste_90.csv,1,2019-01-09,1,0,1,0.6666666666666666,90,0.5666666666666667
knn,5,2018-2019,95-1,teste_91.csv,1,2019-01-09,1,0,0,0.3333333333333333,91,0.5714285714285714
knn,5,2018-2019,96-1,teste_92.csv,1,2019-01-10,1,0,0,0.3333333333333333,92,0.5760869565217391
knn,5,2018-2019,97-1,teste_93.csv,1,2019-01-10,1,1,0,0.3333333333333333,93,0.5698924731182796
knn,5,2018-2019,98-1,teste_94.csv,1,2019-01-11,1,0,0,0.3333333333333333,94,0.574468085106383
knn,5,2018-2019,99-1,teste_95.csv,1,2019-01-11,1,0,1,0.5454545454545454,95,0.5684210526315789
knn,5,2018-2019,100-1,teste_96.csv,1,2019-01-12,1,0,1,0.6666666666666666,96,0.5625
knn,5,2018-2019,101-1,teste_97.csv,1,2019-01-12,1,1,0,0.3333333333333333,97,0.5567010309278351
knn,5,2018-2019,102-1,teste_98.csv,1,2019-01-14,2,0,1,0.6666666666666666,98,0.5510204081632653
knn,5,2018-2019,103-1,teste_99.csv,1,2019-01-14,2,1,0,0.3333333333333333,99,0.5454545454545454
knn,5,2018-2019,104-1,teste_100.csv,1,2019-01-14,2,1,0,0.3333333333333333,100,0.54
knn,5,2018-2019,105-1,teste_101.csv,1,2019-01-15,2,0,0,0.3333333333333333,101,0.5445544554455446
knn,5,2018-2019,106-1,teste_102.csv,1,2019-01-16,2,0,0,0.3333333333333333,102,0.5490196078431373
knn,5,2018-2019,107-1,teste_103.csv,1,2019-01-16,2,0,1,0.6666666666666666,103,0.5436893203883495
knn,5,2018-2019,108-1,teste_104.csv,1,2019-01-17,2,0,0,0.0,104,0.5480769230769231
knn,5,2018-2019,109-1,teste_105.csv,1,2019-01-17,2,0,0,0.2,105,0.5523809523809524
knn,5,2018-2019,110-1,teste_106.csv,1,2019-01-18,2,1,0,0.2,106,0.5471698113207547
knn,5,2018-2019,111-1,teste_107.csv,1,2019-01-19,2,0,0,0.2,107,0.5514018691588785
knn,5,2018-2019,112-1,teste_108.csv,1,2019-01-19,2,0,0,0.2857142857142857,108,0.5555555555555556
knn,5,2018-2019,113-1,teste_109.csv,1,2019-01-21,3,1,1,0.7142857142857143,109,0.5596330275229358
knn,5,2018-2019,114-1,teste_110.csv,1,2019-01-22,3,0,1,0.7142857142857143,110,0.5545454545454546
knn,5,2018-2019,115-1,teste_111.csv,1,2019-01-22,3,1,0,0.4285714285714285,111,0.5495495495495496
knn,5,2018-2019,116-1,teste_112.csv,1,2019-01-23,3,0,1,1.0,112,0.5446428571428571
knn,5,2018-2019,117-1,teste_113.csv,1,2019-01-24,3,0,1,0.7142857142857143,113,0.5398230088495575
knn,5,2018-2019,118-1,teste_114.csv,1,2019-01-24,3,0,0,0.3333333333333333,114,0.543859649122807
knn,5,2018-2019,119-1,teste_115.csv,1,2019-01-26,3,0,1,0.5555555555555556,115,0.5391304347826087
knn,5,2018-2019,120-1,teste_116.csv,1,2019-01-26,3,1,0,0.3333333333333333,116,0.5344827586206896
knn,5,2018-2019,121-1,teste_117.csv,1,2019-01-28,4,1,1,0.6666666666666666,117,0.5384615384615384
knn,5,2018-2019,122-1,teste_118.csv,1,2019-01-29,4,0,0,0.3333333333333333,118,0.5423728813559322
knn,5,2018-2019,123-1,teste_119.csv,1,2019-01-30,4,1,0,0.0,119,0.5378151260504201
knn,5,2018-2019,124-1,teste_120.csv,1,2019-01-31,4,1,0,0.4,120,0.5333333333333333
knn,5,2018-2019,125-1,teste_121.csv,1,2019-02-01,4,1,0,0.4,121,0.5289256198347108
knn,5,2018-2019,126-1,teste_122.csv,1,2019-02-02,4,1,1,0.6,122,0.5327868852459017
knn,5,2018-2019,127-1,teste_123.csv,1,2019-02-04,5,0,0,0.4,123,0.5365853658536586
knn,5,2018-2019,128-1,teste_124.csv,1,2019-02-04,5,0,1,0.6,124,0.532258064516129
knn,5,2018-2019,129-1,teste_125.csv,1,2019-02-05,5,0,1,0.7777777777777778,125,0.528
knn,5,2018-2019,130-1,teste_126.csv,1,2019-02-05,5,1,0,0.4,126,0.5238095238095238
knn,5,2018-2019,131-1,teste_127.csv,1,2019-02-11,6,1,0,0.4,127,0.5196850393700787
knn,5,2018-2019,132-1,teste_128.csv,1,2019-02-13,6,1,1,0.6,128,0.5234375
knn,5,2018-2019,133-1,teste_129.csv,1,2019-02-13,6,1,1,0.6,129,0.5271317829457365
knn,5,2018-2019,134-1,teste_130.csv,1,2019-02-13,6,0,0,0.2,130,0.5307692307692308
knn,5,2018-2019,135-1,teste_131.csv,1,2019-02-14,6,1,1,0.5454545454545454,131,0.5343511450381679
knn,5,2018-2019,136-1,teste_132.csv,1,2019-02-15,6,1,1,0.6363636363636364,132,0.5378787878787878
knn,5,2018-2019,137-1,teste_133.csv,1,2019-02-15,6,1,0,0.2222222222222222,133,0.5338345864661654
knn,5,2018-2019,138-1,teste_134.csv,1,2019-02-15,6,0,1,0.6666666666666666,134,0.5298507462686567
knn,5,2018-2019,139-1,teste_135.csv,1,2019-02-16,6,0,1,1.0,135,0.5259259259259259
knn,5,2018-2019,140-1,teste_136.csv,1,2019-02-19,7,0,1,0.6,136,0.5220588235294118
knn,5,2018-2019,141-1,teste_137.csv,1,2019-02-23,7,1,1,0.6,137,0.5255474452554745
knn,5,2018-2019,142-1,teste_138.csv,1,2019-02-26,8,1,1,0.6,138,0.5289855072463768
knn,5,2018-2019,143-1,teste_139.csv,1,2019-02-26,8,1,0,0.4444444444444444,139,0.5251798561151079
knn,5,2018-2019,144-1,teste_140.csv,1,2019-02-28,8,1,1,1.0,140,0.5285714285714286
knn,5,2018-2019,145-1,teste_141.csv,1,2019-02-28,8,0,1,0.5555555555555556,141,0.524822695035461
knn,5,2018-2019,146-1,teste_142.csv,1,2019-02-28,8,1,1,0.7777777777777778,142,0.528169014084507
knn,5,2018-2019,147-1,teste_143.csv,1,2019-02-28,8,1,0,0.4,143,0.5244755244755245
knn,5,2018-2019,148-1,teste_144.csv,1,2019-03-01,8,0,0,0.1111111111111111,144,0.5277777777777778
knn,5,2018-2019,149-1,teste_145.csv,1,2019-03-02,8,1,1,0.6,145,0.5310344827586206
knn,5,2018-2019,150-1,teste_146.csv,1,2019-03-04,9,1,1,0.6,146,0.5342465753424658
knn,5,2018-2019,151-1,teste_147.csv,1,2019-03-06,9,1,0,0.4,147,0.5306122448979592
knn,5,2018-2019,152-1,teste_148.csv,1,2019-03-07,9,0,1,0.8,148,0.527027027027027
knn,5,2018-2019,153-1,teste_149.csv,1,2019-03-07,9,1,1,0.8,149,0.5302013422818792
knn,5,2018-2019,154-1,teste_150.csv,1,2019-03-08,9,1,0,0.4,150,0.5266666666666666
knn,5,2018-2019,155-1,teste_151.csv,1,2019-03-09,9,1,1,0.6,151,0.5298013245033113
knn,5,2018-2019,156-1,teste_152.csv,1,2019-03-09,9,1,1,0.8,152,0.5328947368421053
knn,5,2018-2019,157-1,teste_153.csv,1,2019-03-11,10,1,1,0.6666666666666666,153,0.5359477124183006
knn,5,2018-2019,158-1,teste_154.csv,1,2019-03-12,10,1,1,1.0,154,0.538961038961039
knn,5,2018-2019,159-1,teste_155.csv,1,2019-03-14,10,0,1,0.6666666666666666,155,0.535483870967742
knn,5,2018-2019,160-1,teste_156.csv,1,2019-03-14,10,0,1,0.6666666666666666,156,0.532051282051282
knn,5,2018-2019,161-1,teste_157.csv,1,2019-03-15,10,0,1,0.5555555555555556,157,0.5286624203821656
knn,5,2018-2019,162-1,teste_158.csv,1,2019-03-15,10,1,1,0.5555555555555556,158,0.5316455696202531
knn,5,2018-2019,163-1,teste_159.csv,1,2019-03-16,10,0,0,0.4444444444444444,159,0.5345911949685535
knn,5,2018-2019,164-1,teste_160.csv,1,2019-03-16,10,0,0,0.3333333333333333,160,0.5375
knn,5,2018-2019,165-1,teste_161.csv,1,2019-03-16,10,1,0,0.4444444444444444,161,0.5341614906832298
knn,5,2018-2019,166-1,teste_162.csv,1,2019-03-18,11,0,1,0.5555555555555556,162,0.5308641975308642
knn,5,2018-2019,167-1,teste_163.csv,1,2019-03-19,11,0,0,0.4444444444444444,163,0.5337423312883436
knn,5,2018-2019,168-1,teste_164.csv,1,2019-03-21,11,0,0,0.4444444444444444,164,0.5365853658536586
knn,5,2018-2019,169-1,teste_165.csv,1,2019-03-23,11,1,1,0.6666666666666666,165,0.5393939393939394
knn,5,2018-2019,170-1,teste_166.csv,1,2019-03-24,12,1,1,0.6666666666666666,166,0.5421686746987951
knn,5,2018-2019,171-1,teste_167.csv,1,2019-03-24,12,1,1,0.8,167,0.5449101796407185
knn,5,2018-2019,172-1,teste_168.csv,1,2019-03-24,12,0,0,0.4,168,0.5476190476190477
knn,5,2018-2019,173-1,teste_169.csv,1,2019-03-24,12,1,0,0.4,169,0.5443786982248521
knn,5,2018-2019,174-1,teste_170.csv,1,2019-03-24,12,1,1,0.8,170,0.5470588235294118
knn,5,2018-2019,175-1,teste_171.csv,1,2019-03-26,12,0,1,0.6,171,0.543859649122807
knn,5,2018-2019,176-1,teste_172.csv,1,2019-03-26,12,1,1,0.8,172,0.5465116279069767
knn,5,2018-2019,177-1,teste_173.csv,1,2019-03-26,12,1,1,0.6,173,0.5491329479768786
knn,5,2018-2019,178-1,teste_174.csv,1,2019-03-26,12,1,1,0.8,174,0.5517241379310345
knn,5,2018-2019,179-1,teste_175.csv,1,2019-03-26,12,1,1,0.6,175,0.5542857142857143
knn,5,2018-2019,180-1,teste_176.csv,1,2019-03-26,12,0,1,0.8,176,0.5511363636363636
knn,5,2018-2019,181-1,teste_177.csv,1,2019-03-26,12,0,0,0.2,177,0.5536723163841808
knn,5,2018-2019,182-1,teste_178.csv,1,2019-03-30,1,1,0,0.4,178,0.550561797752809
knn,5,2018-2019,183-1,teste_179.csv,1,2019-04-01,1,0,0,0.4285714285714285,179,0.553072625698324
knn,5,2018-2019,184-1,teste_180.csv,1,2019-04-03,1,1,0,0.4444444444444444,180,0.55
knn,5,2018-2019,185-1,teste_181.csv,1,2019-04-04,2,1,0,0.4285714285714285,181,0.5469613259668509
knn,5,2018-2019,186-1,teste_182.csv,1,2019-04-05,1,1,1,0.7142857142857143,182,0.5494505494505495
knn,5,2018-2019,187-1,teste_183.csv,1,2019-04-05,2,1,0,0.4285714285714285,183,0.546448087431694
knn,5,2018-2019,188-1,teste_184.csv,1,2019-04-06,2,1,1,0.5555555555555556,184,0.5489130434782609
knn,5,2018-2019,189-1,teste_185.csv,1,2019-04-06,3,1,1,0.6666666666666666,185,0.5513513513513514
knn,5,2018-2019,190-1,teste_186.csv,1,2019-04-08,2,0,0,0.4444444444444444,186,0.553763440860215
knn,5,2018-2019,191-1,teste_187.csv,1,2019-04-08,3,1,1,0.5555555555555556,187,0.5561497326203209
knn,5,2018-2019,192-1,teste_188.csv,1,2019-04-12,1,1,1,0.5555555555555556,188,0.5585106382978723
knn,5,2018-2019,193-1,teste_189.csv,1,2019-04-13,1,0,1,0.5714285714285714,189,0.5555555555555556
knn,5,2018-2019,194-1,teste_190.csv,1,2019-04-13,1,0,1,0.7142857142857143,190,0.5526315789473685
knn,5,2018-2019,195-1,teste_191.csv,1,2019-04-16,1,0,1,0.8571428571428571,191,0.5497382198952879
knn,5,2018-2019,196-1,teste_192.csv,1,2019-04-17,2,1,1,0.8571428571428571,192,0.5520833333333334
knn,5,2018-2019,197-1,teste_193.csv,1,2019-04-18,2,1,1,0.5714285714285714,193,0.5544041450777202
knn,5,2018-2019,198-1,teste_194.csv,1,2019-04-19,2,1,1,0.5714285714285714,194,0.5567010309278351
knn,5,2018-2019,199-1,teste_195.csv,1,2019-04-20,3,1,1,0.8571428571428571,195,0.558974358974359
knn,5,2018-2019,200-1,teste_196.csv,1,2019-04-20,3,1,1,0.5714285714285714,196,0.5612244897959183
knn,5,2018-2019,201-1,teste_197.csv,1,2019-04-21,3,1,1,0.8571428571428571,197,0.5634517766497462
knn,5,2018-2019,202-1,teste_198.csv,1,2019-04-22,2,1,1,0.7142857142857143,198,0.5656565656565656
knn,5,2018-2019,203-1,teste_199.csv,1,2019-04-24,3,1,1,0.7142857142857143,199,0.5678391959798995
knn,5,2018-2019,204-1,teste_200.csv,1,2019-04-27,4,1,1,0.5714285714285714,200,0.57
knn,5,2018-2019,205-1,teste_201.csv,1,2019-04-30,5,0,1,1.0,201,0.5671641791044776
knn,5,2018-2019,206-1,teste_202.csv,1,2019-05-03,1,0,0,0.4444444444444444,202,0.5693069306930693
knn,5,2018-2019,207-1,teste_203.csv,1,2019-05-04,1,0,1,0.5555555555555556,203,0.5665024630541872
knn,5,2018-2019,208-1,teste_204.csv,1,2019-05-08,2,1,1,0.7777777777777778,204,0.5686274509803921
knn,5,2018-2019,209-1,teste_205.csv,1,2019-05-09,2,1,1,0.7777777777777778,205,0.5707317073170731
knn,5,2018-2019,210-1,teste_206.csv,1,2019-05-10,3,1,1,0.8888888888888888,206,0.5728155339805825
knn,5,2018-2019,211-1,teste_207.csv,1,2019-05-11,3,0,1,0.8888888888888888,207,0.5700483091787439
knn,5,2018-2019,212-1,teste_208.csv,1,2019-05-14,4,0,1,0.6666666666666666,208,0.5673076923076923
knn,5,2018-2019,213-1,teste_209.csv,1,2019-05-19,1,1,0,0.4444444444444444,209,0.5645933014354066
knn,5,2018-2019,214-1,teste_210.csv,1,2019-05-23,2,1,1,0.6666666666666666,210,0.5666666666666667
knn,5,2018-2019,215-1,teste_211.csv,1,2019-05-25,3,1,1,0.6666666666666666,211,0.5687203791469194
knn,5,2018-2019,216-1,teste_212.csv,1,2019-06-01,4,1,1,0.6666666666666666,212,0.5707547169811321
knn,5,2019-2020,5-1,teste_1.csv,1,2019-10-15,1,0,1,0.6666666666666666,1,0.0
knn,5,2019-2020,6-1,teste_2.csv,1,2019-10-16,1,1,0,0.3333333333333333,2,0.0
knn,5,2019-2020,7-1,teste_3.csv,1,2019-10-16,1,1,0,0.4,3,0.0
knn,5,2019-2020,8-1,teste_4.csv,1,2019-10-17,1,0,1,0.6,4,0.0
knn,5,2019-2020,10-1,teste_6.csv,1,2019-10-18,1,1,1,0.6666666666666666,5,0.2
knn,5,2019-2020,11-1,teste_7.csv,1,2019-10-18,1,0,1,0.5714285714285714,6,0.1666666666666666
knn,5,2019-2020,9-1,teste_5.csv,1,2019-10-18,1,1,0,0.4,7,0.1428571428571428
knn,5,2019-2020,12-1,teste_8.csv,1,2019-10-19,1,0,0,0.3333333333333333,8,0.25
knn,5,2019-2020,13-1,teste_9.csv,1,2019-10-21,2,0,0,0.4582467789779582,9,0.3333333333333333
knn,5,2019-2020,14-1,teste_10.csv,1,2019-10-21,2,1,0,0.4285714285714285,10,0.3
knn,5,2019-2020,15-1,teste_11.csv,1,2019-10-22,2,1,1,0.5714285714285714,11,0.3636363636363636
knn,5,2019-2020,16-1,teste_12.csv,1,2019-10-22,2,0,1,0.5714285714285714,12,0.3333333333333333
knn,5,2019-2020,17-1,teste_13.csv,1,2019-10-22,2,0,1,0.6184069654310712,13,0.3076923076923077
knn,5,2019-2020,18-1,teste_14.csv,1,2019-10-23,2,1,1,0.5669540233454083,14,0.3571428571428571
knn,5,2019-2020,19-1,teste_15.csv,1,2019-10-24,2,0,1,0.5807589297207141,15,0.3333333333333333
knn,5,2019-2020,20-1,teste_16.csv,1,2019-10-24,2,1,1,0.5830804414990797,16,0.375
knn,5,2019-2020,21-1,teste_17.csv,1,2019-10-25,2,1,1,0.6124979418078731,17,0.4117647058823529
knn,5,2019-2020,22-1,teste_18.csv,1,2019-10-25,2,0,1,0.6666666666666666,18,0.3888888888888889
knn,5,2019-2020,23-1,teste_19.csv,1,2019-10-26,2,0,1,0.5627352206488627,19,0.3684210526315789
knn,5,2019-2020,24-1,teste_20.csv,1,2019-10-26,2,0,1,0.6666666666666666,20,0.35
knn,5,2019-2020,25-1,teste_21.csv,1,2019-10-27,3,0,0,0.4285714285714285,21,0.3809523809523809
knn,5,2019-2020,26-1,teste_22.csv,1,2019-10-28,3,0,0,0.2,22,0.4090909090909091
knn,5,2019-2020,27-1,teste_23.csv,1,2019-10-29,3,1,0,0.3671903423122115,23,0.391304347826087
knn,5,2019-2020,28-1,teste_24.csv,1,2019-10-29,3,0,0,0.1396824524605778,24,0.4166666666666667
knn,5,2019-2020,29-1,teste_25.csv,1,2019-10-30,3,0,0,0.4285714285714285,25,0.44
knn,5,2019-2020,30-1,teste_26.csv,1,2019-10-30,3,0,0,0.4285714285714285,26,0.4615384615384615
knn,5,2019-2020,31-1,teste_27.csv,1,2019-10-31,3,1,0,0.2857142857142857,27,0.4444444444444444
knn,5,2019-2020,32-1,teste_28.csv,1,2019-11-01,3,1,1,0.5714285714285714,28,0.4642857142857143
knn,5,2019-2020,33-1,teste_29.csv,1,2019-11-01,3,1,1,0.6666666666666666,29,0.4827586206896552
knn,5,2019-2020,34-1,teste_30.csv,1,2019-11-02,3,0,0,0.4444444444444444,30,0.5
knn,5,2019-2020,35-1,teste_31.csv,1,2019-11-04,4,1,1,0.5440845367343483,31,0.5161290322580645
knn,5,2019-2020,36-1,teste_32.csv,1,2019-11-04,4,1,1,0.718974654953319,32,0.53125
knn,5,2019-2020,37-1,teste_33.csv,1,2019-11-05,4,0,0,0.4545454545454545,33,0.5454545454545454
knn,5,2019-2020,38-1,teste_34.csv,1,2019-11-05,4,0,0,0.2729252386164917,34,0.5588235294117647
knn,5,2019-2020,39-1,teste_35.csv,1,2019-11-06,4,0,1,0.6363636363636364,35,0.5428571428571428
knn,5,2019-2020,40-1,teste_36.csv,1,2019-11-06,4,0,1,1.0,36,0.5277777777777778
knn,5,2019-2020,41-1,teste_37.csv,1,2019-11-07,4,0,0,0.3049265154466208,37,0.5405405405405406
knn,5,2019-2020,42-1,teste_38.csv,1,2019-11-07,4,1,0,0.3333333333333333,38,0.5263157894736842
knn,5,2019-2020,43-1,teste_39.csv,1,2019-11-08,4,0,0,0.0,39,0.5384615384615384
knn,5,2019-2020,44-1,teste_40.csv,1,2019-11-08,4,0,0,0.0,40,0.55
knn,5,2019-2020,45-1,teste_41.csv,1,2019-11-09,4,1,0,0.4,41,0.5365853658536586
knn,5,2019-2020,46-1,teste_42.csv,1,2019-11-09,4,1,1,0.5454545454545454,42,0.5476190476190477
knn,5,2019-2020,47-1,teste_43.csv,1,2019-11-09,4,1,1,0.5714285714285714,43,0.5581395348837209
knn,5,2019-2020,48-1,teste_44.csv,1,2019-11-11,5,1,1,0.8,44,0.5681818181818182
knn,5,2019-2020,49-1,teste_45.csv,1,2019-11-12,5,0,0,0.0,45,0.5777777777777777
knn,5,2019-2020,50-1,teste_46.csv,1,2019-11-12,5,1,1,0.8,46,0.5869565217391305
knn,5,2019-2020,51-1,teste_47.csv,1,2019-11-13,5,0,0,0.4131352530294673,47,0.5957446808510638
knn,5,2019-2020,52-1,teste_48.csv,1,2019-11-14,5,0,0,0.2674671834499483,48,0.6041666666666666
knn,5,2019-2020,53-1,teste_49.csv,1,2019-11-15,5,1,0,0.4285714285714285,49,0.5918367346938775
knn,5,2019-2020,54-1,teste_50.csv,1,2019-11-15,5,0,1,1.0,50,0.58
knn,5,2019-2020,55-1,teste_51.csv,1,2019-11-16,5,0,1,0.6666666666666666,51,0.5686274509803921
knn,5,2019-2020,56-1,teste_52.csv,1,2019-11-16,5,1,0,0.3333333333333333,52,0.5576923076923077
knn,5,2019-2020,57-1,teste_53.csv,1,2019-11-17,6,0,0,0.4543405803296804,53,0.5660377358490566
knn,5,2019-2020,58-1,teste_54.csv,1,2019-11-18,6,1,1,0.6666666666666666,54,0.5740740740740741
knn,5,2019-2020,59-1,teste_55.csv,1,2019-11-19,6,1,1,0.6959103520620963,55,0.5818181818181818
knn,5,2019-2020,60-1,teste_56.csv,1,2019-11-19,6,1,0,0.2808151365046386,56,0.5714285714285714
knn,5,2019-2020,61-1,teste_57.csv,1,2019-11-20,6,0,0,0.3333333333333333,57,0.5789473684210527
knn,5,2019-2020,62-1,teste_58.csv,1,2019-11-20,6,1,1,1.0,58,0.5862068965517241
knn,5,2019-2020,63-1,teste_59.csv,1,2019-11-21,6,0,1,0.6666666666666666,59,0.576271186440678
knn,5,2019-2020,64-1,teste_60.csv,1,2019-11-21,6,0,0,0.1950236242326087,60,0.5833333333333334
knn,5,2019-2020,65-1,teste_61.csv,1,2019-11-22,6,0,1,0.8181818181818182,61,0.5737704918032787
knn,5,2019-2020,66-1,teste_62.csv,1,2019-11-22,6,0,0,0.2181175462505235,62,0.5806451612903226
knn,5,2019-2020,67-1,teste_63.csv,1,2019-11-23,6,0,0,0.4545454545454545,63,0.5873015873015873
knn,5,2019-2020,68-1,teste_64.csv,1,2019-11-23,6,0,0,0.3333333333333333,64,0.59375
knn,5,2019-2020,69-1,teste_65.csv,1,2019-11-24,7,1,1,0.8,65,0.6
knn,5,2019-2020,70-1,teste_66.csv,1,2019-11-25,7,0,0,0.1428571428571428,66,0.6060606060606061
knn,5,2019-2020,71-1,teste_67.csv,1,2019-11-25,7,1,0,0.4,67,0.5970149253731343
knn,5,2019-2020,72-1,teste_68.csv,1,2019-11-26,7,1,1,0.6,68,0.6029411764705882
knn,5,2019-2020,73-1,teste_69.csv,1,2019-11-26,7,0,0,0.3333333333333333,69,0.6086956521739131
knn,5,2019-2020,74-1,teste_70.csv,1,2019-11-27,7,1,0,0.3333333333333333,70,0.6
knn,5,2019-2020,75-1,teste_71.csv,1,2019-11-28,7,1,1,0.6,71,0.6056338028169014
knn,5,2019-2020,76-1,teste_72.csv,1,2019-11-29,7,0,0,0.0,72,0.6111111111111112
knn,5,2019-2020,77-1,teste_73.csv,1,2019-11-29,7,1,1,0.6666666666666666,73,0.6164383561643836
knn,5,2019-2020,78-1,teste_74.csv,1,2019-11-30,7,0,1,0.6666666666666666,74,0.6081081081081081
knn,5,2019-2020,79-1,teste_75.csv,1,2019-11-30,7,0,1,0.6666666666666666,75,0.6
knn,5,2019-2020,80-1,teste_76.csv,1,2019-12-01,8,1,0,0.4,76,0.5921052631578947
knn,5,2019-2020,81-1,teste_77.csv,1,2019-12-02,8,1,1,0.6666666666666666,77,0.5974025974025974
knn,5,2019-2020,82-1,teste_78.csv,1,2019-12-02,8,1,1,0.6666666666666666,78,0.6025641025641025
knn,5,2019-2020,83-1,teste_79.csv,1,2019-12-03,8,0,1,0.6666666666666666,79,0.5949367088607594
knn,5,2019-2020,84-1,teste_80.csv,1,2019-12-03,8,0,1,0.7777777777777778,80,0.5875
knn,5,2019-2020,85-1,teste_81.csv,1,2019-12-04,8,1,1,0.7142857142857143,81,0.5925925925925926
knn,5,2019-2020,86-1,teste_82.csv,1,2019-12-05,8,0,1,0.5714285714285714,82,0.5853658536585366
knn,5,2019-2020,87-1,teste_83.csv,1,2019-12-06,8,1,1,0.5714285714285714,83,0.5903614457831325
knn,5,2019-2020,88-1,teste_84.csv,1,2019-12-06,8,0,0,0.4285714285714285,84,0.5952380952380952
knn,5,2019-2020,89-1,teste_85.csv,1,2019-12-07,8,0,1,0.7142857142857143,85,0.5882352941176471
knn,5,2019-2020,90-1,teste_86.csv,1,2019-12-08,9,1,1,0.5714285714285714,86,0.5930232558139535
knn,5,2019-2020,91-1,teste_87.csv,1,2019-12-08,9,1,1,0.8571428571428571,87,0.5977011494252874
knn,5,2019-2020,92-1,teste_88.csv,1,2019-12-08,9,0,0,0.1428571428571428,88,0.6022727272727273
knn,5,2019-2020,93-1,teste_89.csv,1,2019-12-09,9,0,1,0.6,89,0.5955056179775281
knn,5,2019-2020,94-1,teste_90.csv,1,2019-12-09,9,0,1,0.7142857142857143,90,0.5888888888888889
knn,5,2019-2020,95-1,teste_91.csv,1,2019-12-10,9,0,0,0.2,91,0.5934065934065934
knn,5,2019-2020,96-1,teste_92.csv,1,2019-12-10,9,1,0,0.4,92,0.5869565217391305
knn,5,2019-2020,97-1,teste_93.csv,1,2019-12-11,9,1,1,0.7142857142857143,93,0.5913978494623656
knn,5,2019-2020,98-1,teste_94.csv,1,2019-12-12,9,0,1,0.5714285714285714,94,0.5851063829787234
knn,5,2019-2020,99-1,teste_95.csv,1,2019-12-13,9,1,0,0.4,95,0.5789473684210527
knn,5,2019-2020,100-1,teste_96.csv,1,2019-12-14,9,0,0,0.4,96,0.5833333333333334
knn,5,2019-2020,101-1,teste_97.csv,1,2019-12-14,9,0,1,0.6,97,0.5773195876288659
knn,5,2019-2020,102-1,teste_98.csv,1,2019-12-16,10,1,1,0.6,98,0.5816326530612245
knn,5,2019-2020,103-1,teste_99.csv,1,2019-12-17,10,0,1,0.5714285714285714,99,0.5757575757575758
knn,5,2019-2020,104-1,teste_100.csv,1,2019-12-17,10,0,1,0.7142857142857143,100,0.57
knn,5,2019-2020,105-1,teste_101.csv,1,2019-12-18,10,1,1,0.8571428571428571,101,0.5742574257425742
knn,5,2019-2020,106-1,teste_102.csv,1,2019-12-19,10,0,1,0.8571428571428571,102,0.5686274509803921
knn,5,2019-2020,107-1,teste_103.csv,1,2019-12-19,10,1,1,0.5714285714285714,103,0.5728155339805825
knn,5,2019-2020,108-1,teste_104.csv,1,2019-12-20,10,1,0,0.1428571428571428,104,0.5673076923076923
knn,5,2019-2020,109-1,teste_105.csv,1,2019-12-20,10,0,1,0.5714285714285714,105,0.5619047619047619
knn,5,2019-2020,110-1,teste_106.csv,1,2019-12-21,10,1,1,0.7142857142857143,106,0.5660377358490566
knn,5,2019-2020,111-1,teste_107.csv,1,2019-12-21,10,0,1,0.5714285714285714,107,0.5607476635514018
knn,5,2019-2020,112-1,teste_108.csv,1,2019-12-27,11,0,0,0.4285714285714285,108,0.5648148148148148
knn,5,2019-2020,113-1,teste_109.csv,1,2019-12-27,11,0,0,0.3636363636363636,109,0.5688073394495413
knn,5,2019-2020,114-1,teste_110.csv,1,2019-12-27,11,0,1,0.5454545454545454,110,0.5636363636363636
knn,5,2019-2020,115-1,teste_111.csv,1,2019-12-28,11,0,0,0.4545454545454545,111,0.5675675675675675
knn,5,2019-2020,116-1,teste_112.csv,1,2019-12-28,11,1,1,0.6363636363636364,112,0.5714285714285714
knn,5,2019-2020,117-1,teste_113.csv,1,2019-12-28,11,1,1,0.6363636363636364,113,0.5752212389380531
knn,5,2019-2020,118-1,teste_114.csv,1,2019-12-29,11,1,1,0.5454545454545454,114,0.5789473684210527
knn,5,2019-2020,119-1,teste_115.csv,1,2019-12-29,11,1,1,0.8181818181818182,115,0.5826086956521739
knn,5,2019-2020,120-1,teste_116.csv,1,2020-01-13,1,1,0,0.4444444444444444,116,0.5775862068965517
knn,5,2019-2020,121-1,teste_117.csv,1,2020-01-14,1,1,0,0.1111111111111111,117,0.5726495726495726
knn,5,2019-2020,122-1,teste_118.csv,1,2020-01-14,1,1,1,0.6,118,0.576271186440678
knn,5,2019-2020,123-1,teste_119.csv,1,2020-01-15,1,0,0,0.4545454545454545,119,0.5798319327731093
knn,5,2019-2020,124-1,teste_120.csv,1,2020-01-15,1,1,1,0.6,120,0.5833333333333334
knn,5,2019-2020,125-1,teste_121.csv,1,2020-01-16,1,1,1,0.8181818181818182,121,0.5867768595041323
knn,5,2019-2020,126-1,teste_122.csv,1,2020-01-17,1,0,1,0.7272727272727273,122,0.5819672131147541
knn,5,2019-2020,127-1,teste_123.csv,1,2020-01-17,1,0,1,0.5555555555555556,123,0.5772357723577236
knn,5,2019-2020,128-1,teste_124.csv,1,2020-01-18,1,1,1,0.6666666666666666,124,0.5806451612903226
knn,5,2019-2020,129-1,teste_125.csv,1,2020-01-20,2,0,1,0.5555555555555556,125,0.576
knn,5,2019-2020,130-1,teste_126.csv,1,2020-01-21,2,0,1,0.5555555555555556,126,0.5714285714285714
knn,5,2019-2020,131-1,teste_127.csv,1,2020-01-21,2,1,1,0.6666666666666666,127,0.5748031496062992
knn,5,2019-2020,132-1,teste_128.csv,1,2020-01-22,2,1,0,0.3333333333333333,128,0.5703125
knn,5,2019-2020,133-1,teste_129.csv,1,2020-01-23,2,0,1,0.6666666666666666,129,0.5658914728682171
knn,5,2019-2020,134-1,teste_130.csv,1,2020-01-24,2,1,1,0.6666666666666666,130,0.5692307692307692
knn,5,2019-2020,135-1,teste_131.csv,1,2020-01-24,2,1,1,0.6666666666666666,131,0.5725190839694656
knn,5,2019-2020,136-1,teste_132.csv,1,2020-01-25,2,0,1,0.7272727272727273,132,0.5681818181818182
knn,5,2019-2020,137-1,teste_133.csv,1,2020-01-25,2,1,1,1.0,133,0.5714285714285714
knn,5,2019-2020,138-1,teste_134.csv,1,2020-01-27,3,0,1,0.6666666666666666,134,0.5671641791044776
knn,5,2019-2020,139-1,teste_135.csv,1,2020-01-27,3,1,1,0.6363636363636364,135,0.5703703703703704
knn,5,2019-2020,140-1,teste_136.csv,1,2020-01-28,3,1,0,0.4545454545454545,136,0.5661764705882353
knn,5,2019-2020,141-1,teste_137.csv,1,2020-01-28,3,0,1,0.7272727272727273,137,0.5620437956204379
knn,5,2019-2020,142-1,teste_138.csv,1,2020-01-29,3,1,0,0.4285714285714285,138,0.5579710144927537
knn,5,2019-2020,143-1,teste_139.csv,1,2020-01-29,3,1,1,0.5714285714285714,139,0.5611510791366906
knn,5,2019-2020,144-1,teste_140.csv,1,2020-01-30,3,0,1,0.5555555555555556,140,0.5571428571428572
knn,5,2019-2020,145-1,teste_141.csv,1,2020-01-30,3,0,1,0.5714285714285714,141,0.5531914893617021
knn,5,2019-2020,146-1,teste_142.csv,1,2020-01-31,3,1,1,0.7142857142857143,142,0.5563380281690141
knn,5,2019-2020,147-1,teste_143.csv,1,2020-01-31,3,0,1,0.5714285714285714,143,0.5524475524475524
knn,5,2019-2020,148-1,teste_144.csv,1,2020-02-01,3,1,0,0.4285714285714285,144,0.5486111111111112
knn,5,2019-2020,149-1,teste_145.csv,1,2020-02-01,3,1,1,0.5454545454545454,145,0.5517241379310345
knn,5,2019-2020,150-1,teste_146.csv,1,2020-02-02,4,1,1,0.5714285714285714,146,0.5547945205479452
knn,5,2019-2020,151-1,teste_147.csv,1,2020-02-03,4,1,1,0.7272727272727273,147,0.5578231292517006
knn,5,2019-2020,152-1,teste_148.csv,1,2020-02-03,4,0,1,0.6666666666666666,148,0.5540540540540541
knn,5,2019-2020,153-1,teste_149.csv,1,2020-02-04,4,1,1,0.8,149,0.5570469798657718
knn,5,2019-2020,154-1,teste_150.csv,1,2020-02-04,4,1,0,0.2,150,0.5533333333333333
knn,5,2019-2020,155-1,teste_151.csv,1,2020-02-04,4,1,0,0.4,151,0.5496688741721855
knn,5,2019-2020,156-1,teste_152.csv,1,2020-02-05,4,0,0,0.4,152,0.5526315789473685
knn,5,2019-2020,157-1,teste_153.csv,1,2020-02-05,4,0,0,0.4,153,0.5555555555555556
knn,5,2019-2020,158-1,teste_154.csv,1,2020-02-06,4,1,1,1.0,154,0.5584415584415584
knn,5,2019-2020,159-1,teste_155.csv,1,2020-02-07,4,1,1,0.5555555555555556,155,0.5612903225806452
knn,5,2019-2020,160-1,teste_156.csv,1,2020-02-07,4,0,1,0.6666666666666666,156,0.5576923076923077
knn,5,2019-2020,161-1,teste_157.csv,1,2020-02-07,4,0,1,0.5555555555555556,157,0.554140127388535
knn,5,2019-2020,162-1,teste_158.csv,1,2020-02-08,4,0,1,0.5555555555555556,158,0.5506329113924051
knn,5,2019-2020,163-1,teste_159.csv,1,2020-02-10,5,0,0,0.4444444444444444,159,0.5534591194968553
knn,5,2019-2020,164-1,teste_160.csv,1,2020-02-10,5,0,0,0.4444444444444444,160,0.55625
knn,5,2019-2020,165-1,teste_161.csv,1,2020-02-11,5,1,1,0.5555555555555556,161,0.5590062111801242
knn,5,2019-2020,166-1,teste_162.csv,1,2020-02-11,5,1,1,0.6,162,0.5617283950617284
knn,5,2019-2020,167-1,teste_163.csv,1,2020-02-12,5,0,1,0.7777777777777778,163,0.558282208588957
knn,5,2019-2020,168-1,teste_164.csv,1,2020-02-12,5,1,0,0.4,164,0.5548780487804879
knn,5,2019-2020,169-1,teste_165.csv,1,2020-02-12,5,0,0,0.4,165,0.5575757575757576
knn,5,2019-2020,170-1,teste_166.csv,1,2020-02-13,5,0,1,0.6,166,0.5542168674698795
knn,5,2019-2020,171-1,teste_167.csv,1,2020-02-13,5,0,0,0.0,167,0.5568862275449101
knn,5,2019-2020,172-1,teste_168.csv,1,2020-02-14,5,0,0,0.4,168,0.5595238095238095
knn,5,2019-2020,173-1,teste_169.csv,1,2020-02-14,5,0,0,0.4,169,0.5621301775147929
knn,5,2019-2020,174-1,teste_170.csv,1,2020-02-15,5,1,0,0.4,170,0.5588235294117647
knn,5,2019-2020,175-1,teste_171.csv,1,2020-02-15,5,1,0,0.3333333333333333,171,0.5555555555555556
knn,5,2019-2020,176-1,teste_172.csv,1,2020-02-26,6,1,1,0.6666666666666666,172,0.5581395348837209
knn,5,2019-2020,177-1,teste_173.csv,1,2020-02-27,6,1,0,0.3333333333333333,173,0.5549132947976878
knn,5,2019-2020,178-1,teste_174.csv,1,2020-02-28,6,1,1,0.6666666666666666,174,0.5574712643678161
knn,5,2019-2020,179-1,teste_175.csv,1,2020-02-28,6,1,1,0.6666666666666666,175,0.56
knn,5,2019-2020,180-1,teste_176.csv,1,2020-02-28,6,0,1,0.6666666666666666,176,0.5568181818181818
knn,5,2019-2020,181-1,teste_177.csv,1,2020-02-29,6,1,0,0.3333333333333333,177,0.5536723163841808
knn,5,2019-2020,182-1,teste_178.csv,1,2020-02-29,6,1,1,1.0,178,0.5561797752808989
knn,5,2019-2020,183-1,teste_179.csv,1,2020-03-02,7,1,1,0.6666666666666666,179,0.5586592178770949
knn,5,2019-2020,184-1,teste_180.csv,1,2020-03-02,7,0,0,0.3333333333333333,180,0.5611111111111111
knn,5,2019-2020,185-1,teste_181.csv,1,2020-03-03,7,1,1,1.0,181,0.56353591160221
knn,5,2019-2020,186-1,teste_182.csv,1,2020-03-03,7,1,1,0.6666666666666666,182,0.5659340659340659
knn,5,2019-2020,187-1,teste_183.csv,1,2020-03-03,7,0,1,1.0,183,0.5628415300546448
knn,5,2019-2020,188-1,teste_184.csv,1,2020-03-04,7,1,1,0.8974482938093623,184,0.5652173913043478
knn,5,2019-2020,189-1,teste_185.csv,1,2020-03-05,7,0,0,0.4545454545454545,185,0.5675675675675675
knn,5,2019-2020,190-1,teste_186.csv,1,2020-03-05,7,0,0,0.4545454545454545,186,0.5698924731182796
knn,5,2019-2020,191-1,teste_187.csv,1,2020-03-05,7,1,1,0.6746957383919326,187,0.5721925133689839
knn,5,2019-2020,192-1,teste_188.csv,1,2020-03-05,7,1,1,0.5323673730299185,188,0.574468085106383
knn,5,2019-2020,193-1,teste_189.csv,1,2020-03-06,7,1,1,0.5454545454545454,189,0.5767195767195767
knn,5,2019-2020,194-1,teste_190.csv,1,2020-03-06,7,1,1,0.8181818181818182,190,0.5789473684210527
knn,5,2019-2020,195-1,teste_191.csv,1,2020-03-07,7,0,1,0.6666666666666666,191,0.5759162303664922
knn,5,2019-2020,196-1,teste_192.csv,1,2020-03-08,8,1,1,1.0,192,0.578125
knn,5,2019-2020,197-1,teste_193.csv,1,2020-03-09,8,1,0,0.3333333333333333,193,0.5751295336787565
knn,5,2019-2020,198-1,teste_194.csv,1,2020-03-09,8,0,0,0.3333333333333333,194,0.5773195876288659
knn,5,2019-2020,199-1,teste_195.csv,1,2020-03-10,8,1,1,0.5555555555555556,195,0.5794871794871795
knn,5,2019-2020,200-1,teste_196.csv,1,2020-03-10,8,1,1,0.5555555555555556,196,0.5816326530612245
knn,5,2019-2020,201-1,teste_197.csv,1,2020-03-11,8,0,1,0.8181818181818182,197,0.5786802030456852
knn,5,2019-2020,202-1,teste_198.csv,1,2020-03-12,8,1,1,0.5454545454545454,198,0.5808080808080808
knn,5,2019-2020,203-1,teste_199.csv,1,2020-03-13,8,1,1,0.8888888888888888,199,0.5829145728643216
knn,5,2019-2020,204-1,teste_200.csv,1,2020-03-14,8,0,1,0.8888888888888888,200,0.58
knn,5,2019-2020,205-1,teste_201.csv,1,2020-03-14,8,1,1,0.8181818181818182,201,0.582089552238806
knn,5,2020-2021,5-1,teste_1.csv,1,2020-11-12,1,1,1,0.6666666666666666,1,1.0
knn,5,2020-2021,6-1,teste_2.csv,1,2020-11-13,1,0,1,0.6666666666666666,2,0.5
knn,5,2020-2021,10-1,teste_6.csv,1,2020-11-14,1,0,1,0.6666666666666666,3,0.3333333333333333
knn,5,2020-2021,11-1,teste_7.csv,1,2020-11-14,1,1,0,0.0,4,0.25
knn,5,2020-2021,12-1,teste_8.csv,1,2020-11-14,1,1,1,1.0,5,0.4
knn,5,2020-2021,7-1,teste_3.csv,1,2020-11-14,1,0,0,0.3333333333333333,6,0.5
knn,5,2020-2021,8-1,teste_4.csv,1,2020-11-14,1,1,0,0.2007842123416158,7,0.4285714285714285
knn,5,2020-2021,9-1,teste_5.csv,1,2020-11-14,1,0,0,0.0,8,0.5
knn,5,2020-2021,13-1,teste_9.csv,1,2020-11-16,2,0,0,0.3333333333333333,9,0.5555555555555556
knn,5,2020-2021,14-1,teste_10.csv,1,2020-11-16,2,1,0,0.3433329098340657,10,0.5
knn,5,2020-2021,15-1,teste_11.csv,1,2020-11-16,2,1,1,0.52034028005532,11,0.5454545454545454
knn,5,2020-2021,16-1,teste_12.csv,1,2020-11-17,2,0,1,0.5342125122673566,12,0.5
knn,5,2020-2021,17-1,teste_13.csv,1,2020-11-17,2,1,0,0.3764401063746653,13,0.4615384615384615
knn,5,2020-2021,18-1,teste_14.csv,1,2020-11-17,2,0,0,0.4285714285714285,14,0.5
knn,5,2020-2021,19-1,teste_15.csv,1,2020-11-18,2,1,0,0.3943757406424495,15,0.4666666666666667
knn,5,2020-2021,20-1,teste_16.csv,1,2020-11-18,2,0,0,0.4315644421172671,16,0.5
knn,5,2020-2021,21-1,teste_17.csv,1,2020-11-18,2,1,0,0.2,17,0.4705882352941176
knn,5,2020-2021,22-1,teste_18.csv,1,2020-11-19,2,1,0,0.4,18,0.4444444444444444
knn,5,2020-2021,23-1,teste_19.csv,1,2020-11-19,2,0,0,0.3333333333333333,19,0.4736842105263157
knn,5,2020-2021,24-1,teste_20.csv,1,2020-11-19,2,0,0,0.2,20,0.5
knn,5,2020-2021,25-1,teste_21.csv,1,2020-11-19,2,1,1,0.6666666666666666,21,0.5238095238095238
knn,5,2020-2021,26-1,teste_22.csv,1,2020-11-20,2,1,1,0.6666666666666666,22,0.5454545454545454
knn,5,2020-2021,27-1,teste_23.csv,1,2020-11-20,2,1,1,0.6917171673079776,23,0.5652173913043478
knn,5,2020-2021,28-1,teste_24.csv,1,2020-11-20,2,1,1,1.0,24,0.5833333333333334
knn,5,2020-2021,29-1,teste_25.csv,1,2020-11-21,2,0,1,1.0,25,0.56
knn,5,2020-2021,30-1,teste_26.csv,1,2020-11-21,2,1,0,0.3333333333333333,26,0.5384615384615384
knn,5,2020-2021,31-1,teste_27.csv,1,2020-11-21,2,1,0,0.3333333333333333,27,0.5185185185185185
knn,5,2020-2021,32-1,teste_28.csv,1,2020-11-22,2,0,1,0.6666666666666666,28,0.5
knn,5,2020-2021,33-1,teste_29.csv,1,2020-11-22,2,1,1,0.8,29,0.5172413793103449
knn,5,2020-2021,34-1,teste_30.csv,1,2020-11-23,3,0,1,0.6,30,0.5
knn,5,2020-2021,35-1,teste_31.csv,1,2020-11-23,3,1,1,0.6,31,0.5161290322580645
knn,5,2020-2021,36-1,teste_32.csv,1,2020-11-25,3,1,1,0.8,32,0.53125
knn,5,2020-2021,37-1,teste_33.csv,1,2020-11-28,3,0,1,0.6024028909413698,33,0.5151515151515151
knn,5,2020-2021,38-1,teste_34.csv,1,2020-12-02,4,0,1,0.6931698015670141,34,0.5
knn,5,2020-2021,39-1,teste_35.csv,1,2020-12-02,4,1,1,0.7142857142857143,35,0.5142857142857142
knn,5,2020-2021,40-1,teste_36.csv,1,2020-12-02,4,1,1,1.0,36,0.5277777777777778
knn,5,2020-2021,41-1,teste_37.csv,1,2020-12-03,4,0,0,0.3120437350331539,37,0.5405405405405406
knn,5,2020-2021,42-1,teste_38.csv,1,2020-12-03,4,0,0,0.0973964784399389,38,0.5526315789473685
knn,5,2020-2021,43-1,teste_39.csv,1,2020-12-03,4,1,1,0.7032259487816158,39,0.5641025641025641
knn,5,2020-2021,44-1,teste_40.csv,1,2020-12-04,4,0,0,0.0,40,0.575
knn,5,2020-2021,45-1,teste_41.csv,1,2020-12-04,4,1,1,0.638536553182102,41,0.5853658536585366
knn,5,2020-2021,46-1,teste_42.csv,1,2020-12-04,4,1,1,0.5468288462249622,42,0.5952380952380952
knn,5,2020-2021,47-1,teste_43.csv,1,2020-12-04,4,0,1,0.5578473802304921,43,0.5813953488372093
knn,5,2020-2021,48-1,teste_44.csv,1,2020-12-05,4,1,1,0.5002616240801265,44,0.5909090909090909
knn,5,2020-2021,49-1,teste_45.csv,1,2020-12-05,4,0,0,0.1147217879330298,45,0.6
knn,5,2020-2021,50-1,teste_46.csv,1,2020-12-05,4,1,1,0.5454545454545454,46,0.6086956521739131
knn,5,2020-2021,51-1,teste_47.csv,1,2020-12-05,4,1,0,0.4545454545454545,47,0.5957446808510638
knn,5,2020-2021,52-1,teste_48.csv,1,2020-12-06,4,1,1,0.5454545454545454,48,0.6041666666666666
knn,5,2020-2021,53-1,teste_49.csv,1,2020-12-06,4,1,1,0.7777777777777778,49,0.6122448979591837
knn,5,2020-2021,54-1,teste_50.csv,1,2020-12-06,4,0,0,0.3333333333333333,50,0.62
knn,5,2020-2021,55-1,teste_51.csv,1,2020-12-07,5,1,1,0.5555555555555556,51,0.6274509803921569
knn,5,2020-2021,56-1,teste_52.csv,1,2020-12-07,5,1,1,0.8212690955786085,52,0.6346153846153846
knn,5,2020-2021,57-1,teste_53.csv,1,2020-12-08,5,1,1,0.5555555555555556,53,0.6415094339622641
knn,5,2020-2021,58-1,teste_54.csv,1,2020-12-08,5,1,1,0.6666666666666666,54,0.6481481481481481
knn,5,2020-2021,59-1,teste_55.csv,1,2020-12-09,5,1,1,0.7142857142857143,55,0.6545454545454545
knn,5,2020-2021,60-1,teste_56.csv,1,2020-12-10,5,1,0,0.2857142857142857,56,0.6428571428571429
knn,5,2020-2021,61-1,teste_57.csv,1,2020-12-10,5,1,1,0.7142857142857143,57,0.6491228070175439
knn,5,2020-2021,62-1,teste_58.csv,1,2020-12-11,5,1,0,0.2857142857142857,58,0.6379310344827587
knn,5,2020-2021,63-1,teste_59.csv,1,2020-12-11,5,1,1,1.0,59,0.6440677966101694
knn,5,2020-2021,64-1,teste_60.csv,1,2020-12-11,5,0,0,0.0,60,0.65
knn,5,2020-2021,65-1,teste_61.csv,1,2020-12-12,5,0,1,0.7142857142857143,61,0.639344262295082
knn,5,2020-2021,66-1,teste_62.csv,1,2020-12-12,5,1,1,0.7142857142857143,62,0.6451612903225806
knn,5,2020-2021,67-1,teste_63.csv,1,2020-12-13,5,0,1,1.0,63,0.6349206349206349
knn,5,2020-2021,68-1,teste_64.csv,1,2020-12-13,5,1,1,0.8571428571428571,64,0.640625
knn,5,2020-2021,69-1,teste_65.csv,1,2020-12-13,5,0,0,0.0,65,0.6461538461538462
knn,5,2020-2021,70-1,teste_66.csv,1,2020-12-14,6,0,0,0.4285714285714285,66,0.6515151515151515
knn,5,2020-2021,71-1,teste_67.csv,1,2020-12-15,6,1,1,0.8888888888888888,67,0.6567164179104478
knn,5,2020-2021,72-1,teste_68.csv,1,2020-12-15,6,0,1,0.6666666666666666,68,0.6470588235294118
knn,5,2020-2021,73-1,teste_69.csv,1,2020-12-15,6,1,1,0.8,69,0.6521739130434783
knn,5,2020-2021,74-1,teste_70.csv,1,2020-12-16,6,0,0,0.4,70,0.6571428571428571
knn,5,2020-2021,75-1,teste_71.csv,1,2020-12-17,6,1,1,0.8571428571428571,71,0.6619718309859155
knn,5,2020-2021,76-1,teste_72.csv,1,2020-12-18,6,0,0,0.4285714285714285,72,0.6666666666666666
knn,5,2020-2021,77-1,teste_73.csv,1,2020-12-19,6,1,1,0.5714285714285714,73,0.6712328767123288
knn,5,2020-2021,78-1,teste_74.csv,1,2020-12-19,6,1,0,0.4285714285714285,74,0.6621621621621622
knn,5,2020-2021,79-1,teste_75.csv,1,2020-12-19,6,1,1,0.7142857142857143,75,0.6666666666666666
knn,5,2020-2021,80-1,teste_76.csv,1,2020-12-20,6,0,1,0.8571428571428571,76,0.6578947368421053
knn,5,2020-2021,81-1,teste_77.csv,1,2020-12-20,6,0,0,0.2,77,0.6623376623376623
knn,5,2020-2021,82-1,teste_78.csv,1,2020-12-20,6,0,0,0.4,78,0.6666666666666666
knn,5,2020-2021,83-1,teste_79.csv,1,2020-12-21,7,0,0,0.3333333333333333,79,0.6708860759493671
knn,5,2020-2021,84-1,teste_80.csv,1,2020-12-21,7,1,1,0.6666666666666666,80,0.675
knn,5,2020-2021,85-1,teste_81.csv,1,2020-12-21,7,1,1,0.6666666666666666,81,0.6790123456790124
knn,5,2020-2021,86-1,teste_82.csv,1,2020-12-22,7,1,1,0.6666666666666666,82,0.6829268292682927
knn,5,2020-2021,87-1,teste_83.csv,1,2020-12-22,7,1,1,0.6666666666666666,83,0.6867469879518072
knn,5,2020-2021,88-1,teste_84.csv,1,2020-12-22,7,1,1,1.0,84,0.6904761904761905
knn,5,2020-2021,89-1,teste_85.csv,1,2020-12-23,7,0,1,1.0,85,0.6823529411764706
knn,5,2020-2021,90-1,teste_86.csv,1,2020-12-23,7,1,1,0.6666666666666666,86,0.686046511627907
knn,5,2020-2021,91-1,teste_87.csv,1,2020-12-23,7,1,1,0.6666666666666666,87,0.6896551724137931
knn,5,2020-2021,92-1,teste_88.csv,1,2020-12-28,7,1,1,1.0,88,0.6931818181818182
knn,5,2020-2021,93-1,teste_89.csv,1,2020-12-28,8,1,1,1.0,89,0.6966292134831461
knn,5,2020-2021,94-1,teste_90.csv,1,2020-12-28,8,1,1,0.8,90,0.7
knn,5,2020-2021,95-1,teste_91.csv,1,2020-12-29,8,1,1,0.6,91,0.7032967032967034
knn,5,2020-2021,96-1,teste_92.csv,1,2020-12-29,8,1,0,0.4,92,0.6956521739130435
knn,5,2020-2021,97-1,teste_93.csv,1,2020-12-30,8,0,1,0.6666666666666666,93,0.6881720430107527
knn,5,2020-2021,98-1,teste_94.csv,1,2020-12-30,8,1,1,1.0,94,0.6914893617021277
knn,5,2020-2021,100-1,teste_96.csv,1,2021-01-04,9,0,1,0.8,95,0.6842105263157895
knn,5,2020-2021,99-1,teste_95.csv,1,2021-01-04,9,1,1,0.6666666666666666,96,0.6875
knn,5,2020-2021,101-1,teste_97.csv,1,2021-01-05,9,0,1,0.6666666666666666,97,0.6804123711340206
knn,5,2020-2021,102-1,teste_98.csv,1,2021-01-05,9,1,1,0.6666666666666666,98,0.6836734693877551
knn,5,2020-2021,103-1,teste_99.csv,1,2021-01-06,9,1,1,0.6804327342339793,99,0.6868686868686869
knn,5,2020-2021,104-1,teste_100.csv,1,2021-01-06,9,1,0,0.4285714285714285,100,0.68
knn,5,2020-2021,105-1,teste_101.csv,1,2021-01-06,9,1,0,0.3658653790608936,101,0.6732673267326733
knn,5,2020-2021,106-1,teste_102.csv,1,2021-01-07,9,1,1,0.5714285714285714,102,0.6764705882352942
knn,5,2020-2021,107-1,teste_103.csv,1,2021-01-07,9,1,1,0.5714285714285714,103,0.6796116504854369
knn,5,2020-2021,108-1,teste_104.csv,1,2021-01-08,9,0,1,0.8571428571428571,104,0.6730769230769231
knn,5,2020-2021,109-1,teste_105.csv,1,2021-01-08,9,0,1,0.8582602861067193,105,0.6666666666666666
knn,5,2020-2021,110-1,teste_106.csv,1,2021-01-08,9,0,1,0.7036271408420273,106,0.660377358490566
knn,5,2020-2021,111-1,teste_107.csv,1,2021-01-09,9,1,1,0.5997914705316352,107,0.6635514018691588
knn,5,2020-2021,112-1,teste_108.csv,1,2021-01-09,9,1,1,0.7755964871454367,108,0.6666666666666666
knn,5,2020-2021,113-1,teste_109.csv,1,2021-01-10,9,0,0,0.3840220445327393,109,0.6697247706422018
knn,5,2020-2021,114-1,teste_110.csv,1,2021-01-10,9,0,1,0.8116179463787825,110,0.6636363636363637
knn,5,2020-2021,115-1,teste_111.csv,1,2021-01-11,10,1,1,0.8,111,0.6666666666666666
knn,5,2020-2021,116-1,teste_112.csv,1,2021-01-11,10,0,1,0.7142857142857143,112,0.6607142857142857
knn,5,2020-2021,117-1,teste_113.csv,1,2021-01-12,10,0,1,0.6666666666666666,113,0.6548672566371682
knn,5,2020-2021,118-1,teste_114.csv,1,2021-01-25,1,1,0,0.4285714285714285,114,0.6491228070175439
knn,5,2020-2021,119-1,teste_115.csv,1,2021-01-25,1,0,1,0.8571428571428571,115,0.6434782608695652
knn,5,2020-2021,120-1,teste_116.csv,1,2021-01-25,1,1,1,0.5714285714285714,116,0.646551724137931
knn,5,2020-2021,121-1,teste_117.csv,1,2021-01-26,1,1,0,0.4348898801705325,117,0.6410256410256411
knn,5,2020-2021,122-1,teste_118.csv,1,2021-01-26,1,0,1,0.6195192421443938,118,0.635593220338983
knn,5,2020-2021,123-1,teste_119.csv,1,2021-01-26,1,0,1,0.7142857142857143,119,0.6302521008403361
knn,5,2020-2021,124-1,teste_120.csv,1,2021-01-26,1,1,1,0.7142857142857143,120,0.6333333333333333
knn,5,2020-2021,125-1,teste_121.csv,1,2021-01-27,1,0,1,0.5714285714285714,121,0.628099173553719
knn,5,2020-2021,126-1,teste_122.csv,1,2021-01-27,1,1,0,0.4285714285714285,122,0.6229508196721312
knn,5,2020-2021,127-1,teste_123.csv,1,2021-01-27,1,1,1,0.7142857142857143,123,0.6260162601626016
knn,5,2020-2021,128-1,teste_124.csv,1,2021-01-28,1,0,1,0.7142857142857143,124,0.6209677419354839
knn,5,2020-2021,129-1,teste_125.csv,1,2021-01-28,1,1,1,0.5555555555555556,125,0.624
knn,5,2020-2021,130-1,teste_126.csv,1,2021-01-28,1,0,1,0.5555555555555556,126,0.6190476190476191
knn,5,2020-2021,131-1,teste_127.csv,1,2021-01-28,1,0,0,0.2222222222222222,127,0.6220472440944882
knn,5,2020-2021,132-1,teste_128.csv,1,2021-01-30,1,1,0,0.4444444444444444,128,0.6171875
knn,5,2020-2021,133-1,teste_129.csv,1,2021-01-30,1,1,0,0.3057727725133574,129,0.6124031007751938
knn,5,2020-2021,134-1,teste_130.csv,1,2021-01-30,1,0,1,0.5020959937237499,130,0.6076923076923076
knn,5,2020-2021,135-1,teste_131.csv,1,2021-01-31,1,1,1,0.6461478490039817,131,0.6106870229007634
knn,5,2020-2021,136-1,teste_132.csv,1,2021-01-31,1,1,1,0.5510870326540147,132,0.6136363636363636
knn,5,2020-2021,137-1,teste_133.csv,1,2021-01-31,1,0,0,0.3901192225918899,133,0.6165413533834586
knn,5,2020-2021,138-1,teste_134.csv,1,2021-02-02,2,0,1,0.6667542494643962,134,0.6119402985074627
knn,5,2020-2021,139-1,teste_135.csv,1,2021-02-06,2,0,1,0.5408805106396447,135,0.6074074074074074
knn,5,2020-2021,140-1,teste_136.csv,1,2021-02-06,2,0,1,0.557923017334947,136,0.6029411764705882
knn,5,2020-2021,141-1,teste_137.csv,1,2021-02-06,2,1,1,0.5454545454545454,137,0.6058394160583942
knn,5,2020-2021,142-1,teste_138.csv,1,2021-02-07,2,0,0,0.3636363636363636,138,0.6086956521739131
knn,5,2020-2021,143-1,teste_139.csv,1,2021-02-07,2,1,0,0.4,139,0.60431654676259
knn,5,2020-2021,144-1,teste_140.csv,1,2021-02-08,3,1,1,0.6,140,0.6071428571428571
knn,5,2020-2021,145-1,teste_141.csv,1,2021-02-08,3,0,0,0.2,141,0.6099290780141844
knn,5,2020-2021,146-1,teste_142.csv,1,2021-02-08,3,1,0,0.0,142,0.6056338028169014
knn,5,2020-2021,147-1,teste_143.csv,1,2021-02-08,3,1,0,0.3333333333333333,143,0.6013986013986014
knn,5,2020-2021,148-1,teste_144.csv,1,2021-02-09,3,1,0,0.3333333333333333,144,0.5972222222222222
knn,5,2020-2021,149-1,teste_145.csv,1,2021-02-09,3,0,0,0.3333333333333333,145,0.6
knn,5,2020-2021,150-1,teste_146.csv,1,2021-02-09,3,0,1,1.0,146,0.5958904109589042
knn,5,2020-2021,151-1,teste_147.csv,1,2021-02-09,3,1,0,0.3333333333333333,147,0.5918367346938775
knn,5,2020-2021,152-1,teste_148.csv,1,2021-02-10,3,1,1,0.6666666666666666,148,0.5945945945945946
knn,5,2020-2021,153-1,teste_149.csv,1,2021-02-10,3,1,1,0.6,149,0.5973154362416108
knn,5,2020-2021,154-1,teste_150.csv,1,2021-02-10,3,1,0,0.2,150,0.5933333333333334
knn,5,2020-2021,155-1,teste_151.csv,1,2021-02-11,3,0,1,0.8,151,0.5894039735099338
knn,5,2020-2021,156-1,teste_152.csv,1,2021-02-11,3,0,1,0.6,152,0.5855263157894737
knn,5,2020-2021,157-1,teste_153.csv,1,2021-02-12,3,0,0,0.4,153,0.5882352941176471
knn,5,2020-2021,158-1,teste_154.csv,1,2021-02-12,3,1,1,0.6,154,0.5909090909090909
knn,5,2020-2021,159-1,teste_155.csv,1,2021-02-13,3,1,1,0.6,155,0.5935483870967742
knn,5,2020-2021,160-1,teste_156.csv,1,2021-02-13,3,0,1,0.8,156,0.5897435897435898
knn,5,2020-2021,161-1,teste_157.csv,1,2021-02-13,3,1,1,0.6,157,0.5923566878980892
knn,5,2020-2021,162-1,teste_158.csv,1,2021-02-14,3,0,0,0.2,158,0.5949367088607594
knn,5,2020-2021,163-1,teste_159.csv,1,2021-02-14,3,0,1,0.6,159,0.5911949685534591
knn,5,2020-2021,164-1,teste_160.csv,1,2021-02-24,4,1,1,1.0,160,0.59375
knn,5,2020-2021,165-1,teste_161.csv,1,2021-02-24,4,0,1,0.6666666666666666,161,0.5900621118012422
knn,5,2020-2021,166-1,teste_162.csv,1,2021-02-24,4,0,1,0.6666666666666666,162,0.5864197530864198
knn,5,2020-2021,167-1,teste_163.csv,1,2021-02-25,4,1,1,0.6666666666666666,163,0.588957055214724
knn,5,2020-2021,168-1,teste_164.csv,1,2021-02-25,4,0,1,0.6666666666666666,164,0.5853658536585366
knn,5,2020-2021,169-1,teste_165.csv,1,2021-02-25,4,0,0,0.0,165,0.5878787878787879
knn,5,2020-2021,170-1,teste_166.csv,1,2021-02-26,4,0,0,0.3333333333333333,166,0.5903614457831325
knn,5,2020-2021,171-1,teste_167.csv,1,2021-02-26,4,0,1,0.6666666666666666,167,0.5868263473053892
knn,5,2020-2021,172-1,teste_168.csv,1,2021-02-26,4,1,0,0.2,168,0.5833333333333334
knn,5,2020-2021,173-1,teste_169.csv,1,2021-02-26,4,0,1,0.8,169,0.5798816568047337
knn,5,2020-2021,174-1,teste_170.csv,1,2021-02-27,4,1,1,0.6666666666666666,170,0.5823529411764706
knn,5,2020-2021,175-1,teste_171.csv,1,2021-02-27,4,0,0,0.3333333333333333,171,0.5847953216374269
knn,5,2020-2021,176-1,teste_172.csv,1,2021-02-27,4,1,1,0.6666666666666666,172,0.5872093023255814
knn,5,2020-2021,177-1,teste_173.csv,1,2021-02-27,4,0,0,0.3333333333333333,173,0.5895953757225434
knn,5,2020-2021,178-1,teste_174.csv,1,2021-02-28,4,1,1,0.6666666666666666,174,0.5919540229885057
knn,5,2020-2021,179-1,teste_175.csv,1,2021-02-28,4,1,0,0.3333333333333333,175,0.5885714285714285
knn,5,2020-2021,180-1,teste_176.csv,1,2021-02-28,4,1,0,0.0,176,0.5852272727272727
knn,5,2020-2021,181-1,teste_177.csv,1,2021-02-28,4,0,1,0.6666666666666666,177,0.5819209039548022
knn,5,2020-2021,182-1,teste_178.csv,1,2021-03-01,5,0,1,0.6666666666666666,178,0.5786516853932584
knn,5,2020-2021,183-1,teste_179.csv,1,2021-03-01,5,1,0,0.1818181818181818,179,0.5754189944134078
knn,5,2020-2021,184-1,teste_180.csv,1,2021-03-02,5,1,1,0.5454545454545454,180,0.5777777777777777
knn,5,2020-2021,185-1,teste_181.csv,1,2021-03-02,5,0,0,0.0,181,0.580110497237569
knn,5,2020-2021,186-1,teste_182.csv,1,2021-03-03,5,0,1,0.5454545454545454,182,0.5769230769230769
knn,5,2020-2021,187-1,teste_183.csv,1,2021-03-04,5,0,1,1.0,183,0.5737704918032787
knn,5,2020-2021,188-1,teste_184.csv,1,2021-03-04,5,1,1,0.6666666666666666,184,0.5760869565217391
knn,5,2020-2021,189-1,teste_185.csv,1,2021-03-06,5,0,0,0.3333333333333333,185,0.5783783783783784
knn,5,2020-2021,190-1,teste_186.csv,1,2021-03-09,6,0,1,0.6666666666666666,186,0.5752688172043011
knn,5,2020-2021,191-1,teste_187.csv,1,2021-03-10,6,1,1,0.8181818181818182,187,0.5775401069518716
knn,5,2020-2021,192-1,teste_188.csv,1,2021-03-11,6,1,1,0.7272727272727273,188,0.5797872340425532
knn,5,2020-2021,193-1,teste_189.csv,1,2021-03-11,6,1,1,0.5555555555555556,189,0.582010582010582
knn,5,2020-2021,194-1,teste_190.csv,1,2021-03-12,6,1,0,0.4444444444444444,190,0.5789473684210527
knn,5,2020-2021,195-1,teste_191.csv,1,2021-03-12,6,1,1,0.5555555555555556,191,0.581151832460733
knn,5,2020-2021,196-1,teste_192.csv,1,2021-03-12,6,0,0,0.2222222222222222,192,0.5833333333333334
knn,5,2020-2021,197-1,teste_193.csv,1,2021-03-13,6,1,1,0.6666666666666666,193,0.5854922279792746
knn,5,2020-2021,198-1,teste_194.csv,1,2021-03-14,6,0,1,0.6666666666666666,194,0.5824742268041238
knn,5,2020-2021,199-1,teste_195.csv,1,2021-03-14,6,1,1,0.7777777777777778,195,0.5846153846153846
knn,5,2020-2021,200-1,teste_196.csv,1,2021-03-14,6,1,1,0.7777777777777778,196,0.5867346938775511
knn,5,2020-2021,201-1,teste_197.csv,1,2021-03-14,6,1,1,0.7142857142857143,197,0.5888324873096447
knn,5,2020-2021,202-1,teste_198.csv,1,2021-03-14,7,0,0,0.2857142857142857,198,0.5909090909090909
knn,5,2020-2021,203-1,teste_199.csv,1,2021-03-15,7,0,1,0.5330905225812639,199,0.5879396984924623
knn,5,2020-2021,204-1,teste_200.csv,1,2021-03-16,7,0,0,0.2573238969738696,200,0.59
knn,5,2020-2021,205-1,teste_201.csv,1,2021-03-16,7,1,1,0.9090909090909092,201,0.5920398009950248
knn,5,2020-2021,206-1,teste_202.csv,1,2021-03-17,7,1,1,0.6363636363636364,202,0.594059405940594
knn,5,2020-2021,207-1,teste_203.csv,1,2021-03-18,8,1,1,0.6666666666666666,203,0.5960591133004927
knn,5,2020-2021,209-1,teste_205.csv,1,2021-04-01,7,0,0,0.4444444444444444,204,0.5980392156862745
knn,5,2020-2021,208-1,teste_204.csv,1,2021-04-01,8,1,0,0.4444444444444444,205,0.5951219512195122
knn,5,2020-2021,210-1,teste_206.csv,1,2021-04-02,8,0,1,0.7777777777777778,206,0.5922330097087378
knn,5,2020-2021,211-1,teste_207.csv,1,2021-04-02,8,1,0,0.0,207,0.5893719806763285
knn,5,2020-2021,214-1,teste_210.csv,1,2021-04-03,7,1,1,1.0,208,0.5913461538461539
knn,5,2020-2021,212-1,teste_208.csv,1,2021-04-03,8,1,0,0.3333333333333333,209,0.5885167464114832
knn,5,2020-2021,213-1,teste_209.csv,1,2021-04-03,8,0,1,0.5340900435229904,210,0.5857142857142857
knn,5,2020-2021,215-1,teste_211.csv,1,2021-04-04,8,1,1,1.0,211,0.5876777251184834
knn,5,2020-2021,216-1,teste_212.csv,1,2021-04-04,8,1,1,0.6666666666666666,212,0.589622641509434
knn,5,2020-2021,217-1,teste_213.csv,1,2021-04-04,8,1,1,0.6666666666666666,213,0.5915492957746479
knn,5,2020-2021,218-1,teste_214.csv,1,2021-04-05,7,1,1,0.6666666666666666,214,0.5934579439252337
knn,5,2020-2021,219-1,teste_215.csv,1,2021-04-05,8,1,1,0.6666666666666666,215,0.5953488372093023
knn,5,2020-2021,220-1,teste_216.csv,1,2021-04-05,8,0,0,0.3333333333333333,216,0.5972222222222222
knn,5,2020-2021,223-1,teste_219.csv,1,2021-04-06,7,1,0,0.4,217,0.5944700460829493
knn,5,2020-2021,221-1,teste_217.csv,1,2021-04-06,8,0,0,0.3636363636363636,218,0.5963302752293578
knn,5,2020-2021,222-1,teste_218.csv,1,2021-04-06,8,1,0,0.2740089336408819,219,0.593607305936073
knn,5,2020-2021,224-1,teste_220.csv,1,2021-04-07,7,0,0,0.2,220,0.5954545454545455
knn,5,2020-2021,226-1,teste_222.csv,1,2021-04-07,8,1,1,0.8,221,0.5972850678733032
knn,5,2020-2021,225-1,teste_221.csv,1,2021-04-07,9,0,1,0.6,222,0.5945945945945946
knn,5,2020-2021,227-1,teste_223.csv,1,2021-04-08,8,1,1,0.8,223,0.5964125560538116
knn,5,2020-2021,228-1,teste_224.csv,1,2021-04-08,8,0,1,0.8,224,0.59375
knn,5,2020-2021,229-1,teste_225.csv,1,2021-04-08,9,0,0,0.4,225,0.5955555555555555
knn,5,2020-2021,230-1,teste_226.csv,1,2021-04-09,7,0,1,0.8571428571428571,226,0.5929203539823009
knn,5,2020-2021,231-1,teste_227.csv,1,2021-04-10,8,1,1,0.6363636363636364,227,0.5947136563876652
knn,5,2020-2021,233-1,teste_229.csv,1,2021-04-10,8,0,1,0.6363636363636364,228,0.5921052631578947
knn,5,2020-2021,232-1,teste_228.csv,1,2021-04-10,9,0,1,0.9090909090909092,229,0.5895196506550219
knn,5,2020-2021,234-1,teste_230.csv,1,2021-04-11,8,0,0,0.3636363636363636,230,0.591304347826087
knn,5,2020-2021,235-1,teste_231.csv,1,2021-04-13,7,1,0,0.4545454545454545,231,0.5887445887445888
knn,5,2020-2021,236-1,teste_232.csv,1,2021-04-13,7,1,1,0.8181818181818182,232,0.5905172413793104
knn,5,2020-2021,237-1,teste_233.csv,1,2021-04-13,7,0,0,0.3636363636363636,233,0.592274678111588
knn,5,2020-2021,238-1,teste_234.csv,1,2021-04-21,1,0,0,0.4545454545454545,234,0.594017094017094
knn,5,2020-2021,239-1,teste_235.csv,1,2021-04-21,1,0,0,0.4545454545454545,235,0.5957446808510638
knn,5,2020-2021,240-1,teste_236.csv,1,2021-04-22,1,0,1,0.5454545454545454,236,0.5932203389830508
knn,5,2020-2021,241-1,teste_237.csv,1,2021-04-22,1,0,0,0.4545454545454545,237,0.5949367088607594
knn,5,2020-2021,242-1,teste_238.csv,1,2021-04-23,2,1,1,0.6363636363636364,238,0.5966386554621849
knn,5,2020-2021,243-1,teste_239.csv,1,2021-04-23,2,0,1,0.6363636363636364,239,0.5941422594142259
knn,5,2020-2021,244-1,teste_240.csv,1,2021-04-24,2,1,1,0.7777777777777778,240,0.5958333333333333
knn,5,2020-2021,245-1,teste_241.csv,1,2021-04-24,2,1,1,0.5555555555555556,241,0.5975103734439834
knn,5,2020-2021,246-1,teste_242.csv,1,2021-04-25,3,1,1,0.5555555555555556,242,0.5991735537190083
knn,5,2020-2021,247-1,teste_243.csv,1,2021-04-28,1,0,0,0.2857142857142857,243,0.6008230452674898
knn,5,2020-2021,248-1,teste_244.csv,1,2021-04-28,1,0,1,0.6,244,0.5983606557377049
knn,5,2020-2021,249-1,teste_245.csv,1,2021-04-29,1,0,0,0.3636363636363636,245,0.6
knn,5,2020-2021,250-1,teste_246.csv,1,2021-04-29,1,0,0,0.4545454545454545,246,0.6016260162601627
knn,5,2020-2021,251-1,teste_247.csv,1,2021-04-30,2,0,1,0.5454545454545454,247,0.5991902834008097
knn,5,2020-2021,252-1,teste_248.csv,1,2021-04-30,2,1,1,0.8181818181818182,248,0.6008064516129032
knn,5,2020-2021,253-1,teste_249.csv,1,2021-05-01,2,1,1,0.5454545454545454,249,0.6024096385542169
knn,5,2020-2021,254-1,teste_250.csv,1,2021-05-01,2,0,1,0.5454545454545454,250,0.6
knn,5,2020-2021,255-1,teste_251.csv,1,2021-05-02,3,1,1,0.5454545454545454,251,0.601593625498008
knn,5,2020-2021,256-1,teste_252.csv,1,2021-05-03,3,1,0,0.3636363636363636,252,0.5992063492063492
knn,5,2020-2021,257-1,teste_253.csv,1,2021-05-10,1,0,0,0.1818181818181818,253,0.6007905138339921
knn,5,2020-2021,258-1,teste_254.csv,1,2021-05-10,1,1,1,0.8888888888888888,254,0.6023622047244095
knn,5,2020-2021,259-1,teste_255.csv,1,2021-05-12,2,1,1,0.7777777777777778,255,0.6039215686274509
knn,5,2020-2021,260-1,teste_256.csv,1,2021-05-12,2,0,0,0.2222222222222222,256,0.60546875
knn,5,2020-2021,261-1,teste_257.csv,1,2021-05-15,3,0,0,0.3333333333333333,257,0.6070038910505836
knn,5,2020-2021,262-1,teste_258.csv,1,2021-05-15,3,1,1,0.7777777777777778,258,0.6085271317829457
knn,5,2020-2021,263-1,teste_259.csv,1,2021-05-22,1,1,0,0.3333333333333333,259,0.6061776061776062
knn,5,2020-2021,264-1,teste_260.csv,1,2021-05-24,2,0,1,0.7777777777777778,260,0.6038461538461538
knn,5,2021-2022,5-1,teste_1.csv,1,2021-10-27,2,0,0,0.3333333333333333,1,1.0
knn,5,2021-2022,6-1,teste_2.csv,1,2021-10-27,2,0,0,0.3333333333333333,2,1.0
knn,5,2021-2022,7-1,teste_3.csv,1,2021-10-27,2,0,0,0.0,3,1.0
knn,5,2021-2022,10-1,teste_6.csv,1,2021-10-28,2,0,0,0.0,4,1.0
knn,5,2021-2022,11-1,teste_7.csv,1,2021-10-28,2,1,0,0.0,5,0.8
knn,5,2021-2022,8-1,teste_4.csv,1,2021-10-28,2,0,0,0.3333333333333333,6,0.8333333333333334
knn,5,2021-2022,9-1,teste_5.csv,1,2021-10-28,2,1,0,0.3333333333333333,7,0.7142857142857143
knn,5,2021-2022,12-1,teste_8.csv,1,2021-10-29,2,0,0,0.2,8,0.75
knn,5,2021-2022,13-1,teste_9.csv,1,2021-10-29,2,1,0,0.0,9,0.6666666666666666
knn,5,2021-2022,14-1,teste_10.csv,1,2021-10-30,2,1,0,0.2,10,0.6
knn,5,2021-2022,15-1,teste_11.csv,1,2021-10-30,2,0,1,0.6666666666666666,11,0.5454545454545454
knn,5,2021-2022,16-1,teste_12.csv,1,2021-11-01,3,1,0,0.4,12,0.5
knn,5,2021-2022,17-1,teste_13.csv,1,2021-11-02,3,1,1,0.6,13,0.5384615384615384
knn,5,2021-2022,18-1,teste_14.csv,1,2021-11-02,3,1,1,0.6519024262954212,14,0.5714285714285714
knn,5,2021-2022,19-1,teste_15.csv,1,2021-11-03,3,1,1,0.7159458926464631,15,0.6
knn,5,2021-2022,20-1,teste_16.csv,1,2021-11-03,3,0,1,0.6666666666666666,16,0.5625
knn,5,2021-2022,21-1,teste_17.csv,1,2021-11-03,3,1,1,0.6666666666666666,17,0.5882352941176471
knn,5,2021-2022,22-1,teste_18.csv,1,2021-11-03,3,1,1,0.6473066484995952,18,0.6111111111111112
knn,5,2021-2022,23-1,teste_19.csv,1,2021-11-04,3,0,1,0.7142857142857143,19,0.5789473684210527
knn,5,2021-2022,24-1,teste_20.csv,1,2021-11-04,3,0,1,0.5760225486079495,20,0.55
knn,5,2021-2022,25-1,teste_21.csv,1,2021-11-04,3,0,1,0.8,21,0.5238095238095238
knn,5,2021-2022,26-1,teste_22.csv,1,2021-11-05,3,1,1,0.687511329156224,22,0.5454545454545454
knn,5,2021-2022,27-1,teste_23.csv,1,2021-11-05,3,1,1,0.7777777777777778,23,0.5652173913043478
knn,5,2021-2022,28-1,teste_24.csv,1,2021-11-05,3,1,1,0.6363636363636364,24,0.5833333333333334
knn,5,2021-2022,29-1,teste_25.csv,1,2021-11-06,3,0,1,0.6363636363636364,25,0.56
knn,5,2021-2022,30-1,teste_26.csv,1,2021-11-06,3,0,1,0.5118706524104354,26,0.5384615384615384
knn,5,2021-2022,31-1,teste_27.csv,1,2021-11-08,4,1,1,0.6666666666666666,27,0.5555555555555556
knn,5,2021-2022,32-1,teste_28.csv,1,2021-11-08,4,0,1,0.5555555555555556,28,0.5357142857142857
knn,5,2021-2022,33-1,teste_29.csv,1,2021-11-09,4,0,0,0.0,29,0.5517241379310345
knn,5,2021-2022,34-1,teste_30.csv,1,2021-11-10,4,1,0,0.0,30,0.5333333333333333
knn,5,2021-2022,35-1,teste_31.csv,1,2021-11-10,4,1,1,0.8,31,0.5483870967741935
knn,5,2021-2022,36-1,teste_32.csv,1,2021-11-10,4,0,1,0.8,32,0.53125
knn,5,2021-2022,37-1,teste_33.csv,1,2021-11-10,4,1,0,0.4,33,0.5151515151515151
knn,5,2021-2022,38-1,teste_34.csv,1,2021-11-11,4,1,1,0.6,34,0.5294117647058824
knn,5,2021-2022,39-1,teste_35.csv,1,2021-11-11,4,0,1,0.6666666666666666,35,0.5142857142857142
knn,5,2021-2022,40-1,teste_36.csv,1,2021-11-11,4,0,0,0.4,36,0.5277777777777778
knn,5,2021-2022,41-1,teste_37.csv,1,2021-11-11,4,1,1,0.6666666666666666,37,0.5405405405405406
knn,5,2021-2022,42-1,teste_38.csv,1,2021-11-12,4,1,1,0.6,38,0.5526315789473685
knn,5,2021-2022,43-1,teste_39.csv,1,2021-11-12,4,1,1,0.8,39,0.5641025641025641
knn,5,2021-2022,44-1,teste_40.csv,1,2021-11-13,4,0,1,0.6,40,0.55
knn,5,2021-2022,45-1,teste_41.csv,1,2021-11-13,4,0,0,0.0,41,0.5609756097560976
knn,5,2021-2022,46-1,teste_42.csv,1,2021-11-13,4,0,1,0.6666666666666666,42,0.5476190476190477
knn,5,2021-2022,47-1,teste_43.csv,1,2021-11-16,5,1,1,0.8,43,0.5581395348837209
knn,5,2021-2022,48-1,teste_44.csv,1,2021-11-17,5,1,0,0.4,44,0.5454545454545454
knn,5,2021-2022,49-1,teste_45.csv,1,2021-11-17,5,1,1,0.8,45,0.5555555555555556
knn,5,2021-2022,50-1,teste_46.csv,1,2021-11-18,5,1,0,0.3333333333333333,46,0.5434782608695652
knn,5,2021-2022,51-1,teste_47.csv,1,2021-11-18,5,1,1,0.6666666666666666,47,0.5531914893617021
knn,5,2021-2022,52-1,teste_48.csv,1,2021-11-18,5,1,1,1.0,48,0.5625
knn,5,2021-2022,53-1,teste_49.csv,1,2021-11-19,5,0,1,1.0,49,0.5510204081632653
knn,5,2021-2022,54-1,teste_50.csv,1,2021-11-19,5,1,1,1.0,50,0.56
knn,5,2021-2022,55-1,teste_51.csv,1,2021-11-19,5,1,1,0.6666666666666666,51,0.5686274509803921
knn,5,2021-2022,56-1,teste_52.csv,1,2021-11-19,5,0,1,0.6666666666666666,52,0.5576923076923077
knn,5,2021-2022,57-1,teste_53.csv,1,2021-11-20,5,1,0,0.0,53,0.5471698113207547
knn,5,2021-2022,58-1,teste_54.csv,1,2021-11-20,5,0,1,0.5714285714285714,54,0.5370370370370371
knn,5,2021-2022,59-1,teste_55.csv,1,2021-11-20,5,1,1,1.0,55,0.5454545454545454
knn,5,2021-2022,60-1,teste_56.csv,1,2021-11-21,5,0,1,0.5714285714285714,56,0.5357142857142857
knn,5,2021-2022,61-1,teste_57.csv,1,2021-11-21,5,0,0,0.4285714285714285,57,0.543859649122807
knn,5,2021-2022,62-1,teste_58.csv,1,2021-12-01,6,1,0,0.4444444444444444,58,0.5344827586206896
knn,5,2021-2022,63-1,teste_59.csv,1,2021-12-01,6,1,1,0.6666666666666666,59,0.5423728813559322
knn,5,2021-2022,64-1,teste_60.csv,1,2021-12-01,6,0,0,0.3333333333333333,60,0.55
knn,5,2021-2022,65-1,teste_61.csv,1,2021-12-01,6,1,0,0.4285714285714285,61,0.5409836065573771
knn,5,2021-2022,66-1,teste_62.csv,1,2021-12-02,6,1,1,0.8571428571428571,62,0.5483870967741935
knn,5,2021-2022,67-1,teste_63.csv,1,2021-12-02,6,0,0,0.3333333333333333,63,0.5555555555555556
knn,5,2021-2022,68-1,teste_64.csv,1,2021-12-02,6,1,1,1.0,64,0.5625
knn,5,2021-2022,69-1,teste_65.csv,1,2021-12-02,6,1,0,0.3333333333333333,65,0.5538461538461539
knn,5,2021-2022,70-1,teste_66.csv,1,2021-12-03,6,0,1,0.6666666666666666,66,0.5454545454545454
knn,5,2021-2022,71-1,teste_67.csv,1,2021-12-03,6,0,1,0.8,67,0.5373134328358209
knn,5,2021-2022,72-1,teste_68.csv,1,2021-12-03,6,1,1,0.6,68,0.5441176470588235
knn,5,2021-2022,73-1,teste_69.csv,1,2021-12-03,6,0,0,0.3333333333333333,69,0.5507246376811594
knn,5,2021-2022,74-1,teste_70.csv,1,2021-12-04,6,0,1,0.6666666666666666,70,0.5428571428571428
knn,5,2021-2022,75-1,teste_71.csv,1,2021-12-04,6,1,1,0.8,71,0.5492957746478874
knn,5,2021-2022,76-1,teste_72.csv,1,2021-12-04,6,0,1,1.0,72,0.5416666666666666
knn,5,2021-2022,77-1,teste_73.csv,1,2021-12-07,7,1,1,0.8,73,0.547945205479452
knn,5,2021-2022,78-1,teste_74.csv,1,2021-12-07,7,0,1,0.6666666666666666,74,0.5405405405405406
knn,5,2021-2022,79-1,teste_75.csv,1,2021-12-07,7,0,1,1.0,75,0.5333333333333333
knn,5,2021-2022,80-1,teste_76.csv,1,2021-12-07,7,0,0,0.4,76,0.5394736842105263
knn,5,2021-2022,81-1,teste_77.csv,1,2021-12-08,7,1,1,1.0,77,0.5454545454545454
knn,5,2021-2022,82-1,teste_78.csv,1,2021-12-09,7,1,1,0.6666666666666666,78,0.5512820512820513
knn,5,2021-2022,83-1,teste_79.csv,1,2021-12-09,7,0,0,0.2857142857142857,79,0.5569620253164557
knn,5,2021-2022,84-1,teste_80.csv,1,2021-12-09,7,1,1,0.5555555555555556,80,0.5625
knn,5,2021-2022,85-1,teste_81.csv,1,2021-12-09,7,1,0,0.4444444444444444,81,0.5555555555555556
knn,5,2021-2022,86-1,teste_82.csv,1,2021-12-11,7,1,1,0.6666666666666666,82,0.5609756097560976
knn,5,2021-2022,87-1,teste_83.csv,1,2021-12-11,7,0,1,0.8888888888888888,83,0.5542168674698795
knn,5,2021-2022,88-1,teste_84.csv,1,2021-12-11,7,0,0,0.3333333333333333,84,0.5595238095238095
knn,5,2021-2022,89-1,teste_85.csv,1,2021-12-13,8,1,1,0.5555555555555556,85,0.5647058823529412
knn,5,2021-2022,90-1,teste_86.csv,1,2021-12-14,8,1,1,0.5555555555555556,86,0.5697674418604651
knn,5,2021-2022,91-1,teste_87.csv,1,2021-12-16,8,1,1,0.6666666666666666,87,0.5747126436781609
knn,5,2021-2022,92-1,teste_88.csv,1,2021-12-16,8,1,1,0.5555555555555556,88,0.5795454545454546
knn,5,2021-2022,93-1,teste_89.csv,1,2021-12-16,8,1,1,0.8888888888888888,89,0.5842696629213483
knn,5,2021-2022,94-1,teste_90.csv,1,2021-12-16,8,1,1,0.6,90,0.5888888888888889
knn,5,2021-2022,95-1,teste_91.csv,1,2021-12-18,8,0,1,0.6666666666666666,91,0.5824175824175825
knn,5,2021-2022,96-1,teste_92.csv,1,2021-12-18,8,1,1,0.8,92,0.5869565217391305
knn,5,2021-2022,97-1,teste_93.csv,1,2021-12-18,8,1,0,0.3333333333333333,93,0.5806451612903226
knn,5,2021-2022,100-1,teste_96.csv,1,2021-12-19,8,1,1,0.6666666666666666,94,0.5851063829787234
knn,5,2021-2022,98-1,teste_94.csv,1,2021-12-19,8,1,1,1.0,95,0.5894736842105263
knn,5,2021-2022,99-1,teste_95.csv,1,2021-12-19,8,1,1,0.8888888888888888,96,0.59375
knn,5,2021-2022,101-1,teste_97.csv,1,2021-12-20,9,0,1,0.7777777777777778,97,0.5876288659793815
knn,5,2021-2022,102-1,teste_98.csv,1,2021-12-21,9,1,1,1.0,98,0.5918367346938775
knn,5,2021-2022,103-1,teste_99.csv,1,2021-12-21,9,1,1,1.0,99,0.5959595959595959
knn,5,2021-2022,104-1,teste_100.csv,1,2021-12-21,9,1,1,1.0,100,0.6
knn,5,2021-2022,105-1,teste_101.csv,1,2021-12-22,9,0,1,0.6666666666666666,101,0.594059405940594
knn,5,2021-2022,106-1,teste_102.csv,1,2021-12-23,9,0,0,0.0,102,0.5980392156862745
knn,5,2021-2022,107-1,teste_103.csv,1,2021-12-28,10,1,0,0.3333333333333333,103,0.5922330097087378
knn,5,2021-2022,108-1,teste_104.csv,1,2021-12-28,10,1,1,1.0,104,0.5961538461538461
knn,5,2021-2022,109-1,teste_105.csv,1,2021-12-28,10,1,1,1.0,105,0.6
knn,5,2021-2022,110-1,teste_106.csv,1,2021-12-30,10,1,1,0.6666666666666666,106,0.6037735849056604
knn,5,2021-2022,111-1,teste_107.csv,1,2021-12-30,10,0,0,0.3333333333333333,107,0.6074766355140186
knn,5,2021-2022,112-1,teste_108.csv,1,2021-12-30,10,0,1,1.0,108,0.6018518518518519
knn,5,2021-2022,113-1,teste_109.csv,1,2022-01-03,11,0,0,0.3333333333333333,109,0.6055045871559633
knn,5,2021-2022,114-1,teste_110.csv,1,2022-01-04,11,1,1,0.6666666666666666,110,0.6090909090909091
knn,5,2021-2022,115-1,teste_111.csv,1,2022-01-05,11,0,0,0.3333333333333333,111,0.6126126126126126
knn,5,2021-2022,116-1,teste_112.csv,1,2022-01-06,11,0,1,0.6666666666666666,112,0.6071428571428571
knn,5,2021-2022,117-1,teste_113.csv,1,2022-01-06,11,1,1,0.6666666666666666,113,0.6106194690265486
knn,5,2021-2022,118-1,teste_114.csv,1,2022-01-08,11,1,0,0.0,114,0.6052631578947368
knn,5,2021-2022,119-1,teste_115.csv,1,2022-01-09,11,1,0,0.3333333333333333,115,0.6
knn,5,2021-2022,120-1,teste_116.csv,1,2022-01-09,11,0,1,0.6666666666666666,116,0.5948275862068966
knn,5,2021-2022,121-1,teste_117.csv,1,2022-01-09,11,0,1,0.6666666666666666,117,0.5897435897435898
knn,5,2021-2022,122-1,teste_118.csv,1,2022-01-09,11,1,0,0.3333333333333333,118,0.5847457627118644
knn,5,2021-2022,123-1,teste_119.csv,1,2022-01-10,12,1,1,0.6666666666666666,119,0.5882352941176471
knn,5,2021-2022,124-1,teste_120.csv,1,2022-01-10,12,1,1,0.6666666666666666,120,0.5916666666666667
knn,5,2021-2022,125-1,teste_121.csv,1,2022-01-10,12,1,0,0.0,121,0.5867768595041323
knn,5,2021-2022,126-1,teste_122.csv,1,2022-01-10,12,0,1,0.6666666666666666,122,0.5819672131147541
knn,5,2021-2022,127-1,teste_123.csv,1,2022-01-11,12,1,1,0.6666666666666666,123,0.5853658536585366
knn,5,2021-2022,128-1,teste_124.csv,1,2022-01-11,12,1,1,1.0,124,0.5887096774193549
knn,5,2021-2022,129-1,teste_125.csv,1,2022-01-11,12,1,0,0.3333333333333333,125,0.584
knn,5,2021-2022,130-1,teste_126.csv,1,2022-01-11,12,0,1,1.0,126,0.5793650793650794
knn,5,2021-2022,131-1,teste_127.csv,1,2022-01-12,12,1,0,0.3333333333333333,127,0.5748031496062992
knn,5,2021-2022,132-1,teste_128.csv,1,2022-01-12,12,1,1,1.0,128,0.578125
knn,5,2021-2022,133-1,teste_129.csv,1,2022-01-12,12,1,1,1.0,129,0.5813953488372093
knn,5,2021-2022,134-1,teste_130.csv,1,2022-01-25,1,1,1,1.0,130,0.5846153846153846
knn,5,2021-2022,135-1,teste_131.csv,1,2022-01-25,1,0,0,0.3333333333333333,131,0.5877862595419847
knn,5,2021-2022,136-1,teste_132.csv,1,2022-01-25,1,1,0,0.3333333333333333,132,0.5833333333333334
knn,5,2021-2022,137-1,teste_133.csv,1,2022-01-25,1,1,1,1.0,133,0.5864661654135338
knn,5,2021-2022,138-1,teste_134.csv,1,2022-01-26,1,0,1,0.6666666666666666,134,0.582089552238806
knn,5,2021-2022,139-1,teste_135.csv,1,2022-01-26,1,1,1,1.0,135,0.5851851851851851
knn,5,2021-2022,140-1,teste_136.csv,1,2022-01-27,1,1,1,1.0,136,0.5882352941176471
knn,5,2021-2022,141-1,teste_137.csv,1,2022-01-27,1,0,1,1.0,137,0.583941605839416
knn,5,2021-2022,142-1,teste_138.csv,1,2022-01-27,1,1,1,1.0,138,0.5869565217391305
knn,5,2021-2022,143-1,teste_139.csv,1,2022-01-27,1,1,0,0.1428571428571428,139,0.5827338129496403
knn,5,2021-2022,144-1,teste_140.csv,1,2022-01-28,1,1,1,0.5714285714285714,140,0.5857142857142857
knn,5,2021-2022,145-1,teste_141.csv,1,2022-01-28,1,0,1,0.7142857142857143,141,0.5815602836879432
knn,5,2021-2022,146-1,teste_142.csv,1,2022-01-29,1,1,1,0.8571428571428571,142,0.5845070422535211
knn,5,2021-2022,147-1,teste_143.csv,1,2022-01-29,1,1,1,0.8571428571428571,143,0.5874125874125874
knn,5,2021-2022,148-1,teste_144.csv,1,2022-01-31,2,1,0,0.4285714285714285,144,0.5833333333333334
knn,5,2021-2022,149-1,teste_145.csv,1,2022-02-01,2,1,0,0.0,145,0.5793103448275863
knn,5,2021-2022,150-1,teste_146.csv,1,2022-02-02,2,1,1,0.6666666666666666,146,0.5821917808219178
knn,5,2021-2022,151-1,teste_147.csv,1,2022-02-02,2,1,1,1.0,147,0.5850340136054422
knn,5,2021-2022,152-1,teste_148.csv,1,2022-02-03,2,0,0,0.3333333333333333,148,0.5878378378378378
knn,5,2021-2022,153-1,teste_149.csv,1,2022-02-03,2,0,0,0.4,149,0.5906040268456376
knn,5,2021-2022,154-1,teste_150.csv,1,2022-02-03,2,1,1,0.8,150,0.5933333333333334
knn,5,2021-2022,155-1,teste_151.csv,1,2022-02-03,2,1,1,0.8,151,0.5960264900662252
knn,5,2021-2022,156-1,teste_152.csv,1,2022-02-04,2,1,1,1.0,152,0.5986842105263158
knn,5,2021-2022,157-1,teste_153.csv,1,2022-02-05,2,0,0,0.0,153,0.6013071895424836
knn,5,2021-2022,158-1,teste_154.csv,1,2022-02-05,2,1,1,1.0,154,0.6038961038961039
knn,5,2021-2022,159-1,teste_155.csv,1,2022-02-05,2,1,1,0.6666666666666666,155,0.6064516129032258
knn,5,2021-2022,160-1,teste_156.csv,1,2022-02-06,2,0,0,0.0,156,0.6089743589743589
knn,5,2021-2022,161-1,teste_157.csv,1,2022-02-07,3,1,1,1.0,157,0.6114649681528662
knn,5,2021-2022,162-1,teste_158.csv,1,2022-02-07,3,0,0,0.3333333333333333,158,0.6139240506329114
knn,5,2021-2022,163-1,teste_159.csv,1,2022-02-08,3,0,0,0.3333333333333333,159,0.6163522012578616
knn,5,2021-2022,164-1,teste_160.csv,1,2022-02-09,3,1,1,1.0,160,0.61875
knn,5,2021-2022,165-1,teste_161.csv,1,2022-02-09,3,1,1,0.6666666666666666,161,0.6211180124223602
knn,5,2021-2022,166-1,teste_162.csv,1,2022-02-09,3,1,0,0.3333333333333333,162,0.6172839506172839
knn,5,2021-2022,167-1,teste_163.csv,1,2022-02-10,3,1,0,0.3333333333333333,163,0.6134969325153374
knn,5,2021-2022,168-1,teste_164.csv,1,2022-02-11,3,1,1,0.6666666666666666,164,0.6158536585365854
knn,5,2021-2022,169-1,teste_165.csv,1,2022-02-11,3,0,0,0.3333333333333333,165,0.6181818181818182
knn,5,2021-2022,170-1,teste_166.csv,1,2022-02-11,3,0,1,1.0,166,0.6144578313253012
knn,5,2021-2022,171-1,teste_167.csv,1,2022-02-12,3,1,1,1.0,167,0.6167664670658682
knn,5,2021-2022,172-1,teste_168.csv,1,2022-02-12,3,1,1,0.6666666666666666,168,0.6190476190476191
knn,5,2021-2022,173-1,teste_169.csv,1,2022-02-12,3,1,1,1.0,169,0.621301775147929
knn,5,2021-2022,174-1,teste_170.csv,1,2022-02-13,3,1,1,0.6666666666666666,170,0.6235294117647059
knn,5,2021-2022,175-1,teste_171.csv,1,2022-02-14,4,1,1,1.0,171,0.6257309941520468
knn,5,2021-2022,176-1,teste_172.csv,1,2022-02-15,4,1,1,1.0,172,0.627906976744186
knn,5,2021-2022,177-1,teste_173.csv,1,2022-02-15,4,0,1,0.6666666666666666,173,0.6242774566473989
knn,5,2021-2022,178-1,teste_174.csv,1,2022-02-17,4,1,1,0.8571428571428571,174,0.6264367816091954
knn,5,2021-2022,179-1,teste_175.csv,1,2022-02-17,4,1,1,0.8571428571428571,175,0.6285714285714286
knn,5,2021-2022,180-1,teste_176.csv,1,2022-02-17,4,1,1,0.8571428571428571,176,0.6306818181818182
knn,5,2021-2022,181-1,teste_177.csv,1,2022-02-18,4,1,1,0.8571428571428571,177,0.632768361581921
knn,5,2021-2022,182-1,teste_178.csv,1,2022-02-18,4,1,1,0.7142857142857143,178,0.6348314606741573
knn,5,2021-2022,183-1,teste_179.csv,1,2022-02-18,4,0,1,0.5714285714285714,179,0.6312849162011173
knn,5,2021-2022,184-1,teste_180.csv,1,2022-02-19,4,0,0,0.3333333333333333,180,0.6333333333333333
knn,5,2021-2022,185-1,teste_181.csv,1,2022-02-19,4,1,1,1.0,181,0.6353591160220995
knn,5,2021-2022,186-1,teste_182.csv,1,2022-02-19,4,0,1,1.0,182,0.6318681318681318
knn,5,2021-2022,187-1,teste_183.csv,1,2022-02-20,4,1,1,0.6666666666666666,183,0.6338797814207651
knn,5,2021-2022,188-1,teste_184.csv,1,2022-02-20,4,1,1,1.0,184,0.6358695652173914
knn,5,2021-2022,189-1,teste_185.csv,1,2022-02-20,4,0,1,0.7142857142857143,185,0.6324324324324324
knn,5,2021-2022,190-1,teste_186.csv,1,2022-02-20,4,0,0,0.3333333333333333,186,0.6344086021505376
knn,5,2021-2022,191-1,teste_187.csv,1,2022-03-02,5,1,1,0.8571428571428571,187,0.6363636363636364
knn,5,2021-2022,192-1,teste_188.csv,1,2022-03-02,5,1,1,1.0,188,0.6382978723404256
knn,5,2021-2022,193-1,teste_189.csv,1,2022-03-02,5,1,1,1.0,189,0.6402116402116402
knn,5,2021-2022,194-1,teste_190.csv,1,2022-03-02,5,0,1,0.6666666666666666,190,0.6368421052631579
knn,5,2021-2022,195-1,teste_191.csv,1,2022-03-03,5,1,1,1.0,191,0.6387434554973822
knn,5,2021-2022,196-1,teste_192.csv,1,2022-03-04,5,0,1,0.6666666666666666,192,0.6354166666666666
knn,5,2021-2022,197-1,teste_193.csv,1,2022-03-04,5,1,1,0.8181818181818182,193,0.6373056994818653
knn,5,2021-2022,198-1,teste_194.csv,1,2022-03-04,5,1,1,1.0,194,0.6391752577319587
knn,5,2021-2022,199-1,teste_195.csv,1,2022-03-04,5,1,0,0.3333333333333333,195,0.6358974358974359
knn,5,2021-2022,200-1,teste_196.csv,1,2022-03-05,5,1,1,0.7272727272727273,196,0.6377551020408163
knn,5,2021-2022,201-1,teste_197.csv,1,2022-03-05,5,0,1,0.5454545454545454,197,0.6345177664974619
knn,5,2021-2022,202-1,teste_198.csv,1,2022-03-06,5,0,1,0.8181818181818182,198,0.6313131313131313
knn,5,2021-2022,203-1,teste_199.csv,1,2022-03-06,5,1,1,0.6363636363636364,199,0.6331658291457286
knn,5,2021-2022,204-1,teste_200.csv,1,2022-03-07,6,0,0,0.4545454545454545,200,0.635
knn,5,2021-2022,205-1,teste_201.csv,1,2022-03-07,6,1,1,1.0,201,0.6368159203980099
knn,5,2021-2022,206-1,teste_202.csv,1,2022-03-08,6,0,1,0.5454545454545454,202,0.6336633663366337
knn,5,2021-2022,207-1,teste_203.csv,1,2022-03-09,6,1,1,0.9090909090909092,203,0.6354679802955665
knn,5,2021-2022,208-1,teste_204.csv,1,2022-03-10,6,1,1,0.7272727272727273,204,0.6372549019607843
knn,5,2021-2022,209-1,teste_205.csv,1,2022-03-10,6,0,0,0.2727272727272727,205,0.6390243902439025
knn,5,2021-2022,210-1,teste_206.csv,1,2022-03-11,6,1,1,1.0,206,0.6407766990291263
knn,5,2021-2022,211-1,teste_207.csv,1,2022-03-11,6,1,1,0.8181818181818182,207,0.642512077294686
knn,5,2021-2022,212-1,teste_208.csv,1,2022-03-12,6,1,1,0.8181818181818182,208,0.6442307692307693
knn,5,2021-2022,213-1,teste_209.csv,1,2022-03-12,6,0,1,0.7272727272727273,209,0.6411483253588517
knn,5,2021-2022,214-1,teste_210.csv,1,2022-03-12,6,1,0,0.4545454545454545,210,0.638095238095238
knn,5,2021-2022,215-1,teste_211.csv,1,2022-03-12,6,0,1,0.5454545454545454,211,0.6350710900473934
knn,5,2021-2022,216-1,teste_212.csv,1,2022-03-14,7,0,1,0.6363636363636364,212,0.6320754716981132
knn,5,2021-2022,217-1,teste_213.csv,1,2022-03-14,7,0,0,0.3636363636363636,213,0.6338028169014085
knn,5,2021-2022,218-1,teste_214.csv,1,2022-03-14,7,0,1,0.7272727272727273,214,0.6308411214953271
knn,5,2021-2022,219-1,teste_215.csv,1,2022-03-15,7,1,0,0.4545454545454545,215,0.627906976744186
knn,5,2021-2022,220-1,teste_216.csv,1,2022-03-16,7,0,0,0.4545454545454545,216,0.6296296296296297
knn,5,2021-2022,221-1,teste_217.csv,1,2022-03-18,4,1,1,0.7777777777777778,217,0.631336405529954
knn,5,2021-2022,222-1,teste_218.csv,1,2022-03-22,8,1,1,0.5555555555555556,218,0.6330275229357798
knn,5,2021-2022,223-1,teste_219.csv,1,2022-03-23,8,0,1,0.5555555555555556,219,0.6301369863013698
knn,5,2021-2022,224-1,teste_220.csv,1,2022-03-24,8,1,1,0.8888888888888888,220,0.6318181818181818
knn,5,2021-2022,225-1,teste_221.csv,1,2022-03-24,8,1,1,0.8888888888888888,221,0.6334841628959276
knn,5,2021-2022,226-1,teste_222.csv,1,2022-03-24,8,1,1,0.7777777777777778,222,0.6351351351351351
knn,5,2021-2022,227-1,teste_223.csv,1,2022-03-24,8,0,1,0.7777777777777778,223,0.6322869955156951
knn,5,2021-2022,228-1,teste_224.csv,1,2022-03-25,8,1,1,0.6666666666666666,224,0.6339285714285714
knn,5,2021-2022,229-1,teste_225.csv,1,2022-03-26,8,1,1,0.8888888888888888,225,0.6355555555555555
knn,5,2021-2022,230-1,teste_226.csv,1,2022-03-26,8,0,1,0.5555555555555556,226,0.6327433628318584
knn,5,2021-2022,231-1,teste_227.csv,1,2022-03-26,8,0,0,0.4285714285714285,227,0.6343612334801763
knn,5,2021-2022,232-1,teste_228.csv,1,2022-03-27,8,0,1,0.5555555555555556,228,0.631578947368421
knn,5,2021-2022,233-1,teste_229.csv,1,2022-03-27,8,1,1,0.5714285714285714,229,0.6331877729257642
knn,5,2021-2022,234-1,teste_230.csv,1,2022-03-28,9,1,0,0.2222222222222222,230,0.6304347826086957
knn,5,2021-2022,235-1,teste_231.csv,1,2022-03-29,9,0,0,0.4444444444444444,231,0.6320346320346321
knn,5,2021-2022,236-1,teste_232.csv,1,2022-03-29,9,1,1,0.5239865586628468,232,0.6336206896551724
knn,5,2021-2022,237-1,teste_233.csv,1,2022-03-31,9,0,0,0.4404474494278814,233,0.6351931330472103
knn,5,2021-2022,238-1,teste_234.csv,1,2022-03-31,9,1,1,1.0,234,0.6367521367521367
knn,5,2021-2022,239-1,teste_235.csv,1,2022-04-02,9,1,1,0.7265021735896038,235,0.6382978723404256
knn,5,2021-2022,240-1,teste_236.csv,1,2022-04-02,9,0,0,0.2703484772137761,236,0.6398305084745762
knn,5,2021-2022,241-1,teste_237.csv,1,2022-04-02,9,1,0,0.2647755973455701,237,0.6371308016877637
knn,5,2021-2022,242-1,teste_238.csv,1,2022-04-04,10,1,1,0.7134316946214684,238,0.6386554621848739
knn,5,2021-2022,243-1,teste_239.csv,1,2022-04-04,10,0,0,0.4632369199183222,239,0.6401673640167364
knn,5,2021-2022,244-1,teste_240.csv,1,2022-04-04,10,0,1,0.7121424707542996,240,0.6375
knn,5,2021-2022,245-1,teste_241.csv,1,2022-04-05,10,1,1,0.8,241,0.6390041493775933
knn,5,2021-2022,246-1,teste_242.csv,1,2022-04-05,10,1,0,0.4,242,0.6363636363636364
knn,5,2021-2022,247-1,teste_243.csv,1,2022-04-06,10,1,1,0.8,243,0.6378600823045267
knn,5,2021-2022,248-1,teste_244.csv,1,2022-04-06,10,1,1,0.8,244,0.639344262295082
knn,5,2021-2022,249-1,teste_245.csv,1,2022-04-07,10,1,1,0.5555555555555556,245,0.6408163265306123
knn,5,2021-2022,250-1,teste_246.csv,1,2022-04-07,10,1,1,0.6666666666666666,246,0.6422764227642277
knn,5,2021-2022,251-1,teste_247.csv,1,2022-04-08,10,0,1,0.6363636363636364,247,0.6396761133603239
knn,5,2021-2022,252-1,teste_248.csv,1,2022-04-08,10,0,1,0.5454545454545454,248,0.6370967741935484
knn,5,2021-2022,253-1,teste_249.csv,1,2022-04-09,10,1,0,0.4545454545454545,249,0.6345381526104418
knn,5,2021-2022,254-1,teste_250.csv,1,2022-04-11,11,0,1,0.8181818181818182,250,0.632
knn,5,2021-2022,255-1,teste_251.csv,1,2022-04-12,11,1,1,0.7777777777777778,251,0.6334661354581673
knn,5,2021-2022,256-1,teste_252.csv,1,2022-04-12,11,0,0,0.4444444444444444,252,0.6349206349206349
knn,5,2021-2022,257-1,teste_253.csv,1,2022-04-13,11,0,1,0.5555555555555556,253,0.6324110671936759
knn,5,2021-2022,258-1,teste_254.csv,1,2022-04-13,11,1,1,0.7777777777777778,254,0.6338582677165354
knn,5,2021-2022,259-1,teste_255.csv,1,2022-04-13,11,0,0,0.4444444444444444,255,0.6352941176470588
knn,5,2021-2022,260-1,teste_256.csv,1,2022-04-14,11,0,1,0.6,256,0.6328125
knn,5,2021-2022,261-1,teste_257.csv,1,2022-04-14,11,0,1,0.8,257,0.6303501945525292
knn,5,2021-2022,262-1,teste_258.csv,1,2022-04-14,11,1,0,0.4,258,0.627906976744186
knn,5,2021-2022,263-1,teste_259.csv,1,2022-04-14,11,0,1,0.6,259,0.6254826254826255
knn,5,2021-2022,264-1,teste_260.csv,1,2022-04-15,11,1,0,0.2,260,0.6230769230769231
knn,5,2021-2022,265-1,teste_261.csv,1,2022-04-15,11,1,0,0.2,261,0.6206896551724138
knn,5,2021-2022,266-1,teste_262.csv,1,2022-04-16,11,0,1,0.5714285714285714,262,0.6183206106870229
knn,5,2021-2022,267-1,teste_263.csv,1,2022-04-16,11,0,1,0.5454545454545454,263,0.6159695817490495
knn,5,2021-2022,268-1,teste_264.csv,1,2022-04-16,11,1,0,0.3636363636363636,264,0.6136363636363636
knn,5,2021-2022,269-1,teste_265.csv,1,2022-04-18,7,1,1,0.8181818181818182,265,0.6150943396226415
knn,5,2021-2022,270-1,teste_266.csv,1,2022-04-19,1,0,1,0.5454545454545454,266,0.6127819548872181
knn,5,2021-2022,271-1,teste_267.csv,1,2022-04-19,1,1,0,0.2222222222222222,267,0.6104868913857678
knn,5,2021-2022,272-1,teste_268.csv,1,2022-04-20,1,1,1,0.5555555555555556,268,0.6119402985074627
knn,5,2021-2022,273-1,teste_269.csv,1,2022-04-20,1,0,1,0.5555555555555556,269,0.6096654275092936
knn,5,2021-2022,274-1,teste_270.csv,1,2022-04-22,2,1,0,0.3333333333333333,270,0.6074074074074074
knn,5,2021-2022,275-1,teste_271.csv,1,2022-04-22,2,1,1,1.0,271,0.6088560885608856
knn,5,2021-2022,276-1,teste_272.csv,1,2022-04-23,2,1,1,0.6666666666666666,272,0.6102941176470589
knn,5,2021-2022,277-1,teste_273.csv,1,2022-04-23,2,1,0,0.3333333333333333,273,0.608058608058608
knn,5,2021-2022,278-1,teste_274.csv,1,2022-04-24,3,1,1,1.0,274,0.6094890510948905
knn,5,2021-2022,279-1,teste_275.csv,1,2022-04-25,3,1,1,0.6666666666666666,275,0.610909090909091
knn,5,2021-2022,280-1,teste_276.csv,1,2022-04-27,1,1,0,0.3333333333333333,276,0.6086956521739131
knn,5,2021-2022,281-1,teste_277.csv,1,2022-04-27,1,1,1,0.7272727272727273,277,0.6101083032490975
knn,5,2021-2022,282-1,teste_278.csv,1,2022-04-28,1,1,1,0.6666666666666666,278,0.6115107913669064
knn,5,2021-2022,283-1,teste_279.csv,1,2022-04-28,1,1,1,1.0,279,0.6129032258064516
knn,5,2021-2022,284-1,teste_280.csv,1,2022-04-30,2,0,1,0.6666666666666666,280,0.6107142857142858
knn,5,2021-2022,285-1,teste_281.csv,1,2022-04-30,2,1,1,1.0,281,0.6120996441281139
knn,5,2021-2022,286-1,teste_282.csv,1,2022-05-01,2,0,0,0.3333333333333333,282,0.6134751773049646
knn,5,2021-2022,287-1,teste_283.csv,1,2022-05-01,2,0,1,0.7272727272727273,283,0.6113074204946997
knn,5,2021-2022,288-1,teste_284.csv,1,2022-05-02,3,0,0,0.2857142857142857,284,0.6126760563380281
knn,5,2021-2022,289-1,teste_285.csv,1,2022-05-02,3,0,1,0.5714285714285714,285,0.6105263157894737
knn,5,2021-2022,290-1,teste_286.csv,1,2022-05-03,3,0,0,0.1428571428571428,286,0.6118881118881119
knn,5,2021-2022,291-1,teste_287.csv,1,2022-05-03,3,0,0,0.2857142857142857,287,0.6132404181184669
knn,5,2021-2022,292-1,teste_288.csv,1,2022-05-07,4,1,1,0.8571428571428571,288,0.6145833333333334
knn,5,2021-2022,293-1,teste_289.csv,1,2022-05-11,1,1,0,0.4285714285714285,289,0.6124567474048442
knn,5,2021-2022,294-1,teste_290.csv,1,2022-05-12,1,1,0,0.4285714285714285,290,0.6103448275862069
knn,5,2021-2022,295-1,teste_291.csv,1,2022-05-14,2,1,1,0.7142857142857143,291,0.6116838487972509
knn,5,2021-2022,296-1,teste_292.csv,1,2022-05-15,2,0,1,0.7142857142857143,292,0.6095890410958904
knn,5,2021-2022,297-1,teste_293.csv,1,2022-05-16,3,0,1,0.5714285714285714,293,0.6075085324232082
knn,5,2021-2022,298-1,teste_294.csv,1,2022-05-17,3,0,1,0.5714285714285714,294,0.6054421768707483
knn,5,2021-2022,299-1,teste_295.csv,1,2022-05-21,4,1,0,0.3636363636363636,295,0.6033898305084746
knn,5,2021-2022,300-1,teste_296.csv,1,2022-05-28,1,1,0,0.4545454545454545,296,0.6013513513513513
knn,5,2021-2022,301-1,teste_297.csv,1,2022-06-02,2,0,1,0.7142857142857143,297,0.5993265993265994
knn,5,2021-2022,302-1,teste_298.csv,1,2022-06-04,3,1,1,0.5714285714285714,298,0.6006711409395973
knn,5,2022-2023,5-1,teste_1.csv,1,2022-10-17,2,1,1,0.6666666666666666,1,1.0
knn,5,2022-2023,6-1,teste_2.csv,1,2022-10-17,2,0,0,0.3333333333333333,2,1.0
knn,5,2022-2023,7-1,teste_3.csv,1,2022-10-17,2,0,1,0.7943413919392964,3,0.6666666666666666
knn,5,2022-2023,8-1,teste_4.csv,1,2022-10-18,2,1,0,0.2061543828964039,4,0.5
knn,5,2022-2023,9-1,teste_5.csv,1,2022-10-18,2,1,1,0.6,5,0.6
knn,5,2022-2023,10-1,teste_6.csv,1,2022-10-19,2,0,0,0.4,6,0.6666666666666666
knn,5,2022-2023,11-1,teste_7.csv,1,2022-10-20,2,0,1,0.6666666666666666,7,0.5714285714285714
knn,5,2022-2023,12-1,teste_8.csv,1,2022-10-20,2,0,1,0.6,8,0.5
knn,5,2022-2023,13-1,teste_9.csv,1,2022-10-21,2,1,1,0.8,9,0.5555555555555556
knn,5,2022-2023,14-1,teste_10.csv,1,2022-10-22,2,0,0,0.0,10,0.6
knn,5,2022-2023,15-1,teste_11.csv,1,2022-10-22,2,1,0,0.3020858189403218,11,0.5454545454545454
knn,5,2022-2023,16-1,teste_12.csv,1,2022-10-22,2,0,0,0.2,12,0.5833333333333334
knn,5,2022-2023,17-1,teste_13.csv,1,2022-10-22,2,0,0,0.2,13,0.6153846153846154
knn,5,2022-2023,18-1,teste_14.csv,1,2022-10-24,3,1,0,0.1446899888587919,14,0.5714285714285714
knn,5,2022-2023,19-1,teste_15.csv,1,2022-10-24,3,0,0,0.2857142857142857,15,0.6
knn,5,2022-2023,20-1,teste_16.csv,1,2022-10-24,3,0,0,0.1184255199348456,16,0.625
knn,5,2022-2023,21-1,teste_17.csv,1,2022-10-25,3,1,0,0.2857142857142857,17,0.5882352941176471
knn,5,2022-2023,22-1,teste_18.csv,1,2022-10-25,3,1,0,0.1428571428571428,18,0.5555555555555556
knn,5,2022-2023,23-1,teste_19.csv,1,2022-10-26,3,0,0,0.3848820644018054,19,0.5789473684210527
knn,5,2022-2023,24-1,teste_20.csv,1,2022-10-27,3,1,0,0.2857142857142857,20,0.55
knn,5,2022-2023,25-1,teste_21.csv,1,2022-10-27,3,1,0,0.4545454545454545,21,0.5238095238095238
knn,5,2022-2023,26-1,teste_22.csv,1,2022-10-27,3,1,0,0.4444444444444444,22,0.5
knn,5,2022-2023,27-1,teste_23.csv,1,2022-10-28,3,1,1,0.8,23,0.5217391304347826
knn,5,2022-2023,28-1,teste_24.csv,1,2022-10-28,3,0,1,0.6,24,0.5
knn,5,2022-2023,29-1,teste_25.csv,1,2022-10-29,3,1,1,0.6,25,0.52
knn,5,2022-2023,30-1,teste_26.csv,1,2022-10-29,3,0,1,0.6,26,0.5
knn,5,2022-2023,31-1,teste_27.csv,1,2022-10-31,4,1,0,0.4,27,0.4814814814814814
knn,5,2022-2023,32-1,teste_28.csv,1,2022-11-01,4,0,0,0.4444444444444444,28,0.5
knn,5,2022-2023,33-1,teste_29.csv,1,2022-11-01,4,1,0,0.1428571428571428,29,0.4827586206896552
knn,5,2022-2023,34-1,teste_30.csv,1,2022-11-01,4,1,0,0.3333333333333333,30,0.4666666666666667
knn,5,2022-2023,35-1,teste_31.csv,1,2022-11-02,4,0,1,0.5714033459503368,31,0.4516129032258064
knn,5,2022-2023,36-1,teste_32.csv,1,2022-11-03,4,0,0,0.2102019750952609,32,0.46875
knn,5,2022-2023,37-1,teste_33.csv,1,2022-11-03,4,0,0,0.357897069634075,33,0.4848484848484848
knn,5,2022-2023,38-1,teste_34.csv,1,2022-11-03,4,1,0,0.2857142857142857,34,0.4705882352941176
knn,5,2022-2023,39-1,teste_35.csv,1,2022-11-03,4,1,1,0.5454545454545454,35,0.4857142857142857
knn,5,2022-2023,40-1,teste_36.csv,1,2022-11-03,4,1,1,0.5053966565997894,36,0.5
knn,5,2022-2023,41-1,teste_37.csv,1,2022-11-04,4,0,1,0.6698055839414756,37,0.4864864864864865
knn,5,2022-2023,42-1,teste_38.csv,1,2022-11-05,4,1,1,0.6666666666666666,38,0.5
knn,5,2022-2023,43-1,teste_39.csv,1,2022-11-05,4,1,1,0.5952336030102011,39,0.5128205128205128
knn,5,2022-2023,44-1,teste_40.csv,1,2022-11-05,4,1,1,0.5467150044092209,40,0.525
knn,5,2022-2023,45-1,teste_41.csv,1,2022-11-05,4,0,1,0.6112028851639779,41,0.5121951219512195
knn,5,2022-2023,46-1,teste_42.csv,1,2022-11-15,5,0,1,0.6666666666666666,42,0.5
knn,5,2022-2023,47-1,teste_43.csv,1,2022-11-17,5,0,0,0.3333333333333333,43,0.5116279069767442
knn,5,2022-2023,48-1,teste_44.csv,1,2022-11-17,5,1,1,0.6666666666666666,44,0.5227272727272727
knn,5,2022-2023,49-1,teste_45.csv,1,2022-11-17,5,1,0,0.4,45,0.5111111111111111
knn,5,2022-2023,50-1,teste_46.csv,1,2022-11-17,5,1,0,0.3333333333333333,46,0.5
knn,5,2022-2023,51-1,teste_47.csv,1,2022-11-17,5,0,1,0.6666666666666666,47,0.4893617021276595
knn,5,2022-2023,52-1,teste_48.csv,1,2022-11-17,5,1,1,0.6666666666666666,48,0.5
knn,5,2022-2023,53-1,teste_49.csv,1,2022-11-18,5,0,1,0.6,49,0.4897959183673469
knn,5,2022-2023,54-1,teste_50.csv,1,2022-11-19,5,1,1,0.6666666666666666,50,0.5
knn,5,2022-2023,55-1,teste_51.csv,1,2022-11-19,5,1,1,0.8571428571428571,51,0.5098039215686274
knn,5,2022-2023,56-1,teste_52.csv,1,2022-11-19,5,1,1,0.5714285714285714,52,0.5192307692307693
knn,5,2022-2023,57-1,teste_53.csv,1,2022-11-19,5,0,0,0.2,53,0.5283018867924528
knn,5,2022-2023,58-1,teste_54.csv,1,2022-11-19,5,1,1,1.0,54,0.5370370370370371
knn,5,2022-2023,59-1,teste_55.csv,1,2022-11-21,6,1,1,0.5570441361627525,55,0.5454545454545454
knn,5,2022-2023,60-1,teste_56.csv,1,2022-11-21,6,1,1,0.8212094281194698,56,0.5535714285714286
knn,5,2022-2023,61-1,teste_57.csv,1,2022-11-22,6,1,1,1.0,57,0.5614035087719298
knn,5,2022-2023,62-1,teste_58.csv,1,2022-11-22,6,0,1,0.6666666666666666,58,0.5517241379310345
knn,5,2022-2023,63-1,teste_59.csv,1,2022-11-23,6,1,1,0.7035106313487538,59,0.559322033898305
knn,5,2022-2023,64-1,teste_60.csv,1,2022-11-23,6,1,1,0.880501060336095,60,0.5666666666666667
knn,5,2022-2023,65-1,teste_61.csv,1,2022-11-23,6,0,1,0.8489132742291783,61,0.5573770491803278
knn,5,2022-2023,66-1,teste_62.csv,1,2022-11-23,6,0,1,0.6384085507709281,62,0.5483870967741935
knn,5,2022-2023,67-1,teste_63.csv,1,2022-11-25,6,0,1,0.6291305119963341,63,0.5396825396825397
knn,5,2022-2023,68-1,teste_64.csv,1,2022-11-25,6,1,1,0.649611688405181,64,0.546875
knn,5,2022-2023,69-1,teste_65.csv,1,2022-11-25,6,0,0,0.3333333333333333,65,0.5538461538461539
knn,5,2022-2023,70-1,teste_66.csv,1,2022-11-25,6,1,1,0.6030052366787403,66,0.5606060606060606
knn,5,2022-2023,71-1,teste_67.csv,1,2022-11-26,6,0,0,0.4483829580962782,67,0.5671641791044776
knn,5,2022-2023,72-1,teste_68.csv,1,2022-11-26,6,0,1,0.7005615237353439,68,0.5588235294117647
knn,5,2022-2023,73-1,teste_69.csv,1,2022-11-27,7,0,1,0.7818111677904341,69,0.5507246376811594
knn,5,2022-2023,74-1,teste_70.csv,1,2022-11-29,7,1,1,0.8316824434814261,70,0.5571428571428572
knn,5,2022-2023,75-1,teste_71.csv,1,2022-11-29,7,1,1,0.6666666666666666,71,0.5633802816901409
knn,5,2022-2023,76-1,teste_72.csv,1,2022-11-30,7,1,1,0.6,72,0.5694444444444444
knn,5,2022-2023,77-1,teste_73.csv,1,2022-12-01,7,1,1,0.8,73,0.5753424657534246
knn,5,2022-2023,78-1,teste_74.csv,1,2022-12-01,7,1,1,0.8,74,0.581081081081081
knn,5,2022-2023,79-1,teste_75.csv,1,2022-12-01,7,0,1,0.8,75,0.5733333333333334
knn,5,2022-2023,80-1,teste_76.csv,1,2022-12-01,7,1,1,1.0,76,0.5789473684210527
knn,5,2022-2023,81-1,teste_77.csv,1,2022-12-03,7,1,0,0.2,77,0.5714285714285714
knn,5,2022-2023,82-1,teste_78.csv,1,2022-12-03,7,0,1,1.0,78,0.5641025641025641
knn,5,2022-2023,83-1,teste_79.csv,1,2022-12-03,7,1,1,0.6666666666666666,79,0.569620253164557
knn,5,2022-2023,84-1,teste_80.csv,1,2022-12-03,7,1,0,0.3333333333333333,80,0.5625
knn,5,2022-2023,85-1,teste_81.csv,1,2022-12-03,7,0,1,0.6666666666666666,81,0.5555555555555556
knn,5,2022-2023,86-1,teste_82.csv,1,2022-12-06,8,0,1,0.5555555555555556,82,0.5487804878048781
knn,5,2022-2023,87-1,teste_83.csv,1,2022-12-06,8,0,1,0.5555555555555556,83,0.5421686746987951
knn,5,2022-2023,88-1,teste_84.csv,1,2022-12-08,8,1,1,0.9090909090909092,84,0.5476190476190477
knn,5,2022-2023,89-1,teste_85.csv,1,2022-12-08,8,0,0,0.3333333333333333,85,0.5529411764705883
knn,5,2022-2023,90-1,teste_86.csv,1,2022-12-08,8,0,1,0.6666666666666666,86,0.5465116279069767
knn,5,2022-2023,91-1,teste_87.csv,1,2022-12-08,8,0,0,0.3333333333333333,87,0.5517241379310345
knn,5,2022-2023,92-1,teste_88.csv,1,2022-12-10,8,1,1,0.6666666666666666,88,0.5568181818181818
knn,5,2022-2023,93-1,teste_89.csv,1,2022-12-10,8,0,0,0.2857142857142857,89,0.5617977528089888
knn,5,2022-2023,94-1,teste_90.csv,1,2022-12-10,8,0,0,0.2727272727272727,90,0.5666666666666667
knn,5,2022-2023,95-1,teste_91.csv,1,2022-12-13,9,1,1,0.6666666666666666,91,0.5714285714285714
knn,5,2022-2023,96-1,teste_92.csv,1,2022-12-13,9,0,1,0.7272727272727273,92,0.5652173913043478
knn,5,2022-2023,97-1,teste_93.csv,1,2022-12-13,9,0,0,0.4545454545454545,93,0.5698924731182796
knn,5,2022-2023,100-1,teste_96.csv,1,2022-12-15,9,0,1,0.6666666666666666,94,0.5638297872340425
knn,5,2022-2023,101-1,teste_97.csv,1,2022-12-15,9,1,1,0.5555555555555556,95,0.5684210526315789
knn,5,2022-2023,98-1,teste_94.csv,1,2022-12-15,9,1,1,0.5454545454545454,96,0.5729166666666666
knn,5,2022-2023,99-1,teste_95.csv,1,2022-12-15,9,1,0,0.2222222222222222,97,0.5670103092783505
knn,5,2022-2023,102-1,teste_98.csv,1,2022-12-17,9,0,0,0.4444444444444444,98,0.5714285714285714
knn,5,2022-2023,103-1,teste_99.csv,1,2022-12-19,10,0,0,0.0,99,0.5757575757575758
knn,5,2022-2023,104-1,teste_100.csv,1,2022-12-19,10,1,0,0.4444444444444444,100,0.57
knn,5,2022-2023,105-1,teste_101.csv,1,2022-12-19,10,0,0,0.4444444444444444,101,0.5742574257425742
knn,5,2022-2023,106-1,teste_102.csv,1,2022-12-19,10,0,1,0.6666666666666666,102,0.5686274509803921
knn,5,2022-2023,107-1,teste_103.csv,1,2022-12-20,10,1,0,0.4545454545454545,103,0.5631067961165048
knn,5,2022-2023,108-1,teste_104.csv,1,2022-12-20,10,0,1,0.5454545454545454,104,0.5576923076923077
knn,5,2022-2023,109-1,teste_105.csv,1,2022-12-20,10,1,0,0.4545454545454545,105,0.5523809523809524
knn,5,2022-2023,110-1,teste_106.csv,1,2022-12-20,10,0,0,0.3636363636363636,106,0.5566037735849056
knn,5,2022-2023,111-1,teste_107.csv,1,2022-12-21,10,0,0,0.1818181818181818,107,0.5607476635514018
knn,5,2022-2023,112-1,teste_108.csv,1,2022-12-21,10,1,0,0.1818181818181818,108,0.5555555555555556
knn,5,2022-2023,113-1,teste_109.csv,1,2022-12-21,10,1,0,0.4545454545454545,109,0.5504587155963303
knn,5,2022-2023,114-1,teste_110.csv,1,2022-12-21,10,1,1,0.7272727272727273,110,0.5545454545454546
knn,5,2022-2023,115-1,teste_111.csv,1,2022-12-22,10,0,0,0.2222222222222222,111,0.5585585585585585
knn,5,2022-2023,116-1,teste_112.csv,1,2022-12-22,10,1,0,0.4545454545454545,112,0.5535714285714286
knn,5,2022-2023,117-1,teste_113.csv,1,2022-12-22,10,1,1,0.572684223082535,113,0.5575221238938053
knn,5,2022-2023,118-1,teste_114.csv,1,2022-12-22,10,1,1,0.722046900903208,114,0.5614035087719298
knn,5,2022-2023,119-1,teste_115.csv,1,2022-12-23,10,1,0,0.2857142857142857,115,0.5565217391304348
knn,5,2022-2023,120-1,teste_116.csv,1,2022-12-27,11,0,0,0.4285714285714285,116,0.5603448275862069
knn,5,2022-2023,121-1,teste_117.csv,1,2022-12-27,11,1,0,0.4285714285714285,117,0.5555555555555556
knn,5,2022-2023,122-1,teste_118.csv,1,2022-12-27,11,1,1,0.8571428571428571,118,0.559322033898305
knn,5,2022-2023,123-1,teste_119.csv,1,2022-12-29,11,0,0,0.4545454545454545,119,0.5630252100840336
knn,5,2022-2023,124-1,teste_120.csv,1,2022-12-29,11,1,1,0.5714285714285714,120,0.5666666666666667
knn,5,2022-2023,125-1,teste_121.csv,1,2023-01-03,12,1,0,0.2857142857142857,121,0.5619834710743802
knn,5,2022-2023,126-1,teste_122.csv,1,2023-01-03,12,1,0,0.3636363636363636,122,0.5573770491803278
knn,5,2022-2023,127-1,teste_123.csv,1,2023-01-04,12,0,0,0.4545454545454545,123,0.5609756097560976
knn,5,2022-2023,128-1,teste_124.csv,1,2023-01-04,12,1,1,0.5454545454545454,124,0.5645161290322581
knn,5,2022-2023,129-1,teste_125.csv,1,2023-01-04,12,0,0,0.4285714285714285,125,0.568
knn,5,2022-2023,130-1,teste_126.csv,1,2023-01-05,12,0,1,0.6363636363636364,126,0.5634920634920635
knn,5,2022-2023,131-1,teste_127.csv,1,2023-01-05,12,0,1,0.7142857142857143,127,0.5590551181102362
knn,5,2022-2023,132-1,teste_128.csv,1,2023-01-05,12,0,0,0.4545454545454545,128,0.5625
knn,5,2022-2023,133-1,teste_129.csv,1,2023-01-06,12,1,1,0.7142857142857143,129,0.5658914728682171
knn,5,2022-2023,134-1,teste_130.csv,1,2023-01-06,12,0,0,0.4285714285714285,130,0.5692307692307692
knn,5,2022-2023,135-1,teste_131.csv,1,2023-01-06,12,0,0,0.0,131,0.5725190839694656
knn,5,2022-2023,136-1,teste_132.csv,1,2023-01-08,1,1,0,0.0,132,0.5681818181818182
knn,5,2022-2023,137-1,teste_133.csv,1,2023-01-09,1,0,0,0.3333333333333333,133,0.5714285714285714
knn,5,2022-2023,138-1,teste_134.csv,1,2023-01-09,1,0,1,0.6666666666666666,134,0.5671641791044776
knn,5,2022-2023,139-1,teste_135.csv,1,2023-01-10,1,1,1,0.7777777777777778,135,0.5703703703703704
knn,5,2022-2023,140-1,teste_136.csv,1,2023-01-10,1,1,0,0.4444444444444444,136,0.5661764705882353
knn,5,2022-2023,141-1,teste_137.csv,1,2023-01-10,1,1,1,1.0,137,0.5693430656934306
knn,5,2022-2023,142-1,teste_138.csv,1,2023-01-10,1,1,1,0.6666666666666666,138,0.572463768115942
knn,5,2022-2023,143-1,teste_139.csv,1,2023-01-11,1,0,1,0.6666666666666666,139,0.5683453237410072
knn,5,2022-2023,144-1,teste_140.csv,1,2023-01-11,1,1,0,0.3333333333333333,140,0.5642857142857143
knn,5,2022-2023,145-1,teste_141.csv,1,2023-01-12,1,1,0,0.3333333333333333,141,0.5602836879432624
knn,5,2022-2023,146-1,teste_142.csv,1,2023-01-12,1,1,0,0.0,142,0.5563380281690141
knn,5,2022-2023,147-1,teste_143.csv,1,2023-01-13,1,1,1,0.6666666666666666,143,0.5594405594405595
knn,5,2022-2023,148-1,teste_144.csv,1,2023-01-13,1,0,1,0.6666666666666666,144,0.5555555555555556
knn,5,2022-2023,149-1,teste_145.csv,1,2023-01-14,1,0,0,0.4444444444444444,145,0.5586206896551724
knn,5,2022-2023,150-1,teste_146.csv,1,2023-01-16,2,1,0,0.3333333333333333,146,0.5547945205479452
knn,5,2022-2023,151-1,teste_147.csv,1,2023-01-16,2,1,1,0.6666666666666666,147,0.5578231292517006
knn,5,2022-2023,152-1,teste_148.csv,1,2023-01-16,2,0,1,0.6666666666666666,148,0.5540540540540541
knn,5,2022-2023,153-1,teste_149.csv,1,2023-01-17,2,0,0,0.3333333333333333,149,0.5570469798657718
knn,5,2022-2023,154-1,teste_150.csv,1,2023-01-17,2,0,0,0.0,150,0.56
knn,5,2022-2023,155-1,teste_151.csv,1,2023-01-17,2,0,0,0.3333333333333333,151,0.5629139072847682
knn,5,2022-2023,156-1,teste_152.csv,1,2023-01-18,2,1,1,0.6666666666666666,152,0.5657894736842105
knn,5,2022-2023,157-1,teste_153.csv,1,2023-01-18,2,1,1,1.0,153,0.5686274509803921
knn,5,2022-2023,158-1,teste_154.csv,1,2023-01-18,2,0,0,0.3333333333333333,154,0.5714285714285714
knn,5,2022-2023,159-1,teste_155.csv,1,2023-01-19,2,1,1,0.6666666666666666,155,0.5741935483870968
knn,5,2022-2023,160-1,teste_156.csv,1,2023-01-19,2,1,1,0.6666666666666666,156,0.5769230769230769
knn,5,2022-2023,161-1,teste_157.csv,1,2023-01-30,2,0,0,0.3333333333333333,157,0.5796178343949044
knn,5,2022-2023,162-1,teste_158.csv,1,2023-01-30,2,0,1,0.7142857142857143,158,0.5759493670886076
knn,5,2022-2023,163-1,teste_159.csv,1,2023-01-30,3,0,1,0.7272727272727273,159,0.5723270440251572
knn,5,2022-2023,164-1,teste_160.csv,1,2023-01-31,2,0,1,0.7142857142857143,160,0.56875
knn,5,2022-2023,165-1,teste_161.csv,1,2023-01-31,2,0,0,0.4285714285714285,161,0.5714285714285714
knn,5,2022-2023,166-1,teste_162.csv,1,2023-01-31,2,1,0,0.4285714285714285,162,0.5679012345679012
knn,5,2022-2023,167-1,teste_163.csv,1,2023-02-01,2,0,0,0.0,163,0.5705521472392638
knn,5,2022-2023,168-1,teste_164.csv,1,2023-02-02,2,0,0,0.3333333333333333,164,0.573170731707317
knn,5,2022-2023,169-1,teste_165.csv,1,2023-02-02,2,1,0,0.4285714285714285,165,0.5696969696969697
knn,5,2022-2023,170-1,teste_166.csv,1,2023-02-02,2,0,0,0.2,166,0.572289156626506
knn,5,2022-2023,171-1,teste_167.csv,1,2023-02-03,2,0,0,0.2,167,0.5748502994011976
knn,5,2022-2023,172-1,teste_168.csv,1,2023-02-04,2,1,0,0.4,168,0.5714285714285714
knn,5,2022-2023,173-1,teste_169.csv,1,2023-02-04,2,0,0,0.4,169,0.5739644970414202
knn,5,2022-2023,174-1,teste_170.csv,1,2023-02-06,3,1,1,0.6,170,0.5764705882352941
knn,5,2022-2023,175-1,teste_171.csv,1,2023-02-06,3,1,1,0.6,171,0.5789473684210527
knn,5,2022-2023,176-1,teste_172.csv,1,2023-02-06,3,1,0,0.4,172,0.5755813953488372
knn,5,2022-2023,177-1,teste_173.csv,1,2023-02-07,3,0,1,0.7142857142857143,173,0.5722543352601156
knn,5,2022-2023,178-1,teste_174.csv,1,2023-02-09,3,1,0,0.3636363636363636,174,0.5689655172413793
knn,5,2022-2023,179-1,teste_175.csv,1,2023-02-09,3,1,1,0.6363636363636364,175,0.5714285714285714
knn,5,2022-2023,180-1,teste_176.csv,1,2023-02-10,3,1,1,0.7272727272727273,176,0.5738636363636364
knn,5,2022-2023,181-1,teste_177.csv,1,2023-02-11,3,1,1,0.6363636363636364,177,0.576271186440678
knn,5,2022-2023,182-1,teste_178.csv,1,2023-02-12,4,0,1,0.7272727272727273,178,0.5730337078651685
knn,5,2022-2023,183-1,teste_179.csv,1,2023-02-12,4,0,1,0.6666666666666666,179,0.5698324022346368
knn,5,2022-2023,184-1,teste_180.csv,1,2023-02-13,4,1,0,0.3636363636363636,180,0.5666666666666667
knn,5,2022-2023,185-1,teste_181.csv,1,2023-02-14,4,1,1,0.6666666666666666,181,0.569060773480663
knn,5,2022-2023,186-1,teste_182.csv,1,2023-02-14,4,0,1,1.0,182,0.5659340659340659
knn,5,2022-2023,187-1,teste_183.csv,1,2023-02-14,4,0,0,0.3333333333333333,183,0.5683060109289617
knn,5,2022-2023,188-1,teste_184.csv,1,2023-02-14,4,1,1,1.0,184,0.5706521739130435
knn,5,2022-2023,189-1,teste_185.csv,1,2023-02-15,4,1,1,1.0,185,0.572972972972973
knn,5,2022-2023,190-1,teste_186.csv,1,2023-02-15,4,1,1,0.6666666666666666,186,0.5752688172043011
knn,5,2022-2023,191-1,teste_187.csv,1,2023-02-16,4,0,1,0.6666666666666666,187,0.5721925133689839
knn,5,2022-2023,192-1,teste_188.csv,1,2023-02-16,4,1,1,0.6666666666666666,188,0.574468085106383
knn,5,2022-2023,193-1,teste_189.csv,1,2023-02-16,4,0,1,0.6666666666666666,189,0.5714285714285714
knn,5,2022-2023,195-1,teste_191.csv,1,2023-02-17,3,0,1,0.5454545454545454,190,0.5684210526315789
knn,5,2022-2023,194-1,teste_190.csv,1,2023-02-17,4,1,1,0.6666666666666666,191,0.5706806282722513
knn,5,2022-2023,196-1,teste_192.csv,1,2023-02-18,4,1,0,0.3636363636363636,192,0.5677083333333334
knn,5,2022-2023,197-1,teste_193.csv,1,2023-02-18,4,1,0,0.3333333333333333,193,0.5647668393782384
knn,5,2022-2023,198-1,teste_194.csv,1,2023-03-01,5,1,0,0.3333333333333333,194,0.5618556701030928
knn,5,2022-2023,199-1,teste_195.csv,1,2023-03-01,5,1,1,0.6363636363636364,195,0.5641025641025641
knn,5,2022-2023,200-1,teste_196.csv,1,2023-03-02,5,0,1,0.5454545454545454,196,0.5612244897959183
knn,5,2022-2023,201-1,teste_197.csv,1,2023-03-02,5,0,1,0.7142857142857143,197,0.5583756345177665
knn,5,2022-2023,202-1,teste_198.csv,1,2023-03-02,5,0,1,0.7142857142857143,198,0.5555555555555556
knn,5,2022-2023,203-1,teste_199.csv,1,2023-03-02,5,1,1,0.8,199,0.5577889447236181
knn,5,2022-2023,204-1,teste_200.csv,1,2023-03-03,5,0,1,0.6,200,0.555
knn,5,2022-2023,205-1,teste_201.csv,1,2023-03-04,5,0,0,0.4,201,0.5572139303482587
knn,5,2022-2023,206-1,teste_202.csv,1,2023-03-04,5,1,0,0.4,202,0.5544554455445545
knn,5,2022-2023,207-1,teste_203.csv,1,2023-03-04,5,0,1,0.6,203,0.5517241379310345
knn,5,2022-2023,208-1,teste_204.csv,1,2023-03-04,5,1,1,0.8,204,0.553921568627451
knn,5,2022-2023,209-1,teste_205.csv,1,2023-03-06,6,1,1,1.0,205,0.5560975609756098
knn,5,2022-2023,210-1,teste_206.csv,1,2023-03-06,6,1,0,0.3333333333333333,206,0.5533980582524272
knn,5,2022-2023,211-1,teste_207.csv,1,2023-03-06,6,0,1,0.6,207,0.5507246376811594
knn,5,2022-2023,212-1,teste_208.csv,1,2023-03-07,6,1,0,0.0,208,0.5480769230769231
knn,5,2022-2023,213-1,teste_209.csv,1,2023-03-09,6,1,0,0.3333333333333333,209,0.5454545454545454
knn,5,2022-2023,214-1,teste_210.csv,1,2023-03-09,6,1,1,1.0,210,0.5476190476190477
knn,5,2022-2023,215-1,teste_211.csv,1,2023-03-09,6,1,0,0.3333333333333333,211,0.5450236966824644
knn,5,2022-2023,216-1,teste_212.csv,1,2023-03-10,6,1,0,0.3333333333333333,212,0.5424528301886793
knn,5,2022-2023,217-1,teste_213.csv,1,2023-03-10,6,1,1,0.5555555555555556,213,0.5446009389671361
knn,5,2022-2023,218-1,teste_214.csv,1,2023-03-11,6,1,0,0.4,214,0.5420560747663551
knn,5,2022-2023,219-1,teste_215.csv,1,2023-03-11,6,1,1,0.7142857142857143,215,0.5441860465116279
knn,5,2022-2023,220-1,teste_216.csv,1,2023-03-11,6,1,1,1.0,216,0.5462962962962963
knn,5,2022-2023,221-1,teste_217.csv,1,2023-03-13,7,1,1,1.0,217,0.5483870967741935
knn,5,2022-2023,222-1,teste_218.csv,1,2023-03-13,7,1,1,0.6666666666666666,218,0.5504587155963303
knn,5,2022-2023,223-1,teste_219.csv,1,2023-03-14,7,1,0,0.3333333333333333,219,0.547945205479452
knn,5,2022-2023,224-1,teste_220.csv,1,2023-03-21,7,0,1,0.6666666666666666,220,0.5454545454545454
knn,5,2022-2023,225-1,teste_221.csv,1,2023-03-21,7,1,1,1.0,221,0.5475113122171946
knn,5,2022-2023,226-1,teste_222.csv,1,2023-03-22,7,0,1,1.0,222,0.545045045045045
knn,5,2022-2023,227-1,teste_223.csv,1,2023-03-22,7,0,1,1.0,223,0.5426008968609866
knn,5,2022-2023,228-1,teste_224.csv,1,2023-03-22,7,1,0,0.3333333333333333,224,0.5401785714285714
knn,5,2022-2023,229-1,teste_225.csv,1,2023-03-23,7,0,0,0.4285714285714285,225,0.5422222222222223
knn,5,2022-2023,230-1,teste_226.csv,1,2023-03-23,7,0,1,0.7142857142857143,226,0.5398230088495575
knn,5,2022-2023,231-1,teste_227.csv,1,2023-03-23,7,0,1,0.7142857142857143,227,0.5374449339207048
knn,5,2022-2023,232-1,teste_228.csv,1,2023-03-24,7,0,1,0.8571428571428571,228,0.5350877192982456
knn,5,2022-2023,233-1,teste_229.csv,1,2023-03-24,7,0,0,0.3333333333333333,229,0.537117903930131
knn,5,2022-2023,234-1,teste_230.csv,1,2023-03-24,7,1,0,0.4285714285714285,230,0.5347826086956522
knn,5,2022-2023,235-1,teste_231.csv,1,2023-03-25,7,0,0,0.3333333333333333,231,0.5367965367965368
knn,5,2022-2023,236-1,teste_232.csv,1,2023-03-27,8,0,1,0.5714285714285714,232,0.5344827586206896
knn,5,2022-2023,237-1,teste_233.csv,1,2023-03-27,8,1,1,0.8571428571428571,233,0.5364806866952789
knn,5,2022-2023,238-1,teste_234.csv,1,2023-03-28,8,1,1,0.7142857142857143,234,0.5384615384615384
knn,5,2022-2023,239-1,teste_235.csv,1,2023-03-28,8,1,1,0.7142857142857143,235,0.5404255319148936
knn,5,2022-2023,240-1,teste_236.csv,1,2023-03-29,8,1,0,0.4285714285714285,236,0.538135593220339
knn,5,2022-2023,241-1,teste_237.csv,1,2023-03-30,8,1,0,0.2857142857142857,237,0.5358649789029536
knn,5,2022-2023,242-1,teste_238.csv,1,2023-03-30,8,0,1,0.5714285714285714,238,0.5336134453781513
knn,5,2022-2023,243-1,teste_239.csv,1,2023-03-30,8,0,1,0.7142857142857143,239,0.5313807531380753
knn,5,2022-2023,244-1,teste_240.csv,1,2023-03-31,8,0,1,0.5714285714285714,240,0.5291666666666667
knn,5,2022-2023,245-1,teste_241.csv,1,2023-04-01,8,1,1,0.7777777777777778,241,0.5311203319502075
knn,5,2022-2023,246-1,teste_242.csv,1,2023-04-01,8,1,1,1.0,242,0.5330578512396694
knn,5,2022-2023,247-1,teste_243.csv,1,2023-04-01,8,0,1,0.7142857142857143,243,0.5308641975308642
knn,5,2022-2023,248-1,teste_244.csv,1,2023-04-03,9,1,1,0.5714285714285714,244,0.5327868852459017
knn,5,2022-2023,249-1,teste_245.csv,1,2023-04-03,9,0,0,0.4285714285714285,245,0.5346938775510204
knn,5,2022-2023,250-1,teste_246.csv,1,2023-04-04,9,0,0,0.0,246,0.5365853658536586
knn,5,2022-2023,251-1,teste_247.csv,1,2023-04-05,9,1,1,0.5714285714285714,247,0.5384615384615384
knn,5,2022-2023,252-1,teste_248.csv,1,2023-04-05,9,1,1,0.8571428571428571,248,0.5403225806451613
knn,5,2022-2023,253-1,teste_249.csv,1,2023-04-06,9,1,0,0.2857142857142857,249,0.5381526104417671
knn,5,2022-2023,254-1,teste_250.csv,1,2023-04-06,9,0,0,0.2857142857142857,250,0.54
knn,5,2022-2023,255-1,teste_251.csv,1,2023-04-07,9,1,1,0.7142857142857143,251,0.5418326693227091
knn,5,2022-2023,256-1,teste_252.csv,1,2023-04-08,9,1,1,0.7142857142857143,252,0.5436507936507936
knn,5,2022-2023,257-1,teste_253.csv,1,2023-04-08,9,0,1,0.7142857142857143,253,0.541501976284585
knn,5,2022-2023,258-1,teste_254.csv,1,2023-04-08,9,0,0,0.4285714285714285,254,0.5433070866141733
knn,5,2022-2023,259-1,teste_255.csv,1,2023-04-08,9,1,1,0.5714285714285714,255,0.5450980392156862
knn,5,2022-2023,260-1,teste_256.csv,1,2023-04-10,10,1,1,0.5714285714285714,256,0.546875
knn,5,2022-2023,261-1,teste_257.csv,1,2023-04-10,10,1,1,0.7142857142857143,257,0.5486381322957199
knn,5,2022-2023,262-1,teste_258.csv,1,2023-04-10,10,1,1,0.8571428571428571,258,0.5503875968992248
knn,5,2022-2023,263-1,teste_259.csv,1,2023-04-11,10,1,1,1.0,259,0.5521235521235521
knn,5,2022-2023,264-1,teste_260.csv,1,2023-04-12,10,0,1,0.5714285714285714,260,0.55
knn,5,2022-2023,265-1,teste_261.csv,1,2023-04-12,10,0,0,0.2857142857142857,261,0.5517241379310345
knn,5,2022-2023,266-1,teste_262.csv,1,2023-04-13,10,1,1,0.8571428571428571,262,0.5534351145038168
knn,5,2022-2023,267-1,teste_263.csv,1,2023-04-13,10,1,1,0.5714285714285714,263,0.5551330798479087
knn,5,2022-2023,268-1,teste_264.csv,1,2023-04-14,10,1,0,0.3333333333333333,264,0.553030303030303
knn,5,2022-2023,269-1,teste_265.csv,1,2023-04-15,10,1,1,0.6666666666666666,265,0.5547169811320755
knn,5,2022-2023,270-1,teste_266.csv,1,2023-04-15,10,1,1,1.0,266,0.556390977443609
knn,5,2022-2023,271-1,teste_267.csv,1,2023-04-17,1,0,1,0.6666666666666666,267,0.5543071161048689
knn,5,2022-2023,272-1,teste_268.csv,1,2023-04-18,1,1,1,0.6666666666666666,268,0.5559701492537313
knn,5,2022-2023,273-1,teste_269.csv,1,2023-04-18,1,0,0,0.3333333333333333,269,0.5576208178438662
knn,5,2022-2023,274-1,teste_270.csv,1,2023-04-19,1,1,1,0.6666666666666666,270,0.5592592592592592
knn,5,2022-2023,275-1,teste_271.csv,1,2023-04-20,2,0,0,0.3333333333333333,271,0.5608856088560885
knn,5,2022-2023,276-1,teste_272.csv,1,2023-04-21,2,1,0,0.3333333333333333,272,0.5588235294117647
knn,5,2022-2023,277-1,teste_273.csv,1,2023-04-21,3,1,0,0.0,273,0.5567765567765568
knn,5,2022-2023,278-1,teste_274.csv,1,2023-04-22,2,1,1,0.6666666666666666,274,0.5583941605839416
knn,5,2022-2023,279-1,teste_275.csv,1,2023-04-22,2,0,0,0.3333333333333333,275,0.56
knn,5,2022-2023,280-1,teste_276.csv,1,2023-04-23,3,1,0,0.3333333333333333,276,0.5579710144927537
knn,5,2022-2023,281-1,teste_277.csv,1,2023-04-27,1,1,1,0.6666666666666666,277,0.5595667870036101
knn,5,2022-2023,282-1,teste_278.csv,1,2023-04-27,1,1,0,0.3333333333333333,278,0.5575539568345323
knn,5,2022-2023,283-1,teste_279.csv,1,2023-04-28,1,1,1,1.0,279,0.5591397849462365
knn,5,2022-2023,284-1,teste_280.csv,1,2023-04-29,1,0,0,0.3333333333333333,280,0.5607142857142857
knn,5,2022-2023,285-1,teste_281.csv,1,2023-04-30,2,1,1,0.6666666666666666,281,0.5622775800711743
knn,5,2022-2023,286-1,teste_282.csv,1,2023-05-01,2,1,0,0.3333333333333333,282,0.5602836879432624
knn,5,2022-2023,287-1,teste_283.csv,1,2023-05-01,2,0,1,0.6666666666666666,283,0.558303886925795
knn,5,2022-2023,288-1,teste_284.csv,1,2023-05-02,2,0,0,0.0,284,0.5598591549295775
knn,5,2022-2023,289-1,teste_285.csv,1,2023-05-02,3,0,1,0.6666666666666666,285,0.5578947368421052
knn,5,2022-2023,290-1,teste_286.csv,1,2023-05-03,3,1,1,0.6666666666666666,286,0.5594405594405595
knn,5,2022-2023,291-1,teste_287.csv,1,2023-05-03,3,0,0,0.3333333333333333,287,0.5609756097560976
knn,5,2022-2023,292-1,teste_288.csv,1,2023-05-04,3,1,0,0.0,288,0.5590277777777778
knn,5,2022-2023,293-1,teste_289.csv,1,2023-05-06,4,1,0,0.3333333333333333,289,0.5570934256055363
knn,5,2022-2023,294-1,teste_290.csv,1,2023-05-06,4,1,1,0.6666666666666666,290,0.5586206896551724
knn,5,2022-2023,295-1,teste_291.csv,1,2023-05-07,4,0,1,1.0,291,0.5567010309278351
knn,5,2022-2023,296-1,teste_292.csv,1,2023-05-07,4,1,0,0.3333333333333333,292,0.5547945205479452
knn,5,2022-2023,297-1,teste_293.csv,1,2023-05-09,5,1,1,0.6666666666666666,293,0.5563139931740614
knn,5,2022-2023,298-1,teste_294.csv,1,2023-05-09,5,1,1,0.6666666666666666,294,0.5578231292517006
knn,5,2022-2023,299-1,teste_295.csv,1,2023-05-12,1,0,1,0.6666666666666666,295,0.5559322033898305
knn,5,2022-2023,300-1,teste_296.csv,1,2023-05-13,1,1,1,0.5714285714285714,296,0.5574324324324325
knn,5,2022-2023,301-1,teste_297.csv,1,2023-05-15,2,1,1,0.5714285714285714,297,0.5589225589225589
knn,5,2022-2023,302-1,teste_298.csv,1,2023-05-16,2,1,0,0.2857142857142857,298,0.5570469798657718
knn,5,2022-2023,303-1,teste_299.csv,1,2023-05-17,3,1,0,0.3333333333333333,299,0.5551839464882943
knn,5,2022-2023,304-1,teste_300.csv,1,2023-05-18,3,0,1,1.0,300,0.5533333333333333
knn,5,2022-2023,305-1,teste_301.csv,1,2023-05-21,4,0,1,0.6666666666666666,301,0.5514950166112956
knn,5,2022-2023,306-1,teste_302.csv,1,2023-05-23,5,1,1,0.5714285714285714,302,0.5529801324503312
knn,5,2022-2023,307-1,teste_303.csv,1,2023-05-27,1,0,0,0.4285714285714285,303,0.5544554455445545
knn,5,2022-2023,308-1,teste_304.csv,1,2023-05-31,2,0,0,0.4285714285714285,304,0.555921052631579
knn,5,2022-2023,309-1,teste_305.csv,1,2023-06-03,3,0,0,0.2857142857142857,305,0.5573770491803278
knn,5,2022-2023,310-1,teste_306.csv,1,2023-06-08,4,0,1,0.5714285714285714,306,0.5555555555555556
knn,5,2023-2024,5-1,teste_1.csv,1,2023-10-21,1,0,0,0.3333333333333333,1,1.0
knn,5,2023-2024,6-1,teste_2.csv,1,2023-10-23,2,0,0,0.3333333333333333,2,1.0
knn,5,2023-2024,7-1,teste_3.csv,1,2023-10-23,2,1,0,0.3333333333333333,3,0.6666666666666666
knn,5,2023-2024,8-1,teste_4.csv,1,2023-10-23,2,1,1,0.784469999913008,4,0.75
knn,5,2023-2024,9-1,teste_5.csv,1,2023-10-23,2,0,0,0.1599851226324381,5,0.8
knn,5,2023-2024,10-1,teste_6.csv,1,2023-10-24,2,1,0,0.0,6,0.6666666666666666
knn,5,2023-2024,11-1,teste_7.csv,1,2023-10-24,2,0,1,0.6368338833492493,7,0.5714285714285714
knn,5,2023-2024,12-1,teste_8.csv,1,2023-10-24,2,0,0,0.3333333333333333,8,0.625
knn,5,2023-2024,13-1,teste_9.csv,1,2023-10-25,2,0,0,0.2,9,0.6666666666666666
knn,5,2023-2024,14-1,teste_10.csv,1,2023-10-25,2,0,0,0.0,10,0.7
knn,5,2023-2024,15-1,teste_11.csv,1,2023-10-26,2,1,0,0.3264433244525168,11,0.6363636363636364
knn,5,2023-2024,16-1,teste_12.csv,1,2023-10-26,2,1,1,0.6666666666666666,12,0.6666666666666666
knn,5,2023-2024,17-1,teste_13.csv,1,2023-10-27,2,0,1,1.0,13,0.6153846153846154
knn,5,2023-2024,18-1,teste_14.csv,1,2023-10-27,2,0,1,0.6,14,0.5714285714285714
knn,5,2023-2024,19-1,teste_15.csv,1,2023-10-28,2,1,0,0.3333333333333333,15,0.5333333333333333
knn,5,2023-2024,20-1,teste_16.csv,1,2023-10-30,3,0,1,0.6,16,0.5
knn,5,2023-2024,21-1,teste_17.csv,1,2023-10-30,3,1,1,0.8,17,0.5294117647058824
knn,5,2023-2024,22-1,teste_18.csv,1,2023-10-31,3,1,1,0.6,18,0.5555555555555556
knn,5,2023-2024,23-1,teste_19.csv,1,2023-10-31,3,1,0,0.4,19,0.5263157894736842
knn,5,2023-2024,24-1,teste_20.csv,1,2023-11-01,3,0,1,0.6,20,0.5
knn,5,2023-2024,25-1,teste_21.csv,1,2023-11-02,3,1,1,0.6,21,0.5238095238095238
knn,5,2023-2024,26-1,teste_22.csv,1,2023-11-02,3,1,1,0.6,22,0.5454545454545454
knn,5,2023-2024,27-1,teste_23.csv,1,2023-11-03,3,0,1,0.7142857142857143,23,0.5217391304347826
knn,5,2023-2024,28-1,teste_24.csv,1,2023-11-04,3,0,0,0.4285714285714285,24,0.5416666666666666
knn,5,2023-2024,29-1,teste_25.csv,1,2023-11-04,3,1,0,0.4285714285714285,25,0.52
knn,5,2023-2024,30-1,teste_26.csv,1,2023-11-06,4,1,1,0.5454545454545454,26,0.5384615384615384
knn,5,2023-2024,31-1,teste_27.csv,1,2023-11-06,4,1,1,0.5555555555555556,27,0.5555555555555556
knn,5,2023-2024,32-1,teste_28.csv,1,2023-11-06,4,0,0,0.4059315629065876,28,0.5714285714285714
knn,5,2023-2024,33-1,teste_29.csv,1,2023-11-07,4,1,1,0.645943682244819,29,0.5862068965517241
knn,5,2023-2024,34-1,teste_30.csv,1,2023-11-07,4,1,1,0.8137407891627138,30,0.6
knn,5,2023-2024,35-1,teste_31.csv,1,2023-11-07,4,1,1,0.5734296128057602,31,0.6129032258064516
knn,5,2023-2024,36-1,teste_32.csv,1,2023-11-08,4,0,1,0.7978626536347063,32,0.59375
knn,5,2023-2024,37-1,teste_33.csv,1,2023-11-08,4,0,0,0.247783318950756,33,0.6060606060606061
knn,5,2023-2024,38-1,teste_34.csv,1,2023-11-08,4,1,0,0.3333333333333333,34,0.5882352941176471
knn,5,2023-2024,39-1,teste_35.csv,1,2023-11-09,4,0,1,1.0,35,0.5714285714285714
knn,5,2023-2024,40-1,teste_36.csv,1,2023-11-09,4,1,1,0.6666666666666666,36,0.5833333333333334
knn,5,2023-2024,41-1,teste_37.csv,1,2023-11-09,4,0,1,0.6666666666666666,37,0.5675675675675675
knn,5,2023-2024,42-1,teste_38.csv,1,2023-11-09,4,0,1,0.6666666666666666,38,0.5526315789473685
knn,5,2023-2024,43-1,teste_39.csv,1,2023-11-10,4,0,1,0.6666666666666666,39,0.5384615384615384
knn,5,2023-2024,44-1,teste_40.csv,1,2023-11-10,4,0,0,0.3333333333333333,40,0.55
knn,5,2023-2024,45-1,teste_41.csv,1,2023-11-10,4,0,0,0.3333333333333333,41,0.5609756097560976
knn,5,2023-2024,46-1,teste_42.csv,1,2023-11-11,4,0,0,0.3333333333333333,42,0.5714285714285714
knn,5,2023-2024,47-1,teste_43.csv,1,2023-11-11,4,1,1,0.6666666666666666,43,0.5813953488372093
knn,5,2023-2024,48-1,teste_44.csv,1,2023-11-12,5,1,1,0.6666666666666666,44,0.5909090909090909
knn,5,2023-2024,49-1,teste_45.csv,1,2023-11-13,5,1,1,0.6666666666666666,45,0.6
knn,5,2023-2024,50-1,teste_46.csv,1,2023-11-13,5,0,1,1.0,46,0.5869565217391305
knn,5,2023-2024,51-1,teste_47.csv,1,2023-11-13,5,1,1,1.0,47,0.5957446808510638
knn,5,2023-2024,52-1,teste_48.csv,1,2023-11-14,5,1,1,0.6666666666666666,48,0.6041666666666666
knn,5,2023-2024,53-1,teste_49.csv,1,2023-11-14,5,1,1,1.0,49,0.6122448979591837
knn,5,2023-2024,54-1,teste_50.csv,1,2023-11-14,5,1,1,0.6666666666666666,50,0.62
knn,5,2023-2024,55-1,teste_51.csv,1,2023-11-15,5,1,1,0.6666666666666666,51,0.6274509803921569
knn,5,2023-2024,56-1,teste_52.csv,1,2023-11-15,5,0,1,1.0,52,0.6153846153846154
knn,5,2023-2024,57-1,teste_53.csv,1,2023-11-15,5,1,0,0.3333333333333333,53,0.6037735849056604
knn,5,2023-2024,58-1,teste_54.csv,1,2023-11-16,5,1,1,1.0,54,0.6111111111111112
knn,5,2023-2024,59-1,teste_55.csv,1,2023-11-16,5,1,1,1.0,55,0.6181818181818182
knn,5,2023-2024,60-1,teste_56.csv,1,2023-11-16,5,1,1,0.6666666666666666,56,0.625
knn,5,2023-2024,61-1,teste_57.csv,1,2023-11-17,5,0,0,0.3333333333333333,57,0.631578947368421
knn,5,2023-2024,62-1,teste_58.csv,1,2023-11-17,5,0,1,0.6666666666666666,58,0.6206896551724138
knn,5,2023-2024,63-1,teste_59.csv,1,2023-11-17,5,0,1,0.6666666666666666,59,0.6101694915254238
knn,5,2023-2024,64-1,teste_60.csv,1,2023-11-18,5,1,1,0.6666666666666666,60,0.6166666666666667
knn,5,2023-2024,65-1,teste_61.csv,1,2023-11-18,5,0,1,0.6666666666666666,61,0.6065573770491803
knn,5,2023-2024,66-1,teste_62.csv,1,2023-11-19,6,1,1,1.0,62,0.6129032258064516
knn,5,2023-2024,67-1,teste_63.csv,1,2023-11-20,6,1,0,0.0,63,0.6031746031746031
knn,5,2023-2024,68-1,teste_64.csv,1,2023-11-20,6,1,1,0.6666666666666666,64,0.609375
knn,5,2023-2024,69-1,teste_65.csv,1,2023-11-20,6,1,1,1.0,65,0.6153846153846154
knn,5,2023-2024,70-1,teste_66.csv,1,2023-11-21,6,1,1,0.6666666666666666,66,0.6212121212121212
knn,5,2023-2024,71-1,teste_67.csv,1,2023-11-21,6,1,0,0.3333333333333333,67,0.6119402985074627
knn,5,2023-2024,72-1,teste_68.csv,1,2023-11-22,6,1,1,1.0,68,0.6176470588235294
knn,5,2023-2024,73-1,teste_69.csv,1,2023-11-22,6,1,1,0.6666666666666666,69,0.6231884057971014
knn,5,2023-2024,74-1,teste_70.csv,1,2023-11-22,6,1,1,1.0,70,0.6285714285714286
knn,5,2023-2024,75-1,teste_71.csv,1,2023-11-23,6,1,1,0.8,71,0.6338028169014085
knn,5,2023-2024,76-1,teste_72.csv,1,2023-11-23,6,1,1,1.0,72,0.6388888888888888
knn,5,2023-2024,77-1,teste_73.csv,1,2023-11-23,6,0,1,0.6,73,0.6301369863013698
knn,5,2023-2024,78-1,teste_74.csv,1,2023-11-23,6,0,1,1.0,74,0.6216216216216216
knn,5,2023-2024,79-1,teste_75.csv,1,2023-11-23,6,1,1,0.6,75,0.6266666666666667
knn,5,2023-2024,80-1,teste_76.csv,1,2023-11-24,6,1,1,1.0,76,0.631578947368421
knn,5,2023-2024,81-1,teste_77.csv,1,2023-11-24,6,1,1,0.6666666666666666,77,0.6363636363636364
knn,5,2023-2024,82-1,teste_78.csv,1,2023-11-25,6,1,1,1.0,78,0.6410256410256411
knn,5,2023-2024,83-1,teste_79.csv,1,2023-11-25,6,0,1,0.6666666666666666,79,0.6329113924050633
knn,5,2023-2024,84-1,teste_80.csv,1,2023-11-25,6,0,1,0.6666666666666666,80,0.625
knn,5,2023-2024,85-1,teste_81.csv,1,2023-11-27,7,1,1,0.8,81,0.6296296296296297
knn,5,2023-2024,86-1,teste_82.csv,1,2023-11-27,7,1,1,0.7142857142857143,82,0.6341463414634146
knn,5,2023-2024,87-1,teste_83.csv,1,2023-11-28,7,1,1,1.0,83,0.6385542168674698
knn,5,2023-2024,88-1,teste_84.csv,1,2023-11-28,7,0,1,0.6,84,0.6309523809523809
knn,5,2023-2024,89-1,teste_85.csv,1,2023-11-28,7,0,0,0.4285714285714285,85,0.6352941176470588
knn,5,2023-2024,90-1,teste_86.csv,1,2023-11-29,7,1,0,0.4285714285714285,86,0.627906976744186
knn,5,2023-2024,91-1,teste_87.csv,1,2023-11-29,7,1,1,1.0,87,0.632183908045977
knn,5,2023-2024,92-1,teste_88.csv,1,2023-11-29,7,0,1,0.7142857142857143,88,0.625
knn,5,2023-2024,93-1,teste_89.csv,1,2023-11-30,7,1,1,0.7142857142857143,89,0.6292134831460674
knn,5,2023-2024,94-1,teste_90.csv,1,2023-11-30,7,1,1,1.0,90,0.6333333333333333
knn,5,2023-2024,95-1,teste_91.csv,1,2023-11-30,7,0,0,0.4,91,0.6373626373626373
knn,5,2023-2024,96-1,teste_92.csv,1,2023-11-30,7,0,0,0.4,92,0.6413043478260869
knn,5,2023-2024,97-1,teste_93.csv,1,2023-12-01,7,1,1,0.8,93,0.6451612903225806
knn,5,2023-2024,98-1,teste_94.csv,1,2023-12-01,7,0,1,0.8,94,0.6382978723404256
knn,5,2023-2024,100-1,teste_96.csv,1,2023-12-02,7,0,1,0.6666666666666666,95,0.631578947368421
knn,5,2023-2024,101-1,teste_97.csv,1,2023-12-02,7,1,1,0.5555555555555556,96,0.6354166666666666
knn,5,2023-2024,99-1,teste_95.csv,1,2023-12-02,7,1,1,0.8,97,0.6391752577319587
knn,5,2023-2024,102-1,teste_98.csv,1,2023-12-04,8,0,0,0.4444444444444444,98,0.6428571428571429
knn,5,2023-2024,103-1,teste_99.csv,1,2023-12-04,8,0,1,0.6666666666666666,99,0.6363636363636364
knn,5,2023-2024,104-1,teste_100.csv,1,2023-12-04,8,1,1,0.7142857142857143,100,0.64
knn,5,2023-2024,105-1,teste_101.csv,1,2023-12-05,8,0,1,0.5714285714285714,101,0.6336633663366337
knn,5,2023-2024,106-1,teste_102.csv,1,2023-12-05,8,0,1,1.0,102,0.6274509803921569
knn,5,2023-2024,107-1,teste_103.csv,1,2023-12-06,8,0,1,0.7777777777777778,103,0.6213592233009708
knn,5,2023-2024,108-1,teste_104.csv,1,2023-12-06,8,1,1,0.7777777777777778,104,0.625
knn,5,2023-2024,109-1,teste_105.csv,1,2023-12-06,8,0,1,1.0,105,0.6190476190476191
knn,5,2023-2024,110-1,teste_106.csv,1,2023-12-07,8,0,1,0.6,106,0.6132075471698113
knn,5,2023-2024,111-1,teste_107.csv,1,2023-12-07,8,1,1,0.8888888888888888,107,0.616822429906542
knn,5,2023-2024,112-1,teste_108.csv,1,2023-12-07,8,1,1,0.7777777777777778,108,0.6203703703703703
knn,5,2023-2024,113-1,teste_109.csv,1,2023-12-07,8,1,0,0.4444444444444444,109,0.6146788990825688
knn,5,2023-2024,114-1,teste_110.csv,1,2023-12-08,8,0,1,0.7777777777777778,110,0.6090909090909091
knn,5,2023-2024,115-1,teste_111.csv,1,2023-12-08,8,1,1,0.8181818181818182,111,0.6126126126126126
knn,5,2023-2024,116-1,teste_112.csv,1,2023-12-09,8,0,1,0.7272727272727273,112,0.6071428571428571
knn,5,2023-2024,117-1,teste_113.csv,1,2023-12-09,8,1,1,0.7272727272727273,113,0.6106194690265486
knn,5,2023-2024,118-1,teste_114.csv,1,2023-12-09,8,1,1,0.6363636363636364,114,0.6140350877192983
knn,5,2023-2024,119-1,teste_115.csv,1,2023-12-09,8,1,1,0.9090909090909092,115,0.6173913043478261
knn,5,2023-2024,120-1,teste_116.csv,1,2023-12-09,8,0,1,0.7272727272727273,116,0.6120689655172413
knn,5,2023-2024,121-1,teste_117.csv,1,2023-12-11,9,0,0,0.4545454545454545,117,0.6153846153846154
knn,5,2023-2024,122-1,teste_118.csv,1,2023-12-11,9,1,1,0.8181818181818182,118,0.6186440677966102
knn,5,2023-2024,123-1,teste_119.csv,1,2023-12-12,9,1,1,0.8181818181818182,119,0.6218487394957983
knn,5,2023-2024,124-1,teste_120.csv,1,2023-12-13,9,1,1,0.7272727272727273,120,0.625
knn,5,2023-2024,125-1,teste_121.csv,1,2023-12-14,9,1,1,0.6363636363636364,121,0.628099173553719
knn,5,2023-2024,126-1,teste_122.csv,1,2023-12-16,9,0,0,0.4545454545454545,122,0.6311475409836066
knn,5,2023-2024,127-1,teste_123.csv,1,2023-12-16,9,1,1,1.0,123,0.6341463414634146
knn,5,2023-2024,128-1,teste_124.csv,1,2023-12-16,9,0,1,0.6666666666666666,124,0.6290322580645161
knn,5,2023-2024,129-1,teste_125.csv,1,2023-12-18,10,0,1,0.7142857142857143,125,0.624
knn,5,2023-2024,130-1,teste_126.csv,1,2023-12-18,10,1,1,0.5454545454545454,126,0.626984126984127
knn,5,2023-2024,131-1,teste_127.csv,1,2023-12-18,10,1,1,0.6363636363636364,127,0.6299212598425197
knn,5,2023-2024,132-1,teste_128.csv,1,2023-12-18,10,1,1,0.8181818181818182,128,0.6328125
knn,5,2023-2024,133-1,teste_129.csv,1,2023-12-18,10,0,1,0.8,129,0.627906976744186
knn,5,2023-2024,134-1,teste_130.csv,1,2023-12-19,10,0,0,0.2,130,0.6307692307692307
knn,5,2023-2024,135-1,teste_131.csv,1,2023-12-20,10,1,1,0.7272727272727273,131,0.6335877862595419
knn,5,2023-2024,136-1,teste_132.csv,1,2023-12-20,10,0,1,0.7272727272727273,132,0.6287878787878788
knn,5,2023-2024,137-1,teste_133.csv,1,2023-12-20,10,0,1,0.5454545454545454,133,0.6240601503759399
knn,5,2023-2024,138-1,teste_134.csv,1,2023-12-21,10,1,0,0.2,134,0.6194029850746269
knn,5,2023-2024,139-1,teste_135.csv,1,2023-12-21,10,0,0,0.2727272727272727,135,0.6222222222222222
knn,5,2023-2024,140-1,teste_136.csv,1,2023-12-21,10,0,0,0.3636363636363636,136,0.625
knn,5,2023-2024,141-1,teste_137.csv,1,2023-12-21,10,1,0,0.4,137,0.6204379562043796
knn,5,2023-2024,142-1,teste_138.csv,1,2023-12-21,10,1,1,0.8,138,0.6231884057971014
knn,5,2023-2024,143-1,teste_139.csv,1,2023-12-22,10,1,1,0.6,139,0.6258992805755396
knn,5,2023-2024,144-1,teste_140.csv,1,2023-12-23,10,1,1,0.8,140,0.6285714285714286
knn,5,2023-2024,145-1,teste_141.csv,1,2023-12-23,10,0,0,0.2,141,0.6312056737588653
knn,5,2023-2024,146-1,teste_142.csv,1,2023-12-23,10,1,1,0.6,142,0.6338028169014085
knn,5,2023-2024,147-1,teste_143.csv,1,2023-12-23,10,0,0,0.2857142857142857,143,0.6363636363636364
knn,5,2023-2024,148-1,teste_144.csv,1,2023-12-23,10,0,1,0.8,144,0.6319444444444444
knn,5,2023-2024,149-1,teste_145.csv,1,2023-12-27,11,1,1,0.5714285714285714,145,0.6344827586206897
knn,5,2023-2024,150-1,teste_146.csv,1,2023-12-27,11,1,1,0.7142857142857143,146,0.636986301369863
knn,5,2023-2024,151-1,teste_147.csv,1,2023-12-27,11,1,0,0.4285714285714285,147,0.6326530612244898
knn,5,2023-2024,152-1,teste_148.csv,1,2023-12-27,11,1,1,0.7142857142857143,148,0.6351351351351351
knn,5,2023-2024,153-1,teste_149.csv,1,2023-12-27,11,1,1,1.0,149,0.6375838926174496
knn,5,2023-2024,154-1,teste_150.csv,1,2023-12-27,11,0,1,0.8571428571428571,150,0.6333333333333333
knn,5,2023-2024,155-1,teste_151.csv,1,2023-12-27,11,0,0,0.2857142857142857,151,0.6357615894039735
knn,5,2023-2024,156-1,teste_152.csv,1,2023-12-27,11,1,0,0.2857142857142857,152,0.631578947368421
knn,5,2023-2024,157-1,teste_153.csv,1,2023-12-28,11,1,1,0.7142857142857143,153,0.6339869281045751
knn,5,2023-2024,158-1,teste_154.csv,1,2023-12-29,11,1,1,0.7142857142857143,154,0.6363636363636364
knn,5,2023-2024,159-1,teste_155.csv,1,2023-12-29,11,0,0,0.3333333333333333,155,0.6387096774193548
knn,5,2023-2024,160-1,teste_156.csv,1,2023-12-29,11,1,1,0.8571428571428571,156,0.6410256410256411
knn,5,2023-2024,161-1,teste_157.csv,1,2023-12-29,11,1,1,0.5714285714285714,157,0.643312101910828
knn,5,2023-2024,162-1,teste_158.csv,1,2023-12-29,11,1,1,1.0,158,0.6455696202531646
knn,5,2023-2024,163-1,teste_159.csv,1,2023-12-29,11,1,1,0.7777777777777778,159,0.6477987421383647
knn,5,2023-2024,164-1,teste_160.csv,1,2023-12-29,11,0,1,0.6666666666666666,160,0.64375
knn,5,2023-2024,165-1,teste_161.csv,1,2023-12-29,11,0,1,0.6666666666666666,161,0.639751552795031
knn,5,2023-2024,166-1,teste_162.csv,1,2024-01-03,12,0,1,0.6666666666666666,162,0.6358024691358025
knn,5,2023-2024,167-1,teste_163.csv,1,2024-01-03,12,0,0,0.0,163,0.6380368098159509
knn,5,2023-2024,168-1,teste_164.csv,1,2024-01-05,12,1,1,0.5714285714285714,164,0.6402439024390244
knn,5,2023-2024,169-1,teste_165.csv,1,2024-01-05,12,0,0,0.1428571428571428,165,0.6424242424242425
knn,5,2023-2024,170-1,teste_166.csv,1,2024-01-05,12,0,1,0.7142857142857143,166,0.6385542168674698
knn,5,2023-2024,171-1,teste_167.csv,1,2024-01-06,1,0,1,0.7142857142857143,167,0.6347305389221557
knn,5,2023-2024,172-1,teste_168.csv,1,2024-01-06,1,0,0,0.3333333333333333,168,0.6369047619047619
knn,5,2023-2024,173-1,teste_169.csv,1,2024-01-08,1,0,1,0.5714285714285714,169,0.6331360946745562
knn,5,2023-2024,174-1,teste_170.csv,1,2024-01-08,1,0,1,0.5714285714285714,170,0.6294117647058823
knn,5,2023-2024,175-1,teste_171.csv,1,2024-01-08,1,1,0,0.4444444444444444,171,0.6257309941520468
knn,5,2023-2024,176-1,teste_172.csv,1,2024-01-08,1,1,0,0.4444444444444444,172,0.622093023255814
knn,5,2023-2024,177-1,teste_173.csv,1,2024-01-08,1,0,0,0.4444444444444444,173,0.6242774566473989
knn,5,2023-2024,178-1,teste_174.csv,1,2024-01-09,1,1,0,0.3333333333333333,174,0.6206896551724138
knn,5,2023-2024,179-1,teste_175.csv,1,2024-01-09,1,0,1,0.6,175,0.6171428571428571
knn,5,2023-2024,180-1,teste_176.csv,1,2024-01-10,1,0,0,0.2857142857142857,176,0.6193181818181818
knn,5,2023-2024,181-1,teste_177.csv,1,2024-01-11,1,1,0,0.4285714285714285,177,0.615819209039548
knn,5,2023-2024,182-1,teste_178.csv,1,2024-01-11,1,1,0,0.4285714285714285,178,0.6123595505617978
knn,5,2023-2024,183-1,teste_179.csv,1,2024-01-12,1,1,0,0.4285714285714285,179,0.6089385474860335
knn,5,2023-2024,184-1,teste_180.csv,1,2024-01-13,1,0,0,0.4285714285714285,180,0.6111111111111112
knn,5,2023-2024,185-1,teste_181.csv,1,2024-01-13,1,1,0,0.3636363636363636,181,0.6077348066298343
knn,5,2023-2024,186-1,teste_182.csv,1,2024-01-13,1,1,1,0.5454545454545454,182,0.6098901098901099
knn,5,2023-2024,187-1,teste_183.csv,1,2024-01-14,2,0,0,0.3333333333333333,183,0.6120218579234973
knn,5,2023-2024,188-1,teste_184.csv,1,2024-01-14,2,1,1,0.8,184,0.6141304347826086
knn,5,2023-2024,189-1,teste_185.csv,1,2024-01-15,2,0,1,0.5454545454545454,185,0.6108108108108108
knn,5,2023-2024,190-1,teste_186.csv,1,2024-01-15,2,0,1,0.6666666666666666,186,0.6075268817204301
knn,5,2023-2024,191-1,teste_187.csv,1,2024-01-16,2,1,0,0.4545454545454545,187,0.6042780748663101
knn,5,2023-2024,192-1,teste_188.csv,1,2024-01-16,2,1,1,0.6363636363636364,188,0.6063829787234043
knn,5,2023-2024,193-1,teste_189.csv,1,2024-01-17,2,0,0,0.3333333333333333,189,0.6084656084656085
knn,5,2023-2024,194-1,teste_190.csv,1,2024-01-18,2,1,0,0.2,190,0.6052631578947368
knn,5,2023-2024,195-1,teste_191.csv,1,2024-01-18,2,0,0,0.3636363636363636,191,0.6073298429319371
knn,5,2023-2024,196-1,teste_192.csv,1,2024-01-18,2,0,0,0.4545454545454545,192,0.609375
knn,5,2023-2024,197-1,teste_193.csv,1,2024-01-19,2,0,0,0.3636363636363636,193,0.6113989637305699
knn,5,2023-2024,198-1,teste_194.csv,1,2024-01-20,2,0,0,0.2727272727272727,194,0.6134020618556701
knn,5,2023-2024,199-1,teste_195.csv,1,2024-01-20,2,1,0,0.3636363636363636,195,0.6102564102564103
knn,5,2023-2024,200-1,teste_196.csv,1,2024-01-22,3,1,0,0.2727272727272727,196,0.6071428571428571
knn,5,2023-2024,201-1,teste_197.csv,1,2024-01-22,3,1,0,0.4,197,0.6040609137055838
knn,5,2023-2024,202-1,teste_198.csv,1,2024-01-22,3,1,0,0.0,198,0.601010101010101
knn,5,2023-2024,203-1,teste_199.csv,1,2024-01-22,3,1,0,0.3333333333333333,199,0.5979899497487438
knn,5,2023-2024,204-1,teste_200.csv,1,2024-01-22,3,1,0,0.3333333333333333,200,0.595
knn,5,2023-2024,205-1,teste_201.csv,1,2024-01-23,3,1,0,0.4,201,0.5920398009950248
knn,5,2023-2024,206-1,teste_202.csv,1,2024-01-23,3,1,0,0.4,202,0.5891089108910891
knn,5,2023-2024,207-1,teste_203.csv,1,2024-01-24,3,1,0,0.4,203,0.5862068965517241
knn,5,2023-2024,208-1,teste_204.csv,1,2024-01-24,3,1,0,0.4,204,0.5833333333333334
knn,5,2023-2024,209-1,teste_205.csv,1,2024-01-24,3,1,1,0.8,205,0.5853658536585366
knn,5,2023-2024,210-1,teste_206.csv,1,2024-01-24,3,1,1,0.6,206,0.587378640776699
knn,5,2023-2024,211-1,teste_207.csv,1,2024-01-24,3,0,1,0.8571428571428571,207,0.5845410628019324
knn,5,2023-2024,212-1,teste_208.csv,1,2024-01-25,3,1,1,0.7142857142857143,208,0.5865384615384616
knn,5,2023-2024,213-1,teste_209.csv,1,2024-02-05,4,0,1,0.7142857142857143,209,0.583732057416268
knn,5,2023-2024,214-1,teste_210.csv,1,2024-02-05,4,0,0,0.3333333333333333,210,0.5857142857142857
knn,5,2023-2024,215-1,teste_211.csv,1,2024-02-06,4,0,1,1.0,211,0.5829383886255924
knn,5,2023-2024,216-1,teste_212.csv,1,2024-02-06,4,0,0,0.3333333333333333,212,0.5849056603773585
knn,5,2023-2024,217-1,teste_213.csv,1,2024-02-06,4,0,1,1.0,213,0.5821596244131455
knn,5,2023-2024,218-1,teste_214.csv,1,2024-02-07,4,1,0,0.2857142857142857,214,0.5794392523364486
knn,5,2023-2024,219-1,teste_215.csv,1,2024-02-07,4,0,0,0.4340214135773698,215,0.5813953488372093
knn,5,2023-2024,220-1,teste_216.csv,1,2024-02-07,4,0,1,0.6294949344554321,216,0.5787037037037037
knn,5,2023-2024,221-1,teste_217.csv,1,2024-02-08,4,1,1,0.8279936601896416,217,0.5806451612903226
knn,5,2023-2024,222-1,teste_218.csv,1,2024-02-08,4,1,0,0.3390423001697359,218,0.5779816513761468
knn,5,2023-2024,223-1,teste_219.csv,1,2024-02-08,4,0,1,0.5426745226123593,219,0.5753424657534246
knn,5,2023-2024,224-1,teste_220.csv,1,2024-02-09,4,1,0,0.4720620008202921,220,0.5727272727272728
knn,5,2023-2024,225-1,teste_221.csv,1,2024-02-09,4,1,1,0.6666666666666666,221,0.5746606334841629
knn,5,2023-2024,226-1,teste_222.csv,1,2024-02-10,4,0,1,0.6666666666666666,222,0.5720720720720721
knn,5,2023-2024,227-1,teste_223.csv,1,2024-02-12,5,0,0,0.3636363636363636,223,0.5739910313901345
knn,5,2023-2024,228-1,teste_224.csv,1,2024-02-14,5,0,0,0.0,224,0.5758928571428571
knn,5,2023-2024,229-1,teste_225.csv,1,2024-02-14,5,1,1,0.8181818181818182,225,0.5777777777777777
knn,5,2023-2024,230-1,teste_226.csv,1,2024-02-14,5,1,1,0.5454545454545454,226,0.5796460176991151
knn,5,2023-2024,231-1,teste_227.csv,1,2024-02-14,5,1,1,0.5714285714285714,227,0.5814977973568282
knn,5,2023-2024,232-1,teste_228.csv,1,2024-02-15,5,0,0,0.2857142857142857,228,0.5833333333333334
knn,5,2023-2024,233-1,teste_229.csv,1,2024-02-15,5,0,1,0.8571428571428571,229,0.5807860262008734
knn,5,2023-2024,234-1,teste_230.csv,1,2024-02-15,5,1,1,1.0,230,0.5826086956521739
knn,5,2023-2024,235-1,teste_231.csv,1,2024-02-16,5,1,0,0.4285714285714285,231,0.5800865800865801
knn,5,2023-2024,236-1,teste_232.csv,1,2024-02-16,5,1,1,0.6363636363636364,232,0.5818965517241379
knn,5,2023-2024,237-1,teste_233.csv,1,2024-02-16,5,1,0,0.4444444444444444,233,0.5793991416309013
knn,5,2023-2024,238-1,teste_234.csv,1,2024-02-16,5,0,0,0.4444444444444444,234,0.5811965811965812
knn,5,2023-2024,239-1,teste_235.csv,1,2024-02-17,5,0,1,0.6363636363636364,235,0.5787234042553191
knn,5,2023-2024,240-1,teste_236.csv,1,2024-02-17,5,0,0,0.0909090909090909,236,0.5805084745762712
knn,5,2023-2024,241-1,teste_237.csv,1,2024-02-17,5,0,0,0.2727272727272727,237,0.5822784810126582
knn,5,2023-2024,242-1,teste_238.csv,1,2024-02-17,5,1,1,0.7272727272727273,238,0.5840336134453782
knn,5,2023-2024,243-1,teste_239.csv,1,2024-02-28,6,1,1,0.7272727272727273,239,0.5857740585774058
knn,5,2023-2024,244-1,teste_240.csv,1,2024-02-29,6,0,0,0.3636363636363636,240,0.5875
knn,5,2023-2024,245-1,teste_241.csv,1,2024-02-29,6,1,0,0.3636363636363636,241,0.5850622406639004
knn,5,2023-2024,246-1,teste_242.csv,1,2024-02-29,6,1,1,0.5454545454545454,242,0.5867768595041323
knn,5,2023-2024,247-1,teste_243.csv,1,2024-02-29,6,1,1,0.8181818181818182,243,0.588477366255144
knn,5,2023-2024,248-1,teste_244.csv,1,2024-03-01,6,0,1,0.7272727272727273,244,0.5860655737704918
knn,5,2023-2024,249-1,teste_245.csv,1,2024-03-01,6,0,1,0.5454545454545454,245,0.5836734693877551
knn,5,2023-2024,250-1,teste_246.csv,1,2024-03-02,6,1,1,0.7272727272727273,246,0.5853658536585366
knn,5,2023-2024,251-1,teste_247.csv,1,2024-03-02,6,0,0,0.1818181818181818,247,0.5870445344129555
knn,5,2023-2024,252-1,teste_248.csv,1,2024-03-02,6,1,0,0.4,248,0.5846774193548387
knn,5,2023-2024,253-1,teste_249.csv,1,2024-03-02,6,1,1,0.8571428571428571,249,0.5863453815261044
knn,5,2023-2024,254-1,teste_250.csv,1,2024-03-04,7,1,1,0.5714285714285714,250,0.588
knn,5,2023-2024,255-1,teste_251.csv,1,2024-03-05,7,0,1,0.7142857142857143,251,0.5856573705179283
knn,5,2023-2024,256-1,teste_252.csv,1,2024-03-05,7,1,0,0.4285714285714285,252,0.5833333333333334
knn,5,2023-2024,257-1,teste_253.csv,1,2024-03-05,7,1,1,0.8181818181818182,253,0.5849802371541502
knn,5,2023-2024,258-1,teste_254.csv,1,2024-03-07,7,0,0,0.4545454545454545,254,0.5866141732283464
knn,5,2023-2024,259-1,teste_255.csv,1,2024-03-07,7,1,0,0.4,255,0.5843137254901961
knn,5,2023-2024,260-1,teste_256.csv,1,2024-03-08,7,0,1,0.8,256,0.58203125
knn,5,2023-2024,261-1,teste_257.csv,1,2024-03-08,7,0,0,0.1818181818181818,257,0.5836575875486382
knn,5,2023-2024,262-1,teste_258.csv,1,2024-03-09,7,0,0,0.0,258,0.5852713178294574
knn,5,2023-2024,263-1,teste_259.csv,1,2024-03-09,7,1,1,0.6666666666666666,259,0.5868725868725869
knn,5,2023-2024,264-1,teste_260.csv,1,2024-03-09,7,1,1,0.6,260,0.5884615384615385
knn,5,2023-2024,265-1,teste_261.csv,1,2024-03-09,7,1,1,0.6666666666666666,261,0.5900383141762452
knn,5,2023-2024,266-1,teste_262.csv,1,2024-03-09,8,1,0,0.4,262,0.5877862595419847
knn,5,2023-2024,267-1,teste_263.csv,1,2024-03-10,8,0,0,0.3333333333333333,263,0.5893536121673004
knn,5,2023-2024,268-1,teste_264.csv,1,2024-03-10,8,0,0,0.2,264,0.5909090909090909
knn,5,2023-2024,269-1,teste_265.csv,1,2024-03-11,8,0,0,0.4444444444444444,265,0.5924528301886792
knn,5,2023-2024,271-1,teste_267.csv,1,2024-03-12,6,1,1,0.6666666666666666,266,0.5939849624060151
knn,5,2023-2024,270-1,teste_266.csv,1,2024-03-12,8,0,0,0.3333333333333333,267,0.5955056179775281
knn,5,2023-2024,272-1,teste_268.csv,1,2024-03-13,8,1,0,0.4444444444444444,268,0.5932835820895522
knn,5,2023-2024,273-1,teste_269.csv,1,2024-03-19,9,1,0,0.4444444444444444,269,0.5910780669144982
knn,5,2023-2024,274-1,teste_270.csv,1,2024-03-19,9,1,1,0.5555555555555556,270,0.5925925925925926
knn,5,2023-2024,275-1,teste_271.csv,1,2024-03-20,9,1,0,0.4444444444444444,271,0.5904059040590406
knn,5,2023-2024,276-1,teste_272.csv,1,2024-03-20,9,1,0,0.2222222222222222,272,0.5882352941176471
knn,5,2023-2024,277-1,teste_273.csv,1,2024-03-20,9,1,1,0.6,273,0.5897435897435898
knn,5,2023-2024,278-1,teste_274.csv,1,2024-03-20,9,1,1,0.6,274,0.5912408759124088
knn,5,2023-2024,279-1,teste_275.csv,1,2024-03-20,9,1,1,0.6,275,0.5927272727272728
knn,5,2023-2024,280-1,teste_276.csv,1,2024-03-21,9,1,1,0.6,276,0.5942028985507246
knn,5,2023-2024,281-1,teste_277.csv,1,2024-03-21,9,0,1,0.8,277,0.592057761732852
knn,5,2023-2024,282-1,teste_278.csv,1,2024-03-22,9,1,1,0.8,278,0.5935251798561151
knn,5,2023-2024,283-1,teste_279.csv,1,2024-03-22,9,1,1,1.0,279,0.5949820788530465
knn,5,2023-2024,284-1,teste_280.csv,1,2024-03-22,9,1,1,0.8,280,0.5964285714285714
knn,5,2023-2024,285-1,teste_281.csv,1,2024-03-22,9,1,0,0.4,281,0.594306049822064
knn,5,2023-2024,286-1,teste_282.csv,1,2024-03-23,9,0,1,0.6,282,0.5921985815602837
knn,5,2023-2024,287-1,teste_283.csv,1,2024-03-23,9,1,1,0.5555555555555556,283,0.5936395759717314
knn,5,2023-2024,288-1,teste_284.csv,1,2024-03-25,10,1,1,0.5555555555555556,284,0.5950704225352113
knn,5,2023-2024,289-1,teste_285.csv,1,2024-03-25,10,1,1,0.6666666666666666,285,0.5964912280701754
knn,5,2023-2024,290-1,teste_286.csv,1,2024-03-25,10,1,1,0.6666666666666666,286,0.5979020979020979
knn,5,2023-2024,291-1,teste_287.csv,1,2024-03-25,10,0,1,0.5555555555555556,287,0.5958188153310104
knn,5,2023-2024,292-1,teste_288.csv,1,2024-03-26,10,0,1,0.5555555555555556,288,0.59375
knn,5,2023-2024,293-1,teste_289.csv,1,2024-03-26,10,1,1,0.5555555555555556,289,0.5951557093425606
knn,5,2023-2024,294-1,teste_290.csv,1,2024-03-27,10,1,1,0.6666666666666666,290,0.596551724137931
knn,5,2023-2024,295-1,teste_291.csv,1,2024-03-27,10,0,0,0.4444444444444444,291,0.5979381443298969
knn,5,2023-2024,296-1,teste_292.csv,1,2024-03-27,10,0,0,0.4444444444444444,292,0.5993150684931506
knn,5,2023-2024,297-1,teste_293.csv,1,2024-03-28,10,0,1,0.5555555555555556,293,0.5972696245733788
knn,5,2023-2024,298-1,teste_294.csv,1,2024-03-28,10,1,0,0.3333333333333333,294,0.5952380952380952
knn,5,2023-2024,299-1,teste_295.csv,1,2024-03-28,10,1,1,0.6666666666666666,295,0.5966101694915255
knn,5,2023-2024,300-1,teste_296.csv,1,2024-03-28,10,1,1,0.8888888888888888,296,0.597972972972973
knn,5,2023-2024,301-1,teste_297.csv,1,2024-03-29,10,0,0,0.4285714285714285,297,0.5993265993265994
knn,5,2023-2024,302-1,teste_298.csv,1,2024-03-30,10,1,1,0.5454545454545454,298,0.6006711409395973
knn,5,2023-2024,303-1,teste_299.csv,1,2024-03-30,10,1,1,0.8888888888888888,299,0.6020066889632107
knn,5,2023-2024,304-1,teste_300.csv,1,2024-03-30,10,0,1,0.6666666666666666,300,0.6
knn,5,2023-2024,305-1,teste_301.csv,1,2024-03-31,11,1,1,0.6666666666666666,301,0.6013289036544851
knn,5,2023-2024,306-1,teste_302.csv,1,2024-03-31,11,0,1,0.5555555555555556,302,0.5993377483443708
knn,5,2023-2024,307-1,teste_303.csv,1,2024-04-01,11,1,1,0.5555555555555556,303,0.6006600660066007
knn,5,2023-2024,308-1,teste_304.csv,1,2024-04-02,11,1,1,0.6666666666666666,304,0.6019736842105263
knn,5,2023-2024,309-1,teste_305.csv,1,2024-04-02,11,0,1,0.5555555555555556,305,0.6
knn,5,2023-2024,310-1,teste_306.csv,1,2024-04-02,11,1,1,0.7142857142857143,306,0.6013071895424836
knn,5,2023-2024,311-1,teste_307.csv,1,2024-04-03,11,0,1,0.6666666666666666,307,0.5993485342019544
knn,5,2023-2024,312-1,teste_308.csv,1,2024-04-03,11,1,1,1.0,308,0.6006493506493507
knn,5,2023-2024,313-1,teste_309.csv,1,2024-04-03,11,1,1,0.5714285714285714,309,0.6019417475728155
knn,5,2023-2024,314-1,teste_310.csv,1,2024-04-04,11,1,1,0.5714285714285714,310,0.603225806451613
knn,5,2023-2024,315-1,teste_311.csv,1,2024-04-04,11,1,0,0.4285714285714285,311,0.6012861736334405
knn,5,2023-2024,316-1,teste_312.csv,1,2024-04-04,11,1,1,0.8571428571428571,312,0.6025641025641025
knn,5,2023-2024,317-1,teste_313.csv,1,2024-04-05,11,1,1,0.8571428571428571,313,0.6038338658146964
knn,5,2023-2024,318-1,teste_314.csv,1,2024-04-05,11,0,1,0.8571428571428571,314,0.6019108280254777
knn,5,2023-2024,319-1,teste_315.csv,1,2024-04-06,11,1,1,0.6666666666666666,315,0.6031746031746031
knn,5,2023-2024,320-1,teste_316.csv,1,2024-04-06,11,0,0,0.4444444444444444,316,0.6044303797468354
knn,5,2023-2024,321-1,teste_317.csv,1,2024-04-06,11,1,0,0.4444444444444444,317,0.6025236593059937
knn,5,2023-2024,322-1,teste_318.csv,1,2024-04-07,12,1,1,0.6666666666666666,318,0.6037735849056604
knn,5,2023-2024,323-1,teste_319.csv,1,2024-04-08,12,0,0,0.2222222222222222,319,0.6050156739811913
knn,5,2023-2024,324-1,teste_320.csv,1,2024-04-08,12,0,0,0.4444444444444444,320,0.60625
knn,5,2023-2024,325-1,teste_321.csv,1,2024-04-08,12,0,1,0.6363636363636364,321,0.6043613707165109
knn,5,2023-2024,326-1,teste_322.csv,1,2024-04-08,12,1,1,1.0,322,0.6055900621118012
knn,5,2023-2024,327-1,teste_323.csv,1,2024-04-09,12,1,1,0.8888888888888888,323,0.6068111455108359
knn,5,2023-2024,328-1,teste_324.csv,1,2024-04-09,12,1,1,0.8181818181818182,324,0.6080246913580247
knn,5,2023-2024,329-1,teste_325.csv,1,2024-04-10,12,0,0,0.2222222222222222,325,0.6092307692307692
knn,5,2023-2024,330-1,teste_326.csv,1,2024-04-10,12,0,0,0.2222222222222222,326,0.6104294478527608
knn,5,2023-2024,331-1,teste_327.csv,1,2024-04-10,12,1,1,0.6666666666666666,327,0.6116207951070336
knn,5,2023-2024,332-1,teste_328.csv,1,2024-04-10,12,0,0,0.3333333333333333,328,0.6128048780487805
knn,5,2023-2024,333-1,teste_329.csv,1,2024-04-11,12,1,0,0.1111111111111111,329,0.6109422492401215
knn,5,2023-2024,334-1,teste_330.csv,1,2024-04-11,12,1,0,0.4444444444444444,330,0.6090909090909091
knn,5,2023-2024,335-1,teste_331.csv,1,2024-04-12,12,0,1,0.6666666666666666,331,0.6072507552870091
knn,5,2023-2024,336-1,teste_332.csv,1,2024-04-12,12,0,0,0.2857142857142857,332,0.608433734939759
knn,5,2023-2024,337-1,teste_333.csv,1,2024-04-12,12,0,0,0.2857142857142857,333,0.6096096096096096
knn,5,2023-2024,338-1,teste_334.csv,1,2024-04-13,12,0,1,0.7142857142857143,334,0.6077844311377245
knn,5,2023-2024,339-1,teste_335.csv,1,2024-04-13,12,0,1,0.8571428571428571,335,0.6059701492537314
knn,5,2023-2024,340-1,teste_336.csv,1,2024-04-13,12,1,1,0.7777777777777778,336,0.6071428571428571
knn,5,2023-2024,341-1,teste_337.csv,1,2024-04-18,1,0,0,0.3333333333333333,337,0.6083086053412463
knn,5,2023-2024,342-1,teste_338.csv,1,2024-04-18,1,0,0,0.2857142857142857,338,0.6094674556213018
knn,5,2023-2024,343-1,teste_339.csv,1,2024-04-19,1,0,0,0.2857142857142857,339,0.6106194690265486
knn,5,2023-2024,344-1,teste_340.csv,1,2024-04-19,1,1,0,0.1428571428571428,340,0.6088235294117647
knn,5,2023-2024,345-1,teste_341.csv,1,2024-04-20,1,0,0,0.4285714285714285,341,0.6099706744868035
knn,5,2023-2024,346-1,teste_342.csv,1,2024-04-20,1,0,0,0.3636363636363636,342,0.6111111111111112
knn,5,2023-2024,347-1,teste_343.csv,1,2024-04-21,1,0,1,0.5454545454545454,343,0.60932944606414
knn,5,2023-2024,348-1,teste_344.csv,1,2024-04-21,1,0,0,0.3636363636363636,344,0.6104651162790697
knn,5,2023-2024,349-1,teste_345.csv,1,2024-04-22,2,1,0,0.2727272727272727,345,0.6086956521739131
knn,5,2023-2024,350-1,teste_346.csv,1,2024-04-22,2,1,1,0.9090909090909092,346,0.6098265895953757
knn,5,2023-2024,351-1,teste_347.csv,1,2024-04-23,2,1,1,0.7272727272727273,347,0.6109510086455331
knn,5,2023-2024,352-1,teste_348.csv,1,2024-04-23,2,1,1,0.5454545454545454,348,0.6120689655172413
knn,5,2023-2024,353-1,teste_349.csv,1,2024-04-25,3,0,1,0.5454545454545454,349,0.6103151862464183
knn,5,2023-2024,354-1,teste_350.csv,1,2024-04-26,2,1,1,0.5454545454545454,350,0.6114285714285714
knn,5,2023-2024,355-1,teste_351.csv,1,2024-04-26,2,1,1,0.7272727272727273,351,0.6125356125356125
knn,5,2023-2024,356-1,teste_352.csv,1,2024-04-27,2,1,1,0.6363636363636364,352,0.6136363636363636
knn,5,2023-2024,357-1,teste_353.csv,1,2024-04-27,2,1,1,0.6363636363636364,353,0.6147308781869688
knn,5,2023-2024,358-1,teste_354.csv,1,2024-05-02,1,1,1,0.5454545454545454,354,0.615819209039548
knn,5,2023-2024,359-1,teste_355.csv,1,2024-05-03,1,1,0,0.4545454545454545,355,0.6140845070422535
knn,5,2023-2024,360-1,teste_356.csv,1,2024-05-03,1,1,1,0.8181818181818182,356,0.6151685393258427
knn,5,2023-2024,361-1,teste_357.csv,1,2024-05-04,1,1,1,0.5714285714285714,357,0.6162464985994398
knn,5,2023-2024,362-1,teste_358.csv,1,2024-05-06,2,0,0,0.2857142857142857,358,0.61731843575419
knn,5,2023-2024,363-1,teste_359.csv,1,2024-05-06,2,1,1,0.5714285714285714,359,0.6183844011142061
knn,5,2023-2024,364-1,teste_360.csv,1,2024-05-07,2,0,0,0.4285714285714285,360,0.6194444444444445
knn,5,2023-2024,365-1,teste_361.csv,1,2024-05-07,2,1,1,0.5714285714285714,361,0.6204986149584487
knn,5,2023-2024,366-1,teste_362.csv,1,2024-05-08,3,0,0,0.2857142857142857,362,0.6215469613259669
knn,5,2023-2024,367-1,teste_363.csv,1,2024-05-08,3,1,1,0.7142857142857143,363,0.6225895316804407
knn,5,2023-2024,368-1,teste_364.csv,1,2024-05-09,3,0,0,0.2857142857142857,364,0.6236263736263736
knn,5,2023-2024,369-1,teste_365.csv,1,2024-05-09,3,1,1,0.5714285714285714,365,0.6246575342465753
knn,5,2023-2024,370-1,teste_366.csv,1,2024-05-11,4,1,1,0.7142857142857143,366,0.6256830601092896
knn,5,2023-2024,371-1,teste_367.csv,1,2024-05-12,4,1,1,0.5714285714285714,367,0.6267029972752044
knn,5,2023-2024,372-1,teste_368.csv,1,2024-05-13,5,1,1,1.0,368,0.6277173913043478
knn,5,2023-2024,373-1,teste_369.csv,1,2024-05-14,5,0,1,0.5555555555555556,369,0.6260162601626016
knn,5,2023-2024,374-1,teste_370.csv,1,2024-05-17,1,1,0,0.4444444444444444,370,0.6243243243243243
knn,5,2023-2024,375-1,teste_371.csv,1,2024-05-18,1,1,1,0.6666666666666666,371,0.6253369272237197
knn,5,2023-2024,376-1,teste_372.csv,1,2024-05-20,2,1,1,0.6666666666666666,372,0.6263440860215054
knn,5,2023-2024,377-1,teste_373.csv,1,2024-05-21,2,0,0,0.4545454545454545,373,0.6273458445040214
knn,5,2023-2024,378-1,teste_374.csv,1,2024-05-22,3,0,1,0.7777777777777778,374,0.6256684491978609
knn,5,2023-2024,379-1,teste_375.csv,1,2024-05-23,3,0,0,0.2222222222222222,375,0.6266666666666667
knn,5,2023-2024,380-1,teste_376.csv,1,2024-05-25,4,0,0,0.3636363636363636,376,0.6276595744680851
knn,5,2023-2024,381-1,teste_377.csv,1,2024-05-27,5,1,0,0.3636363636363636,377,0.6259946949602122
knn,5,2023-2024,382-1,teste_378.csv,1,2024-06-01,1,0,1,0.5454545454545454,378,0.6243386243386243
knn,5,2023-2024,383-1,teste_379.csv,1,2024-06-06,2,0,0,0.2222222222222222,379,0.6253298153034301
knn,5,2023-2024,384-1,teste_380.csv,1,2024-06-08,3,1,0,0.2222222222222222,380,0.6236842105263158
knn,10,2008-2009,10-1,teste_1.csv,1,2009-01-30,2,0,0,0.3333333333333333,1,1.0
knn,10,2008-2009,11-1,teste_2.csv,1,2009-01-30,2,1,0,0.0,2,0.5
knn,10,2008-2009,12-1,teste_3.csv,1,2009-01-30,2,1,0,0.3333333333333333,3,0.3333333333333333
knn,10,2008-2009,13-1,teste_4.csv,1,2009-01-31,2,0,1,0.6539903187246089,4,0.25
knn,10,2008-2009,14-1,teste_5.csv,1,2009-02-03,3,1,0,0.0,5,0.2
knn,10,2008-2009,15-1,teste_6.csv,1,2009-02-03,3,1,1,0.6347411120297167,6,0.3333333333333333
knn,10,2008-2009,16-1,teste_7.csv,1,2009-02-03,3,0,1,0.5595213630018099,7,0.2857142857142857
knn,10,2008-2009,17-1,teste_8.csv,1,2009-02-03,3,0,0,0.3333333333333333,8,0.375
knn,10,2008-2009,18-1,teste_9.csv,1,2009-02-03,3,1,1,0.6666666666666666,9,0.4444444444444444
knn,10,2008-2009,19-1,teste_10.csv,1,2009-02-03,3,0,0,0.3333333333333333,10,0.5
knn,10,2008-2009,20-1,teste_11.csv,1,2009-02-03,3,1,0,0.4133856336520911,11,0.4545454545454545
knn,10,2008-2009,21-1,teste_12.csv,1,2009-02-11,4,1,0,0.4444444444444444,12,0.4166666666666667
knn,10,2008-2009,22-1,teste_13.csv,1,2009-02-11,4,0,1,0.575900748768162,13,0.3846153846153846
knn,10,2008-2009,23-1,teste_14.csv,1,2009-02-11,4,0,1,0.5506998910256065,14,0.3571428571428571
knn,10,2008-2009,24-1,teste_15.csv,1,2009-02-11,4,0,0,0.3410173788920925,15,0.4
knn,10,2008-2009,25-1,teste_16.csv,1,2009-02-11,4,0,0,0.3824463034076703,16,0.4375
knn,10,2008-2009,26-1,teste_17.csv,1,2009-02-11,4,1,0,0.0,17,0.4117647058823529
knn,10,2008-2009,27-1,teste_18.csv,1,2009-02-12,4,1,0,0.2857142857142857,18,0.3888888888888889
knn,10,2008-2009,28-1,teste_19.csv,1,2009-02-13,5,0,1,0.6,19,0.3684210526315789
knn,10,2008-2009,29-1,teste_20.csv,1,2009-02-13,5,1,1,0.5714285714285714,20,0.4
knn,10,2008-2009,30-1,teste_21.csv,1,2009-02-13,5,0,0,0.4285714285714285,21,0.4285714285714285
knn,10,2008-2009,31-1,teste_22.csv,1,2009-02-13,5,1,0,0.2857142857142857,22,0.4090909090909091
knn,10,2008-2009,32-1,teste_23.csv,1,2009-02-13,5,0,0,0.3333333333333333,23,0.4347826086956521
knn,10,2008-2009,33-1,teste_24.csv,1,2009-02-13,5,1,0,0.3333333333333333,24,0.4166666666666667
knn,10,2008-2009,34-1,teste_25.csv,1,2009-02-13,5,1,0,0.3333333333333333,25,0.4
knn,10,2008-2009,35-1,teste_26.csv,1,2009-02-18,6,1,1,0.6,26,0.4230769230769231
knn,10,2008-2009,36-1,teste_27.csv,1,2009-02-18,6,1,1,0.6,27,0.4444444444444444
knn,10,2008-2009,37-1,teste_28.csv,1,2009-02-18,6,1,1,0.5555555555555556,28,0.4642857142857143
knn,10,2008-2009,38-1,teste_29.csv,1,2009-02-18,6,1,0,0.0,29,0.4482758620689655
knn,10,2008-2009,39-1,teste_30.csv,1,2009-02-18,6,1,0,0.4,30,0.4333333333333333
knn,10,2008-2009,40-1,teste_31.csv,1,2009-02-18,6,1,0,0.4,31,0.4193548387096774
knn,10,2008-2009,41-1,teste_32.csv,1,2009-02-20,7,1,1,0.8,32,0.4375
knn,10,2008-2009,42-1,teste_33.csv,1,2009-02-20,7,1,1,0.6,33,0.4545454545454545
knn,10,2008-2009,43-1,teste_34.csv,1,2009-02-20,7,1,1,0.6,34,0.4705882352941176
knn,10,2008-2009,44-1,teste_35.csv,1,2009-02-20,7,1,0,0.4,35,0.4571428571428571
knn,10,2008-2009,45-1,teste_36.csv,1,2009-02-20,7,1,1,1.0,36,0.4722222222222222
knn,10,2008-2009,46-1,teste_37.csv,1,2009-02-21,7,1,1,1.0,37,0.4864864864864865
knn,10,2008-2009,47-1,teste_38.csv,1,2009-02-23,8,1,1,0.8,38,0.5
knn,10,2008-2009,48-1,teste_39.csv,1,2009-02-24,8,0,1,0.8,39,0.4871794871794871
knn,10,2008-2009,49-1,teste_40.csv,1,2009-02-25,8,0,0,0.4,40,0.5
knn,10,2008-2009,50-1,teste_41.csv,1,2009-02-25,8,1,1,0.8,41,0.5121951219512195
knn,10,2008-2009,51-1,teste_42.csv,1,2009-02-25,8,1,1,0.6666666666666666,42,0.5238095238095238
knn,10,2008-2009,52-1,teste_43.csv,1,2009-02-25,8,1,1,0.6666666666666666,43,0.5348837209302325
knn,10,2008-2009,53-1,teste_44.csv,1,2009-02-27,9,1,1,0.6,44,0.5454545454545454
knn,10,2008-2009,54-1,teste_45.csv,1,2009-02-27,9,1,1,1.0,45,0.5555555555555556
knn,10,2008-2009,55-1,teste_46.csv,1,2009-02-27,9,1,1,1.0,46,0.5652173913043478
knn,10,2008-2009,56-1,teste_47.csv,1,2009-02-27,9,1,1,0.6666666666666666,47,0.574468085106383
knn,10,2008-2009,57-1,teste_48.csv,1,2009-02-27,9,1,0,0.3333333333333333,48,0.5625
knn,10,2008-2009,58-1,teste_49.csv,1,2009-02-27,9,1,1,1.0,49,0.5714285714285714
knn,10,2008-2009,59-1,teste_50.csv,1,2009-03-01,7,1,1,1.0,50,0.58
knn,10,2008-2009,60-1,teste_51.csv,1,2009-03-04,10,1,1,1.0,51,0.5882352941176471
knn,10,2008-2009,61-1,teste_52.csv,1,2009-03-04,10,0,1,0.6666666666666666,52,0.5769230769230769
knn,10,2008-2009,62-1,teste_53.csv,1,2009-03-04,10,1,1,1.0,53,0.5849056603773585
knn,10,2008-2009,63-1,teste_54.csv,1,2009-03-04,10,0,1,1.0,54,0.5740740740740741
knn,10,2008-2009,64-1,teste_55.csv,1,2009-03-04,10,0,1,0.6666666666666666,55,0.5636363636363636
knn,10,2008-2009,65-1,teste_56.csv,1,2009-03-04,10,0,1,1.0,56,0.5535714285714286
knn,10,2008-2009,66-1,teste_57.csv,1,2009-03-04,10,0,1,0.6666666666666666,57,0.543859649122807
knn,10,2008-2009,67-1,teste_58.csv,1,2009-03-06,11,1,1,1.0,58,0.5517241379310345
knn,10,2008-2009,68-1,teste_59.csv,1,2009-03-06,11,0,0,0.3333333333333333,59,0.559322033898305
knn,10,2008-2009,69-1,teste_60.csv,1,2009-03-06,11,1,1,0.6666666666666666,60,0.5666666666666667
knn,10,2008-2009,70-1,teste_61.csv,1,2009-03-06,11,0,0,0.0,61,0.5737704918032787
knn,10,2008-2009,71-1,teste_62.csv,1,2009-03-06,11,0,0,0.3333333333333333,62,0.5806451612903226
knn,10,2008-2009,72-1,teste_63.csv,1,2009-03-06,11,1,1,0.6666666666666666,63,0.5873015873015873
knn,10,2008-2009,73-1,teste_64.csv,1,2009-03-06,11,0,0,0.0,64,0.59375
knn,10,2008-2009,74-1,teste_65.csv,1,2009-03-11,12,0,1,0.6666666666666666,65,0.5846153846153846
knn,10,2008-2009,75-1,teste_66.csv,1,2009-03-11,12,1,1,0.8,66,0.5909090909090909
knn,10,2008-2009,76-1,teste_67.csv,1,2009-03-11,12,1,1,0.8,67,0.5970149253731343
knn,10,2008-2009,77-1,teste_68.csv,1,2009-03-11,12,0,1,0.6,68,0.5882352941176471
knn,10,2008-2009,78-1,teste_69.csv,1,2009-03-11,12,1,0,0.4,69,0.5797101449275363
knn,10,2008-2009,79-1,teste_70.csv,1,2009-03-11,12,0,0,0.2,70,0.5857142857142857
knn,10,2008-2009,80-1,teste_71.csv,1,2009-03-13,12,0,1,0.6666666666666666,71,0.5774647887323944
knn,10,2008-2009,81-1,teste_72.csv,1,2009-03-13,13,0,1,0.6666666666666666,72,0.5694444444444444
knn,10,2008-2009,82-1,teste_73.csv,1,2009-03-13,13,1,1,1.0,73,0.5753424657534246
knn,10,2008-2009,83-1,teste_74.csv,1,2009-03-13,13,0,1,0.6666666666666666,74,0.5675675675675675
knn,10,2008-2009,84-1,teste_75.csv,1,2009-03-13,13,0,0,0.3333333333333333,75,0.5733333333333334
knn,10,2008-2009,85-1,teste_76.csv,1,2009-03-13,13,1,0,0.4444444444444444,76,0.5657894736842105
knn,10,2008-2009,86-1,teste_77.csv,1,2009-03-14,13,1,1,0.5555555555555556,77,0.5714285714285714
knn,10,2008-2009,87-1,teste_78.csv,1,2009-03-15,13,0,1,0.6666666666666666,78,0.5641025641025641
knn,10,2008-2009,88-1,teste_79.csv,1,2009-03-18,14,1,1,0.6666666666666666,79,0.569620253164557
knn,10,2008-2009,89-1,teste_80.csv,1,2009-03-18,14,0,1,0.6666666666666666,80,0.5625
knn,10,2008-2009,90-1,teste_81.csv,1,2009-03-18,14,1,1,0.6666666666666666,81,0.5679012345679012
knn,10,2008-2009,91-1,teste_82.csv,1,2009-03-18,14,0,1,1.0,82,0.5609756097560976
knn,10,2008-2009,92-1,teste_83.csv,1,2009-03-18,14,1,1,1.0,83,0.5662650602409639
knn,10,2008-2009,93-1,teste_84.csv,1,2009-03-18,14,1,1,0.6107775781788,84,0.5714285714285714
knn,10,2008-2009,94-1,teste_85.csv,1,2009-03-18,14,1,1,1.0,85,0.5764705882352941
knn,10,2008-2009,100-1,teste_91.csv,1,2009-03-20,15,1,1,1.0,86,0.5813953488372093
knn,10,2008-2009,101-1,teste_92.csv,1,2009-03-20,15,0,0,0.3333333333333333,87,0.5862068965517241
knn,10,2008-2009,95-1,teste_86.csv,1,2009-03-20,15,1,1,0.737294890555685,88,0.5909090909090909
knn,10,2008-2009,96-1,teste_87.csv,1,2009-03-20,15,1,1,0.6666666666666666,89,0.5955056179775281
knn,10,2008-2009,97-1,teste_88.csv,1,2009-03-20,15,1,1,0.6666666666666666,90,0.6
knn,10,2008-2009,98-1,teste_89.csv,1,2009-03-20,15,1,1,0.6666666666666666,91,0.6043956043956044
knn,10,2008-2009,99-1,teste_90.csv,1,2009-03-20,15,1,1,0.6666666666666666,92,0.6086956521739131
knn,10,2008-2009,102-1,teste_93.csv,1,2009-03-23,2,1,1,1.0,93,0.6129032258064516
knn,10,2008-2009,103-1,teste_94.csv,1,2009-03-25,1,1,1,1.0,94,0.6170212765957447
knn,10,2008-2009,104-1,teste_95.csv,1,2009-03-25,1,1,1,1.0,95,0.6210526315789474
knn,10,2008-2009,105-1,teste_96.csv,1,2009-03-25,1,0,1,0.6666666666666666,96,0.6145833333333334
knn,10,2008-2009,106-1,teste_97.csv,1,2009-03-25,1,1,1,1.0,97,0.6185567010309279
knn,10,2008-2009,107-1,teste_98.csv,1,2009-03-25,1,0,0,0.3333333333333333,98,0.6224489795918368
knn,10,2008-2009,108-1,teste_99.csv,1,2009-03-25,1,1,1,1.0,99,0.6262626262626263
knn,10,2008-2009,109-1,teste_100.csv,1,2009-03-25,1,1,1,0.6666666666666666,100,0.63
knn,10,2008-2009,110-1,teste_101.csv,1,2009-03-27,2,1,1,1.0,101,0.6336633663366337
knn,10,2008-2009,111-1,teste_102.csv,1,2009-03-27,2,1,0,0.0,102,0.6274509803921569
knn,10,2008-2009,112-1,teste_103.csv,1,2009-03-27,2,1,1,1.0,103,0.6310679611650486
knn,10,2008-2009,113-1,teste_104.csv,1,2009-03-27,2,1,1,1.0,104,0.6346153846153846
knn,10,2008-2009,114-1,teste_105.csv,1,2009-03-27,2,0,1,0.6666666666666666,105,0.6285714285714286
knn,10,2008-2009,115-1,teste_106.csv,1,2009-03-27,2,1,1,1.0,106,0.6320754716981132
knn,10,2008-2009,116-1,teste_107.csv,1,2009-03-30,4,1,1,1.0,107,0.6355140186915887
knn,10,2008-2009,117-1,teste_108.csv,1,2009-04-01,3,0,1,0.6666666666666666,108,0.6296296296296297
knn,10,2008-2009,118-1,teste_109.csv,1,2009-04-01,3,1,1,1.0,109,0.6330275229357798
knn,10,2008-2009,119-1,teste_110.csv,1,2009-04-01,3,1,1,1.0,110,0.6363636363636364
knn,10,2008-2009,120-1,teste_111.csv,1,2009-04-01,3,1,1,0.6666666666666666,111,0.6396396396396397
knn,10,2008-2009,121-1,teste_112.csv,1,2009-04-01,3,1,1,1.0,112,0.6428571428571429
knn,10,2008-2009,122-1,teste_113.csv,1,2009-04-01,3,1,1,1.0,113,0.6460176991150443
knn,10,2008-2009,123-1,teste_114.csv,1,2009-04-01,3,1,1,1.0,114,0.6491228070175439
knn,10,2008-2009,124-1,teste_115.csv,1,2009-04-03,4,1,1,0.6666666666666666,115,0.6521739130434783
knn,10,2008-2009,125-1,teste_116.csv,1,2009-04-03,4,1,1,1.0,116,0.6551724137931034
knn,10,2008-2009,126-1,teste_117.csv,1,2009-04-03,4,1,1,1.0,117,0.6581196581196581
knn,10,2008-2009,127-1,teste_118.csv,1,2009-04-03,4,1,1,1.0,118,0.6610169491525424
knn,10,2008-2009,128-1,teste_119.csv,1,2009-04-03,4,1,1,1.0,119,0.6638655462184874
knn,10,2008-2009,129-1,teste_120.csv,1,2009-04-03,4,0,1,0.6666666666666666,120,0.6583333333333333
knn,10,2008-2009,130-1,teste_121.csv,1,2009-04-05,9,1,1,0.6666666666666666,121,0.6611570247933884
knn,10,2008-2009,131-1,teste_122.csv,1,2009-04-08,5,0,1,0.6666666666666666,122,0.6557377049180327
knn,10,2008-2009,132-1,teste_123.csv,1,2009-04-08,5,1,1,1.0,123,0.6585365853658537
knn,10,2008-2009,133-1,teste_124.csv,1,2009-04-08,5,1,1,0.6666666666666666,124,0.6612903225806451
knn,10,2008-2009,134-1,teste_125.csv,1,2009-04-08,5,0,0,0.3333333333333333,125,0.664
knn,10,2008-2009,135-1,teste_126.csv,1,2009-04-08,5,0,0,0.3333333333333333,126,0.6666666666666666
knn,10,2008-2009,136-1,teste_127.csv,1,2009-04-09,5,0,0,0.3333333333333333,127,0.6692913385826772
knn,10,2008-2009,137-1,teste_128.csv,1,2009-04-09,5,1,1,1.0,128,0.671875
knn,10,2008-2009,138-1,teste_129.csv,1,2009-04-10,6,0,0,0.1428571428571428,129,0.6744186046511628
knn,10,2008-2009,139-1,teste_130.csv,1,2009-04-10,6,1,1,0.8,130,0.676923076923077
knn,10,2008-2009,140-1,teste_131.csv,1,2009-04-10,6,0,0,0.0,131,0.6793893129770993
knn,10,2008-2009,141-1,teste_132.csv,1,2009-04-10,6,0,0,0.4285714285714285,132,0.6818181818181818
knn,10,2008-2009,142-1,teste_133.csv,1,2009-04-11,6,1,0,0.4,133,0.6766917293233082
knn,10,2008-2009,143-1,teste_134.csv,1,2009-04-11,6,1,1,1.0,134,0.6791044776119403
knn,10,2008-2009,144-1,teste_135.csv,1,2009-04-11,6,1,1,0.6,135,0.6814814814814815
knn,10,2008-2009,145-1,teste_136.csv,1,2009-04-14,7,0,0,0.4285714285714285,136,0.6838235294117647
knn,10,2008-2009,146-1,teste_137.csv,1,2009-04-15,7,0,0,0.1428571428571428,137,0.6861313868613139
knn,10,2008-2009,147-1,teste_138.csv,1,2009-04-15,7,1,1,1.0,138,0.6884057971014492
knn,10,2008-2009,148-1,teste_139.csv,1,2009-04-15,7,0,1,0.5860151774896767,139,0.6834532374100719
knn,10,2008-2009,149-1,teste_140.csv,1,2009-04-15,7,1,1,0.8750792869359818,140,0.6857142857142857
knn,10,2008-2009,150-1,teste_141.csv,1,2009-04-15,7,0,0,0.1278872150130683,141,0.6879432624113475
knn,10,2008-2009,151-1,teste_142.csv,1,2009-04-15,7,0,1,0.6641733409473198,142,0.6830985915492958
knn,10,2008-2009,152-1,teste_143.csv,1,2009-04-17,8,1,0,0.3098549800994764,143,0.6783216783216783
knn,10,2008-2009,153-1,teste_144.csv,1,2009-04-17,8,1,1,0.7583969378752793,144,0.6805555555555556
knn,10,2008-2009,154-1,teste_145.csv,1,2009-04-17,8,1,1,0.6883242841653401,145,0.6827586206896552
knn,10,2008-2009,155-1,teste_146.csv,1,2009-04-17,8,1,1,0.8178758439687658,146,0.684931506849315
knn,10,2008-2009,156-1,teste_147.csv,1,2009-04-17,8,0,0,0.1227008141275897,147,0.6870748299319728
knn,10,2008-2009,157-1,teste_148.csv,1,2009-04-17,8,0,0,0.1249537979990061,148,0.6891891891891891
knn,10,2008-2009,158-1,teste_149.csv,1,2009-04-17,8,1,1,0.5052875339339803,149,0.6912751677852349
knn,10,2008-2009,159-1,teste_150.csv,1,2009-04-21,9,0,0,0.4285714285714285,150,0.6933333333333334
knn,10,2008-2009,160-1,teste_151.csv,1,2009-04-21,9,1,1,0.8571428571428571,151,0.695364238410596
knn,10,2008-2009,161-1,teste_152.csv,1,2009-04-22,9,1,1,1.0,152,0.6973684210526315
knn,10,2008-2009,162-1,teste_153.csv,1,2009-04-22,9,0,1,0.8,153,0.6928104575163399
knn,10,2008-2009,163-1,teste_154.csv,1,2009-04-22,9,1,1,1.0,154,0.6948051948051948
knn,10,2008-2009,164-1,teste_155.csv,1,2009-04-22,9,0,0,0.4,155,0.6967741935483871
knn,10,2008-2009,165-1,teste_156.csv,1,2009-04-22,9,1,1,0.8,156,0.6987179487179487
knn,10,2008-2009,166-1,teste_157.csv,1,2009-04-23,10,1,1,1.0,157,0.7006369426751592
knn,10,2008-2009,167-1,teste_158.csv,1,2009-04-23,10,1,0,0.4,158,0.6962025316455697
knn,10,2008-2009,168-1,teste_159.csv,1,2009-04-24,10,0,0,0.2,159,0.6981132075471698
knn,10,2008-2009,169-1,teste_160.csv,1,2009-04-24,10,1,1,1.0,160,0.7
knn,10,2008-2009,170-1,teste_161.csv,1,2009-04-24,10,1,1,0.8571428571428571,161,0.7018633540372671
knn,10,2008-2009,171-1,teste_162.csv,1,2009-04-24,10,0,0,0.4,162,0.7037037037037037
knn,10,2008-2009,172-1,teste_163.csv,1,2009-04-24,10,1,1,1.0,163,0.7055214723926381
knn,10,2008-2009,173-1,teste_164.csv,1,2009-04-29,11,1,1,1.0,164,0.7073170731707317
knn,10,2008-2009,174-1,teste_165.csv,1,2009-04-29,11,1,1,1.0,165,0.7090909090909091
knn,10,2008-2009,175-1,teste_166.csv,1,2009-04-29,11,1,1,0.6666666666666666,166,0.7108433734939759
knn,10,2008-2009,176-1,teste_167.csv,1,2009-04-29,11,1,1,0.8,167,0.7125748502994012
knn,10,2008-2009,177-1,teste_168.csv,1,2009-04-29,11,1,1,0.7777777777777778,168,0.7142857142857143
knn,10,2008-2009,178-1,teste_169.csv,1,2009-04-29,11,1,1,0.7777777777777778,169,0.7159763313609467
knn,10,2008-2009,179-1,teste_170.csv,1,2009-04-29,11,1,1,1.0,170,0.7176470588235294
knn,10,2008-2009,180-1,teste_171.csv,1,2009-05-01,12,0,1,0.6666666666666666,171,0.7134502923976608
knn,10,2008-2009,181-1,teste_172.csv,1,2009-05-01,12,1,1,1.0,172,0.7151162790697675
knn,10,2008-2009,182-1,teste_173.csv,1,2009-05-01,12,0,0,0.3333333333333333,173,0.7167630057803468
knn,10,2008-2009,183-1,teste_174.csv,1,2009-05-01,12,1,1,1.0,174,0.7183908045977011
knn,10,2008-2009,184-1,teste_175.csv,1,2009-05-01,12,0,1,1.0,175,0.7142857142857143
knn,10,2008-2009,185-1,teste_176.csv,1,2009-05-01,12,1,1,0.6363636363636364,176,0.7159090909090909
knn,10,2008-2009,186-1,teste_177.csv,1,2009-05-01,12,0,1,0.7272727272727273,177,0.711864406779661
knn,10,2008-2009,187-1,teste_178.csv,1,2009-05-03,6,1,1,0.9090909090909092,178,0.7134831460674157
knn,10,2008-2009,188-1,teste_179.csv,1,2009-05-03,8,1,1,0.8181818181818182,179,0.7150837988826816
knn,10,2008-2009,189-1,teste_180.csv,1,2009-05-05,13,1,0,0.4545454545454545,180,0.7111111111111111
knn,10,2008-2009,190-1,teste_181.csv,1,2009-05-06,13,1,1,0.6363636363636364,181,0.712707182320442
knn,10,2008-2009,191-1,teste_182.csv,1,2009-05-06,13,1,1,0.6363636363636364,182,0.7142857142857143
knn,10,2008-2009,192-1,teste_183.csv,1,2009-05-06,13,0,0,0.2566938891192953,183,0.7158469945355191
knn,10,2008-2009,193-1,teste_184.csv,1,2009-05-06,13,1,0,0.4545454545454545,184,0.7119565217391305
knn,10,2008-2009,194-1,teste_185.csv,1,2009-05-06,13,1,1,0.6363636363636364,185,0.7135135135135136
knn,10,2008-2009,195-1,teste_186.csv,1,2009-05-06,13,0,0,0.4545454545454545,186,0.7150537634408602
knn,10,2008-2009,196-1,teste_187.csv,1,2009-05-08,14,0,0,0.4545454545454545,187,0.7165775401069518
knn,10,2008-2009,197-1,teste_188.csv,1,2009-05-08,14,0,0,0.3636363636363636,188,0.7180851063829787
knn,10,2008-2009,198-1,teste_189.csv,1,2009-05-08,14,0,0,0.2727272727272727,189,0.7195767195767195
knn,10,2008-2009,199-1,teste_190.csv,1,2009-05-08,14,0,0,0.1818181818181818,190,0.7210526315789474
knn,10,2008-2009,200-1,teste_191.csv,1,2009-05-08,14,0,0,0.1818181818181818,191,0.7225130890052356
knn,10,2008-2009,201-1,teste_192.csv,1,2009-05-08,14,1,1,0.9090909090909092,192,0.7239583333333334
knn,10,2008-2009,202-1,teste_193.csv,1,2009-05-08,14,0,1,0.5454545454545454,193,0.7202072538860104
knn,10,2008-2009,203-1,teste_194.csv,1,2009-05-13,15,1,1,0.7272727272727273,194,0.7216494845360825
knn,10,2008-2009,204-1,teste_195.csv,1,2009-05-13,15,0,0,0.1818181818181818,195,0.7230769230769231
knn,10,2008-2009,205-1,teste_196.csv,1,2009-05-13,15,1,1,0.9090909090909092,196,0.7244897959183674
knn,10,2008-2009,206-1,teste_197.csv,1,2009-05-13,15,1,1,0.9090909090909092,197,0.7258883248730964
knn,10,2008-2009,207-1,teste_198.csv,1,2009-05-13,15,1,1,0.9090909090909092,198,0.7272727272727273
knn,10,2008-2009,208-1,teste_199.csv,1,2009-05-13,15,0,0,0.3636363636363636,199,0.7286432160804021
knn,10,2008-2009,209-1,teste_200.csv,1,2009-05-13,15,1,1,0.9090909090909092,200,0.73
knn,10,2008-2009,210-1,teste_201.csv,1,2009-05-15,1,1,1,0.9090909090909092,201,0.7313432835820896
knn,10,2008-2009,211-1,teste_202.csv,1,2009-05-16,1,0,1,0.5454545454545454,202,0.7277227722772277
knn,10,2008-2009,212-1,teste_203.csv,1,2009-05-17,1,0,1,0.8181818181818182,203,0.7241379310344828
knn,10,2008-2009,213-1,teste_204.csv,1,2009-05-17,1,0,0,0.2727272727272727,204,0.7254901960784313
knn,10,2008-2009,214-1,teste_205.csv,1,2009-05-18,2,1,1,0.5454545454545454,205,0.7268292682926829
knn,10,2008-2009,215-1,teste_206.csv,1,2009-05-18,2,1,1,0.5454545454545454,206,0.7281553398058253
knn,10,2008-2009,217-1,teste_208.csv,1,2009-05-19,2,0,1,0.7272727272727273,207,0.7246376811594203
knn,10,2008-2009,218-1,teste_209.csv,1,2009-05-19,2,1,1,0.6363636363636364,208,0.7259615384615384
knn,10,2008-2009,216-1,teste_207.csv,1,2009-05-19,3,1,1,0.6363636363636364,209,0.7272727272727273
knn,10,2008-2009,219-1,teste_210.csv,1,2009-05-19,3,1,1,0.5454545454545454,210,0.7285714285714285
knn,10,2008-2009,220-1,teste_211.csv,1,2009-05-20,3,1,1,0.6363636363636364,211,0.7298578199052133
knn,10,2008-2009,221-1,teste_212.csv,1,2009-05-20,3,1,1,0.5714285714285714,212,0.7311320754716981
knn,10,2008-2009,222-1,teste_213.csv,1,2009-05-21,4,0,1,0.8571428571428571,213,0.7276995305164319
knn,10,2008-2009,223-1,teste_214.csv,1,2009-05-22,4,1,1,0.7142857142857143,214,0.7289719626168224
knn,10,2008-2009,224-1,teste_215.csv,1,2009-05-24,5,1,0,0.4444444444444444,215,0.7255813953488373
knn,10,2008-2009,225-1,teste_216.csv,1,2009-05-26,1,0,1,0.5555555555555556,216,0.7222222222222222
knn,10,2008-2009,226-1,teste_217.csv,1,2009-05-27,1,1,1,0.5555555555555556,217,0.7235023041474654
knn,10,2008-2009,227-1,teste_218.csv,1,2009-05-29,2,1,1,0.7272727272727273,218,0.7247706422018348
knn,10,2008-2009,228-1,teste_219.csv,1,2009-05-30,2,1,1,0.5454545454545454,219,0.726027397260274
knn,10,2008-2009,229-1,teste_220.csv,1,2009-05-30,3,1,1,0.6666666666666666,220,0.7272727272727273
knn,10,2008-2009,230-1,teste_221.csv,1,2009-05-31,3,1,1,0.7777777777777778,221,0.7285067873303167
knn,10,2008-2009,231-1,teste_222.csv,1,2009-06-02,4,0,1,0.8181818181818182,222,0.7252252252252253
knn,10,2008-2009,232-1,teste_223.csv,1,2009-06-11,1,0,1,0.5714285714285714,223,0.7219730941704036
knn,10,2008-2009,233-1,teste_224.csv,1,2009-06-13,2,0,1,0.7272727272727273,224,0.71875
knn,10,2008-2009,234-1,teste_225.csv,1,2009-06-14,3,1,1,0.7272727272727273,225,0.72
knn,10,2008-2009,235-1,teste_226.csv,1,2009-06-21,4,1,1,0.7142857142857143,226,0.7212389380530974
knn,10,2009-2010,10-1,teste_1.csv,1,2009-11-15,3,1,1,0.8,1,1.0
knn,10,2009-2010,11-1,teste_2.csv,1,2009-11-15,3,1,1,0.8,2,1.0
knn,10,2009-2010,12-1,teste_3.csv,1,2009-11-15,3,1,1,0.8,3,1.0
knn,10,2009-2010,13-1,teste_4.csv,1,2009-11-20,4,1,1,0.8,4,1.0
knn,10,2009-2010,14-1,teste_5.csv,1,2009-11-22,4,0,1,0.8,5,0.8
knn,10,2009-2010,15-1,teste_6.csv,1,2009-11-22,4,1,1,1.0,6,0.8333333333333334
knn,10,2009-2010,16-1,teste_7.csv,1,2009-11-22,4,1,0,0.3333333333333333,7,0.7142857142857143
knn,10,2009-2010,17-1,teste_8.csv,1,2009-11-22,4,1,1,0.6666666666666666,8,0.75
knn,10,2009-2010,18-1,teste_9.csv,1,2009-11-22,4,1,1,1.0,9,0.7777777777777778
knn,10,2009-2010,19-1,teste_10.csv,1,2009-11-29,6,1,1,1.0,10,0.8
knn,10,2009-2010,20-1,teste_11.csv,1,2009-11-29,6,0,1,1.0,11,0.7272727272727273
knn,10,2009-2010,21-1,teste_12.csv,1,2009-11-29,6,0,1,1.0,12,0.6666666666666666
knn,10,2009-2010,22-1,teste_13.csv,1,2009-11-29,6,0,0,0.3333333333333333,13,0.6923076923076923
knn,10,2009-2010,23-1,teste_14.csv,1,2009-11-29,6,0,1,0.6,14,0.6428571428571429
knn,10,2009-2010,24-1,teste_15.csv,1,2009-11-29,6,1,1,0.7142857142857143,15,0.6666666666666666
knn,10,2009-2010,25-1,teste_16.csv,1,2009-12-06,7,1,1,0.8,16,0.6875
knn,10,2009-2010,26-1,teste_17.csv,1,2009-12-06,7,1,1,0.8,17,0.7058823529411765
knn,10,2009-2010,27-1,teste_18.csv,1,2009-12-06,7,1,1,0.8,18,0.7222222222222222
knn,10,2009-2010,28-1,teste_19.csv,1,2009-12-06,7,0,1,0.8,19,0.6842105263157895
knn,10,2009-2010,29-1,teste_20.csv,1,2009-12-06,7,0,1,0.8,20,0.65
knn,10,2009-2010,30-1,teste_21.csv,1,2009-12-06,7,1,0,0.4,21,0.6190476190476191
knn,10,2009-2010,31-1,teste_22.csv,1,2009-12-08,8,0,1,0.8,22,0.5909090909090909
knn,10,2009-2010,32-1,teste_23.csv,1,2009-12-08,8,1,1,0.5555555555555556,23,0.6086956521739131
knn,10,2009-2010,33-1,teste_24.csv,1,2009-12-12,7,0,0,0.4444444444444444,24,0.625
knn,10,2009-2010,34-1,teste_25.csv,1,2009-12-14,12,0,0,0.3333333333333333,25,0.64
knn,10,2009-2010,35-1,teste_26.csv,1,2010-01-08,8,1,1,0.6666666666666666,26,0.6538461538461539
knn,10,2009-2010,36-1,teste_27.csv,1,2010-01-15,9,1,0,0.3333333333333333,27,0.6296296296296297
knn,10,2009-2010,37-1,teste_28.csv,1,2010-01-15,9,1,0,0.4490816115644601,28,0.6071428571428571
knn,10,2009-2010,38-1,teste_29.csv,1,2010-01-15,9,1,1,0.6398751848019525,29,0.6206896551724138
knn,10,2009-2010,39-1,teste_30.csv,1,2010-01-15,9,1,0,0.4285714285714285,30,0.6
knn,10,2009-2010,40-1,teste_31.csv,1,2010-01-15,9,1,1,0.7142857142857143,31,0.6129032258064516
knn,10,2009-2010,41-1,teste_32.csv,1,2010-01-15,9,1,1,0.5714285714285714,32,0.625
knn,10,2009-2010,42-1,teste_33.csv,1,2010-01-17,10,1,1,1.0,33,0.6363636363636364
knn,10,2009-2010,43-1,teste_34.csv,1,2010-01-17,10,0,1,1.0,34,0.6176470588235294
knn,10,2009-2010,44-1,teste_35.csv,1,2010-01-17,10,1,1,0.6666666666666666,35,0.6285714285714286
knn,10,2009-2010,45-1,teste_36.csv,1,2010-01-17,10,0,1,0.6666666666666666,36,0.6111111111111112
knn,10,2009-2010,46-1,teste_37.csv,1,2010-01-18,10,1,1,0.5454545454545454,37,0.6216216216216216
knn,10,2009-2010,47-1,teste_38.csv,1,2010-01-19,3,1,1,1.0,38,0.631578947368421
knn,10,2009-2010,48-1,teste_39.csv,1,2010-01-20,9,1,1,0.5555555555555556,39,0.6410256410256411
knn,10,2009-2010,49-1,teste_40.csv,1,2010-01-22,11,1,1,0.6666666666666666,40,0.65
knn,10,2009-2010,50-1,teste_41.csv,1,2010-01-22,11,1,1,0.6666666666666666,41,0.6585365853658537
knn,10,2009-2010,51-1,teste_42.csv,1,2010-01-22,11,0,1,0.5454545454545454,42,0.6428571428571429
knn,10,2009-2010,52-1,teste_43.csv,1,2010-01-22,11,1,1,1.0,43,0.6511627906976745
knn,10,2009-2010,53-1,teste_44.csv,1,2010-01-24,12,1,1,0.5714285714285714,44,0.6590909090909091
knn,10,2009-2010,54-1,teste_45.csv,1,2010-01-24,12,1,0,0.4285714285714285,45,0.6444444444444445
knn,10,2009-2010,55-1,teste_46.csv,1,2010-01-24,12,0,1,0.5454545454545454,46,0.6304347826086957
knn,10,2009-2010,56-1,teste_47.csv,1,2010-01-26,8,1,1,0.6,47,0.6382978723404256
knn,10,2009-2010,57-1,teste_48.csv,1,2010-01-29,13,1,1,0.8571428571428571,48,0.6458333333333334
knn,10,2009-2010,58-1,teste_49.csv,1,2010-01-29,13,1,1,0.7142857142857143,49,0.6530612244897959
knn,10,2009-2010,59-1,teste_50.csv,1,2010-01-29,13,0,1,0.8,50,0.64
knn,10,2009-2010,60-1,teste_51.csv,1,2010-01-29,13,1,1,1.0,51,0.6470588235294118
knn,10,2009-2010,61-1,teste_52.csv,1,2010-01-29,13,1,1,1.0,52,0.6538461538461539
knn,10,2009-2010,62-1,teste_53.csv,1,2010-01-29,13,1,1,0.6,53,0.660377358490566
knn,10,2009-2010,63-1,teste_54.csv,1,2010-01-29,13,0,1,0.7142857142857143,54,0.6481481481481481
knn,10,2009-2010,64-1,teste_55.csv,1,2010-02-02,8,1,1,1.0,55,0.6545454545454545
knn,10,2009-2010,65-1,teste_56.csv,1,2010-02-05,1,0,1,0.7142857142857143,56,0.6428571428571429
knn,10,2009-2010,66-1,teste_57.csv,1,2010-02-05,1,1,1,0.8,57,0.6491228070175439
knn,10,2009-2010,67-1,teste_58.csv,1,2010-02-05,1,0,1,0.8,58,0.6379310344827587
knn,10,2009-2010,68-1,teste_59.csv,1,2010-02-05,1,1,1,0.8181818181818182,59,0.6440677966101694
knn,10,2009-2010,69-1,teste_60.csv,1,2010-02-05,1,0,0,0.0,60,0.65
knn,10,2009-2010,70-1,teste_61.csv,1,2010-02-05,1,1,0,0.3333333333333333,61,0.639344262295082
knn,10,2009-2010,71-1,teste_62.csv,1,2010-02-05,1,0,0,0.3333333333333333,62,0.6451612903225806
knn,10,2009-2010,72-1,teste_63.csv,1,2010-02-07,2,1,0,0.0,63,0.6349206349206349
knn,10,2009-2010,73-1,teste_64.csv,1,2010-02-07,2,0,0,0.2,64,0.640625
knn,10,2009-2010,74-1,teste_65.csv,1,2010-02-07,2,1,1,1.0,65,0.6461538461538462
knn,10,2009-2010,75-1,teste_66.csv,1,2010-02-07,2,1,1,0.6,66,0.6515151515151515
knn,10,2009-2010,76-1,teste_67.csv,1,2010-02-07,2,1,1,0.6,67,0.6567164179104478
knn,10,2009-2010,77-1,teste_68.csv,1,2010-02-07,2,1,1,0.6,68,0.6617647058823529
knn,10,2009-2010,78-1,teste_69.csv,1,2010-02-09,10,1,1,1.0,69,0.6666666666666666
knn,10,2009-2010,80-1,teste_71.csv,1,2010-02-10,8,0,1,0.6,70,0.6571428571428571
knn,10,2009-2010,79-1,teste_70.csv,1,2010-02-10,12,0,1,0.8,71,0.647887323943662
knn,10,2009-2010,81-1,teste_72.csv,1,2010-02-12,11,1,0,0.2857142857142857,72,0.6388888888888888
knn,10,2009-2010,82-1,teste_73.csv,1,2010-02-12,11,0,0,0.4285714285714285,73,0.6438356164383562
knn,10,2009-2010,83-1,teste_74.csv,1,2010-02-17,12,1,1,0.5714285714285714,74,0.6486486486486487
knn,10,2009-2010,84-1,teste_75.csv,1,2010-02-26,3,1,0,0.4,75,0.64
knn,10,2009-2010,85-1,teste_76.csv,1,2010-02-26,3,1,0,0.3333333333333333,76,0.631578947368421
knn,10,2009-2010,86-1,teste_77.csv,1,2010-02-26,3,1,1,0.7777777777777778,77,0.6363636363636364
knn,10,2009-2010,87-1,teste_78.csv,1,2010-02-26,3,1,1,0.6,78,0.6410256410256411
knn,10,2009-2010,88-1,teste_79.csv,1,2010-02-26,3,1,0,0.4444444444444444,79,0.6329113924050633
knn,10,2009-2010,89-1,teste_80.csv,1,2010-02-26,3,1,1,0.6,80,0.6375
knn,10,2009-2010,90-1,teste_81.csv,1,2010-02-26,3,1,1,1.0,81,0.6419753086419753
knn,10,2009-2010,91-1,teste_82.csv,1,2010-02-28,4,1,1,0.5555555555555556,82,0.6463414634146342
knn,10,2009-2010,92-1,teste_83.csv,1,2010-02-28,4,1,1,1.0,83,0.6506024096385542
knn,10,2009-2010,93-1,teste_84.csv,1,2010-02-28,4,1,1,0.8571428571428571,84,0.6547619047619048
knn,10,2009-2010,94-1,teste_85.csv,1,2010-02-28,4,0,1,0.8571428571428571,85,0.6470588235294118
knn,10,2009-2010,95-1,teste_86.csv,1,2010-02-28,4,1,1,1.0,86,0.6511627906976745
knn,10,2009-2010,96-1,teste_87.csv,1,2010-02-28,4,1,1,0.8,87,0.6551724137931034
knn,10,2009-2010,100-1,teste_91.csv,1,2010-03-05,5,0,1,0.5555555555555556,88,0.6477272727272727
knn,10,2009-2010,101-1,teste_92.csv,1,2010-03-05,5,0,1,0.7777777777777778,89,0.6404494382022472
knn,10,2009-2010,102-1,teste_93.csv,1,2010-03-05,5,1,0,0.4444444444444444,90,0.6333333333333333
knn,10,2009-2010,97-1,teste_88.csv,1,2010-03-05,5,1,1,0.7142857142857143,91,0.6373626373626373
knn,10,2009-2010,98-1,teste_89.csv,1,2010-03-05,5,1,1,0.7142857142857143,92,0.6413043478260869
knn,10,2009-2010,99-1,teste_90.csv,1,2010-03-05,5,0,1,0.8,93,0.6344086021505376
knn,10,2009-2010,109-1,teste_100.csv,1,2010-03-07,5,1,1,0.8,94,0.6382978723404256
knn,10,2009-2010,103-1,teste_94.csv,1,2010-03-07,6,0,0,0.4444444444444444,95,0.6421052631578947
knn,10,2009-2010,104-1,teste_95.csv,1,2010-03-07,6,0,0,0.3333333333333333,96,0.6458333333333334
knn,10,2009-2010,105-1,teste_96.csv,1,2010-03-07,6,0,1,0.6666666666666666,97,0.6391752577319587
knn,10,2009-2010,106-1,teste_97.csv,1,2010-03-07,6,1,0,0.4444444444444444,98,0.6326530612244898
knn,10,2009-2010,107-1,teste_98.csv,1,2010-03-07,6,1,1,1.0,99,0.6363636363636364
knn,10,2009-2010,108-1,teste_99.csv,1,2010-03-07,6,1,1,1.0,100,0.64
knn,10,2009-2010,110-1,teste_101.csv,1,2010-03-12,7,0,1,1.0,101,0.6336633663366337
knn,10,2009-2010,111-1,teste_102.csv,1,2010-03-12,7,1,1,0.8888888888888888,102,0.6372549019607843
knn,10,2009-2010,112-1,teste_103.csv,1,2010-03-12,7,1,1,0.7777777777777778,103,0.6407766990291263
knn,10,2009-2010,113-1,teste_104.csv,1,2010-03-12,7,1,1,0.6666666666666666,104,0.6442307692307693
knn,10,2009-2010,114-1,teste_105.csv,1,2010-03-12,7,1,1,0.6666666666666666,105,0.6476190476190476
knn,10,2009-2010,115-1,teste_106.csv,1,2010-03-12,7,0,1,1.0,106,0.6415094339622641
knn,10,2009-2010,116-1,teste_107.csv,1,2010-03-12,7,0,1,1.0,107,0.6355140186915887
knn,10,2009-2010,117-1,teste_108.csv,1,2010-03-14,8,1,1,0.6666666666666666,108,0.6388888888888888
knn,10,2009-2010,118-1,teste_109.csv,1,2010-03-14,8,1,1,0.6666666666666666,109,0.6422018348623854
knn,10,2009-2010,119-1,teste_110.csv,1,2010-03-14,8,1,1,0.6666666666666666,110,0.6454545454545455
knn,10,2009-2010,120-1,teste_111.csv,1,2010-03-14,8,0,1,0.6666666666666666,111,0.6396396396396397
knn,10,2009-2010,121-1,teste_112.csv,1,2010-03-14,8,1,1,1.0,112,0.6428571428571429
knn,10,2009-2010,122-1,teste_113.csv,1,2010-03-14,8,0,0,0.3333333333333333,113,0.6460176991150443
knn,10,2009-2010,123-1,teste_114.csv,1,2010-03-19,9,1,1,0.8,114,0.6491228070175439
knn,10,2009-2010,124-1,teste_115.csv,1,2010-03-19,9,0,0,0.4,115,0.6521739130434783
knn,10,2009-2010,125-1,teste_116.csv,1,2010-03-19,9,1,1,0.6666666666666666,116,0.6551724137931034
knn,10,2009-2010,126-1,teste_117.csv,1,2010-03-19,9,1,0,0.0,117,0.6495726495726496
knn,10,2009-2010,127-1,teste_118.csv,1,2010-03-19,9,1,0,0.4,118,0.6440677966101694
knn,10,2009-2010,128-1,teste_119.csv,1,2010-03-19,9,0,1,0.6666666666666666,119,0.6386554621848739
knn,10,2009-2010,129-1,teste_120.csv,1,2010-03-21,10,0,1,0.6666666666666666,120,0.6333333333333333
knn,10,2009-2010,130-1,teste_121.csv,1,2010-03-21,10,1,1,0.5555555555555556,121,0.6363636363636364
knn,10,2009-2010,131-1,teste_122.csv,1,2010-03-21,10,1,0,0.2222222222222222,122,0.6311475409836066
knn,10,2009-2010,132-1,teste_123.csv,1,2010-03-21,10,1,0,0.4444444444444444,123,0.6260162601626016
knn,10,2009-2010,133-1,teste_124.csv,1,2010-03-21,10,0,1,0.5555555555555556,124,0.6209677419354839
knn,10,2009-2010,134-1,teste_125.csv,1,2010-03-21,10,1,1,0.8181818181818182,125,0.624
knn,10,2009-2010,135-1,teste_126.csv,1,2010-03-23,9,0,1,0.6363636363636364,126,0.6190476190476191
knn,10,2009-2010,136-1,teste_127.csv,1,2010-03-26,11,1,1,0.8181818181818182,127,0.6220472440944882
knn,10,2009-2010,137-1,teste_128.csv,1,2010-03-26,11,1,1,0.5454545454545454,128,0.625
knn,10,2009-2010,138-1,teste_129.csv,1,2010-03-26,11,1,1,0.9090909090909092,129,0.627906976744186
knn,10,2009-2010,139-1,teste_130.csv,1,2010-03-26,11,1,1,0.8888888888888888,130,0.6307692307692307
knn,10,2009-2010,140-1,teste_131.csv,1,2010-03-26,11,1,0,0.4444444444444444,131,0.6259541984732825
knn,10,2009-2010,141-1,teste_132.csv,1,2010-03-26,11,1,1,0.5555555555555556,132,0.6287878787878788
knn,10,2009-2010,142-1,teste_133.csv,1,2010-03-26,11,0,1,0.7777777777777778,133,0.6240601503759399
knn,10,2009-2010,143-1,teste_134.csv,1,2010-03-28,12,0,1,0.6666666666666666,134,0.6194029850746269
knn,10,2009-2010,144-1,teste_135.csv,1,2010-03-28,12,1,1,0.6666666666666666,135,0.6222222222222222
knn,10,2009-2010,145-1,teste_136.csv,1,2010-03-28,12,0,1,0.7777777777777778,136,0.6176470588235294
knn,10,2009-2010,146-1,teste_137.csv,1,2010-03-28,12,0,1,0.7777777777777778,137,0.6131386861313869
knn,10,2009-2010,147-1,teste_138.csv,1,2010-03-28,12,0,1,0.7272727272727273,138,0.6086956521739131
knn,10,2009-2010,148-1,teste_139.csv,1,2010-03-28,12,1,1,0.8888888888888888,139,0.6115107913669064
knn,10,2009-2010,149-1,teste_140.csv,1,2010-04-02,13,1,1,0.5454545454545454,140,0.6142857142857143
knn,10,2009-2010,150-1,teste_141.csv,1,2010-04-02,13,1,1,0.6363636363636364,141,0.6170212765957447
knn,10,2009-2010,151-1,teste_142.csv,1,2010-04-02,13,0,1,0.6666666666666666,142,0.6126760563380281
knn,10,2009-2010,152-1,teste_143.csv,1,2010-04-02,13,0,1,0.6666666666666666,143,0.6083916083916084
knn,10,2009-2010,153-1,teste_144.csv,1,2010-04-02,13,1,1,0.6666666666666666,144,0.6111111111111112
knn,10,2009-2010,154-1,teste_145.csv,1,2010-04-02,13,1,0,0.3333333333333333,145,0.6068965517241379
knn,10,2009-2010,155-1,teste_146.csv,1,2010-04-02,13,1,1,0.5454545454545454,146,0.6095890410958904
knn,10,2009-2010,156-1,teste_147.csv,1,2010-04-04,14,1,1,0.5454545454545454,147,0.6122448979591837
knn,10,2009-2010,157-1,teste_148.csv,1,2010-04-04,14,1,1,0.7142857142857143,148,0.6148648648648649
knn,10,2009-2010,158-1,teste_149.csv,1,2010-04-04,14,0,1,0.7142857142857143,149,0.610738255033557
knn,10,2009-2010,159-1,teste_150.csv,1,2010-04-04,14,1,1,0.502312076608022,150,0.6133333333333333
knn,10,2009-2010,160-1,teste_151.csv,1,2010-04-04,14,1,1,0.6016009937788959,151,0.6158940397350994
knn,10,2011-2012,10-1,teste_1.csv,1,2011-11-24,3,0,1,0.6,1,0.0
knn,10,2011-2012,11-1,teste_2.csv,1,2011-11-24,3,1,0,0.4,2,0.0
knn,10,2011-2012,12-1,teste_3.csv,1,2011-11-24,3,0,0,0.4,3,0.3333333333333333
knn,10,2011-2012,13-1,teste_4.csv,1,2011-11-24,3,1,0,0.3333333333333333,4,0.25
knn,10,2011-2012,14-1,teste_5.csv,1,2011-11-24,3,0,0,0.4,5,0.4
knn,10,2011-2012,15-1,teste_6.csv,1,2011-11-24,3,1,0,0.4,6,0.3333333333333333
knn,10,2011-2012,16-1,teste_7.csv,1,2011-11-26,4,1,0,0.3333333333333333,7,0.2857142857142857
knn,10,2011-2012,17-1,teste_8.csv,1,2011-11-26,4,1,1,0.5714285714285714,8,0.375
knn,10,2011-2012,18-1,teste_9.csv,1,2011-11-26,4,1,1,0.7142857142857143,9,0.4444444444444444
knn,10,2011-2012,19-1,teste_10.csv,1,2011-11-26,4,0,1,0.7142857142857143,10,0.4
knn,10,2011-2012,20-1,teste_11.csv,1,2011-11-26,4,1,0,0.4285714285714285,11,0.3636363636363636
knn,10,2011-2012,21-1,teste_12.csv,1,2011-11-26,4,1,1,0.7142857142857143,12,0.4166666666666667
knn,10,2011-2012,22-1,teste_13.csv,1,2011-11-26,4,0,1,0.8571428571428571,13,0.3846153846153846
knn,10,2011-2012,23-1,teste_14.csv,1,2011-11-28,3,1,1,0.7620266857082738,14,0.4285714285714285
knn,10,2011-2012,24-1,teste_15.csv,1,2011-12-01,5,1,1,0.5572666286344119,15,0.4666666666666667
knn,10,2011-2012,25-1,teste_16.csv,1,2011-12-01,5,0,1,0.8,16,0.4375
knn,10,2011-2012,26-1,teste_17.csv,1,2011-12-01,5,1,1,0.6,17,0.4705882352941176
knn,10,2011-2012,27-1,teste_18.csv,1,2011-12-01,5,1,1,1.0,18,0.5
knn,10,2011-2012,28-1,teste_19.csv,1,2011-12-01,5,0,1,0.6,19,0.4736842105263157
knn,10,2011-2012,29-1,teste_20.csv,1,2011-12-01,5,1,1,0.6666666666666666,20,0.5
knn,10,2011-2012,30-1,teste_21.csv,1,2011-12-01,5,1,1,1.0,21,0.5238095238095238
knn,10,2011-2012,31-1,teste_22.csv,1,2011-12-03,6,0,1,0.6,22,0.5
knn,10,2011-2012,32-1,teste_23.csv,1,2011-12-03,6,1,1,0.8,23,0.5217391304347826
knn,10,2011-2012,33-1,teste_24.csv,1,2011-12-03,6,0,0,0.3333333333333333,24,0.5416666666666666
knn,10,2011-2012,34-1,teste_25.csv,1,2011-12-03,6,0,1,0.6,25,0.52
knn,10,2011-2012,35-1,teste_26.csv,1,2011-12-03,6,1,1,1.0,26,0.5384615384615384
knn,10,2011-2012,36-1,teste_27.csv,1,2011-12-03,6,1,1,0.6666666666666666,27,0.5555555555555556
knn,10,2011-2012,37-1,teste_28.csv,1,2011-12-08,7,1,0,0.2,28,0.5357142857142857
knn,10,2011-2012,38-1,teste_29.csv,1,2011-12-08,7,1,1,0.8,29,0.5517241379310345
knn,10,2011-2012,39-1,teste_30.csv,1,2011-12-08,7,0,0,0.4,30,0.5666666666666667
knn,10,2011-2012,40-1,teste_31.csv,1,2011-12-08,7,1,1,0.8,31,0.5806451612903226
knn,10,2011-2012,41-1,teste_32.csv,1,2011-12-08,7,1,1,0.7142857142857143,32,0.59375
knn,10,2011-2012,42-1,teste_33.csv,1,2011-12-08,7,0,0,0.4285714285714285,33,0.6060606060606061
knn,10,2011-2012,43-1,teste_34.csv,1,2011-12-08,7,1,0,0.4285714285714285,34,0.5882352941176471
knn,10,2011-2012,44-1,teste_35.csv,1,2011-12-10,8,0,0,0.4285714285714285,35,0.6
knn,10,2011-2012,45-1,teste_36.csv,1,2011-12-10,8,0,1,0.6666666666666666,36,0.5833333333333334
knn,10,2011-2012,46-1,teste_37.csv,1,2011-12-10,8,0,1,0.5555555555555556,37,0.5675675675675675
knn,10,2011-2012,47-1,teste_38.csv,1,2011-12-10,8,1,0,0.4285714285714285,38,0.5526315789473685
knn,10,2011-2012,48-1,teste_39.csv,1,2011-12-10,8,0,1,0.7142857142857143,39,0.5384615384615384
knn,10,2011-2012,49-1,teste_40.csv,1,2011-12-10,8,1,0,0.4285714285714285,40,0.525
knn,10,2011-2012,50-1,teste_41.csv,1,2011-12-10,8,1,1,0.8571428571428571,41,0.5365853658536586
knn,10,2011-2012,51-1,teste_42.csv,1,2011-12-12,6,0,0,0.4285714285714285,42,0.5476190476190477
knn,10,2011-2012,52-1,teste_43.csv,1,2011-12-13,1,1,1,0.7142857142857143,43,0.5581395348837209
knn,10,2011-2012,53-1,teste_44.csv,1,2011-12-13,1,1,0,0.4444444444444444,44,0.5454545454545454
knn,10,2011-2012,54-1,teste_45.csv,1,2011-12-15,9,1,1,0.7777777777777778,45,0.5555555555555556
knn,10,2011-2012,55-1,teste_46.csv,1,2011-12-15,9,1,1,0.8571428571428571,46,0.5652173913043478
knn,10,2011-2012,56-1,teste_47.csv,1,2011-12-15,9,1,1,0.8,47,0.574468085106383
knn,10,2011-2012,57-1,teste_48.csv,1,2011-12-15,9,1,1,0.8,48,0.5833333333333334
knn,10,2011-2012,58-1,teste_49.csv,1,2011-12-15,9,1,1,0.8,49,0.5918367346938775
knn,10,2011-2012,59-1,teste_50.csv,1,2011-12-15,9,0,0,0.4,50,0.6
knn,10,2011-2012,60-1,teste_51.csv,1,2011-12-15,9,0,1,0.8,51,0.5882352941176471
knn,10,2011-2012,61-1,teste_52.csv,1,2011-12-17,10,0,1,0.6,52,0.5769230769230769
knn,10,2011-2012,62-1,teste_53.csv,1,2011-12-17,10,1,1,0.8,53,0.5849056603773585
knn,10,2011-2012,63-1,teste_54.csv,1,2011-12-17,10,1,1,0.7142857142857143,54,0.5925925925925926
knn,10,2011-2012,64-1,teste_55.csv,1,2011-12-17,10,1,1,0.8888888888888888,55,0.6
knn,10,2011-2012,65-1,teste_56.csv,1,2011-12-17,10,1,1,1.0,56,0.6071428571428571
knn,10,2011-2012,66-1,teste_57.csv,1,2011-12-17,10,0,0,0.2,57,0.6140350877192983
knn,10,2011-2012,67-1,teste_58.csv,1,2011-12-17,10,1,1,0.7777777777777778,58,0.6206896551724138
knn,10,2011-2012,68-1,teste_59.csv,1,2012-02-16,4,1,0,0.2222222222222222,59,0.6101694915254238
knn,10,2011-2012,69-1,teste_60.csv,1,2012-02-16,11,1,1,0.6,60,0.6166666666666667
knn,10,2011-2012,70-1,teste_61.csv,1,2012-02-23,7,0,1,0.8571428571428571,61,0.6065573770491803
knn,10,2011-2012,71-1,teste_62.csv,1,2012-02-23,7,1,1,0.8,62,0.6129032258064516
knn,10,2011-2012,72-1,teste_63.csv,1,2012-02-23,7,1,1,0.8,63,0.6190476190476191
knn,10,2011-2012,73-1,teste_64.csv,1,2012-02-23,7,1,1,1.0,64,0.625
knn,10,2011-2012,74-1,teste_65.csv,1,2012-02-23,7,0,0,0.2,65,0.6307692307692307
knn,10,2011-2012,75-1,teste_66.csv,1,2012-02-23,7,1,1,0.8994782597880313,66,0.6363636363636364
knn,10,2011-2012,76-1,teste_67.csv,1,2012-02-25,8,1,1,0.9076824475810268,67,0.6417910447761194
knn,10,2011-2012,77-1,teste_68.csv,1,2012-02-25,8,1,1,0.6666666666666666,68,0.6470588235294118
knn,10,2011-2012,78-1,teste_69.csv,1,2012-02-25,8,1,1,1.0,69,0.6521739130434783
knn,10,2011-2012,79-1,teste_70.csv,1,2012-02-25,8,0,0,0.4,70,0.6571428571428571
knn,10,2011-2012,80-1,teste_71.csv,1,2012-02-25,8,0,0,0.4,71,0.6619718309859155
knn,10,2011-2012,81-1,teste_72.csv,1,2012-02-25,8,0,1,0.6,72,0.6527777777777778
knn,10,2011-2012,82-1,teste_73.csv,1,2012-02-29,9,0,0,0.4,73,0.6575342465753424
knn,10,2011-2012,83-1,teste_74.csv,1,2012-03-01,9,1,0,0.2,74,0.6486486486486487
knn,10,2011-2012,84-1,teste_75.csv,1,2012-03-01,9,1,0,0.4,75,0.64
knn,10,2011-2012,85-1,teste_76.csv,1,2012-03-01,9,0,0,0.0,76,0.6447368421052632
knn,10,2011-2012,86-1,teste_77.csv,1,2012-03-01,9,1,1,1.0,77,0.6493506493506493
knn,10,2011-2012,87-1,teste_78.csv,1,2012-03-01,9,1,1,0.6666666666666666,78,0.6538461538461539
knn,10,2011-2012,88-1,teste_79.csv,1,2012-03-03,10,0,0,0.3333333333333333,79,0.6582278481012658
knn,10,2011-2012,89-1,teste_80.csv,1,2012-03-03,10,0,1,0.6,80,0.65
knn,10,2011-2012,90-1,teste_81.csv,1,2012-03-03,10,1,1,0.6,81,0.654320987654321
knn,10,2011-2012,91-1,teste_82.csv,1,2012-03-03,10,1,1,0.6,82,0.6585365853658537
knn,10,2011-2012,92-1,teste_83.csv,1,2012-03-03,10,1,1,0.6,83,0.6626506024096386
knn,10,2011-2012,93-1,teste_84.csv,1,2012-03-03,10,1,1,0.6666666666666666,84,0.6666666666666666
knn,10,2011-2012,94-1,teste_85.csv,1,2012-03-03,10,1,1,0.6666666666666666,85,0.6705882352941176
knn,10,2011-2012,95-1,teste_86.csv,1,2012-03-06,3,1,0,0.3333333333333333,86,0.6627906976744186
knn,10,2011-2012,96-1,teste_87.csv,1,2012-03-07,7,1,0,0.0,87,0.6551724137931034
knn,10,2011-2012,97-1,teste_88.csv,1,2012-03-12,8,1,1,0.5714285714285714,88,0.6590909090909091
knn,10,2011-2012,98-1,teste_89.csv,1,2012-03-13,11,1,1,1.0,89,0.6629213483146067
knn,10,2011-2012,99-1,teste_90.csv,1,2012-03-13,12,1,1,0.7272727272727273,90,0.6666666666666666
knn,10,2011-2012,100-1,teste_91.csv,1,2012-03-15,11,1,1,0.9090909090909092,91,0.6703296703296703
knn,10,2011-2012,101-1,teste_92.csv,1,2012-03-15,11,1,1,0.6363636363636364,92,0.6739130434782609
knn,10,2011-2012,103-1,teste_94.csv,1,2012-03-15,11,1,1,0.8181818181818182,93,0.6774193548387096
knn,10,2011-2012,104-1,teste_95.csv,1,2012-03-15,11,0,1,0.7272727272727273,94,0.6702127659574468
knn,10,2011-2012,105-1,teste_96.csv,1,2012-03-15,11,0,0,0.4545454545454545,95,0.6736842105263158
knn,10,2011-2012,102-1,teste_93.csv,1,2012-03-15,12,1,1,0.7272727272727273,96,0.6770833333333334
knn,10,2011-2012,106-1,teste_97.csv,1,2012-03-17,12,0,0,0.4444444444444444,97,0.6804123711340206
knn,10,2011-2012,107-1,teste_98.csv,1,2012-03-17,12,1,1,0.6666666666666666,98,0.6836734693877551
knn,10,2011-2012,108-1,teste_99.csv,1,2012-03-17,12,1,1,0.8888888888888888,99,0.6868686868686869
knn,10,2011-2012,109-1,teste_100.csv,1,2012-03-17,12,0,0,0.0,100,0.69
knn,10,2011-2012,110-1,teste_101.csv,1,2012-03-17,12,0,1,1.0,101,0.6831683168316832
knn,10,2011-2012,111-1,teste_102.csv,1,2012-03-21,9,1,1,0.6666666666666666,102,0.6862745098039216
knn,10,2011-2012,112-1,teste_103.csv,1,2012-03-24,4,1,1,0.6,103,0.6893203883495146
knn,10,2011-2012,113-1,teste_104.csv,1,2012-03-28,13,0,0,0.2,104,0.6923076923076923
knn,10,2011-2012,114-1,teste_105.csv,1,2012-03-29,13,1,1,0.8,105,0.6952380952380952
knn,10,2011-2012,115-1,teste_106.csv,1,2012-03-29,13,1,1,0.8,106,0.6981132075471698
knn,10,2011-2012,116-1,teste_107.csv,1,2012-03-29,13,1,1,0.8,107,0.7009345794392523
knn,10,2011-2012,117-1,teste_108.csv,1,2012-03-29,13,0,0,0.4,108,0.7037037037037037
knn,10,2011-2012,118-1,teste_109.csv,1,2012-03-31,14,0,1,1.0,109,0.6972477064220184
knn,10,2011-2012,119-1,teste_110.csv,1,2012-03-31,14,1,1,0.6666666666666666,110,0.7
knn,10,2011-2012,120-1,teste_111.csv,1,2012-03-31,14,1,1,1.0,111,0.7027027027027027
knn,10,2011-2012,121-1,teste_112.csv,1,2012-03-31,14,0,1,1.0,112,0.6964285714285714
knn,10,2011-2012,122-1,teste_113.csv,1,2012-03-31,14,0,0,0.0,113,0.6991150442477876
knn,10,2011-2012,123-1,teste_114.csv,1,2012-03-31,14,1,1,1.0,114,0.7017543859649122
knn,10,2011-2012,124-1,teste_115.csv,1,2012-04-05,15,0,1,1.0,115,0.6956521739130435
knn,10,2011-2012,125-1,teste_116.csv,1,2012-04-05,15,0,1,0.6666666666666666,116,0.6896551724137931
knn,10,2011-2012,126-1,teste_117.csv,1,2012-04-05,15,1,1,1.0,117,0.6923076923076923
knn,10,2011-2012,127-1,teste_118.csv,1,2012-04-05,15,1,0,0.3333333333333333,118,0.6864406779661016
knn,10,2011-2012,128-1,teste_119.csv,1,2012-04-05,15,0,0,0.0,119,0.6890756302521008
knn,10,2011-2012,129-1,teste_120.csv,1,2012-04-06,15,1,1,1.0,120,0.6916666666666667
knn,10,2011-2012,130-1,teste_121.csv,1,2012-04-06,15,1,1,0.6666666666666666,121,0.6942148760330579
knn,10,2011-2012,131-1,teste_122.csv,1,2012-04-08,13,1,1,1.0,122,0.6967213114754098
knn,10,2011-2012,133-1,teste_124.csv,1,2012-04-10,13,1,1,1.0,123,0.6991869918699187
knn,10,2011-2012,132-1,teste_123.csv,1,2012-04-10,14,1,1,0.6666666666666666,124,0.7016129032258065
knn,10,2011-2012,134-1,teste_125.csv,1,2012-04-13,1,1,0,0.3333333333333333,125,0.696
knn,10,2011-2012,135-1,teste_126.csv,1,2012-04-14,1,1,0,0.3333333333333333,126,0.6904761904761905
knn,10,2011-2012,136-1,teste_127.csv,1,2012-04-14,1,0,1,1.0,127,0.6850393700787402
knn,10,2011-2012,137-1,teste_128.csv,1,2012-04-14,1,1,1,0.6,128,0.6875
knn,10,2011-2012,138-1,teste_129.csv,1,2012-04-17,2,1,1,0.6,129,0.689922480620155
knn,10,2011-2012,139-1,teste_130.csv,1,2012-04-17,2,0,0,0.3333333333333333,130,0.6923076923076923
knn,10,2011-2012,140-1,teste_131.csv,1,2012-04-18,2,1,1,1.0,131,0.6946564885496184
knn,10,2011-2012,141-1,teste_132.csv,1,2012-04-18,2,1,1,0.8,132,0.696969696969697
knn,10,2011-2012,142-1,teste_133.csv,1,2012-04-19,3,0,0,0.2,133,0.6992481203007519
knn,10,2011-2012,143-1,teste_134.csv,1,2012-04-19,3,1,1,0.6,134,0.7014925373134329
knn,10,2011-2012,144-1,teste_135.csv,1,2012-04-20,3,1,1,1.0,135,0.7037037037037037
knn,10,2011-2012,145-1,teste_136.csv,1,2012-04-20,3,1,1,0.8,136,0.7058823529411765
knn,10,2011-2012,146-1,teste_137.csv,1,2012-04-22,4,1,1,0.6,137,0.708029197080292
knn,10,2011-2012,147-1,teste_138.csv,1,2012-04-23,4,0,1,0.6,138,0.7028985507246377
knn,10,2011-2012,148-1,teste_139.csv,1,2012-04-24,5,1,1,0.8,139,0.7050359712230215
knn,10,2011-2012,149-1,teste_140.csv,1,2012-04-27,1,1,1,0.6,140,0.7071428571428572
knn,10,2011-2012,150-1,teste_141.csv,1,2012-04-27,1,0,1,0.6,141,0.7021276595744681
knn,10,2011-2012,151-1,teste_142.csv,1,2012-04-28,1,0,1,1.0,142,0.6971830985915493
knn,10,2011-2012,152-1,teste_143.csv,1,2012-05-01,2,1,1,0.6666666666666666,143,0.6993006993006993
knn,10,2011-2012,153-1,teste_144.csv,1,2012-05-01,2,0,1,0.6666666666666666,144,0.6944444444444444
knn,10,2011-2012,154-1,teste_145.csv,1,2012-05-01,2,1,0,0.0,145,0.6896551724137931
knn,10,2011-2012,155-1,teste_146.csv,1,2012-05-03,3,1,1,0.6,146,0.6917808219178082
knn,10,2011-2012,156-1,teste_147.csv,1,2012-05-03,3,1,1,0.6,147,0.6938775510204082
knn,10,2011-2012,158-1,teste_149.csv,1,2012-05-04,1,0,1,0.8,148,0.6891891891891891
knn,10,2011-2012,157-1,teste_148.csv,1,2012-05-04,3,0,1,0.8,149,0.6845637583892618
knn,10,2011-2012,159-1,teste_150.csv,1,2012-05-07,2,1,0,0.4,150,0.68
knn,10,2011-2012,162-1,teste_153.csv,1,2012-05-08,3,1,0,0.4,151,0.6754966887417219
knn,10,2011-2012,160-1,teste_151.csv,1,2012-05-08,4,0,1,0.6,152,0.6710526315789473
knn,10,2011-2012,161-1,teste_152.csv,1,2012-05-08,4,1,1,0.8,153,0.673202614379085
knn,10,2011-2012,163-1,teste_154.csv,1,2012-05-11,5,1,1,0.6666666666666666,154,0.6753246753246753
knn,10,2011-2012,164-1,teste_155.csv,1,2012-05-11,5,1,0,0.4285714285714285,155,0.6709677419354839
knn,10,2011-2012,165-1,teste_156.csv,1,2012-05-15,1,1,0,0.4285714285714285,156,0.6666666666666666
knn,10,2011-2012,167-1,teste_158.csv,1,2012-05-18,1,1,1,0.7142857142857143,157,0.6687898089171974
knn,10,2011-2012,166-1,teste_157.csv,1,2012-05-18,2,1,1,0.7142857142857143,158,0.6708860759493671
knn,10,2011-2012,168-1,teste_159.csv,1,2012-05-20,2,1,0,0.4285714285714285,159,0.6666666666666666
knn,10,2011-2012,169-1,teste_160.csv,1,2012-05-20,3,1,1,1.0,160,0.66875
knn,10,2011-2012,170-1,teste_161.csv,1,2012-05-22,3,0,1,0.6666666666666666,161,0.6645962732919255
knn,10,2011-2012,171-1,teste_162.csv,1,2012-05-25,4,0,1,0.6666666666666666,162,0.6604938271604939
knn,10,2011-2012,172-1,teste_163.csv,1,2012-05-25,4,1,1,0.6666666666666666,163,0.6625766871165644
knn,10,2011-2012,173-1,teste_164.csv,1,2012-05-27,5,0,0,0.3333333333333333,164,0.6646341463414634
knn,10,2011-2012,174-1,teste_165.csv,1,2012-05-27,5,1,1,1.0,165,0.6666666666666666
knn,10,2012-2013,10-1,teste_1.csv,1,2012-11-26,2,0,1,0.6666666666666666,1,0.0
knn,10,2012-2013,11-1,teste_2.csv,1,2012-11-26,2,1,1,0.6,2,0.5
knn,10,2012-2013,12-1,teste_3.csv,1,2012-11-26,2,1,1,0.6,3,0.6666666666666666
knn,10,2012-2013,13-1,teste_4.csv,1,2012-11-27,2,1,1,0.8,4,0.75
knn,10,2012-2013,14-1,teste_5.csv,1,2012-11-29,3,1,1,0.8,5,0.8
knn,10,2012-2013,15-1,teste_6.csv,1,2012-11-29,3,0,1,0.8,6,0.6666666666666666
knn,10,2012-2013,16-1,teste_7.csv,1,2012-11-29,3,1,1,0.8,7,0.7142857142857143
knn,10,2012-2013,17-1,teste_8.csv,1,2012-11-29,3,1,1,0.8,8,0.75
knn,10,2012-2013,18-1,teste_9.csv,1,2012-11-29,3,0,1,1.0,9,0.6666666666666666
knn,10,2012-2013,19-1,teste_10.csv,1,2012-11-29,3,0,1,0.6666666666666666,10,0.6
knn,10,2012-2013,20-1,teste_11.csv,1,2012-12-01,4,1,1,0.6666666666666666,11,0.6363636363636364
knn,10,2012-2013,21-1,teste_12.csv,1,2012-12-01,4,1,1,0.6,12,0.6666666666666666
knn,10,2012-2013,22-1,teste_13.csv,1,2012-12-01,4,1,1,1.0,13,0.6923076923076923
knn,10,2012-2013,23-1,teste_14.csv,1,2012-12-01,4,0,0,0.3333333333333333,14,0.7142857142857143
knn,10,2012-2013,24-1,teste_15.csv,1,2012-12-01,4,0,1,1.0,15,0.6666666666666666
knn,10,2012-2013,25-1,teste_16.csv,1,2012-12-06,5,1,0,0.3333333333333333,16,0.625
knn,10,2012-2013,26-1,teste_17.csv,1,2012-12-06,5,1,0,0.3333333333333333,17,0.5882352941176471
knn,10,2012-2013,27-1,teste_18.csv,1,2012-12-06,5,0,0,0.3333333333333333,18,0.6111111111111112
knn,10,2012-2013,28-1,teste_19.csv,1,2012-12-06,5,1,1,0.6666666666666666,19,0.631578947368421
knn,10,2012-2013,29-1,teste_20.csv,1,2012-12-06,5,1,1,0.6666666666666666,20,0.65
knn,10,2012-2013,30-1,teste_21.csv,1,2012-12-06,5,1,1,0.6666666666666666,21,0.6666666666666666
knn,10,2012-2013,31-1,teste_22.csv,1,2012-12-06,5,1,1,1.0,22,0.6818181818181818
knn,10,2012-2013,32-1,teste_23.csv,1,2012-12-08,6,0,1,1.0,23,0.6521739130434783
knn,10,2012-2013,33-1,teste_24.csv,1,2012-12-08,6,1,1,0.6666666666666666,24,0.6666666666666666
knn,10,2012-2013,34-1,teste_25.csv,1,2012-12-08,6,1,1,1.0,25,0.68
knn,10,2012-2013,35-1,teste_26.csv,1,2012-12-08,6,1,1,0.6666666666666666,26,0.6923076923076923
knn,10,2012-2013,36-1,teste_27.csv,1,2012-12-08,6,1,1,0.8571428571428571,27,0.7037037037037037
knn,10,2012-2013,37-1,teste_28.csv,1,2012-12-08,6,0,1,1.0,28,0.6785714285714286
knn,10,2012-2013,38-1,teste_29.csv,1,2012-12-10,2,1,1,0.6666666666666666,29,0.6896551724137931
knn,10,2012-2013,39-1,teste_30.csv,1,2012-12-10,2,1,0,0.2,30,0.6666666666666666
knn,10,2012-2013,40-1,teste_31.csv,1,2012-12-10,6,0,1,1.0,31,0.6451612903225806
knn,10,2012-2013,41-1,teste_32.csv,1,2012-12-13,7,0,1,0.6666666666666666,32,0.625
knn,10,2012-2013,42-1,teste_33.csv,1,2012-12-13,7,1,1,1.0,33,0.6363636363636364
knn,10,2012-2013,43-1,teste_34.csv,1,2012-12-13,7,1,1,0.6666666666666666,34,0.6470588235294118
knn,10,2012-2013,44-1,teste_35.csv,1,2012-12-13,7,1,1,0.6666666666666666,35,0.6571428571428571
knn,10,2012-2013,45-1,teste_36.csv,1,2012-12-13,7,1,0,0.3333333333333333,36,0.6388888888888888
knn,10,2012-2013,46-1,teste_37.csv,1,2012-12-13,7,0,1,0.6666666666666666,37,0.6216216216216216
knn,10,2012-2013,47-1,teste_38.csv,1,2012-12-13,7,0,1,0.6666666666666666,38,0.6052631578947368
knn,10,2012-2013,48-1,teste_39.csv,1,2012-12-13,7,0,0,0.3333333333333333,39,0.6153846153846154
knn,10,2012-2013,49-1,teste_40.csv,1,2012-12-13,7,1,1,0.6666666666666666,40,0.625
knn,10,2012-2013,50-1,teste_41.csv,1,2012-12-15,8,0,1,1.0,41,0.6097560975609756
knn,10,2012-2013,51-1,teste_42.csv,1,2012-12-15,8,1,1,1.0,42,0.6190476190476191
knn,10,2012-2013,52-1,teste_43.csv,1,2012-12-15,8,0,0,0.3333333333333333,43,0.627906976744186
knn,10,2012-2013,53-1,teste_44.csv,1,2012-12-15,8,0,1,0.6666666666666666,44,0.6136363636363636
knn,10,2012-2013,54-1,teste_45.csv,1,2012-12-15,8,1,0,0.3333333333333333,45,0.6
knn,10,2012-2013,55-1,teste_46.csv,1,2012-12-15,8,1,0,0.4,46,0.5869565217391305
knn,10,2012-2013,56-1,teste_47.csv,1,2012-12-15,8,1,0,0.2,47,0.574468085106383
knn,10,2012-2013,57-1,teste_48.csv,1,2012-12-15,8,1,0,0.4444444444444444,48,0.5625
knn,10,2012-2013,59-1,teste_50.csv,1,2012-12-17,3,0,1,0.6,49,0.5510204081632653
knn,10,2012-2013,58-1,teste_49.csv,1,2012-12-17,4,0,0,0.4444444444444444,50,0.56
knn,10,2012-2013,60-1,teste_51.csv,1,2012-12-17,4,1,1,0.8,51,0.5686274509803921
knn,10,2012-2013,61-1,teste_52.csv,1,2012-12-19,9,1,1,0.6666666666666666,52,0.5769230769230769
knn,10,2012-2013,62-1,teste_53.csv,1,2012-12-20,9,1,1,0.6666666666666666,53,0.5849056603773585
knn,10,2012-2013,63-1,teste_54.csv,1,2012-12-20,9,0,0,0.2,54,0.5925925925925926
knn,10,2012-2013,64-1,teste_55.csv,1,2012-12-20,9,1,1,1.0,55,0.6
knn,10,2012-2013,65-1,teste_56.csv,1,2012-12-20,9,1,1,0.7142857142857143,56,0.6071428571428571
knn,10,2012-2013,66-1,teste_57.csv,1,2012-12-20,9,1,0,0.0,57,0.5964912280701754
knn,10,2012-2013,67-1,teste_58.csv,1,2012-12-20,9,1,1,0.5714285714285714,58,0.603448275862069
knn,10,2012-2013,68-1,teste_59.csv,1,2012-12-20,9,0,1,0.6666666666666666,59,0.5932203389830508
knn,10,2012-2013,69-1,teste_60.csv,1,2012-12-20,9,1,1,0.5714285714285714,60,0.6
knn,10,2012-2013,70-1,teste_61.csv,1,2012-12-22,10,1,1,0.7142857142857143,61,0.6065573770491803
knn,10,2012-2013,71-1,teste_62.csv,1,2012-12-22,10,0,1,0.8571428571428571,62,0.5967741935483871
knn,10,2012-2013,72-1,teste_63.csv,1,2012-12-22,10,1,0,0.4285714285714285,63,0.5873015873015873
knn,10,2012-2013,73-1,teste_64.csv,1,2012-12-22,10,0,1,0.5714285714285714,64,0.578125
knn,10,2012-2013,74-1,teste_65.csv,1,2012-12-22,10,0,1,0.6,65,0.5692307692307692
knn,10,2012-2013,75-1,teste_66.csv,1,2012-12-22,10,1,1,0.8,66,0.5757575757575758
knn,10,2012-2013,76-1,teste_67.csv,1,2012-12-22,10,1,1,0.8571428571428571,67,0.582089552238806
knn,10,2012-2013,77-1,teste_68.csv,1,2012-12-22,10,0,1,0.6,68,0.5735294117647058
knn,10,2012-2013,78-1,teste_69.csv,1,2013-01-05,11,0,0,0.4,69,0.5797101449275363
knn,10,2012-2013,79-1,teste_70.csv,1,2013-01-05,11,0,0,0.0,70,0.5857142857142857
knn,10,2012-2013,80-1,teste_71.csv,1,2013-01-05,11,1,0,0.2,71,0.5774647887323944
knn,10,2012-2013,81-1,teste_72.csv,1,2013-01-05,11,0,1,0.8,72,0.5694444444444444
knn,10,2012-2013,82-1,teste_73.csv,1,2013-01-05,11,0,0,0.4,73,0.5753424657534246
knn,10,2012-2013,83-1,teste_74.csv,1,2013-01-05,11,0,1,0.5714285714285714,74,0.5675675675675675
knn,10,2012-2013,84-1,teste_75.csv,1,2013-01-05,11,0,1,0.5714285714285714,75,0.56
knn,10,2012-2013,85-1,teste_76.csv,1,2013-01-05,11,1,0,0.4285714285714285,76,0.5526315789473685
knn,10,2012-2013,86-1,teste_77.csv,1,2013-01-05,11,1,1,0.8571428571428571,77,0.5584415584415584
knn,10,2012-2013,87-1,teste_78.csv,1,2013-01-07,12,1,0,0.4285714285714285,78,0.5512820512820513
knn,10,2012-2013,88-1,teste_79.csv,1,2013-01-07,12,0,0,0.2857142857142857,79,0.5569620253164557
knn,10,2012-2013,89-1,teste_80.csv,1,2013-01-07,12,0,0,0.4,80,0.5625
knn,10,2012-2013,90-1,teste_81.csv,1,2013-01-07,12,0,1,0.6,81,0.5555555555555556
knn,10,2012-2013,91-1,teste_82.csv,1,2013-01-07,12,0,0,0.2,82,0.5609756097560976
knn,10,2012-2013,92-1,teste_83.csv,1,2013-01-07,12,0,0,0.0,83,0.5662650602409639
knn,10,2012-2013,93-1,teste_84.csv,1,2013-01-07,12,0,1,0.7142857142857143,84,0.5595238095238095
knn,10,2012-2013,94-1,teste_85.csv,1,2013-01-07,12,0,1,0.5714285714285714,85,0.5529411764705883
knn,10,2012-2013,100-1,teste_91.csv,1,2013-01-10,13,1,1,0.6,86,0.5581395348837209
knn,10,2012-2013,101-1,teste_92.csv,1,2013-01-10,13,1,1,0.6,87,0.5632183908045977
knn,10,2012-2013,102-1,teste_93.csv,1,2013-01-10,13,1,1,0.6,88,0.5681818181818182
knn,10,2012-2013,103-1,teste_94.csv,1,2013-01-10,13,1,0,0.4,89,0.5617977528089888
knn,10,2012-2013,95-1,teste_86.csv,1,2013-01-10,13,0,0,0.0,90,0.5666666666666667
knn,10,2012-2013,96-1,teste_87.csv,1,2013-01-10,13,0,1,0.6,91,0.5604395604395604
knn,10,2012-2013,97-1,teste_88.csv,1,2013-01-10,13,1,1,0.8,92,0.5652173913043478
knn,10,2012-2013,98-1,teste_89.csv,1,2013-01-10,13,1,0,0.4,93,0.5591397849462365
knn,10,2012-2013,99-1,teste_90.csv,1,2013-01-10,13,1,1,0.6,94,0.5638297872340425
knn,10,2012-2013,104-1,teste_95.csv,1,2013-01-12,14,0,1,0.6,95,0.5578947368421052
knn,10,2012-2013,105-1,teste_96.csv,1,2013-01-12,14,0,0,0.4,96,0.5625
knn,10,2012-2013,106-1,teste_97.csv,1,2013-01-12,14,1,0,0.4,97,0.5567010309278351
knn,10,2012-2013,107-1,teste_98.csv,1,2013-01-12,14,1,0,0.3746416844690318,98,0.5510204081632653
knn,10,2012-2013,108-1,teste_99.csv,1,2013-01-12,14,1,1,0.6,99,0.5555555555555556
knn,10,2012-2013,109-1,teste_100.csv,1,2013-01-12,14,1,1,0.7777777777777778,100,0.56
knn,10,2012-2013,110-1,teste_101.csv,1,2013-01-12,14,1,1,1.0,101,0.5643564356435643
knn,10,2012-2013,111-1,teste_102.csv,1,2013-01-12,14,1,1,1.0,102,0.5686274509803921
knn,10,2012-2013,112-1,teste_103.csv,1,2013-01-14,3,1,1,0.8,103,0.5728155339805825
knn,10,2012-2013,113-1,teste_104.csv,1,2013-01-15,3,1,1,0.8,104,0.5769230769230769
knn,10,2012-2013,114-1,teste_105.csv,1,2013-01-15,4,0,0,0.2727272727272727,105,0.580952380952381
knn,10,2012-2013,115-1,teste_106.csv,1,2013-01-17,15,0,1,0.7777777777777778,106,0.5754716981132075
knn,10,2012-2013,116-1,teste_107.csv,1,2013-01-17,15,1,1,0.5555555555555556,107,0.5794392523364486
knn,10,2012-2013,117-1,teste_108.csv,1,2013-01-17,15,1,0,0.1428571428571428,108,0.5740740740740741
knn,10,2012-2013,118-1,teste_109.csv,1,2013-01-17,15,0,0,0.4444444444444444,109,0.5779816513761468
knn,10,2012-2013,119-1,teste_110.csv,1,2013-01-17,15,0,0,0.2222222222222222,110,0.5818181818181818
knn,10,2012-2013,120-1,teste_111.csv,1,2013-01-17,15,1,0,0.3333333333333333,111,0.5765765765765766
knn,10,2012-2013,121-1,teste_112.csv,1,2013-01-17,15,0,0,0.2222222222222222,112,0.5803571428571429
knn,10,2012-2013,122-1,teste_113.csv,1,2013-01-17,15,0,1,0.6666666666666666,113,0.5752212389380531
knn,10,2012-2013,123-1,teste_114.csv,1,2013-01-17,15,1,0,0.4285714285714285,114,0.5701754385964912
knn,10,2012-2013,124-1,teste_115.csv,1,2013-01-19,16,0,1,0.7142857142857143,115,0.5652173913043478
knn,10,2012-2013,125-1,teste_116.csv,1,2013-01-19,16,0,1,0.5714285714285714,116,0.5603448275862069
knn,10,2012-2013,126-1,teste_117.csv,1,2013-01-19,16,0,0,0.0,117,0.5641025641025641
knn,10,2012-2013,127-1,teste_118.csv,1,2013-01-19,16,1,1,0.5555555555555556,118,0.5677966101694916
knn,10,2012-2013,128-1,teste_119.csv,1,2013-01-19,16,1,0,0.4444444444444444,119,0.5630252100840336
knn,10,2012-2013,129-1,teste_120.csv,1,2013-01-19,16,0,1,0.5555555555555556,120,0.5583333333333333
knn,10,2012-2013,130-1,teste_121.csv,1,2013-01-19,16,1,1,0.5555555555555556,121,0.5619834710743802
knn,10,2012-2013,131-1,teste_122.csv,1,2013-01-19,16,1,0,0.1111111111111111,122,0.5573770491803278
knn,10,2012-2013,133-1,teste_124.csv,1,2013-01-21,2,0,0,0.2857142857142857,123,0.5609756097560976
knn,10,2012-2013,132-1,teste_123.csv,1,2013-01-21,6,1,1,0.6666666666666666,124,0.5645161290322581
knn,10,2012-2013,134-1,teste_125.csv,1,2013-01-24,17,0,0,0.1428571428571428,125,0.568
knn,10,2012-2013,135-1,teste_126.csv,1,2013-01-24,17,1,1,0.6666666666666666,126,0.5714285714285714
knn,10,2012-2013,136-1,teste_127.csv,1,2013-01-24,17,1,1,0.6666666666666666,127,0.5748031496062992
knn,10,2012-2013,137-1,teste_128.csv,1,2013-01-24,17,1,1,0.5454545454545454,128,0.578125
knn,10,2012-2013,138-1,teste_129.csv,1,2013-01-24,17,1,1,0.8888888888888888,129,0.5813953488372093
knn,10,2012-2013,139-1,teste_130.csv,1,2013-01-24,17,0,1,0.7777777777777778,130,0.5769230769230769
knn,10,2012-2013,140-1,teste_131.csv,1,2013-01-24,17,1,1,0.6666666666666666,131,0.5801526717557252
knn,10,2012-2013,141-1,teste_132.csv,1,2013-01-24,17,1,1,0.5555555555555556,132,0.5833333333333334
knn,10,2012-2013,142-1,teste_133.csv,1,2013-01-24,17,1,1,0.5555555555555556,133,0.5864661654135338
knn,10,2012-2013,143-1,teste_134.csv,1,2013-01-26,18,0,0,0.4444444444444444,134,0.5895522388059702
knn,10,2012-2013,144-1,teste_135.csv,1,2013-01-26,18,1,1,0.7777777777777778,135,0.5925925925925926
knn,10,2012-2013,145-1,teste_136.csv,1,2013-01-26,18,1,1,0.7777777777777778,136,0.5955882352941176
knn,10,2012-2013,146-1,teste_137.csv,1,2013-01-26,18,1,1,0.6666666666666666,137,0.5985401459854015
knn,10,2012-2013,147-1,teste_138.csv,1,2013-01-26,18,1,1,0.7777777777777778,138,0.6014492753623188
knn,10,2012-2013,148-1,teste_139.csv,1,2013-01-26,18,1,1,0.7777777777777778,139,0.60431654676259
knn,10,2012-2013,149-1,teste_140.csv,1,2013-01-26,18,1,1,0.6666666666666666,140,0.6071428571428571
knn,10,2012-2013,150-1,teste_141.csv,1,2013-01-26,18,0,1,0.8888888888888888,141,0.6028368794326241
knn,10,2012-2013,151-1,teste_142.csv,1,2013-01-28,5,1,1,0.7508539226204802,142,0.6056338028169014
knn,10,2012-2013,152-1,teste_143.csv,1,2013-01-28,5,0,0,0.4,143,0.6083916083916084
knn,10,2012-2013,153-1,teste_144.csv,1,2013-01-31,1,0,0,0.0,144,0.6111111111111112
knn,10,2012-2013,154-1,teste_145.csv,1,2013-01-31,1,1,1,1.0,145,0.6137931034482759
knn,10,2012-2013,155-1,teste_146.csv,1,2013-01-31,1,1,1,1.0,146,0.6164383561643836
knn,10,2012-2013,156-1,teste_147.csv,1,2013-01-31,1,1,0,0.2,147,0.6122448979591837
knn,10,2012-2013,157-1,teste_148.csv,1,2013-01-31,1,1,1,1.0,148,0.6148648648648649
knn,10,2012-2013,158-1,teste_149.csv,1,2013-01-31,1,0,1,0.6666666666666666,149,0.610738255033557
knn,10,2012-2013,159-1,teste_150.csv,1,2013-01-31,1,0,1,0.7272727272727273,150,0.6066666666666667
knn,10,2012-2013,160-1,teste_151.csv,1,2013-01-31,1,1,1,0.8181818181818182,151,0.609271523178808
knn,10,2012-2013,161-1,teste_152.csv,1,2013-02-02,2,0,1,0.6153551721360987,152,0.6052631578947368
knn,10,2012-2013,162-1,teste_153.csv,1,2013-02-02,2,1,1,0.7048030752543946,153,0.6078431372549019
knn,10,2012-2013,163-1,teste_154.csv,1,2013-02-02,2,1,1,0.5555555555555556,154,0.6103896103896104
knn,10,2012-2013,164-1,teste_155.csv,1,2013-02-02,2,1,1,0.6666666666666666,155,0.6129032258064516
knn,10,2012-2013,165-1,teste_156.csv,1,2013-02-02,2,1,1,0.6666666666666666,156,0.6153846153846154
knn,10,2012-2013,166-1,teste_157.csv,1,2013-02-02,2,0,1,0.8,157,0.6114649681528662
knn,10,2012-2013,167-1,teste_158.csv,1,2013-02-02,2,1,1,1.0,158,0.6139240506329114
knn,10,2012-2013,168-1,teste_159.csv,1,2013-02-05,3,1,1,0.6,159,0.6163522012578616
knn,10,2012-2013,169-1,teste_160.csv,1,2013-02-05,3,1,0,0.4285714285714285,160,0.6125
knn,10,2012-2013,170-1,teste_161.csv,1,2013-02-05,3,0,0,0.4,161,0.6149068322981367
knn,10,2012-2013,171-1,teste_162.csv,1,2013-02-05,3,0,0,0.4,162,0.6172839506172839
knn,10,2012-2013,172-1,teste_163.csv,1,2013-02-05,3,1,1,0.6,163,0.6196319018404908
knn,10,2012-2013,173-1,teste_164.csv,1,2013-02-05,3,1,1,0.8,164,0.6219512195121951
knn,10,2012-2013,174-1,teste_165.csv,1,2013-02-05,3,1,0,0.2,165,0.6181818181818182
knn,10,2012-2013,175-1,teste_166.csv,1,2013-02-07,4,1,1,0.8,166,0.6204819277108434
knn,10,2012-2013,176-1,teste_167.csv,1,2013-02-07,4,0,0,0.4,167,0.6227544910179641
knn,10,2012-2013,177-1,teste_168.csv,1,2013-02-07,4,1,1,0.6,168,0.625
knn,10,2012-2013,178-1,teste_169.csv,1,2013-02-07,4,1,1,0.8,169,0.6272189349112426
knn,10,2012-2013,179-1,teste_170.csv,1,2013-02-07,4,1,1,0.8,170,0.6294117647058823
knn,10,2012-2013,180-1,teste_171.csv,1,2013-02-07,4,0,1,0.8,171,0.6257309941520468
knn,10,2012-2013,181-1,teste_172.csv,1,2013-02-07,4,1,1,0.8,172,0.627906976744186
knn,10,2012-2013,182-1,teste_173.csv,1,2013-02-14,5,0,0,0.4,173,0.630057803468208
knn,10,2012-2013,183-1,teste_174.csv,1,2013-02-14,5,1,1,1.0,174,0.632183908045977
knn,10,2012-2013,184-1,teste_175.csv,1,2013-02-14,5,0,1,0.6666666666666666,175,0.6285714285714286
knn,10,2012-2013,185-1,teste_176.csv,1,2013-02-14,5,0,1,1.0,176,0.625
knn,10,2012-2013,186-1,teste_177.csv,1,2013-02-14,5,0,1,0.6666666666666666,177,0.6214689265536724
knn,10,2012-2013,187-1,teste_178.csv,1,2013-02-14,5,1,1,0.6666666666666666,178,0.6235955056179775
knn,10,2012-2013,188-1,teste_179.csv,1,2013-02-14,5,0,0,0.0,179,0.6256983240223464
knn,10,2012-2013,189-1,teste_180.csv,1,2013-02-16,6,0,1,0.6666666666666666,180,0.6222222222222222
knn,10,2012-2013,190-1,teste_181.csv,1,2013-02-16,6,0,1,0.6666666666666666,181,0.6187845303867403
knn,10,2012-2013,191-1,teste_182.csv,1,2013-02-16,6,1,1,0.6666666666666666,182,0.6208791208791209
knn,10,2012-2013,192-1,teste_183.csv,1,2013-02-16,6,0,0,0.0,183,0.6229508196721312
knn,10,2012-2013,193-1,teste_184.csv,1,2013-02-16,6,0,0,0.0,184,0.625
knn,10,2012-2013,194-1,teste_185.csv,1,2013-02-16,6,1,0,0.3333333333333333,185,0.6216216216216216
knn,10,2012-2013,195-1,teste_186.csv,1,2013-02-16,6,0,1,0.7142857142857143,186,0.6182795698924731
knn,10,2012-2013,196-1,teste_187.csv,1,2013-02-16,6,0,1,0.5714285714285714,187,0.6149732620320856
knn,10,2012-2013,197-1,teste_188.csv,1,2013-02-17,3,1,1,1.0,188,0.6170212765957447
knn,10,2012-2013,198-1,teste_189.csv,1,2013-02-18,5,0,1,0.5555555555555556,189,0.6137566137566137
knn,10,2012-2013,199-1,teste_190.csv,1,2013-02-18,5,1,1,0.7777777777777778,190,0.6157894736842106
knn,10,2012-2013,200-1,teste_191.csv,1,2013-02-19,7,1,1,1.0,191,0.6178010471204188
knn,10,2012-2013,201-1,teste_192.csv,1,2013-02-20,7,0,1,0.5555555555555556,192,0.6145833333333334
knn,10,2012-2013,202-1,teste_193.csv,1,2013-02-21,7,0,0,0.3333333333333333,193,0.616580310880829
knn,10,2012-2013,203-1,teste_194.csv,1,2013-02-21,7,1,1,0.5555555555555556,194,0.6185567010309279
knn,10,2012-2013,204-1,teste_195.csv,1,2013-02-21,7,1,1,0.6666666666666666,195,0.6205128205128205
knn,10,2012-2013,205-1,teste_196.csv,1,2013-02-21,7,0,1,0.7777777777777778,196,0.6173469387755102
knn,10,2012-2013,206-1,teste_197.csv,1,2013-02-21,7,1,1,0.5555555555555556,197,0.6192893401015228
knn,10,2012-2013,207-1,teste_198.csv,1,2013-02-21,7,0,1,0.7343197431254612,198,0.6161616161616161
knn,10,2012-2013,208-1,teste_199.csv,1,2013-02-21,7,1,1,0.5477230073321169,199,0.6180904522613065
knn,10,2012-2013,209-1,teste_200.csv,1,2013-02-23,8,0,0,0.4559867105384012,200,0.62
knn,10,2012-2013,210-1,teste_201.csv,1,2013-02-23,8,1,0,0.2757418033136085,201,0.6169154228855721
knn,10,2012-2013,211-1,teste_202.csv,1,2013-02-23,8,1,1,0.8181818181818182,202,0.6188118811881188
knn,10,2012-2013,212-1,teste_203.csv,1,2013-02-23,8,0,1,0.5570642422096655,203,0.6157635467980296
knn,10,2012-2013,213-1,teste_204.csv,1,2013-02-23,8,1,1,0.8181818181818182,204,0.6176470588235294
knn,10,2012-2013,214-1,teste_205.csv,1,2013-02-23,8,1,0,0.4545454545454545,205,0.6146341463414634
knn,10,2012-2013,215-1,teste_206.csv,1,2013-02-23,8,1,1,0.5454545454545454,206,0.616504854368932
knn,10,2012-2013,216-1,teste_207.csv,1,2013-02-26,3,0,0,0.3636363636363636,207,0.6183574879227053
knn,10,2012-2013,217-1,teste_208.csv,1,2013-02-27,2,1,0,0.2,208,0.6153846153846154
knn,10,2012-2013,219-1,teste_210.csv,1,2013-03-04,1,0,1,0.6666666666666666,209,0.6124401913875598
knn,10,2012-2013,220-1,teste_211.csv,1,2013-03-04,4,0,0,0.3333333333333333,210,0.6142857142857143
knn,10,2012-2013,218-1,teste_209.csv,1,2013-03-04,8,1,1,0.7272727272727273,211,0.6161137440758294
knn,10,2012-2013,221-1,teste_212.csv,1,2013-03-07,9,0,0,0.0,212,0.6179245283018868
knn,10,2012-2013,222-1,teste_213.csv,1,2013-03-07,9,0,1,0.6666666666666666,213,0.6150234741784038
knn,10,2012-2013,223-1,teste_214.csv,1,2013-03-07,9,1,1,0.6666666666666666,214,0.616822429906542
knn,10,2012-2013,224-1,teste_215.csv,1,2013-03-07,9,1,1,0.6666666666666666,215,0.6186046511627907
knn,10,2012-2013,225-1,teste_216.csv,1,2013-03-07,9,0,0,0.0,216,0.6203703703703703
knn,10,2012-2013,226-1,teste_217.csv,1,2013-03-07,9,1,0,0.3333333333333333,217,0.6175115207373272
knn,10,2012-2013,227-1,teste_218.csv,1,2013-03-07,9,1,0,0.3333333333333333,218,0.6146788990825688
knn,10,2012-2013,228-1,teste_219.csv,1,2013-03-07,9,1,0,0.3333333333333333,219,0.6118721461187214
knn,10,2012-2013,229-1,teste_220.csv,1,2013-03-07,9,0,1,1.0,220,0.6090909090909091
knn,10,2012-2013,230-1,teste_221.csv,1,2013-03-09,10,0,1,1.0,221,0.6063348416289592
knn,10,2012-2013,231-1,teste_222.csv,1,2013-03-09,10,0,1,0.6666666666666666,222,0.6036036036036037
knn,10,2012-2013,232-1,teste_223.csv,1,2013-03-09,10,1,0,0.3333333333333333,223,0.600896860986547
knn,10,2012-2013,233-1,teste_224.csv,1,2013-03-09,10,0,0,0.4545454545454545,224,0.6026785714285714
knn,10,2012-2013,234-1,teste_225.csv,1,2013-03-09,10,0,0,0.2727272727272727,225,0.6044444444444445
knn,10,2012-2013,235-1,teste_226.csv,1,2013-03-09,10,1,1,1.0,226,0.6061946902654868
knn,10,2012-2013,236-1,teste_227.csv,1,2013-03-09,10,1,1,0.6,227,0.6079295154185022
knn,10,2012-2013,237-1,teste_228.csv,1,2013-03-09,10,1,0,0.2,228,0.6052631578947368
knn,10,2012-2013,238-1,teste_229.csv,1,2013-03-14,11,0,1,0.6,229,0.6026200873362445
knn,10,2012-2013,239-1,teste_230.csv,1,2013-03-14,11,1,1,0.6,230,0.6043478260869565
knn,10,2012-2013,240-1,teste_231.csv,1,2013-03-14,11,1,1,0.6,231,0.6060606060606061
knn,10,2012-2013,241-1,teste_232.csv,1,2013-03-14,11,1,1,0.8,232,0.6077586206896551
knn,10,2012-2013,242-1,teste_233.csv,1,2013-03-14,11,1,0,0.4,233,0.6051502145922747
knn,10,2012-2013,243-1,teste_234.csv,1,2013-03-14,11,1,1,0.6,234,0.6068376068376068
knn,10,2012-2013,244-1,teste_235.csv,1,2013-03-16,12,1,1,1.0,235,0.6085106382978723
knn,10,2012-2013,245-1,teste_236.csv,1,2013-03-16,12,1,0,0.4,236,0.6059322033898306
knn,10,2012-2013,246-1,teste_237.csv,1,2013-03-16,12,1,1,0.8,237,0.6075949367088608
knn,10,2012-2013,247-1,teste_238.csv,1,2013-03-16,12,1,1,0.6,238,0.6092436974789915
knn,10,2012-2013,248-1,teste_239.csv,1,2013-03-16,12,1,0,0.4,239,0.606694560669456
knn,10,2012-2013,249-1,teste_240.csv,1,2013-03-16,12,1,0,0.4,240,0.6041666666666666
knn,10,2012-2013,250-1,teste_241.csv,1,2013-03-16,12,1,1,0.8,241,0.6058091286307054
knn,10,2012-2013,252-1,teste_243.csv,1,2013-03-19,13,0,0,0.4,242,0.6074380165289256
knn,10,2012-2013,251-1,teste_242.csv,1,2013-03-19,14,0,0,0.4,243,0.6090534979423868
knn,10,2012-2013,253-1,teste_244.csv,1,2013-03-21,13,0,1,0.6,244,0.6065573770491803
knn,10,2012-2013,254-1,teste_245.csv,1,2013-03-21,13,1,0,0.4,245,0.6040816326530613
knn,10,2012-2013,256-1,teste_247.csv,1,2013-03-21,13,1,1,0.6,246,0.6056910569105691
knn,10,2012-2013,257-1,teste_248.csv,1,2013-03-21,13,0,0,0.3333333333333333,247,0.6072874493927125
knn,10,2012-2013,258-1,teste_249.csv,1,2013-03-21,13,0,1,0.6666666666666666,248,0.6048387096774194
knn,10,2012-2013,255-1,teste_246.csv,1,2013-03-21,17,1,1,0.8,249,0.606425702811245
knn,10,2012-2013,259-1,teste_250.csv,1,2013-03-23,14,0,1,0.6,250,0.604
knn,10,2012-2013,260-1,teste_251.csv,1,2013-03-23,14,1,1,0.6,251,0.6055776892430279
knn,10,2012-2013,261-1,teste_252.csv,1,2013-03-23,14,1,0,0.3333333333333333,252,0.6031746031746031
knn,10,2012-2013,262-1,teste_253.csv,1,2013-03-23,14,1,1,0.6666666666666666,253,0.6047430830039525
knn,10,2012-2013,263-1,teste_254.csv,1,2013-03-23,14,0,1,0.6666666666666666,254,0.6023622047244095
knn,10,2012-2013,264-1,teste_255.csv,1,2013-03-23,14,0,0,0.3333333333333333,255,0.6039215686274509
knn,10,2012-2013,265-1,teste_256.csv,1,2013-03-23,14,0,0,0.3333333333333333,256,0.60546875
knn,10,2012-2013,266-1,teste_257.csv,1,2013-03-25,13,0,0,0.0,257,0.6070038910505836
knn,10,2012-2013,267-1,teste_258.csv,1,2013-03-25,16,1,1,0.6666666666666666,258,0.6085271317829457
knn,10,2012-2013,268-1,teste_259.csv,1,2013-03-26,16,0,0,0.0,259,0.61003861003861
knn,10,2012-2013,269-1,teste_260.csv,1,2013-03-26,17,0,1,0.6666666666666666,260,0.6076923076923076
knn,10,2012-2013,271-1,teste_262.csv,1,2013-03-28,13,1,0,0.3333333333333333,261,0.6053639846743295
knn,10,2012-2013,270-1,teste_261.csv,1,2013-03-28,15,1,1,1.0,262,0.6068702290076335
knn,10,2012-2013,272-1,teste_263.csv,1,2013-03-28,16,1,0,0.3333333333333333,263,0.6045627376425855
knn,10,2012-2013,274-1,teste_265.csv,1,2013-03-30,15,1,1,0.6666666666666666,264,0.6060606060606061
knn,10,2012-2013,275-1,teste_266.csv,1,2013-03-30,15,0,1,0.6666666666666666,265,0.6037735849056604
knn,10,2012-2013,276-1,teste_267.csv,1,2013-03-30,15,1,0,0.3333333333333333,266,0.6015037593984962
knn,10,2012-2013,277-1,teste_268.csv,1,2013-03-30,16,1,1,0.6666666666666666,267,0.602996254681648
knn,10,2012-2013,273-1,teste_264.csv,1,2013-03-30,18,1,1,0.6666666666666666,268,0.6044776119402985
knn,10,2012-2013,278-1,teste_269.csv,1,2013-03-31,11,1,1,0.6666666666666666,269,0.6059479553903345
knn,10,2012-2013,279-1,teste_270.csv,1,2013-04-01,18,1,1,0.6666666666666666,270,0.6074074074074074
knn,10,2012-2013,287-1,teste_278.csv,1,2013-04-04,11,1,1,0.7272727272727273,271,0.6088560885608856
knn,10,2012-2013,280-1,teste_271.csv,1,2013-04-04,13,1,0,0.4545454545454545,272,0.6066176470588235
knn,10,2012-2013,281-1,teste_272.csv,1,2013-04-04,17,1,1,0.6363636363636364,273,0.608058608058608
knn,10,2012-2013,282-1,teste_273.csv,1,2013-04-04,17,0,0,0.4444444444444444,274,0.6094890510948905
knn,10,2012-2013,283-1,teste_274.csv,1,2013-04-04,17,1,1,0.6,275,0.610909090909091
knn,10,2012-2013,284-1,teste_275.csv,1,2013-04-04,17,0,0,0.4,276,0.6123188405797102
knn,10,2012-2013,285-1,teste_276.csv,1,2013-04-04,17,0,0,0.2727272727272727,277,0.6137184115523465
knn,10,2012-2013,286-1,teste_277.csv,1,2013-04-04,17,0,1,0.7272727272727273,278,0.6115107913669064
knn,10,2012-2013,288-1,teste_279.csv,1,2013-04-06,12,1,1,0.5454545454545454,279,0.6129032258064516
knn,10,2012-2013,289-1,teste_280.csv,1,2013-04-06,18,1,1,0.6363636363636364,280,0.6142857142857143
knn,10,2012-2013,290-1,teste_281.csv,1,2013-04-06,18,0,0,0.4545454545454545,281,0.6156583629893239
knn,10,2012-2013,291-1,teste_282.csv,1,2013-04-06,18,1,1,0.6363636363636364,282,0.6170212765957447
knn,10,2012-2013,292-1,teste_283.csv,1,2013-04-06,18,1,1,0.5454545454545454,283,0.6183745583038869
knn,10,2012-2013,293-1,teste_284.csv,1,2013-04-06,18,0,0,0.2727272727272727,284,0.6197183098591549
knn,10,2012-2013,294-1,teste_285.csv,1,2013-04-07,15,0,1,0.8181818181818182,285,0.6175438596491228
knn,10,2012-2013,295-1,teste_286.csv,1,2013-04-08,11,1,1,0.8181818181818182,286,0.6188811188811189
knn,10,2012-2013,296-1,teste_287.csv,1,2013-04-08,15,1,1,0.7272727272727273,287,0.6202090592334495
knn,10,2012-2013,297-1,teste_288.csv,1,2013-04-08,15,1,1,0.8181818181818182,288,0.6215277777777778
knn,10,2012-2013,298-1,teste_289.csv,1,2013-04-09,16,1,1,0.6363636363636364,289,0.6228373702422145
knn,10,2012-2013,299-1,teste_290.csv,1,2013-04-10,15,1,1,0.9090909090909092,290,0.6241379310344828
knn,10,2012-2013,300-1,teste_291.csv,1,2013-04-10,16,1,1,0.9090909090909092,291,0.6254295532646048
knn,10,2012-2013,301-1,teste_292.csv,1,2013-04-11,16,1,1,0.7272727272727273,292,0.6267123287671232
knn,10,2012-2013,302-1,teste_293.csv,1,2013-04-11,18,0,0,0.4545454545454545,293,0.6279863481228669
knn,10,2012-2013,303-1,teste_294.csv,1,2013-04-12,17,0,1,0.6363636363636364,294,0.6258503401360545
knn,10,2012-2013,304-1,teste_295.csv,1,2013-04-13,15,1,1,0.7272727272727273,295,0.6271186440677966
knn,10,2012-2013,305-1,teste_296.csv,1,2013-04-16,1,1,1,0.7272727272727273,296,0.6283783783783784
knn,10,2012-2013,307-1,teste_298.csv,1,2013-04-16,1,0,1,0.5454545454545454,297,0.6262626262626263
knn,10,2012-2013,308-1,teste_299.csv,1,2013-04-16,1,1,1,0.6363636363636364,298,0.62751677852349
knn,10,2012-2013,306-1,teste_297.csv,1,2013-04-16,16,1,1,0.7272727272727273,299,0.6287625418060201
knn,10,2012-2013,309-1,teste_300.csv,1,2013-04-18,1,1,1,0.6363636363636364,300,0.63
knn,10,2012-2013,310-1,teste_301.csv,1,2013-04-19,2,1,1,0.8380212048374606,301,0.6312292358803987
knn,10,2012-2013,311-1,teste_302.csv,1,2013-04-19,2,1,1,0.7272727272727273,302,0.6324503311258278
knn,10,2012-2013,312-1,teste_303.csv,1,2013-04-19,2,1,1,0.8181818181818182,303,0.6336633663366337
knn,10,2012-2013,313-1,teste_304.csv,1,2013-04-20,3,1,1,0.9090909090909092,304,0.6348684210526315
knn,10,2012-2013,314-1,teste_305.csv,1,2013-04-20,3,1,1,0.8181818181818182,305,0.6360655737704918
knn,10,2012-2013,315-1,teste_306.csv,1,2013-04-20,3,1,1,0.8181818181818182,306,0.6372549019607843
knn,10,2012-2013,316-1,teste_307.csv,1,2013-04-21,2,0,1,0.8181818181818182,307,0.6351791530944625
knn,10,2012-2013,317-1,teste_308.csv,1,2013-04-22,3,1,1,0.7272727272727273,308,0.6363636363636364
knn,10,2012-2013,318-1,teste_309.csv,1,2013-04-22,4,0,1,0.7272727272727273,309,0.6343042071197411
knn,10,2012-2013,319-1,teste_310.csv,1,2013-04-23,4,1,1,0.7272727272727273,310,0.635483870967742
knn,10,2012-2013,320-1,teste_311.csv,1,2013-04-24,4,0,1,0.7272727272727273,311,0.6334405144694534
knn,10,2012-2013,321-1,teste_312.csv,1,2013-04-26,5,0,1,0.6363636363636364,312,0.6314102564102564
knn,10,2012-2013,322-1,teste_313.csv,1,2013-04-26,5,1,1,0.6363636363636364,313,0.6325878594249201
knn,10,2012-2013,323-1,teste_314.csv,1,2013-04-28,1,1,1,0.8181818181818182,314,0.6337579617834395
knn,10,2012-2013,324-1,teste_315.csv,1,2013-04-29,1,0,1,0.6363636363636364,315,0.6317460317460317
knn,10,2012-2013,325-1,teste_316.csv,1,2013-04-29,1,0,1,0.6363636363636364,316,0.629746835443038
knn,10,2012-2013,326-1,teste_317.csv,1,2013-04-29,1,1,1,0.7272727272727273,317,0.6309148264984227
knn,10,2012-2013,327-1,teste_318.csv,1,2013-05-01,2,1,1,0.7272727272727273,318,0.6320754716981132
knn,10,2012-2013,328-1,teste_319.csv,1,2013-05-01,2,1,1,0.6363636363636364,319,0.6332288401253918
knn,10,2012-2013,329-1,teste_320.csv,1,2013-05-02,2,0,1,0.7272727272727273,320,0.63125
knn,10,2012-2013,330-1,teste_321.csv,1,2013-05-02,2,1,1,0.6363636363636364,321,0.632398753894081
knn,10,2012-2013,331-1,teste_322.csv,1,2013-05-03,3,1,1,0.7272727272727273,322,0.6335403726708074
knn,10,2012-2013,332-1,teste_323.csv,1,2013-05-03,3,1,1,0.8181818181818182,323,0.6346749226006192
knn,10,2012-2013,333-1,teste_324.csv,1,2013-05-04,3,0,1,0.7272727272727273,324,0.6327160493827161
knn,10,2012-2013,334-1,teste_325.csv,1,2013-05-04,3,1,1,0.6363636363636364,325,0.6338461538461538
knn,10,2012-2013,335-1,teste_326.csv,1,2013-05-06,4,1,1,0.5454545454545454,326,0.6349693251533742
knn,10,2012-2013,336-1,teste_327.csv,1,2013-05-06,4,1,1,0.7272727272727273,327,0.636085626911315
knn,10,2012-2013,337-1,teste_328.csv,1,2013-05-07,4,0,0,0.4545454545454545,328,0.6371951219512195
knn,10,2012-2013,338-1,teste_329.csv,1,2013-05-09,5,0,1,0.7272727272727273,329,0.6352583586626139
knn,10,2012-2013,339-1,teste_330.csv,1,2013-05-09,5,1,0,0.4545454545454545,330,0.6333333333333333
knn,10,2012-2013,340-1,teste_331.csv,1,2013-05-10,5,1,1,0.7272727272727273,331,0.6344410876132931
knn,10,2012-2013,341-1,teste_332.csv,1,2013-05-13,1,0,0,0.4545454545454545,332,0.6355421686746988
knn,10,2012-2013,342-1,teste_333.csv,1,2013-05-14,1,1,1,0.5454545454545454,333,0.6366366366366366
knn,10,2012-2013,343-1,teste_334.csv,1,2013-05-16,2,1,0,0.4545454545454545,334,0.6347305389221557
knn,10,2012-2013,344-1,teste_335.csv,1,2013-05-17,2,1,1,0.6363636363636364,335,0.6358208955223881
knn,10,2012-2013,345-1,teste_336.csv,1,2013-05-18,3,1,1,0.6363636363636364,336,0.6369047619047619
knn,10,2012-2013,346-1,teste_337.csv,1,2013-05-19,3,1,1,0.7272727272727273,337,0.6379821958456974
knn,10,2012-2013,347-1,teste_338.csv,1,2013-05-23,4,1,1,0.6363636363636364,338,0.6390532544378699
knn,10,2012-2013,348-1,teste_339.csv,1,2013-05-25,5,1,1,0.7272727272727273,339,0.640117994100295
knn,10,2013-2014,10-1,teste_1.csv,1,2013-11-16,2,0,1,0.6666666666666666,1,0.0
knn,10,2013-2014,11-1,teste_2.csv,1,2013-11-16,2,1,0,0.3333333333333333,2,0.0
knn,10,2013-2014,12-1,teste_3.csv,1,2013-11-16,2,0,1,0.6,3,0.0
knn,10,2013-2014,13-1,teste_4.csv,1,2013-11-16,2,1,1,0.6666666666666666,4,0.25
knn,10,2013-2014,14-1,teste_5.csv,1,2013-11-21,3,0,0,0.3333333333333333,5,0.4
knn,10,2013-2014,15-1,teste_6.csv,1,2013-11-21,3,1,0,0.3765653431689823,6,0.3333333333333333
knn,10,2013-2014,16-1,teste_7.csv,1,2013-11-21,3,0,0,0.3333333333333333,7,0.4285714285714285
knn,10,2013-2014,17-1,teste_8.csv,1,2013-11-21,3,0,0,0.3027242452343371,8,0.5
knn,10,2013-2014,18-1,teste_9.csv,1,2013-11-21,3,0,0,0.2979560595024004,9,0.5555555555555556
knn,10,2013-2014,19-1,teste_10.csv,1,2013-11-21,3,0,0,0.3333333333333333,10,0.6
knn,10,2013-2014,20-1,teste_11.csv,1,2013-11-21,3,1,0,0.0,11,0.5454545454545454
knn,10,2013-2014,21-1,teste_12.csv,1,2013-11-23,4,1,0,0.3333333333333333,12,0.5
knn,10,2013-2014,22-1,teste_13.csv,1,2013-11-23,4,1,0,0.1686890435010714,13,0.4615384615384615
knn,10,2013-2014,23-1,teste_14.csv,1,2013-11-23,4,1,0,0.3333333333333333,14,0.4285714285714285
knn,10,2013-2014,24-1,teste_15.csv,1,2013-11-23,4,1,0,0.3409094990312752,15,0.4
knn,10,2013-2014,25-1,teste_16.csv,1,2013-11-23,4,0,1,0.5714285714285714,16,0.375
knn,10,2013-2014,26-1,teste_17.csv,1,2013-11-23,4,1,0,0.3333333333333333,17,0.3529411764705882
knn,10,2013-2014,27-1,teste_18.csv,1,2013-11-23,4,0,1,0.6666666666666666,18,0.3333333333333333
knn,10,2013-2014,28-1,teste_19.csv,1,2013-11-23,4,1,1,0.6666666666666666,19,0.3684210526315789
knn,10,2013-2014,29-1,teste_20.csv,1,2013-11-28,5,0,0,0.3333333333333333,20,0.4
knn,10,2013-2014,30-1,teste_21.csv,1,2013-11-28,5,0,0,0.3333333333333333,21,0.4285714285714285
knn,10,2013-2014,31-1,teste_22.csv,1,2013-11-28,5,1,0,0.0,22,0.4090909090909091
knn,10,2013-2014,32-1,teste_23.csv,1,2013-11-28,5,0,0,0.3333333333333333,23,0.4347826086956521
knn,10,2013-2014,33-1,teste_24.csv,1,2013-11-28,5,1,1,0.6666666666666666,24,0.4583333333333333
knn,10,2013-2014,34-1,teste_25.csv,1,2013-11-28,5,1,0,0.3333333333333333,25,0.44
knn,10,2013-2014,35-1,teste_26.csv,1,2013-11-30,6,0,1,0.5441515930872608,26,0.4230769230769231
knn,10,2013-2014,36-1,teste_27.csv,1,2013-11-30,6,1,1,0.5589991334359946,27,0.4444444444444444
knn,10,2013-2014,37-1,teste_28.csv,1,2013-11-30,6,1,0,0.3333333333333333,28,0.4285714285714285
knn,10,2013-2014,38-1,teste_29.csv,1,2013-11-30,6,1,1,0.7142857142857143,29,0.4482758620689655
knn,10,2013-2014,39-1,teste_30.csv,1,2013-11-30,6,0,0,0.3333333333333333,30,0.4666666666666667
knn,10,2013-2014,40-1,teste_31.csv,1,2013-11-30,6,1,1,0.6666666666666666,31,0.4838709677419355
knn,10,2013-2014,41-1,teste_32.csv,1,2013-12-03,5,1,1,0.5714285714285714,32,0.5
knn,10,2013-2014,42-1,teste_33.csv,1,2013-12-05,7,0,1,1.0,33,0.4848484848484848
knn,10,2013-2014,43-1,teste_34.csv,1,2013-12-05,7,0,1,0.7142857142857143,34,0.4705882352941176
knn,10,2013-2014,44-1,teste_35.csv,1,2013-12-05,7,0,1,0.6666666666666666,35,0.4571428571428571
knn,10,2013-2014,45-1,teste_36.csv,1,2013-12-05,7,1,0,0.4,36,0.4444444444444444
knn,10,2013-2014,46-1,teste_37.csv,1,2013-12-05,7,1,1,0.5555555555555556,37,0.4594594594594595
knn,10,2013-2014,47-1,teste_38.csv,1,2013-12-05,7,1,1,0.6,38,0.4736842105263157
knn,10,2013-2014,48-1,teste_39.csv,1,2013-12-06,7,1,1,0.7777777777777778,39,0.4871794871794871
knn,10,2013-2014,49-1,teste_40.csv,1,2013-12-07,8,1,1,0.8,40,0.5
knn,10,2013-2014,50-1,teste_41.csv,1,2013-12-07,8,0,1,0.5555555555555556,41,0.4878048780487805
knn,10,2013-2014,51-1,teste_42.csv,1,2013-12-07,8,0,1,0.6,42,0.4761904761904761
knn,10,2013-2014,52-1,teste_43.csv,1,2013-12-07,8,1,0,0.4,43,0.4651162790697674
knn,10,2013-2014,53-1,teste_44.csv,1,2013-12-07,8,1,1,0.7142857142857143,44,0.4772727272727273
knn,10,2013-2014,54-1,teste_45.csv,1,2013-12-07,8,1,1,1.0,45,0.4888888888888889
knn,10,2013-2014,55-1,teste_46.csv,1,2013-12-07,8,1,1,0.7142857142857143,46,0.5
knn,10,2013-2014,56-1,teste_47.csv,1,2013-12-07,8,0,1,0.8,47,0.4893617021276595
knn,10,2013-2014,57-1,teste_48.csv,1,2013-12-09,6,1,1,0.5714285714285714,48,0.5
knn,10,2013-2014,58-1,teste_49.csv,1,2013-12-11,9,1,0,0.3333333333333333,49,0.4897959183673469
knn,10,2013-2014,59-1,teste_50.csv,1,2013-12-12,9,1,1,0.6666666666666666,50,0.5
knn,10,2013-2014,60-1,teste_51.csv,1,2013-12-12,9,0,1,1.0,51,0.4901960784313725
knn,10,2013-2014,61-1,teste_52.csv,1,2013-12-12,9,0,1,0.8,52,0.4807692307692308
knn,10,2013-2014,62-1,teste_53.csv,1,2013-12-12,9,1,0,0.4,53,0.4716981132075472
knn,10,2013-2014,63-1,teste_54.csv,1,2013-12-12,9,1,0,0.3333333333333333,54,0.4629629629629629
knn,10,2013-2014,64-1,teste_55.csv,1,2013-12-12,9,0,1,1.0,55,0.4545454545454545
knn,10,2013-2014,65-1,teste_56.csv,1,2013-12-14,10,1,1,0.6666666666666666,56,0.4642857142857143
knn,10,2013-2014,66-1,teste_57.csv,1,2013-12-14,10,0,1,0.6666666666666666,57,0.4561403508771929
knn,10,2013-2014,67-1,teste_58.csv,1,2013-12-14,10,0,1,1.0,58,0.4482758620689655
knn,10,2013-2014,68-1,teste_59.csv,1,2013-12-14,10,0,1,0.6666666666666666,59,0.4406779661016949
knn,10,2013-2014,69-1,teste_60.csv,1,2013-12-14,10,0,0,0.0,60,0.45
knn,10,2013-2014,70-1,teste_61.csv,1,2013-12-14,10,0,1,0.5555555555555556,61,0.4426229508196721
knn,10,2013-2014,71-1,teste_62.csv,1,2013-12-14,10,1,1,0.6666666666666666,62,0.4516129032258064
knn,10,2013-2014,72-1,teste_63.csv,1,2013-12-14,10,1,0,0.3333333333333333,63,0.4444444444444444
knn,10,2013-2014,73-1,teste_64.csv,1,2013-12-16,2,0,0,0.3333333333333333,64,0.453125
knn,10,2013-2014,74-1,teste_65.csv,1,2013-12-19,11,0,1,0.6666666666666666,65,0.4461538461538462
knn,10,2013-2014,75-1,teste_66.csv,1,2013-12-19,11,1,0,0.3333333333333333,66,0.4393939393939394
knn,10,2013-2014,76-1,teste_67.csv,1,2013-12-19,11,1,0,0.3333333333333333,67,0.4328358208955223
knn,10,2013-2014,77-1,teste_68.csv,1,2013-12-19,11,0,1,0.6,68,0.4264705882352941
knn,10,2013-2014,78-1,teste_69.csv,1,2013-12-19,11,1,0,0.2857142857142857,69,0.4202898550724637
knn,10,2013-2014,79-1,teste_70.csv,1,2013-12-19,11,0,1,0.6,70,0.4142857142857143
knn,10,2013-2014,80-1,teste_71.csv,1,2013-12-20,12,1,0,0.4545454545454545,71,0.4084507042253521
knn,10,2013-2014,81-1,teste_72.csv,1,2013-12-21,12,0,0,0.4285714285714285,72,0.4166666666666667
knn,10,2013-2014,82-1,teste_73.csv,1,2013-12-21,12,0,1,0.5714285714285714,73,0.410958904109589
knn,10,2013-2014,83-1,teste_74.csv,1,2013-12-21,12,0,1,0.7777777777777778,74,0.4054054054054054
knn,10,2013-2014,84-1,teste_75.csv,1,2013-12-21,12,1,0,0.4444444444444444,75,0.4
knn,10,2013-2014,85-1,teste_76.csv,1,2013-12-21,12,0,0,0.4672292888269073,76,0.4078947368421052
knn,10,2013-2014,86-1,teste_77.csv,1,2013-12-21,12,1,1,0.5026962771004888,77,0.4155844155844156
knn,10,2013-2014,87-1,teste_78.csv,1,2014-01-05,13,1,0,0.42608985908523,78,0.4102564102564102
knn,10,2013-2014,88-1,teste_79.csv,1,2014-01-05,13,0,1,0.583364086234658,79,0.4050632911392405
knn,10,2013-2014,89-1,teste_80.csv,1,2014-01-05,13,1,1,0.5694264644939316,80,0.4125
knn,10,2013-2014,90-1,teste_81.csv,1,2014-01-05,13,1,1,0.8,81,0.419753086419753
knn,10,2013-2014,91-1,teste_82.csv,1,2014-01-05,13,1,0,0.3022841151210705,82,0.4146341463414634
knn,10,2013-2014,92-1,teste_83.csv,1,2014-01-05,13,1,1,0.6040622623915188,83,0.4216867469879518
knn,10,2013-2014,93-1,teste_84.csv,1,2014-01-05,13,0,0,0.2,84,0.4285714285714285
knn,10,2013-2014,96-1,teste_87.csv,1,2014-01-07,13,1,1,0.7142857142857143,85,0.4352941176470588
knn,10,2013-2014,100-1,teste_91.csv,1,2014-01-07,14,1,0,0.4285714285714285,86,0.4302325581395348
knn,10,2013-2014,94-1,teste_85.csv,1,2014-01-07,14,1,1,0.6,87,0.4367816091954023
knn,10,2013-2014,95-1,teste_86.csv,1,2014-01-07,14,0,1,0.8,88,0.4318181818181818
knn,10,2013-2014,97-1,teste_88.csv,1,2014-01-07,14,0,1,0.5714285714285714,89,0.4269662921348314
knn,10,2013-2014,98-1,teste_89.csv,1,2014-01-07,14,1,0,0.4285714285714285,90,0.4222222222222222
knn,10,2013-2014,99-1,teste_90.csv,1,2014-01-07,14,0,1,0.5714285714285714,91,0.4175824175824176
knn,10,2013-2014,101-1,teste_92.csv,1,2014-01-08,14,0,1,0.8,92,0.4130434782608695
knn,10,2013-2014,102-1,teste_93.csv,1,2014-01-11,15,0,1,0.6,93,0.4086021505376344
knn,10,2013-2014,103-1,teste_94.csv,1,2014-01-11,15,1,1,0.6,94,0.4148936170212766
knn,10,2013-2014,104-1,teste_95.csv,1,2014-01-11,15,0,0,0.4,95,0.4210526315789473
knn,10,2013-2014,105-1,teste_96.csv,1,2014-01-11,15,0,0,0.4,96,0.4270833333333333
knn,10,2013-2014,106-1,teste_97.csv,1,2014-01-11,15,1,0,0.4,97,0.422680412371134
knn,10,2013-2014,107-1,teste_98.csv,1,2014-01-11,15,0,0,0.4,98,0.4285714285714285
knn,10,2013-2014,108-1,teste_99.csv,1,2014-01-11,15,0,0,0.4,99,0.4343434343434343
knn,10,2013-2014,109-1,teste_100.csv,1,2014-01-11,15,1,0,0.4,100,0.43
knn,10,2013-2014,110-1,teste_101.csv,1,2014-01-13,16,1,1,0.5714285714285714,101,0.4356435643564356
knn,10,2013-2014,111-1,teste_102.csv,1,2014-01-13,16,1,0,0.1818181818181818,102,0.4313725490196078
knn,10,2013-2014,112-1,teste_103.csv,1,2014-01-13,16,0,0,0.2,103,0.4368932038834951
knn,10,2013-2014,113-1,teste_104.csv,1,2014-01-13,16,1,0,0.2857142857142857,104,0.4326923076923077
knn,10,2013-2014,114-1,teste_105.csv,1,2014-01-13,16,0,0,0.1428571428571428,105,0.4380952380952381
knn,10,2013-2014,115-1,teste_106.csv,1,2014-01-13,16,1,0,0.4545454545454545,106,0.4339622641509434
knn,10,2013-2014,116-1,teste_107.csv,1,2014-01-13,16,1,1,0.5714285714285714,107,0.4392523364485981
knn,10,2013-2014,117-1,teste_108.csv,1,2014-01-16,17,0,0,0.4285714285714285,108,0.4444444444444444
knn,10,2013-2014,118-1,teste_109.csv,1,2014-01-16,17,1,1,0.6666666666666666,109,0.4495412844036697
knn,10,2013-2014,119-1,teste_110.csv,1,2014-01-16,17,1,0,0.3333333333333333,110,0.4454545454545454
knn,10,2013-2014,120-1,teste_111.csv,1,2014-01-16,17,1,1,0.6666666666666666,111,0.4504504504504504
knn,10,2013-2014,121-1,teste_112.csv,1,2014-01-16,17,1,1,0.6666666666666666,112,0.4553571428571428
knn,10,2013-2014,122-1,teste_113.csv,1,2014-01-16,17,1,1,1.0,113,0.4601769911504424
knn,10,2013-2014,123-1,teste_114.csv,1,2014-01-16,17,0,0,0.0,114,0.4649122807017544
knn,10,2013-2014,124-1,teste_115.csv,1,2014-01-18,18,0,0,0.0,115,0.4695652173913043
knn,10,2013-2014,125-1,teste_116.csv,1,2014-01-18,18,1,1,0.7142857142857143,116,0.4741379310344827
knn,10,2013-2014,126-1,teste_117.csv,1,2014-01-18,18,1,1,0.7142857142857143,117,0.4786324786324786
knn,10,2013-2014,127-1,teste_118.csv,1,2014-01-18,18,0,1,0.8,118,0.4745762711864407
knn,10,2013-2014,128-1,teste_119.csv,1,2014-01-18,18,1,1,0.6,119,0.4789915966386555
knn,10,2013-2014,129-1,teste_120.csv,1,2014-01-18,18,1,1,0.6666666666666666,120,0.4833333333333333
knn,10,2013-2014,130-1,teste_121.csv,1,2014-01-18,18,0,0,0.4,121,0.4876033057851239
knn,10,2013-2014,131-1,teste_122.csv,1,2014-01-18,18,1,1,0.8571428571428571,122,0.4918032786885246
knn,10,2013-2014,132-1,teste_123.csv,1,2014-01-20,6,1,1,0.7142857142857143,123,0.4959349593495935
knn,10,2013-2014,133-1,teste_124.csv,1,2014-01-23,1,0,1,0.5714285714285714,124,0.4919354838709677
knn,10,2013-2014,134-1,teste_125.csv,1,2014-01-23,1,0,1,0.7142857142857143,125,0.488
knn,10,2013-2014,135-1,teste_126.csv,1,2014-01-23,1,1,1,0.6666666666666666,126,0.492063492063492
knn,10,2013-2014,136-1,teste_127.csv,1,2014-01-23,1,0,0,0.4444444444444444,127,0.4960629921259842
knn,10,2013-2014,137-1,teste_128.csv,1,2014-01-23,2,0,0,0.4285714285714285,128,0.5
knn,10,2013-2014,138-1,teste_129.csv,1,2014-01-23,2,1,1,0.7142857142857143,129,0.5038759689922481
knn,10,2013-2014,139-1,teste_130.csv,1,2014-01-25,1,0,1,0.5714285714285714,130,0.5
knn,10,2013-2014,140-1,teste_131.csv,1,2014-01-25,1,0,1,0.5714285714285714,131,0.4961832061068702
knn,10,2013-2014,141-1,teste_132.csv,1,2014-01-25,2,0,0,0.1571516136069191,132,0.5
knn,10,2013-2014,142-1,teste_133.csv,1,2014-01-25,2,1,0,0.1627629852405328,133,0.4962406015037593
knn,10,2013-2014,143-1,teste_134.csv,1,2014-01-25,2,1,0,0.3219150170324602,134,0.4925373134328358
knn,10,2013-2014,144-1,teste_135.csv,1,2014-01-25,2,1,0,0.4545454545454545,135,0.4888888888888889
knn,10,2013-2014,145-1,teste_136.csv,1,2014-01-25,2,1,0,0.4285714285714285,136,0.4852941176470588
knn,10,2013-2014,146-1,teste_137.csv,1,2014-01-27,8,1,1,0.7142857142857143,137,0.4890510948905109
knn,10,2013-2014,147-1,teste_138.csv,1,2014-01-28,5,1,1,0.8571428571428571,138,0.4927536231884058
knn,10,2013-2014,148-1,teste_139.csv,1,2014-01-28,5,1,1,0.5714285714285714,139,0.4964028776978417
knn,10,2013-2014,149-1,teste_140.csv,1,2014-01-30,3,1,1,0.7142857142857143,140,0.5
knn,10,2013-2014,150-1,teste_141.csv,1,2014-01-30,3,1,0,0.4285714285714285,141,0.4964539007092198
knn,10,2013-2014,151-1,teste_142.csv,1,2014-01-30,3,1,1,0.8571428571428571,142,0.5
knn,10,2013-2014,152-1,teste_143.csv,1,2014-01-30,3,1,1,0.7142857142857143,143,0.5034965034965035
knn,10,2013-2014,153-1,teste_144.csv,1,2014-01-30,3,1,0,0.2857142857142857,144,0.5
knn,10,2013-2014,154-1,teste_145.csv,1,2014-01-30,3,1,1,0.5714285714285714,145,0.503448275862069
knn,10,2013-2014,155-1,teste_146.csv,1,2014-02-01,4,1,1,0.6666666666666666,146,0.5068493150684932
knn,10,2013-2014,156-1,teste_147.csv,1,2014-02-01,4,0,1,0.6363636363636364,147,0.5034013605442177
knn,10,2013-2014,157-1,teste_148.csv,1,2014-02-01,4,0,1,0.6,148,0.5
knn,10,2013-2014,158-1,teste_149.csv,1,2014-02-01,4,1,1,0.6,149,0.5033557046979866
knn,10,2013-2014,159-1,teste_150.csv,1,2014-02-01,4,1,1,0.5485568912811837,150,0.5066666666666667
knn,10,2013-2014,160-1,teste_151.csv,1,2014-02-01,4,0,1,0.6666666666666666,151,0.5033112582781457
knn,10,2013-2014,161-1,teste_152.csv,1,2014-02-01,4,0,0,0.3333333333333333,152,0.506578947368421
knn,10,2013-2014,162-1,teste_153.csv,1,2014-02-03,3,0,0,0.3356142850714099,153,0.5098039215686274
knn,10,2013-2014,163-1,teste_154.csv,1,2014-02-03,7,1,1,0.7777777777777778,154,0.512987012987013
knn,10,2013-2014,164-1,teste_155.csv,1,2014-02-06,5,1,1,0.5555555555555556,155,0.5161290322580645
knn,10,2013-2014,165-1,teste_156.csv,1,2014-02-06,5,0,0,0.0,156,0.5192307692307693
knn,10,2013-2014,166-1,teste_157.csv,1,2014-02-06,5,0,1,1.0,157,0.5159235668789809
knn,10,2013-2014,167-1,teste_158.csv,1,2014-02-06,5,0,0,0.2727272727272727,158,0.5189873417721519
knn,10,2013-2014,168-1,teste_159.csv,1,2014-02-06,5,1,0,0.2727272727272727,159,0.5157232704402516
knn,10,2013-2014,169-1,teste_160.csv,1,2014-02-06,5,0,0,0.3333333333333333,160,0.51875
knn,10,2013-2014,170-1,teste_161.csv,1,2014-02-06,5,0,0,0.3333333333333333,161,0.5217391304347826
knn,10,2013-2014,171-1,teste_162.csv,1,2014-02-08,6,1,1,0.8,162,0.5246913580246914
knn,10,2013-2014,172-1,teste_163.csv,1,2014-02-08,6,1,1,0.6,163,0.5276073619631901
knn,10,2013-2014,173-1,teste_164.csv,1,2014-02-08,6,1,1,0.5714285714285714,164,0.5304878048780488
knn,10,2013-2014,174-1,teste_165.csv,1,2014-02-08,6,0,0,0.2857142857142857,165,0.5333333333333333
knn,10,2013-2014,175-1,teste_166.csv,1,2014-02-08,6,1,0,0.4285714285714285,166,0.5301204819277109
knn,10,2013-2014,176-1,teste_167.csv,1,2014-02-08,6,0,0,0.4285714285714285,167,0.5329341317365269
knn,10,2013-2014,177-1,teste_168.csv,1,2014-02-08,6,1,1,0.6666666666666666,168,0.5357142857142857
knn,10,2013-2014,178-1,teste_169.csv,1,2014-02-10,4,1,1,0.6666666666666666,169,0.5384615384615384
knn,10,2013-2014,179-1,teste_170.csv,1,2014-02-11,2,0,1,0.6666666666666666,170,0.5352941176470588
knn,10,2013-2014,180-1,teste_171.csv,1,2014-02-13,7,1,1,1.0,171,0.5380116959064327
knn,10,2013-2014,181-1,teste_172.csv,1,2014-02-13,7,1,0,0.3333333333333333,172,0.5348837209302325
knn,10,2013-2014,182-1,teste_173.csv,1,2014-02-13,7,0,1,0.6666666666666666,173,0.5317919075144508
knn,10,2013-2014,183-1,teste_174.csv,1,2014-02-13,7,0,0,0.3333333333333333,174,0.5344827586206896
knn,10,2013-2014,184-1,teste_175.csv,1,2014-02-13,7,1,1,1.0,175,0.5371428571428571
knn,10,2013-2014,185-1,teste_176.csv,1,2014-02-13,7,1,0,0.3333333333333333,176,0.5340909090909091
knn,10,2013-2014,186-1,teste_177.csv,1,2014-02-15,8,1,0,0.3333333333333333,177,0.5310734463276836
knn,10,2013-2014,187-1,teste_178.csv,1,2014-02-15,8,1,1,0.6666666666666666,178,0.5337078651685393
knn,10,2013-2014,188-1,teste_179.csv,1,2014-02-15,8,1,1,1.0,179,0.5363128491620112
knn,10,2013-2014,189-1,teste_180.csv,1,2014-02-15,8,0,0,0.3333333333333333,180,0.5388888888888889
knn,10,2013-2014,190-1,teste_181.csv,1,2014-02-15,8,1,1,0.6666666666666666,181,0.5414364640883977
knn,10,2013-2014,191-1,teste_182.csv,1,2014-02-15,8,1,1,0.5454545454545454,182,0.5439560439560439
knn,10,2013-2014,192-1,teste_183.csv,1,2014-02-15,8,1,0,0.3333333333333333,183,0.5409836065573771
knn,10,2013-2014,193-1,teste_184.csv,1,2014-02-18,1,0,1,0.6,184,0.5380434782608695
knn,10,2013-2014,194-1,teste_185.csv,1,2014-02-18,6,1,1,0.6666666666666666,185,0.5405405405405406
knn,10,2013-2014,195-1,teste_186.csv,1,2014-02-25,9,0,1,0.6666666666666666,186,0.5376344086021505
knn,10,2013-2014,196-1,teste_187.csv,1,2014-02-25,9,0,0,0.2727272727272727,187,0.5401069518716578
knn,10,2013-2014,197-1,teste_188.csv,1,2014-02-25,9,1,1,0.6666666666666666,188,0.5425531914893617
knn,10,2013-2014,198-1,teste_189.csv,1,2014-02-25,9,0,0,0.4545454545454545,189,0.544973544973545
knn,10,2013-2014,199-1,teste_190.csv,1,2014-02-25,9,1,0,0.0,190,0.5421052631578948
knn,10,2013-2014,200-1,teste_191.csv,1,2014-02-25,9,0,0,0.3333333333333333,191,0.5445026178010471
knn,10,2013-2014,201-1,teste_192.csv,1,2014-02-25,9,0,1,0.6666666666666666,192,0.5416666666666666
knn,10,2013-2014,202-1,teste_193.csv,1,2014-02-25,9,1,1,1.0,193,0.5440414507772021
knn,10,2013-2014,203-1,teste_194.csv,1,2014-02-27,10,1,1,0.6666666666666666,194,0.5463917525773195
knn,10,2013-2014,204-1,teste_195.csv,1,2014-02-27,10,1,1,0.6666666666666666,195,0.5487179487179488
knn,10,2013-2014,205-1,teste_196.csv,1,2014-02-27,10,0,0,0.3333333333333333,196,0.5510204081632653
knn,10,2013-2014,206-1,teste_197.csv,1,2014-02-27,10,1,0,0.0,197,0.5482233502538071
knn,10,2013-2014,207-1,teste_198.csv,1,2014-02-27,10,1,0,0.0,198,0.5454545454545454
knn,10,2013-2014,208-1,teste_199.csv,1,2014-03-06,11,0,1,0.6666666666666666,199,0.542713567839196
knn,10,2013-2014,209-1,teste_200.csv,1,2014-03-06,11,1,0,0.3333333333333333,200,0.54
knn,10,2013-2014,210-1,teste_201.csv,1,2014-03-06,11,1,1,0.6666666666666666,201,0.5422885572139303
knn,10,2013-2014,211-1,teste_202.csv,1,2014-03-06,11,1,1,1.0,202,0.5445544554455446
knn,10,2013-2014,212-1,teste_203.csv,1,2014-03-06,11,1,1,0.6666666666666666,203,0.5467980295566502
knn,10,2013-2014,213-1,teste_204.csv,1,2014-03-08,12,1,0,0.3333333333333333,204,0.5441176470588235
knn,10,2013-2014,214-1,teste_205.csv,1,2014-03-08,12,0,1,0.6666666666666666,205,0.5414634146341464
knn,10,2013-2014,215-1,teste_206.csv,1,2014-03-08,12,1,0,0.3333333333333333,206,0.5388349514563107
knn,10,2013-2014,216-1,teste_207.csv,1,2014-03-08,12,1,1,1.0,207,0.5410628019323671
knn,10,2013-2014,217-1,teste_208.csv,1,2014-03-08,12,1,1,1.0,208,0.5432692307692307
knn,10,2013-2014,218-1,teste_209.csv,1,2014-03-08,12,1,1,1.0,209,0.5454545454545454
knn,10,2013-2014,219-1,teste_210.csv,1,2014-03-08,12,0,1,1.0,210,0.5428571428571428
knn,10,2013-2014,220-1,teste_211.csv,1,2014-03-10,11,1,1,0.6666666666666666,211,0.5450236966824644
knn,10,2013-2014,221-1,teste_212.csv,1,2014-03-10,11,1,1,1.0,212,0.5471698113207547
knn,10,2013-2014,222-1,teste_213.csv,1,2014-03-13,13,1,0,0.3333333333333333,213,0.5446009389671361
knn,10,2013-2014,223-1,teste_214.csv,1,2014-03-13,13,1,0,0.2,214,0.5420560747663551
knn,10,2013-2014,224-1,teste_215.csv,1,2014-03-13,13,1,1,1.0,215,0.5441860465116279
knn,10,2013-2014,225-1,teste_216.csv,1,2014-03-13,13,1,1,0.6,216,0.5462962962962963
knn,10,2013-2014,226-1,teste_217.csv,1,2014-03-13,13,0,0,0.1428571428571428,217,0.5483870967741935
knn,10,2013-2014,227-1,teste_218.csv,1,2014-03-13,13,0,0,0.4285714285714285,218,0.5504587155963303
knn,10,2013-2014,228-1,teste_219.csv,1,2014-03-13,13,1,1,0.7142857142857143,219,0.5525114155251142
knn,10,2013-2014,230-1,teste_221.csv,1,2014-03-15,10,0,0,0.4285714285714285,220,0.5545454545454546
knn,10,2013-2014,229-1,teste_220.csv,1,2014-03-15,14,0,1,0.7142857142857143,221,0.5520361990950227
knn,10,2013-2014,231-1,teste_222.csv,1,2014-03-15,14,1,1,0.8571428571428571,222,0.5540540540540541
knn,10,2013-2014,232-1,teste_223.csv,1,2014-03-15,14,0,0,0.1428571428571428,223,0.5560538116591929
knn,10,2013-2014,233-1,teste_224.csv,1,2014-03-15,14,1,1,0.8571428571428571,224,0.5580357142857143
knn,10,2013-2014,234-1,teste_225.csv,1,2014-03-15,14,1,1,1.0,225,0.56
knn,10,2013-2014,235-1,teste_226.csv,1,2014-03-15,14,1,1,0.5714285714285714,226,0.5619469026548672
knn,10,2013-2014,236-1,teste_227.csv,1,2014-03-15,14,1,0,0.2857142857142857,227,0.5594713656387665
knn,10,2013-2014,237-1,teste_228.csv,1,2014-03-17,12,0,1,0.5714285714285714,228,0.5570175438596491
knn,10,2013-2014,238-1,teste_229.csv,1,2014-03-17,14,0,1,0.6666666666666666,229,0.5545851528384279
knn,10,2013-2014,239-1,teste_230.csv,1,2014-03-20,15,1,1,0.6666666666666666,230,0.5565217391304348
knn,10,2013-2014,240-1,teste_231.csv,1,2014-03-20,15,0,1,1.0,231,0.5541125541125541
knn,10,2013-2014,241-1,teste_232.csv,1,2014-03-20,15,0,1,0.8571428571428571,232,0.5517241379310345
knn,10,2013-2014,242-1,teste_233.csv,1,2014-03-20,15,0,1,0.8571428571428571,233,0.5493562231759657
knn,10,2013-2014,243-1,teste_234.csv,1,2014-03-22,16,1,0,0.4285714285714285,234,0.5470085470085471
knn,10,2013-2014,244-1,teste_235.csv,1,2014-03-22,16,0,0,0.4285714285714285,235,0.548936170212766
knn,10,2013-2014,245-1,teste_236.csv,1,2014-03-22,16,1,1,0.5714285714285714,236,0.5508474576271186
knn,10,2013-2014,246-1,teste_237.csv,1,2014-03-22,16,1,1,0.7142857142857143,237,0.5527426160337553
knn,10,2013-2014,247-1,teste_238.csv,1,2014-03-22,16,1,1,0.5714285714285714,238,0.5546218487394958
knn,10,2013-2014,248-1,teste_239.csv,1,2014-03-25,11,0,0,0.2857142857142857,239,0.5564853556485355
knn,10,2013-2014,249-1,teste_240.csv,1,2014-03-25,17,1,1,0.8571428571428571,240,0.5583333333333333
knn,10,2013-2014,251-1,teste_242.csv,1,2014-03-27,12,1,1,1.0,241,0.5601659751037344
knn,10,2013-2014,250-1,teste_241.csv,1,2014-03-27,17,1,1,0.8571428571428571,242,0.5619834710743802
knn,10,2013-2014,252-1,teste_243.csv,1,2014-03-27,17,1,1,0.5714285714285714,243,0.5637860082304527
knn,10,2013-2014,253-1,teste_244.csv,1,2014-03-27,17,0,1,0.5714285714285714,244,0.5614754098360656
knn,10,2013-2014,254-1,teste_245.csv,1,2014-03-27,17,1,1,0.5714285714285714,245,0.563265306122449
knn,10,2013-2014,255-1,teste_246.csv,1,2014-03-27,17,1,0,0.2857142857142857,246,0.5609756097560976
knn,10,2013-2014,256-1,teste_247.csv,1,2014-03-27,17,1,0,0.4285714285714285,247,0.5587044534412956
knn,10,2013-2014,257-1,teste_248.csv,1,2014-03-29,18,1,0,0.2857142857142857,248,0.5564516129032258
knn,10,2013-2014,258-1,teste_249.csv,1,2014-03-29,18,1,1,0.8571428571428571,249,0.5582329317269076
knn,10,2013-2014,259-1,teste_250.csv,1,2014-03-29,18,1,1,0.7142857142857143,250,0.56
knn,10,2013-2014,260-1,teste_251.csv,1,2014-03-29,18,0,0,0.2857142857142857,251,0.5617529880478087
knn,10,2013-2014,261-1,teste_252.csv,1,2014-03-29,18,1,1,0.8571428571428571,252,0.5634920634920635
knn,10,2013-2014,262-1,teste_253.csv,1,2014-03-29,18,1,1,0.7142857142857143,253,0.5652173913043478
knn,10,2013-2014,263-1,teste_254.csv,1,2014-03-29,18,0,1,0.5714285714285714,254,0.562992125984252
knn,10,2013-2014,264-1,teste_255.csv,1,2014-03-29,18,1,1,1.0,255,0.5647058823529412
knn,10,2013-2014,265-1,teste_256.csv,1,2014-03-31,10,0,1,0.5714285714285714,256,0.5625
knn,10,2013-2014,266-1,teste_257.csv,1,2014-04-01,15,1,1,1.0,257,0.5642023346303502
knn,10,2013-2014,267-1,teste_258.csv,1,2014-04-01,15,1,0,0.4,258,0.562015503875969
knn,10,2013-2014,268-1,teste_259.csv,1,2014-04-01,15,1,1,1.0,259,0.5637065637065637
knn,10,2013-2014,269-1,teste_260.csv,1,2014-04-03,16,1,1,0.8888888888888888,260,0.5653846153846154
knn,10,2013-2014,270-1,teste_261.csv,1,2014-04-03,16,0,1,0.6,261,0.5632183908045977
knn,10,2013-2014,271-1,teste_262.csv,1,2014-04-03,16,1,1,1.0,262,0.5648854961832062
knn,10,2013-2014,272-1,teste_263.csv,1,2014-04-06,1,0,1,0.7777777777777778,263,0.5627376425855514
knn,10,2013-2014,273-1,teste_264.csv,1,2014-04-07,1,1,1,0.8571428571428571,264,0.5643939393939394
knn,10,2013-2014,274-1,teste_265.csv,1,2014-04-08,2,1,1,0.7142857142857143,265,0.5660377358490566
knn,10,2013-2014,275-1,teste_266.csv,1,2014-04-09,1,1,1,0.5714285714285714,266,0.5676691729323309
knn,10,2013-2014,276-1,teste_267.csv,1,2014-04-09,1,1,1,0.7142857142857143,267,0.5692883895131086
knn,10,2013-2014,277-1,teste_268.csv,1,2014-04-09,2,1,1,1.0,268,0.5708955223880597
knn,10,2013-2014,278-1,teste_269.csv,1,2014-04-11,2,0,1,0.8571428571428571,269,0.5687732342007435
knn,10,2013-2014,279-1,teste_270.csv,1,2014-04-11,2,1,1,0.7142857142857143,270,0.5703703703703704
knn,10,2013-2014,280-1,teste_271.csv,1,2014-04-12,3,0,1,1.0,271,0.5682656826568265
knn,10,2013-2014,281-1,teste_272.csv,1,2014-04-13,3,1,1,0.8181818181818182,272,0.5698529411764706
knn,10,2013-2014,282-1,teste_273.csv,1,2014-04-14,3,0,1,0.6363636363636364,273,0.5677655677655677
knn,10,2013-2014,283-1,teste_274.csv,1,2014-04-14,4,1,1,0.7272727272727273,274,0.5693430656934306
knn,10,2013-2014,284-1,teste_275.csv,1,2014-04-15,3,1,1,0.8181818181818182,275,0.5709090909090909
knn,10,2013-2014,285-1,teste_276.csv,1,2014-04-15,4,1,1,0.9090909090909092,276,0.572463768115942
knn,10,2013-2014,286-1,teste_277.csv,1,2014-04-17,4,1,1,0.7272727272727273,277,0.5740072202166066
knn,10,2013-2014,287-1,teste_278.csv,1,2014-04-18,5,0,1,0.8,278,0.5719424460431655
knn,10,2013-2014,288-1,teste_279.csv,1,2014-04-19,5,1,1,1.0,279,0.5734767025089605
knn,10,2013-2014,289-1,teste_280.csv,1,2014-04-25,1,1,1,0.6,280,0.575
knn,10,2013-2014,290-1,teste_281.csv,1,2014-04-26,1,0,1,0.7272727272727273,281,0.5729537366548043
knn,10,2013-2014,291-1,teste_282.csv,1,2014-04-26,1,0,1,0.6666666666666666,282,0.5709219858156028
knn,10,2013-2014,293-1,teste_284.csv,1,2014-04-27,1,1,1,0.8181818181818182,283,0.5724381625441696
knn,10,2013-2014,292-1,teste_283.csv,1,2014-04-27,2,1,1,0.6666666666666666,284,0.573943661971831
knn,10,2013-2014,294-1,teste_285.csv,1,2014-04-28,2,0,0,0.4444444444444444,285,0.5754385964912281
knn,10,2013-2014,295-1,teste_286.csv,1,2014-04-28,2,1,1,0.5454545454545454,286,0.5769230769230769
knn,10,2013-2014,296-1,teste_287.csv,1,2014-04-29,2,0,1,0.8181818181818182,287,0.5749128919860628
knn,10,2013-2014,297-1,teste_288.csv,1,2014-05-02,3,1,1,0.5454545454545454,288,0.5763888888888888
knn,10,2013-2014,298-1,teste_289.csv,1,2014-05-02,3,1,1,0.8181818181818182,289,0.5778546712802768
knn,10,2013-2014,299-1,teste_290.csv,1,2014-05-03,3,0,1,0.5454545454545454,290,0.5758620689655173
knn,10,2013-2014,300-1,teste_291.csv,1,2014-05-04,3,0,1,0.5454545454545454,291,0.5738831615120275
knn,10,2013-2014,301-1,teste_292.csv,1,2014-05-05,4,0,0,0.3636363636363636,292,0.5753424657534246
knn,10,2013-2014,302-1,teste_293.csv,1,2014-05-05,4,1,1,0.7272727272727273,293,0.5767918088737202
knn,10,2013-2014,303-1,teste_294.csv,1,2014-05-06,4,1,1,0.5454545454545454,294,0.5782312925170068
knn,10,2013-2014,304-1,teste_295.csv,1,2014-05-09,5,1,1,0.8181818181818182,295,0.5796610169491525
knn,10,2013-2014,305-1,teste_296.csv,1,2014-05-09,5,0,0,0.4545454545454545,296,0.581081081081081
knn,10,2013-2014,306-1,teste_297.csv,1,2014-05-12,1,1,1,0.5454545454545454,297,0.5824915824915825
knn,10,2013-2014,307-1,teste_298.csv,1,2014-05-13,1,1,1,0.6363636363636364,298,0.5838926174496645
knn,10,2013-2014,308-1,teste_299.csv,1,2014-05-14,2,0,1,0.5555555555555556,299,0.5819397993311036
knn,10,2013-2014,309-1,teste_300.csv,1,2014-05-15,2,0,1,0.6363636363636364,300,0.58
knn,10,2013-2014,310-1,teste_301.csv,1,2014-05-17,3,0,0,0.3636363636363636,301,0.5813953488372093
knn,10,2013-2014,311-1,teste_302.csv,1,2014-05-18,3,0,1,0.5555555555555556,302,0.5794701986754967
knn,10,2013-2014,312-1,teste_303.csv,1,2014-05-19,4,0,0,0.3333333333333333,303,0.5808580858085809
knn,10,2013-2014,313-1,teste_304.csv,1,2014-05-20,4,1,0,0.4,304,0.5789473684210527
knn,10,2013-2014,314-1,teste_305.csv,1,2014-05-23,5,1,0,0.4,305,0.5770491803278689
knn,10,2014-2015,10-1,teste_1.csv,1,2014-11-07,2,1,1,0.8,1,1.0
knn,10,2014-2015,11-1,teste_2.csv,1,2014-11-07,2,1,1,0.8,2,1.0
knn,10,2014-2015,12-1,teste_3.csv,1,2014-11-07,2,0,1,0.6,3,0.6666666666666666
knn,10,2014-2015,13-1,teste_4.csv,1,2014-11-07,2,0,1,0.8,4,0.5
knn,10,2014-2015,14-1,teste_5.csv,1,2014-11-11,3,1,1,0.8,5,0.6
knn,10,2014-2015,15-1,teste_6.csv,1,2014-11-11,3,1,1,0.6666666666666666,6,0.6666666666666666
knn,10,2014-2015,16-1,teste_7.csv,1,2014-11-12,3,1,1,0.6666666666666666,7,0.7142857142857143
knn,10,2014-2015,17-1,teste_8.csv,1,2014-11-12,3,0,1,0.6666666666666666,8,0.625
knn,10,2014-2015,18-1,teste_9.csv,1,2014-11-12,3,1,0,0.3333333333333333,9,0.5555555555555556
knn,10,2014-2015,19-1,teste_10.csv,1,2014-11-13,4,1,1,0.6666666666666666,10,0.6
knn,10,2014-2015,20-1,teste_11.csv,1,2014-11-14,4,0,1,1.0,11,0.5454545454545454
knn,10,2014-2015,21-1,teste_12.csv,1,2014-11-14,4,0,1,0.6666666666666666,12,0.5
knn,10,2014-2015,22-1,teste_13.csv,1,2014-11-14,4,1,1,0.812320000773,13,0.5384615384615384
knn,10,2014-2015,23-1,teste_14.csv,1,2014-11-16,4,1,1,0.5962747116583236,14,0.5714285714285714
knn,10,2014-2015,24-1,teste_15.csv,1,2014-11-17,2,1,1,1.0,15,0.6
knn,10,2014-2015,25-1,teste_16.csv,1,2014-11-18,5,1,1,0.6833041355338045,16,0.625
knn,10,2014-2015,26-1,teste_17.csv,1,2014-11-18,5,1,0,0.260164961616005,17,0.5882352941176471
knn,10,2014-2015,27-1,teste_18.csv,1,2014-11-18,5,1,1,0.6815387310470039,18,0.6111111111111112
knn,10,2014-2015,28-1,teste_19.csv,1,2014-11-18,5,1,1,0.6672062387500679,19,0.631578947368421
knn,10,2014-2015,29-1,teste_20.csv,1,2014-11-19,5,1,0,0.3470468010161065,20,0.6
knn,10,2014-2015,30-1,teste_21.csv,1,2014-11-19,5,1,1,0.6695896936241637,21,0.6190476190476191
knn,10,2014-2015,31-1,teste_22.csv,1,2014-11-19,5,1,1,0.66187064789272,22,0.6363636363636364
knn,10,2014-2015,32-1,teste_23.csv,1,2014-11-19,5,1,1,0.67140972268308,23,0.6521739130434783
knn,10,2014-2015,33-1,teste_24.csv,1,2014-11-20,6,1,1,1.0,24,0.6666666666666666
knn,10,2014-2015,34-1,teste_25.csv,1,2014-11-20,6,1,1,0.6772486671423188,25,0.68
knn,10,2014-2015,35-1,teste_26.csv,1,2014-11-20,6,0,1,1.0,26,0.6538461538461539
knn,10,2014-2015,36-1,teste_27.csv,1,2014-11-20,6,1,1,0.7093861002175553,27,0.6666666666666666
knn,10,2014-2015,37-1,teste_28.csv,1,2014-11-21,6,1,1,1.0,28,0.6785714285714286
knn,10,2014-2015,38-1,teste_29.csv,1,2014-11-21,6,1,1,1.0,29,0.6896551724137931
knn,10,2014-2015,39-1,teste_30.csv,1,2014-11-21,6,0,1,1.0,30,0.6666666666666666
knn,10,2014-2015,40-1,teste_31.csv,1,2014-11-21,6,1,1,1.0,31,0.6774193548387096
knn,10,2014-2015,41-1,teste_32.csv,1,2014-11-23,3,0,1,1.0,32,0.65625
knn,10,2014-2015,42-1,teste_33.csv,1,2014-11-25,7,1,1,0.8096571239729201,33,0.6666666666666666
knn,10,2014-2015,43-1,teste_34.csv,1,2014-11-25,7,1,1,1.0,34,0.6764705882352942
knn,10,2014-2015,44-1,teste_35.csv,1,2014-11-26,7,1,1,0.6765861751532305,35,0.6857142857142857
knn,10,2014-2015,45-1,teste_36.csv,1,2014-11-26,7,1,1,1.0,36,0.6944444444444444
knn,10,2014-2015,46-1,teste_37.csv,1,2014-11-26,7,0,1,0.6538257457520712,37,0.6756756756756757
knn,10,2014-2015,47-1,teste_38.csv,1,2014-11-27,8,0,1,1.0,38,0.6578947368421053
knn,10,2014-2015,48-1,teste_39.csv,1,2014-11-27,8,1,1,0.6666666666666666,39,0.6666666666666666
knn,10,2014-2015,49-1,teste_40.csv,1,2014-11-27,8,1,1,0.8,40,0.675
knn,10,2014-2015,50-1,teste_41.csv,1,2014-11-28,8,0,1,0.6666666666666666,41,0.6585365853658537
knn,10,2014-2015,51-1,teste_42.csv,1,2014-11-28,8,0,1,0.6666666666666666,42,0.6428571428571429
knn,10,2014-2015,52-1,teste_43.csv,1,2014-11-28,8,0,0,0.3333333333333333,43,0.6511627906976745
knn,10,2014-2015,53-1,teste_44.csv,1,2014-11-30,4,0,0,0.4285714285714285,44,0.6590909090909091
knn,10,2014-2015,54-1,teste_45.csv,1,2014-12-03,8,1,1,0.5454545454545454,45,0.6666666666666666
knn,10,2014-2015,55-1,teste_46.csv,1,2014-12-05,7,0,1,0.6666666666666666,46,0.6521739130434783
knn,10,2014-2015,56-1,teste_47.csv,1,2014-12-07,1,0,1,0.6363636363636364,47,0.6382978723404256
knn,10,2014-2015,57-1,teste_48.csv,1,2014-12-07,3,1,0,0.4,48,0.625
knn,10,2014-2015,58-1,teste_49.csv,1,2014-12-09,9,0,1,0.8,49,0.6122448979591837
knn,10,2014-2015,59-1,teste_50.csv,1,2014-12-09,9,0,0,0.4453527280483549,50,0.62
knn,10,2014-2015,60-1,teste_51.csv,1,2014-12-09,9,1,0,0.319900574668143,51,0.6078431372549019
knn,10,2014-2015,61-1,teste_52.csv,1,2014-12-09,9,0,0,0.4312620298801203,52,0.6153846153846154
knn,10,2014-2015,62-1,teste_53.csv,1,2014-12-10,9,1,0,0.4531681123397967,53,0.6037735849056604
knn,10,2014-2015,63-1,teste_54.csv,1,2014-12-10,9,1,1,0.5205421065814042,54,0.6111111111111112
knn,10,2014-2015,64-1,teste_55.csv,1,2014-12-10,9,0,0,0.4281730641468173,55,0.6181818181818182
knn,10,2014-2015,65-1,teste_56.csv,1,2014-12-10,9,0,0,0.2857142857142857,56,0.625
knn,10,2014-2015,66-1,teste_57.csv,1,2014-12-11,10,1,0,0.3357787685864465,57,0.6140350877192983
knn,10,2014-2015,67-1,teste_58.csv,1,2014-12-11,10,0,0,0.4784497448810172,58,0.6206896551724138
knn,10,2014-2015,68-1,teste_59.csv,1,2014-12-11,10,0,0,0.3057410933901911,59,0.6271186440677966
knn,10,2014-2015,69-1,teste_60.csv,1,2014-12-11,10,1,0,0.3333333333333333,60,0.6166666666666667
knn,10,2014-2015,70-1,teste_61.csv,1,2014-12-12,10,0,0,0.3333333333333333,61,0.6229508196721312
knn,10,2014-2015,71-1,teste_62.csv,1,2014-12-12,10,0,1,0.5960125254290783,62,0.6129032258064516
knn,10,2014-2015,72-1,teste_63.csv,1,2014-12-12,10,0,0,0.2438053773414366,63,0.6190476190476191
knn,10,2014-2015,73-1,teste_64.csv,1,2014-12-12,10,1,0,0.4255019366521173,64,0.609375
knn,10,2014-2015,74-1,teste_65.csv,1,2014-12-16,11,1,1,0.5980191708893781,65,0.6153846153846154
knn,10,2014-2015,75-1,teste_66.csv,1,2014-12-16,11,0,0,0.3182145382448197,66,0.6212121212121212
knn,10,2014-2015,76-1,teste_67.csv,1,2014-12-16,11,1,1,0.602736794953277,67,0.6268656716417911
knn,10,2014-2015,77-1,teste_68.csv,1,2014-12-16,11,1,0,0.4325335759590725,68,0.6176470588235294
knn,10,2014-2015,78-1,teste_69.csv,1,2014-12-17,11,0,0,0.2857142857142857,69,0.6231884057971014
knn,10,2014-2015,79-1,teste_70.csv,1,2014-12-17,11,1,0,0.4,70,0.6142857142857143
knn,10,2014-2015,80-1,teste_71.csv,1,2014-12-17,11,0,0,0.4,71,0.6197183098591549
knn,10,2014-2015,81-1,teste_72.csv,1,2014-12-17,11,1,1,0.6666666666666666,72,0.625
knn,10,2014-2015,82-1,teste_73.csv,1,2014-12-18,12,1,1,1.0,73,0.6301369863013698
knn,10,2014-2015,83-1,teste_74.csv,1,2014-12-18,12,0,0,0.3333333333333333,74,0.6351351351351351
knn,10,2014-2015,84-1,teste_75.csv,1,2014-12-18,12,0,1,0.6666666666666666,75,0.6266666666666667
knn,10,2014-2015,85-1,teste_76.csv,1,2014-12-18,12,0,1,0.6666666666666666,76,0.618421052631579
knn,10,2014-2015,86-1,teste_77.csv,1,2014-12-19,12,1,1,0.6666666666666666,77,0.6233766233766234
knn,10,2014-2015,87-1,teste_78.csv,1,2014-12-19,12,1,0,0.3333333333333333,78,0.6153846153846154
knn,10,2014-2015,88-1,teste_79.csv,1,2014-12-19,12,1,1,1.0,79,0.620253164556962
knn,10,2014-2015,89-1,teste_80.csv,1,2014-12-19,12,0,0,0.0,80,0.625
knn,10,2014-2015,90-1,teste_81.csv,1,2014-12-21,13,0,0,0.3333333333333333,81,0.6296296296296297
knn,10,2014-2015,91-1,teste_82.csv,1,2014-12-22,13,1,1,0.6666666666666666,82,0.6341463414634146
knn,10,2014-2015,92-1,teste_83.csv,1,2014-12-22,13,1,1,1.0,83,0.6385542168674698
knn,10,2014-2015,93-1,teste_84.csv,1,2014-12-22,13,1,1,0.6666666666666666,84,0.6428571428571429
knn,10,2014-2015,94-1,teste_85.csv,1,2014-12-22,13,1,0,0.0,85,0.6352941176470588
knn,10,2014-2015,95-1,teste_86.csv,1,2014-12-22,13,0,1,0.6666666666666666,86,0.627906976744186
knn,10,2014-2015,96-1,teste_87.csv,1,2014-12-22,13,0,0,0.0,87,0.632183908045977
knn,10,2014-2015,97-1,teste_88.csv,1,2014-12-23,13,0,1,0.6666666666666666,88,0.625
knn,10,2014-2015,100-1,teste_91.csv,1,2015-01-06,14,0,0,0.3333333333333333,89,0.6292134831460674
knn,10,2014-2015,101-1,teste_92.csv,1,2015-01-06,14,0,1,0.6666666666666666,90,0.6222222222222222
knn,10,2014-2015,98-1,teste_89.csv,1,2015-01-06,14,1,0,0.3333333333333333,91,0.6153846153846154
knn,10,2014-2015,99-1,teste_90.csv,1,2015-01-06,14,1,0,0.3333333333333333,92,0.6086956521739131
knn,10,2014-2015,102-1,teste_93.csv,1,2015-01-07,14,0,0,0.3333333333333333,93,0.6129032258064516
knn,10,2014-2015,103-1,teste_94.csv,1,2015-01-07,14,1,0,0.3333333333333333,94,0.6063829787234043
knn,10,2014-2015,104-1,teste_95.csv,1,2015-01-07,14,1,1,1.0,95,0.6105263157894737
knn,10,2014-2015,105-1,teste_96.csv,1,2015-01-07,14,0,0,0.0,96,0.6145833333333334
knn,10,2014-2015,106-1,teste_97.csv,1,2015-01-08,15,0,1,1.0,97,0.6082474226804123
knn,10,2014-2015,107-1,teste_98.csv,1,2015-01-08,15,0,0,0.0,98,0.6122448979591837
knn,10,2014-2015,108-1,teste_99.csv,1,2015-01-08,15,1,1,0.6,99,0.6161616161616161
knn,10,2014-2015,109-1,teste_100.csv,1,2015-01-08,15,1,0,0.0,100,0.61
knn,10,2014-2015,110-1,teste_101.csv,1,2015-01-09,15,1,1,0.6666666666666666,101,0.6138613861386139
knn,10,2014-2015,111-1,teste_102.csv,1,2015-01-09,15,0,1,0.5555555555555556,102,0.6078431372549019
knn,10,2014-2015,112-1,teste_103.csv,1,2015-01-09,15,0,0,0.4444444444444444,103,0.6116504854368932
knn,10,2014-2015,113-1,teste_104.csv,1,2015-01-09,15,1,1,0.5555555555555556,104,0.6153846153846154
knn,10,2014-2015,114-1,teste_105.csv,1,2015-01-12,4,1,0,0.4444444444444444,105,0.6095238095238096
knn,10,2014-2015,115-1,teste_106.csv,1,2015-01-13,3,1,1,0.5555555555555556,106,0.6132075471698113
knn,10,2014-2015,116-1,teste_107.csv,1,2015-01-13,4,0,0,0.3333333333333333,107,0.616822429906542
knn,10,2014-2015,117-1,teste_108.csv,1,2015-01-14,7,0,0,0.3333333333333333,108,0.6203703703703703
knn,10,2014-2015,119-1,teste_110.csv,1,2015-01-15,1,1,0,0.3333333333333333,109,0.6146788990825688
knn,10,2014-2015,118-1,teste_109.csv,1,2015-01-15,3,0,0,0.3333333333333333,110,0.6181818181818182
knn,10,2014-2015,120-1,teste_111.csv,1,2015-01-16,8,0,1,0.6666666666666666,111,0.6126126126126126
knn,10,2014-2015,121-1,teste_112.csv,1,2015-01-17,2,1,1,1.0,112,0.6160714285714286
knn,10,2014-2015,122-1,teste_113.csv,1,2015-01-19,1,1,1,1.0,113,0.6194690265486725
knn,10,2014-2015,123-1,teste_114.csv,1,2015-01-20,1,0,1,0.6666666666666666,114,0.6140350877192983
knn,10,2014-2015,124-1,teste_115.csv,1,2015-01-20,1,0,1,1.0,115,0.6086956521739131
knn,10,2014-2015,125-1,teste_116.csv,1,2015-01-21,1,0,0,0.3333333333333333,116,0.6120689655172413
knn,10,2014-2015,127-1,teste_118.csv,1,2015-01-21,1,1,1,0.6666666666666666,117,0.6153846153846154
knn,10,2014-2015,128-1,teste_119.csv,1,2015-01-21,1,0,0,0.3333333333333333,118,0.6186440677966102
knn,10,2014-2015,129-1,teste_120.csv,1,2015-01-21,1,1,1,0.6666666666666666,119,0.6218487394957983
knn,10,2014-2015,126-1,teste_117.csv,1,2015-01-21,2,1,1,1.0,120,0.625
knn,10,2014-2015,130-1,teste_121.csv,1,2015-01-22,2,1,0,0.0,121,0.6198347107438017
knn,10,2014-2015,131-1,teste_122.csv,1,2015-01-22,2,0,0,0.2445618764714283,122,0.6229508196721312
knn,10,2014-2015,132-1,teste_123.csv,1,2015-01-23,2,0,1,0.6953737657536885,123,0.6178861788617886
knn,10,2014-2015,133-1,teste_124.csv,1,2015-01-23,2,1,0,0.3636363636363636,124,0.6129032258064516
knn,10,2014-2015,134-1,teste_125.csv,1,2015-01-23,2,1,1,0.5454545454545454,125,0.616
knn,10,2014-2015,135-1,teste_126.csv,1,2015-01-23,2,0,1,0.6363636363636364,126,0.6111111111111112
knn,10,2014-2015,136-1,teste_127.csv,1,2015-01-24,5,0,0,0.1818181818181818,127,0.6141732283464567
knn,10,2014-2015,137-1,teste_128.csv,1,2015-01-27,3,1,0,0.3333333333333333,128,0.609375
knn,10,2014-2015,138-1,teste_129.csv,1,2015-01-27,3,0,0,0.3333333333333333,129,0.6124031007751938
knn,10,2014-2015,139-1,teste_130.csv,1,2015-01-27,3,1,0,0.3333333333333333,130,0.6076923076923076
knn,10,2014-2015,140-1,teste_131.csv,1,2015-01-27,3,1,1,0.6666666666666666,131,0.6106870229007634
knn,10,2014-2015,141-1,teste_132.csv,1,2015-01-28,3,1,1,1.0,132,0.6136363636363636
knn,10,2014-2015,142-1,teste_133.csv,1,2015-01-28,3,1,1,1.0,133,0.6165413533834586
knn,10,2014-2015,143-1,teste_134.csv,1,2015-01-29,4,0,0,0.0,134,0.6194029850746269
knn,10,2014-2015,144-1,teste_135.csv,1,2015-01-29,4,0,1,0.6877364304670841,135,0.6148148148148148
knn,10,2014-2015,145-1,teste_136.csv,1,2015-01-29,4,1,1,0.617136729060367,136,0.6176470588235294
knn,10,2014-2015,146-1,teste_137.csv,1,2015-01-29,4,1,1,0.7046728250183271,137,0.6204379562043796
knn,10,2014-2015,147-1,teste_138.csv,1,2015-01-30,4,1,0,0.3537833647037877,138,0.6159420289855072
knn,10,2014-2015,148-1,teste_139.csv,1,2015-01-30,4,1,1,1.0,139,0.6187050359712231
knn,10,2014-2015,149-1,teste_140.csv,1,2015-01-30,4,1,1,0.6666666666666666,140,0.6214285714285714
knn,10,2014-2015,150-1,teste_141.csv,1,2015-02-03,5,1,1,0.6666666666666666,141,0.624113475177305
knn,10,2014-2015,151-1,teste_142.csv,1,2015-02-03,5,1,0,0.0,142,0.6197183098591549
knn,10,2014-2015,152-1,teste_143.csv,1,2015-02-03,5,1,1,0.5459622341255526,143,0.6223776223776224
knn,10,2014-2015,153-1,teste_144.csv,1,2015-02-04,5,1,1,0.7962024910470713,144,0.625
knn,10,2014-2015,154-1,teste_145.csv,1,2015-02-04,5,1,0,0.4537670675315997,145,0.6206896551724138
knn,10,2014-2015,155-1,teste_146.csv,1,2015-02-04,5,0,1,0.5304657926172185,146,0.6164383561643836
knn,10,2014-2015,156-1,teste_147.csv,1,2015-02-04,5,1,1,0.5555555555555556,147,0.6190476190476191
knn,10,2014-2015,157-1,teste_148.csv,1,2015-02-05,6,0,1,0.5555555555555556,148,0.6148648648648649
knn,10,2014-2015,158-1,teste_149.csv,1,2015-02-05,6,1,1,0.6666666666666666,149,0.6174496644295302
knn,10,2014-2015,159-1,teste_150.csv,1,2015-02-05,6,1,1,0.7777777777777778,150,0.62
knn,10,2014-2015,160-1,teste_151.csv,1,2015-02-06,6,0,1,0.6666666666666666,151,0.6158940397350994
knn,10,2014-2015,161-1,teste_152.csv,1,2015-02-06,6,1,1,0.7777777777777778,152,0.618421052631579
knn,10,2014-2015,162-1,teste_153.csv,1,2015-02-06,6,1,1,0.6666666666666666,153,0.6209150326797386
knn,10,2014-2015,163-1,teste_154.csv,1,2015-02-06,6,1,0,0.4,154,0.6168831168831169
knn,10,2014-2015,164-1,teste_155.csv,1,2015-02-08,3,0,0,0.4,155,0.6193548387096774
knn,10,2014-2015,165-1,teste_156.csv,1,2015-02-10,7,0,0,0.4467731081420919,156,0.6217948717948718
knn,10,2014-2015,166-1,teste_157.csv,1,2015-02-10,7,1,1,0.8,157,0.6242038216560509
knn,10,2014-2015,167-1,teste_158.csv,1,2015-02-10,7,0,1,0.5714285714285714,158,0.620253164556962
knn,10,2014-2015,168-1,teste_159.csv,1,2015-02-10,7,0,1,0.8571428571428571,159,0.6163522012578616
knn,10,2014-2015,169-1,teste_160.csv,1,2015-02-11,7,0,0,0.3333333333333333,160,0.61875
knn,10,2014-2015,170-1,teste_161.csv,1,2015-02-11,7,0,1,1.0,161,0.6149068322981367
knn,10,2014-2015,171-1,teste_162.csv,1,2015-02-11,7,1,1,1.0,162,0.6172839506172839
knn,10,2014-2015,172-1,teste_163.csv,1,2015-02-12,8,1,1,0.6666666666666666,163,0.6196319018404908
knn,10,2014-2015,173-1,teste_164.csv,1,2015-02-12,8,0,0,0.3333333333333333,164,0.6219512195121951
knn,10,2014-2015,174-1,teste_165.csv,1,2015-02-12,8,1,0,0.4444444444444444,165,0.6181818181818182
knn,10,2014-2015,175-1,teste_166.csv,1,2015-02-12,8,0,0,0.4,166,0.6204819277108434
knn,10,2014-2015,176-1,teste_167.csv,1,2015-02-13,8,1,1,0.6666666666666666,167,0.6227544910179641
knn,10,2014-2015,177-1,teste_168.csv,1,2015-02-13,8,1,1,0.7142857142857143,168,0.625
knn,10,2014-2015,178-1,teste_169.csv,1,2015-02-13,8,1,1,0.8,169,0.6272189349112426
knn,10,2014-2015,179-1,teste_170.csv,1,2015-02-13,8,0,1,0.7777777777777778,170,0.6235294117647059
knn,10,2014-2015,180-1,teste_171.csv,1,2015-02-15,7,1,1,0.8888888888888888,171,0.6257309941520468
knn,10,2014-2015,181-1,teste_172.csv,1,2015-02-20,4,0,1,0.5454545454545454,172,0.622093023255814
knn,10,2014-2015,182-1,teste_173.csv,1,2015-02-23,11,1,1,1.0,173,0.6242774566473989
knn,10,2014-2015,183-1,teste_174.csv,1,2015-02-24,9,1,1,0.8181818181818182,174,0.6264367816091954
knn,10,2014-2015,184-1,teste_175.csv,1,2015-02-24,9,1,1,0.9090909090909092,175,0.6285714285714286
knn,10,2014-2015,185-1,teste_176.csv,1,2015-02-24,9,1,1,0.6363636363636364,176,0.6306818181818182
knn,10,2014-2015,186-1,teste_177.csv,1,2015-02-25,9,1,0,0.4545454545454545,177,0.6271186440677966
knn,10,2014-2015,187-1,teste_178.csv,1,2015-02-25,9,1,1,0.5454545454545454,178,0.6292134831460674
knn,10,2014-2015,188-1,teste_179.csv,1,2015-02-26,10,1,1,0.6363636363636364,179,0.6312849162011173
knn,10,2014-2015,189-1,teste_180.csv,1,2015-02-26,10,1,1,0.6666666666666666,180,0.6333333333333333
knn,10,2014-2015,190-1,teste_181.csv,1,2015-02-26,10,0,0,0.4444444444444444,181,0.6353591160220995
knn,10,2014-2015,191-1,teste_182.csv,1,2015-02-26,10,1,1,1.0,182,0.6373626373626373
knn,10,2014-2015,192-1,teste_183.csv,1,2015-02-27,10,0,1,0.6363636363636364,183,0.6338797814207651
knn,10,2014-2015,193-1,teste_184.csv,1,2015-02-27,10,1,1,0.7142857142857143,184,0.6358695652173914
knn,10,2014-2015,194-1,teste_185.csv,1,2015-02-28,9,1,1,1.0,185,0.6378378378378379
knn,10,2014-2015,195-1,teste_186.csv,1,2015-03-02,6,0,0,0.1111111111111111,186,0.6397849462365591
knn,10,2014-2015,196-1,teste_187.csv,1,2015-03-13,11,0,1,0.5555555555555556,187,0.6363636363636364
knn,10,2014-2015,197-1,teste_188.csv,1,2015-03-13,11,1,1,1.0,188,0.6382978723404256
knn,10,2014-2015,198-1,teste_189.csv,1,2015-03-13,11,0,0,0.4285714285714285,189,0.6402116402116402
knn,10,2014-2015,199-1,teste_190.csv,1,2015-03-13,11,1,0,0.4285714285714285,190,0.6368421052631579
knn,10,2014-2015,200-1,teste_191.csv,1,2015-03-13,11,1,0,0.2857142857142857,191,0.6335078534031413
knn,10,2014-2015,201-1,teste_192.csv,1,2015-03-13,11,0,0,0.1292927638019616,192,0.6354166666666666
knn,10,2014-2015,202-1,teste_193.csv,1,2015-03-17,12,0,0,0.4285714285714285,193,0.6373056994818653
knn,10,2014-2015,203-1,teste_194.csv,1,2015-03-17,12,1,1,0.9090909090909092,194,0.6391752577319587
knn,10,2014-2015,204-1,teste_195.csv,1,2015-03-17,12,0,1,0.8181818181818182,195,0.6358974358974359
knn,10,2014-2015,205-1,teste_196.csv,1,2015-03-18,12,0,1,0.7272727272727273,196,0.6326530612244898
knn,10,2014-2015,206-1,teste_197.csv,1,2015-03-18,12,1,1,0.7272727272727273,197,0.6345177664974619
knn,10,2014-2015,207-1,teste_198.csv,1,2015-03-18,12,1,1,0.6363636363636364,198,0.6363636363636364
knn,10,2014-2015,208-1,teste_199.csv,1,2015-03-19,13,0,0,0.2727272727272727,199,0.6381909547738693
knn,10,2014-2015,209-1,teste_200.csv,1,2015-03-19,13,1,1,0.8181818181818182,200,0.64
knn,10,2014-2015,210-1,teste_201.csv,1,2015-03-19,13,1,1,0.5454545454545454,201,0.6417910447761194
knn,10,2014-2015,211-1,teste_202.csv,1,2015-03-19,13,1,1,0.8181818181818182,202,0.6435643564356436
knn,10,2014-2015,212-1,teste_203.csv,1,2015-03-20,13,1,1,0.7272727272727273,203,0.645320197044335
knn,10,2014-2015,213-1,teste_204.csv,1,2015-03-20,13,1,1,0.5555555555555556,204,0.6470588235294118
knn,10,2014-2015,214-1,teste_205.csv,1,2015-03-20,13,1,1,0.8888888888888888,205,0.6487804878048781
knn,10,2014-2015,215-1,teste_206.csv,1,2015-03-20,13,0,0,0.0,206,0.6504854368932039
knn,10,2014-2015,216-1,teste_207.csv,1,2015-03-21,12,0,1,0.5555555555555556,207,0.6473429951690821
knn,10,2014-2015,217-1,teste_208.csv,1,2015-03-24,11,1,1,1.0,208,0.6490384615384616
knn,10,2014-2015,218-1,teste_209.csv,1,2015-03-25,9,0,1,0.8181818181818182,209,0.645933014354067
knn,10,2014-2015,219-1,teste_210.csv,1,2015-03-25,9,1,1,0.5454545454545454,210,0.6476190476190476
knn,10,2014-2015,221-1,teste_212.csv,1,2015-03-27,10,0,0,0.1818181818181818,211,0.6492890995260664
knn,10,2014-2015,220-1,teste_211.csv,1,2015-03-27,12,0,0,0.0909090909090909,212,0.6509433962264151
knn,10,2014-2015,222-1,teste_213.csv,1,2015-03-28,10,1,1,0.8181818181818182,213,0.6525821596244131
knn,10,2014-2015,223-1,teste_214.csv,1,2015-03-31,14,1,1,0.8181818181818182,214,0.6542056074766355
knn,10,2014-2015,224-1,teste_215.csv,1,2015-04-01,14,1,1,1.0,215,0.6558139534883721
knn,10,2014-2015,225-1,teste_216.csv,1,2015-04-01,14,0,0,0.2727272727272727,216,0.6574074074074074
knn,10,2014-2015,226-1,teste_217.csv,1,2015-04-01,14,1,0,0.4545454545454545,217,0.6543778801843319
knn,10,2014-2015,227-1,teste_218.csv,1,2015-04-01,14,1,1,0.8181818181818182,218,0.6559633027522935
knn,10,2014-2015,228-1,teste_219.csv,1,2015-04-01,14,1,1,0.5454545454545454,219,0.6575342465753424
knn,10,2014-2015,229-1,teste_220.csv,1,2015-04-01,14,0,0,0.3636363636363636,220,0.6590909090909091
knn,10,2014-2015,230-1,teste_221.csv,1,2015-04-01,14,0,1,0.5454545454545454,221,0.6561085972850679
knn,10,2014-2015,231-1,teste_222.csv,1,2015-04-03,15,0,0,0.4545454545454545,222,0.6576576576576577
knn,10,2014-2015,232-1,teste_223.csv,1,2015-04-03,15,1,1,0.9090909090909092,223,0.6591928251121076
knn,10,2014-2015,233-1,teste_224.csv,1,2015-04-03,15,1,1,0.7272727272727273,224,0.6607142857142857
knn,10,2014-2015,234-1,teste_225.csv,1,2015-04-03,15,1,1,0.9090909090909092,225,0.6622222222222223
knn,10,2014-2015,235-1,teste_226.csv,1,2015-04-03,15,0,0,0.2615820294708458,226,0.6637168141592921
knn,10,2014-2015,236-1,teste_227.csv,1,2015-04-03,15,1,1,1.0,227,0.6651982378854625
knn,10,2014-2015,237-1,teste_228.csv,1,2015-04-03,15,0,0,0.4444444444444444,228,0.6666666666666666
knn,10,2014-2015,238-1,teste_229.csv,1,2015-04-03,15,1,0,0.1111111111111111,229,0.6637554585152838
knn,10,2014-2015,239-1,teste_230.csv,1,2015-04-07,1,0,1,0.8181818181818182,230,0.6608695652173913
knn,10,2014-2015,240-1,teste_231.csv,1,2015-04-08,1,1,1,0.6666666666666666,231,0.6623376623376623
knn,10,2014-2015,241-1,teste_232.csv,1,2015-04-09,1,0,1,0.5454545454545454,232,0.6594827586206896
knn,10,2014-2015,242-1,teste_233.csv,1,2015-04-09,2,1,1,0.7777777777777778,233,0.6609442060085837
knn,10,2014-2015,243-1,teste_234.csv,1,2015-04-10,1,1,1,0.6363636363636364,234,0.6623931623931624
knn,10,2014-2015,244-1,teste_235.csv,1,2015-04-10,2,1,1,0.5454545454545454,235,0.6638297872340425
knn,10,2014-2015,245-1,teste_236.csv,1,2015-04-11,2,1,0,0.4444444444444444,236,0.6610169491525424
knn,10,2014-2015,246-1,teste_237.csv,1,2015-04-12,2,0,1,0.7777777777777778,237,0.6582278481012658
knn,10,2014-2015,247-1,teste_238.csv,1,2015-04-13,3,1,1,0.7777777777777778,238,0.6596638655462185
knn,10,2014-2015,248-1,teste_239.csv,1,2015-04-14,3,1,1,0.5555555555555556,239,0.6610878661087866
knn,10,2014-2015,249-1,teste_240.csv,1,2015-04-14,3,1,1,0.5555555555555556,240,0.6625
knn,10,2014-2015,250-1,teste_241.csv,1,2015-04-15,3,1,1,0.5555555555555556,241,0.6639004149377593
knn,10,2014-2015,251-1,teste_242.csv,1,2015-04-15,4,1,1,0.8888888888888888,242,0.6652892561983471
knn,10,2014-2015,252-1,teste_243.csv,1,2015-04-16,4,1,1,0.5555555555555556,243,0.6666666666666666
knn,10,2014-2015,253-1,teste_244.csv,1,2015-04-16,4,1,1,0.6666666666666666,244,0.6680327868852459
knn,10,2014-2015,254-1,teste_245.csv,1,2015-04-17,4,1,1,0.6666666666666666,245,0.6693877551020408
knn,10,2014-2015,255-1,teste_246.csv,1,2015-04-19,5,1,1,0.6666666666666666,246,0.6707317073170732
knn,10,2014-2015,256-1,teste_247.csv,1,2015-04-22,1,1,1,0.7777777777777778,247,0.6720647773279352
knn,10,2014-2015,257-1,teste_248.csv,1,2015-04-23,1,1,1,0.7272727272727273,248,0.6733870967741935
knn,10,2014-2015,258-1,teste_249.csv,1,2015-04-23,1,1,1,0.8181818181818182,249,0.6746987951807228
knn,10,2014-2015,259-1,teste_250.csv,1,2015-04-24,1,1,1,1.0,250,0.676
knn,10,2014-2015,260-1,teste_251.csv,1,2015-04-24,2,0,1,0.8888888888888888,251,0.6733067729083665
knn,10,2014-2015,261-1,teste_252.csv,1,2015-04-25,2,0,1,0.7777777777777778,252,0.6706349206349206
knn,10,2014-2015,262-1,teste_253.csv,1,2015-04-25,2,0,1,0.7777777777777778,253,0.6679841897233202
knn,10,2014-2015,263-1,teste_254.csv,1,2015-04-26,2,0,1,0.7777777777777778,254,0.6653543307086615
knn,10,2014-2015,264-1,teste_255.csv,1,2015-04-27,3,0,0,0.4444444444444444,255,0.6666666666666666
knn,10,2014-2015,265-1,teste_256.csv,1,2015-04-28,3,0,0,0.2222222222222222,256,0.66796875
knn,10,2014-2015,267-1,teste_258.csv,1,2015-04-29,3,1,0,0.4444444444444444,257,0.6653696498054474
knn,10,2014-2015,266-1,teste_257.csv,1,2015-04-29,4,0,0,0.3333333333333333,258,0.6666666666666666
knn,10,2014-2015,269-1,teste_260.csv,1,2015-04-30,3,0,0,0.0,259,0.667953667953668
knn,10,2014-2015,268-1,teste_259.csv,1,2015-04-30,4,1,0,0.2222222222222222,260,0.6653846153846154
knn,10,2014-2015,270-1,teste_261.csv,1,2015-05-01,4,0,1,0.5555555555555556,261,0.6628352490421456
knn,10,2014-2015,271-1,teste_262.csv,1,2015-05-02,4,1,0,0.0,262,0.6603053435114504
knn,10,2014-2015,272-1,teste_263.csv,1,2015-05-04,5,1,1,0.6666666666666666,263,0.6615969581749049
knn,10,2014-2015,273-1,teste_264.csv,1,2015-05-05,5,1,1,0.7777777777777778,264,0.6628787878787878
knn,10,2014-2015,274-1,teste_265.csv,1,2015-05-05,5,1,1,0.6666666666666666,265,0.6641509433962264
knn,10,2014-2015,275-1,teste_266.csv,1,2015-05-09,1,0,0,0.2857142857142857,266,0.6654135338345865
knn,10,2014-2015,276-1,teste_267.csv,1,2015-05-10,1,0,1,0.7777777777777778,267,0.6629213483146067
knn,10,2014-2015,277-1,teste_268.csv,1,2015-05-11,2,0,0,0.1428571428571428,268,0.664179104477612
knn,10,2014-2015,278-1,teste_269.csv,1,2015-05-12,2,1,1,0.7272727272727273,269,0.6654275092936803
knn,10,2014-2015,279-1,teste_270.csv,1,2015-05-14,3,1,1,0.6363636363636364,270,0.6666666666666666
knn,10,2014-2015,280-1,teste_271.csv,1,2015-05-15,3,1,0,0.4545454545454545,271,0.6642066420664207
knn,10,2014-2015,281-1,teste_272.csv,1,2015-05-17,4,0,0,0.4285714285714285,272,0.6654411764705882
knn,10,2014-2015,282-1,teste_273.csv,1,2015-05-20,5,1,1,0.5714285714285714,273,0.6666666666666666
knn,10,2014-2015,283-1,teste_274.csv,1,2015-05-26,1,1,1,0.7142857142857143,274,0.6678832116788321
knn,10,2015-2016,10-1,teste_1.csv,1,2015-11-06,2,0,0,0.3333333333333333,1,1.0
knn,10,2015-2016,11-1,teste_2.csv,1,2015-11-06,2,0,0,0.3962514416698356,2,1.0
knn,10,2015-2016,12-1,teste_3.csv,1,2015-11-06,2,0,0,0.2978595424959784,3,1.0
knn,10,2015-2016,13-1,teste_4.csv,1,2015-11-06,2,0,0,0.3333333333333333,4,1.0
knn,10,2015-2016,14-1,teste_5.csv,1,2015-11-10,3,0,0,0.1503727958205523,5,1.0
knn,10,2015-2016,15-1,teste_6.csv,1,2015-11-10,3,1,0,0.2044924365263952,6,0.8333333333333334
knn,10,2015-2016,16-1,teste_7.csv,1,2015-11-10,3,0,0,0.280511494872775,7,0.8571428571428571
knn,10,2015-2016,17-1,teste_8.csv,1,2015-11-11,3,1,0,0.2931084518136948,8,0.75
knn,10,2015-2016,18-1,teste_9.csv,1,2015-11-11,3,1,1,0.6669058460548786,9,0.7777777777777778
knn,10,2015-2016,19-1,teste_10.csv,1,2015-11-11,3,1,0,0.4,10,0.7
knn,10,2015-2016,20-1,teste_11.csv,1,2015-11-12,4,0,1,0.6666666666666666,11,0.6363636363636364
knn,10,2015-2016,21-1,teste_12.csv,1,2015-11-12,4,1,0,0.4,12,0.5833333333333334
knn,10,2015-2016,22-1,teste_13.csv,1,2015-11-12,4,0,1,0.6,13,0.5384615384615384
knn,10,2015-2016,23-1,teste_14.csv,1,2015-11-13,4,1,1,0.6666666666666666,14,0.5714285714285714
knn,10,2015-2016,24-1,teste_15.csv,1,2015-11-13,4,0,1,1.0,15,0.5333333333333333
knn,10,2015-2016,25-1,teste_16.csv,1,2015-11-13,4,1,0,0.3333333333333333,16,0.5
knn,10,2015-2016,26-1,teste_17.csv,1,2015-11-17,5,1,1,0.6666666666666666,17,0.5294117647058824
knn,10,2015-2016,27-1,teste_18.csv,1,2015-11-17,5,0,1,0.6666666666666666,18,0.5
knn,10,2015-2016,28-1,teste_19.csv,1,2015-11-17,5,1,1,0.6666666666666666,19,0.5263157894736842
knn,10,2015-2016,29-1,teste_20.csv,1,2015-11-18,5,1,1,0.8,20,0.55
knn,10,2015-2016,30-1,teste_21.csv,1,2015-11-18,5,0,1,0.8,21,0.5238095238095238
knn,10,2015-2016,31-1,teste_22.csv,1,2015-11-18,5,0,1,1.0,22,0.5
knn,10,2015-2016,32-1,teste_23.csv,1,2015-11-19,6,0,1,0.6,23,0.4782608695652174
knn,10,2015-2016,33-1,teste_24.csv,1,2015-11-19,6,1,0,0.3290282953801044,24,0.4583333333333333
knn,10,2015-2016,34-1,teste_25.csv,1,2015-11-20,6,1,1,0.6666666666666666,25,0.48
knn,10,2015-2016,35-1,teste_26.csv,1,2015-11-20,6,1,1,0.7142857142857143,26,0.5
knn,10,2015-2016,36-1,teste_27.csv,1,2015-11-20,6,1,1,0.6,27,0.5185185185185185
knn,10,2015-2016,37-1,teste_28.csv,1,2015-11-25,4,0,0,0.4,28,0.5357142857142857
knn,10,2015-2016,38-1,teste_29.csv,1,2015-11-27,3,0,1,0.5726801283996474,29,0.5172413793103449
knn,10,2015-2016,39-1,teste_30.csv,1,2015-11-27,6,1,1,0.6666666666666666,30,0.5333333333333333
knn,10,2015-2016,40-1,teste_31.csv,1,2015-11-28,5,1,1,0.6,31,0.5483870967741935
knn,10,2015-2016,41-1,teste_32.csv,1,2015-11-30,6,0,0,0.4,32,0.5625
knn,10,2015-2016,42-1,teste_33.csv,1,2015-12-01,7,0,1,0.6,33,0.5454545454545454
knn,10,2015-2016,43-1,teste_34.csv,1,2015-12-01,7,0,1,0.6666666666666666,34,0.5294117647058824
knn,10,2015-2016,44-1,teste_35.csv,1,2015-12-01,7,1,1,1.0,35,0.5428571428571428
knn,10,2015-2016,45-1,teste_36.csv,1,2015-12-02,7,1,1,0.6666666666666666,36,0.5555555555555556
knn,10,2015-2016,46-1,teste_37.csv,1,2015-12-02,7,1,1,0.6666666666666666,37,0.5675675675675675
knn,10,2015-2016,47-1,teste_38.csv,1,2015-12-02,7,0,1,0.6666666666666666,38,0.5526315789473685
knn,10,2015-2016,48-1,teste_39.csv,1,2015-12-03,8,1,0,0.4285714285714285,39,0.5384615384615384
knn,10,2015-2016,49-1,teste_40.csv,1,2015-12-03,8,1,1,0.5714285714285714,40,0.55
knn,10,2015-2016,50-1,teste_41.csv,1,2015-12-03,8,0,1,0.8571428571428571,41,0.5365853658536586
knn,10,2015-2016,51-1,teste_42.csv,1,2015-12-04,8,1,0,0.4444444444444444,42,0.5238095238095238
knn,10,2015-2016,52-1,teste_43.csv,1,2015-12-04,8,1,1,0.7777777777777778,43,0.5348837209302325
knn,10,2015-2016,53-1,teste_44.csv,1,2015-12-05,8,1,0,0.4,44,0.5227272727272727
knn,10,2015-2016,54-1,teste_45.csv,1,2015-12-08,9,1,1,0.8,45,0.5333333333333333
knn,10,2015-2016,55-1,teste_46.csv,1,2015-12-08,9,1,1,0.8888888888888888,46,0.5434782608695652
knn,10,2015-2016,56-1,teste_47.csv,1,2015-12-08,9,1,0,0.4,47,0.5319148936170213
knn,10,2015-2016,57-1,teste_48.csv,1,2015-12-09,9,1,1,0.5555555555555556,48,0.5416666666666666
knn,10,2015-2016,58-1,teste_49.csv,1,2015-12-09,9,1,1,0.5555555555555556,49,0.5510204081632653
knn,10,2015-2016,59-1,teste_50.csv,1,2015-12-09,9,0,1,0.7777777777777778,50,0.54
knn,10,2015-2016,60-1,teste_51.csv,1,2015-12-10,10,0,1,0.5555555555555556,51,0.5294117647058824
knn,10,2015-2016,61-1,teste_52.csv,1,2015-12-10,10,0,1,0.7777777777777778,52,0.5192307692307693
knn,10,2015-2016,62-1,teste_53.csv,1,2015-12-10,10,1,1,0.6666666666666666,53,0.5283018867924528
knn,10,2015-2016,63-1,teste_54.csv,1,2015-12-11,10,1,1,0.8888888888888888,54,0.5370370370370371
knn,10,2015-2016,64-1,teste_55.csv,1,2015-12-11,10,1,1,0.8888888888888888,55,0.5454545454545454
knn,10,2015-2016,65-1,teste_56.csv,1,2015-12-12,10,0,1,0.6666666666666666,56,0.5357142857142857
knn,10,2015-2016,66-1,teste_57.csv,1,2015-12-15,11,0,0,0.4545454545454545,57,0.543859649122807
knn,10,2015-2016,67-1,teste_58.csv,1,2015-12-15,11,0,1,0.7142857142857143,58,0.5344827586206896
knn,10,2015-2016,68-1,teste_59.csv,1,2015-12-15,11,1,1,0.8571428571428571,59,0.5423728813559322
knn,10,2015-2016,69-1,teste_60.csv,1,2015-12-15,11,1,1,1.0,60,0.55
knn,10,2015-2016,70-1,teste_61.csv,1,2015-12-15,11,1,0,0.1428571428571428,61,0.5409836065573771
knn,10,2015-2016,71-1,teste_62.csv,1,2015-12-15,11,1,1,1.0,62,0.5483870967741935
knn,10,2015-2016,72-1,teste_63.csv,1,2015-12-15,11,1,0,0.3333333333333333,63,0.5396825396825397
knn,10,2015-2016,73-1,teste_64.csv,1,2015-12-17,12,1,1,0.6,64,0.546875
knn,10,2015-2016,74-1,teste_65.csv,1,2015-12-17,12,0,1,0.6,65,0.5384615384615384
knn,10,2015-2016,75-1,teste_66.csv,1,2015-12-17,12,1,1,1.0,66,0.5454545454545454
knn,10,2015-2016,76-1,teste_67.csv,1,2015-12-17,12,1,1,0.8,67,0.5522388059701493
knn,10,2015-2016,77-1,teste_68.csv,1,2015-12-17,12,1,1,1.0,68,0.5588235294117647
knn,10,2015-2016,78-1,teste_69.csv,1,2015-12-17,12,0,1,0.6,69,0.5507246376811594
knn,10,2015-2016,79-1,teste_70.csv,1,2015-12-17,12,0,1,0.6,70,0.5428571428571428
knn,10,2015-2016,80-1,teste_71.csv,1,2015-12-19,13,1,1,0.6,71,0.5492957746478874
knn,10,2015-2016,81-1,teste_72.csv,1,2015-12-20,13,0,0,0.4285714285714285,72,0.5555555555555556
knn,10,2015-2016,82-1,teste_73.csv,1,2015-12-20,13,1,1,0.8571428571428571,73,0.5616438356164384
knn,10,2015-2016,83-1,teste_74.csv,1,2015-12-20,13,1,1,1.0,74,0.5675675675675675
knn,10,2015-2016,84-1,teste_75.csv,1,2015-12-20,13,0,0,0.4,75,0.5733333333333334
knn,10,2015-2016,85-1,teste_76.csv,1,2015-12-20,13,0,1,0.8,76,0.5657894736842105
knn,10,2015-2016,86-1,teste_77.csv,1,2015-12-20,13,1,0,0.4,77,0.5584415584415584
knn,10,2015-2016,87-1,teste_78.csv,1,2015-12-22,14,0,1,0.7142857142857143,78,0.5512820512820513
knn,10,2015-2016,88-1,teste_79.csv,1,2015-12-22,14,1,1,0.7142857142857143,79,0.5569620253164557
knn,10,2015-2016,89-1,teste_80.csv,1,2015-12-22,14,1,0,0.4285714285714285,80,0.55
knn,10,2015-2016,90-1,teste_81.csv,1,2015-12-22,14,1,1,0.8571428571428571,81,0.5555555555555556
knn,10,2015-2016,91-1,teste_82.csv,1,2015-12-22,14,1,0,0.4285714285714285,82,0.5487804878048781
knn,10,2015-2016,92-1,teste_83.csv,1,2015-12-22,14,1,1,0.8,83,0.5542168674698795
knn,10,2015-2016,93-1,teste_84.csv,1,2015-12-22,14,0,1,0.6,84,0.5476190476190477
knn,10,2015-2016,94-1,teste_85.csv,1,2016-01-08,15,0,1,0.6,85,0.5411764705882353
knn,10,2015-2016,95-1,teste_86.csv,1,2016-01-08,15,1,1,1.0,86,0.5465116279069767
knn,10,2015-2016,96-1,teste_87.csv,1,2016-01-08,15,0,1,0.5714285714285714,87,0.5402298850574713
knn,10,2015-2016,97-1,teste_88.csv,1,2016-01-08,15,1,1,1.0,88,0.5454545454545454
knn,10,2015-2016,98-1,teste_89.csv,1,2016-01-08,15,1,1,1.0,89,0.550561797752809
knn,10,2015-2016,99-1,teste_90.csv,1,2016-01-08,15,0,1,1.0,90,0.5444444444444444
knn,10,2015-2016,100-1,teste_91.csv,1,2016-01-09,15,1,0,0.3333333333333333,91,0.5384615384615384
knn,10,2015-2016,101-1,teste_92.csv,1,2016-01-12,1,0,1,0.6666666666666666,92,0.532608695652174
knn,10,2015-2016,102-1,teste_93.csv,1,2016-01-12,1,1,0,0.3333333333333333,93,0.5268817204301075
knn,10,2015-2016,103-1,teste_94.csv,1,2016-01-12,1,1,0,0.4,94,0.5212765957446809
knn,10,2015-2016,104-1,teste_95.csv,1,2016-01-13,1,0,1,0.6,95,0.5157894736842106
knn,10,2015-2016,105-1,teste_96.csv,1,2016-01-13,1,1,1,0.6,96,0.5208333333333334
knn,10,2015-2016,106-1,teste_97.csv,1,2016-01-13,1,1,1,0.6666666666666666,97,0.5257731958762887
knn,10,2015-2016,107-1,teste_98.csv,1,2016-01-14,2,1,1,0.8,98,0.5306122448979592
knn,10,2015-2016,108-1,teste_99.csv,1,2016-01-14,2,0,1,0.6666666666666666,99,0.5252525252525253
knn,10,2015-2016,109-1,teste_100.csv,1,2016-01-14,2,1,1,0.6,100,0.53
knn,10,2015-2016,110-1,teste_101.csv,1,2016-01-15,2,0,1,0.8,101,0.5247524752475248
knn,10,2015-2016,111-1,teste_102.csv,1,2016-01-15,2,0,1,0.8,102,0.5196078431372549
knn,10,2015-2016,112-1,teste_103.csv,1,2016-01-16,2,1,1,0.6,103,0.5242718446601942
knn,10,2015-2016,113-1,teste_104.csv,1,2016-01-17,9,0,0,0.2,104,0.5288461538461539
knn,10,2015-2016,114-1,teste_105.csv,1,2016-01-19,10,0,1,0.8,105,0.5238095238095238
knn,10,2015-2016,115-1,teste_106.csv,1,2016-01-20,4,0,0,0.3333333333333333,106,0.5283018867924528
knn,10,2015-2016,116-1,teste_107.csv,1,2016-01-22,8,1,1,0.6666666666666666,107,0.5327102803738317
knn,10,2015-2016,117-1,teste_108.csv,1,2016-01-23,3,1,1,1.0,108,0.5370370370370371
knn,10,2015-2016,118-1,teste_109.csv,1,2016-01-23,5,1,1,0.6666666666666666,109,0.5412844036697247
knn,10,2015-2016,119-1,teste_110.csv,1,2016-01-24,7,1,1,1.0,110,0.5454545454545454
knn,10,2015-2016,120-1,teste_111.csv,1,2016-01-26,3,1,0,0.0,111,0.5405405405405406
knn,10,2015-2016,121-1,teste_112.csv,1,2016-01-26,3,0,1,1.0,112,0.5357142857142857
knn,10,2015-2016,122-1,teste_113.csv,1,2016-01-27,3,1,1,0.6666666666666666,113,0.5398230088495575
knn,10,2015-2016,123-1,teste_114.csv,1,2016-01-27,3,1,0,0.3333333333333333,114,0.5350877192982456
knn,10,2015-2016,124-1,teste_115.csv,1,2016-01-27,3,0,1,0.6666666666666666,115,0.5304347826086957
knn,10,2015-2016,125-1,teste_116.csv,1,2016-01-28,4,0,0,0.3333333333333333,116,0.5344827586206896
knn,10,2015-2016,126-1,teste_117.csv,1,2016-01-29,4,0,1,0.6666666666666666,117,0.5299145299145299
knn,10,2015-2016,127-1,teste_118.csv,1,2016-01-29,4,0,1,0.6666666666666666,118,0.5254237288135594
knn,10,2015-2016,128-1,teste_119.csv,1,2016-01-29,4,1,1,1.0,119,0.5294117647058824
knn,10,2015-2016,129-1,teste_120.csv,1,2016-01-29,4,0,0,0.3333333333333333,120,0.5333333333333333
knn,10,2015-2016,130-1,teste_121.csv,1,2016-01-30,4,1,1,0.5714285714285714,121,0.5371900826446281
knn,10,2015-2016,131-1,teste_122.csv,1,2016-01-31,3,1,1,0.5714285714285714,122,0.5409836065573771
knn,10,2015-2016,132-1,teste_123.csv,1,2016-02-02,5,0,0,0.3333333333333333,123,0.5447154471544715
knn,10,2015-2016,133-1,teste_124.csv,1,2016-02-02,5,1,1,0.5714285714285714,124,0.5483870967741935
knn,10,2015-2016,134-1,teste_125.csv,1,2016-02-03,5,0,1,0.5714285714285714,125,0.544
knn,10,2015-2016,135-1,teste_126.csv,1,2016-02-03,5,1,1,0.5714285714285714,126,0.5476190476190477
knn,10,2015-2016,136-1,teste_127.csv,1,2016-02-03,5,0,0,0.4285714285714285,127,0.5511811023622047
knn,10,2015-2016,137-1,teste_128.csv,1,2016-02-04,6,0,1,0.5714285714285714,128,0.546875
knn,10,2015-2016,138-1,teste_129.csv,1,2016-02-04,6,1,1,0.5714285714285714,129,0.5503875968992248
knn,10,2015-2016,139-1,teste_130.csv,1,2016-02-04,6,1,1,0.7142857142857143,130,0.5538461538461539
knn,10,2015-2016,140-1,teste_131.csv,1,2016-02-05,6,0,1,0.5714285714285714,131,0.549618320610687
knn,10,2015-2016,141-1,teste_132.csv,1,2016-02-05,6,0,1,0.7142857142857143,132,0.5454545454545454
knn,10,2015-2016,142-1,teste_133.csv,1,2016-02-06,6,0,0,0.4285714285714285,133,0.5488721804511278
knn,10,2015-2016,143-1,teste_134.csv,1,2016-02-12,2,1,1,0.5714285714285714,134,0.5522388059701493
knn,10,2015-2016,144-1,teste_135.csv,1,2016-02-12,5,0,1,0.5714285714285714,135,0.5481481481481482
knn,10,2015-2016,145-1,teste_136.csv,1,2016-02-13,7,0,1,0.5714285714285714,136,0.5441176470588235
knn,10,2015-2016,146-1,teste_137.csv,1,2016-02-14,1,1,0,0.4545454545454545,137,0.5401459854014599
knn,10,2015-2016,147-1,teste_138.csv,1,2016-02-14,6,1,1,0.8571428571428571,138,0.5434782608695652
knn,10,2015-2016,148-1,teste_139.csv,1,2016-02-16,7,1,1,0.5714285714285714,139,0.5467625899280576
knn,10,2015-2016,149-1,teste_140.csv,1,2016-02-16,7,1,1,0.5714285714285714,140,0.55
knn,10,2015-2016,150-1,teste_141.csv,1,2016-02-17,7,0,1,0.7142857142857143,141,0.5460992907801419
knn,10,2015-2016,151-1,teste_142.csv,1,2016-02-17,7,1,0,0.2857142857142857,142,0.5422535211267606
knn,10,2015-2016,152-1,teste_143.csv,1,2016-02-18,7,0,0,0.2857142857142857,143,0.5454545454545454
knn,10,2015-2016,153-1,teste_144.csv,1,2016-02-18,8,0,0,0.2857142857142857,144,0.5486111111111112
knn,10,2015-2016,154-1,teste_145.csv,1,2016-02-18,8,0,1,0.5714285714285714,145,0.5448275862068965
knn,10,2015-2016,155-1,teste_146.csv,1,2016-02-18,8,0,1,0.7142857142857143,146,0.541095890410959
knn,10,2015-2016,156-1,teste_147.csv,1,2016-02-19,8,0,0,0.4285714285714285,147,0.54421768707483
knn,10,2015-2016,157-1,teste_148.csv,1,2016-02-19,8,0,1,0.7142857142857143,148,0.5405405405405406
knn,10,2015-2016,158-1,teste_149.csv,1,2016-02-20,8,1,1,0.7142857142857143,149,0.5436241610738255
knn,10,2015-2016,159-1,teste_150.csv,1,2016-02-21,9,1,1,0.6666666666666666,150,0.5466666666666666
knn,10,2015-2016,160-1,teste_151.csv,1,2016-02-22,14,0,0,0.4285714285714285,151,0.5496688741721855
knn,10,2015-2016,161-1,teste_152.csv,1,2016-02-23,9,1,0,0.4285714285714285,152,0.5460526315789473
knn,10,2015-2016,162-1,teste_153.csv,1,2016-02-23,9,0,0,0.4285714285714285,153,0.5490196078431373
knn,10,2015-2016,163-1,teste_154.csv,1,2016-02-24,9,0,0,0.0,154,0.551948051948052
knn,10,2015-2016,164-1,teste_155.csv,1,2016-02-24,9,0,0,0.3333333333333333,155,0.5548387096774193
knn,10,2015-2016,165-1,teste_156.csv,1,2016-02-25,10,0,0,0.0,156,0.5576923076923077
knn,10,2015-2016,166-1,teste_157.csv,1,2016-02-25,10,1,1,0.6666666666666666,157,0.5605095541401274
knn,10,2015-2016,167-1,teste_158.csv,1,2016-02-25,10,1,1,0.6666666666666666,158,0.5632911392405063
knn,10,2015-2016,168-1,teste_159.csv,1,2016-02-26,10,0,0,0.0,159,0.5660377358490566
knn,10,2015-2016,169-1,teste_160.csv,1,2016-02-26,10,0,0,0.0,160,0.56875
knn,10,2015-2016,170-1,teste_161.csv,1,2016-02-27,9,1,1,0.5714285714285714,161,0.5714285714285714
knn,10,2015-2016,171-1,teste_162.csv,1,2016-03-03,7,1,1,1.0,162,0.5740740740740741
knn,10,2015-2016,172-1,teste_163.csv,1,2016-03-03,11,1,0,0.3333333333333333,163,0.5705521472392638
knn,10,2015-2016,173-1,teste_164.csv,1,2016-03-04,10,0,1,0.5714285714285714,164,0.5670731707317073
knn,10,2015-2016,174-1,teste_165.csv,1,2016-03-05,8,1,1,0.5714285714285714,165,0.5696969696969697
knn,10,2015-2016,175-1,teste_166.csv,1,2016-03-06,9,0,0,0.4,166,0.572289156626506
knn,10,2015-2016,176-1,teste_167.csv,1,2016-03-09,11,1,0,0.4,167,0.5688622754491018
knn,10,2015-2016,177-1,teste_168.csv,1,2016-03-09,11,0,0,0.2,168,0.5714285714285714
knn,10,2015-2016,178-1,teste_169.csv,1,2016-03-09,11,0,0,0.2857142857142857,169,0.5739644970414202
knn,10,2015-2016,179-1,teste_170.csv,1,2016-03-09,11,1,1,0.8,170,0.5764705882352941
knn,10,2015-2016,180-1,teste_171.csv,1,2016-03-11,12,0,0,0.4,171,0.5789473684210527
knn,10,2015-2016,181-1,teste_172.csv,1,2016-03-11,12,0,0,0.4285714285714285,172,0.5813953488372093
knn,10,2015-2016,182-1,teste_173.csv,1,2016-03-11,12,1,0,0.2857142857142857,173,0.5780346820809249
knn,10,2015-2016,183-1,teste_174.csv,1,2016-03-12,12,0,0,0.2857142857142857,174,0.5804597701149425
knn,10,2015-2016,184-1,teste_175.csv,1,2016-03-13,10,1,1,0.5714285714285714,175,0.5828571428571429
knn,10,2015-2016,185-1,teste_176.csv,1,2016-03-16,12,0,1,0.7142857142857143,176,0.5795454545454546
knn,10,2015-2016,186-1,teste_177.csv,1,2016-03-17,12,1,1,0.5714285714285714,177,0.5819209039548022
knn,10,2015-2016,187-1,teste_178.csv,1,2016-03-17,12,0,1,0.6666666666666666,178,0.5786516853932584
knn,10,2015-2016,189-1,teste_180.csv,1,2016-03-23,13,1,0,0.1428571428571428,179,0.5754189944134078
knn,10,2015-2016,190-1,teste_181.csv,1,2016-03-23,13,1,0,0.4285714285714285,180,0.5722222222222222
knn,10,2015-2016,191-1,teste_182.csv,1,2016-03-23,13,0,0,0.0,181,0.574585635359116
knn,10,2015-2016,192-1,teste_183.csv,1,2016-03-23,13,1,1,0.8888888888888888,182,0.5769230769230769
knn,10,2015-2016,193-1,teste_184.csv,1,2016-03-23,13,0,1,0.5555555555555556,183,0.5737704918032787
knn,10,2015-2016,188-1,teste_179.csv,1,2016-03-23,14,0,0,0.2222222222222222,184,0.5760869565217391
knn,10,2015-2016,194-1,teste_185.csv,1,2016-03-23,14,1,1,0.6666666666666666,185,0.5783783783783784
knn,10,2015-2016,195-1,teste_186.csv,1,2016-03-25,13,1,0,0.4444444444444444,186,0.5752688172043011
knn,10,2015-2016,196-1,teste_187.csv,1,2016-03-25,14,0,1,0.5555555555555556,187,0.5721925133689839
knn,10,2015-2016,197-1,teste_188.csv,1,2016-03-25,14,0,0,0.4444444444444444,188,0.574468085106383
knn,10,2015-2016,198-1,teste_189.csv,1,2016-03-25,14,1,1,0.7777777777777778,189,0.5767195767195767
knn,10,2015-2016,199-1,teste_190.csv,1,2016-03-25,14,0,0,0.3333333333333333,190,0.5789473684210527
knn,10,2015-2016,200-1,teste_191.csv,1,2016-03-26,13,1,1,0.6666666666666666,191,0.581151832460733
knn,10,2015-2016,201-1,teste_192.csv,1,2016-03-27,11,1,1,0.6666666666666666,192,0.5833333333333334
knn,10,2015-2016,202-1,teste_193.csv,1,2016-03-27,11,0,0,0.2222222222222222,193,0.5854922279792746
knn,10,2015-2016,203-1,teste_194.csv,1,2016-03-29,15,1,1,0.7777777777777778,194,0.5876288659793815
knn,10,2015-2016,204-1,teste_195.csv,1,2016-03-29,15,1,0,0.3333333333333333,195,0.5846153846153846
knn,10,2015-2016,205-1,teste_196.csv,1,2016-03-29,15,1,0,0.2,196,0.5816326530612245
knn,10,2015-2016,206-1,teste_197.csv,1,2016-03-29,15,0,0,0.2222222222222222,197,0.583756345177665
knn,10,2015-2016,207-1,teste_198.csv,1,2016-03-29,15,0,1,0.5555555555555556,198,0.5808080808080808
knn,10,2015-2016,208-1,teste_199.csv,1,2016-03-29,15,1,1,0.7777777777777778,199,0.5829145728643216
knn,10,2015-2016,209-1,teste_200.csv,1,2016-03-29,15,0,0,0.0,200,0.585
knn,10,2015-2016,210-1,teste_201.csv,1,2016-04-02,1,1,0,0.3333333333333333,201,0.582089552238806
knn,10,2015-2016,211-1,teste_202.csv,1,2016-04-03,1,1,1,0.5714285714285714,202,0.5841584158415841
knn,10,2015-2016,212-1,teste_203.csv,1,2016-04-04,1,1,0,0.1428571428571428,203,0.5812807881773399
knn,10,2015-2016,213-1,teste_204.csv,1,2016-04-04,1,0,0,0.4285714285714285,204,0.5833333333333334
knn,10,2015-2016,214-1,teste_205.csv,1,2016-04-05,2,1,1,0.7142857142857143,205,0.5853658536585366
knn,10,2015-2016,215-1,teste_206.csv,1,2016-04-06,2,1,0,0.4285714285714285,206,0.5825242718446602
knn,10,2015-2016,216-1,teste_207.csv,1,2016-04-07,2,1,1,1.0,207,0.5845410628019324
knn,10,2015-2016,217-1,teste_208.csv,1,2016-04-07,2,0,1,0.5714285714285714,208,0.5817307692307693
knn,10,2015-2016,218-1,teste_209.csv,1,2016-04-08,3,1,1,0.8571428571428571,209,0.583732057416268
knn,10,2015-2016,219-1,teste_210.csv,1,2016-04-08,3,1,1,0.5714285714285714,210,0.5857142857142857
knn,10,2015-2016,220-1,teste_211.csv,1,2016-04-09,3,1,1,1.0,211,0.5876777251184834
knn,10,2015-2016,221-1,teste_212.csv,1,2016-04-09,3,1,1,0.7142857142857143,212,0.589622641509434
knn,10,2015-2016,222-1,teste_213.csv,1,2016-04-11,4,1,0,0.4285714285714285,213,0.5868544600938967
knn,10,2015-2016,223-1,teste_214.csv,1,2016-04-11,4,0,0,0.2857142857142857,214,0.5887850467289719
knn,10,2015-2016,224-1,teste_215.csv,1,2016-04-12,4,0,0,0.2857142857142857,215,0.5906976744186047
knn,10,2015-2016,225-1,teste_216.csv,1,2016-04-13,5,1,1,0.8571428571428571,216,0.5925925925925926
knn,10,2015-2016,226-1,teste_217.csv,1,2016-04-15,5,1,1,0.7777777777777778,217,0.5944700460829493
knn,10,2015-2016,227-1,teste_218.csv,1,2016-04-16,1,1,1,0.8571428571428571,218,0.5963302752293578
knn,10,2015-2016,228-1,teste_219.csv,1,2016-04-16,1,1,1,0.8,219,0.5981735159817352
knn,10,2015-2016,229-1,teste_220.csv,1,2016-04-18,1,0,0,0.1428571428571428,220,0.6
knn,10,2015-2016,230-1,teste_221.csv,1,2016-04-18,1,0,1,0.8571428571428571,221,0.5972850678733032
knn,10,2015-2016,231-1,teste_222.csv,1,2016-04-19,2,1,1,0.7142857142857143,222,0.5990990990990991
knn,10,2015-2016,232-1,teste_223.csv,1,2016-04-20,2,1,1,0.7142857142857143,223,0.600896860986547
knn,10,2015-2016,234-1,teste_225.csv,1,2016-04-21,2,1,1,0.8571428571428571,224,0.6026785714285714
knn,10,2015-2016,233-1,teste_224.csv,1,2016-04-21,3,0,1,0.8571428571428571,225,0.6
knn,10,2015-2016,235-1,teste_226.csv,1,2016-04-22,2,1,1,0.8571428571428571,226,0.6017699115044248
knn,10,2015-2016,236-1,teste_227.csv,1,2016-04-22,3,0,1,0.5714285714285714,227,0.5991189427312775
knn,10,2015-2016,237-1,teste_228.csv,1,2016-04-23,3,1,1,0.8571428571428571,228,0.6008771929824561
knn,10,2015-2016,238-1,teste_229.csv,1,2016-04-24,3,0,1,0.7142857142857143,229,0.5982532751091703
knn,10,2015-2016,239-1,teste_230.csv,1,2016-04-24,4,1,1,0.7142857142857143,230,0.6
knn,10,2015-2016,240-1,teste_231.csv,1,2016-04-25,4,1,1,0.8571428571428571,231,0.6017316017316018
knn,10,2015-2016,241-1,teste_232.csv,1,2016-04-27,4,0,1,0.9090909090909092,232,0.5991379310344828
knn,10,2015-2016,242-1,teste_233.csv,1,2016-04-30,1,1,1,0.5454545454545454,233,0.6008583690987125
knn,10,2015-2016,243-1,teste_234.csv,1,2016-05-03,1,0,1,0.7777777777777778,234,0.5982905982905983
knn,10,2015-2016,244-1,teste_235.csv,1,2016-05-06,2,1,1,0.8181818181818182,235,0.6
knn,10,2015-2016,245-1,teste_236.csv,1,2016-05-07,2,1,1,0.7272727272727273,236,0.6016949152542372
knn,10,2015-2016,246-1,teste_237.csv,1,2016-05-09,3,0,1,0.8181818181818182,237,0.5991561181434599
knn,10,2015-2016,247-1,teste_238.csv,1,2016-05-10,3,1,1,0.8181818181818182,238,0.6008403361344538
knn,10,2015-2016,248-1,teste_239.csv,1,2016-05-14,4,0,0,0.3636363636363636,239,0.602510460251046
knn,10,2015-2016,249-1,teste_240.csv,1,2016-05-17,5,1,1,0.7272727272727273,240,0.6041666666666666
knn,10,2015-2016,250-1,teste_241.csv,1,2016-05-21,1,0,1,0.6363636363636364,241,0.6016597510373444
knn,10,2015-2016,251-1,teste_242.csv,1,2016-05-26,2,0,1,0.7142857142857143,242,0.5991735537190083
knn,10,2015-2016,252-1,teste_243.csv,1,2016-05-28,3,1,1,0.6666666666666666,243,0.6008230452674898
knn,10,2015-2016,253-1,teste_244.csv,1,2016-06-04,4,1,1,0.5555555555555556,244,0.6024590163934426
knn,10,2016-2017,10-1,teste_1.csv,1,2016-11-12,2,0,0,0.3333333333333333,1,1.0
knn,10,2016-2017,11-1,teste_2.csv,1,2016-11-13,2,1,0,0.0,2,0.5
knn,10,2016-2017,12-1,teste_3.csv,1,2016-11-15,3,1,1,1.0,3,0.6666666666666666
knn,10,2016-2017,13-1,teste_4.csv,1,2016-11-15,3,0,1,1.0,4,0.5
knn,10,2016-2017,14-1,teste_5.csv,1,2016-11-15,3,1,1,0.6,5,0.6
knn,10,2016-2017,15-1,teste_6.csv,1,2016-11-16,3,1,1,0.7959248731417845,6,0.6666666666666666
knn,10,2016-2017,16-1,teste_7.csv,1,2016-11-16,3,1,1,0.6666666666666666,7,0.7142857142857143
knn,10,2016-2017,17-1,teste_8.csv,1,2016-11-17,3,0,1,0.6666666666666666,8,0.625
knn,10,2016-2017,18-1,teste_9.csv,1,2016-11-17,3,0,1,0.8453708593771176,9,0.5555555555555556
knn,10,2016-2017,19-1,teste_10.csv,1,2016-11-17,4,0,1,0.639593489399359,10,0.5
knn,10,2016-2017,20-1,teste_11.csv,1,2016-11-17,4,1,0,0.3333333333333333,11,0.4545454545454545
knn,10,2016-2017,21-1,teste_12.csv,1,2016-11-17,4,1,1,0.6666666666666666,12,0.5
knn,10,2016-2017,22-1,teste_13.csv,1,2016-11-18,4,0,1,0.5714285714285714,13,0.4615384615384615
knn,10,2016-2017,23-1,teste_14.csv,1,2016-11-18,4,0,1,0.5714285714285714,14,0.4285714285714285
knn,10,2016-2017,24-1,teste_15.csv,1,2016-11-19,4,1,0,0.4285714285714285,15,0.4
knn,10,2016-2017,25-1,teste_16.csv,1,2016-11-19,4,0,0,0.0,16,0.4375
knn,10,2016-2017,26-1,teste_17.csv,1,2016-11-22,5,1,0,0.4422716976078411,17,0.4117647058823529
knn,10,2016-2017,27-1,teste_18.csv,1,2016-11-22,5,0,1,0.5555555555555556,18,0.3888888888888889
knn,10,2016-2017,28-1,teste_19.csv,1,2016-11-23,5,1,0,0.4327130555846065,19,0.3684210526315789
knn,10,2016-2017,29-1,teste_20.csv,1,2016-11-24,5,0,0,0.3698652826759396,20,0.4
knn,10,2016-2017,31-1,teste_22.csv,1,2016-11-24,5,0,0,0.3915307787983704,21,0.4285714285714285
knn,10,2016-2017,33-1,teste_24.csv,1,2016-11-24,5,0,0,0.3333333333333333,22,0.4545454545454545
knn,10,2016-2017,30-1,teste_21.csv,1,2016-11-24,6,0,0,0.4361210618002449,23,0.4782608695652174
knn,10,2016-2017,32-1,teste_23.csv,1,2016-11-24,6,0,0,0.3333333333333333,24,0.5
knn,10,2016-2017,34-1,teste_25.csv,1,2016-11-25,6,1,0,0.0,25,0.48
knn,10,2016-2017,35-1,teste_26.csv,1,2016-11-26,6,0,0,0.1102265978980506,26,0.5
knn,10,2016-2017,36-1,teste_27.csv,1,2016-11-26,6,1,0,0.3333333333333333,27,0.4814814814814814
knn,10,2016-2017,37-1,teste_28.csv,1,2016-11-26,6,1,0,0.3636363636363636,28,0.4642857142857143
knn,10,2016-2017,38-1,teste_29.csv,1,2016-11-29,7,1,0,0.3636363636363636,29,0.4482758620689655
knn,10,2016-2017,39-1,teste_30.csv,1,2016-11-29,7,1,1,0.5200758369891854,30,0.4666666666666667
knn,10,2016-2017,40-1,teste_31.csv,1,2016-11-30,7,1,1,0.5219245613863673,31,0.4838709677419355
knn,10,2016-2017,41-1,teste_32.csv,1,2016-11-30,7,1,1,0.5555555555555556,32,0.5
knn,10,2016-2017,42-1,teste_33.csv,1,2016-12-01,7,0,0,0.3491859714365901,33,0.5151515151515151
knn,10,2016-2017,44-1,teste_35.csv,1,2016-12-01,7,1,1,0.6666666666666666,34,0.5294117647058824
knn,10,2016-2017,43-1,teste_34.csv,1,2016-12-01,8,1,0,0.4444444444444444,35,0.5142857142857142
knn,10,2016-2017,45-1,teste_36.csv,1,2016-12-01,8,0,1,0.5555555555555556,36,0.5
knn,10,2016-2017,46-1,teste_37.csv,1,2016-12-02,8,0,0,0.4545454545454545,37,0.5135135135135135
knn,10,2016-2017,47-1,teste_38.csv,1,2016-12-02,8,0,1,0.5727267849074944,38,0.5
knn,10,2016-2017,48-1,teste_39.csv,1,2016-12-03,8,1,1,0.6666666666666666,39,0.5128205128205128
knn,10,2016-2017,49-1,teste_40.csv,1,2016-12-03,8,1,1,0.6666666666666666,40,0.525
knn,10,2016-2017,50-1,teste_41.csv,1,2016-12-06,1,1,1,0.6666666666666666,41,0.5365853658536586
knn,10,2016-2017,51-1,teste_42.csv,1,2016-12-07,1,0,0,0.4285714285714285,42,0.5476190476190477
knn,10,2016-2017,53-1,teste_44.csv,1,2016-12-10,7,1,1,0.5714285714285714,43,0.5581395348837209
knn,10,2016-2017,52-1,teste_43.csv,1,2016-12-10,13,1,1,0.7142857142857143,44,0.5681818181818182
knn,10,2016-2017,54-1,teste_45.csv,1,2016-12-12,9,1,1,0.8571428571428571,45,0.5777777777777777
knn,10,2016-2017,55-1,teste_46.csv,1,2016-12-13,9,1,0,0.3333333333333333,46,0.5652173913043478
knn,10,2016-2017,56-1,teste_47.csv,1,2016-12-13,9,1,1,0.6666666666666666,47,0.574468085106383
knn,10,2016-2017,58-1,teste_49.csv,1,2016-12-14,9,0,0,0.1428571428571428,48,0.5833333333333334
knn,10,2016-2017,57-1,teste_48.csv,1,2016-12-14,10,0,1,1.0,49,0.5714285714285714
knn,10,2016-2017,61-1,teste_52.csv,1,2016-12-15,9,1,0,0.3333333333333333,50,0.56
knn,10,2016-2017,62-1,teste_53.csv,1,2016-12-15,9,0,0,0.4444444444444444,51,0.5686274509803921
knn,10,2016-2017,59-1,teste_50.csv,1,2016-12-15,10,0,0,0.4,52,0.5769230769230769
knn,10,2016-2017,60-1,teste_51.csv,1,2016-12-15,10,0,1,0.7142857142857143,53,0.5660377358490566
knn,10,2016-2017,63-1,teste_54.csv,1,2016-12-16,10,1,0,0.3636363636363636,54,0.5555555555555556
knn,10,2016-2017,64-1,teste_55.csv,1,2016-12-17,10,0,0,0.4545454545454545,55,0.5636363636363636
knn,10,2016-2017,65-1,teste_56.csv,1,2016-12-17,10,0,0,0.4545454545454545,56,0.5714285714285714
knn,10,2016-2017,66-1,teste_57.csv,1,2016-12-19,11,0,0,0.4,57,0.5789473684210527
knn,10,2016-2017,67-1,teste_58.csv,1,2016-12-20,11,0,0,0.4545454545454545,58,0.5862068965517241
knn,10,2016-2017,68-1,teste_59.csv,1,2016-12-20,11,0,1,0.5714285714285714,59,0.576271186440678
knn,10,2016-2017,69-1,teste_60.csv,1,2016-12-20,11,1,0,0.4285714285714285,60,0.5666666666666667
knn,10,2016-2017,70-1,teste_61.csv,1,2016-12-20,11,0,0,0.4,61,0.5737704918032787
knn,10,2016-2017,71-1,teste_62.csv,1,2016-12-20,11,1,0,0.1428571428571428,62,0.5645161290322581
knn,10,2016-2017,72-1,teste_63.csv,1,2016-12-20,11,1,0,0.3636363636363636,63,0.5555555555555556
knn,10,2016-2017,73-1,teste_64.csv,1,2016-12-21,12,1,0,0.4,64,0.546875
knn,10,2016-2017,74-1,teste_65.csv,1,2016-12-22,12,1,1,0.6,65,0.5538461538461539
knn,10,2016-2017,75-1,teste_66.csv,1,2016-12-22,12,0,1,0.6,66,0.5454545454545454
knn,10,2016-2017,76-1,teste_67.csv,1,2016-12-22,12,1,1,0.7142857142857143,67,0.5522388059701493
knn,10,2016-2017,77-1,teste_68.csv,1,2016-12-22,12,1,0,0.1428571428571428,68,0.5441176470588235
knn,10,2016-2017,78-1,teste_69.csv,1,2016-12-22,12,1,1,0.5714285714285714,69,0.5507246376811594
knn,10,2016-2017,79-1,teste_70.csv,1,2016-12-27,24,1,1,0.8571428571428571,70,0.5571428571428572
knn,10,2016-2017,80-1,teste_71.csv,1,2017-01-03,12,0,1,0.5714285714285714,71,0.5492957746478874
knn,10,2016-2017,81-1,teste_72.csv,1,2017-01-06,13,1,0,0.4285714285714285,72,0.5416666666666666
knn,10,2016-2017,82-1,teste_73.csv,1,2017-01-07,13,1,0,0.4285714285714285,73,0.5342465753424658
knn,10,2016-2017,83-1,teste_74.csv,1,2017-01-07,13,1,1,0.6666666666666666,74,0.5405405405405406
knn,10,2016-2017,84-1,teste_75.csv,1,2017-01-07,13,0,1,0.6666666666666666,75,0.5333333333333333
knn,10,2016-2017,85-1,teste_76.csv,1,2017-01-07,13,1,0,0.4285714285714285,76,0.5263157894736842
knn,10,2016-2017,86-1,teste_77.csv,1,2017-01-07,13,0,1,0.7142857142857143,77,0.5194805194805194
knn,10,2016-2017,87-1,teste_78.csv,1,2017-01-10,14,1,1,0.7777777777777778,78,0.5256410256410257
knn,10,2016-2017,88-1,teste_79.csv,1,2017-01-10,14,1,0,0.4444444444444444,79,0.5189873417721519
knn,10,2016-2017,89-1,teste_80.csv,1,2017-01-10,14,0,1,1.0,80,0.5125
knn,10,2016-2017,90-1,teste_81.csv,1,2017-01-11,14,0,0,0.3333333333333333,81,0.5185185185185185
knn,10,2016-2017,91-1,teste_82.csv,1,2017-01-11,14,0,0,0.3333333333333333,82,0.524390243902439
knn,10,2016-2017,92-1,teste_83.csv,1,2017-01-11,14,1,0,0.3333333333333333,83,0.5180722891566265
knn,10,2016-2017,93-1,teste_84.csv,1,2017-01-12,15,0,0,0.3333333333333333,84,0.5238095238095238
knn,10,2016-2017,94-1,teste_85.csv,1,2017-01-12,15,1,1,1.0,85,0.5294117647058824
knn,10,2016-2017,95-1,teste_86.csv,1,2017-01-12,15,1,1,0.6,86,0.5348837209302325
knn,10,2016-2017,96-1,teste_87.csv,1,2017-01-12,15,0,0,0.4,87,0.5402298850574713
knn,10,2016-2017,97-1,teste_88.csv,1,2017-01-13,15,1,0,0.4,88,0.5340909090909091
knn,10,2016-2017,98-1,teste_89.csv,1,2017-01-13,15,1,1,0.5454545454545454,89,0.5393258426966292
knn,10,2016-2017,99-1,teste_90.csv,1,2017-01-13,15,1,0,0.3636363636363636,90,0.5333333333333333
knn,10,2016-2017,100-1,teste_91.csv,1,2017-01-14,14,1,1,0.6363636363636364,91,0.5384615384615384
knn,10,2016-2017,101-1,teste_92.csv,1,2017-01-16,9,0,0,0.3333333333333333,92,0.5434782608695652
knn,10,2016-2017,102-1,teste_93.csv,1,2017-01-17,6,0,1,0.5714285714285714,93,0.5376344086021505
knn,10,2016-2017,103-1,teste_94.csv,1,2017-01-19,5,0,1,1.0,94,0.5319148936170213
knn,10,2016-2017,104-1,teste_95.csv,1,2017-01-19,17,1,1,0.5454545454545454,95,0.5368421052631579
knn,10,2016-2017,105-1,teste_96.csv,1,2017-01-21,17,0,1,0.7272727272727273,96,0.53125
knn,10,2016-2017,106-1,teste_97.csv,1,2017-01-22,8,1,1,0.5454545454545454,97,0.5360824742268041
knn,10,2016-2017,107-1,teste_98.csv,1,2017-01-23,16,0,0,0.4,98,0.5408163265306123
knn,10,2016-2017,108-1,teste_99.csv,1,2017-01-24,16,0,0,0.3333333333333333,99,0.5454545454545454
knn,10,2016-2017,109-1,teste_100.csv,1,2017-01-25,16,0,0,0.0,100,0.55
knn,10,2016-2017,110-1,teste_101.csv,1,2017-01-25,16,0,0,0.4,101,0.5544554455445545
knn,10,2016-2017,111-1,teste_102.csv,1,2017-01-25,16,0,1,0.6666666666666666,102,0.5490196078431373
knn,10,2016-2017,113-1,teste_104.csv,1,2017-01-26,16,0,1,0.6363636363636364,103,0.5436893203883495
knn,10,2016-2017,114-1,teste_105.csv,1,2017-01-26,16,0,1,0.6783507244274796,104,0.5384615384615384
knn,10,2016-2017,112-1,teste_103.csv,1,2017-01-26,17,0,0,0.3333333333333333,105,0.5428571428571428
knn,10,2016-2017,115-1,teste_106.csv,1,2017-01-27,17,0,0,0.4545454545454545,106,0.5471698113207547
knn,10,2016-2017,116-1,teste_107.csv,1,2017-01-27,17,0,1,0.5454545454545454,107,0.5420560747663551
knn,10,2016-2017,117-1,teste_108.csv,1,2017-01-27,17,0,1,0.5555555555555556,108,0.5370370370370371
knn,10,2016-2017,118-1,teste_109.csv,1,2017-01-28,10,1,0,0.3333333333333333,109,0.5321100917431193
knn,10,2016-2017,119-1,teste_110.csv,1,2017-01-28,17,1,1,0.5555555555555556,110,0.5363636363636364
knn,10,2016-2017,120-1,teste_111.csv,1,2017-01-31,18,1,1,0.6666666666666666,111,0.5405405405405406
knn,10,2016-2017,121-1,teste_112.csv,1,2017-01-31,18,1,0,0.4444444444444444,112,0.5357142857142857
knn,10,2016-2017,122-1,teste_113.csv,1,2017-01-31,18,1,1,0.6666666666666666,113,0.5398230088495575
knn,10,2016-2017,123-1,teste_114.csv,1,2017-02-01,18,0,0,0.3333333333333333,114,0.543859649122807
knn,10,2016-2017,124-1,teste_115.csv,1,2017-02-01,18,0,1,0.5555555555555556,115,0.5391304347826087
knn,10,2016-2017,126-1,teste_117.csv,1,2017-02-02,18,1,1,0.5454545454545454,116,0.5431034482758621
knn,10,2016-2017,125-1,teste_116.csv,1,2017-02-02,19,0,0,0.4545454545454545,117,0.5470085470085471
knn,10,2016-2017,127-1,teste_118.csv,1,2017-02-02,19,1,1,0.7272727272727273,118,0.5508474576271186
knn,10,2016-2017,128-1,teste_119.csv,1,2017-02-02,19,1,0,0.4545454545454545,119,0.5462184873949579
knn,10,2016-2017,129-1,teste_120.csv,1,2017-02-03,19,0,0,0.4545454545454545,120,0.55
knn,10,2016-2017,130-1,teste_121.csv,1,2017-02-03,19,1,0,0.3636363636363636,121,0.5454545454545454
knn,10,2016-2017,131-1,teste_122.csv,1,2017-02-04,19,1,0,0.4545454545454545,122,0.5409836065573771
knn,10,2016-2017,132-1,teste_123.csv,1,2017-02-04,19,1,0,0.4545454545454545,123,0.5365853658536586
knn,10,2016-2017,133-1,teste_124.csv,1,2017-02-07,24,1,1,0.6363636363636364,124,0.5403225806451613
knn,10,2016-2017,134-1,teste_125.csv,1,2017-02-11,18,0,0,0.2222222222222222,125,0.544
knn,10,2016-2017,135-1,teste_126.csv,1,2017-02-14,20,1,1,0.6666666666666666,126,0.5476190476190477
knn,10,2016-2017,136-1,teste_127.csv,1,2017-02-14,20,0,0,0.3333333333333333,127,0.5511811023622047
knn,10,2016-2017,137-1,teste_128.csv,1,2017-02-14,20,1,0,0.4444444444444444,128,0.546875
knn,10,2016-2017,138-1,teste_129.csv,1,2017-02-14,20,1,1,0.7777777777777778,129,0.5503875968992248
knn,10,2016-2017,139-1,teste_130.csv,1,2017-02-14,20,1,1,0.5555555555555556,130,0.5538461538461539
knn,10,2016-2017,145-1,teste_136.csv,1,2017-02-16,20,1,1,0.6666666666666666,131,0.5572519083969466
knn,10,2016-2017,146-1,teste_137.csv,1,2017-02-16,20,1,1,0.6666666666666666,132,0.5606060606060606
knn,10,2016-2017,140-1,teste_131.csv,1,2017-02-16,21,0,0,0.4444444444444444,133,0.5639097744360902
knn,10,2016-2017,141-1,teste_132.csv,1,2017-02-16,21,0,0,0.4444444444444444,134,0.5671641791044776
knn,10,2016-2017,142-1,teste_133.csv,1,2017-02-16,21,1,0,0.4444444444444444,135,0.562962962962963
knn,10,2016-2017,143-1,teste_134.csv,1,2017-02-16,21,1,1,0.8888888888888888,136,0.5661764705882353
knn,10,2016-2017,144-1,teste_135.csv,1,2017-02-16,21,1,1,0.6666666666666666,137,0.5693430656934306
knn,10,2016-2017,147-1,teste_138.csv,1,2017-02-18,21,1,0,0.3333333333333333,138,0.5652173913043478
knn,10,2016-2017,148-1,teste_139.csv,1,2017-02-18,21,1,1,0.7777777777777778,139,0.5683453237410072
knn,10,2016-2017,149-1,teste_140.csv,1,2017-02-21,22,0,1,0.6666666666666666,140,0.5642857142857143
knn,10,2016-2017,150-1,teste_141.csv,1,2017-02-21,22,1,1,0.7777777777777778,141,0.5673758865248227
knn,10,2016-2017,151-1,teste_142.csv,1,2017-02-21,22,0,0,0.3661547139685293,142,0.5704225352112676
knn,10,2016-2017,152-1,teste_143.csv,1,2017-02-21,22,0,1,0.5555555555555556,143,0.5664335664335665
knn,10,2016-2017,153-1,teste_144.csv,1,2017-02-22,22,1,1,0.6363636363636364,144,0.5694444444444444
knn,10,2016-2017,154-1,teste_145.csv,1,2017-02-22,22,0,0,0.4545454545454545,145,0.5724137931034483
knn,10,2016-2017,155-1,teste_146.csv,1,2017-02-22,22,1,1,0.6363636363636364,146,0.5753424657534246
knn,10,2016-2017,156-1,teste_147.csv,1,2017-02-23,23,1,1,0.6363636363636364,147,0.5782312925170068
knn,10,2016-2017,157-1,teste_148.csv,1,2017-02-23,23,0,1,0.7272727272727273,148,0.5743243243243243
knn,10,2016-2017,158-1,teste_149.csv,1,2017-02-23,23,1,0,0.4545454545454545,149,0.5704697986577181
knn,10,2016-2017,159-1,teste_150.csv,1,2017-02-23,23,1,1,0.6363636363636364,150,0.5733333333333334
knn,10,2016-2017,160-1,teste_151.csv,1,2017-02-24,23,1,1,0.9090909090909092,151,0.5761589403973509
knn,10,2016-2017,161-1,teste_152.csv,1,2017-02-24,23,0,1,0.5454545454545454,152,0.5723684210526315
knn,10,2016-2017,162-1,teste_153.csv,1,2017-02-25,23,0,1,0.6666666666666666,153,0.5686274509803921
knn,10,2016-2017,163-1,teste_154.csv,1,2017-03-04,26,1,1,0.5555555555555556,154,0.5714285714285714
knn,10,2016-2017,164-1,teste_155.csv,1,2017-03-07,24,1,1,0.8888888888888888,155,0.5741935483870968
knn,10,2016-2017,165-1,teste_156.csv,1,2017-03-07,24,1,1,0.6666666666666666,156,0.5769230769230769
knn,10,2016-2017,166-1,teste_157.csv,1,2017-03-07,24,0,1,0.7777777777777778,157,0.5732484076433121
knn,10,2016-2017,167-1,teste_158.csv,1,2017-03-07,24,1,1,0.7777777777777778,158,0.5759493670886076
knn,10,2016-2017,168-1,teste_159.csv,1,2017-03-08,24,1,0,0.4444444444444444,159,0.5723270440251572
knn,10,2016-2017,169-1,teste_160.csv,1,2017-03-09,25,1,1,0.5555555555555556,160,0.575
knn,10,2016-2017,170-1,teste_161.csv,1,2017-03-09,25,1,1,1.0,161,0.577639751552795
knn,10,2016-2017,171-1,teste_162.csv,1,2017-03-09,25,1,1,0.8,162,0.5802469135802469
knn,10,2016-2017,172-1,teste_163.csv,1,2017-03-09,25,0,1,1.0,163,0.5766871165644172
knn,10,2016-2017,173-1,teste_164.csv,1,2017-03-10,25,0,1,0.6,164,0.573170731707317
knn,10,2016-2017,174-1,teste_165.csv,1,2017-03-11,25,1,1,0.5714285714285714,165,0.5757575757575758
knn,10,2016-2017,175-1,teste_166.csv,1,2017-03-11,25,1,1,0.7142857142857143,166,0.5783132530120482
knn,10,2016-2017,176-1,teste_167.csv,1,2017-03-13,26,0,1,0.5714285714285714,167,0.5748502994011976
knn,10,2016-2017,177-1,teste_168.csv,1,2017-03-13,26,1,1,0.7142857142857143,168,0.5773809523809523
knn,10,2016-2017,178-1,teste_169.csv,1,2017-03-13,26,1,1,0.8571428571428571,169,0.5798816568047337
knn,10,2016-2017,179-1,teste_170.csv,1,2017-03-14,26,0,1,0.5714285714285714,170,0.5764705882352941
knn,10,2016-2017,180-1,teste_171.csv,1,2017-03-14,26,1,1,0.5770874731406269,171,0.5789473684210527
knn,10,2016-2017,181-1,teste_172.csv,1,2017-03-14,26,0,1,0.8628736972595192,172,0.5755813953488372
knn,10,2016-2017,182-1,teste_173.csv,1,2017-03-22,27,1,1,0.8227882937536668,173,0.5780346820809249
knn,10,2016-2017,183-1,teste_174.csv,1,2017-03-22,27,0,0,0.2222222222222222,174,0.5804597701149425
knn,10,2016-2017,184-1,teste_175.csv,1,2017-03-22,27,0,1,0.7777777777777778,175,0.5771428571428572
knn,10,2016-2017,185-1,teste_176.csv,1,2017-03-22,27,0,0,0.3333333333333333,176,0.5795454545454546
knn,10,2016-2017,186-1,teste_177.csv,1,2017-03-22,27,0,0,0.3953844649480507,177,0.5819209039548022
knn,10,2016-2017,187-1,teste_178.csv,1,2017-03-23,27,0,0,0.3333333333333333,178,0.5842696629213483
knn,10,2016-2017,188-1,teste_179.csv,1,2017-03-23,27,0,0,0.4,179,0.5865921787709497
knn,10,2016-2017,189-1,teste_180.csv,1,2017-03-24,28,1,0,0.4444444444444444,180,0.5833333333333334
knn,10,2016-2017,190-1,teste_181.csv,1,2017-03-24,28,0,0,0.2222222222222222,181,0.585635359116022
knn,10,2016-2017,191-1,teste_182.csv,1,2017-03-24,28,1,1,0.6489477657757645,182,0.5879120879120879
knn,10,2016-2017,192-1,teste_183.csv,1,2017-03-24,28,0,1,0.9027071288247938,183,0.5846994535519126
knn,10,2016-2017,193-1,teste_184.csv,1,2017-03-24,28,0,0,0.3104456404754485,184,0.5869565217391305
knn,10,2016-2017,194-1,teste_185.csv,1,2017-03-25,28,1,0,0.4444444444444444,185,0.5837837837837838
knn,10,2016-2017,195-1,teste_186.csv,1,2017-03-25,28,0,0,0.1111111111111111,186,0.5860215053763441
knn,10,2016-2017,196-1,teste_187.csv,1,2017-03-29,30,1,0,0.4444444444444444,187,0.5828877005347594
knn,10,2016-2017,197-1,teste_188.csv,1,2017-03-29,30,1,1,0.6666666666666666,188,0.5851063829787234
knn,10,2016-2017,198-1,teste_189.csv,1,2017-03-30,29,1,1,0.6666666666666666,189,0.5873015873015873
knn,10,2016-2017,199-1,teste_190.csv,1,2017-03-30,29,1,1,0.7777777777777778,190,0.5894736842105263
knn,10,2016-2017,200-1,teste_191.csv,1,2017-03-30,29,0,1,0.5555555555555556,191,0.5863874345549738
knn,10,2016-2017,201-1,teste_192.csv,1,2017-03-30,29,0,0,0.4285714285714285,192,0.5885416666666666
knn,10,2016-2017,202-1,teste_193.csv,1,2017-03-30,29,1,1,0.6666666666666666,193,0.5906735751295337
knn,10,2016-2017,203-1,teste_194.csv,1,2017-04-01,29,0,0,0.4444444444444444,194,0.5927835051546392
knn,10,2016-2017,204-1,teste_195.csv,1,2017-04-01,29,1,1,0.828754836393635,195,0.5948717948717949
knn,10,2016-2017,205-1,teste_196.csv,1,2017-04-01,30,0,1,0.7558543739766762,196,0.5918367346938775
knn,10,2016-2017,206-1,teste_197.csv,1,2017-04-01,30,0,0,0.4361135172683562,197,0.5939086294416244
knn,10,2016-2017,207-1,teste_198.csv,1,2017-04-01,30,1,1,0.5555555555555556,198,0.5959595959595959
knn,10,2016-2017,208-1,teste_199.csv,1,2017-04-01,30,1,1,0.7777777777777778,199,0.5979899497487438
knn,10,2016-2017,209-1,teste_200.csv,1,2017-04-01,30,1,1,0.5454545454545454,200,0.6
knn,10,2016-2017,210-1,teste_201.csv,1,2017-04-04,1,0,0,0.4545454545454545,201,0.6019900497512438
knn,10,2016-2017,211-1,teste_202.csv,1,2017-04-05,1,0,0,0.4444444444444444,202,0.6039603960396039
knn,10,2016-2017,212-1,teste_203.csv,1,2017-04-06,1,1,0,0.1818181818181818,203,0.6009852216748769
knn,10,2016-2017,213-1,teste_204.csv,1,2017-04-07,1,0,1,0.6363636363636364,204,0.5980392156862745
knn,10,2016-2017,214-1,teste_205.csv,1,2017-04-07,2,0,1,0.5454545454545454,205,0.5951219512195122
knn,10,2016-2017,215-1,teste_206.csv,1,2017-04-08,2,1,1,0.5555555555555556,206,0.5970873786407767
knn,10,2016-2017,217-1,teste_208.csv,1,2017-04-09,2,1,1,0.7142857142857143,207,0.5990338164251208
knn,10,2016-2017,216-1,teste_207.csv,1,2017-04-09,3,1,0,0.4285714285714285,208,0.5961538461538461
knn,10,2016-2017,218-1,teste_209.csv,1,2017-04-10,3,1,1,0.5714285714285714,209,0.5980861244019139
knn,10,2016-2017,220-1,teste_211.csv,1,2017-04-11,2,1,1,0.5454545454545454,210,0.6
knn,10,2016-2017,219-1,teste_210.csv,1,2017-04-11,3,0,1,0.7272727272727273,211,0.5971563981042654
knn,10,2016-2017,221-1,teste_212.csv,1,2017-04-13,3,0,1,0.5454545454545454,212,0.5943396226415094
knn,10,2016-2017,222-1,teste_213.csv,1,2017-04-15,4,0,0,0.2727272727272727,213,0.596244131455399
knn,10,2016-2017,223-1,teste_214.csv,1,2017-04-15,4,1,0,0.1428571428571428,214,0.5934579439252337
knn,10,2016-2017,224-1,teste_215.csv,1,2017-04-16,4,1,1,0.5714285714285714,215,0.5953488372093023
knn,10,2016-2017,225-1,teste_216.csv,1,2017-04-17,5,1,0,0.3333333333333333,216,0.5925925925925926
knn,10,2016-2017,226-1,teste_217.csv,1,2017-04-18,5,1,0,0.3333333333333333,217,0.5898617511520737
knn,10,2016-2017,227-1,teste_218.csv,1,2017-04-18,5,1,0,0.3333333333333333,218,0.5871559633027523
knn,10,2016-2017,228-1,teste_219.csv,1,2017-04-20,1,0,1,0.6666666666666666,219,0.5844748858447488
knn,10,2016-2017,229-1,teste_220.csv,1,2017-04-21,1,0,0,0.3333333333333333,220,0.5863636363636363
knn,10,2016-2017,230-1,teste_221.csv,1,2017-04-22,1,1,0,0.3333333333333333,221,0.583710407239819
knn,10,2016-2017,231-1,teste_222.csv,1,2017-04-22,1,0,0,0.4,222,0.5855855855855856
knn,10,2016-2017,232-1,teste_223.csv,1,2017-04-23,2,0,0,0.3333333333333333,223,0.5874439461883408
knn,10,2016-2017,233-1,teste_224.csv,1,2017-04-24,2,1,0,0.4,224,0.5848214285714286
knn,10,2016-2017,234-1,teste_225.csv,1,2017-04-25,2,1,0,0.2,225,0.5822222222222222
knn,10,2016-2017,235-1,teste_226.csv,1,2017-04-25,3,0,0,0.4,226,0.584070796460177
knn,10,2016-2017,236-1,teste_227.csv,1,2017-04-26,3,0,1,0.6666666666666666,227,0.5814977973568282
knn,10,2016-2017,237-1,teste_228.csv,1,2017-04-27,2,0,1,0.6666666666666666,228,0.5789473684210527
knn,10,2016-2017,238-1,teste_229.csv,1,2017-04-28,3,0,0,0.3333333333333333,229,0.5807860262008734
knn,10,2016-2017,239-1,teste_230.csv,1,2017-04-29,3,1,0,0.3333333333333333,230,0.5782608695652174
knn,10,2016-2017,240-1,teste_231.csv,1,2017-04-30,4,1,1,0.6666666666666666,231,0.5800865800865801
knn,10,2016-2017,241-1,teste_232.csv,1,2017-05-01,4,1,0,0.0,232,0.5775862068965517
knn,10,2016-2017,242-1,teste_233.csv,1,2017-05-02,4,0,1,1.0,233,0.575107296137339
knn,10,2016-2017,243-1,teste_234.csv,1,2017-05-02,4,1,0,0.2857142857142857,234,0.5726495726495726
knn,10,2016-2017,244-1,teste_235.csv,1,2017-05-05,5,0,0,0.2857142857142857,235,0.574468085106383
knn,10,2016-2017,245-1,teste_236.csv,1,2017-05-06,5,0,1,0.5714285714285714,236,0.5720338983050848
knn,10,2016-2017,246-1,teste_237.csv,1,2017-05-06,5,0,0,0.2857142857142857,237,0.5738396624472574
knn,10,2016-2017,247-1,teste_238.csv,1,2017-05-08,1,1,0,0.2857142857142857,238,0.5714285714285714
knn,10,2016-2017,248-1,teste_239.csv,1,2017-05-09,1,0,0,0.2857142857142857,239,0.5732217573221757
knn,10,2016-2017,249-1,teste_240.csv,1,2017-05-12,2,1,1,0.5714285714285714,240,0.575
knn,10,2016-2017,250-1,teste_241.csv,1,2017-05-13,2,0,0,0.4285714285714285,241,0.5767634854771784
knn,10,2016-2017,251-1,teste_242.csv,1,2017-05-14,3,1,1,0.5714285714285714,242,0.5785123966942148
knn,10,2016-2017,252-1,teste_243.csv,1,2017-05-15,3,1,0,0.2857142857142857,243,0.5761316872427984
knn,10,2016-2017,253-1,teste_244.csv,1,2017-05-20,4,0,1,0.5951858118884074,244,0.5737704918032787
knn,10,2016-2017,254-1,teste_245.csv,1,2017-05-23,5,1,0,0.3694375504306115,245,0.5714285714285714
knn,10,2016-2017,255-1,teste_246.csv,1,2017-05-27,1,1,0,0.4970805071249434,246,0.5691056910569106
knn,10,2016-2017,256-1,teste_247.csv,1,2017-06-02,2,0,0,0.4028739385871692,247,0.5708502024291497
knn,10,2016-2017,257-1,teste_248.csv,1,2017-06-04,3,1,0,0.1656420437934121,248,0.5685483870967742
knn,10,2016-2017,258-1,teste_249.csv,1,2017-06-10,4,0,1,0.7218563518145955,249,0.5662650602409639
knn,10,2018-2019,10-1,teste_1.csv,1,2018-10-18,1,0,1,0.6666666666666666,1,0.0
knn,10,2018-2019,11-1,teste_2.csv,1,2018-10-19,1,0,1,0.6,2,0.0
knn,10,2018-2019,12-1,teste_3.csv,1,2018-10-19,1,0,0,0.3333333333333333,3,0.3333333333333333
knn,10,2018-2019,13-1,teste_4.csv,1,2018-10-20,1,0,1,0.6666666666666666,4,0.25
knn,10,2018-2019,14-1,teste_5.csv,1,2018-10-20,1,1,0,0.3333333333333333,5,0.2
knn,10,2018-2019,15-1,teste_6.csv,1,2018-10-22,2,0,0,0.3640653802229253,6,0.3333333333333333
knn,10,2018-2019,16-1,teste_7.csv,1,2018-10-22,2,1,0,0.3333333333333333,7,0.2857142857142857
knn,10,2018-2019,17-1,teste_8.csv,1,2018-10-22,2,0,1,0.6026137617224517,8,0.25
knn,10,2018-2019,18-1,teste_9.csv,1,2018-10-23,2,0,1,0.6069398244169764,9,0.2222222222222222
knn,10,2018-2019,19-1,teste_10.csv,1,2018-10-24,2,1,0,0.4463808502040624,10,0.2
knn,10,2018-2019,20-1,teste_11.csv,1,2018-10-24,2,1,1,0.5393388406879478,11,0.2727272727272727
knn,10,2018-2019,21-1,teste_12.csv,1,2018-10-25,2,1,0,0.3333333333333333,12,0.25
knn,10,2018-2019,22-1,teste_13.csv,1,2018-10-25,2,1,0,0.3333333333333333,13,0.2307692307692307
knn,10,2018-2019,23-1,teste_14.csv,1,2018-10-26,2,0,1,0.6666666666666666,14,0.2142857142857142
knn,10,2018-2019,24-1,teste_15.csv,1,2018-10-26,2,1,1,0.6666666666666666,15,0.2666666666666666
knn,10,2018-2019,25-1,teste_16.csv,1,2018-10-27,2,0,0,0.3333333333333333,16,0.3125
knn,10,2018-2019,26-1,teste_17.csv,1,2018-10-29,3,1,1,0.6565989032540295,17,0.3529411764705882
knn,10,2018-2019,27-1,teste_18.csv,1,2018-10-30,3,1,0,0.3242041395439665,18,0.3333333333333333
knn,10,2018-2019,28-1,teste_19.csv,1,2018-10-30,3,1,1,1.0,19,0.3684210526315789
knn,10,2018-2019,29-1,teste_20.csv,1,2018-10-31,3,1,1,1.0,20,0.4
knn,10,2018-2019,30-1,teste_21.csv,1,2018-10-31,3,0,1,0.6666666666666666,21,0.3809523809523809
knn,10,2018-2019,31-1,teste_22.csv,1,2018-10-31,3,0,1,0.6666666666666666,22,0.3636363636363636
knn,10,2018-2019,32-1,teste_23.csv,1,2018-11-01,3,0,0,0.0,23,0.391304347826087
knn,10,2018-2019,33-1,teste_24.csv,1,2018-11-01,3,1,1,1.0,24,0.4166666666666667
knn,10,2018-2019,34-1,teste_25.csv,1,2018-11-01,3,0,0,0.3333333333333333,25,0.44
knn,10,2018-2019,35-1,teste_26.csv,1,2018-11-02,3,0,0,0.0,26,0.4615384615384615
knn,10,2018-2019,36-1,teste_27.csv,1,2018-11-02,3,1,0,0.3333333333333333,27,0.4444444444444444
knn,10,2018-2019,37-1,teste_28.csv,1,2018-11-02,3,0,1,0.8,28,0.4285714285714285
knn,10,2018-2019,38-1,teste_29.csv,1,2018-11-03,3,1,0,0.2857142857142857,29,0.4137931034482758
knn,10,2018-2019,39-1,teste_30.csv,1,2018-11-03,3,1,0,0.3333333333333333,30,0.4
knn,10,2018-2019,40-1,teste_31.csv,1,2018-11-05,4,0,1,0.6666666666666666,31,0.3870967741935484
knn,10,2018-2019,41-1,teste_32.csv,1,2018-11-06,4,0,1,0.6666666666666666,32,0.375
knn,10,2018-2019,42-1,teste_33.csv,1,2018-11-06,4,1,0,0.2,33,0.3636363636363636
knn,10,2018-2019,43-1,teste_34.csv,1,2018-11-07,4,1,0,0.0,34,0.3529411764705882
knn,10,2018-2019,44-1,teste_35.csv,1,2018-11-07,4,0,1,0.518166940343496,35,0.3428571428571428
knn,10,2018-2019,45-1,teste_36.csv,1,2018-11-08,4,1,0,0.2,36,0.3333333333333333
knn,10,2018-2019,46-1,teste_37.csv,1,2018-11-08,4,1,1,0.6,37,0.3513513513513513
knn,10,2018-2019,47-1,teste_38.csv,1,2018-11-09,4,1,1,1.0,38,0.3684210526315789
knn,10,2018-2019,48-1,teste_39.csv,1,2018-11-10,4,1,0,0.3333333333333333,39,0.358974358974359
knn,10,2018-2019,49-1,teste_40.csv,1,2018-11-10,4,0,0,0.4,40,0.375
knn,10,2018-2019,50-1,teste_41.csv,1,2018-11-10,4,1,1,0.8,41,0.3902439024390244
knn,10,2018-2019,51-1,teste_42.csv,1,2018-11-12,5,1,1,0.8,42,0.4047619047619047
knn,10,2018-2019,52-1,teste_43.csv,1,2018-11-13,5,1,1,0.8,43,0.4186046511627907
knn,10,2018-2019,53-1,teste_44.csv,1,2018-11-13,5,0,1,0.7142857142857143,44,0.4090909090909091
knn,10,2018-2019,54-1,teste_45.csv,1,2018-11-14,5,0,1,0.5714285714285714,45,0.4
knn,10,2018-2019,55-1,teste_46.csv,1,2018-11-14,5,1,0,0.4285714285714285,46,0.391304347826087
knn,10,2018-2019,56-1,teste_47.csv,1,2018-11-15,5,1,1,0.8672437308696043,47,0.4042553191489361
knn,10,2018-2019,57-1,teste_48.csv,1,2018-11-16,5,1,1,0.8571428571428571,48,0.4166666666666667
knn,10,2018-2019,58-1,teste_49.csv,1,2018-11-16,5,1,1,0.5714285714285714,49,0.4285714285714285
knn,10,2018-2019,59-1,teste_50.csv,1,2018-11-17,5,1,1,0.7142857142857143,50,0.44
knn,10,2018-2019,60-1,teste_51.csv,1,2018-11-19,5,0,0,0.4285714285714285,51,0.4509803921568627
knn,10,2018-2019,61-1,teste_52.csv,1,2018-11-20,6,1,1,0.7142857142857143,52,0.4615384615384615
knn,10,2018-2019,62-1,teste_53.csv,1,2018-11-21,6,1,1,0.7142857142857143,53,0.4716981132075472
knn,10,2018-2019,63-1,teste_54.csv,1,2018-11-22,6,1,1,0.8571428571428571,54,0.4814814814814814
knn,10,2018-2019,64-1,teste_55.csv,1,2018-11-23,6,0,1,0.7142857142857143,55,0.4727272727272727
knn,10,2018-2019,65-1,teste_56.csv,1,2018-11-24,6,1,1,1.0,56,0.4821428571428571
knn,10,2018-2019,66-1,teste_57.csv,1,2018-11-25,7,1,1,0.6666666666666666,57,0.4912280701754385
knn,10,2018-2019,67-1,teste_58.csv,1,2018-11-27,7,1,1,0.7142857142857143,58,0.5
knn,10,2018-2019,68-1,teste_59.csv,1,2018-11-29,7,1,1,0.7142857142857143,59,0.5084745762711864
knn,10,2018-2019,69-1,teste_60.csv,1,2018-12-01,7,0,1,0.8571428571428571,60,0.5
knn,10,2018-2019,70-1,teste_61.csv,1,2018-12-04,8,1,1,0.8571428571428571,61,0.5081967213114754
knn,10,2018-2019,71-1,teste_62.csv,1,2018-12-04,8,1,0,0.4285714285714285,62,0.5
knn,10,2018-2019,72-1,teste_63.csv,1,2018-12-05,8,0,1,0.7142857142857143,63,0.492063492063492
knn,10,2018-2019,73-1,teste_64.csv,1,2018-12-05,8,1,1,0.6666666666666666,64,0.5
knn,10,2018-2019,74-1,teste_65.csv,1,2018-12-06,8,1,1,0.6666666666666666,65,0.5076923076923077
knn,10,2018-2019,75-1,teste_66.csv,1,2018-12-06,8,1,1,0.6666666666666666,66,0.5151515151515151
knn,10,2018-2019,76-1,teste_67.csv,1,2018-12-07,8,1,1,1.0,67,0.5223880597014925
knn,10,2018-2019,77-1,teste_68.csv,1,2018-12-07,8,1,1,0.6666666666666666,68,0.5294117647058824
knn,10,2018-2019,78-1,teste_69.csv,1,2018-12-08,8,1,1,1.0,69,0.5362318840579711
knn,10,2018-2019,79-1,teste_70.csv,1,2018-12-08,8,1,1,1.0,70,0.5428571428571428
knn,10,2018-2019,80-1,teste_71.csv,1,2018-12-10,9,1,1,1.0,71,0.5492957746478874
knn,10,2018-2019,81-1,teste_72.csv,1,2018-12-10,9,1,1,1.0,72,0.5555555555555556
knn,10,2018-2019,82-1,teste_73.csv,1,2018-12-11,9,0,1,0.6666666666666666,73,0.547945205479452
knn,10,2018-2019,83-1,teste_74.csv,1,2018-12-12,9,1,1,1.0,74,0.5540540540540541
knn,10,2018-2019,84-1,teste_75.csv,1,2018-12-13,9,1,1,0.8,75,0.56
knn,10,2018-2019,85-1,teste_76.csv,1,2018-12-13,9,0,1,0.6,76,0.5526315789473685
knn,10,2018-2019,86-1,teste_77.csv,1,2018-12-14,9,0,0,0.442932703922967,77,0.5584415584415584
knn,10,2018-2019,87-1,teste_78.csv,1,2018-12-15,9,1,1,0.6666666666666666,78,0.5641025641025641
knn,10,2018-2019,88-1,teste_79.csv,1,2018-12-15,9,0,1,1.0,79,0.5569620253164557
knn,10,2018-2019,89-1,teste_80.csv,1,2018-12-15,9,1,1,0.7777777777777778,80,0.5625
knn,10,2018-2019,90-1,teste_81.csv,1,2018-12-18,9,0,0,0.3333333333333333,81,0.5679012345679012
knn,10,2018-2019,91-1,teste_82.csv,1,2019-01-05,1,1,1,1.0,82,0.573170731707317
knn,10,2018-2019,92-1,teste_83.csv,1,2019-01-07,1,1,1,0.8278096003630138,83,0.5783132530120482
knn,10,2018-2019,93-1,teste_84.csv,1,2019-01-08,1,1,1,0.6666666666666666,84,0.5833333333333334
knn,10,2018-2019,94-1,teste_85.csv,1,2019-01-09,1,0,1,1.0,85,0.5764705882352941
knn,10,2018-2019,95-1,teste_86.csv,1,2019-01-09,1,0,1,0.6666666666666666,86,0.5697674418604651
knn,10,2018-2019,96-1,teste_87.csv,1,2019-01-10,1,0,0,0.3333333333333333,87,0.5747126436781609
knn,10,2018-2019,97-1,teste_88.csv,1,2019-01-10,1,1,0,0.3333333333333333,88,0.5681818181818182
knn,10,2018-2019,98-1,teste_89.csv,1,2019-01-11,1,0,0,0.3333333333333333,89,0.5730337078651685
knn,10,2018-2019,99-1,teste_90.csv,1,2019-01-11,1,0,1,0.6666666666666666,90,0.5666666666666667
knn,10,2018-2019,100-1,teste_91.csv,1,2019-01-12,1,0,0,0.3333333333333333,91,0.5714285714285714
knn,10,2018-2019,101-1,teste_92.csv,1,2019-01-12,1,1,1,0.6666666666666666,92,0.5760869565217391
knn,10,2018-2019,102-1,teste_93.csv,1,2019-01-14,2,0,0,0.3333333333333333,93,0.5806451612903226
knn,10,2018-2019,103-1,teste_94.csv,1,2019-01-14,2,1,0,0.2857142857142857,94,0.574468085106383
knn,10,2018-2019,104-1,teste_95.csv,1,2019-01-14,2,1,1,0.7142857142857143,95,0.5789473684210527
knn,10,2018-2019,105-1,teste_96.csv,1,2019-01-15,2,0,0,0.2857142857142857,96,0.5833333333333334
knn,10,2018-2019,106-1,teste_97.csv,1,2019-01-16,2,0,1,0.5714285714285714,97,0.5773195876288659
knn,10,2018-2019,107-1,teste_98.csv,1,2019-01-16,2,0,0,0.1428571428571428,98,0.5816326530612245
knn,10,2018-2019,108-1,teste_99.csv,1,2019-01-17,2,0,0,0.1428571428571428,99,0.5858585858585859
knn,10,2018-2019,109-1,teste_100.csv,1,2019-01-17,2,0,0,0.2857142857142857,100,0.59
knn,10,2018-2019,110-1,teste_101.csv,1,2019-01-18,2,1,1,0.5714285714285714,101,0.594059405940594
knn,10,2018-2019,111-1,teste_102.csv,1,2019-01-19,2,0,0,0.1428571428571428,102,0.5980392156862745
knn,10,2018-2019,112-1,teste_103.csv,1,2019-01-19,2,0,0,0.3333333333333333,103,0.6019417475728155
knn,10,2018-2019,113-1,teste_104.csv,1,2019-01-21,3,1,1,0.6666666666666666,104,0.6057692307692307
knn,10,2018-2019,114-1,teste_105.csv,1,2019-01-22,3,0,1,0.6666666666666666,105,0.6
knn,10,2018-2019,115-1,teste_106.csv,1,2019-01-22,3,1,1,0.6666666666666666,106,0.6037735849056604
knn,10,2018-2019,116-1,teste_107.csv,1,2019-01-23,3,0,1,0.6666666666666666,107,0.5981308411214953
knn,10,2018-2019,117-1,teste_108.csv,1,2019-01-24,3,0,1,0.6666666666666666,108,0.5925925925925926
knn,10,2018-2019,118-1,teste_109.csv,1,2019-01-24,3,0,0,0.3333333333333333,109,0.5963302752293578
knn,10,2018-2019,119-1,teste_110.csv,1,2019-01-26,3,0,1,0.6666666666666666,110,0.5909090909090909
knn,10,2018-2019,120-1,teste_111.csv,1,2019-01-26,3,1,1,0.6666666666666666,111,0.5945945945945946
knn,10,2018-2019,121-1,teste_112.csv,1,2019-01-28,4,1,1,0.6666666666666666,112,0.5982142857142857
knn,10,2018-2019,122-1,teste_113.csv,1,2019-01-29,4,0,0,0.3333333333333333,113,0.6017699115044248
knn,10,2018-2019,123-1,teste_114.csv,1,2019-01-30,4,1,0,0.0,114,0.5964912280701754
knn,10,2018-2019,124-1,teste_115.csv,1,2019-01-31,4,1,0,0.0,115,0.591304347826087
knn,10,2018-2019,125-1,teste_116.csv,1,2019-02-01,4,1,1,0.6666666666666666,116,0.5948275862068966
knn,10,2018-2019,126-1,teste_117.csv,1,2019-02-02,4,1,1,1.0,117,0.5982905982905983
knn,10,2018-2019,127-1,teste_118.csv,1,2019-02-04,5,0,1,0.6666666666666666,118,0.5932203389830508
knn,10,2018-2019,128-1,teste_119.csv,1,2019-02-04,5,0,0,0.3333333333333333,119,0.5966386554621849
knn,10,2018-2019,129-1,teste_120.csv,1,2019-02-05,5,0,1,0.6666666666666666,120,0.5916666666666667
knn,10,2018-2019,130-1,teste_121.csv,1,2019-02-05,5,1,0,0.4382994110509903,121,0.5867768595041323
knn,10,2018-2019,131-1,teste_122.csv,1,2019-02-11,6,1,1,0.6475086928022723,122,0.5901639344262295
knn,10,2018-2019,132-1,teste_123.csv,1,2019-02-13,6,1,1,0.5803560732576815,123,0.5934959349593496
knn,10,2018-2019,133-1,teste_124.csv,1,2019-02-13,6,1,0,0.4365113563087188,124,0.5887096774193549
knn,10,2018-2019,134-1,teste_125.csv,1,2019-02-13,6,0,0,0.1813664869771648,125,0.592
knn,10,2018-2019,135-1,teste_126.csv,1,2019-02-14,6,1,0,0.3333333333333333,126,0.5873015873015873
knn,10,2018-2019,136-1,teste_127.csv,1,2019-02-15,6,1,1,0.6666666666666666,127,0.5905511811023622
knn,10,2018-2019,137-1,teste_128.csv,1,2019-02-15,6,1,0,0.3333333333333333,128,0.5859375
knn,10,2018-2019,138-1,teste_129.csv,1,2019-02-15,6,0,1,1.0,129,0.5813953488372093
knn,10,2018-2019,139-1,teste_130.csv,1,2019-02-16,6,0,0,0.4444444444444444,130,0.5846153846153846
knn,10,2018-2019,140-1,teste_131.csv,1,2019-02-19,7,0,1,0.6666666666666666,131,0.5801526717557252
knn,10,2018-2019,141-1,teste_132.csv,1,2019-02-23,7,1,1,0.6666666666666666,132,0.5833333333333334
knn,10,2018-2019,142-1,teste_133.csv,1,2019-02-26,8,1,1,0.6666666666666666,133,0.5864661654135338
knn,10,2018-2019,143-1,teste_134.csv,1,2019-02-26,8,1,0,0.3333333333333333,134,0.582089552238806
knn,10,2018-2019,144-1,teste_135.csv,1,2019-02-28,8,1,1,0.6666666666666666,135,0.5851851851851851
knn,10,2018-2019,145-1,teste_136.csv,1,2019-02-28,8,0,0,0.0,136,0.5882352941176471
knn,10,2018-2019,146-1,teste_137.csv,1,2019-02-28,8,1,1,0.6666666666666666,137,0.5912408759124088
knn,10,2018-2019,147-1,teste_138.csv,1,2019-02-28,8,1,1,0.6666666666666666,138,0.5942028985507246
knn,10,2018-2019,148-1,teste_139.csv,1,2019-03-01,8,0,0,0.3333333333333333,139,0.5971223021582733
knn,10,2018-2019,149-1,teste_140.csv,1,2019-03-02,8,1,1,0.5714285714285714,140,0.6
knn,10,2018-2019,150-1,teste_141.csv,1,2019-03-04,9,1,1,1.0,141,0.6028368794326241
knn,10,2018-2019,151-1,teste_142.csv,1,2019-03-06,9,1,0,0.2857142857142857,142,0.5985915492957746
knn,10,2018-2019,152-1,teste_143.csv,1,2019-03-07,9,0,1,0.5714285714285714,143,0.5944055944055944
knn,10,2018-2019,153-1,teste_144.csv,1,2019-03-07,9,1,1,1.0,144,0.5972222222222222
knn,10,2018-2019,154-1,teste_145.csv,1,2019-03-08,9,1,0,0.3333333333333333,145,0.593103448275862
knn,10,2018-2019,155-1,teste_146.csv,1,2019-03-09,9,1,1,0.6666666666666666,146,0.5958904109589042
knn,10,2018-2019,156-1,teste_147.csv,1,2019-03-09,9,1,1,1.0,147,0.5986394557823129
knn,10,2018-2019,157-1,teste_148.csv,1,2019-03-11,10,1,0,0.3333333333333333,148,0.5945945945945946
knn,10,2018-2019,158-1,teste_149.csv,1,2019-03-12,10,1,1,1.0,149,0.5973154362416108
knn,10,2018-2019,159-1,teste_150.csv,1,2019-03-14,10,0,1,1.0,150,0.5933333333333334
knn,10,2018-2019,160-1,teste_151.csv,1,2019-03-14,10,0,1,0.6666666666666666,151,0.5894039735099338
knn,10,2018-2019,161-1,teste_152.csv,1,2019-03-15,10,0,1,0.6666666666666666,152,0.5855263157894737
knn,10,2018-2019,162-1,teste_153.csv,1,2019-03-15,10,1,1,0.6666666666666666,153,0.5882352941176471
knn,10,2018-2019,163-1,teste_154.csv,1,2019-03-16,10,0,0,0.0,154,0.5909090909090909
knn,10,2018-2019,164-1,teste_155.csv,1,2019-03-16,10,0,0,0.0,155,0.5935483870967742
knn,10,2018-2019,165-1,teste_156.csv,1,2019-03-16,10,1,0,0.3333333333333333,156,0.5897435897435898
knn,10,2018-2019,166-1,teste_157.csv,1,2019-03-18,11,0,0,0.3333333333333333,157,0.5923566878980892
knn,10,2018-2019,167-1,teste_158.csv,1,2019-03-19,11,0,0,0.4444444444444444,158,0.5949367088607594
knn,10,2018-2019,168-1,teste_159.csv,1,2019-03-21,11,0,0,0.3333333333333333,159,0.5974842767295597
knn,10,2018-2019,169-1,teste_160.csv,1,2019-03-23,11,1,1,1.0,160,0.6
knn,10,2018-2019,170-1,teste_161.csv,1,2019-03-24,12,1,1,0.6666666666666666,161,0.6024844720496895
knn,10,2018-2019,171-1,teste_162.csv,1,2019-03-24,12,1,1,0.6666666666666666,162,0.6049382716049383
knn,10,2018-2019,172-1,teste_163.csv,1,2019-03-24,12,0,1,0.6666666666666666,163,0.6012269938650306
knn,10,2018-2019,173-1,teste_164.csv,1,2019-03-24,12,1,1,1.0,164,0.6036585365853658
knn,10,2018-2019,174-1,teste_165.csv,1,2019-03-24,12,1,1,1.0,165,0.6060606060606061
knn,10,2018-2019,175-1,teste_166.csv,1,2019-03-26,12,0,1,1.0,166,0.6024096385542169
knn,10,2018-2019,176-1,teste_167.csv,1,2019-03-26,12,1,1,1.0,167,0.6047904191616766
knn,10,2018-2019,177-1,teste_168.csv,1,2019-03-26,12,1,1,0.6666666666666666,168,0.6071428571428571
knn,10,2018-2019,178-1,teste_169.csv,1,2019-03-26,12,1,1,1.0,169,0.6094674556213018
knn,10,2018-2019,179-1,teste_170.csv,1,2019-03-26,12,1,1,1.0,170,0.611764705882353
knn,10,2018-2019,180-1,teste_171.csv,1,2019-03-26,12,0,1,1.0,171,0.6081871345029239
knn,10,2018-2019,181-1,teste_172.csv,1,2019-03-26,12,0,0,0.3333333333333333,172,0.6104651162790697
knn,10,2018-2019,182-1,teste_173.csv,1,2019-03-30,1,1,1,0.6666666666666666,173,0.6127167630057804
knn,10,2018-2019,183-1,teste_174.csv,1,2019-04-01,1,0,0,0.4285714285714285,174,0.6149425287356322
knn,10,2018-2019,184-1,teste_175.csv,1,2019-04-03,1,1,1,0.5714285714285714,175,0.6171428571428571
knn,10,2018-2019,185-1,teste_176.csv,1,2019-04-04,2,1,1,0.5714285714285714,176,0.6193181818181818
knn,10,2018-2019,186-1,teste_177.csv,1,2019-04-05,1,1,0,0.4285714285714285,177,0.615819209039548
knn,10,2018-2019,187-1,teste_178.csv,1,2019-04-05,2,1,1,0.7142857142857143,178,0.6179775280898876
knn,10,2018-2019,188-1,teste_179.csv,1,2019-04-06,2,1,1,0.7142857142857143,179,0.6201117318435754
knn,10,2018-2019,189-1,teste_180.csv,1,2019-04-06,3,1,1,0.6,180,0.6222222222222222
knn,10,2018-2019,190-1,teste_181.csv,1,2019-04-08,2,0,1,1.0,181,0.6187845303867403
knn,10,2018-2019,191-1,teste_182.csv,1,2019-04-08,3,1,1,0.6,182,0.6208791208791209
knn,10,2018-2019,192-1,teste_183.csv,1,2019-04-12,1,1,1,0.8,183,0.6229508196721312
knn,10,2018-2019,193-1,teste_184.csv,1,2019-04-13,1,0,1,0.6,184,0.6195652173913043
knn,10,2018-2019,194-1,teste_185.csv,1,2019-04-13,1,0,1,0.7058415348775969,185,0.6162162162162163
knn,10,2018-2019,195-1,teste_186.csv,1,2019-04-16,1,0,1,0.8698817158755353,186,0.6129032258064516
knn,10,2018-2019,196-1,teste_187.csv,1,2019-04-17,2,1,1,1.0,187,0.6149732620320856
knn,10,2018-2019,197-1,teste_188.csv,1,2019-04-18,2,1,0,0.3333333333333333,188,0.6117021276595744
knn,10,2018-2019,198-1,teste_189.csv,1,2019-04-19,2,1,1,1.0,189,0.6137566137566137
knn,10,2018-2019,199-1,teste_190.csv,1,2019-04-20,3,1,1,1.0,190,0.6157894736842106
knn,10,2018-2019,200-1,teste_191.csv,1,2019-04-20,3,1,1,1.0,191,0.6178010471204188
knn,10,2018-2019,201-1,teste_192.csv,1,2019-04-21,3,1,1,1.0,192,0.6197916666666666
knn,10,2018-2019,202-1,teste_193.csv,1,2019-04-22,2,1,1,0.6666666666666666,193,0.6217616580310881
knn,10,2018-2019,203-1,teste_194.csv,1,2019-04-24,3,1,1,1.0,194,0.6237113402061856
knn,10,2018-2019,204-1,teste_195.csv,1,2019-04-27,4,1,1,1.0,195,0.6256410256410256
knn,10,2018-2019,205-1,teste_196.csv,1,2019-04-30,5,0,1,1.0,196,0.6224489795918368
knn,10,2018-2019,206-1,teste_197.csv,1,2019-05-03,1,0,1,0.6666666666666666,197,0.6192893401015228
knn,10,2018-2019,207-1,teste_198.csv,1,2019-05-04,1,0,0,0.4,198,0.6212121212121212
knn,10,2018-2019,208-1,teste_199.csv,1,2019-05-08,2,1,1,0.8,199,0.6231155778894473
knn,10,2018-2019,209-1,teste_200.csv,1,2019-05-09,2,1,1,0.8,200,0.625
knn,10,2018-2019,210-1,teste_201.csv,1,2019-05-10,3,1,1,1.0,201,0.6268656716417911
knn,10,2018-2019,211-1,teste_202.csv,1,2019-05-11,3,0,1,0.8,202,0.6237623762376238
knn,10,2018-2019,212-1,teste_203.csv,1,2019-05-14,4,0,1,0.6666666666666666,203,0.6206896551724138
knn,10,2018-2019,213-1,teste_204.csv,1,2019-05-19,1,1,0,0.2,204,0.6176470588235294
knn,10,2018-2019,214-1,teste_205.csv,1,2019-05-23,2,1,1,0.8,205,0.6195121951219512
knn,10,2018-2019,215-1,teste_206.csv,1,2019-05-25,3,1,1,1.0,206,0.6213592233009708
knn,10,2018-2019,216-1,teste_207.csv,1,2019-06-01,4,1,1,0.8,207,0.6231884057971014
knn,10,2019-2020,10-1,teste_1.csv,1,2019-10-18,1,1,1,0.6666666666666666,1,1.0
knn,10,2019-2020,11-1,teste_2.csv,1,2019-10-18,1,0,1,0.5714285714285714,2,0.5
knn,10,2019-2020,12-1,teste_3.csv,1,2019-10-19,1,0,0,0.3333333333333333,3,0.6666666666666666
knn,10,2019-2020,13-1,teste_4.csv,1,2019-10-21,2,0,0,0.4582467789779582,4,0.75
knn,10,2019-2020,14-1,teste_5.csv,1,2019-10-21,2,1,0,0.4285714285714285,5,0.6
knn,10,2019-2020,15-1,teste_6.csv,1,2019-10-22,2,1,1,0.5714285714285714,6,0.6666666666666666
knn,10,2019-2020,16-1,teste_7.csv,1,2019-10-22,2,0,1,0.5714285714285714,7,0.5714285714285714
knn,10,2019-2020,17-1,teste_8.csv,1,2019-10-22,2,0,1,0.6184069654310712,8,0.5
knn,10,2019-2020,18-1,teste_9.csv,1,2019-10-23,2,1,1,0.5669540233454083,9,0.5555555555555556
knn,10,2019-2020,19-1,teste_10.csv,1,2019-10-24,2,0,1,0.5807589297207141,10,0.5
knn,10,2019-2020,20-1,teste_11.csv,1,2019-10-24,2,1,1,0.5830804414990797,11,0.5454545454545454
knn,10,2019-2020,21-1,teste_12.csv,1,2019-10-25,2,1,1,0.6124979418078731,12,0.5833333333333334
knn,10,2019-2020,22-1,teste_13.csv,1,2019-10-25,2,0,1,0.6666666666666666,13,0.5384615384615384
knn,10,2019-2020,23-1,teste_14.csv,1,2019-10-26,2,0,1,0.5627352206488627,14,0.5
knn,10,2019-2020,24-1,teste_15.csv,1,2019-10-26,2,0,1,0.6666666666666666,15,0.4666666666666667
knn,10,2019-2020,25-1,teste_16.csv,1,2019-10-27,3,0,0,0.4285714285714285,16,0.5
knn,10,2019-2020,26-1,teste_17.csv,1,2019-10-28,3,0,0,0.2,17,0.5294117647058824
knn,10,2019-2020,27-1,teste_18.csv,1,2019-10-29,3,1,0,0.3671903423122115,18,0.5
knn,10,2019-2020,28-1,teste_19.csv,1,2019-10-29,3,0,0,0.1396824524605778,19,0.5263157894736842
knn,10,2019-2020,29-1,teste_20.csv,1,2019-10-30,3,0,0,0.4285714285714285,20,0.55
knn,10,2019-2020,30-1,teste_21.csv,1,2019-10-30,3,0,0,0.4285714285714285,21,0.5714285714285714
knn,10,2019-2020,31-1,teste_22.csv,1,2019-10-31,3,1,0,0.2857142857142857,22,0.5454545454545454
knn,10,2019-2020,32-1,teste_23.csv,1,2019-11-01,3,1,1,0.5714285714285714,23,0.5652173913043478
knn,10,2019-2020,33-1,teste_24.csv,1,2019-11-01,3,1,1,0.6666666666666666,24,0.5833333333333334
knn,10,2019-2020,34-1,teste_25.csv,1,2019-11-02,3,0,0,0.4444444444444444,25,0.6
knn,10,2019-2020,35-1,teste_26.csv,1,2019-11-04,4,1,1,0.5440845367343483,26,0.6153846153846154
knn,10,2019-2020,36-1,teste_27.csv,1,2019-11-04,4,1,1,0.718974654953319,27,0.6296296296296297
knn,10,2019-2020,37-1,teste_28.csv,1,2019-11-05,4,0,0,0.4545454545454545,28,0.6428571428571429
knn,10,2019-2020,38-1,teste_29.csv,1,2019-11-05,4,0,0,0.279729006099115,29,0.6551724137931034
knn,10,2019-2020,39-1,teste_30.csv,1,2019-11-06,4,0,1,0.6363636363636364,30,0.6333333333333333
knn,10,2019-2020,40-1,teste_31.csv,1,2019-11-06,4,0,1,1.0,31,0.6129032258064516
knn,10,2019-2020,41-1,teste_32.csv,1,2019-11-07,4,0,0,0.3048904146379334,32,0.625
knn,10,2019-2020,42-1,teste_33.csv,1,2019-11-07,4,1,0,0.3333333333333333,33,0.6060606060606061
knn,10,2019-2020,43-1,teste_34.csv,1,2019-11-08,4,0,0,0.0,34,0.6176470588235294
knn,10,2019-2020,44-1,teste_35.csv,1,2019-11-08,4,0,0,0.0,35,0.6285714285714286
knn,10,2019-2020,45-1,teste_36.csv,1,2019-11-09,4,1,0,0.4,36,0.6111111111111112
knn,10,2019-2020,46-1,teste_37.csv,1,2019-11-09,4,1,1,0.5454545454545454,37,0.6216216216216216
knn,10,2019-2020,47-1,teste_38.csv,1,2019-11-09,4,1,1,0.5714285714285714,38,0.631578947368421
knn,10,2019-2020,48-1,teste_39.csv,1,2019-11-11,5,1,1,1.0,39,0.6410256410256411
knn,10,2019-2020,49-1,teste_40.csv,1,2019-11-12,5,0,0,0.0,40,0.65
knn,10,2019-2020,50-1,teste_41.csv,1,2019-11-12,5,1,1,0.8,41,0.6585365853658537
knn,10,2019-2020,51-1,teste_42.csv,1,2019-11-13,5,0,0,0.4255650902287516,42,0.6666666666666666
knn,10,2019-2020,52-1,teste_43.csv,1,2019-11-14,5,0,0,0.2723757277175291,43,0.6744186046511628
knn,10,2019-2020,53-1,teste_44.csv,1,2019-11-15,5,1,1,0.5714285714285714,44,0.6818181818181818
knn,10,2019-2020,54-1,teste_45.csv,1,2019-11-15,5,0,1,1.0,45,0.6666666666666666
knn,10,2019-2020,55-1,teste_46.csv,1,2019-11-16,5,0,0,0.3333333333333333,46,0.6739130434782609
knn,10,2019-2020,56-1,teste_47.csv,1,2019-11-16,5,1,0,0.3333333333333333,47,0.6595744680851063
knn,10,2019-2020,57-1,teste_48.csv,1,2019-11-17,6,0,1,0.6666666666666666,48,0.6458333333333334
knn,10,2019-2020,58-1,teste_49.csv,1,2019-11-18,6,1,1,1.0,49,0.6530612244897959
knn,10,2019-2020,59-1,teste_50.csv,1,2019-11-19,6,1,1,0.6371706746245962,50,0.66
knn,10,2019-2020,60-1,teste_51.csv,1,2019-11-19,6,1,0,0.3859055663111687,51,0.6470588235294118
knn,10,2019-2020,61-1,teste_52.csv,1,2019-11-20,6,0,0,0.0,52,0.6538461538461539
knn,10,2019-2020,62-1,teste_53.csv,1,2019-11-20,6,1,1,1.0,53,0.660377358490566
knn,10,2019-2020,63-1,teste_54.csv,1,2019-11-21,6,0,1,1.0,54,0.6481481481481481
knn,10,2019-2020,64-1,teste_55.csv,1,2019-11-21,6,0,0,0.0,55,0.6545454545454545
knn,10,2019-2020,65-1,teste_56.csv,1,2019-11-22,6,0,1,0.8181818181818182,56,0.6428571428571429
knn,10,2019-2020,66-1,teste_57.csv,1,2019-11-22,6,0,0,0.3333333333333333,57,0.6491228070175439
knn,10,2019-2020,67-1,teste_58.csv,1,2019-11-23,6,0,0,0.4545454545454545,58,0.6551724137931034
knn,10,2019-2020,68-1,teste_59.csv,1,2019-11-23,6,0,0,0.0,59,0.6610169491525424
knn,10,2019-2020,69-1,teste_60.csv,1,2019-11-24,7,1,1,0.7149085384411072,60,0.6666666666666666
knn,10,2019-2020,70-1,teste_61.csv,1,2019-11-25,7,0,0,0.2079425811234475,61,0.6721311475409836
knn,10,2019-2020,71-1,teste_62.csv,1,2019-11-25,7,1,1,0.6313234207376437,62,0.6774193548387096
knn,10,2019-2020,72-1,teste_63.csv,1,2019-11-26,7,1,1,0.5237656149536727,63,0.6825396825396826
knn,10,2019-2020,73-1,teste_64.csv,1,2019-11-26,7,0,0,0.3636363636363636,64,0.6875
knn,10,2019-2020,74-1,teste_65.csv,1,2019-11-27,7,1,1,0.5454545454545454,65,0.6923076923076923
knn,10,2019-2020,75-1,teste_66.csv,1,2019-11-28,7,1,1,0.8,66,0.696969696969697
knn,10,2019-2020,76-1,teste_67.csv,1,2019-11-29,7,0,0,0.0,67,0.7014925373134329
knn,10,2019-2020,77-1,teste_68.csv,1,2019-11-29,7,1,1,0.6666666666666666,68,0.7058823529411765
knn,10,2019-2020,78-1,teste_69.csv,1,2019-11-30,7,0,1,0.6666666666666666,69,0.6956521739130435
knn,10,2019-2020,79-1,teste_70.csv,1,2019-11-30,7,0,1,0.6666666666666666,70,0.6857142857142857
knn,10,2019-2020,80-1,teste_71.csv,1,2019-12-01,8,1,0,0.4,71,0.676056338028169
knn,10,2019-2020,81-1,teste_72.csv,1,2019-12-02,8,1,0,0.3333333333333333,72,0.6666666666666666
knn,10,2019-2020,82-1,teste_73.csv,1,2019-12-02,8,1,1,0.7777777777777778,73,0.6712328767123288
knn,10,2019-2020,83-1,teste_74.csv,1,2019-12-03,8,0,1,0.6666666666666666,74,0.6621621621621622
knn,10,2019-2020,84-1,teste_75.csv,1,2019-12-03,8,0,1,0.7777777777777778,75,0.6533333333333333
knn,10,2019-2020,85-1,teste_76.csv,1,2019-12-04,8,1,1,0.6666666666666666,76,0.6578947368421053
knn,10,2019-2020,86-1,teste_77.csv,1,2019-12-05,8,0,0,0.0,77,0.6623376623376623
knn,10,2019-2020,87-1,teste_78.csv,1,2019-12-06,8,1,1,0.6666666666666666,78,0.6666666666666666
knn,10,2019-2020,88-1,teste_79.csv,1,2019-12-06,8,0,1,0.6666666666666666,79,0.6582278481012658
knn,10,2019-2020,89-1,teste_80.csv,1,2019-12-07,8,0,1,0.6666666666666666,80,0.65
knn,10,2019-2020,90-1,teste_81.csv,1,2019-12-08,9,1,0,0.4,81,0.6419753086419753
knn,10,2019-2020,91-1,teste_82.csv,1,2019-12-08,9,1,1,0.6666666666666666,82,0.6463414634146342
knn,10,2019-2020,92-1,teste_83.csv,1,2019-12-08,9,0,0,0.0,83,0.6506024096385542
knn,10,2019-2020,93-1,teste_84.csv,1,2019-12-09,9,0,1,0.5555555555555556,84,0.6428571428571429
knn,10,2019-2020,94-1,teste_85.csv,1,2019-12-09,9,0,1,0.8888888888888888,85,0.6352941176470588
knn,10,2019-2020,95-1,teste_86.csv,1,2019-12-10,9,0,0,0.2222222222222222,86,0.6395348837209303
knn,10,2019-2020,96-1,teste_87.csv,1,2019-12-10,9,1,0,0.4444444444444444,87,0.632183908045977
knn,10,2019-2020,97-1,teste_88.csv,1,2019-12-11,9,1,0,0.4,88,0.625
knn,10,2019-2020,98-1,teste_89.csv,1,2019-12-12,9,0,0,0.4,89,0.6292134831460674
knn,10,2019-2020,99-1,teste_90.csv,1,2019-12-13,9,1,0,0.2,90,0.6222222222222222
knn,10,2019-2020,100-1,teste_91.csv,1,2019-12-14,9,0,1,0.6,91,0.6153846153846154
knn,10,2019-2020,101-1,teste_92.csv,1,2019-12-14,9,0,0,0.4,92,0.6195652173913043
knn,10,2019-2020,102-1,teste_93.csv,1,2019-12-16,10,1,1,0.8571428571428571,93,0.6236559139784946
knn,10,2019-2020,103-1,teste_94.csv,1,2019-12-17,10,0,0,0.4444444444444444,94,0.6276595744680851
knn,10,2019-2020,104-1,teste_95.csv,1,2019-12-17,10,0,1,0.5555555555555556,95,0.6210526315789474
knn,10,2019-2020,105-1,teste_96.csv,1,2019-12-18,10,1,1,1.0,96,0.625
knn,10,2019-2020,106-1,teste_97.csv,1,2019-12-19,10,0,1,0.8,97,0.6185567010309279
knn,10,2019-2020,107-1,teste_98.csv,1,2019-12-19,10,1,0,0.3636363636363636,98,0.6122448979591837
knn,10,2019-2020,108-1,teste_99.csv,1,2019-12-20,10,1,0,0.3636363636363636,99,0.6060606060606061
knn,10,2019-2020,109-1,teste_100.csv,1,2019-12-20,10,0,1,0.9090909090909092,100,0.6
knn,10,2019-2020,110-1,teste_101.csv,1,2019-12-21,10,1,1,0.7272727272727273,101,0.6039603960396039
knn,10,2019-2020,111-1,teste_102.csv,1,2019-12-21,10,0,1,0.5454545454545454,102,0.5980392156862745
knn,10,2019-2020,112-1,teste_103.csv,1,2019-12-27,11,0,1,0.7272727272727273,103,0.5922330097087378
knn,10,2019-2020,113-1,teste_104.csv,1,2019-12-27,11,0,0,0.4444444444444444,104,0.5961538461538461
knn,10,2019-2020,114-1,teste_105.csv,1,2019-12-27,11,0,0,0.2222222222222222,105,0.6
knn,10,2019-2020,115-1,teste_106.csv,1,2019-12-28,11,0,0,0.4,106,0.6037735849056604
knn,10,2019-2020,116-1,teste_107.csv,1,2019-12-28,11,1,1,0.8,107,0.6074766355140186
knn,10,2019-2020,117-1,teste_108.csv,1,2019-12-28,11,1,1,1.0,108,0.6111111111111112
knn,10,2019-2020,118-1,teste_109.csv,1,2019-12-29,11,1,1,0.6,109,0.6146788990825688
knn,10,2019-2020,119-1,teste_110.csv,1,2019-12-29,11,1,1,0.8,110,0.6181818181818182
knn,10,2019-2020,120-1,teste_111.csv,1,2020-01-13,1,1,0,0.4444444444444444,111,0.6126126126126126
knn,10,2019-2020,121-1,teste_112.csv,1,2020-01-14,1,1,0,0.1818181818181818,112,0.6071428571428571
knn,10,2019-2020,122-1,teste_113.csv,1,2020-01-14,1,1,1,0.6363636363636364,113,0.6106194690265486
knn,10,2019-2020,123-1,teste_114.csv,1,2020-01-15,1,0,1,0.6363636363636364,114,0.6052631578947368
knn,10,2019-2020,124-1,teste_115.csv,1,2020-01-15,1,1,1,0.7272727272727273,115,0.6086956521739131
knn,10,2019-2020,125-1,teste_116.csv,1,2020-01-16,1,1,1,0.5454545454545454,116,0.6120689655172413
knn,10,2019-2020,126-1,teste_117.csv,1,2020-01-17,1,0,1,0.8181818181818182,117,0.6068376068376068
knn,10,2019-2020,127-1,teste_118.csv,1,2020-01-17,1,0,0,0.2857142857142857,118,0.6101694915254238
knn,10,2019-2020,128-1,teste_119.csv,1,2020-01-18,1,1,1,0.6363636363636364,119,0.6134453781512605
knn,10,2019-2020,129-1,teste_120.csv,1,2020-01-20,2,0,1,0.5454545454545454,120,0.6083333333333333
knn,10,2019-2020,130-1,teste_121.csv,1,2020-01-21,2,0,0,0.2727272727272727,121,0.6115702479338843
knn,10,2019-2020,131-1,teste_122.csv,1,2020-01-21,2,1,1,0.7142857142857143,122,0.6147540983606558
knn,10,2019-2020,132-1,teste_123.csv,1,2020-01-22,2,1,1,0.5714285714285714,123,0.6178861788617886
knn,10,2019-2020,133-1,teste_124.csv,1,2020-01-23,2,0,1,0.7142857142857143,124,0.6129032258064516
knn,10,2019-2020,134-1,teste_125.csv,1,2020-01-24,2,1,1,0.6363636363636364,125,0.616
knn,10,2019-2020,135-1,teste_126.csv,1,2020-01-24,2,1,1,0.7272727272727273,126,0.6190476190476191
knn,10,2019-2020,136-1,teste_127.csv,1,2020-01-25,2,0,0,0.4545454545454545,127,0.6220472440944882
knn,10,2019-2020,137-1,teste_128.csv,1,2020-01-25,2,1,1,0.5454545454545454,128,0.625
knn,10,2019-2020,138-1,teste_129.csv,1,2020-01-27,3,0,1,0.5454545454545454,129,0.6201550387596899
knn,10,2019-2020,139-1,teste_130.csv,1,2020-01-27,3,1,1,0.6363636363636364,130,0.6230769230769231
knn,10,2019-2020,140-1,teste_131.csv,1,2020-01-28,3,1,1,0.6363636363636364,131,0.6259541984732825
knn,10,2019-2020,141-1,teste_132.csv,1,2020-01-28,3,0,1,0.5454545454545454,132,0.6212121212121212
knn,10,2019-2020,142-1,teste_133.csv,1,2020-01-29,3,1,0,0.4545454545454545,133,0.6165413533834586
knn,10,2019-2020,143-1,teste_134.csv,1,2020-01-29,3,1,0,0.3636363636363636,134,0.6119402985074627
knn,10,2019-2020,144-1,teste_135.csv,1,2020-01-30,3,0,1,0.6363636363636364,135,0.6074074074074074
knn,10,2019-2020,145-1,teste_136.csv,1,2020-01-30,3,0,0,0.3333333333333333,136,0.6102941176470589
knn,10,2019-2020,146-1,teste_137.csv,1,2020-01-31,3,1,1,0.6363636363636364,137,0.6131386861313869
knn,10,2019-2020,147-1,teste_138.csv,1,2020-01-31,3,0,1,0.6666666666666666,138,0.6086956521739131
knn,10,2019-2020,148-1,teste_139.csv,1,2020-02-01,3,1,0,0.4444444444444444,139,0.60431654676259
knn,10,2019-2020,149-1,teste_140.csv,1,2020-02-01,3,1,0,0.3333333333333333,140,0.6
knn,10,2019-2020,150-1,teste_141.csv,1,2020-02-02,4,1,1,0.6666666666666666,141,0.6028368794326241
knn,10,2019-2020,151-1,teste_142.csv,1,2020-02-03,4,1,1,1.0,142,0.6056338028169014
knn,10,2019-2020,152-1,teste_143.csv,1,2020-02-03,4,0,1,0.6666666666666666,143,0.6013986013986014
knn,10,2019-2020,153-1,teste_144.csv,1,2020-02-04,4,1,1,0.7156443893789184,144,0.6041666666666666
knn,10,2019-2020,154-1,teste_145.csv,1,2020-02-04,4,1,0,0.3333333333333333,145,0.6
knn,10,2019-2020,155-1,teste_146.csv,1,2020-02-04,4,1,1,0.559294070289328,146,0.6027397260273972
knn,10,2019-2020,156-1,teste_147.csv,1,2020-02-05,4,0,0,0.4455429752698099,147,0.6054421768707483
knn,10,2019-2020,157-1,teste_148.csv,1,2020-02-05,4,0,1,0.5714285714285714,148,0.6013513513513513
knn,10,2019-2020,158-1,teste_149.csv,1,2020-02-06,4,1,1,0.6595605757466427,149,0.6040268456375839
knn,10,2019-2020,159-1,teste_150.csv,1,2020-02-07,4,1,1,0.7448064532669073,150,0.6066666666666667
knn,10,2019-2020,160-1,teste_151.csv,1,2020-02-07,4,0,0,0.1764100068043493,151,0.609271523178808
knn,10,2019-2020,161-1,teste_152.csv,1,2020-02-07,4,0,1,0.5329738212438008,152,0.6052631578947368
knn,10,2019-2020,162-1,teste_153.csv,1,2020-02-08,4,0,1,0.6484596532021468,153,0.6013071895424836
knn,10,2019-2020,163-1,teste_154.csv,1,2020-02-10,5,0,0,0.2898620582353011,154,0.6038961038961039
knn,10,2019-2020,164-1,teste_155.csv,1,2020-02-10,5,0,0,0.3355059912469815,155,0.6064516129032258
knn,10,2019-2020,165-1,teste_156.csv,1,2020-02-11,5,1,1,0.5764964521629906,156,0.6089743589743589
knn,10,2019-2020,166-1,teste_157.csv,1,2020-02-11,5,1,1,0.6078095701381687,157,0.6114649681528662
knn,10,2019-2020,167-1,teste_158.csv,1,2020-02-12,5,0,1,0.6514789461483058,158,0.6075949367088608
knn,10,2019-2020,168-1,teste_159.csv,1,2020-02-12,5,1,0,0.4578231260239843,159,0.6037735849056604
knn,10,2019-2020,169-1,teste_160.csv,1,2020-02-12,5,0,0,0.2726959268509896,160,0.60625
knn,10,2019-2020,170-1,teste_161.csv,1,2020-02-13,5,0,0,0.4964295932080153,161,0.6086956521739131
knn,10,2019-2020,171-1,teste_162.csv,1,2020-02-13,5,0,0,0.0,162,0.6111111111111112
knn,10,2019-2020,172-1,teste_163.csv,1,2020-02-14,5,0,0,0.2,163,0.6134969325153374
knn,10,2019-2020,173-1,teste_164.csv,1,2020-02-14,5,0,1,0.7196910934229416,164,0.6097560975609756
knn,10,2019-2020,174-1,teste_165.csv,1,2020-02-15,5,1,1,0.5506738700703423,165,0.6121212121212121
knn,10,2019-2020,175-1,teste_166.csv,1,2020-02-15,5,1,0,0.2466247770446709,166,0.608433734939759
knn,10,2019-2020,176-1,teste_167.csv,1,2020-02-26,6,1,1,0.5310343530028537,167,0.6107784431137725
knn,10,2019-2020,177-1,teste_168.csv,1,2020-02-27,6,1,1,0.7142857142857143,168,0.6130952380952381
knn,10,2019-2020,178-1,teste_169.csv,1,2020-02-28,6,1,1,0.5714285714285714,169,0.6153846153846154
knn,10,2019-2020,179-1,teste_170.csv,1,2020-02-28,6,1,1,0.7661068167391789,170,0.6176470588235294
knn,10,2019-2020,180-1,teste_171.csv,1,2020-02-28,6,0,1,0.6444647741942795,171,0.6140350877192983
knn,10,2019-2020,181-1,teste_172.csv,1,2020-02-29,6,1,1,0.7919241125026237,172,0.6162790697674418
knn,10,2019-2020,182-1,teste_173.csv,1,2020-02-29,6,1,1,0.783469224819817,173,0.6184971098265896
knn,10,2019-2020,183-1,teste_174.csv,1,2020-03-02,7,1,1,0.787451094889989,174,0.6206896551724138
knn,10,2019-2020,184-1,teste_175.csv,1,2020-03-02,7,0,1,0.6354034846642337,175,0.6171428571428571
knn,10,2019-2020,185-1,teste_176.csv,1,2020-03-03,7,1,1,0.8864351343953534,176,0.6193181818181818
knn,10,2019-2020,186-1,teste_177.csv,1,2020-03-03,7,1,1,0.8908733941544946,177,0.6214689265536724
knn,10,2019-2020,187-1,teste_178.csv,1,2020-03-03,7,0,0,0.4745301752333603,178,0.6235955056179775
knn,10,2019-2020,188-1,teste_179.csv,1,2020-03-04,7,1,1,0.7859602157271458,179,0.6256983240223464
knn,10,2019-2020,189-1,teste_180.csv,1,2020-03-05,7,0,1,0.6901722675453063,180,0.6222222222222222
knn,10,2019-2020,190-1,teste_181.csv,1,2020-03-05,7,0,0,0.2186677933413573,181,0.6243093922651933
knn,10,2019-2020,191-1,teste_182.csv,1,2020-03-05,7,1,1,0.7912021010190169,182,0.6263736263736264
knn,10,2019-2020,192-1,teste_183.csv,1,2020-03-05,7,1,0,0.4485107814907644,183,0.6229508196721312
knn,10,2019-2020,193-1,teste_184.csv,1,2020-03-06,7,1,0,0.231890585622516,184,0.6195652173913043
knn,10,2019-2020,194-1,teste_185.csv,1,2020-03-06,7,1,1,0.889908007473756,185,0.6216216216216216
knn,10,2019-2020,195-1,teste_186.csv,1,2020-03-07,7,0,1,0.7666797244427603,186,0.6182795698924731
knn,10,2019-2020,196-1,teste_187.csv,1,2020-03-08,8,1,1,0.6839263059723796,187,0.6203208556149733
knn,10,2019-2020,197-1,teste_188.csv,1,2020-03-09,8,1,1,0.5602636290199291,188,0.6223404255319149
knn,10,2019-2020,198-1,teste_189.csv,1,2020-03-09,8,0,0,0.2299680871298786,189,0.6243386243386243
knn,10,2019-2020,199-1,teste_190.csv,1,2020-03-10,8,1,1,0.7777777777777778,190,0.6263157894736842
knn,10,2019-2020,200-1,teste_191.csv,1,2020-03-10,8,1,1,0.7777777777777778,191,0.6282722513089005
knn,10,2019-2020,201-1,teste_192.csv,1,2020-03-11,8,0,1,0.6363636363636364,192,0.625
knn,10,2019-2020,202-1,teste_193.csv,1,2020-03-12,8,1,1,0.6363636363636364,193,0.6269430051813472
knn,10,2019-2020,203-1,teste_194.csv,1,2020-03-13,8,1,1,0.8888888888888888,194,0.6288659793814433
knn,10,2019-2020,204-1,teste_195.csv,1,2020-03-14,8,0,1,0.6666666666666666,195,0.6256410256410256
knn,10,2019-2020,205-1,teste_196.csv,1,2020-03-14,8,1,1,0.5555555555555556,196,0.6275510204081632
knn,10,2020-2021,10-1,teste_1.csv,1,2020-11-14,1,0,1,0.6666666666666666,1,0.0
knn,10,2020-2021,11-1,teste_2.csv,1,2020-11-14,1,1,0,0.0,2,0.0
knn,10,2020-2021,12-1,teste_3.csv,1,2020-11-14,1,1,1,1.0,3,0.3333333333333333
knn,10,2020-2021,13-1,teste_4.csv,1,2020-11-16,2,0,0,0.3333333333333333,4,0.5
knn,10,2020-2021,14-1,teste_5.csv,1,2020-11-16,2,1,0,0.3433329098340657,5,0.4
knn,10,2020-2021,15-1,teste_6.csv,1,2020-11-16,2,1,1,0.52034028005532,6,0.5
knn,10,2020-2021,16-1,teste_7.csv,1,2020-11-17,2,0,1,0.5342125122673566,7,0.4285714285714285
knn,10,2020-2021,17-1,teste_8.csv,1,2020-11-17,2,1,0,0.3764401063746653,8,0.375
knn,10,2020-2021,18-1,teste_9.csv,1,2020-11-17,2,0,0,0.4285714285714285,9,0.4444444444444444
knn,10,2020-2021,19-1,teste_10.csv,1,2020-11-18,2,1,0,0.3943757406424495,10,0.4
knn,10,2020-2021,20-1,teste_11.csv,1,2020-11-18,2,0,0,0.4315644421172671,11,0.4545454545454545
knn,10,2020-2021,21-1,teste_12.csv,1,2020-11-18,2,1,0,0.2,12,0.4166666666666667
knn,10,2020-2021,22-1,teste_13.csv,1,2020-11-19,2,1,0,0.4,13,0.3846153846153846
knn,10,2020-2021,23-1,teste_14.csv,1,2020-11-19,2,0,0,0.3333333333333333,14,0.4285714285714285
knn,10,2020-2021,24-1,teste_15.csv,1,2020-11-19,2,0,0,0.2,15,0.4666666666666667
knn,10,2020-2021,25-1,teste_16.csv,1,2020-11-19,2,1,1,0.6666666666666666,16,0.5
knn,10,2020-2021,26-1,teste_17.csv,1,2020-11-20,2,1,1,0.6666666666666666,17,0.5294117647058824
knn,10,2020-2021,27-1,teste_18.csv,1,2020-11-20,2,1,1,0.6917171673079776,18,0.5555555555555556
knn,10,2020-2021,28-1,teste_19.csv,1,2020-11-20,2,1,1,1.0,19,0.5789473684210527
knn,10,2020-2021,29-1,teste_20.csv,1,2020-11-21,2,0,1,1.0,20,0.55
knn,10,2020-2021,30-1,teste_21.csv,1,2020-11-21,2,1,0,0.3333333333333333,21,0.5238095238095238
knn,10,2020-2021,31-1,teste_22.csv,1,2020-11-21,2,1,0,0.3333333333333333,22,0.5
knn,10,2020-2021,32-1,teste_23.csv,1,2020-11-22,2,0,1,0.6666666666666666,23,0.4782608695652174
knn,10,2020-2021,33-1,teste_24.csv,1,2020-11-22,2,1,1,0.8,24,0.5
knn,10,2020-2021,34-1,teste_25.csv,1,2020-11-23,3,0,1,0.6,25,0.48
knn,10,2020-2021,35-1,teste_26.csv,1,2020-11-23,3,1,1,0.6,26,0.5
knn,10,2020-2021,36-1,teste_27.csv,1,2020-11-25,3,1,1,0.8,27,0.5185185185185185
knn,10,2020-2021,37-1,teste_28.csv,1,2020-11-28,3,0,1,0.6024028909413698,28,0.5
knn,10,2020-2021,38-1,teste_29.csv,1,2020-12-02,4,0,1,0.6931698015670141,29,0.4827586206896552
knn,10,2020-2021,39-1,teste_30.csv,1,2020-12-02,4,1,1,0.7142857142857143,30,0.5
knn,10,2020-2021,40-1,teste_31.csv,1,2020-12-02,4,1,1,1.0,31,0.5161290322580645
knn,10,2020-2021,41-1,teste_32.csv,1,2020-12-03,4,0,0,0.3120437350331539,32,0.53125
knn,10,2020-2021,42-1,teste_33.csv,1,2020-12-03,4,0,0,0.0973964784399389,33,0.5454545454545454
knn,10,2020-2021,43-1,teste_34.csv,1,2020-12-03,4,1,1,0.7032259487816158,34,0.5588235294117647
knn,10,2020-2021,44-1,teste_35.csv,1,2020-12-04,4,0,0,0.0,35,0.5714285714285714
knn,10,2020-2021,45-1,teste_36.csv,1,2020-12-04,4,1,1,0.6415426441550974,36,0.5833333333333334
knn,10,2020-2021,46-1,teste_37.csv,1,2020-12-04,4,1,1,0.5459713539728254,37,0.5945945945945946
knn,10,2020-2021,47-1,teste_38.csv,1,2020-12-04,4,0,1,0.5532272888889349,38,0.5789473684210527
knn,10,2020-2021,48-1,teste_39.csv,1,2020-12-05,4,1,0,0.4974181377189987,39,0.5641025641025641
knn,10,2020-2021,49-1,teste_40.csv,1,2020-12-05,4,0,0,0.2,40,0.575
knn,10,2020-2021,50-1,teste_41.csv,1,2020-12-05,4,1,1,0.6666666666666666,41,0.5853658536585366
knn,10,2020-2021,51-1,teste_42.csv,1,2020-12-05,4,1,0,0.4545454545454545,42,0.5714285714285714
knn,10,2020-2021,52-1,teste_43.csv,1,2020-12-06,4,1,0,0.4545454545454545,43,0.5581395348837209
knn,10,2020-2021,53-1,teste_44.csv,1,2020-12-06,4,1,1,0.7777777777777778,44,0.5681818181818182
knn,10,2020-2021,54-1,teste_45.csv,1,2020-12-06,4,0,0,0.4444444444444444,45,0.5777777777777777
knn,10,2020-2021,55-1,teste_46.csv,1,2020-12-07,5,1,0,0.4285714285714285,46,0.5652173913043478
knn,10,2020-2021,56-1,teste_47.csv,1,2020-12-07,5,1,1,0.8888888888888888,47,0.574468085106383
knn,10,2020-2021,57-1,teste_48.csv,1,2020-12-08,5,1,1,0.7429871552515674,48,0.5833333333333334
knn,10,2020-2021,58-1,teste_49.csv,1,2020-12-08,5,1,1,0.6872405486922522,49,0.5918367346938775
knn,10,2020-2021,59-1,teste_50.csv,1,2020-12-09,5,1,1,0.8571428571428571,50,0.6
knn,10,2020-2021,60-1,teste_51.csv,1,2020-12-10,5,1,0,0.1428571428571428,51,0.5882352941176471
knn,10,2020-2021,61-1,teste_52.csv,1,2020-12-10,5,1,1,1.0,52,0.5961538461538461
knn,10,2020-2021,62-1,teste_53.csv,1,2020-12-11,5,1,0,0.4285714285714285,53,0.5849056603773585
knn,10,2020-2021,63-1,teste_54.csv,1,2020-12-11,5,1,1,1.0,54,0.5925925925925926
knn,10,2020-2021,64-1,teste_55.csv,1,2020-12-11,5,0,0,0.0,55,0.6
knn,10,2020-2021,65-1,teste_56.csv,1,2020-12-12,5,0,1,1.0,56,0.5892857142857143
knn,10,2020-2021,66-1,teste_57.csv,1,2020-12-12,5,1,1,0.6666666666666666,57,0.5964912280701754
knn,10,2020-2021,67-1,teste_58.csv,1,2020-12-13,5,0,1,1.0,58,0.5862068965517241
knn,10,2020-2021,68-1,teste_59.csv,1,2020-12-13,5,1,1,1.0,59,0.5932203389830508
knn,10,2020-2021,69-1,teste_60.csv,1,2020-12-13,5,0,0,0.0910331033860335,60,0.6
knn,10,2020-2021,70-1,teste_61.csv,1,2020-12-14,6,0,1,0.5681844951829648,61,0.5901639344262295
knn,10,2020-2021,71-1,teste_62.csv,1,2020-12-15,6,1,1,0.8,62,0.5967741935483871
knn,10,2020-2021,72-1,teste_63.csv,1,2020-12-15,6,0,1,0.8,63,0.5873015873015873
knn,10,2020-2021,73-1,teste_64.csv,1,2020-12-15,6,1,1,0.8888888888888888,64,0.59375
knn,10,2020-2021,74-1,teste_65.csv,1,2020-12-16,6,0,0,0.3333333333333333,65,0.6
knn,10,2020-2021,75-1,teste_66.csv,1,2020-12-17,6,1,1,1.0,66,0.6060606060606061
knn,10,2020-2021,76-1,teste_67.csv,1,2020-12-18,6,0,0,0.1428571428571428,67,0.6119402985074627
knn,10,2020-2021,77-1,teste_68.csv,1,2020-12-19,6,1,1,0.5714285714285714,68,0.6176470588235294
knn,10,2020-2021,78-1,teste_69.csv,1,2020-12-19,6,1,0,0.4285714285714285,69,0.6086956521739131
knn,10,2020-2021,79-1,teste_70.csv,1,2020-12-19,6,1,1,0.7142857142857143,70,0.6142857142857143
knn,10,2020-2021,80-1,teste_71.csv,1,2020-12-20,6,0,1,0.8571428571428571,71,0.6056338028169014
knn,10,2020-2021,81-1,teste_72.csv,1,2020-12-20,6,0,0,0.0,72,0.6111111111111112
knn,10,2020-2021,82-1,teste_73.csv,1,2020-12-20,6,0,1,0.6666666666666666,73,0.6027397260273972
knn,10,2020-2021,83-1,teste_74.csv,1,2020-12-21,7,0,0,0.3333333333333333,74,0.6081081081081081
knn,10,2020-2021,84-1,teste_75.csv,1,2020-12-21,7,1,1,1.0,75,0.6133333333333333
knn,10,2020-2021,85-1,teste_76.csv,1,2020-12-21,7,1,1,0.6666666666666666,76,0.618421052631579
knn,10,2020-2021,86-1,teste_77.csv,1,2020-12-22,7,1,1,1.0,77,0.6233766233766234
knn,10,2020-2021,87-1,teste_78.csv,1,2020-12-22,7,1,0,0.4,78,0.6153846153846154
knn,10,2020-2021,88-1,teste_79.csv,1,2020-12-22,7,1,1,0.8,79,0.620253164556962
knn,10,2020-2021,89-1,teste_80.csv,1,2020-12-23,7,0,1,1.0,80,0.6125
knn,10,2020-2021,90-1,teste_81.csv,1,2020-12-23,7,1,1,0.6666666666666666,81,0.6172839506172839
knn,10,2020-2021,91-1,teste_82.csv,1,2020-12-23,7,1,0,0.3333333333333333,82,0.6097560975609756
knn,10,2020-2021,92-1,teste_83.csv,1,2020-12-28,7,1,1,1.0,83,0.6144578313253012
knn,10,2020-2021,93-1,teste_84.csv,1,2020-12-28,8,1,1,1.0,84,0.6190476190476191
knn,10,2020-2021,94-1,teste_85.csv,1,2020-12-28,8,1,1,0.6666666666666666,85,0.6235294117647059
knn,10,2020-2021,95-1,teste_86.csv,1,2020-12-29,8,1,0,0.3333333333333333,86,0.6162790697674418
knn,10,2020-2021,96-1,teste_87.csv,1,2020-12-29,8,1,0,0.0,87,0.6091954022988506
knn,10,2020-2021,97-1,teste_88.csv,1,2020-12-30,8,0,1,0.6666666666666666,88,0.6022727272727273
knn,10,2020-2021,98-1,teste_89.csv,1,2020-12-30,8,1,1,1.0,89,0.6067415730337079
knn,10,2020-2021,100-1,teste_91.csv,1,2021-01-04,9,0,1,0.6666666666666666,90,0.6
knn,10,2020-2021,99-1,teste_90.csv,1,2021-01-04,9,1,1,1.0,91,0.6043956043956044
knn,10,2020-2021,101-1,teste_92.csv,1,2021-01-05,9,0,1,0.6666666666666666,92,0.5978260869565217
knn,10,2020-2021,102-1,teste_93.csv,1,2021-01-05,9,1,1,1.0,93,0.6021505376344086
knn,10,2020-2021,103-1,teste_94.csv,1,2021-01-06,9,1,1,0.6666666666666666,94,0.6063829787234043
knn,10,2020-2021,104-1,teste_95.csv,1,2021-01-06,9,1,1,1.0,95,0.6105263157894737
knn,10,2020-2021,105-1,teste_96.csv,1,2021-01-06,9,1,1,0.6666666666666666,96,0.6145833333333334
knn,10,2020-2021,106-1,teste_97.csv,1,2021-01-07,9,1,0,0.3333333333333333,97,0.6082474226804123
knn,10,2020-2021,107-1,teste_98.csv,1,2021-01-07,9,1,1,1.0,98,0.6122448979591837
knn,10,2020-2021,108-1,teste_99.csv,1,2021-01-08,9,0,1,0.8571428571428571,99,0.6060606060606061
knn,10,2020-2021,109-1,teste_100.csv,1,2021-01-08,9,0,1,0.8599468440428386,100,0.6
knn,10,2020-2021,110-1,teste_101.csv,1,2021-01-08,9,0,1,0.5756665027799547,101,0.594059405940594
knn,10,2020-2021,111-1,teste_102.csv,1,2021-01-09,9,1,1,0.6391871377210788,102,0.5980392156862745
knn,10,2020-2021,112-1,teste_103.csv,1,2021-01-09,9,1,1,0.7742588208811828,103,0.6019417475728155
knn,10,2020-2021,113-1,teste_104.csv,1,2021-01-10,9,0,0,0.3333333333333333,104,0.6057692307692307
knn,10,2020-2021,114-1,teste_105.csv,1,2021-01-10,9,0,1,0.5581918177208209,105,0.6
knn,10,2020-2021,115-1,teste_106.csv,1,2021-01-11,10,1,1,0.6666666666666666,106,0.6037735849056604
knn,10,2020-2021,116-1,teste_107.csv,1,2021-01-11,10,0,1,0.6666666666666666,107,0.5981308411214953
knn,10,2020-2021,117-1,teste_108.csv,1,2021-01-12,10,0,1,0.6399934840618298,108,0.5925925925925926
knn,10,2020-2021,118-1,teste_109.csv,1,2021-01-25,1,1,1,0.7272727272727273,109,0.5963302752293578
knn,10,2020-2021,119-1,teste_110.csv,1,2021-01-25,1,0,1,0.815131080474387,110,0.5909090909090909
knn,10,2020-2021,120-1,teste_111.csv,1,2021-01-25,1,1,1,0.7142857142857143,111,0.5945945945945946
knn,10,2020-2021,121-1,teste_112.csv,1,2021-01-26,1,1,1,0.542423935050259,112,0.5982142857142857
knn,10,2020-2021,122-1,teste_113.csv,1,2021-01-26,1,0,1,0.6222431018584386,113,0.5929203539823009
knn,10,2020-2021,123-1,teste_114.csv,1,2021-01-26,1,0,0,0.3656398042003344,114,0.5964912280701754
knn,10,2020-2021,124-1,teste_115.csv,1,2021-01-26,1,1,1,0.7197902158187366,115,0.6
knn,10,2020-2021,125-1,teste_116.csv,1,2021-01-27,1,0,0,0.2776930740706095,116,0.603448275862069
knn,10,2020-2021,126-1,teste_117.csv,1,2021-01-27,1,1,0,0.4577702074582508,117,0.5982905982905983
knn,10,2020-2021,127-1,teste_118.csv,1,2021-01-27,1,1,1,0.7484172566963284,118,0.6016949152542372
knn,10,2020-2021,128-1,teste_119.csv,1,2021-01-28,1,0,1,0.7259680619742882,119,0.5966386554621849
knn,10,2020-2021,129-1,teste_120.csv,1,2021-01-28,1,1,0,0.3333333333333333,120,0.5916666666666667
knn,10,2020-2021,130-1,teste_121.csv,1,2021-01-28,1,0,0,0.4,121,0.5950413223140496
knn,10,2020-2021,131-1,teste_122.csv,1,2021-01-28,1,0,0,0.2,122,0.5983606557377049
knn,10,2020-2021,132-1,teste_123.csv,1,2021-01-30,1,1,1,0.8,123,0.6016260162601627
knn,10,2020-2021,133-1,teste_124.csv,1,2021-01-30,1,1,0,0.3333333333333333,124,0.5967741935483871
knn,10,2020-2021,134-1,teste_125.csv,1,2021-01-30,1,0,1,0.6666666666666666,125,0.592
knn,10,2020-2021,135-1,teste_126.csv,1,2021-01-31,1,1,0,0.3333333333333333,126,0.5873015873015873
knn,10,2020-2021,136-1,teste_127.csv,1,2021-01-31,1,1,0,0.0,127,0.5826771653543307
knn,10,2020-2021,137-1,teste_128.csv,1,2021-01-31,1,0,0,0.3636363636363636,128,0.5859375
knn,10,2020-2021,138-1,teste_129.csv,1,2021-02-02,2,0,1,0.5454545454545454,129,0.5813953488372093
knn,10,2020-2021,139-1,teste_130.csv,1,2021-02-06,2,0,1,0.645577302887218,130,0.5769230769230769
knn,10,2020-2021,140-1,teste_131.csv,1,2021-02-06,2,0,1,0.8123028182421773,131,0.5725190839694656
knn,10,2020-2021,141-1,teste_132.csv,1,2021-02-06,2,1,1,0.6363636363636364,132,0.5757575757575758
knn,10,2020-2021,142-1,teste_133.csv,1,2021-02-07,2,0,1,0.5454545454545454,133,0.5714285714285714
knn,10,2020-2021,143-1,teste_134.csv,1,2021-02-07,2,1,0,0.3333333333333333,134,0.5671641791044776
knn,10,2020-2021,144-1,teste_135.csv,1,2021-02-08,3,1,1,0.6666666666666666,135,0.5703703703703704
knn,10,2020-2021,145-1,teste_136.csv,1,2021-02-08,3,0,0,0.3333333333333333,136,0.5735294117647058
knn,10,2020-2021,146-1,teste_137.csv,1,2021-02-08,3,1,0,0.2857142857142857,137,0.5693430656934306
knn,10,2020-2021,147-1,teste_138.csv,1,2021-02-08,3,1,1,0.8571428571428571,138,0.572463768115942
knn,10,2020-2021,148-1,teste_139.csv,1,2021-02-09,3,1,0,0.4285714285714285,139,0.5683453237410072
knn,10,2020-2021,149-1,teste_140.csv,1,2021-02-09,3,0,0,0.4285714285714285,140,0.5714285714285714
knn,10,2020-2021,150-1,teste_141.csv,1,2021-02-09,3,0,1,0.5714285714285714,141,0.5673758865248227
knn,10,2020-2021,151-1,teste_142.csv,1,2021-02-09,3,1,1,0.6666666666666666,142,0.5704225352112676
knn,10,2020-2021,152-1,teste_143.csv,1,2021-02-10,3,1,1,0.6666666666666666,143,0.5734265734265734
knn,10,2020-2021,153-1,teste_144.csv,1,2021-02-10,3,1,1,0.6666666666666666,144,0.5763888888888888
knn,10,2020-2021,154-1,teste_145.csv,1,2021-02-10,3,1,0,0.3333333333333333,145,0.5724137931034483
knn,10,2020-2021,155-1,teste_146.csv,1,2021-02-11,3,0,1,0.6666666666666666,146,0.5684931506849316
knn,10,2020-2021,156-1,teste_147.csv,1,2021-02-11,3,0,1,0.6666666666666666,147,0.564625850340136
knn,10,2020-2021,157-1,teste_148.csv,1,2021-02-12,3,0,0,0.3333333333333333,148,0.5675675675675675
knn,10,2020-2021,158-1,teste_149.csv,1,2021-02-12,3,1,1,0.6666666666666666,149,0.5704697986577181
knn,10,2020-2021,159-1,teste_150.csv,1,2021-02-13,3,1,0,0.3333333333333333,150,0.5666666666666667
knn,10,2020-2021,160-1,teste_151.csv,1,2021-02-13,3,0,1,0.6666666666666666,151,0.5629139072847682
knn,10,2020-2021,161-1,teste_152.csv,1,2021-02-13,3,1,1,0.6666666666666666,152,0.5657894736842105
knn,10,2020-2021,162-1,teste_153.csv,1,2021-02-14,3,0,0,0.1111111111111111,153,0.5686274509803921
knn,10,2020-2021,163-1,teste_154.csv,1,2021-02-14,3,0,0,0.4444444444444444,154,0.5714285714285714
knn,10,2020-2021,164-1,teste_155.csv,1,2021-02-24,4,1,0,0.0,155,0.567741935483871
knn,10,2020-2021,165-1,teste_156.csv,1,2021-02-24,4,0,1,0.6666666666666666,156,0.5641025641025641
knn,10,2020-2021,166-1,teste_157.csv,1,2021-02-24,4,0,0,0.3333333333333333,157,0.5668789808917197
knn,10,2020-2021,167-1,teste_158.csv,1,2021-02-25,4,1,1,0.6666666666666666,158,0.569620253164557
knn,10,2020-2021,168-1,teste_159.csv,1,2021-02-25,4,0,1,0.7777777777777778,159,0.5660377358490566
knn,10,2020-2021,169-1,teste_160.csv,1,2021-02-25,4,0,0,0.0,160,0.56875
knn,10,2020-2021,170-1,teste_161.csv,1,2021-02-26,4,0,1,0.5555555555555556,161,0.5652173913043478
knn,10,2020-2021,171-1,teste_162.csv,1,2021-02-26,4,0,0,0.3333333333333333,162,0.5679012345679012
knn,10,2020-2021,172-1,teste_163.csv,1,2021-02-26,4,1,1,0.6363636363636364,163,0.5705521472392638
knn,10,2020-2021,173-1,teste_164.csv,1,2021-02-26,4,0,1,0.8181818181818182,164,0.5670731707317073
knn,10,2020-2021,174-1,teste_165.csv,1,2021-02-27,4,1,1,0.6363636363636364,165,0.5696969696969697
knn,10,2020-2021,175-1,teste_166.csv,1,2021-02-27,4,0,0,0.3636363636363636,166,0.572289156626506
knn,10,2020-2021,176-1,teste_167.csv,1,2021-02-27,4,1,1,0.7777777777777778,167,0.5748502994011976
knn,10,2020-2021,177-1,teste_168.csv,1,2021-02-27,4,0,1,0.5454545454545454,168,0.5714285714285714
knn,10,2020-2021,178-1,teste_169.csv,1,2021-02-28,4,1,1,0.6363636363636364,169,0.5739644970414202
knn,10,2020-2021,179-1,teste_170.csv,1,2021-02-28,4,1,1,0.7272727272727273,170,0.5764705882352941
knn,10,2020-2021,180-1,teste_171.csv,1,2021-02-28,4,1,0,0.3636363636363636,171,0.5730994152046783
knn,10,2020-2021,181-1,teste_172.csv,1,2021-02-28,4,0,1,0.5454545454545454,172,0.5697674418604651
knn,10,2020-2021,182-1,teste_173.csv,1,2021-03-01,5,0,1,1.0,173,0.5664739884393064
knn,10,2020-2021,183-1,teste_174.csv,1,2021-03-01,5,1,0,0.3333333333333333,174,0.5632183908045977
knn,10,2020-2021,184-1,teste_175.csv,1,2021-03-02,5,1,1,0.5555555555555556,175,0.5657142857142857
knn,10,2020-2021,185-1,teste_176.csv,1,2021-03-02,5,0,0,0.2222222222222222,176,0.5681818181818182
knn,10,2020-2021,186-1,teste_177.csv,1,2021-03-03,5,0,1,0.6666666666666666,177,0.5649717514124294
knn,10,2020-2021,187-1,teste_178.csv,1,2021-03-04,5,0,0,0.4444444444444444,178,0.5674157303370787
knn,10,2020-2021,188-1,teste_179.csv,1,2021-03-04,5,1,1,1.0,179,0.5698324022346368
knn,10,2020-2021,189-1,teste_180.csv,1,2021-03-06,5,0,0,0.4444444444444444,180,0.5722222222222222
knn,10,2020-2021,190-1,teste_181.csv,1,2021-03-09,6,0,1,0.6666666666666666,181,0.569060773480663
knn,10,2020-2021,191-1,teste_182.csv,1,2021-03-10,6,1,1,0.6666666666666666,182,0.5714285714285714
knn,10,2020-2021,192-1,teste_183.csv,1,2021-03-11,6,1,1,0.6666666666666666,183,0.5737704918032787
knn,10,2020-2021,193-1,teste_184.csv,1,2021-03-11,6,1,1,0.6666666666666666,184,0.5760869565217391
knn,10,2020-2021,194-1,teste_185.csv,1,2021-03-12,6,1,1,0.5555555555555556,185,0.5783783783783784
knn,10,2020-2021,195-1,teste_186.csv,1,2021-03-12,6,1,1,0.8711618510795097,186,0.5806451612903226
knn,10,2020-2021,196-1,teste_187.csv,1,2021-03-12,6,0,1,0.571275377683191,187,0.5775401069518716
knn,10,2020-2021,197-1,teste_188.csv,1,2021-03-13,6,1,1,0.5560582574496146,188,0.5797872340425532
knn,10,2020-2021,198-1,teste_189.csv,1,2021-03-14,6,0,0,0.3288127913903474,189,0.582010582010582
knn,10,2020-2021,199-1,teste_190.csv,1,2021-03-14,6,1,1,0.6947211255643554,190,0.5842105263157895
knn,10,2020-2021,200-1,teste_191.csv,1,2021-03-14,6,1,1,0.69301510582308,191,0.5863874345549738
knn,10,2020-2021,201-1,teste_192.csv,1,2021-03-14,6,1,1,1.0,192,0.5885416666666666
knn,10,2020-2021,202-1,teste_193.csv,1,2021-03-14,7,0,0,0.3062382700313906,193,0.5906735751295337
knn,10,2020-2021,203-1,teste_194.csv,1,2021-03-15,7,0,0,0.2222222222222222,194,0.5927835051546392
knn,10,2020-2021,204-1,teste_195.csv,1,2021-03-16,7,0,0,0.1818181818181818,195,0.5948717948717949
knn,10,2020-2021,205-1,teste_196.csv,1,2021-03-16,7,1,1,0.6363636363636364,196,0.5969387755102041
knn,10,2020-2021,206-1,teste_197.csv,1,2021-03-17,7,1,1,0.7272727272727273,197,0.5989847715736041
knn,10,2020-2021,207-1,teste_198.csv,1,2021-03-18,8,1,1,1.0,198,0.601010101010101
knn,10,2020-2021,209-1,teste_200.csv,1,2021-04-01,7,0,0,0.3333333333333333,199,0.6030150753768844
knn,10,2020-2021,208-1,teste_199.csv,1,2021-04-01,8,1,0,0.3333333333333333,200,0.6
knn,10,2020-2021,210-1,teste_201.csv,1,2021-04-02,8,0,1,0.6666666666666666,201,0.5970149253731343
knn,10,2020-2021,211-1,teste_202.csv,1,2021-04-02,8,1,0,0.3333333333333333,202,0.594059405940594
knn,10,2020-2021,214-1,teste_205.csv,1,2021-04-03,7,1,1,0.6666666666666666,203,0.5960591133004927
knn,10,2020-2021,212-1,teste_203.csv,1,2021-04-03,8,1,0,0.3333333333333333,204,0.5931372549019608
knn,10,2020-2021,213-1,teste_204.csv,1,2021-04-03,8,0,1,0.5555555555555556,205,0.5902439024390244
knn,10,2020-2021,215-1,teste_206.csv,1,2021-04-04,8,1,1,1.0,206,0.5922330097087378
knn,10,2020-2021,216-1,teste_207.csv,1,2021-04-04,8,1,0,0.3333333333333333,207,0.5893719806763285
knn,10,2020-2021,217-1,teste_208.csv,1,2021-04-04,8,1,1,1.0,208,0.5913461538461539
knn,10,2020-2021,218-1,teste_209.csv,1,2021-04-05,7,1,1,0.6666666666666666,209,0.5933014354066986
knn,10,2020-2021,219-1,teste_210.csv,1,2021-04-05,8,1,1,0.6666666666666666,210,0.5952380952380952
knn,10,2020-2021,220-1,teste_211.csv,1,2021-04-05,8,0,0,0.0,211,0.5971563981042654
knn,10,2020-2021,223-1,teste_214.csv,1,2021-04-06,7,1,1,0.6363636363636364,212,0.5990566037735849
knn,10,2020-2021,221-1,teste_212.csv,1,2021-04-06,8,0,0,0.0,213,0.6009389671361502
knn,10,2020-2021,222-1,teste_213.csv,1,2021-04-06,8,1,0,0.4545454545454545,214,0.5981308411214953
knn,10,2020-2021,224-1,teste_215.csv,1,2021-04-07,7,0,1,0.6363636363636364,215,0.5953488372093023
knn,10,2020-2021,226-1,teste_217.csv,1,2021-04-07,8,1,1,0.9227722135462304,216,0.5972222222222222
knn,10,2020-2021,225-1,teste_216.csv,1,2021-04-07,9,0,1,0.5454545454545454,217,0.5944700460829493
knn,10,2020-2021,227-1,teste_218.csv,1,2021-04-08,8,1,1,0.7396957493262459,218,0.5963302752293578
knn,10,2020-2021,228-1,teste_219.csv,1,2021-04-08,8,0,0,0.4952955069323193,219,0.5981735159817352
knn,10,2020-2021,229-1,teste_220.csv,1,2021-04-08,9,0,0,0.262243130868228,220,0.6
knn,10,2020-2021,230-1,teste_221.csv,1,2021-04-09,7,0,0,0.4545454545454545,221,0.6018099547511312
knn,10,2020-2021,231-1,teste_222.csv,1,2021-04-10,8,1,1,0.6363636363636364,222,0.6036036036036037
knn,10,2020-2021,233-1,teste_224.csv,1,2021-04-10,8,0,0,0.4433672534058917,223,0.6053811659192825
knn,10,2020-2021,232-1,teste_223.csv,1,2021-04-10,9,0,1,0.7272727272727273,224,0.6026785714285714
knn,10,2020-2021,234-1,teste_225.csv,1,2021-04-11,8,0,0,0.0932541989002476,225,0.6044444444444445
knn,10,2020-2021,235-1,teste_226.csv,1,2021-04-13,7,1,0,0.2993830423694494,226,0.6017699115044248
knn,10,2020-2021,236-1,teste_227.csv,1,2021-04-13,7,1,1,0.8829393083057716,227,0.6035242290748899
knn,10,2020-2021,237-1,teste_228.csv,1,2021-04-13,7,0,0,0.0937846497850369,228,0.6052631578947368
knn,10,2020-2021,238-1,teste_229.csv,1,2021-04-21,1,0,0,0.4516825606456821,229,0.6069868995633187
knn,10,2020-2021,239-1,teste_230.csv,1,2021-04-21,1,0,1,0.6363636363636364,230,0.6043478260869565
knn,10,2020-2021,240-1,teste_231.csv,1,2021-04-22,1,0,0,0.4545454545454545,231,0.6060606060606061
knn,10,2020-2021,241-1,teste_232.csv,1,2021-04-22,1,0,1,0.5714285714285714,232,0.603448275862069
knn,10,2020-2021,242-1,teste_233.csv,1,2021-04-23,2,1,1,0.7272727272727273,233,0.6051502145922747
knn,10,2020-2021,243-1,teste_234.csv,1,2021-04-23,2,0,0,0.3636363636363636,234,0.6068376068376068
knn,10,2020-2021,244-1,teste_235.csv,1,2021-04-24,2,1,1,0.7142857142857143,235,0.6085106382978723
knn,10,2020-2021,245-1,teste_236.csv,1,2021-04-24,2,1,1,0.8181818181818182,236,0.6101694915254238
knn,10,2020-2021,246-1,teste_237.csv,1,2021-04-25,3,1,1,0.5454545454545454,237,0.6118143459915611
knn,10,2020-2021,247-1,teste_238.csv,1,2021-04-28,1,0,0,0.1818181818181818,238,0.6134453781512605
knn,10,2020-2021,248-1,teste_239.csv,1,2021-04-28,1,0,1,0.5714285714285714,239,0.6108786610878661
knn,10,2020-2021,249-1,teste_240.csv,1,2021-04-29,1,0,0,0.2857142857142857,240,0.6125
knn,10,2020-2021,250-1,teste_241.csv,1,2021-04-29,1,0,1,0.7272727272727273,241,0.6099585062240664
knn,10,2020-2021,251-1,teste_242.csv,1,2021-04-30,2,0,0,0.4545454545454545,242,0.6115702479338843
knn,10,2020-2021,252-1,teste_243.csv,1,2021-04-30,2,1,1,0.9090909090909092,243,0.6131687242798354
knn,10,2020-2021,253-1,teste_244.csv,1,2021-05-01,2,1,1,0.6363636363636364,244,0.6147540983606558
knn,10,2020-2021,254-1,teste_245.csv,1,2021-05-01,2,0,0,0.3636363636363636,245,0.6163265306122448
knn,10,2020-2021,255-1,teste_246.csv,1,2021-05-02,3,1,0,0.4444444444444444,246,0.6138211382113821
knn,10,2020-2021,256-1,teste_247.csv,1,2021-05-03,3,1,1,0.5555555555555556,247,0.6153846153846154
knn,10,2020-2021,257-1,teste_248.csv,1,2021-05-10,1,0,0,0.1111111111111111,248,0.6169354838709677
knn,10,2020-2021,258-1,teste_249.csv,1,2021-05-10,1,1,1,0.8888888888888888,249,0.6184738955823293
knn,10,2020-2021,259-1,teste_250.csv,1,2021-05-12,2,1,1,0.6666666666666666,250,0.62
knn,10,2020-2021,260-1,teste_251.csv,1,2021-05-12,2,0,0,0.3333333333333333,251,0.6215139442231076
knn,10,2020-2021,261-1,teste_252.csv,1,2021-05-15,3,0,0,0.3333333333333333,252,0.623015873015873
knn,10,2020-2021,262-1,teste_253.csv,1,2021-05-15,3,1,1,0.6666666666666666,253,0.6245059288537549
knn,10,2020-2021,263-1,teste_254.csv,1,2021-05-22,1,1,0,0.3333333333333333,254,0.6220472440944882
knn,10,2020-2021,264-1,teste_255.csv,1,2021-05-24,2,0,1,1.0,255,0.6196078431372549
knn,10,2021-2022,10-1,teste_1.csv,1,2021-10-28,2,0,0,0.0,1,1.0
knn,10,2021-2022,11-1,teste_2.csv,1,2021-10-28,2,1,0,0.0,2,0.5
knn,10,2021-2022,12-1,teste_3.csv,1,2021-10-29,2,0,0,0.2,3,0.6666666666666666
knn,10,2021-2022,13-1,teste_4.csv,1,2021-10-29,2,1,0,0.0,4,0.5
knn,10,2021-2022,14-1,teste_5.csv,1,2021-10-30,2,1,0,0.2,5,0.4
knn,10,2021-2022,15-1,teste_6.csv,1,2021-10-30,2,0,1,0.6666666666666666,6,0.3333333333333333
knn,10,2021-2022,16-1,teste_7.csv,1,2021-11-01,3,1,0,0.4,7,0.2857142857142857
knn,10,2021-2022,17-1,teste_8.csv,1,2021-11-02,3,1,1,0.6,8,0.375
knn,10,2021-2022,18-1,teste_9.csv,1,2021-11-02,3,1,1,0.6519024262954212,9,0.4444444444444444
knn,10,2021-2022,19-1,teste_10.csv,1,2021-11-03,3,1,1,0.7159458926464631,10,0.5
knn,10,2021-2022,20-1,teste_11.csv,1,2021-11-03,3,0,1,0.6666666666666666,11,0.4545454545454545
knn,10,2021-2022,21-1,teste_12.csv,1,2021-11-03,3,1,1,0.6666666666666666,12,0.5
knn,10,2021-2022,22-1,teste_13.csv,1,2021-11-03,3,1,1,0.6473066484995952,13,0.5384615384615384
knn,10,2021-2022,23-1,teste_14.csv,1,2021-11-04,3,0,1,0.7142857142857143,14,0.5
knn,10,2021-2022,24-1,teste_15.csv,1,2021-11-04,3,0,1,0.5760225486079495,15,0.4666666666666667
knn,10,2021-2022,25-1,teste_16.csv,1,2021-11-04,3,0,1,0.8,16,0.4375
knn,10,2021-2022,26-1,teste_17.csv,1,2021-11-05,3,1,1,0.687511329156224,17,0.4705882352941176
knn,10,2021-2022,27-1,teste_18.csv,1,2021-11-05,3,1,1,0.7777777777777778,18,0.5
knn,10,2021-2022,28-1,teste_19.csv,1,2021-11-05,3,1,1,0.6363636363636364,19,0.5263157894736842
knn,10,2021-2022,29-1,teste_20.csv,1,2021-11-06,3,0,1,0.6363636363636364,20,0.5
knn,10,2021-2022,30-1,teste_21.csv,1,2021-11-06,3,0,1,0.5118706524104354,21,0.4761904761904761
knn,10,2021-2022,31-1,teste_22.csv,1,2021-11-08,4,1,1,0.6666666666666666,22,0.5
knn,10,2021-2022,32-1,teste_23.csv,1,2021-11-08,4,0,1,0.5555555555555556,23,0.4782608695652174
knn,10,2021-2022,33-1,teste_24.csv,1,2021-11-09,4,0,0,0.0,24,0.5
knn,10,2021-2022,34-1,teste_25.csv,1,2021-11-10,4,1,0,0.0,25,0.48
knn,10,2021-2022,35-1,teste_26.csv,1,2021-11-10,4,1,1,0.8,26,0.5
knn,10,2021-2022,36-1,teste_27.csv,1,2021-11-10,4,0,1,0.8,27,0.4814814814814814
knn,10,2021-2022,37-1,teste_28.csv,1,2021-11-10,4,1,0,0.4,28,0.4642857142857143
knn,10,2021-2022,38-1,teste_29.csv,1,2021-11-11,4,1,0,0.4,29,0.4482758620689655
knn,10,2021-2022,39-1,teste_30.csv,1,2021-11-11,4,0,0,0.4545454545454545,30,0.4666666666666667
knn,10,2021-2022,40-1,teste_31.csv,1,2021-11-11,4,0,0,0.2727272727272727,31,0.4838709677419355
knn,10,2021-2022,41-1,teste_32.csv,1,2021-11-11,4,1,1,0.6666666666666666,32,0.5
knn,10,2021-2022,42-1,teste_33.csv,1,2021-11-12,4,1,1,0.6,33,0.5151515151515151
knn,10,2021-2022,43-1,teste_34.csv,1,2021-11-12,4,1,1,0.8,34,0.5294117647058824
knn,10,2021-2022,44-1,teste_35.csv,1,2021-11-13,4,0,1,0.6,35,0.5142857142857142
knn,10,2021-2022,45-1,teste_36.csv,1,2021-11-13,4,0,0,0.0,36,0.5277777777777778
knn,10,2021-2022,46-1,teste_37.csv,1,2021-11-13,4,0,1,0.6666666666666666,37,0.5135135135135135
knn,10,2021-2022,47-1,teste_38.csv,1,2021-11-16,5,1,1,0.8,38,0.5263157894736842
knn,10,2021-2022,48-1,teste_39.csv,1,2021-11-17,5,1,0,0.2,39,0.5128205128205128
knn,10,2021-2022,49-1,teste_40.csv,1,2021-11-17,5,1,1,0.8,40,0.525
knn,10,2021-2022,50-1,teste_41.csv,1,2021-11-18,5,1,0,0.0,41,0.5121951219512195
knn,10,2021-2022,51-1,teste_42.csv,1,2021-11-18,5,1,1,0.6666666666666666,42,0.5238095238095238
knn,10,2021-2022,52-1,teste_43.csv,1,2021-11-18,5,1,1,1.0,43,0.5348837209302325
knn,10,2021-2022,53-1,teste_44.csv,1,2021-11-19,5,0,1,1.0,44,0.5227272727272727
knn,10,2021-2022,54-1,teste_45.csv,1,2021-11-19,5,1,1,0.6666666666666666,45,0.5333333333333333
knn,10,2021-2022,55-1,teste_46.csv,1,2021-11-19,5,1,1,0.6666666666666666,46,0.5434782608695652
knn,10,2021-2022,56-1,teste_47.csv,1,2021-11-19,5,0,1,0.6666666666666666,47,0.5319148936170213
knn,10,2021-2022,57-1,teste_48.csv,1,2021-11-20,5,1,0,0.3333333333333333,48,0.5208333333333334
knn,10,2021-2022,58-1,teste_49.csv,1,2021-11-20,5,0,1,0.5714285714285714,49,0.5102040816326531
knn,10,2021-2022,59-1,teste_50.csv,1,2021-11-20,5,1,1,0.8571428571428571,50,0.52
knn,10,2021-2022,60-1,teste_51.csv,1,2021-11-21,5,0,1,0.6,51,0.5098039215686274
knn,10,2021-2022,61-1,teste_52.csv,1,2021-11-21,5,0,1,0.6666666666666666,52,0.5
knn,10,2021-2022,62-1,teste_53.csv,1,2021-12-01,6,1,0,0.4444444444444444,53,0.490566037735849
knn,10,2021-2022,63-1,teste_54.csv,1,2021-12-01,6,1,1,0.6666666666666666,54,0.5
knn,10,2021-2022,64-1,teste_55.csv,1,2021-12-01,6,0,0,0.4285714285714285,55,0.509090909090909
knn,10,2021-2022,65-1,teste_56.csv,1,2021-12-01,6,1,1,0.5714285714285714,56,0.5178571428571429
knn,10,2021-2022,66-1,teste_57.csv,1,2021-12-02,6,1,1,1.0,57,0.5263157894736842
knn,10,2021-2022,67-1,teste_58.csv,1,2021-12-02,6,0,0,0.3333333333333333,58,0.5344827586206896
knn,10,2021-2022,68-1,teste_59.csv,1,2021-12-02,6,1,1,1.0,59,0.5423728813559322
knn,10,2021-2022,69-1,teste_60.csv,1,2021-12-02,6,1,1,0.6666666666666666,60,0.55
knn,10,2021-2022,70-1,teste_61.csv,1,2021-12-03,6,0,1,0.5714285714285714,61,0.5409836065573771
knn,10,2021-2022,71-1,teste_62.csv,1,2021-12-03,6,0,1,1.0,62,0.532258064516129
knn,10,2021-2022,72-1,teste_63.csv,1,2021-12-03,6,1,1,0.6666666666666666,63,0.5396825396825397
knn,10,2021-2022,73-1,teste_64.csv,1,2021-12-03,6,0,1,0.6666666666666666,64,0.53125
knn,10,2021-2022,74-1,teste_65.csv,1,2021-12-04,6,0,0,0.4285714285714285,65,0.5384615384615384
knn,10,2021-2022,75-1,teste_66.csv,1,2021-12-04,6,1,1,1.0,66,0.5454545454545454
knn,10,2021-2022,76-1,teste_67.csv,1,2021-12-04,6,0,1,1.0,67,0.5373134328358209
knn,10,2021-2022,77-1,teste_68.csv,1,2021-12-07,7,1,1,0.6666666666666666,68,0.5441176470588235
knn,10,2021-2022,78-1,teste_69.csv,1,2021-12-07,7,0,1,0.6666666666666666,69,0.5362318840579711
knn,10,2021-2022,79-1,teste_70.csv,1,2021-12-07,7,0,1,0.5714285714285714,70,0.5285714285714286
knn,10,2021-2022,80-1,teste_71.csv,1,2021-12-07,7,0,0,0.0,71,0.5352112676056338
knn,10,2021-2022,81-1,teste_72.csv,1,2021-12-08,7,1,1,1.0,72,0.5416666666666666
knn,10,2021-2022,82-1,teste_73.csv,1,2021-12-09,7,1,1,0.8571428571428571,73,0.547945205479452
knn,10,2021-2022,83-1,teste_74.csv,1,2021-12-09,7,0,0,0.4285714285714285,74,0.5540540540540541
knn,10,2021-2022,84-1,teste_75.csv,1,2021-12-09,7,1,0,0.3333333333333333,75,0.5466666666666666
knn,10,2021-2022,85-1,teste_76.csv,1,2021-12-09,7,1,1,0.6666666666666666,76,0.5526315789473685
knn,10,2021-2022,86-1,teste_77.csv,1,2021-12-11,7,1,1,0.6666666666666666,77,0.5584415584415584
knn,10,2021-2022,87-1,teste_78.csv,1,2021-12-11,7,0,1,0.6666666666666666,78,0.5512820512820513
knn,10,2021-2022,88-1,teste_79.csv,1,2021-12-11,7,0,0,0.3333333333333333,79,0.5569620253164557
knn,10,2021-2022,89-1,teste_80.csv,1,2021-12-13,8,1,0,0.3333333333333333,80,0.55
knn,10,2021-2022,90-1,teste_81.csv,1,2021-12-14,8,1,1,0.6666666666666666,81,0.5555555555555556
knn,10,2021-2022,91-1,teste_82.csv,1,2021-12-16,8,1,1,0.6666666666666666,82,0.5609756097560976
knn,10,2021-2022,92-1,teste_83.csv,1,2021-12-16,8,1,1,0.6666666666666666,83,0.5662650602409639
knn,10,2021-2022,93-1,teste_84.csv,1,2021-12-16,8,1,1,1.0,84,0.5714285714285714
knn,10,2021-2022,94-1,teste_85.csv,1,2021-12-16,8,1,1,1.0,85,0.5764705882352941
knn,10,2021-2022,95-1,teste_86.csv,1,2021-12-18,8,0,0,0.3333333333333333,86,0.5813953488372093
knn,10,2021-2022,96-1,teste_87.csv,1,2021-12-18,8,1,1,0.6666666666666666,87,0.5862068965517241
knn,10,2021-2022,97-1,teste_88.csv,1,2021-12-18,8,1,1,1.0,88,0.5909090909090909
knn,10,2021-2022,100-1,teste_91.csv,1,2021-12-19,8,1,1,0.6666666666666666,89,0.5955056179775281
knn,10,2021-2022,98-1,teste_89.csv,1,2021-12-19,8,1,1,1.0,90,0.6
knn,10,2021-2022,99-1,teste_90.csv,1,2021-12-19,8,1,1,0.6666666666666666,91,0.6043956043956044
knn,10,2021-2022,101-1,teste_92.csv,1,2021-12-20,9,0,1,0.6666666666666666,92,0.5978260869565217
knn,10,2021-2022,102-1,teste_93.csv,1,2021-12-21,9,1,1,0.6666666666666666,93,0.6021505376344086
knn,10,2021-2022,103-1,teste_94.csv,1,2021-12-21,9,1,1,1.0,94,0.6063829787234043
knn,10,2021-2022,104-1,teste_95.csv,1,2021-12-21,9,1,1,1.0,95,0.6105263157894737
knn,10,2021-2022,105-1,teste_96.csv,1,2021-12-22,9,0,1,0.7142857142857143,96,0.6041666666666666
knn,10,2021-2022,106-1,teste_97.csv,1,2021-12-23,9,0,1,0.6666666666666666,97,0.5979381443298969
knn,10,2021-2022,107-1,teste_98.csv,1,2021-12-28,10,1,1,0.7142857142857143,98,0.6020408163265306
knn,10,2021-2022,108-1,teste_99.csv,1,2021-12-28,10,1,1,1.0,99,0.6060606060606061
knn,10,2021-2022,109-1,teste_100.csv,1,2021-12-28,10,1,1,0.8571428571428571,100,0.61
knn,10,2021-2022,110-1,teste_101.csv,1,2021-12-30,10,1,1,1.0,101,0.6138613861386139
knn,10,2021-2022,111-1,teste_102.csv,1,2021-12-30,10,0,1,0.5714285714285714,102,0.6078431372549019
knn,10,2021-2022,112-1,teste_103.csv,1,2021-12-30,10,0,1,1.0,103,0.6019417475728155
knn,10,2021-2022,113-1,teste_104.csv,1,2022-01-03,11,0,0,0.4285714285714285,104,0.6057692307692307
knn,10,2021-2022,114-1,teste_105.csv,1,2022-01-04,11,1,0,0.4,105,0.6
knn,10,2021-2022,115-1,teste_106.csv,1,2022-01-05,11,0,0,0.2857142857142857,106,0.6037735849056604
knn,10,2021-2022,116-1,teste_107.csv,1,2022-01-06,11,0,1,0.8,107,0.5981308411214953
knn,10,2021-2022,117-1,teste_108.csv,1,2022-01-06,11,1,1,0.5555555555555556,108,0.6018518518518519
knn,10,2021-2022,118-1,teste_109.csv,1,2022-01-08,11,1,1,0.5555555555555556,109,0.6055045871559633
knn,10,2021-2022,119-1,teste_110.csv,1,2022-01-09,11,1,1,0.6666666666666666,110,0.6090909090909091
knn,10,2021-2022,120-1,teste_111.csv,1,2022-01-09,11,0,0,0.3333333333333333,111,0.6126126126126126
knn,10,2021-2022,121-1,teste_112.csv,1,2022-01-09,11,0,1,1.0,112,0.6071428571428571
knn,10,2021-2022,122-1,teste_113.csv,1,2022-01-09,11,1,0,0.3333333333333333,113,0.6017699115044248
knn,10,2021-2022,123-1,teste_114.csv,1,2022-01-10,12,1,1,0.8571428571428571,114,0.6052631578947368
knn,10,2021-2022,124-1,teste_115.csv,1,2022-01-10,12,1,1,0.5714285714285714,115,0.6086956521739131
knn,10,2021-2022,125-1,teste_116.csv,1,2022-01-10,12,1,0,0.3333333333333333,116,0.603448275862069
knn,10,2021-2022,126-1,teste_117.csv,1,2022-01-10,12,0,1,1.0,117,0.5982905982905983
knn,10,2021-2022,127-1,teste_118.csv,1,2022-01-11,12,1,1,1.0,118,0.6016949152542372
knn,10,2021-2022,128-1,teste_119.csv,1,2022-01-11,12,1,1,1.0,119,0.6050420168067226
knn,10,2021-2022,129-1,teste_120.csv,1,2022-01-11,12,1,0,0.0,120,0.6
knn,10,2021-2022,130-1,teste_121.csv,1,2022-01-11,12,0,1,0.6666666666666666,121,0.5950413223140496
knn,10,2021-2022,131-1,teste_122.csv,1,2022-01-12,12,1,1,0.6666666666666666,122,0.5983606557377049
knn,10,2021-2022,132-1,teste_123.csv,1,2022-01-12,12,1,1,0.6666666666666666,123,0.6016260162601627
knn,10,2021-2022,133-1,teste_124.csv,1,2022-01-12,12,1,1,0.6666666666666666,124,0.6048387096774194
knn,10,2021-2022,134-1,teste_125.csv,1,2022-01-25,1,1,1,1.0,125,0.608
knn,10,2021-2022,135-1,teste_126.csv,1,2022-01-25,1,0,0,0.0,126,0.6111111111111112
knn,10,2021-2022,136-1,teste_127.csv,1,2022-01-25,1,1,0,0.3333333333333333,127,0.6062992125984252
knn,10,2021-2022,137-1,teste_128.csv,1,2022-01-25,1,1,1,1.0,128,0.609375
knn,10,2021-2022,138-1,teste_129.csv,1,2022-01-26,1,0,1,0.6666666666666666,129,0.6046511627906976
knn,10,2021-2022,139-1,teste_130.csv,1,2022-01-26,1,1,0,0.3333333333333333,130,0.6
knn,10,2021-2022,140-1,teste_131.csv,1,2022-01-27,1,1,1,1.0,131,0.6030534351145038
knn,10,2021-2022,141-1,teste_132.csv,1,2022-01-27,1,0,1,1.0,132,0.5984848484848485
knn,10,2021-2022,142-1,teste_133.csv,1,2022-01-27,1,1,1,0.8,133,0.6015037593984962
knn,10,2021-2022,143-1,teste_134.csv,1,2022-01-27,1,1,1,0.6,134,0.6044776119402985
knn,10,2021-2022,144-1,teste_135.csv,1,2022-01-28,1,1,1,0.6,135,0.6074074074074074
knn,10,2021-2022,145-1,teste_136.csv,1,2022-01-28,1,0,1,0.8,136,0.6029411764705882
knn,10,2021-2022,146-1,teste_137.csv,1,2022-01-29,1,1,1,0.8,137,0.6058394160583942
knn,10,2021-2022,147-1,teste_138.csv,1,2022-01-29,1,1,1,0.8,138,0.6086956521739131
knn,10,2021-2022,148-1,teste_139.csv,1,2022-01-31,2,1,1,0.6,139,0.6115107913669064
knn,10,2021-2022,149-1,teste_140.csv,1,2022-02-01,2,1,1,0.6,140,0.6142857142857143
knn,10,2021-2022,150-1,teste_141.csv,1,2022-02-02,2,1,1,0.6,141,0.6170212765957447
knn,10,2021-2022,151-1,teste_142.csv,1,2022-02-02,2,1,1,0.8,142,0.6197183098591549
knn,10,2021-2022,152-1,teste_143.csv,1,2022-02-03,2,0,1,0.6,143,0.6153846153846154
knn,10,2021-2022,153-1,teste_144.csv,1,2022-02-03,2,0,0,0.4,144,0.6180555555555556
knn,10,2021-2022,154-1,teste_145.csv,1,2022-02-03,2,1,1,0.7142857142857143,145,0.6206896551724138
knn,10,2021-2022,155-1,teste_146.csv,1,2022-02-03,2,1,1,0.8,146,0.6232876712328768
knn,10,2021-2022,156-1,teste_147.csv,1,2022-02-04,2,1,1,1.0,147,0.6258503401360545
knn,10,2021-2022,157-1,teste_148.csv,1,2022-02-05,2,0,0,0.4,148,0.6283783783783784
knn,10,2021-2022,158-1,teste_149.csv,1,2022-02-05,2,1,1,1.0,149,0.6308724832214765
knn,10,2021-2022,159-1,teste_150.csv,1,2022-02-05,2,1,0,0.4,150,0.6266666666666667
knn,10,2021-2022,160-1,teste_151.csv,1,2022-02-06,2,0,1,0.6,151,0.6225165562913907
knn,10,2021-2022,161-1,teste_152.csv,1,2022-02-07,3,1,1,1.0,152,0.625
knn,10,2021-2022,162-1,teste_153.csv,1,2022-02-07,3,0,1,0.6,153,0.6209150326797386
knn,10,2021-2022,163-1,teste_154.csv,1,2022-02-08,3,0,0,0.2,154,0.6233766233766234
knn,10,2021-2022,164-1,teste_155.csv,1,2022-02-09,3,1,1,1.0,155,0.6258064516129033
knn,10,2021-2022,165-1,teste_156.csv,1,2022-02-09,3,1,1,0.6,156,0.6282051282051282
knn,10,2021-2022,166-1,teste_157.csv,1,2022-02-09,3,1,1,0.8,157,0.6305732484076433
knn,10,2021-2022,167-1,teste_158.csv,1,2022-02-10,3,1,0,0.2857142857142857,158,0.6265822784810127
knn,10,2021-2022,168-1,teste_159.csv,1,2022-02-11,3,1,1,0.7142857142857143,159,0.6289308176100629
knn,10,2021-2022,169-1,teste_160.csv,1,2022-02-11,3,0,1,0.5714285714285714,160,0.625
knn,10,2021-2022,170-1,teste_161.csv,1,2022-02-11,3,0,1,1.0,161,0.6211180124223602
knn,10,2021-2022,171-1,teste_162.csv,1,2022-02-12,3,1,1,1.0,162,0.6234567901234568
knn,10,2021-2022,172-1,teste_163.csv,1,2022-02-12,3,1,1,0.8571428571428571,163,0.6257668711656442
knn,10,2021-2022,173-1,teste_164.csv,1,2022-02-12,3,1,1,0.8,164,0.6280487804878049
knn,10,2021-2022,174-1,teste_165.csv,1,2022-02-13,3,1,0,0.2,165,0.6242424242424243
knn,10,2021-2022,175-1,teste_166.csv,1,2022-02-14,4,1,1,1.0,166,0.6265060240963856
knn,10,2021-2022,176-1,teste_167.csv,1,2022-02-15,4,1,1,1.0,167,0.6287425149700598
knn,10,2021-2022,177-1,teste_168.csv,1,2022-02-15,4,0,1,0.6,168,0.625
knn,10,2021-2022,178-1,teste_169.csv,1,2022-02-17,4,1,1,0.8,169,0.6272189349112426
knn,10,2021-2022,179-1,teste_170.csv,1,2022-02-17,4,1,1,1.0,170,0.6294117647058823
knn,10,2021-2022,180-1,teste_171.csv,1,2022-02-17,4,1,1,0.6,171,0.631578947368421
knn,10,2021-2022,181-1,teste_172.csv,1,2022-02-18,4,1,1,0.6,172,0.6337209302325582
knn,10,2021-2022,182-1,teste_173.csv,1,2022-02-18,4,1,1,0.8,173,0.6358381502890174
knn,10,2021-2022,183-1,teste_174.csv,1,2022-02-18,4,0,1,0.8,174,0.632183908045977
knn,10,2021-2022,184-1,teste_175.csv,1,2022-02-19,4,0,0,0.2,175,0.6342857142857142
knn,10,2021-2022,185-1,teste_176.csv,1,2022-02-19,4,1,1,1.0,176,0.6363636363636364
knn,10,2021-2022,186-1,teste_177.csv,1,2022-02-19,4,0,1,0.8,177,0.632768361581921
knn,10,2021-2022,187-1,teste_178.csv,1,2022-02-20,4,1,0,0.3636363636363636,178,0.6292134831460674
knn,10,2021-2022,188-1,teste_179.csv,1,2022-02-20,4,1,1,0.8,179,0.6312849162011173
knn,10,2021-2022,189-1,teste_180.csv,1,2022-02-20,4,0,1,0.6,180,0.6277777777777778
knn,10,2021-2022,190-1,teste_181.csv,1,2022-02-20,4,0,1,0.8571428571428571,181,0.6243093922651933
knn,10,2021-2022,191-1,teste_182.csv,1,2022-03-02,5,1,1,1.0,182,0.6263736263736264
knn,10,2021-2022,192-1,teste_183.csv,1,2022-03-02,5,1,1,1.0,183,0.6284153005464481
knn,10,2021-2022,193-1,teste_184.csv,1,2022-03-02,5,1,1,0.8571428571428571,184,0.6304347826086957
knn,10,2021-2022,194-1,teste_185.csv,1,2022-03-02,5,0,0,0.4285714285714285,185,0.6324324324324324
knn,10,2021-2022,195-1,teste_186.csv,1,2022-03-03,5,1,1,0.8571428571428571,186,0.6344086021505376
knn,10,2021-2022,196-1,teste_187.csv,1,2022-03-04,5,0,0,0.4285714285714285,187,0.6363636363636364
knn,10,2021-2022,197-1,teste_188.csv,1,2022-03-04,5,1,1,0.5714285714285714,188,0.6382978723404256
knn,10,2021-2022,198-1,teste_189.csv,1,2022-03-04,5,1,1,0.8571428571428571,189,0.6402116402116402
knn,10,2021-2022,199-1,teste_190.csv,1,2022-03-04,5,1,0,0.4285714285714285,190,0.6368421052631579
knn,10,2021-2022,200-1,teste_191.csv,1,2022-03-05,5,1,1,0.5714285714285714,191,0.6387434554973822
knn,10,2021-2022,201-1,teste_192.csv,1,2022-03-05,5,0,0,0.2857142857142857,192,0.640625
knn,10,2021-2022,202-1,teste_193.csv,1,2022-03-06,5,0,1,0.7142857142857143,193,0.6373056994818653
knn,10,2021-2022,203-1,teste_194.csv,1,2022-03-06,5,1,0,0.4285714285714285,194,0.634020618556701
knn,10,2021-2022,204-1,teste_195.csv,1,2022-03-07,6,0,0,0.4285714285714285,195,0.6358974358974359
knn,10,2021-2022,205-1,teste_196.csv,1,2022-03-07,6,1,1,1.0,196,0.6377551020408163
knn,10,2021-2022,206-1,teste_197.csv,1,2022-03-08,6,0,0,0.4285714285714285,197,0.6395939086294417
knn,10,2021-2022,207-1,teste_198.csv,1,2022-03-09,6,1,1,1.0,198,0.6414141414141414
knn,10,2021-2022,208-1,teste_199.csv,1,2022-03-10,6,1,1,0.5714285714285714,199,0.6432160804020101
knn,10,2021-2022,209-1,teste_200.csv,1,2022-03-10,6,0,0,0.1428571428571428,200,0.645
knn,10,2021-2022,210-1,teste_201.csv,1,2022-03-11,6,1,1,1.0,201,0.6467661691542289
knn,10,2021-2022,211-1,teste_202.csv,1,2022-03-11,6,1,1,0.8571428571428571,202,0.6485148514851485
knn,10,2021-2022,212-1,teste_203.csv,1,2022-03-12,6,1,1,0.8571428571428571,203,0.6502463054187192
knn,10,2021-2022,213-1,teste_204.csv,1,2022-03-12,6,0,0,0.2857142857142857,204,0.6519607843137255
knn,10,2021-2022,214-1,teste_205.csv,1,2022-03-12,6,1,0,0.1428571428571428,205,0.6487804878048781
knn,10,2021-2022,215-1,teste_206.csv,1,2022-03-12,6,0,0,0.2857142857142857,206,0.6504854368932039
knn,10,2021-2022,216-1,teste_207.csv,1,2022-03-14,7,0,1,0.7142857142857143,207,0.6473429951690821
knn,10,2021-2022,217-1,teste_208.csv,1,2022-03-14,7,0,0,0.0,208,0.6490384615384616
knn,10,2021-2022,218-1,teste_209.csv,1,2022-03-14,7,0,0,0.0,209,0.6507177033492823
knn,10,2021-2022,219-1,teste_210.csv,1,2022-03-15,7,1,0,0.3333333333333333,210,0.6476190476190476
knn,10,2021-2022,220-1,teste_211.csv,1,2022-03-16,7,0,0,0.3333333333333333,211,0.6492890995260664
knn,10,2021-2022,221-1,teste_212.csv,1,2022-03-18,4,1,1,1.0,212,0.6509433962264151
knn,10,2021-2022,222-1,teste_213.csv,1,2022-03-22,8,1,1,1.0,213,0.6525821596244131
knn,10,2021-2022,223-1,teste_214.csv,1,2022-03-23,8,0,1,0.6666666666666666,214,0.6495327102803738
knn,10,2021-2022,224-1,teste_215.csv,1,2022-03-24,8,1,1,1.0,215,0.6511627906976745
knn,10,2021-2022,225-1,teste_216.csv,1,2022-03-24,8,1,1,1.0,216,0.6527777777777778
knn,10,2021-2022,226-1,teste_217.csv,1,2022-03-24,8,1,0,0.4,217,0.6497695852534562
knn,10,2021-2022,227-1,teste_218.csv,1,2022-03-24,8,0,1,1.0,218,0.6467889908256881
knn,10,2021-2022,228-1,teste_219.csv,1,2022-03-25,8,1,1,0.6666666666666666,219,0.6484018264840182
knn,10,2021-2022,229-1,teste_220.csv,1,2022-03-26,8,1,1,1.0,220,0.65
knn,10,2021-2022,230-1,teste_221.csv,1,2022-03-26,8,0,0,0.3333333333333333,221,0.6515837104072398
knn,10,2021-2022,231-1,teste_222.csv,1,2022-03-26,8,0,1,0.6666666666666666,222,0.6486486486486487
knn,10,2021-2022,232-1,teste_223.csv,1,2022-03-27,8,0,1,0.6442220262065557,223,0.6457399103139013
knn,10,2021-2022,233-1,teste_224.csv,1,2022-03-27,8,1,1,0.6666666666666666,224,0.6473214285714286
knn,10,2021-2022,234-1,teste_225.csv,1,2022-03-28,9,1,0,0.3333333333333333,225,0.6444444444444445
knn,10,2021-2022,235-1,teste_226.csv,1,2022-03-29,9,0,0,0.3333333333333333,226,0.6460176991150443
knn,10,2021-2022,236-1,teste_227.csv,1,2022-03-29,9,1,0,0.2857142857142857,227,0.6431718061674009
knn,10,2021-2022,237-1,teste_228.csv,1,2022-03-31,9,0,0,0.3979418087241949,228,0.6447368421052632
knn,10,2021-2022,238-1,teste_229.csv,1,2022-03-31,9,1,1,1.0,229,0.6462882096069869
knn,10,2021-2022,239-1,teste_230.csv,1,2022-04-02,9,1,0,0.3960959294227616,230,0.6434782608695652
knn,10,2021-2022,240-1,teste_231.csv,1,2022-04-02,9,0,0,0.4045854625026822,231,0.645021645021645
knn,10,2021-2022,241-1,teste_232.csv,1,2022-04-02,9,1,0,0.4109288168364751,232,0.6422413793103449
knn,10,2021-2022,242-1,teste_233.csv,1,2022-04-04,10,1,0,0.2051407618752533,233,0.6394849785407726
knn,10,2021-2022,243-1,teste_234.csv,1,2022-04-04,10,0,1,0.5901563362376329,234,0.6367521367521367
knn,10,2021-2022,244-1,teste_235.csv,1,2022-04-04,10,0,0,0.4348550802173684,235,0.6382978723404256
knn,10,2021-2022,245-1,teste_236.csv,1,2022-04-05,10,1,1,1.0,236,0.6398305084745762
knn,10,2021-2022,246-1,teste_237.csv,1,2022-04-05,10,1,0,0.4403599447719918,237,0.6371308016877637
knn,10,2021-2022,247-1,teste_238.csv,1,2022-04-06,10,1,1,1.0,238,0.6386554621848739
knn,10,2021-2022,248-1,teste_239.csv,1,2022-04-06,10,1,1,1.0,239,0.6401673640167364
knn,10,2021-2022,249-1,teste_240.csv,1,2022-04-07,10,1,1,0.6,240,0.6416666666666667
knn,10,2021-2022,250-1,teste_241.csv,1,2022-04-07,10,1,1,1.0,241,0.6431535269709544
knn,10,2021-2022,251-1,teste_242.csv,1,2022-04-08,10,0,1,1.0,242,0.640495867768595
knn,10,2021-2022,252-1,teste_243.csv,1,2022-04-08,10,0,0,0.4285714285714285,243,0.6419753086419753
knn,10,2021-2022,253-1,teste_244.csv,1,2022-04-09,10,1,0,0.4285714285714285,244,0.639344262295082
knn,10,2021-2022,254-1,teste_245.csv,1,2022-04-11,11,0,1,0.7142857142857143,245,0.636734693877551
knn,10,2021-2022,255-1,teste_246.csv,1,2022-04-12,11,1,1,0.8571428571428571,246,0.6382113821138211
knn,10,2021-2022,256-1,teste_247.csv,1,2022-04-12,11,0,1,0.5714285714285714,247,0.6356275303643725
knn,10,2021-2022,257-1,teste_248.csv,1,2022-04-13,11,0,1,0.7142857142857143,248,0.6330645161290323
knn,10,2021-2022,258-1,teste_249.csv,1,2022-04-13,11,1,1,1.0,249,0.6345381526104418
knn,10,2021-2022,259-1,teste_250.csv,1,2022-04-13,11,0,0,0.4285714285714285,250,0.636
knn,10,2021-2022,260-1,teste_251.csv,1,2022-04-14,11,0,1,0.6,251,0.6334661354581673
knn,10,2021-2022,261-1,teste_252.csv,1,2022-04-14,11,0,0,0.2,252,0.6349206349206349
knn,10,2021-2022,262-1,teste_253.csv,1,2022-04-14,11,1,0,0.2,253,0.6324110671936759
knn,10,2021-2022,263-1,teste_254.csv,1,2022-04-14,11,0,1,0.6,254,0.6299212598425197
knn,10,2021-2022,264-1,teste_255.csv,1,2022-04-15,11,1,0,0.2,255,0.6274509803921569
knn,10,2021-2022,265-1,teste_256.csv,1,2022-04-15,11,1,0,0.2,256,0.625
knn,10,2021-2022,266-1,teste_257.csv,1,2022-04-16,11,0,1,0.6,257,0.622568093385214
knn,10,2021-2022,267-1,teste_258.csv,1,2022-04-16,11,0,0,0.3333333333333333,258,0.624031007751938
knn,10,2021-2022,268-1,teste_259.csv,1,2022-04-16,11,1,0,0.1428571428571428,259,0.6216216216216216
knn,10,2021-2022,269-1,teste_260.csv,1,2022-04-18,7,1,1,0.8571428571428571,260,0.6230769230769231
knn,10,2021-2022,270-1,teste_261.csv,1,2022-04-19,1,0,0,0.4285714285714285,261,0.6245210727969349
knn,10,2021-2022,271-1,teste_262.csv,1,2022-04-19,1,1,0,0.3333333333333333,262,0.6221374045801527
knn,10,2021-2022,272-1,teste_263.csv,1,2022-04-20,1,1,1,1.0,263,0.623574144486692
knn,10,2021-2022,273-1,teste_264.csv,1,2022-04-20,1,0,0,0.3333333333333333,264,0.625
knn,10,2021-2022,274-1,teste_265.csv,1,2022-04-22,2,1,0,0.3333333333333333,265,0.6226415094339622
knn,10,2021-2022,275-1,teste_266.csv,1,2022-04-22,2,1,1,1.0,266,0.6240601503759399
knn,10,2021-2022,276-1,teste_267.csv,1,2022-04-23,2,1,0,0.4285714285714285,267,0.6217228464419475
knn,10,2021-2022,277-1,teste_268.csv,1,2022-04-23,2,1,1,0.8571428571428571,268,0.6231343283582089
knn,10,2021-2022,278-1,teste_269.csv,1,2022-04-24,3,1,1,1.0,269,0.6245353159851301
knn,10,2021-2022,279-1,teste_270.csv,1,2022-04-25,3,1,1,0.7142857142857143,270,0.6259259259259259
knn,10,2021-2022,280-1,teste_271.csv,1,2022-04-27,1,1,1,0.7142857142857143,271,0.6273062730627307
knn,10,2021-2022,281-1,teste_272.csv,1,2022-04-27,1,1,1,1.0,272,0.6286764705882353
knn,10,2021-2022,282-1,teste_273.csv,1,2022-04-28,1,1,1,0.6666666666666666,273,0.63003663003663
knn,10,2021-2022,283-1,teste_274.csv,1,2022-04-28,1,1,1,1.0,274,0.6313868613138686
knn,10,2021-2022,284-1,teste_275.csv,1,2022-04-30,2,0,0,0.3333333333333333,275,0.6327272727272727
knn,10,2021-2022,285-1,teste_276.csv,1,2022-04-30,2,1,1,1.0,276,0.6340579710144928
knn,10,2021-2022,286-1,teste_277.csv,1,2022-05-01,2,0,1,0.6666666666666666,277,0.631768953068592
knn,10,2021-2022,287-1,teste_278.csv,1,2022-05-01,2,0,0,0.3333333333333333,278,0.6330935251798561
knn,10,2021-2022,288-1,teste_279.csv,1,2022-05-02,3,0,0,0.0,279,0.6344086021505376
knn,10,2021-2022,289-1,teste_280.csv,1,2022-05-02,3,0,1,1.0,280,0.6321428571428571
knn,10,2021-2022,290-1,teste_281.csv,1,2022-05-03,3,0,0,0.3333333333333333,281,0.6334519572953736
knn,10,2021-2022,291-1,teste_282.csv,1,2022-05-03,3,0,1,0.6666666666666666,282,0.6312056737588653
knn,10,2021-2022,292-1,teste_283.csv,1,2022-05-07,4,1,0,0.3333333333333333,283,0.6289752650176679
knn,10,2021-2022,293-1,teste_284.csv,1,2022-05-11,1,1,0,0.3333333333333333,284,0.6267605633802817
knn,10,2021-2022,294-1,teste_285.csv,1,2022-05-12,1,1,1,1.0,285,0.6280701754385964
knn,10,2021-2022,295-1,teste_286.csv,1,2022-05-14,2,1,0,0.3333333333333333,286,0.6258741258741258
knn,10,2021-2022,296-1,teste_287.csv,1,2022-05-15,2,0,0,0.0,287,0.627177700348432
knn,10,2021-2022,297-1,teste_288.csv,1,2022-05-16,3,0,1,0.6666666666666666,288,0.625
knn,10,2021-2022,298-1,teste_289.csv,1,2022-05-17,3,0,0,0.0,289,0.6262975778546713
knn,10,2021-2022,299-1,teste_290.csv,1,2022-05-21,4,1,1,0.6666666666666666,290,0.6275862068965518
knn,10,2021-2022,300-1,teste_291.csv,1,2022-05-28,1,1,0,0.3333333333333333,291,0.6254295532646048
knn,10,2021-2022,301-1,teste_292.csv,1,2022-06-02,2,0,0,0.3333333333333333,292,0.6267123287671232
knn,10,2021-2022,302-1,teste_293.csv,1,2022-06-04,3,1,0,0.3333333333333333,293,0.6245733788395904
knn,10,2022-2023,10-1,teste_1.csv,1,2022-10-19,2,0,0,0.4,1,1.0
knn,10,2022-2023,11-1,teste_2.csv,1,2022-10-20,2,0,1,0.6666666666666666,2,0.5
knn,10,2022-2023,12-1,teste_3.csv,1,2022-10-20,2,0,1,0.6,3,0.3333333333333333
knn,10,2022-2023,13-1,teste_4.csv,1,2022-10-21,2,1,1,0.8,4,0.5
knn,10,2022-2023,14-1,teste_5.csv,1,2022-10-22,2,0,0,0.0,5,0.6
knn,10,2022-2023,15-1,teste_6.csv,1,2022-10-22,2,1,0,0.3020858189403218,6,0.5
knn,10,2022-2023,16-1,teste_7.csv,1,2022-10-22,2,0,0,0.2,7,0.5714285714285714
knn,10,2022-2023,17-1,teste_8.csv,1,2022-10-22,2,0,0,0.2,8,0.625
knn,10,2022-2023,18-1,teste_9.csv,1,2022-10-24,3,1,0,0.1446899888587919,9,0.5555555555555556
knn,10,2022-2023,19-1,teste_10.csv,1,2022-10-24,3,0,0,0.2857142857142857,10,0.6
knn,10,2022-2023,20-1,teste_11.csv,1,2022-10-24,3,0,0,0.1184255199348456,11,0.6363636363636364
knn,10,2022-2023,21-1,teste_12.csv,1,2022-10-25,3,1,0,0.2857142857142857,12,0.5833333333333334
knn,10,2022-2023,22-1,teste_13.csv,1,2022-10-25,3,1,0,0.1428571428571428,13,0.5384615384615384
knn,10,2022-2023,23-1,teste_14.csv,1,2022-10-26,3,0,0,0.3848820644018054,14,0.5714285714285714
knn,10,2022-2023,24-1,teste_15.csv,1,2022-10-27,3,1,0,0.2857142857142857,15,0.5333333333333333
knn,10,2022-2023,25-1,teste_16.csv,1,2022-10-27,3,1,0,0.4545454545454545,16,0.5
knn,10,2022-2023,26-1,teste_17.csv,1,2022-10-27,3,1,0,0.4444444444444444,17,0.4705882352941176
knn,10,2022-2023,27-1,teste_18.csv,1,2022-10-28,3,1,1,0.8,18,0.5
knn,10,2022-2023,28-1,teste_19.csv,1,2022-10-28,3,0,1,0.6,19,0.4736842105263157
knn,10,2022-2023,29-1,teste_20.csv,1,2022-10-29,3,1,1,0.6,20,0.5
knn,10,2022-2023,30-1,teste_21.csv,1,2022-10-29,3,0,1,0.6,21,0.4761904761904761
knn,10,2022-2023,31-1,teste_22.csv,1,2022-10-31,4,1,0,0.4,22,0.4545454545454545
knn,10,2022-2023,32-1,teste_23.csv,1,2022-11-01,4,0,0,0.4444444444444444,23,0.4782608695652174
knn,10,2022-2023,33-1,teste_24.csv,1,2022-11-01,4,1,0,0.1428571428571428,24,0.4583333333333333
knn,10,2022-2023,34-1,teste_25.csv,1,2022-11-01,4,1,0,0.3333333333333333,25,0.44
knn,10,2022-2023,35-1,teste_26.csv,1,2022-11-02,4,0,1,0.5714033459503368,26,0.4230769230769231
knn,10,2022-2023,36-1,teste_27.csv,1,2022-11-03,4,0,0,0.3294078013539095,27,0.4444444444444444
knn,10,2022-2023,37-1,teste_28.csv,1,2022-11-03,4,0,0,0.3569975301017875,28,0.4642857142857143
knn,10,2022-2023,38-1,teste_29.csv,1,2022-11-03,4,1,0,0.2857142857142857,29,0.4482758620689655
knn,10,2022-2023,39-1,teste_30.csv,1,2022-11-03,4,1,1,0.5454545454545454,30,0.4666666666666667
knn,10,2022-2023,40-1,teste_31.csv,1,2022-11-03,4,1,1,0.5059618224723008,31,0.4838709677419355
knn,10,2022-2023,41-1,teste_32.csv,1,2022-11-04,4,0,1,0.6698055839414756,32,0.46875
knn,10,2022-2023,42-1,teste_33.csv,1,2022-11-05,4,1,1,0.6666666666666666,33,0.4848484848484848
knn,10,2022-2023,43-1,teste_34.csv,1,2022-11-05,4,1,1,0.594214022707226,34,0.5
knn,10,2022-2023,44-1,teste_35.csv,1,2022-11-05,4,1,1,0.5473074933095949,35,0.5142857142857142
knn,10,2022-2023,45-1,teste_36.csv,1,2022-11-05,4,0,1,0.6112028851639779,36,0.5
knn,10,2022-2023,46-1,teste_37.csv,1,2022-11-15,5,0,1,0.6666666666666666,37,0.4864864864864865
knn,10,2022-2023,47-1,teste_38.csv,1,2022-11-17,5,0,0,0.3333333333333333,38,0.5
knn,10,2022-2023,48-1,teste_39.csv,1,2022-11-17,5,1,1,0.6666666666666666,39,0.5128205128205128
knn,10,2022-2023,49-1,teste_40.csv,1,2022-11-17,5,1,0,0.4,40,0.5
knn,10,2022-2023,50-1,teste_41.csv,1,2022-11-17,5,1,0,0.3333333333333333,41,0.4878048780487805
knn,10,2022-2023,51-1,teste_42.csv,1,2022-11-17,5,0,1,0.6666666666666666,42,0.4761904761904761
knn,10,2022-2023,52-1,teste_43.csv,1,2022-11-17,5,1,1,0.6666666666666666,43,0.4883720930232558
knn,10,2022-2023,53-1,teste_44.csv,1,2022-11-18,5,0,0,0.4285714285714285,44,0.5
knn,10,2022-2023,54-1,teste_45.csv,1,2022-11-19,5,1,1,0.6666666666666666,45,0.5111111111111111
knn,10,2022-2023,55-1,teste_46.csv,1,2022-11-19,5,1,1,0.8181818181818182,46,0.5217391304347826
knn,10,2022-2023,56-1,teste_47.csv,1,2022-11-19,5,1,1,0.7142857142857143,47,0.5319148936170213
knn,10,2022-2023,57-1,teste_48.csv,1,2022-11-19,5,0,0,0.3787048665174365,48,0.5416666666666666
knn,10,2022-2023,58-1,teste_49.csv,1,2022-11-19,5,1,1,0.6013671818767893,49,0.5510204081632653
knn,10,2022-2023,59-1,teste_50.csv,1,2022-11-21,6,1,1,0.6363636363636364,50,0.56
knn,10,2022-2023,60-1,teste_51.csv,1,2022-11-21,6,1,1,0.8181818181818182,51,0.5686274509803921
knn,10,2022-2023,61-1,teste_52.csv,1,2022-11-22,6,1,1,1.0,52,0.5769230769230769
knn,10,2022-2023,62-1,teste_53.csv,1,2022-11-22,6,0,1,0.8102893366800519,53,0.5660377358490566
knn,10,2022-2023,63-1,teste_54.csv,1,2022-11-23,6,1,1,0.7133089691697989,54,0.5740740740740741
knn,10,2022-2023,64-1,teste_55.csv,1,2022-11-23,6,1,1,0.8583681393077538,55,0.5818181818181818
knn,10,2022-2023,65-1,teste_56.csv,1,2022-11-23,6,0,1,1.0,56,0.5714285714285714
knn,10,2022-2023,66-1,teste_57.csv,1,2022-11-23,6,0,0,0.3333333333333333,57,0.5789473684210527
knn,10,2022-2023,67-1,teste_58.csv,1,2022-11-25,6,0,1,0.7936345167535733,58,0.5689655172413793
knn,10,2022-2023,68-1,teste_59.csv,1,2022-11-25,6,1,1,0.8595059124448673,59,0.576271186440678
knn,10,2022-2023,69-1,teste_60.csv,1,2022-11-25,6,0,0,0.4,60,0.5833333333333334
knn,10,2022-2023,70-1,teste_61.csv,1,2022-11-25,6,1,0,0.425608158431646,61,0.5737704918032787
knn,10,2022-2023,71-1,teste_62.csv,1,2022-11-26,6,0,0,0.3843707514472597,62,0.5806451612903226
knn,10,2022-2023,72-1,teste_63.csv,1,2022-11-26,6,0,1,0.6923938938381173,63,0.5714285714285714
knn,10,2022-2023,73-1,teste_64.csv,1,2022-11-27,7,0,1,0.7610493248687716,64,0.5625
knn,10,2022-2023,74-1,teste_65.csv,1,2022-11-29,7,1,1,0.8237771749649929,65,0.5692307692307692
knn,10,2022-2023,75-1,teste_66.csv,1,2022-11-29,7,1,1,0.738830210199936,66,0.5757575757575758
knn,10,2022-2023,76-1,teste_67.csv,1,2022-11-30,7,1,0,0.2664353994682338,67,0.5671641791044776
knn,10,2022-2023,77-1,teste_68.csv,1,2022-12-01,7,1,1,0.8307633274057314,68,0.5735294117647058
knn,10,2022-2023,78-1,teste_69.csv,1,2022-12-01,7,1,1,0.7751644007620635,69,0.5797101449275363
knn,10,2022-2023,79-1,teste_70.csv,1,2022-12-01,7,0,1,1.0,70,0.5714285714285714
knn,10,2022-2023,80-1,teste_71.csv,1,2022-12-01,7,1,1,1.0,71,0.5774647887323944
knn,10,2022-2023,81-1,teste_72.csv,1,2022-12-03,7,1,0,0.2857142857142857,72,0.5694444444444444
knn,10,2022-2023,82-1,teste_73.csv,1,2022-12-03,7,0,1,0.8571428571428571,73,0.5616438356164384
knn,10,2022-2023,83-1,teste_74.csv,1,2022-12-03,7,1,1,1.0,74,0.5675675675675675
knn,10,2022-2023,84-1,teste_75.csv,1,2022-12-03,7,1,1,1.0,75,0.5733333333333334
knn,10,2022-2023,85-1,teste_76.csv,1,2022-12-03,7,0,1,0.6666666666666666,76,0.5657894736842105
knn,10,2022-2023,86-1,teste_77.csv,1,2022-12-06,8,0,1,0.5555555555555556,77,0.5584415584415584
knn,10,2022-2023,87-1,teste_78.csv,1,2022-12-06,8,0,0,0.3333333333333333,78,0.5641025641025641
knn,10,2022-2023,88-1,teste_79.csv,1,2022-12-08,8,1,1,0.8888888888888888,79,0.569620253164557
knn,10,2022-2023,89-1,teste_80.csv,1,2022-12-08,8,0,0,0.0,80,0.575
knn,10,2022-2023,90-1,teste_81.csv,1,2022-12-08,8,0,0,0.3333333333333333,81,0.5802469135802469
knn,10,2022-2023,91-1,teste_82.csv,1,2022-12-08,8,0,0,0.3636363636363636,82,0.5853658536585366
knn,10,2022-2023,92-1,teste_83.csv,1,2022-12-10,8,1,0,0.3737647461718613,83,0.5783132530120482
knn,10,2022-2023,93-1,teste_84.csv,1,2022-12-10,8,0,0,0.3333333333333333,84,0.5833333333333334
knn,10,2022-2023,94-1,teste_85.csv,1,2022-12-10,8,0,0,0.2727272727272727,85,0.5882352941176471
knn,10,2022-2023,95-1,teste_86.csv,1,2022-12-13,9,1,1,1.0,86,0.5930232558139535
knn,10,2022-2023,96-1,teste_87.csv,1,2022-12-13,9,0,0,0.3333333333333333,87,0.5977011494252874
knn,10,2022-2023,97-1,teste_88.csv,1,2022-12-13,9,0,0,0.3333333333333333,88,0.6022727272727273
knn,10,2022-2023,100-1,teste_91.csv,1,2022-12-15,9,0,0,0.4,89,0.6067415730337079
knn,10,2022-2023,101-1,teste_92.csv,1,2022-12-15,9,1,1,0.6,90,0.6111111111111112
knn,10,2022-2023,98-1,teste_89.csv,1,2022-12-15,9,1,1,0.6666666666666666,91,0.6153846153846154
knn,10,2022-2023,99-1,teste_90.csv,1,2022-12-15,9,1,0,0.0,92,0.6086956521739131
knn,10,2022-2023,102-1,teste_93.csv,1,2022-12-17,9,0,0,0.2,93,0.6129032258064516
knn,10,2022-2023,103-1,teste_94.csv,1,2022-12-19,10,0,0,0.4285714285714285,94,0.6170212765957447
knn,10,2022-2023,104-1,teste_95.csv,1,2022-12-19,10,1,0,0.0,95,0.6105263157894737
knn,10,2022-2023,105-1,teste_96.csv,1,2022-12-19,10,0,1,0.5714285714285714,96,0.6041666666666666
knn,10,2022-2023,106-1,teste_97.csv,1,2022-12-19,10,0,1,0.5555555555555556,97,0.5979381443298969
knn,10,2022-2023,107-1,teste_98.csv,1,2022-12-20,10,1,1,0.5714285714285714,98,0.6020408163265306
knn,10,2022-2023,108-1,teste_99.csv,1,2022-12-20,10,0,0,0.4285714285714285,99,0.6060606060606061
knn,10,2022-2023,109-1,teste_100.csv,1,2022-12-20,10,1,1,0.7142857142857143,100,0.61
knn,10,2022-2023,110-1,teste_101.csv,1,2022-12-20,10,0,0,0.4285714285714285,101,0.6138613861386139
knn,10,2022-2023,111-1,teste_102.csv,1,2022-12-21,10,0,0,0.3333333333333333,102,0.6176470588235294
knn,10,2022-2023,112-1,teste_103.csv,1,2022-12-21,10,1,0,0.1111111111111111,103,0.6116504854368932
knn,10,2022-2023,113-1,teste_104.csv,1,2022-12-21,10,1,1,0.6666666666666666,104,0.6153846153846154
knn,10,2022-2023,114-1,teste_105.csv,1,2022-12-21,10,1,1,0.6666666666666666,105,0.6190476190476191
knn,10,2022-2023,115-1,teste_106.csv,1,2022-12-22,10,0,0,0.3130258983254274,106,0.6226415094339622
knn,10,2022-2023,116-1,teste_107.csv,1,2022-12-22,10,1,0,0.3333333333333333,107,0.616822429906542
knn,10,2022-2023,117-1,teste_108.csv,1,2022-12-22,10,1,1,0.7272727272727273,108,0.6203703703703703
knn,10,2022-2023,118-1,teste_109.csv,1,2022-12-22,10,1,1,0.8181818181818182,109,0.6238532110091743
knn,10,2022-2023,119-1,teste_110.csv,1,2022-12-23,10,1,1,0.5454545454545454,110,0.6272727272727273
knn,10,2022-2023,120-1,teste_111.csv,1,2022-12-27,11,0,0,0.4545454545454545,111,0.6306306306306306
knn,10,2022-2023,121-1,teste_112.csv,1,2022-12-27,11,1,0,0.3636363636363636,112,0.625
knn,10,2022-2023,122-1,teste_113.csv,1,2022-12-27,11,1,1,0.8181818181818182,113,0.6283185840707964
knn,10,2022-2023,123-1,teste_114.csv,1,2022-12-29,11,0,1,0.5393203556111126,114,0.6228070175438597
knn,10,2022-2023,124-1,teste_115.csv,1,2022-12-29,11,1,1,0.8,115,0.6260869565217392
knn,10,2022-2023,125-1,teste_116.csv,1,2023-01-03,12,1,0,0.4545454545454545,116,0.6206896551724138
knn,10,2022-2023,126-1,teste_117.csv,1,2023-01-03,12,1,0,0.2727272727272727,117,0.6153846153846154
knn,10,2022-2023,127-1,teste_118.csv,1,2023-01-04,12,0,1,0.5454545454545454,118,0.6101694915254238
knn,10,2022-2023,128-1,teste_119.csv,1,2023-01-04,12,1,1,0.6363636363636364,119,0.6134453781512605
knn,10,2022-2023,129-1,teste_120.csv,1,2023-01-04,12,0,0,0.3636363636363636,120,0.6166666666666667
knn,10,2022-2023,130-1,teste_121.csv,1,2023-01-05,12,0,1,0.6363636363636364,121,0.6115702479338843
knn,10,2022-2023,131-1,teste_122.csv,1,2023-01-05,12,0,1,0.6666666666666666,122,0.6065573770491803
knn,10,2022-2023,132-1,teste_123.csv,1,2023-01-05,12,0,0,0.4545454545454545,123,0.6097560975609756
knn,10,2022-2023,133-1,teste_124.csv,1,2023-01-06,12,1,1,0.7272727272727273,124,0.6129032258064516
knn,10,2022-2023,134-1,teste_125.csv,1,2023-01-06,12,0,0,0.3636363636363636,125,0.616
knn,10,2022-2023,135-1,teste_126.csv,1,2023-01-06,12,0,0,0.1818181818181818,126,0.6190476190476191
knn,10,2022-2023,136-1,teste_127.csv,1,2023-01-08,1,1,1,0.6,127,0.6220472440944882
knn,10,2022-2023,137-1,teste_128.csv,1,2023-01-09,1,0,0,0.3333333333333333,128,0.625
knn,10,2022-2023,138-1,teste_129.csv,1,2023-01-09,1,0,1,1.0,129,0.6201550387596899
knn,10,2022-2023,139-1,teste_130.csv,1,2023-01-10,1,1,1,1.0,130,0.6230769230769231
knn,10,2022-2023,140-1,teste_131.csv,1,2023-01-10,1,1,0,0.3333333333333333,131,0.6183206106870229
knn,10,2022-2023,141-1,teste_132.csv,1,2023-01-10,1,1,1,0.6666666666666666,132,0.6212121212121212
knn,10,2022-2023,142-1,teste_133.csv,1,2023-01-10,1,1,1,0.6666666666666666,133,0.6240601503759399
knn,10,2022-2023,143-1,teste_134.csv,1,2023-01-11,1,0,1,0.6666666666666666,134,0.6194029850746269
knn,10,2022-2023,144-1,teste_135.csv,1,2023-01-11,1,1,0,0.3333333333333333,135,0.6148148148148148
knn,10,2022-2023,145-1,teste_136.csv,1,2023-01-12,1,1,1,0.6666666666666666,136,0.6176470588235294
knn,10,2022-2023,146-1,teste_137.csv,1,2023-01-12,1,1,0,0.3333333333333333,137,0.6131386861313869
knn,10,2022-2023,147-1,teste_138.csv,1,2023-01-13,1,1,1,0.6666666666666666,138,0.6159420289855072
knn,10,2022-2023,148-1,teste_139.csv,1,2023-01-13,1,0,0,0.3333333333333333,139,0.6187050359712231
knn,10,2022-2023,149-1,teste_140.csv,1,2023-01-14,1,0,0,0.0,140,0.6214285714285714
knn,10,2022-2023,150-1,teste_141.csv,1,2023-01-16,2,1,1,0.6666666666666666,141,0.624113475177305
knn,10,2022-2023,151-1,teste_142.csv,1,2023-01-16,2,1,1,0.6666666666666666,142,0.6267605633802817
knn,10,2022-2023,152-1,teste_143.csv,1,2023-01-16,2,0,1,0.6666666666666666,143,0.6223776223776224
knn,10,2022-2023,153-1,teste_144.csv,1,2023-01-17,2,0,0,0.3333333333333333,144,0.625
knn,10,2022-2023,154-1,teste_145.csv,1,2023-01-17,2,0,0,0.0,145,0.6275862068965518
knn,10,2022-2023,155-1,teste_146.csv,1,2023-01-17,2,0,0,0.3333333333333333,146,0.6301369863013698
knn,10,2022-2023,156-1,teste_147.csv,1,2023-01-18,2,1,1,0.6666666666666666,147,0.6326530612244898
knn,10,2022-2023,157-1,teste_148.csv,1,2023-01-18,2,1,1,1.0,148,0.6351351351351351
knn,10,2022-2023,158-1,teste_149.csv,1,2023-01-18,2,0,0,0.0,149,0.6375838926174496
knn,10,2022-2023,159-1,teste_150.csv,1,2023-01-19,2,1,1,1.0,150,0.64
knn,10,2022-2023,160-1,teste_151.csv,1,2023-01-19,2,1,1,1.0,151,0.6423841059602649
knn,10,2022-2023,161-1,teste_152.csv,1,2023-01-30,2,0,0,0.3333333333333333,152,0.6447368421052632
knn,10,2022-2023,162-1,teste_153.csv,1,2023-01-30,2,0,1,0.8,153,0.6405228758169934
knn,10,2022-2023,163-1,teste_154.csv,1,2023-01-30,3,0,0,0.4,154,0.6428571428571429
knn,10,2022-2023,164-1,teste_155.csv,1,2023-01-31,2,0,1,1.0,155,0.6387096774193548
knn,10,2022-2023,165-1,teste_156.csv,1,2023-01-31,2,0,0,0.2857142857142857,156,0.6410256410256411
knn,10,2022-2023,166-1,teste_157.csv,1,2023-01-31,2,1,1,1.0,157,0.643312101910828
knn,10,2022-2023,167-1,teste_158.csv,1,2023-02-01,2,0,0,0.0,158,0.6455696202531646
knn,10,2022-2023,168-1,teste_159.csv,1,2023-02-02,2,0,0,0.3333333333333333,159,0.6477987421383647
knn,10,2022-2023,169-1,teste_160.csv,1,2023-02-02,2,1,1,1.0,160,0.65
knn,10,2022-2023,170-1,teste_161.csv,1,2023-02-02,2,0,0,0.3333333333333333,161,0.6521739130434783
knn,10,2022-2023,171-1,teste_162.csv,1,2023-02-03,2,0,0,0.4342193756868901,162,0.654320987654321
knn,10,2022-2023,172-1,teste_163.csv,1,2023-02-04,2,1,1,0.6666666666666666,163,0.656441717791411
knn,10,2022-2023,173-1,teste_164.csv,1,2023-02-04,2,0,0,0.0,164,0.6585365853658537
knn,10,2022-2023,174-1,teste_165.csv,1,2023-02-06,3,1,1,0.6666666666666666,165,0.6606060606060606
knn,10,2022-2023,175-1,teste_166.csv,1,2023-02-06,3,1,0,0.3333333333333333,166,0.6566265060240963
knn,10,2022-2023,176-1,teste_167.csv,1,2023-02-06,3,1,0,0.0,167,0.6526946107784432
knn,10,2022-2023,177-1,teste_168.csv,1,2023-02-07,3,0,1,0.7883485245446091,168,0.6488095238095238
knn,10,2022-2023,178-1,teste_169.csv,1,2023-02-09,3,1,1,0.5525492021073114,169,0.650887573964497
knn,10,2022-2023,179-1,teste_170.csv,1,2023-02-09,3,1,1,0.8002301199794702,170,0.6529411764705882
knn,10,2022-2023,180-1,teste_171.csv,1,2023-02-10,3,1,0,0.3537435774141887,171,0.6491228070175439
knn,10,2022-2023,181-1,teste_172.csv,1,2023-02-11,3,1,1,0.6363636363636364,172,0.6511627906976745
knn,10,2022-2023,182-1,teste_173.csv,1,2023-02-12,4,0,1,0.6363636363636364,173,0.6473988439306358
knn,10,2022-2023,183-1,teste_174.csv,1,2023-02-12,4,0,0,0.3636363636363636,174,0.6494252873563219
knn,10,2022-2023,184-1,teste_175.csv,1,2023-02-13,4,1,1,0.6,175,0.6514285714285715
knn,10,2022-2023,185-1,teste_176.csv,1,2023-02-14,4,1,1,0.8,176,0.6534090909090909
knn,10,2022-2023,186-1,teste_177.csv,1,2023-02-14,4,0,1,0.6,177,0.6497175141242938
knn,10,2022-2023,187-1,teste_178.csv,1,2023-02-14,4,0,0,0.2617040824241772,178,0.651685393258427
knn,10,2022-2023,188-1,teste_179.csv,1,2023-02-14,4,1,0,0.3094726543786915,179,0.6480446927374302
knn,10,2022-2023,189-1,teste_180.csv,1,2023-02-15,4,1,1,0.6063027309600713,180,0.65
knn,10,2022-2023,190-1,teste_181.csv,1,2023-02-15,4,1,0,0.4536051104553049,181,0.6464088397790055
knn,10,2022-2023,191-1,teste_182.csv,1,2023-02-16,4,0,0,0.3988785273515459,182,0.6483516483516484
knn,10,2022-2023,192-1,teste_183.csv,1,2023-02-16,4,1,0,0.4133389614350418,183,0.644808743169399
knn,10,2022-2023,193-1,teste_184.csv,1,2023-02-16,4,0,0,0.3333333333333333,184,0.6467391304347826
knn,10,2022-2023,195-1,teste_186.csv,1,2023-02-17,3,0,1,1.0,185,0.6432432432432432
knn,10,2022-2023,194-1,teste_185.csv,1,2023-02-17,4,1,1,0.733447583092675,186,0.6451612903225806
knn,10,2022-2023,196-1,teste_187.csv,1,2023-02-18,4,1,1,0.6666666666666666,187,0.6470588235294118
knn,10,2022-2023,197-1,teste_188.csv,1,2023-02-18,4,1,0,0.3777511145565105,188,0.6436170212765957
knn,10,2022-2023,198-1,teste_189.csv,1,2023-03-01,5,1,1,0.5847147687039724,189,0.6455026455026455
knn,10,2022-2023,199-1,teste_190.csv,1,2023-03-01,5,1,1,1.0,190,0.6473684210526316
knn,10,2022-2023,200-1,teste_191.csv,1,2023-03-02,5,0,1,0.5626074518138012,191,0.643979057591623
knn,10,2022-2023,201-1,teste_192.csv,1,2023-03-02,5,0,1,0.6073353861385425,192,0.640625
knn,10,2022-2023,202-1,teste_193.csv,1,2023-03-02,5,0,1,0.5667067977802552,193,0.6373056994818653
knn,10,2022-2023,203-1,teste_194.csv,1,2023-03-02,5,1,1,0.7483692974133616,194,0.6391752577319587
knn,10,2022-2023,204-1,teste_195.csv,1,2023-03-03,5,0,1,0.5897528199794538,195,0.6358974358974359
knn,10,2022-2023,205-1,teste_196.csv,1,2023-03-04,5,0,0,0.4077070125887376,196,0.6377551020408163
knn,10,2022-2023,206-1,teste_197.csv,1,2023-03-04,5,1,0,0.4213369469372643,197,0.6345177664974619
knn,10,2022-2023,207-1,teste_198.csv,1,2023-03-04,5,0,1,0.5501874355765876,198,0.6313131313131313
knn,10,2022-2023,208-1,teste_199.csv,1,2023-03-04,5,1,0,0.4016143363023772,199,0.628140703517588
knn,10,2022-2023,209-1,teste_200.csv,1,2023-03-06,6,1,1,0.7330559879762222,200,0.63
knn,10,2022-2023,210-1,teste_201.csv,1,2023-03-06,6,1,0,0.137791240039945,201,0.6268656716417911
knn,10,2022-2023,211-1,teste_202.csv,1,2023-03-06,6,0,0,0.2857142857142857,202,0.6287128712871287
knn,10,2022-2023,212-1,teste_203.csv,1,2023-03-07,6,1,1,0.5139633401704625,203,0.6305418719211823
knn,10,2022-2023,213-1,teste_204.csv,1,2023-03-09,6,1,0,0.2,204,0.6274509803921569
knn,10,2022-2023,214-1,teste_205.csv,1,2023-03-09,6,1,1,0.8,205,0.6292682926829268
knn,10,2022-2023,215-1,teste_206.csv,1,2023-03-09,6,1,0,0.2,206,0.6262135922330098
knn,10,2022-2023,216-1,teste_207.csv,1,2023-03-10,6,1,1,0.7272727272727273,207,0.6280193236714976
knn,10,2022-2023,217-1,teste_208.csv,1,2023-03-10,6,1,0,0.4285714285714285,208,0.625
knn,10,2022-2023,218-1,teste_209.csv,1,2023-03-11,6,1,1,0.7142857142857143,209,0.6267942583732058
knn,10,2022-2023,219-1,teste_210.csv,1,2023-03-11,6,1,1,0.7272727272727273,210,0.6285714285714286
knn,10,2022-2023,220-1,teste_211.csv,1,2023-03-11,6,1,1,0.8181818181818182,211,0.6303317535545023
knn,10,2022-2023,221-1,teste_212.csv,1,2023-03-13,7,1,1,0.8888888888888888,212,0.6320754716981132
knn,10,2022-2023,222-1,teste_213.csv,1,2023-03-13,7,1,1,0.7777777777777778,213,0.6338028169014085
knn,10,2022-2023,223-1,teste_214.csv,1,2023-03-14,7,1,1,0.5555555555555556,214,0.6355140186915887
knn,10,2022-2023,224-1,teste_215.csv,1,2023-03-21,7,0,0,0.3333333333333333,215,0.6372093023255814
knn,10,2022-2023,225-1,teste_216.csv,1,2023-03-21,7,1,1,0.7777777777777778,216,0.6388888888888888
knn,10,2022-2023,226-1,teste_217.csv,1,2023-03-22,7,0,1,0.6666666666666666,217,0.6359447004608295
knn,10,2022-2023,227-1,teste_218.csv,1,2023-03-22,7,0,1,0.6666666666666666,218,0.6330275229357798
knn,10,2022-2023,228-1,teste_219.csv,1,2023-03-22,7,1,0,0.4444444444444444,219,0.6301369863013698
knn,10,2022-2023,229-1,teste_220.csv,1,2023-03-23,7,0,0,0.3636363636363636,220,0.6318181818181818
knn,10,2022-2023,230-1,teste_221.csv,1,2023-03-23,7,0,1,0.5555555555555556,221,0.6289592760180995
knn,10,2022-2023,231-1,teste_222.csv,1,2023-03-23,7,0,1,0.5555555555555556,222,0.6261261261261262
knn,10,2022-2023,232-1,teste_223.csv,1,2023-03-24,7,0,1,0.5555555555555556,223,0.6233183856502242
knn,10,2022-2023,233-1,teste_224.csv,1,2023-03-24,7,0,0,0.3636363636363636,224,0.625
knn,10,2022-2023,234-1,teste_225.csv,1,2023-03-24,7,1,0,0.2222222222222222,225,0.6222222222222222
knn,10,2022-2023,235-1,teste_226.csv,1,2023-03-25,7,0,0,0.4545454545454545,226,0.6238938053097345
knn,10,2022-2023,236-1,teste_227.csv,1,2023-03-27,8,0,0,0.4545454545454545,227,0.6255506607929515
knn,10,2022-2023,237-1,teste_228.csv,1,2023-03-27,8,1,1,0.5454545454545454,228,0.6271929824561403
knn,10,2022-2023,238-1,teste_229.csv,1,2023-03-28,8,1,1,1.0,229,0.62882096069869
knn,10,2022-2023,239-1,teste_230.csv,1,2023-03-28,8,1,0,0.3636363636363636,230,0.6260869565217392
knn,10,2022-2023,240-1,teste_231.csv,1,2023-03-29,8,1,0,0.4545454545454545,231,0.6233766233766234
knn,10,2022-2023,241-1,teste_232.csv,1,2023-03-30,8,1,0,0.4444444444444444,232,0.6206896551724138
knn,10,2022-2023,242-1,teste_233.csv,1,2023-03-30,8,0,0,0.4444444444444444,233,0.6223175965665236
knn,10,2022-2023,243-1,teste_234.csv,1,2023-03-30,8,0,1,0.6666666666666666,234,0.6196581196581197
knn,10,2022-2023,244-1,teste_235.csv,1,2023-03-31,8,0,1,0.783519808707345,235,0.6170212765957447
knn,10,2022-2023,245-1,teste_236.csv,1,2023-04-01,8,1,1,0.904683399023619,236,0.6186440677966102
knn,10,2022-2023,246-1,teste_237.csv,1,2023-04-01,8,1,1,0.8050698742313512,237,0.620253164556962
knn,10,2022-2023,247-1,teste_238.csv,1,2023-04-01,8,0,1,0.7726056680547384,238,0.6176470588235294
knn,10,2022-2023,248-1,teste_239.csv,1,2023-04-03,9,1,1,0.6282734557800437,239,0.6192468619246861
knn,10,2022-2023,249-1,teste_240.csv,1,2023-04-03,9,0,0,0.3239520837302114,240,0.6208333333333333
knn,10,2022-2023,250-1,teste_241.csv,1,2023-04-04,9,0,0,0.0,241,0.6224066390041494
knn,10,2022-2023,251-1,teste_242.csv,1,2023-04-05,9,1,1,0.5454545454545454,242,0.6239669421487604
knn,10,2022-2023,252-1,teste_243.csv,1,2023-04-05,9,1,1,0.7272727272727273,243,0.6255144032921811
knn,10,2022-2023,253-1,teste_244.csv,1,2023-04-06,9,1,0,0.1818181818181818,244,0.6229508196721312
knn,10,2022-2023,254-1,teste_245.csv,1,2023-04-06,9,0,0,0.1818181818181818,245,0.6244897959183674
knn,10,2022-2023,255-1,teste_246.csv,1,2023-04-07,9,1,1,0.5454545454545454,246,0.6260162601626016
knn,10,2022-2023,256-1,teste_247.csv,1,2023-04-08,9,1,1,0.6363636363636364,247,0.6275303643724697
knn,10,2022-2023,257-1,teste_248.csv,1,2023-04-08,9,0,0,0.2727272727272727,248,0.6290322580645161
knn,10,2022-2023,258-1,teste_249.csv,1,2023-04-08,9,0,0,0.2222222222222222,249,0.6305220883534136
knn,10,2022-2023,259-1,teste_250.csv,1,2023-04-08,9,1,1,0.7777777777777778,250,0.632
knn,10,2022-2023,260-1,teste_251.csv,1,2023-04-10,10,1,1,0.7777777777777778,251,0.6334661354581673
knn,10,2022-2023,261-1,teste_252.csv,1,2023-04-10,10,1,1,0.6363636363636364,252,0.6349206349206349
knn,10,2022-2023,262-1,teste_253.csv,1,2023-04-10,10,1,1,0.7272727272727273,253,0.6363636363636364
knn,10,2022-2023,263-1,teste_254.csv,1,2023-04-11,10,1,1,0.8181818181818182,254,0.6377952755905512
knn,10,2022-2023,264-1,teste_255.csv,1,2023-04-12,10,0,1,0.7272727272727273,255,0.6352941176470588
knn,10,2022-2023,265-1,teste_256.csv,1,2023-04-12,10,0,0,0.3636363636363636,256,0.63671875
knn,10,2022-2023,266-1,teste_257.csv,1,2023-04-13,10,1,1,0.8181818181818182,257,0.6381322957198443
knn,10,2022-2023,267-1,teste_258.csv,1,2023-04-13,10,1,1,0.6363636363636364,258,0.6395348837209303
knn,10,2022-2023,268-1,teste_259.csv,1,2023-04-14,10,1,1,0.5454545454545454,259,0.640926640926641
knn,10,2022-2023,269-1,teste_260.csv,1,2023-04-15,10,1,1,0.5555555555555556,260,0.6423076923076924
knn,10,2022-2023,270-1,teste_261.csv,1,2023-04-15,10,1,1,0.7777777777777778,261,0.6436781609195402
knn,10,2022-2023,271-1,teste_262.csv,1,2023-04-17,1,0,1,0.5555555555555556,262,0.6412213740458015
knn,10,2022-2023,272-1,teste_263.csv,1,2023-04-18,1,1,0,0.4285714285714285,263,0.6387832699619772
knn,10,2022-2023,273-1,teste_264.csv,1,2023-04-18,1,0,0,0.2857142857142857,264,0.6401515151515151
knn,10,2022-2023,274-1,teste_265.csv,1,2023-04-19,1,1,0,0.4285714285714285,265,0.6377358490566037
knn,10,2022-2023,275-1,teste_266.csv,1,2023-04-20,2,0,0,0.4444444444444444,266,0.6390977443609023
knn,10,2022-2023,276-1,teste_267.csv,1,2023-04-21,2,1,1,0.5714285714285714,267,0.6404494382022472
knn,10,2022-2023,277-1,teste_268.csv,1,2023-04-21,3,1,0,0.0,268,0.6380597014925373
knn,10,2022-2023,278-1,teste_269.csv,1,2023-04-22,2,1,1,1.0,269,0.6394052044609665
knn,10,2022-2023,279-1,teste_270.csv,1,2023-04-22,2,0,0,0.1428571428571428,270,0.6407407407407407
knn,10,2022-2023,280-1,teste_271.csv,1,2023-04-23,3,1,1,0.5714285714285714,271,0.6420664206642066
knn,10,2022-2023,281-1,teste_272.csv,1,2023-04-27,1,1,1,0.7142857142857143,272,0.6433823529411765
knn,10,2022-2023,282-1,teste_273.csv,1,2023-04-27,1,1,1,0.8571428571428571,273,0.6446886446886447
knn,10,2022-2023,283-1,teste_274.csv,1,2023-04-28,1,1,0,0.4285714285714285,274,0.6423357664233577
knn,10,2022-2023,284-1,teste_275.csv,1,2023-04-29,1,0,1,0.5714285714285714,275,0.64
knn,10,2022-2023,285-1,teste_276.csv,1,2023-04-30,2,1,1,1.0,276,0.6413043478260869
knn,10,2022-2023,286-1,teste_277.csv,1,2023-05-01,2,1,1,0.7777777777777778,277,0.6425992779783394
knn,10,2022-2023,287-1,teste_278.csv,1,2023-05-01,2,0,0,0.4,278,0.6438848920863309
knn,10,2022-2023,288-1,teste_279.csv,1,2023-05-02,2,0,0,0.0,279,0.6451612903225806
knn,10,2022-2023,289-1,teste_280.csv,1,2023-05-02,3,0,1,1.0,280,0.6428571428571429
knn,10,2022-2023,290-1,teste_281.csv,1,2023-05-03,3,1,0,0.4,281,0.6405693950177936
knn,10,2022-2023,291-1,teste_282.csv,1,2023-05-03,3,0,1,0.8,282,0.6382978723404256
knn,10,2022-2023,292-1,teste_283.csv,1,2023-05-04,3,1,0,0.2,283,0.6360424028268551
knn,10,2022-2023,293-1,teste_284.csv,1,2023-05-06,4,1,1,0.8,284,0.6373239436619719
knn,10,2022-2023,294-1,teste_285.csv,1,2023-05-06,4,1,1,0.6,285,0.6385964912280702
knn,10,2022-2023,295-1,teste_286.csv,1,2023-05-07,4,0,1,1.0,286,0.6363636363636364
knn,10,2022-2023,296-1,teste_287.csv,1,2023-05-07,4,1,1,0.6,287,0.6376306620209059
knn,10,2022-2023,297-1,teste_288.csv,1,2023-05-09,5,1,1,0.6,288,0.6388888888888888
knn,10,2022-2023,298-1,teste_289.csv,1,2023-05-09,5,1,1,0.6,289,0.6401384083044983
knn,10,2022-2023,299-1,teste_290.csv,1,2023-05-12,1,0,1,0.8,290,0.6379310344827587
knn,10,2022-2023,300-1,teste_291.csv,1,2023-05-13,1,1,1,0.6,291,0.6391752577319587
knn,10,2022-2023,301-1,teste_292.csv,1,2023-05-15,2,1,1,0.8,292,0.6404109589041096
knn,10,2022-2023,302-1,teste_293.csv,1,2023-05-16,2,1,0,0.4,293,0.6382252559726962
knn,10,2022-2023,303-1,teste_294.csv,1,2023-05-17,3,1,1,0.8,294,0.6394557823129252
knn,10,2022-2023,304-1,teste_295.csv,1,2023-05-18,3,0,1,0.6666666666666666,295,0.6372881355932203
knn,10,2022-2023,305-1,teste_296.csv,1,2023-05-21,4,0,1,0.6666666666666666,296,0.6351351351351351
knn,10,2022-2023,306-1,teste_297.csv,1,2023-05-23,5,1,1,0.6,297,0.6363636363636364
knn,10,2022-2023,307-1,teste_298.csv,1,2023-05-27,1,0,1,0.6,298,0.6342281879194631
knn,10,2022-2023,308-1,teste_299.csv,1,2023-05-31,2,0,1,0.6,299,0.6321070234113713
knn,10,2022-2023,309-1,teste_300.csv,1,2023-06-03,3,0,1,0.6,300,0.63
knn,10,2022-2023,310-1,teste_301.csv,1,2023-06-08,4,0,1,0.6,301,0.627906976744186
knn,10,2023-2024,10-1,teste_1.csv,1,2023-10-24,2,1,0,0.0,1,0.0
knn,10,2023-2024,11-1,teste_2.csv,1,2023-10-24,2,0,1,0.6368338833492493,2,0.0
knn,10,2023-2024,12-1,teste_3.csv,1,2023-10-24,2,0,0,0.3333333333333333,3,0.3333333333333333
knn,10,2023-2024,13-1,teste_4.csv,1,2023-10-25,2,0,0,0.2,4,0.5
knn,10,2023-2024,14-1,teste_5.csv,1,2023-10-25,2,0,0,0.0,5,0.6
knn,10,2023-2024,15-1,teste_6.csv,1,2023-10-26,2,1,0,0.3264433244525168,6,0.5
knn,10,2023-2024,16-1,teste_7.csv,1,2023-10-26,2,1,1,0.6666666666666666,7,0.5714285714285714
knn,10,2023-2024,17-1,teste_8.csv,1,2023-10-27,2,0,1,1.0,8,0.5
knn,10,2023-2024,18-1,teste_9.csv,1,2023-10-27,2,0,1,0.6,9,0.4444444444444444
knn,10,2023-2024,19-1,teste_10.csv,1,2023-10-28,2,1,0,0.3333333333333333,10,0.4
knn,10,2023-2024,20-1,teste_11.csv,1,2023-10-30,3,0,1,0.6,11,0.3636363636363636
knn,10,2023-2024,21-1,teste_12.csv,1,2023-10-30,3,1,1,0.8,12,0.4166666666666667
knn,10,2023-2024,22-1,teste_13.csv,1,2023-10-31,3,1,1,0.6,13,0.4615384615384615
knn,10,2023-2024,23-1,teste_14.csv,1,2023-10-31,3,1,0,0.4,14,0.4285714285714285
knn,10,2023-2024,24-1,teste_15.csv,1,2023-11-01,3,0,1,0.6,15,0.4
knn,10,2023-2024,25-1,teste_16.csv,1,2023-11-02,3,1,1,0.6,16,0.4375
knn,10,2023-2024,26-1,teste_17.csv,1,2023-11-02,3,1,1,0.6,17,0.4705882352941176
knn,10,2023-2024,27-1,teste_18.csv,1,2023-11-03,3,0,1,0.7142857142857143,18,0.4444444444444444
knn,10,2023-2024,28-1,teste_19.csv,1,2023-11-04,3,0,0,0.4285714285714285,19,0.4736842105263157
knn,10,2023-2024,29-1,teste_20.csv,1,2023-11-04,3,1,0,0.4285714285714285,20,0.45
knn,10,2023-2024,30-1,teste_21.csv,1,2023-11-06,4,1,1,0.5454545454545454,21,0.4761904761904761
knn,10,2023-2024,31-1,teste_22.csv,1,2023-11-06,4,1,1,0.5555555555555556,22,0.5
knn,10,2023-2024,32-1,teste_23.csv,1,2023-11-06,4,0,0,0.4059315629065876,23,0.5217391304347826
knn,10,2023-2024,33-1,teste_24.csv,1,2023-11-07,4,1,1,0.645943682244819,24,0.5416666666666666
knn,10,2023-2024,34-1,teste_25.csv,1,2023-11-07,4,1,1,0.8137407891627138,25,0.56
knn,10,2023-2024,35-1,teste_26.csv,1,2023-11-07,4,1,1,0.5734296128057602,26,0.5769230769230769
knn,10,2023-2024,36-1,teste_27.csv,1,2023-11-08,4,0,1,0.7978626536347063,27,0.5555555555555556
knn,10,2023-2024,37-1,teste_28.csv,1,2023-11-08,4,0,0,0.4285608416146301,28,0.5714285714285714
knn,10,2023-2024,38-1,teste_29.csv,1,2023-11-08,4,1,0,0.3333333333333333,29,0.5517241379310345
knn,10,2023-2024,39-1,teste_30.csv,1,2023-11-09,4,0,1,1.0,30,0.5333333333333333
knn,10,2023-2024,40-1,teste_31.csv,1,2023-11-09,4,1,1,0.6666666666666666,31,0.5483870967741935
knn,10,2023-2024,41-1,teste_32.csv,1,2023-11-09,4,0,1,0.6666666666666666,32,0.53125
knn,10,2023-2024,42-1,teste_33.csv,1,2023-11-09,4,0,1,0.6666666666666666,33,0.5151515151515151
knn,10,2023-2024,43-1,teste_34.csv,1,2023-11-10,4,0,1,0.6666666666666666,34,0.5
knn,10,2023-2024,44-1,teste_35.csv,1,2023-11-10,4,0,0,0.3333333333333333,35,0.5142857142857142
knn,10,2023-2024,45-1,teste_36.csv,1,2023-11-10,4,0,0,0.0,36,0.5277777777777778
knn,10,2023-2024,46-1,teste_37.csv,1,2023-11-11,4,0,0,0.3333333333333333,37,0.5405405405405406
knn,10,2023-2024,47-1,teste_38.csv,1,2023-11-11,4,1,1,0.6666666666666666,38,0.5526315789473685
knn,10,2023-2024,48-1,teste_39.csv,1,2023-11-12,5,1,1,0.6666666666666666,39,0.5641025641025641
knn,10,2023-2024,49-1,teste_40.csv,1,2023-11-13,5,1,1,0.6666666666666666,40,0.575
knn,10,2023-2024,50-1,teste_41.csv,1,2023-11-13,5,0,1,1.0,41,0.5609756097560976
knn,10,2023-2024,51-1,teste_42.csv,1,2023-11-13,5,1,1,1.0,42,0.5714285714285714
knn,10,2023-2024,52-1,teste_43.csv,1,2023-11-14,5,1,1,0.6666666666666666,43,0.5813953488372093
knn,10,2023-2024,53-1,teste_44.csv,1,2023-11-14,5,1,1,1.0,44,0.5909090909090909
knn,10,2023-2024,54-1,teste_45.csv,1,2023-11-14,5,1,1,0.6666666666666666,45,0.6
knn,10,2023-2024,55-1,teste_46.csv,1,2023-11-15,5,1,1,0.6666666666666666,46,0.6086956521739131
knn,10,2023-2024,56-1,teste_47.csv,1,2023-11-15,5,0,1,1.0,47,0.5957446808510638
knn,10,2023-2024,57-1,teste_48.csv,1,2023-11-15,5,1,0,0.3333333333333333,48,0.5833333333333334
knn,10,2023-2024,58-1,teste_49.csv,1,2023-11-16,5,1,1,1.0,49,0.5918367346938775
knn,10,2023-2024,59-1,teste_50.csv,1,2023-11-16,5,1,1,1.0,50,0.6
knn,10,2023-2024,60-1,teste_51.csv,1,2023-11-16,5,1,0,0.3333333333333333,51,0.5882352941176471
knn,10,2023-2024,61-1,teste_52.csv,1,2023-11-17,5,0,1,0.6666666666666666,52,0.5769230769230769
knn,10,2023-2024,62-1,teste_53.csv,1,2023-11-17,5,0,1,0.6666666666666666,53,0.5660377358490566
knn,10,2023-2024,63-1,teste_54.csv,1,2023-11-17,5,0,1,1.0,54,0.5555555555555556
knn,10,2023-2024,64-1,teste_55.csv,1,2023-11-18,5,1,1,0.6666666666666666,55,0.5636363636363636
knn,10,2023-2024,65-1,teste_56.csv,1,2023-11-18,5,0,1,0.6666666666666666,56,0.5535714285714286
knn,10,2023-2024,66-1,teste_57.csv,1,2023-11-19,6,1,1,0.6666666666666666,57,0.5614035087719298
knn,10,2023-2024,67-1,teste_58.csv,1,2023-11-20,6,1,0,0.0,58,0.5517241379310345
knn,10,2023-2024,68-1,teste_59.csv,1,2023-11-20,6,1,0,0.3333333333333333,59,0.5423728813559322
knn,10,2023-2024,69-1,teste_60.csv,1,2023-11-20,6,1,1,1.0,60,0.55
knn,10,2023-2024,70-1,teste_61.csv,1,2023-11-21,6,1,1,1.0,61,0.5573770491803278
knn,10,2023-2024,71-1,teste_62.csv,1,2023-11-21,6,1,0,0.3333333333333333,62,0.5483870967741935
knn,10,2023-2024,72-1,teste_63.csv,1,2023-11-22,6,1,1,1.0,63,0.5555555555555556
knn,10,2023-2024,73-1,teste_64.csv,1,2023-11-22,6,1,1,0.6666666666666666,64,0.5625
knn,10,2023-2024,74-1,teste_65.csv,1,2023-11-22,6,1,0,0.3333333333333333,65,0.5538461538461539
knn,10,2023-2024,75-1,teste_66.csv,1,2023-11-23,6,1,1,0.6666666666666666,66,0.5606060606060606
knn,10,2023-2024,76-1,teste_67.csv,1,2023-11-23,6,1,1,1.0,67,0.5671641791044776
knn,10,2023-2024,77-1,teste_68.csv,1,2023-11-23,6,0,1,0.6666666666666666,68,0.5588235294117647
knn,10,2023-2024,78-1,teste_69.csv,1,2023-11-23,6,0,1,1.0,69,0.5507246376811594
knn,10,2023-2024,79-1,teste_70.csv,1,2023-11-23,6,1,1,0.8571428571428571,70,0.5571428571428572
knn,10,2023-2024,80-1,teste_71.csv,1,2023-11-24,6,1,1,1.0,71,0.5633802816901409
knn,10,2023-2024,81-1,teste_72.csv,1,2023-11-24,6,1,1,0.7142857142857143,72,0.5694444444444444
knn,10,2023-2024,82-1,teste_73.csv,1,2023-11-25,6,1,1,0.8571428571428571,73,0.5753424657534246
knn,10,2023-2024,83-1,teste_74.csv,1,2023-11-25,6,0,1,0.5714285714285714,74,0.5675675675675675
knn,10,2023-2024,84-1,teste_75.csv,1,2023-11-25,6,0,0,0.4,75,0.5733333333333334
knn,10,2023-2024,85-1,teste_76.csv,1,2023-11-27,7,1,1,1.0,76,0.5789473684210527
knn,10,2023-2024,86-1,teste_77.csv,1,2023-11-27,7,1,1,0.6,77,0.5844155844155844
knn,10,2023-2024,87-1,teste_78.csv,1,2023-11-28,7,1,1,1.0,78,0.5897435897435898
knn,10,2023-2024,88-1,teste_79.csv,1,2023-11-28,7,0,1,0.8,79,0.5822784810126582
knn,10,2023-2024,89-1,teste_80.csv,1,2023-11-28,7,0,1,0.6,80,0.575
knn,10,2023-2024,90-1,teste_81.csv,1,2023-11-29,7,1,1,0.8,81,0.5802469135802469
knn,10,2023-2024,91-1,teste_82.csv,1,2023-11-29,7,1,1,0.8,82,0.5853658536585366
knn,10,2023-2024,92-1,teste_83.csv,1,2023-11-29,7,0,1,1.0,83,0.5783132530120482
knn,10,2023-2024,93-1,teste_84.csv,1,2023-11-30,7,1,1,1.0,84,0.5833333333333334
knn,10,2023-2024,94-1,teste_85.csv,1,2023-11-30,7,1,1,1.0,85,0.5882352941176471
knn,10,2023-2024,95-1,teste_86.csv,1,2023-11-30,7,0,0,0.3333333333333333,86,0.5930232558139535
knn,10,2023-2024,96-1,teste_87.csv,1,2023-11-30,7,0,0,0.0,87,0.5977011494252874
knn,10,2023-2024,97-1,teste_88.csv,1,2023-12-01,7,1,1,0.7777777777777778,88,0.6022727272727273
knn,10,2023-2024,98-1,teste_89.csv,1,2023-12-01,7,0,1,0.7777777777777778,89,0.5955056179775281
knn,10,2023-2024,100-1,teste_91.csv,1,2023-12-02,7,0,1,0.5555555555555556,90,0.5888888888888889
knn,10,2023-2024,101-1,teste_92.csv,1,2023-12-02,7,1,1,1.0,91,0.5934065934065934
knn,10,2023-2024,99-1,teste_90.csv,1,2023-12-02,7,1,1,0.6666666666666666,92,0.5978260869565217
knn,10,2023-2024,102-1,teste_93.csv,1,2023-12-04,8,0,0,0.3333333333333333,93,0.6021505376344086
knn,10,2023-2024,103-1,teste_94.csv,1,2023-12-04,8,0,1,0.8,94,0.5957446808510638
knn,10,2023-2024,104-1,teste_95.csv,1,2023-12-04,8,1,1,0.8,95,0.6
knn,10,2023-2024,105-1,teste_96.csv,1,2023-12-05,8,0,1,0.6,96,0.59375
knn,10,2023-2024,106-1,teste_97.csv,1,2023-12-05,8,0,1,1.0,97,0.5876288659793815
knn,10,2023-2024,107-1,teste_98.csv,1,2023-12-06,8,0,1,0.7272727272727273,98,0.5816326530612245
knn,10,2023-2024,108-1,teste_99.csv,1,2023-12-06,8,1,1,0.8,99,0.5858585858585859
knn,10,2023-2024,109-1,teste_100.csv,1,2023-12-06,8,0,1,0.8,100,0.58
knn,10,2023-2024,110-1,teste_101.csv,1,2023-12-07,8,0,0,0.4285714285714285,101,0.5841584158415841
knn,10,2023-2024,111-1,teste_102.csv,1,2023-12-07,8,1,1,0.7272727272727273,102,0.5882352941176471
knn,10,2023-2024,112-1,teste_103.csv,1,2023-12-07,8,1,1,0.5454545454545454,103,0.5922330097087378
knn,10,2023-2024,113-1,teste_104.csv,1,2023-12-07,8,1,1,0.5454545454545454,104,0.5961538461538461
knn,10,2023-2024,114-1,teste_105.csv,1,2023-12-08,8,0,1,0.7272727272727273,105,0.5904761904761905
knn,10,2023-2024,115-1,teste_106.csv,1,2023-12-08,8,1,1,0.6,106,0.5943396226415094
knn,10,2023-2024,116-1,teste_107.csv,1,2023-12-09,8,0,1,0.8,107,0.5887850467289719
knn,10,2023-2024,117-1,teste_108.csv,1,2023-12-09,8,1,0,0.4285714285714285,108,0.5833333333333334
knn,10,2023-2024,118-1,teste_109.csv,1,2023-12-09,8,1,1,0.8,109,0.5871559633027523
knn,10,2023-2024,119-1,teste_110.csv,1,2023-12-09,8,1,1,0.8,110,0.5909090909090909
knn,10,2023-2024,120-1,teste_111.csv,1,2023-12-09,8,0,1,0.8,111,0.5855855855855856
knn,10,2023-2024,121-1,teste_112.csv,1,2023-12-11,9,0,0,0.2,112,0.5892857142857143
knn,10,2023-2024,122-1,teste_113.csv,1,2023-12-11,9,1,0,0.4,113,0.584070796460177
knn,10,2023-2024,123-1,teste_114.csv,1,2023-12-12,9,1,1,0.8,114,0.5877192982456141
knn,10,2023-2024,124-1,teste_115.csv,1,2023-12-13,9,1,0,0.2,115,0.5826086956521739
knn,10,2023-2024,125-1,teste_116.csv,1,2023-12-14,9,1,0,0.2,116,0.5775862068965517
knn,10,2023-2024,126-1,teste_117.csv,1,2023-12-16,9,0,0,0.4,117,0.5811965811965812
knn,10,2023-2024,127-1,teste_118.csv,1,2023-12-16,9,1,1,0.9090909090909092,118,0.5847457627118644
knn,10,2023-2024,128-1,teste_119.csv,1,2023-12-16,9,0,1,0.6363636363636364,119,0.5798319327731093
knn,10,2023-2024,129-1,teste_120.csv,1,2023-12-18,10,0,0,0.4,120,0.5833333333333334
knn,10,2023-2024,130-1,teste_121.csv,1,2023-12-18,10,1,1,0.6,121,0.5867768595041323
knn,10,2023-2024,131-1,teste_122.csv,1,2023-12-18,10,1,1,0.8,122,0.5901639344262295
knn,10,2023-2024,132-1,teste_123.csv,1,2023-12-18,10,1,1,0.8,123,0.5934959349593496
knn,10,2023-2024,133-1,teste_124.csv,1,2023-12-18,10,0,1,0.6,124,0.5887096774193549
knn,10,2023-2024,134-1,teste_125.csv,1,2023-12-19,10,0,1,0.6,125,0.584
knn,10,2023-2024,135-1,teste_126.csv,1,2023-12-20,10,1,1,0.8,126,0.5873015873015873
knn,10,2023-2024,136-1,teste_127.csv,1,2023-12-20,10,0,1,1.0,127,0.5826771653543307
knn,10,2023-2024,137-1,teste_128.csv,1,2023-12-20,10,0,1,0.8,128,0.578125
knn,10,2023-2024,138-1,teste_129.csv,1,2023-12-21,10,1,0,0.2,129,0.5736434108527132
knn,10,2023-2024,139-1,teste_130.csv,1,2023-12-21,10,0,0,0.0,130,0.5769230769230769
knn,10,2023-2024,140-1,teste_131.csv,1,2023-12-21,10,0,0,0.3333333333333333,131,0.5801526717557252
knn,10,2023-2024,141-1,teste_132.csv,1,2023-12-21,10,1,0,0.3333333333333333,132,0.5757575757575758
knn,10,2023-2024,142-1,teste_133.csv,1,2023-12-21,10,1,1,1.0,133,0.5789473684210527
knn,10,2023-2024,143-1,teste_134.csv,1,2023-12-22,10,1,1,0.8571428571428571,134,0.582089552238806
knn,10,2023-2024,144-1,teste_135.csv,1,2023-12-23,10,1,1,0.8571428571428571,135,0.5851851851851851
knn,10,2023-2024,145-1,teste_136.csv,1,2023-12-23,10,0,0,0.1428571428571428,136,0.5882352941176471
knn,10,2023-2024,146-1,teste_137.csv,1,2023-12-23,10,1,1,0.8571428571428571,137,0.5912408759124088
knn,10,2023-2024,147-1,teste_138.csv,1,2023-12-23,10,0,0,0.3333333333333333,138,0.5942028985507246
knn,10,2023-2024,148-1,teste_139.csv,1,2023-12-23,10,0,0,0.3333333333333333,139,0.5971223021582733
knn,10,2023-2024,149-1,teste_140.csv,1,2023-12-27,11,1,1,0.6666666666666666,140,0.6
knn,10,2023-2024,150-1,teste_141.csv,1,2023-12-27,11,1,1,0.6666666666666666,141,0.6028368794326241
knn,10,2023-2024,151-1,teste_142.csv,1,2023-12-27,11,1,1,0.6666666666666666,142,0.6056338028169014
knn,10,2023-2024,152-1,teste_143.csv,1,2023-12-27,11,1,1,0.6666666666666666,143,0.6083916083916084
knn,10,2023-2024,153-1,teste_144.csv,1,2023-12-27,11,1,1,1.0,144,0.6111111111111112
knn,10,2023-2024,154-1,teste_145.csv,1,2023-12-27,11,0,1,0.6666666666666666,145,0.6068965517241379
knn,10,2023-2024,155-1,teste_146.csv,1,2023-12-27,11,0,0,0.3333333333333333,146,0.6095890410958904
knn,10,2023-2024,156-1,teste_147.csv,1,2023-12-27,11,1,0,0.3333333333333333,147,0.6054421768707483
knn,10,2023-2024,157-1,teste_148.csv,1,2023-12-28,11,1,1,0.5714285714285714,148,0.6081081081081081
knn,10,2023-2024,158-1,teste_149.csv,1,2023-12-29,11,1,0,0.4285714285714285,149,0.6040268456375839
knn,10,2023-2024,159-1,teste_150.csv,1,2023-12-29,11,0,0,0.2857142857142857,150,0.6066666666666667
knn,10,2023-2024,160-1,teste_151.csv,1,2023-12-29,11,1,1,0.8181818181818182,151,0.609271523178808
knn,10,2023-2024,161-1,teste_152.csv,1,2023-12-29,11,1,1,0.6666666666666666,152,0.6118421052631579
knn,10,2023-2024,162-1,teste_153.csv,1,2023-12-29,11,1,1,0.7777777777777778,153,0.6143790849673203
knn,10,2023-2024,163-1,teste_154.csv,1,2023-12-29,11,1,1,0.8888888888888888,154,0.6168831168831169
knn,10,2023-2024,164-1,teste_155.csv,1,2023-12-29,11,0,1,0.5555555555555556,155,0.6129032258064516
knn,10,2023-2024,165-1,teste_156.csv,1,2023-12-29,11,0,1,0.6666666666666666,156,0.6089743589743589
knn,10,2023-2024,166-1,teste_157.csv,1,2024-01-03,12,0,1,0.5555555555555556,157,0.6050955414012739
knn,10,2023-2024,167-1,teste_158.csv,1,2024-01-03,12,0,0,0.1111111111111111,158,0.6075949367088608
knn,10,2023-2024,168-1,teste_159.csv,1,2024-01-05,12,1,0,0.4545454545454545,159,0.6037735849056604
knn,10,2023-2024,169-1,teste_160.csv,1,2024-01-05,12,0,0,0.0909090909090909,160,0.60625
knn,10,2023-2024,170-1,teste_161.csv,1,2024-01-05,12,0,1,0.5454545454545454,161,0.6024844720496895
knn,10,2023-2024,171-1,teste_162.csv,1,2024-01-06,1,0,0,0.4285714285714285,162,0.6049382716049383
knn,10,2023-2024,172-1,teste_163.csv,1,2024-01-06,1,0,0,0.4285714285714285,163,0.6073619631901841
knn,10,2023-2024,173-1,teste_164.csv,1,2024-01-08,1,0,0,0.3333333333333333,164,0.6097560975609756
knn,10,2023-2024,174-1,teste_165.csv,1,2024-01-08,1,0,0,0.3333333333333333,165,0.6121212121212121
knn,10,2023-2024,175-1,teste_166.csv,1,2024-01-08,1,1,0,0.4,166,0.608433734939759
knn,10,2023-2024,176-1,teste_167.csv,1,2024-01-08,1,1,0,0.4,167,0.6047904191616766
knn,10,2023-2024,177-1,teste_168.csv,1,2024-01-08,1,0,0,0.4,168,0.6071428571428571
knn,10,2023-2024,178-1,teste_169.csv,1,2024-01-09,1,1,0,0.2,169,0.6035502958579881
knn,10,2023-2024,179-1,teste_170.csv,1,2024-01-09,1,0,0,0.3333333333333333,170,0.6058823529411764
knn,10,2023-2024,180-1,teste_171.csv,1,2024-01-10,1,0,0,0.1428571428571428,171,0.6081871345029239
knn,10,2023-2024,181-1,teste_172.csv,1,2024-01-11,1,1,0,0.4285714285714285,172,0.6046511627906976
knn,10,2023-2024,182-1,teste_173.csv,1,2024-01-11,1,1,1,0.5714285714285714,173,0.6069364161849711
knn,10,2023-2024,183-1,teste_174.csv,1,2024-01-12,1,1,0,0.2857142857142857,174,0.603448275862069
knn,10,2023-2024,184-1,teste_175.csv,1,2024-01-13,1,0,1,0.5714285714285714,175,0.6
knn,10,2023-2024,185-1,teste_176.csv,1,2024-01-13,1,1,0,0.4444444444444444,176,0.5965909090909091
knn,10,2023-2024,186-1,teste_177.csv,1,2024-01-13,1,1,1,0.5555555555555556,177,0.5988700564971752
knn,10,2023-2024,187-1,teste_178.csv,1,2024-01-14,2,0,0,0.4444444444444444,178,0.601123595505618
knn,10,2023-2024,188-1,teste_179.csv,1,2024-01-14,2,1,1,0.5555555555555556,179,0.6033519553072626
knn,10,2023-2024,189-1,teste_180.csv,1,2024-01-15,2,0,1,0.5555555555555556,180,0.6
knn,10,2023-2024,190-1,teste_181.csv,1,2024-01-15,2,0,0,0.4444444444444444,181,0.6022099447513812
knn,10,2023-2024,191-1,teste_182.csv,1,2024-01-16,2,1,0,0.4444444444444444,182,0.5989010989010989
knn,10,2023-2024,192-1,teste_183.csv,1,2024-01-16,2,1,1,0.7777777777777778,183,0.6010928961748634
knn,10,2023-2024,193-1,teste_184.csv,1,2024-01-17,2,0,0,0.3333333333333333,184,0.6032608695652174
knn,10,2023-2024,194-1,teste_185.csv,1,2024-01-18,2,1,0,0.4545454545454545,185,0.6
knn,10,2023-2024,195-1,teste_186.csv,1,2024-01-18,2,0,1,0.5454545454545454,186,0.5967741935483871
knn,10,2023-2024,196-1,teste_187.csv,1,2024-01-18,2,0,0,0.1818181818181818,187,0.5989304812834224
knn,10,2023-2024,197-1,teste_188.csv,1,2024-01-19,2,0,0,0.4545454545454545,188,0.601063829787234
knn,10,2023-2024,198-1,teste_189.csv,1,2024-01-20,2,0,0,0.4545454545454545,189,0.6031746031746031
knn,10,2023-2024,199-1,teste_190.csv,1,2024-01-20,2,1,1,0.6363636363636364,190,0.6052631578947368
knn,10,2023-2024,200-1,teste_191.csv,1,2024-01-22,3,1,0,0.3636363636363636,191,0.6020942408376964
knn,10,2023-2024,201-1,teste_192.csv,1,2024-01-22,3,1,1,0.7272727272727273,192,0.6041666666666666
knn,10,2023-2024,202-1,teste_193.csv,1,2024-01-22,3,1,1,0.8181818181818182,193,0.6062176165803109
knn,10,2023-2024,203-1,teste_194.csv,1,2024-01-22,3,1,1,0.5454545454545454,194,0.6082474226804123
knn,10,2023-2024,204-1,teste_195.csv,1,2024-01-22,3,1,1,0.6363636363636364,195,0.6102564102564103
knn,10,2023-2024,205-1,teste_196.csv,1,2024-01-23,3,1,1,0.5454545454545454,196,0.6122448979591837
knn,10,2023-2024,206-1,teste_197.csv,1,2024-01-23,3,1,1,0.6363636363636364,197,0.6142131979695431
knn,10,2023-2024,207-1,teste_198.csv,1,2024-01-24,3,1,1,0.6363636363636364,198,0.6161616161616161
knn,10,2023-2024,208-1,teste_199.csv,1,2024-01-24,3,1,1,0.5454545454545454,199,0.6180904522613065
knn,10,2023-2024,209-1,teste_200.csv,1,2024-01-24,3,1,1,0.7272727272727273,200,0.62
knn,10,2023-2024,210-1,teste_201.csv,1,2024-01-24,3,1,1,0.8181818181818182,201,0.6218905472636815
knn,10,2023-2024,211-1,teste_202.csv,1,2024-01-24,3,0,1,0.7272727272727273,202,0.6188118811881188
knn,10,2023-2024,212-1,teste_203.csv,1,2024-01-25,3,1,1,0.8181818181818182,203,0.6206896551724138
knn,10,2023-2024,213-1,teste_204.csv,1,2024-02-05,4,0,1,0.8,204,0.6176470588235294
knn,10,2023-2024,214-1,teste_205.csv,1,2024-02-05,4,0,1,0.5454545454545454,205,0.6146341463414634
knn,10,2023-2024,215-1,teste_206.csv,1,2024-02-06,4,0,1,1.0,206,0.6116504854368932
knn,10,2023-2024,216-1,teste_207.csv,1,2024-02-06,4,0,0,0.2857142857142857,207,0.6135265700483091
knn,10,2023-2024,217-1,teste_208.csv,1,2024-02-06,4,0,0,0.2857142857142857,208,0.6153846153846154
knn,10,2023-2024,218-1,teste_209.csv,1,2024-02-07,4,1,0,0.4,209,0.6124401913875598
knn,10,2023-2024,219-1,teste_210.csv,1,2024-02-07,4,0,0,0.4,210,0.6142857142857143
knn,10,2023-2024,220-1,teste_211.csv,1,2024-02-07,4,0,1,0.6,211,0.6113744075829384
knn,10,2023-2024,221-1,teste_212.csv,1,2024-02-08,4,1,1,1.0,212,0.6132075471698113
knn,10,2023-2024,222-1,teste_213.csv,1,2024-02-08,4,1,0,0.4,213,0.6103286384976526
knn,10,2023-2024,223-1,teste_214.csv,1,2024-02-08,4,0,0,0.4,214,0.6121495327102804
knn,10,2023-2024,224-1,teste_215.csv,1,2024-02-09,4,1,0,0.4,215,0.6093023255813953
knn,10,2023-2024,225-1,teste_216.csv,1,2024-02-09,4,1,1,0.8571428571428571,216,0.6111111111111112
knn,10,2023-2024,226-1,teste_217.csv,1,2024-02-10,4,0,1,0.5714285714285714,217,0.6082949308755761
knn,10,2023-2024,227-1,teste_218.csv,1,2024-02-12,5,0,0,0.4285714285714285,218,0.6100917431192661
knn,10,2023-2024,228-1,teste_219.csv,1,2024-02-14,5,0,0,0.4285714285714285,219,0.6118721461187214
knn,10,2023-2024,229-1,teste_220.csv,1,2024-02-14,5,1,1,0.6,220,0.6136363636363636
knn,10,2023-2024,230-1,teste_221.csv,1,2024-02-14,5,1,1,0.6,221,0.6153846153846154
knn,10,2023-2024,231-1,teste_222.csv,1,2024-02-14,5,1,1,0.5714285714285714,222,0.6171171171171171
knn,10,2023-2024,232-1,teste_223.csv,1,2024-02-15,5,0,0,0.4285714285714285,223,0.6188340807174888
knn,10,2023-2024,233-1,teste_224.csv,1,2024-02-15,5,0,1,1.0,224,0.6160714285714286
knn,10,2023-2024,234-1,teste_225.csv,1,2024-02-15,5,1,1,0.5714285714285714,225,0.6177777777777778
knn,10,2023-2024,235-1,teste_226.csv,1,2024-02-16,5,1,0,0.4285714285714285,226,0.6150442477876106
knn,10,2023-2024,236-1,teste_227.csv,1,2024-02-16,5,1,1,0.7142857142857143,227,0.6167400881057269
knn,10,2023-2024,237-1,teste_228.csv,1,2024-02-16,5,1,1,0.6,228,0.618421052631579
knn,10,2023-2024,238-1,teste_229.csv,1,2024-02-16,5,0,1,0.6,229,0.6157205240174672
knn,10,2023-2024,239-1,teste_230.csv,1,2024-02-17,5,0,1,0.6,230,0.6130434782608696
knn,10,2023-2024,240-1,teste_231.csv,1,2024-02-17,5,0,0,0.2,231,0.6147186147186147
knn,10,2023-2024,241-1,teste_232.csv,1,2024-02-17,5,0,0,0.4,232,0.6163793103448276
knn,10,2023-2024,242-1,teste_233.csv,1,2024-02-17,5,1,1,0.8,233,0.6180257510729614
knn,10,2023-2024,243-1,teste_234.csv,1,2024-02-28,6,1,1,0.6,234,0.6196581196581197
knn,10,2023-2024,244-1,teste_235.csv,1,2024-02-29,6,0,0,0.4,235,0.6212765957446809
knn,10,2023-2024,245-1,teste_236.csv,1,2024-02-29,6,1,0,0.0,236,0.6186440677966102
knn,10,2023-2024,246-1,teste_237.csv,1,2024-02-29,6,1,1,0.6666666666666666,237,0.620253164556962
knn,10,2023-2024,247-1,teste_238.csv,1,2024-02-29,6,1,1,0.8,238,0.6218487394957983
knn,10,2023-2024,248-1,teste_239.csv,1,2024-03-01,6,0,0,0.2,239,0.6234309623430963
knn,10,2023-2024,249-1,teste_240.csv,1,2024-03-01,6,0,1,0.6666666666666666,240,0.6208333333333333
knn,10,2023-2024,250-1,teste_241.csv,1,2024-03-02,6,1,1,0.7777777777777778,241,0.6224066390041494
knn,10,2023-2024,251-1,teste_242.csv,1,2024-03-02,6,0,1,0.6666666666666666,242,0.6198347107438017
knn,10,2023-2024,252-1,teste_243.csv,1,2024-03-02,6,1,0,0.3333333333333333,243,0.6172839506172839
knn,10,2023-2024,253-1,teste_244.csv,1,2024-03-02,6,1,1,0.8888888888888888,244,0.6188524590163934
knn,10,2023-2024,254-1,teste_245.csv,1,2024-03-04,7,1,1,0.7777777777777778,245,0.6204081632653061
knn,10,2023-2024,255-1,teste_246.csv,1,2024-03-05,7,0,1,0.5555555555555556,246,0.6178861788617886
knn,10,2023-2024,256-1,teste_247.csv,1,2024-03-05,7,1,1,0.5555555555555556,247,0.6194331983805668
knn,10,2023-2024,257-1,teste_248.csv,1,2024-03-05,7,1,0,0.4285714285714285,248,0.6169354838709677
knn,10,2023-2024,258-1,teste_249.csv,1,2024-03-07,7,0,0,0.4285714285714285,249,0.6184738955823293
knn,10,2023-2024,259-1,teste_250.csv,1,2024-03-07,7,1,1,0.8,250,0.62
knn,10,2023-2024,260-1,teste_251.csv,1,2024-03-08,7,0,0,0.2,251,0.6215139442231076
knn,10,2023-2024,261-1,teste_252.csv,1,2024-03-08,7,0,0,0.0,252,0.623015873015873
knn,10,2023-2024,262-1,teste_253.csv,1,2024-03-09,7,0,0,0.4,253,0.6245059288537549
knn,10,2023-2024,263-1,teste_254.csv,1,2024-03-09,7,1,1,0.6,254,0.6259842519685039
knn,10,2023-2024,264-1,teste_255.csv,1,2024-03-09,7,1,1,0.8,255,0.6274509803921569
knn,10,2023-2024,265-1,teste_256.csv,1,2024-03-09,7,1,0,0.4,256,0.625
knn,10,2023-2024,266-1,teste_257.csv,1,2024-03-09,8,1,0,0.4,257,0.622568093385214
knn,10,2023-2024,267-1,teste_258.csv,1,2024-03-10,8,0,0,0.0,258,0.624031007751938
knn,10,2023-2024,268-1,teste_259.csv,1,2024-03-10,8,0,0,0.3636363636363636,259,0.6254826254826255
knn,10,2023-2024,269-1,teste_260.csv,1,2024-03-11,8,0,1,1.0,260,0.6230769230769231
knn,10,2023-2024,271-1,teste_262.csv,1,2024-03-12,6,1,1,0.5555555555555556,261,0.6245210727969349
knn,10,2023-2024,270-1,teste_261.csv,1,2024-03-12,8,0,0,0.3333333333333333,262,0.6259541984732825
knn,10,2023-2024,272-1,teste_263.csv,1,2024-03-13,8,1,1,0.6666666666666666,263,0.6273764258555133
knn,10,2023-2024,273-1,teste_264.csv,1,2024-03-19,9,1,1,0.6,264,0.6287878787878788
knn,10,2023-2024,274-1,teste_265.csv,1,2024-03-19,9,1,1,0.8,265,0.630188679245283
knn,10,2023-2024,275-1,teste_266.csv,1,2024-03-20,9,1,0,0.4,266,0.6278195488721805
knn,10,2023-2024,276-1,teste_267.csv,1,2024-03-20,9,1,0,0.4,267,0.6254681647940075
knn,10,2023-2024,277-1,teste_268.csv,1,2024-03-20,9,1,0,0.3636363636363636,268,0.6231343283582089
knn,10,2023-2024,278-1,teste_269.csv,1,2024-03-20,9,1,1,0.7272727272727273,269,0.6245353159851301
knn,10,2023-2024,279-1,teste_270.csv,1,2024-03-20,9,1,1,0.6,270,0.6259259259259259
knn,10,2023-2024,280-1,teste_271.csv,1,2024-03-21,9,1,1,0.8,271,0.6273062730627307
knn,10,2023-2024,281-1,teste_272.csv,1,2024-03-21,9,0,1,0.7272727272727273,272,0.625
knn,10,2023-2024,282-1,teste_273.csv,1,2024-03-22,9,1,1,0.6,273,0.6263736263736264
knn,10,2023-2024,283-1,teste_274.csv,1,2024-03-22,9,1,0,0.4545454545454545,274,0.6240875912408759
knn,10,2023-2024,284-1,teste_275.csv,1,2024-03-22,9,1,0,0.4545454545454545,275,0.6218181818181818
knn,10,2023-2024,285-1,teste_276.csv,1,2024-03-22,9,1,1,0.8,276,0.6231884057971014
knn,10,2023-2024,286-1,teste_277.csv,1,2024-03-23,9,0,0,0.4,277,0.6245487364620939
knn,10,2023-2024,287-1,teste_278.csv,1,2024-03-23,9,1,1,0.6,278,0.6258992805755396
knn,10,2023-2024,288-1,teste_279.csv,1,2024-03-25,10,1,1,0.8,279,0.6272401433691757
knn,10,2023-2024,289-1,teste_280.csv,1,2024-03-25,10,1,1,0.6,280,0.6285714285714286
knn,10,2023-2024,290-1,teste_281.csv,1,2024-03-25,10,1,1,1.0,281,0.6298932384341637
knn,10,2023-2024,291-1,teste_282.csv,1,2024-03-25,10,0,1,0.6,282,0.6276595744680851
knn,10,2023-2024,292-1,teste_283.csv,1,2024-03-26,10,0,0,0.3636363636363636,283,0.6289752650176679
knn,10,2023-2024,293-1,teste_284.csv,1,2024-03-26,10,1,1,0.8,284,0.6302816901408451
knn,10,2023-2024,294-1,teste_285.csv,1,2024-03-27,10,1,1,1.0,285,0.631578947368421
knn,10,2023-2024,295-1,teste_286.csv,1,2024-03-27,10,0,1,0.6,286,0.6293706293706294
knn,10,2023-2024,296-1,teste_287.csv,1,2024-03-27,10,0,0,0.2727272727272727,287,0.6306620209059234
knn,10,2023-2024,297-1,teste_288.csv,1,2024-03-28,10,0,0,0.2727272727272727,288,0.6319444444444444
knn,10,2023-2024,298-1,teste_289.csv,1,2024-03-28,10,1,0,0.4545454545454545,289,0.629757785467128
knn,10,2023-2024,299-1,teste_290.csv,1,2024-03-28,10,1,1,0.7272727272727273,290,0.6310344827586207
knn,10,2023-2024,300-1,teste_291.csv,1,2024-03-28,10,1,1,0.7272727272727273,291,0.6323024054982818
knn,10,2023-2024,301-1,teste_292.csv,1,2024-03-29,10,0,0,0.2,292,0.6335616438356164
knn,10,2023-2024,302-1,teste_293.csv,1,2024-03-30,10,1,1,1.0,293,0.6348122866894198
knn,10,2023-2024,303-1,teste_294.csv,1,2024-03-30,10,1,1,0.6666666666666666,294,0.6360544217687075
knn,10,2023-2024,304-1,teste_295.csv,1,2024-03-30,10,0,1,0.7777777777777778,295,0.6338983050847458
knn,10,2023-2024,305-1,teste_296.csv,1,2024-03-31,11,1,0,0.4444444444444444,296,0.6317567567567568
knn,10,2023-2024,306-1,teste_297.csv,1,2024-03-31,11,0,1,0.6666666666666666,297,0.6296296296296297
knn,10,2023-2024,307-1,teste_298.csv,1,2024-04-01,11,1,1,0.9090909090909092,298,0.6308724832214765
knn,10,2023-2024,308-1,teste_299.csv,1,2024-04-02,11,1,1,0.7272727272727273,299,0.6321070234113713
knn,10,2023-2024,309-1,teste_300.csv,1,2024-04-02,11,0,1,0.543106719091746,300,0.63
knn,10,2023-2024,310-1,teste_301.csv,1,2024-04-02,11,1,1,0.8181818181818182,301,0.6312292358803987
knn,10,2023-2024,311-1,teste_302.csv,1,2024-04-03,11,0,1,0.8313447493684581,302,0.6291390728476821
knn,10,2023-2024,312-1,teste_303.csv,1,2024-04-03,11,1,1,0.9164918754129076,303,0.6303630363036303
knn,10,2023-2024,313-1,teste_304.csv,1,2024-04-03,11,1,1,0.8,304,0.631578947368421
knn,10,2023-2024,314-1,teste_305.csv,1,2024-04-04,11,1,0,0.4,305,0.6295081967213115
knn,10,2023-2024,315-1,teste_306.csv,1,2024-04-04,11,1,1,0.554839296727342,306,0.630718954248366
knn,10,2023-2024,316-1,teste_307.csv,1,2024-04-04,11,1,1,0.7540935460436016,307,0.6319218241042345
knn,10,2023-2024,317-1,teste_308.csv,1,2024-04-05,11,1,1,0.7142857142857143,308,0.6331168831168831
knn,10,2023-2024,318-1,teste_309.csv,1,2024-04-05,11,0,1,0.8571428571428571,309,0.6310679611650486
knn,10,2023-2024,319-1,teste_310.csv,1,2024-04-06,11,1,0,0.4285714285714285,310,0.6290322580645161
knn,10,2023-2024,320-1,teste_311.csv,1,2024-04-06,11,0,0,0.2857142857142857,311,0.6302250803858521
knn,10,2023-2024,321-1,teste_312.csv,1,2024-04-06,11,1,1,0.6393025233781771,312,0.6314102564102564
knn,10,2023-2024,322-1,teste_313.csv,1,2024-04-07,12,1,1,0.826133947954966,313,0.6325878594249201
knn,10,2023-2024,323-1,teste_314.csv,1,2024-04-08,12,0,0,0.2857142857142857,314,0.6337579617834395
knn,10,2023-2024,324-1,teste_315.csv,1,2024-04-08,12,0,1,0.5714285714285714,315,0.6317460317460317
knn,10,2023-2024,325-1,teste_316.csv,1,2024-04-08,12,0,1,0.7142857142857143,316,0.629746835443038
knn,10,2023-2024,326-1,teste_317.csv,1,2024-04-08,12,1,1,1.0,317,0.6309148264984227
knn,10,2023-2024,327-1,teste_318.csv,1,2024-04-09,12,1,1,0.7551482374865913,318,0.6320754716981132
knn,10,2023-2024,328-1,teste_319.csv,1,2024-04-09,12,1,1,0.8244667833723199,319,0.6332288401253918
knn,10,2023-2024,329-1,teste_320.csv,1,2024-04-10,12,0,0,0.2727272727272727,320,0.634375
knn,10,2023-2024,330-1,teste_321.csv,1,2024-04-10,12,0,0,0.4545454545454545,321,0.6355140186915887
knn,10,2023-2024,331-1,teste_322.csv,1,2024-04-10,12,1,1,0.6363636363636364,322,0.6366459627329193
knn,10,2023-2024,332-1,teste_323.csv,1,2024-04-10,12,0,0,0.1818181818181818,323,0.6377708978328174
knn,10,2023-2024,333-1,teste_324.csv,1,2024-04-11,12,1,0,0.2831021980741877,324,0.6358024691358025
knn,10,2023-2024,334-1,teste_325.csv,1,2024-04-11,12,1,1,0.5114071567935123,325,0.6369230769230769
knn,10,2023-2024,335-1,teste_326.csv,1,2024-04-12,12,0,1,0.7505449298573155,326,0.6349693251533742
knn,10,2023-2024,336-1,teste_327.csv,1,2024-04-12,12,0,0,0.2727272727272727,327,0.636085626911315
knn,10,2023-2024,337-1,teste_328.csv,1,2024-04-12,12,0,0,0.3636363636363636,328,0.6371951219512195
knn,10,2023-2024,338-1,teste_329.csv,1,2024-04-13,12,0,0,0.3636363636363636,329,0.6382978723404256
knn,10,2023-2024,339-1,teste_330.csv,1,2024-04-13,12,0,1,1.0,330,0.6363636363636364
knn,10,2023-2024,340-1,teste_331.csv,1,2024-04-13,12,1,1,0.7272727272727273,331,0.6374622356495468
knn,10,2023-2024,341-1,teste_332.csv,1,2024-04-18,1,0,1,0.6666666666666666,332,0.6355421686746988
knn,10,2023-2024,342-1,teste_333.csv,1,2024-04-18,1,0,0,0.4285714285714285,333,0.6366366366366366
knn,10,2023-2024,343-1,teste_334.csv,1,2024-04-19,1,0,0,0.2,334,0.6377245508982036
knn,10,2023-2024,344-1,teste_335.csv,1,2024-04-19,1,1,0,0.4,335,0.6358208955223881
knn,10,2023-2024,345-1,teste_336.csv,1,2024-04-20,1,0,0,0.3333333333333333,336,0.6369047619047619
knn,10,2023-2024,346-1,teste_337.csv,1,2024-04-20,1,0,0,0.0,337,0.6379821958456974
knn,10,2023-2024,347-1,teste_338.csv,1,2024-04-21,1,0,1,0.5714285714285714,338,0.636094674556213
knn,10,2023-2024,348-1,teste_339.csv,1,2024-04-21,1,0,0,0.1940260605017467,339,0.6371681415929203
knn,10,2023-2024,349-1,teste_340.csv,1,2024-04-22,2,1,0,0.4158182257914547,340,0.6352941176470588
knn,10,2023-2024,350-1,teste_341.csv,1,2024-04-22,2,1,1,1.0,341,0.6363636363636364
knn,10,2023-2024,351-1,teste_342.csv,1,2024-04-23,2,1,1,0.8533575245376165,342,0.6374269005847953
knn,10,2023-2024,352-1,teste_343.csv,1,2024-04-23,2,1,1,0.8597840026362826,343,0.6384839650145773
knn,10,2023-2024,353-1,teste_344.csv,1,2024-04-25,3,0,1,0.9022748559619508,344,0.6366279069767442
knn,10,2023-2024,354-1,teste_345.csv,1,2024-04-26,2,1,1,0.551050106975491,345,0.6376811594202898
knn,10,2023-2024,355-1,teste_346.csv,1,2024-04-26,2,1,1,1.0,346,0.638728323699422
knn,10,2023-2024,356-1,teste_347.csv,1,2024-04-27,2,1,0,0.1951038311302976,347,0.6368876080691642
knn,10,2023-2024,357-1,teste_348.csv,1,2024-04-27,2,1,0,0.3825487991940552,348,0.6350574712643678
knn,10,2023-2024,358-1,teste_349.csv,1,2024-05-02,1,1,1,0.7637208967115732,349,0.6361031518624641
knn,10,2023-2024,359-1,teste_350.csv,1,2024-05-03,1,1,1,0.7608173089451991,350,0.6371428571428571
knn,10,2023-2024,360-1,teste_351.csv,1,2024-05-03,1,1,1,0.5434437757247313,351,0.6381766381766382
knn,10,2023-2024,361-1,teste_352.csv,1,2024-05-04,1,1,1,0.5883355514192057,352,0.6392045454545454
knn,10,2023-2024,362-1,teste_353.csv,1,2024-05-06,2,0,0,0.211347050252252,353,0.6402266288951841
knn,10,2023-2024,363-1,teste_354.csv,1,2024-05-06,2,1,1,0.6229020311045791,354,0.6412429378531074
knn,10,2023-2024,364-1,teste_355.csv,1,2024-05-07,2,0,1,0.6294318771432048,355,0.6394366197183099
knn,10,2023-2024,365-1,teste_356.csv,1,2024-05-07,2,1,1,0.7996904812561932,356,0.6404494382022472
knn,10,2023-2024,366-1,teste_357.csv,1,2024-05-08,3,0,0,0.1291460665319739,357,0.6414565826330533
knn,10,2023-2024,367-1,teste_358.csv,1,2024-05-08,3,1,1,0.8890328647210891,358,0.6424581005586593
knn,10,2023-2024,368-1,teste_359.csv,1,2024-05-09,3,0,0,0.2980214357289256,359,0.6434540389972145
knn,10,2023-2024,369-1,teste_360.csv,1,2024-05-09,3,1,1,0.8571428571428571,360,0.6444444444444445
knn,10,2023-2024,370-1,teste_361.csv,1,2024-05-11,4,1,1,0.5714285714285714,361,0.6454293628808865
knn,10,2023-2024,371-1,teste_362.csv,1,2024-05-12,4,1,1,0.7142857142857143,362,0.6464088397790055
knn,10,2023-2024,372-1,teste_363.csv,1,2024-05-13,5,1,1,0.8571428571428571,363,0.6473829201101928
knn,10,2023-2024,373-1,teste_364.csv,1,2024-05-14,5,0,0,0.4285714285714285,364,0.6483516483516484
knn,10,2023-2024,374-1,teste_365.csv,1,2024-05-17,1,1,1,1.0,365,0.6493150684931507
knn,10,2023-2024,375-1,teste_366.csv,1,2024-05-18,1,1,1,0.6,366,0.6502732240437158
knn,10,2023-2024,376-1,teste_367.csv,1,2024-05-20,2,1,1,0.6,367,0.6512261580381471
knn,10,2023-2024,377-1,teste_368.csv,1,2024-05-21,2,0,0,0.4285714285714285,368,0.6521739130434783
knn,10,2023-2024,378-1,teste_369.csv,1,2024-05-22,3,0,1,0.6,369,0.6504065040650406
knn,10,2023-2024,379-1,teste_370.csv,1,2024-05-23,3,0,0,0.4,370,0.6513513513513514
knn,10,2023-2024,380-1,teste_371.csv,1,2024-05-25,4,0,1,0.8,371,0.6495956873315364
knn,10,2023-2024,381-1,teste_372.csv,1,2024-05-27,5,1,1,0.6,372,0.6505376344086021
knn,10,2023-2024,382-1,teste_373.csv,1,2024-06-01,1,0,1,1.0,373,0.6487935656836461
knn,10,2023-2024,383-1,teste_374.csv,1,2024-06-06,2,0,0,0.0,374,0.6497326203208557
knn,10,2023-2024,384-1,teste_375.csv,1,2024-06-08,3,1,0,0.0,375,0.648
knn,15,2008-2009,15-1,teste_1.csv,1,2009-02-03,3,1,1,0.6347411120297167,1,1.0
knn,15,2008-2009,16-1,teste_2.csv,1,2009-02-03,3,0,1,0.5595213630018099,2,0.5
knn,15,2008-2009,17-1,teste_3.csv,1,2009-02-03,3,0,0,0.3333333333333333,3,0.6666666666666666
knn,15,2008-2009,18-1,teste_4.csv,1,2009-02-03,3,1,1,0.6666666666666666,4,0.75
knn,15,2008-2009,19-1,teste_5.csv,1,2009-02-03,3,0,0,0.3333333333333333,5,0.8
knn,15,2008-2009,20-1,teste_6.csv,1,2009-02-03,3,1,0,0.4133856336520911,6,0.6666666666666666
knn,15,2008-2009,21-1,teste_7.csv,1,2009-02-11,4,1,0,0.4444444444444444,7,0.5714285714285714
knn,15,2008-2009,22-1,teste_8.csv,1,2009-02-11,4,0,1,0.575900748768162,8,0.5
knn,15,2008-2009,23-1,teste_9.csv,1,2009-02-11,4,0,1,0.5506998910256065,9,0.4444444444444444
knn,15,2008-2009,24-1,teste_10.csv,1,2009-02-11,4,0,0,0.3410173788920925,10,0.5
knn,15,2008-2009,25-1,teste_11.csv,1,2009-02-11,4,0,0,0.3824463034076703,11,0.5454545454545454
knn,15,2008-2009,26-1,teste_12.csv,1,2009-02-11,4,1,0,0.0,12,0.5
knn,15,2008-2009,27-1,teste_13.csv,1,2009-02-12,4,1,0,0.2857142857142857,13,0.4615384615384615
knn,15,2008-2009,28-1,teste_14.csv,1,2009-02-13,5,0,1,0.6,14,0.4285714285714285
knn,15,2008-2009,29-1,teste_15.csv,1,2009-02-13,5,1,1,0.5714285714285714,15,0.4666666666666667
knn,15,2008-2009,30-1,teste_16.csv,1,2009-02-13,5,0,0,0.4285714285714285,16,0.5
knn,15,2008-2009,31-1,teste_17.csv,1,2009-02-13,5,1,0,0.2857142857142857,17,0.4705882352941176
knn,15,2008-2009,32-1,teste_18.csv,1,2009-02-13,5,0,0,0.3333333333333333,18,0.5
knn,15,2008-2009,33-1,teste_19.csv,1,2009-02-13,5,1,0,0.3333333333333333,19,0.4736842105263157
knn,15,2008-2009,34-1,teste_20.csv,1,2009-02-13,5,1,0,0.3333333333333333,20,0.45
knn,15,2008-2009,35-1,teste_21.csv,1,2009-02-18,6,1,1,0.6,21,0.4761904761904761
knn,15,2008-2009,36-1,teste_22.csv,1,2009-02-18,6,1,1,0.6,22,0.5
knn,15,2008-2009,37-1,teste_23.csv,1,2009-02-18,6,1,1,0.5555555555555556,23,0.5217391304347826
knn,15,2008-2009,38-1,teste_24.csv,1,2009-02-18,6,1,0,0.0,24,0.5
knn,15,2008-2009,39-1,teste_25.csv,1,2009-02-18,6,1,0,0.4,25,0.48
knn,15,2008-2009,40-1,teste_26.csv,1,2009-02-18,6,1,0,0.4,26,0.4615384615384615
knn,15,2008-2009,41-1,teste_27.csv,1,2009-02-20,7,1,1,0.8,27,0.4814814814814814
knn,15,2008-2009,42-1,teste_28.csv,1,2009-02-20,7,1,1,0.6,28,0.5
knn,15,2008-2009,43-1,teste_29.csv,1,2009-02-20,7,1,1,0.6,29,0.5172413793103449
knn,15,2008-2009,44-1,teste_30.csv,1,2009-02-20,7,1,0,0.4,30,0.5
knn,15,2008-2009,45-1,teste_31.csv,1,2009-02-20,7,1,1,1.0,31,0.5161290322580645
knn,15,2008-2009,46-1,teste_32.csv,1,2009-02-21,7,1,1,1.0,32,0.53125
knn,15,2008-2009,47-1,teste_33.csv,1,2009-02-23,8,1,1,0.8,33,0.5454545454545454
knn,15,2008-2009,48-1,teste_34.csv,1,2009-02-24,8,0,1,0.8,34,0.5294117647058824
knn,15,2008-2009,49-1,teste_35.csv,1,2009-02-25,8,0,0,0.4,35,0.5428571428571428
knn,15,2008-2009,50-1,teste_36.csv,1,2009-02-25,8,1,1,0.8,36,0.5555555555555556
knn,15,2008-2009,51-1,teste_37.csv,1,2009-02-25,8,1,1,0.6666666666666666,37,0.5675675675675675
knn,15,2008-2009,52-1,teste_38.csv,1,2009-02-25,8,1,1,0.6666666666666666,38,0.5789473684210527
knn,15,2008-2009,53-1,teste_39.csv,1,2009-02-27,9,1,1,0.6,39,0.5897435897435898
knn,15,2008-2009,54-1,teste_40.csv,1,2009-02-27,9,1,1,1.0,40,0.6
knn,15,2008-2009,55-1,teste_41.csv,1,2009-02-27,9,1,1,1.0,41,0.6097560975609756
knn,15,2008-2009,56-1,teste_42.csv,1,2009-02-27,9,1,1,0.6666666666666666,42,0.6190476190476191
knn,15,2008-2009,57-1,teste_43.csv,1,2009-02-27,9,1,0,0.3333333333333333,43,0.6046511627906976
knn,15,2008-2009,58-1,teste_44.csv,1,2009-02-27,9,1,1,1.0,44,0.6136363636363636
knn,15,2008-2009,59-1,teste_45.csv,1,2009-03-01,7,1,1,1.0,45,0.6222222222222222
knn,15,2008-2009,60-1,teste_46.csv,1,2009-03-04,10,1,1,1.0,46,0.6304347826086957
knn,15,2008-2009,61-1,teste_47.csv,1,2009-03-04,10,0,1,0.6666666666666666,47,0.6170212765957447
knn,15,2008-2009,62-1,teste_48.csv,1,2009-03-04,10,1,1,1.0,48,0.625
knn,15,2008-2009,63-1,teste_49.csv,1,2009-03-04,10,0,1,1.0,49,0.6122448979591837
knn,15,2008-2009,64-1,teste_50.csv,1,2009-03-04,10,0,1,0.6666666666666666,50,0.6
knn,15,2008-2009,65-1,teste_51.csv,1,2009-03-04,10,0,1,1.0,51,0.5882352941176471
knn,15,2008-2009,66-1,teste_52.csv,1,2009-03-04,10,0,1,0.6666666666666666,52,0.5769230769230769
knn,15,2008-2009,67-1,teste_53.csv,1,2009-03-06,11,1,1,1.0,53,0.5849056603773585
knn,15,2008-2009,68-1,teste_54.csv,1,2009-03-06,11,0,0,0.3333333333333333,54,0.5925925925925926
knn,15,2008-2009,69-1,teste_55.csv,1,2009-03-06,11,1,1,0.6666666666666666,55,0.6
knn,15,2008-2009,70-1,teste_56.csv,1,2009-03-06,11,0,0,0.0,56,0.6071428571428571
knn,15,2008-2009,71-1,teste_57.csv,1,2009-03-06,11,0,0,0.3333333333333333,57,0.6140350877192983
knn,15,2008-2009,72-1,teste_58.csv,1,2009-03-06,11,1,1,0.6666666666666666,58,0.6206896551724138
knn,15,2008-2009,73-1,teste_59.csv,1,2009-03-06,11,0,0,0.0,59,0.6271186440677966
knn,15,2008-2009,74-1,teste_60.csv,1,2009-03-11,12,0,1,0.6666666666666666,60,0.6166666666666667
knn,15,2008-2009,75-1,teste_61.csv,1,2009-03-11,12,1,1,0.8,61,0.6229508196721312
knn,15,2008-2009,76-1,teste_62.csv,1,2009-03-11,12,1,1,0.8,62,0.6290322580645161
knn,15,2008-2009,77-1,teste_63.csv,1,2009-03-11,12,0,1,0.6,63,0.6190476190476191
knn,15,2008-2009,78-1,teste_64.csv,1,2009-03-11,12,1,0,0.4,64,0.609375
knn,15,2008-2009,79-1,teste_65.csv,1,2009-03-11,12,0,0,0.2,65,0.6153846153846154
knn,15,2008-2009,80-1,teste_66.csv,1,2009-03-13,12,0,1,0.6666666666666666,66,0.6060606060606061
knn,15,2008-2009,81-1,teste_67.csv,1,2009-03-13,13,0,1,0.6666666666666666,67,0.5970149253731343
knn,15,2008-2009,82-1,teste_68.csv,1,2009-03-13,13,1,1,1.0,68,0.6029411764705882
knn,15,2008-2009,83-1,teste_69.csv,1,2009-03-13,13,0,0,0.3333333333333333,69,0.6086956521739131
knn,15,2008-2009,84-1,teste_70.csv,1,2009-03-13,13,0,1,0.6666666666666666,70,0.6
knn,15,2008-2009,85-1,teste_71.csv,1,2009-03-13,13,1,0,0.4444444444444444,71,0.5915492957746479
knn,15,2008-2009,86-1,teste_72.csv,1,2009-03-14,13,1,1,0.5555555555555556,72,0.5972222222222222
knn,15,2008-2009,87-1,teste_73.csv,1,2009-03-15,13,0,1,0.6666666666666666,73,0.589041095890411
knn,15,2008-2009,88-1,teste_74.csv,1,2009-03-18,14,1,1,0.5555555555555556,74,0.5945945945945946
knn,15,2008-2009,89-1,teste_75.csv,1,2009-03-18,14,0,0,0.3333333333333333,75,0.6
knn,15,2008-2009,90-1,teste_76.csv,1,2009-03-18,14,1,0,0.3333333333333333,76,0.5921052631578947
knn,15,2008-2009,91-1,teste_77.csv,1,2009-03-18,14,0,1,1.0,77,0.5844155844155844
knn,15,2008-2009,92-1,teste_78.csv,1,2009-03-18,14,1,1,1.0,78,0.5897435897435898
knn,15,2008-2009,93-1,teste_79.csv,1,2009-03-18,14,1,1,0.6666666666666666,79,0.5949367088607594
knn,15,2008-2009,94-1,teste_80.csv,1,2009-03-18,14,1,1,1.0,80,0.6
knn,15,2008-2009,100-1,teste_86.csv,1,2009-03-20,15,1,1,0.6666666666666666,81,0.6049382716049383
knn,15,2008-2009,101-1,teste_87.csv,1,2009-03-20,15,0,0,0.3333333333333333,82,0.6097560975609756
knn,15,2008-2009,95-1,teste_81.csv,1,2009-03-20,15,1,1,0.6666666666666666,83,0.6144578313253012
knn,15,2008-2009,96-1,teste_82.csv,1,2009-03-20,15,1,1,0.6666666666666666,84,0.6190476190476191
knn,15,2008-2009,97-1,teste_83.csv,1,2009-03-20,15,1,0,0.3333333333333333,85,0.611764705882353
knn,15,2008-2009,98-1,teste_84.csv,1,2009-03-20,15,1,1,0.6666666666666666,86,0.6162790697674418
knn,15,2008-2009,99-1,teste_85.csv,1,2009-03-20,15,1,1,0.6666666666666666,87,0.6206896551724138
knn,15,2008-2009,102-1,teste_88.csv,1,2009-03-23,2,1,1,1.0,88,0.625
knn,15,2008-2009,103-1,teste_89.csv,1,2009-03-25,1,1,1,1.0,89,0.6292134831460674
knn,15,2008-2009,104-1,teste_90.csv,1,2009-03-25,1,1,0,0.3333333333333333,90,0.6222222222222222
knn,15,2008-2009,105-1,teste_91.csv,1,2009-03-25,1,0,1,0.6666666666666666,91,0.6153846153846154
knn,15,2008-2009,106-1,teste_92.csv,1,2009-03-25,1,1,1,1.0,92,0.6195652173913043
knn,15,2008-2009,107-1,teste_93.csv,1,2009-03-25,1,0,1,0.6666666666666666,93,0.6129032258064516
knn,15,2008-2009,108-1,teste_94.csv,1,2009-03-25,1,1,1,1.0,94,0.6170212765957447
knn,15,2008-2009,109-1,teste_95.csv,1,2009-03-25,1,1,0,0.3333333333333333,95,0.6105263157894737
knn,15,2008-2009,110-1,teste_96.csv,1,2009-03-27,2,1,1,1.0,96,0.6145833333333334
knn,15,2008-2009,111-1,teste_97.csv,1,2009-03-27,2,1,0,0.0,97,0.6082474226804123
knn,15,2008-2009,112-1,teste_98.csv,1,2009-03-27,2,1,1,1.0,98,0.6122448979591837
knn,15,2008-2009,113-1,teste_99.csv,1,2009-03-27,2,1,1,1.0,99,0.6161616161616161
knn,15,2008-2009,114-1,teste_100.csv,1,2009-03-27,2,0,1,0.6666666666666666,100,0.61
knn,15,2008-2009,115-1,teste_101.csv,1,2009-03-27,2,1,1,1.0,101,0.6138613861386139
knn,15,2008-2009,116-1,teste_102.csv,1,2009-03-30,4,1,1,0.6666666666666666,102,0.6176470588235294
knn,15,2008-2009,117-1,teste_103.csv,1,2009-04-01,3,0,1,0.6666666666666666,103,0.6116504854368932
knn,15,2008-2009,118-1,teste_104.csv,1,2009-04-01,3,1,1,1.0,104,0.6153846153846154
knn,15,2008-2009,119-1,teste_105.csv,1,2009-04-01,3,1,0,0.3333333333333333,105,0.6095238095238096
knn,15,2008-2009,120-1,teste_106.csv,1,2009-04-01,3,1,1,0.6666666666666666,106,0.6132075471698113
knn,15,2008-2009,121-1,teste_107.csv,1,2009-04-01,3,1,1,1.0,107,0.616822429906542
knn,15,2008-2009,122-1,teste_108.csv,1,2009-04-01,3,1,1,1.0,108,0.6203703703703703
knn,15,2008-2009,123-1,teste_109.csv,1,2009-04-01,3,1,1,1.0,109,0.6238532110091743
knn,15,2008-2009,124-1,teste_110.csv,1,2009-04-03,4,1,1,1.0,110,0.6272727272727273
knn,15,2008-2009,125-1,teste_111.csv,1,2009-04-03,4,1,1,1.0,111,0.6306306306306306
knn,15,2008-2009,126-1,teste_112.csv,1,2009-04-03,4,1,1,1.0,112,0.6339285714285714
knn,15,2008-2009,127-1,teste_113.csv,1,2009-04-03,4,1,1,1.0,113,0.6371681415929203
knn,15,2008-2009,128-1,teste_114.csv,1,2009-04-03,4,1,1,1.0,114,0.6403508771929824
knn,15,2008-2009,129-1,teste_115.csv,1,2009-04-03,4,0,1,0.6666666666666666,115,0.6347826086956522
knn,15,2008-2009,130-1,teste_116.csv,1,2009-04-05,9,1,0,0.3333333333333333,116,0.6293103448275862
knn,15,2008-2009,131-1,teste_117.csv,1,2009-04-08,5,0,0,0.3333333333333333,117,0.6324786324786325
knn,15,2008-2009,132-1,teste_118.csv,1,2009-04-08,5,1,1,0.6666666666666666,118,0.635593220338983
knn,15,2008-2009,133-1,teste_119.csv,1,2009-04-08,5,1,1,1.0,119,0.6386554621848739
knn,15,2008-2009,134-1,teste_120.csv,1,2009-04-08,5,0,1,0.6666666666666666,120,0.6333333333333333
knn,15,2008-2009,135-1,teste_121.csv,1,2009-04-08,5,0,0,0.3333333333333333,121,0.6363636363636364
knn,15,2008-2009,136-1,teste_122.csv,1,2009-04-09,5,0,0,0.3333333333333333,122,0.639344262295082
knn,15,2008-2009,137-1,teste_123.csv,1,2009-04-09,5,1,1,1.0,123,0.6422764227642277
knn,15,2008-2009,138-1,teste_124.csv,1,2009-04-10,6,0,0,0.3333333333333333,124,0.6451612903225806
knn,15,2008-2009,139-1,teste_125.csv,1,2009-04-10,6,1,1,0.6666666666666666,125,0.648
knn,15,2008-2009,140-1,teste_126.csv,1,2009-04-10,6,0,0,0.0,126,0.6507936507936508
knn,15,2008-2009,141-1,teste_127.csv,1,2009-04-10,6,0,0,0.4,127,0.6535433070866141
knn,15,2008-2009,142-1,teste_128.csv,1,2009-04-11,6,1,0,0.2,128,0.6484375
knn,15,2008-2009,143-1,teste_129.csv,1,2009-04-11,6,1,1,1.0,129,0.6511627906976745
knn,15,2008-2009,144-1,teste_130.csv,1,2009-04-11,6,1,1,0.6,130,0.6538461538461539
knn,15,2008-2009,145-1,teste_131.csv,1,2009-04-14,7,0,0,0.3333333333333333,131,0.6564885496183206
knn,15,2008-2009,146-1,teste_132.csv,1,2009-04-15,7,0,0,0.0,132,0.6590909090909091
knn,15,2008-2009,147-1,teste_133.csv,1,2009-04-15,7,1,1,1.0,133,0.6616541353383458
knn,15,2008-2009,148-1,teste_134.csv,1,2009-04-15,7,0,1,1.0,134,0.6567164179104478
knn,15,2008-2009,149-1,teste_135.csv,1,2009-04-15,7,1,1,1.0,135,0.6592592592592592
knn,15,2008-2009,150-1,teste_136.csv,1,2009-04-15,7,0,0,0.0,136,0.6617647058823529
knn,15,2008-2009,151-1,teste_137.csv,1,2009-04-15,7,0,1,0.6,137,0.656934306569343
knn,15,2008-2009,152-1,teste_138.csv,1,2009-04-17,8,1,0,0.2,138,0.6521739130434783
knn,15,2008-2009,153-1,teste_139.csv,1,2009-04-17,8,1,1,0.8888888888888888,139,0.6546762589928058
knn,15,2008-2009,154-1,teste_140.csv,1,2009-04-17,8,1,0,0.4,140,0.65
knn,15,2008-2009,155-1,teste_141.csv,1,2009-04-17,8,1,1,0.7649479455234335,141,0.6524822695035462
knn,15,2008-2009,156-1,teste_142.csv,1,2009-04-17,8,0,0,0.2013461883782319,142,0.6549295774647887
knn,15,2008-2009,157-1,teste_143.csv,1,2009-04-17,8,0,0,0.1976151070776988,143,0.6573426573426573
knn,15,2008-2009,158-1,teste_144.csv,1,2009-04-17,8,1,0,0.4037534904554953,144,0.6527777777777778
knn,15,2008-2009,159-1,teste_145.csv,1,2009-04-21,9,0,0,0.4,145,0.6551724137931034
knn,15,2008-2009,160-1,teste_146.csv,1,2009-04-21,9,1,1,1.0,146,0.6575342465753424
knn,15,2008-2009,161-1,teste_147.csv,1,2009-04-22,9,1,1,1.0,147,0.6598639455782312
knn,15,2008-2009,162-1,teste_148.csv,1,2009-04-22,9,0,1,0.8,148,0.6554054054054054
knn,15,2008-2009,163-1,teste_149.csv,1,2009-04-22,9,1,1,0.8571428571428571,149,0.6577181208053692
knn,15,2008-2009,164-1,teste_150.csv,1,2009-04-22,9,0,0,0.4,150,0.66
knn,15,2008-2009,165-1,teste_151.csv,1,2009-04-22,9,1,1,0.7142857142857143,151,0.6622516556291391
knn,15,2008-2009,166-1,teste_152.csv,1,2009-04-23,10,1,1,1.0,152,0.6644736842105263
knn,15,2008-2009,167-1,teste_153.csv,1,2009-04-23,10,1,0,0.4285714285714285,153,0.6601307189542484
knn,15,2008-2009,168-1,teste_154.csv,1,2009-04-24,10,0,0,0.4285714285714285,154,0.6623376623376623
knn,15,2008-2009,169-1,teste_155.csv,1,2009-04-24,10,1,1,1.0,155,0.6645161290322581
knn,15,2008-2009,170-1,teste_156.csv,1,2009-04-24,10,1,1,0.8571428571428571,156,0.6666666666666666
knn,15,2008-2009,171-1,teste_157.csv,1,2009-04-24,10,0,1,0.6666666666666666,157,0.6624203821656051
knn,15,2008-2009,172-1,teste_158.csv,1,2009-04-24,10,1,1,1.0,158,0.6645569620253164
knn,15,2008-2009,173-1,teste_159.csv,1,2009-04-29,11,1,1,0.8,159,0.6666666666666666
knn,15,2008-2009,174-1,teste_160.csv,1,2009-04-29,11,1,1,1.0,160,0.66875
knn,15,2008-2009,175-1,teste_161.csv,1,2009-04-29,11,1,1,0.6,161,0.6708074534161491
knn,15,2008-2009,176-1,teste_162.csv,1,2009-04-29,11,1,1,1.0,162,0.6728395061728395
knn,15,2008-2009,177-1,teste_163.csv,1,2009-04-29,11,1,1,0.6363636363636364,163,0.6748466257668712
knn,15,2008-2009,178-1,teste_164.csv,1,2009-04-29,11,1,1,0.8181818181818182,164,0.676829268292683
knn,15,2008-2009,179-1,teste_165.csv,1,2009-04-29,11,1,1,1.0,165,0.6787878787878788
knn,15,2008-2009,180-1,teste_166.csv,1,2009-05-01,12,0,1,0.6363636363636364,166,0.6746987951807228
knn,15,2008-2009,181-1,teste_167.csv,1,2009-05-01,12,1,1,1.0,167,0.6766467065868264
knn,15,2008-2009,182-1,teste_168.csv,1,2009-05-01,12,0,1,0.6,168,0.6726190476190477
knn,15,2008-2009,183-1,teste_169.csv,1,2009-05-01,12,1,1,0.8,169,0.6745562130177515
knn,15,2008-2009,184-1,teste_170.csv,1,2009-05-01,12,0,1,1.0,170,0.6705882352941176
knn,15,2008-2009,185-1,teste_171.csv,1,2009-05-01,12,1,1,0.8,171,0.672514619883041
knn,15,2008-2009,186-1,teste_172.csv,1,2009-05-01,12,0,1,0.8,172,0.6686046511627907
knn,15,2008-2009,187-1,teste_173.csv,1,2009-05-03,6,1,1,0.8181818181818182,173,0.6705202312138728
knn,15,2008-2009,188-1,teste_174.csv,1,2009-05-03,8,1,1,1.0,174,0.6724137931034483
knn,15,2008-2009,189-1,teste_175.csv,1,2009-05-05,13,1,0,0.4,175,0.6685714285714286
knn,15,2008-2009,190-1,teste_176.csv,1,2009-05-06,13,1,1,0.8,176,0.6704545454545454
knn,15,2008-2009,191-1,teste_177.csv,1,2009-05-06,13,1,1,0.7272727272727273,177,0.672316384180791
knn,15,2008-2009,192-1,teste_178.csv,1,2009-05-06,13,0,0,0.2727272727272727,178,0.6741573033707865
knn,15,2008-2009,193-1,teste_179.csv,1,2009-05-06,13,1,0,0.4,179,0.6703910614525139
knn,15,2008-2009,194-1,teste_180.csv,1,2009-05-06,13,1,1,0.6363636363636364,180,0.6722222222222223
knn,15,2008-2009,195-1,teste_181.csv,1,2009-05-06,13,0,0,0.4545454545454545,181,0.6740331491712708
knn,15,2008-2009,196-1,teste_182.csv,1,2009-05-08,14,0,0,0.3636363636363636,182,0.6758241758241759
knn,15,2008-2009,197-1,teste_183.csv,1,2009-05-08,14,0,1,0.6,183,0.6721311475409836
knn,15,2008-2009,198-1,teste_184.csv,1,2009-05-08,14,0,0,0.4545454545454545,184,0.6739130434782609
knn,15,2008-2009,199-1,teste_185.csv,1,2009-05-08,14,0,0,0.4,185,0.6756756756756757
knn,15,2008-2009,200-1,teste_186.csv,1,2009-05-08,14,0,0,0.0,186,0.6774193548387096
knn,15,2008-2009,201-1,teste_187.csv,1,2009-05-08,14,1,1,0.8571428571428571,187,0.679144385026738
knn,15,2008-2009,202-1,teste_188.csv,1,2009-05-08,14,0,1,0.5714285714285714,188,0.675531914893617
knn,15,2008-2009,203-1,teste_189.csv,1,2009-05-13,15,1,1,0.6363636363636364,189,0.6772486772486772
knn,15,2008-2009,204-1,teste_190.csv,1,2009-05-13,15,0,0,0.0909090909090909,190,0.6789473684210526
knn,15,2008-2009,205-1,teste_191.csv,1,2009-05-13,15,1,1,0.9090909090909092,191,0.680628272251309
knn,15,2008-2009,206-1,teste_192.csv,1,2009-05-13,15,1,1,0.8,192,0.6822916666666666
knn,15,2008-2009,207-1,teste_193.csv,1,2009-05-13,15,1,1,0.9143261484736288,193,0.6839378238341969
knn,15,2008-2009,208-1,teste_194.csv,1,2009-05-13,15,0,0,0.1818181818181818,194,0.6855670103092784
knn,15,2008-2009,209-1,teste_195.csv,1,2009-05-13,15,1,1,0.8571428571428571,195,0.6871794871794872
knn,15,2008-2009,210-1,teste_196.csv,1,2009-05-15,1,1,1,0.8888888888888888,196,0.6887755102040817
knn,15,2008-2009,211-1,teste_197.csv,1,2009-05-16,1,0,1,0.6666666666666666,197,0.6852791878172588
knn,15,2008-2009,212-1,teste_198.csv,1,2009-05-17,1,0,1,0.6666666666666666,198,0.6818181818181818
knn,15,2008-2009,213-1,teste_199.csv,1,2009-05-17,1,0,1,0.5555555555555556,199,0.678391959798995
knn,15,2008-2009,214-1,teste_200.csv,1,2009-05-18,2,1,0,0.3333333333333333,200,0.675
knn,15,2008-2009,215-1,teste_201.csv,1,2009-05-18,2,1,1,0.6363636363636364,201,0.6766169154228856
knn,15,2008-2009,217-1,teste_203.csv,1,2009-05-19,2,0,1,0.8181818181818182,202,0.6732673267326733
knn,15,2008-2009,218-1,teste_204.csv,1,2009-05-19,2,1,1,0.7272727272727273,203,0.6748768472906403
knn,15,2008-2009,216-1,teste_202.csv,1,2009-05-19,3,1,1,0.6666666666666666,204,0.6764705882352942
knn,15,2008-2009,219-1,teste_205.csv,1,2009-05-19,3,1,1,0.7272727272727273,205,0.6780487804878049
knn,15,2008-2009,220-1,teste_206.csv,1,2009-05-20,3,1,1,0.8571428571428571,206,0.6796116504854369
knn,15,2008-2009,221-1,teste_207.csv,1,2009-05-20,3,1,1,0.7142857142857143,207,0.6811594202898551
knn,15,2008-2009,222-1,teste_208.csv,1,2009-05-21,4,0,1,0.8571428571428571,208,0.6778846153846154
knn,15,2008-2009,223-1,teste_209.csv,1,2009-05-22,4,1,0,0.4285714285714285,209,0.6746411483253588
knn,15,2008-2009,224-1,teste_210.csv,1,2009-05-24,5,1,1,0.6666666666666666,210,0.6761904761904762
knn,15,2008-2009,225-1,teste_211.csv,1,2009-05-26,1,0,1,0.6666666666666666,211,0.6729857819905213
knn,15,2008-2009,226-1,teste_212.csv,1,2009-05-27,1,1,1,0.6666666666666666,212,0.6745283018867925
knn,15,2008-2009,227-1,teste_213.csv,1,2009-05-29,2,1,1,0.6666666666666666,213,0.676056338028169
knn,15,2008-2009,228-1,teste_214.csv,1,2009-05-30,2,1,1,0.6666666666666666,214,0.677570093457944
knn,15,2008-2009,229-1,teste_215.csv,1,2009-05-30,3,1,1,0.6666666666666666,215,0.6790697674418604
knn,15,2008-2009,230-1,teste_216.csv,1,2009-05-31,3,1,1,0.6666666666666666,216,0.6805555555555556
knn,15,2008-2009,231-1,teste_217.csv,1,2009-06-02,4,0,1,0.7777777777777778,217,0.6774193548387096
knn,15,2008-2009,232-1,teste_218.csv,1,2009-06-11,1,0,1,0.5555555555555556,218,0.6743119266055045
knn,15,2008-2009,233-1,teste_219.csv,1,2009-06-13,2,0,1,0.7777777777777778,219,0.6712328767123288
knn,15,2008-2009,234-1,teste_220.csv,1,2009-06-14,3,1,1,0.6666666666666666,220,0.6727272727272727
knn,15,2008-2009,235-1,teste_221.csv,1,2009-06-21,4,1,1,0.5555555555555556,221,0.6742081447963801
knn,15,2009-2010,15-1,teste_1.csv,1,2009-11-22,4,1,1,1.0,1,1.0
knn,15,2009-2010,16-1,teste_2.csv,1,2009-11-22,4,1,0,0.3333333333333333,2,0.5
knn,15,2009-2010,17-1,teste_3.csv,1,2009-11-22,4,1,1,0.6666666666666666,3,0.6666666666666666
knn,15,2009-2010,18-1,teste_4.csv,1,2009-11-22,4,1,1,1.0,4,0.75
knn,15,2009-2010,19-1,teste_5.csv,1,2009-11-29,6,1,1,1.0,5,0.8
knn,15,2009-2010,20-1,teste_6.csv,1,2009-11-29,6,0,1,1.0,6,0.6666666666666666
knn,15,2009-2010,21-1,teste_7.csv,1,2009-11-29,6,0,1,1.0,7,0.5714285714285714
knn,15,2009-2010,22-1,teste_8.csv,1,2009-11-29,6,0,0,0.3333333333333333,8,0.625
knn,15,2009-2010,23-1,teste_9.csv,1,2009-11-29,6,0,1,0.6,9,0.5555555555555556
knn,15,2009-2010,24-1,teste_10.csv,1,2009-11-29,6,1,1,0.7142857142857143,10,0.6
knn,15,2009-2010,25-1,teste_11.csv,1,2009-12-06,7,1,1,0.8,11,0.6363636363636364
knn,15,2009-2010,26-1,teste_12.csv,1,2009-12-06,7,1,1,0.8,12,0.6666666666666666
knn,15,2009-2010,27-1,teste_13.csv,1,2009-12-06,7,1,1,0.8,13,0.6923076923076923
knn,15,2009-2010,28-1,teste_14.csv,1,2009-12-06,7,0,1,0.8,14,0.6428571428571429
knn,15,2009-2010,29-1,teste_15.csv,1,2009-12-06,7,0,1,0.8,15,0.6
knn,15,2009-2010,30-1,teste_16.csv,1,2009-12-06,7,1,0,0.4,16,0.5625
knn,15,2009-2010,31-1,teste_17.csv,1,2009-12-08,8,0,1,0.8,17,0.5294117647058824
knn,15,2009-2010,32-1,teste_18.csv,1,2009-12-08,8,1,1,0.5555555555555556,18,0.5555555555555556
knn,15,2009-2010,33-1,teste_19.csv,1,2009-12-12,7,0,0,0.4444444444444444,19,0.5789473684210527
knn,15,2009-2010,34-1,teste_20.csv,1,2009-12-14,12,0,0,0.3333333333333333,20,0.6
knn,15,2009-2010,35-1,teste_21.csv,1,2010-01-08,8,1,1,0.6666666666666666,21,0.6190476190476191
knn,15,2009-2010,36-1,teste_22.csv,1,2010-01-15,9,1,0,0.3333333333333333,22,0.5909090909090909
knn,15,2009-2010,37-1,teste_23.csv,1,2010-01-15,9,1,0,0.4490816115644601,23,0.5652173913043478
knn,15,2009-2010,38-1,teste_24.csv,1,2010-01-15,9,1,1,0.6398751848019525,24,0.5833333333333334
knn,15,2009-2010,39-1,teste_25.csv,1,2010-01-15,9,1,0,0.4285714285714285,25,0.56
knn,15,2009-2010,40-1,teste_26.csv,1,2010-01-15,9,1,1,0.7142857142857143,26,0.5769230769230769
knn,15,2009-2010,41-1,teste_27.csv,1,2010-01-15,9,1,1,0.5714285714285714,27,0.5925925925925926
knn,15,2009-2010,42-1,teste_28.csv,1,2010-01-17,10,1,1,1.0,28,0.6071428571428571
knn,15,2009-2010,43-1,teste_29.csv,1,2010-01-17,10,0,1,1.0,29,0.5862068965517241
knn,15,2009-2010,44-1,teste_30.csv,1,2010-01-17,10,1,1,0.6666666666666666,30,0.6
knn,15,2009-2010,45-1,teste_31.csv,1,2010-01-17,10,0,1,0.6666666666666666,31,0.5806451612903226
knn,15,2009-2010,46-1,teste_32.csv,1,2010-01-18,10,1,1,0.5454545454545454,32,0.59375
knn,15,2009-2010,47-1,teste_33.csv,1,2010-01-19,3,1,1,1.0,33,0.6060606060606061
knn,15,2009-2010,48-1,teste_34.csv,1,2010-01-20,9,1,1,0.5555555555555556,34,0.6176470588235294
knn,15,2009-2010,49-1,teste_35.csv,1,2010-01-22,11,1,1,0.6666666666666666,35,0.6285714285714286
knn,15,2009-2010,50-1,teste_36.csv,1,2010-01-22,11,1,1,0.6666666666666666,36,0.6388888888888888
knn,15,2009-2010,51-1,teste_37.csv,1,2010-01-22,11,0,1,0.5454545454545454,37,0.6216216216216216
knn,15,2009-2010,52-1,teste_38.csv,1,2010-01-22,11,1,1,1.0,38,0.631578947368421
knn,15,2009-2010,53-1,teste_39.csv,1,2010-01-24,12,1,1,0.5714285714285714,39,0.6410256410256411
knn,15,2009-2010,54-1,teste_40.csv,1,2010-01-24,12,1,0,0.4285714285714285,40,0.625
knn,15,2009-2010,55-1,teste_41.csv,1,2010-01-24,12,0,1,0.5454545454545454,41,0.6097560975609756
knn,15,2009-2010,56-1,teste_42.csv,1,2010-01-26,8,1,1,0.6,42,0.6190476190476191
knn,15,2009-2010,57-1,teste_43.csv,1,2010-01-29,13,1,1,0.8571428571428571,43,0.627906976744186
knn,15,2009-2010,58-1,teste_44.csv,1,2010-01-29,13,1,1,0.7142857142857143,44,0.6363636363636364
knn,15,2009-2010,59-1,teste_45.csv,1,2010-01-29,13,0,1,0.8,45,0.6222222222222222
knn,15,2009-2010,60-1,teste_46.csv,1,2010-01-29,13,1,1,1.0,46,0.6304347826086957
knn,15,2009-2010,61-1,teste_47.csv,1,2010-01-29,13,1,1,1.0,47,0.6382978723404256
knn,15,2009-2010,62-1,teste_48.csv,1,2010-01-29,13,1,1,0.6,48,0.6458333333333334
knn,15,2009-2010,63-1,teste_49.csv,1,2010-01-29,13,0,1,0.7142857142857143,49,0.6326530612244898
knn,15,2009-2010,64-1,teste_50.csv,1,2010-02-02,8,1,1,1.0,50,0.64
knn,15,2009-2010,65-1,teste_51.csv,1,2010-02-05,1,0,1,0.7142857142857143,51,0.6274509803921569
knn,15,2009-2010,66-1,teste_52.csv,1,2010-02-05,1,1,1,0.8,52,0.6346153846153846
knn,15,2009-2010,67-1,teste_53.csv,1,2010-02-05,1,0,1,0.8,53,0.6226415094339622
knn,15,2009-2010,68-1,teste_54.csv,1,2010-02-05,1,1,1,0.8181818181818182,54,0.6296296296296297
knn,15,2009-2010,69-1,teste_55.csv,1,2010-02-05,1,0,0,0.0,55,0.6363636363636364
knn,15,2009-2010,70-1,teste_56.csv,1,2010-02-05,1,1,0,0.3333333333333333,56,0.625
knn,15,2009-2010,71-1,teste_57.csv,1,2010-02-05,1,0,0,0.3333333333333333,57,0.631578947368421
knn,15,2009-2010,72-1,teste_58.csv,1,2010-02-07,2,1,0,0.0,58,0.6206896551724138
knn,15,2009-2010,73-1,teste_59.csv,1,2010-02-07,2,0,0,0.0,59,0.6271186440677966
knn,15,2009-2010,74-1,teste_60.csv,1,2010-02-07,2,1,1,1.0,60,0.6333333333333333
knn,15,2009-2010,75-1,teste_61.csv,1,2010-02-07,2,1,1,0.6,61,0.639344262295082
knn,15,2009-2010,76-1,teste_62.csv,1,2010-02-07,2,1,1,0.6,62,0.6451612903225806
knn,15,2009-2010,77-1,teste_63.csv,1,2010-02-07,2,1,1,0.6,63,0.6507936507936508
knn,15,2009-2010,78-1,teste_64.csv,1,2010-02-09,10,1,1,1.0,64,0.65625
knn,15,2009-2010,80-1,teste_66.csv,1,2010-02-10,8,0,1,0.6,65,0.6461538461538462
knn,15,2009-2010,79-1,teste_65.csv,1,2010-02-10,12,0,1,0.8,66,0.6363636363636364
knn,15,2009-2010,81-1,teste_67.csv,1,2010-02-12,11,1,0,0.2857142857142857,67,0.6268656716417911
knn,15,2009-2010,82-1,teste_68.csv,1,2010-02-12,11,0,0,0.2,68,0.6323529411764706
knn,15,2009-2010,83-1,teste_69.csv,1,2010-02-17,12,1,1,0.6,69,0.6376811594202898
knn,15,2009-2010,84-1,teste_70.csv,1,2010-02-26,3,1,1,0.5714285714285714,70,0.6428571428571429
knn,15,2009-2010,85-1,teste_71.csv,1,2010-02-26,3,1,0,0.4285714285714285,71,0.6338028169014085
knn,15,2009-2010,86-1,teste_72.csv,1,2010-02-26,3,1,1,1.0,72,0.6388888888888888
knn,15,2009-2010,87-1,teste_73.csv,1,2010-02-26,3,1,1,0.5714285714285714,73,0.6438356164383562
knn,15,2009-2010,88-1,teste_74.csv,1,2010-02-26,3,1,0,0.4285714285714285,74,0.6351351351351351
knn,15,2009-2010,89-1,teste_75.csv,1,2010-02-26,3,1,1,0.6,75,0.64
knn,15,2009-2010,90-1,teste_76.csv,1,2010-02-26,3,1,1,0.8,76,0.6447368421052632
knn,15,2009-2010,91-1,teste_77.csv,1,2010-02-28,4,1,1,0.5714285714285714,77,0.6493506493506493
knn,15,2009-2010,92-1,teste_78.csv,1,2010-02-28,4,1,1,1.0,78,0.6538461538461539
knn,15,2009-2010,93-1,teste_79.csv,1,2010-02-28,4,1,1,0.8571428571428571,79,0.6582278481012658
knn,15,2009-2010,94-1,teste_80.csv,1,2010-02-28,4,0,1,0.8571428571428571,80,0.65
knn,15,2009-2010,95-1,teste_81.csv,1,2010-02-28,4,1,1,1.0,81,0.654320987654321
knn,15,2009-2010,96-1,teste_82.csv,1,2010-02-28,4,1,1,0.8,82,0.6585365853658537
knn,15,2009-2010,100-1,teste_86.csv,1,2010-03-05,5,0,1,0.5714285714285714,83,0.6506024096385542
knn,15,2009-2010,101-1,teste_87.csv,1,2010-03-05,5,0,1,0.7777777777777778,84,0.6428571428571429
knn,15,2009-2010,102-1,teste_88.csv,1,2010-03-05,5,1,0,0.3333333333333333,85,0.6352941176470588
knn,15,2009-2010,97-1,teste_83.csv,1,2010-03-05,5,1,1,0.7142857142857143,86,0.6395348837209303
knn,15,2009-2010,98-1,teste_84.csv,1,2010-03-05,5,1,1,0.8571428571428571,87,0.6436781609195402
knn,15,2009-2010,99-1,teste_85.csv,1,2010-03-05,5,0,0,0.4285714285714285,88,0.6477272727272727
knn,15,2009-2010,109-1,teste_95.csv,1,2010-03-07,5,1,1,0.8888888888888888,89,0.651685393258427
knn,15,2009-2010,103-1,teste_89.csv,1,2010-03-07,6,0,0,0.3333333333333333,90,0.6555555555555556
knn,15,2009-2010,104-1,teste_90.csv,1,2010-03-07,6,0,0,0.4444444444444444,91,0.6593406593406593
knn,15,2009-2010,105-1,teste_91.csv,1,2010-03-07,6,0,1,0.7777777777777778,92,0.6521739130434783
knn,15,2009-2010,106-1,teste_92.csv,1,2010-03-07,6,1,0,0.3333333333333333,93,0.6451612903225806
knn,15,2009-2010,107-1,teste_93.csv,1,2010-03-07,6,1,1,0.7777777777777778,94,0.648936170212766
knn,15,2009-2010,108-1,teste_94.csv,1,2010-03-07,6,1,1,0.8888888888888888,95,0.6526315789473685
knn,15,2009-2010,110-1,teste_96.csv,1,2010-03-12,7,0,1,0.8888888888888888,96,0.6458333333333334
knn,15,2009-2010,111-1,teste_97.csv,1,2010-03-12,7,1,1,0.6666666666666666,97,0.6494845360824743
knn,15,2009-2010,112-1,teste_98.csv,1,2010-03-12,7,1,1,0.7777777777777778,98,0.6530612244897959
knn,15,2009-2010,113-1,teste_99.csv,1,2010-03-12,7,1,1,0.6666666666666666,99,0.6565656565656566
knn,15,2009-2010,114-1,teste_100.csv,1,2010-03-12,7,1,1,0.6666666666666666,100,0.66
knn,15,2009-2010,115-1,teste_101.csv,1,2010-03-12,7,0,1,1.0,101,0.6534653465346535
knn,15,2009-2010,116-1,teste_102.csv,1,2010-03-12,7,0,1,0.6666666666666666,102,0.6470588235294118
knn,15,2009-2010,117-1,teste_103.csv,1,2010-03-14,8,1,1,0.6666666666666666,103,0.6504854368932039
knn,15,2009-2010,118-1,teste_104.csv,1,2010-03-14,8,1,1,0.7272727272727273,104,0.6538461538461539
knn,15,2009-2010,119-1,teste_105.csv,1,2010-03-14,8,1,1,0.6666666666666666,105,0.6571428571428571
knn,15,2009-2010,120-1,teste_106.csv,1,2010-03-14,8,0,1,0.7272727272727273,106,0.6509433962264151
knn,15,2009-2010,121-1,teste_107.csv,1,2010-03-14,8,1,1,1.0,107,0.6542056074766355
knn,15,2009-2010,122-1,teste_108.csv,1,2010-03-14,8,0,0,0.0,108,0.6574074074074074
knn,15,2009-2010,123-1,teste_109.csv,1,2010-03-19,9,1,1,1.0,109,0.6605504587155964
knn,15,2009-2010,124-1,teste_110.csv,1,2010-03-19,9,0,0,0.3333333333333333,110,0.6636363636363637
knn,15,2009-2010,125-1,teste_111.csv,1,2010-03-19,9,1,0,0.3333333333333333,111,0.6576576576576577
knn,15,2009-2010,126-1,teste_112.csv,1,2010-03-19,9,1,0,0.0,112,0.6517857142857143
knn,15,2009-2010,127-1,teste_113.csv,1,2010-03-19,9,1,0,0.0,113,0.6460176991150443
knn,15,2009-2010,128-1,teste_114.csv,1,2010-03-19,9,0,1,1.0,114,0.6403508771929824
knn,15,2009-2010,129-1,teste_115.csv,1,2010-03-21,10,0,1,0.5714285714285714,115,0.6347826086956522
knn,15,2009-2010,130-1,teste_116.csv,1,2010-03-21,10,1,1,0.7142857142857143,116,0.6379310344827587
knn,15,2009-2010,131-1,teste_117.csv,1,2010-03-21,10,1,0,0.2857142857142857,117,0.6324786324786325
knn,15,2009-2010,132-1,teste_118.csv,1,2010-03-21,10,1,0,0.4285714285714285,118,0.6271186440677966
knn,15,2009-2010,133-1,teste_119.csv,1,2010-03-21,10,0,0,0.4285714285714285,119,0.6302521008403361
knn,15,2009-2010,134-1,teste_120.csv,1,2010-03-21,10,1,1,0.8182108733526877,120,0.6333333333333333
knn,15,2009-2010,135-1,teste_121.csv,1,2010-03-23,9,0,1,0.5630868905935875,121,0.628099173553719
knn,15,2009-2010,136-1,teste_122.csv,1,2010-03-26,11,1,1,0.90531323968894,122,0.6311475409836066
knn,15,2009-2010,137-1,teste_123.csv,1,2010-03-26,11,1,1,0.6566891246066943,123,0.6341463414634146
knn,15,2009-2010,138-1,teste_124.csv,1,2010-03-26,11,1,1,0.6837510753416814,124,0.6370967741935484
knn,15,2009-2010,139-1,teste_125.csv,1,2010-03-26,11,1,1,0.8086699560998801,125,0.64
knn,15,2009-2010,140-1,teste_126.csv,1,2010-03-26,11,1,0,0.4260555473993135,126,0.6349206349206349
knn,15,2009-2010,141-1,teste_127.csv,1,2010-03-26,11,1,1,0.5714285714285714,127,0.6377952755905512
knn,15,2009-2010,142-1,teste_128.csv,1,2010-03-26,11,0,1,0.5714285714285714,128,0.6328125
knn,15,2009-2010,143-1,teste_129.csv,1,2010-03-28,12,0,0,0.4285714285714285,129,0.6356589147286822
knn,15,2009-2010,144-1,teste_130.csv,1,2010-03-28,12,1,1,0.7142857142857143,130,0.6384615384615384
knn,15,2009-2010,145-1,teste_131.csv,1,2010-03-28,12,0,1,0.7925755311853455,131,0.6335877862595419
knn,15,2009-2010,146-1,teste_132.csv,1,2010-03-28,12,0,1,0.5857617499995256,132,0.6287878787878788
knn,15,2009-2010,147-1,teste_133.csv,1,2010-03-28,12,0,1,0.8238082703647899,133,0.6240601503759399
knn,15,2009-2010,148-1,teste_134.csv,1,2010-03-28,12,1,1,0.8326687224288827,134,0.6268656716417911
knn,15,2009-2010,149-1,teste_135.csv,1,2010-04-02,13,1,1,0.786125092975776,135,0.6296296296296297
knn,15,2009-2010,150-1,teste_136.csv,1,2010-04-02,13,1,1,0.6739657154047605,136,0.6323529411764706
knn,15,2009-2010,151-1,teste_137.csv,1,2010-04-02,13,0,1,0.6748825499983407,137,0.6277372262773723
knn,15,2009-2010,152-1,teste_138.csv,1,2010-04-02,13,0,1,0.6,138,0.6231884057971014
knn,15,2009-2010,153-1,teste_139.csv,1,2010-04-02,13,1,1,0.6,139,0.6258992805755396
knn,15,2009-2010,154-1,teste_140.csv,1,2010-04-02,13,1,1,0.6,140,0.6285714285714286
knn,15,2009-2010,155-1,teste_141.csv,1,2010-04-02,13,1,0,0.3770866314703583,141,0.624113475177305
knn,15,2009-2010,156-1,teste_142.csv,1,2010-04-04,14,1,1,0.6914045635947635,142,0.6267605633802817
knn,15,2009-2010,157-1,teste_143.csv,1,2010-04-04,14,1,1,0.5800855818697447,143,0.6293706293706294
knn,15,2009-2010,158-1,teste_144.csv,1,2010-04-04,14,0,1,0.5714285714285714,144,0.625
knn,15,2009-2010,159-1,teste_145.csv,1,2010-04-04,14,1,0,0.4444444444444444,145,0.6206896551724138
knn,15,2009-2010,160-1,teste_146.csv,1,2010-04-04,14,1,1,0.5555555555555556,146,0.6232876712328768
knn,15,2011-2012,15-1,teste_1.csv,1,2011-11-24,3,1,0,0.4,1,0.0
knn,15,2011-2012,16-1,teste_2.csv,1,2011-11-26,4,1,0,0.3333333333333333,2,0.0
knn,15,2011-2012,17-1,teste_3.csv,1,2011-11-26,4,1,1,0.5714285714285714,3,0.3333333333333333
knn,15,2011-2012,18-1,teste_4.csv,1,2011-11-26,4,1,1,0.7142857142857143,4,0.5
knn,15,2011-2012,19-1,teste_5.csv,1,2011-11-26,4,0,1,0.7142857142857143,5,0.4
knn,15,2011-2012,20-1,teste_6.csv,1,2011-11-26,4,1,0,0.4285714285714285,6,0.3333333333333333
knn,15,2011-2012,21-1,teste_7.csv,1,2011-11-26,4,1,1,0.7142857142857143,7,0.4285714285714285
knn,15,2011-2012,22-1,teste_8.csv,1,2011-11-26,4,0,1,0.8571428571428571,8,0.375
knn,15,2011-2012,23-1,teste_9.csv,1,2011-11-28,3,1,1,0.7620266857082738,9,0.4444444444444444
knn,15,2011-2012,24-1,teste_10.csv,1,2011-12-01,5,1,1,0.5572666286344119,10,0.5
knn,15,2011-2012,25-1,teste_11.csv,1,2011-12-01,5,0,1,0.8,11,0.4545454545454545
knn,15,2011-2012,26-1,teste_12.csv,1,2011-12-01,5,1,1,0.6,12,0.5
knn,15,2011-2012,27-1,teste_13.csv,1,2011-12-01,5,1,1,1.0,13,0.5384615384615384
knn,15,2011-2012,28-1,teste_14.csv,1,2011-12-01,5,0,1,0.6,14,0.5
knn,15,2011-2012,29-1,teste_15.csv,1,2011-12-01,5,1,1,0.6666666666666666,15,0.5333333333333333
knn,15,2011-2012,30-1,teste_16.csv,1,2011-12-01,5,1,1,1.0,16,0.5625
knn,15,2011-2012,31-1,teste_17.csv,1,2011-12-03,6,0,1,0.6,17,0.5294117647058824
knn,15,2011-2012,32-1,teste_18.csv,1,2011-12-03,6,1,1,0.8,18,0.5555555555555556
knn,15,2011-2012,33-1,teste_19.csv,1,2011-12-03,6,0,0,0.3333333333333333,19,0.5789473684210527
knn,15,2011-2012,34-1,teste_20.csv,1,2011-12-03,6,0,1,0.6,20,0.55
knn,15,2011-2012,35-1,teste_21.csv,1,2011-12-03,6,1,1,1.0,21,0.5714285714285714
knn,15,2011-2012,36-1,teste_22.csv,1,2011-12-03,6,1,1,0.6666666666666666,22,0.5909090909090909
knn,15,2011-2012,37-1,teste_23.csv,1,2011-12-08,7,1,0,0.2,23,0.5652173913043478
knn,15,2011-2012,38-1,teste_24.csv,1,2011-12-08,7,1,1,0.8,24,0.5833333333333334
knn,15,2011-2012,39-1,teste_25.csv,1,2011-12-08,7,0,0,0.4,25,0.6
knn,15,2011-2012,40-1,teste_26.csv,1,2011-12-08,7,1,1,0.8,26,0.6153846153846154
knn,15,2011-2012,41-1,teste_27.csv,1,2011-12-08,7,1,1,0.7142857142857143,27,0.6296296296296297
knn,15,2011-2012,42-1,teste_28.csv,1,2011-12-08,7,0,0,0.4285714285714285,28,0.6428571428571429
knn,15,2011-2012,43-1,teste_29.csv,1,2011-12-08,7,1,0,0.4285714285714285,29,0.6206896551724138
knn,15,2011-2012,44-1,teste_30.csv,1,2011-12-10,8,0,0,0.4285714285714285,30,0.6333333333333333
knn,15,2011-2012,45-1,teste_31.csv,1,2011-12-10,8,0,1,0.6666666666666666,31,0.6129032258064516
knn,15,2011-2012,46-1,teste_32.csv,1,2011-12-10,8,0,1,0.5555555555555556,32,0.59375
knn,15,2011-2012,47-1,teste_33.csv,1,2011-12-10,8,1,0,0.4285714285714285,33,0.5757575757575758
knn,15,2011-2012,48-1,teste_34.csv,1,2011-12-10,8,0,1,0.7142857142857143,34,0.5588235294117647
knn,15,2011-2012,49-1,teste_35.csv,1,2011-12-10,8,1,0,0.4285714285714285,35,0.5428571428571428
knn,15,2011-2012,50-1,teste_36.csv,1,2011-12-10,8,1,1,0.8571428571428571,36,0.5555555555555556
knn,15,2011-2012,51-1,teste_37.csv,1,2011-12-12,6,0,0,0.4285714285714285,37,0.5675675675675675
knn,15,2011-2012,52-1,teste_38.csv,1,2011-12-13,1,1,1,0.7142857142857143,38,0.5789473684210527
knn,15,2011-2012,53-1,teste_39.csv,1,2011-12-13,1,1,0,0.4444444444444444,39,0.5641025641025641
knn,15,2011-2012,54-1,teste_40.csv,1,2011-12-15,9,1,1,0.7777777777777778,40,0.575
knn,15,2011-2012,55-1,teste_41.csv,1,2011-12-15,9,1,1,0.8571428571428571,41,0.5853658536585366
knn,15,2011-2012,56-1,teste_42.csv,1,2011-12-15,9,1,1,0.8,42,0.5952380952380952
knn,15,2011-2012,57-1,teste_43.csv,1,2011-12-15,9,1,1,0.8,43,0.6046511627906976
knn,15,2011-2012,58-1,teste_44.csv,1,2011-12-15,9,1,1,0.8,44,0.6136363636363636
knn,15,2011-2012,59-1,teste_45.csv,1,2011-12-15,9,0,0,0.4,45,0.6222222222222222
knn,15,2011-2012,60-1,teste_46.csv,1,2011-12-15,9,0,1,0.8,46,0.6086956521739131
knn,15,2011-2012,61-1,teste_47.csv,1,2011-12-17,10,0,1,0.6,47,0.5957446808510638
knn,15,2011-2012,62-1,teste_48.csv,1,2011-12-17,10,1,1,0.8,48,0.6041666666666666
knn,15,2011-2012,63-1,teste_49.csv,1,2011-12-17,10,1,1,0.7142857142857143,49,0.6122448979591837
knn,15,2011-2012,64-1,teste_50.csv,1,2011-12-17,10,1,1,0.8888888888888888,50,0.62
knn,15,2011-2012,65-1,teste_51.csv,1,2011-12-17,10,1,1,1.0,51,0.6274509803921569
knn,15,2011-2012,66-1,teste_52.csv,1,2011-12-17,10,0,0,0.2,52,0.6346153846153846
knn,15,2011-2012,67-1,teste_53.csv,1,2011-12-17,10,1,1,0.7777777777777778,53,0.6415094339622641
knn,15,2011-2012,68-1,teste_54.csv,1,2012-02-16,4,1,0,0.2222222222222222,54,0.6296296296296297
knn,15,2011-2012,69-1,teste_55.csv,1,2012-02-16,11,1,1,0.6,55,0.6363636363636364
knn,15,2011-2012,70-1,teste_56.csv,1,2012-02-23,7,0,1,0.8571428571428571,56,0.625
knn,15,2011-2012,71-1,teste_57.csv,1,2012-02-23,7,1,1,0.8,57,0.631578947368421
knn,15,2011-2012,72-1,teste_58.csv,1,2012-02-23,7,1,1,0.8,58,0.6379310344827587
knn,15,2011-2012,73-1,teste_59.csv,1,2012-02-23,7,1,1,1.0,59,0.6440677966101694
knn,15,2011-2012,74-1,teste_60.csv,1,2012-02-23,7,0,0,0.2,60,0.65
knn,15,2011-2012,75-1,teste_61.csv,1,2012-02-23,7,1,1,0.8994782597880313,61,0.6557377049180327
knn,15,2011-2012,76-1,teste_62.csv,1,2012-02-25,8,1,1,0.9076824475810268,62,0.6612903225806451
knn,15,2011-2012,77-1,teste_63.csv,1,2012-02-25,8,1,1,0.6666666666666666,63,0.6666666666666666
knn,15,2011-2012,78-1,teste_64.csv,1,2012-02-25,8,1,1,1.0,64,0.671875
knn,15,2011-2012,79-1,teste_65.csv,1,2012-02-25,8,0,0,0.4,65,0.676923076923077
knn,15,2011-2012,80-1,teste_66.csv,1,2012-02-25,8,0,0,0.4,66,0.6818181818181818
knn,15,2011-2012,81-1,teste_67.csv,1,2012-02-25,8,0,1,0.6,67,0.6716417910447762
knn,15,2011-2012,82-1,teste_68.csv,1,2012-02-29,9,0,0,0.4,68,0.6764705882352942
knn,15,2011-2012,83-1,teste_69.csv,1,2012-03-01,9,1,0,0.4,69,0.6666666666666666
knn,15,2011-2012,84-1,teste_70.csv,1,2012-03-01,9,1,0,0.4285714285714285,70,0.6571428571428571
knn,15,2011-2012,85-1,teste_71.csv,1,2012-03-01,9,0,1,0.5714285714285714,71,0.647887323943662
knn,15,2011-2012,86-1,teste_72.csv,1,2012-03-01,9,1,1,0.7142857142857143,72,0.6527777777777778
knn,15,2011-2012,87-1,teste_73.csv,1,2012-03-01,9,1,1,1.0,73,0.6575342465753424
knn,15,2011-2012,88-1,teste_74.csv,1,2012-03-03,10,0,0,0.3333333333333333,74,0.6621621621621622
knn,15,2011-2012,89-1,teste_75.csv,1,2012-03-03,10,0,1,0.6666666666666666,75,0.6533333333333333
knn,15,2011-2012,90-1,teste_76.csv,1,2012-03-03,10,1,1,0.6666666666666666,76,0.6578947368421053
knn,15,2011-2012,91-1,teste_77.csv,1,2012-03-03,10,1,1,1.0,77,0.6623376623376623
knn,15,2011-2012,92-1,teste_78.csv,1,2012-03-03,10,1,1,0.6666666666666666,78,0.6666666666666666
knn,15,2011-2012,93-1,teste_79.csv,1,2012-03-03,10,1,1,0.6666666666666666,79,0.6708860759493671
knn,15,2011-2012,94-1,teste_80.csv,1,2012-03-03,10,1,1,0.6666666666666666,80,0.675
knn,15,2011-2012,95-1,teste_81.csv,1,2012-03-06,3,1,1,0.6666666666666666,81,0.6790123456790124
knn,15,2011-2012,96-1,teste_82.csv,1,2012-03-07,7,1,1,0.6666666666666666,82,0.6829268292682927
knn,15,2011-2012,97-1,teste_83.csv,1,2012-03-12,8,1,1,0.7777777777777778,83,0.6867469879518072
knn,15,2011-2012,98-1,teste_84.csv,1,2012-03-13,11,1,1,1.0,84,0.6904761904761905
knn,15,2011-2012,99-1,teste_85.csv,1,2012-03-13,12,1,1,0.8181818181818182,85,0.6941176470588235
knn,15,2011-2012,100-1,teste_86.csv,1,2012-03-15,11,1,1,0.9090909090909092,86,0.6976744186046512
knn,15,2011-2012,101-1,teste_87.csv,1,2012-03-15,11,1,1,0.5454545454545454,87,0.7011494252873564
knn,15,2011-2012,103-1,teste_89.csv,1,2012-03-15,11,1,1,0.9208815638909006,88,0.7045454545454546
knn,15,2011-2012,104-1,teste_90.csv,1,2012-03-15,11,0,1,0.8239723246656199,89,0.6966292134831461
knn,15,2011-2012,105-1,teste_91.csv,1,2012-03-15,11,0,0,0.3333333333333333,90,0.7
knn,15,2011-2012,102-1,teste_88.csv,1,2012-03-15,12,1,1,0.7272727272727273,91,0.7032967032967034
knn,15,2011-2012,106-1,teste_92.csv,1,2012-03-17,12,0,0,0.4444444444444444,92,0.7065217391304348
knn,15,2011-2012,107-1,teste_93.csv,1,2012-03-17,12,1,1,0.7777777777777778,93,0.7096774193548387
knn,15,2011-2012,108-1,teste_94.csv,1,2012-03-17,12,1,1,0.8888888888888888,94,0.7127659574468085
knn,15,2011-2012,109-1,teste_95.csv,1,2012-03-17,12,0,0,0.0,95,0.7157894736842105
knn,15,2011-2012,110-1,teste_96.csv,1,2012-03-17,12,0,1,1.0,96,0.7083333333333334
knn,15,2011-2012,111-1,teste_97.csv,1,2012-03-21,9,1,1,0.5714285714285714,97,0.711340206185567
knn,15,2011-2012,112-1,teste_98.csv,1,2012-03-24,4,1,1,0.7142857142857143,98,0.7142857142857143
knn,15,2011-2012,113-1,teste_99.csv,1,2012-03-28,13,0,0,0.4,99,0.7171717171717171
knn,15,2011-2012,114-1,teste_100.csv,1,2012-03-29,13,1,1,0.6,100,0.72
knn,15,2011-2012,115-1,teste_101.csv,1,2012-03-29,13,1,1,0.7142857142857143,101,0.7227722772277227
knn,15,2011-2012,116-1,teste_102.csv,1,2012-03-29,13,1,1,0.7142857142857143,102,0.7254901960784313
knn,15,2011-2012,117-1,teste_103.csv,1,2012-03-29,13,0,1,0.5714285714285714,103,0.7184466019417476
knn,15,2011-2012,118-1,teste_104.csv,1,2012-03-31,14,0,1,0.8571428571428571,104,0.7115384615384616
knn,15,2011-2012,119-1,teste_105.csv,1,2012-03-31,14,1,1,0.5714285714285714,105,0.7142857142857143
knn,15,2011-2012,120-1,teste_106.csv,1,2012-03-31,14,1,1,0.8571428571428571,106,0.7169811320754716
knn,15,2011-2012,121-1,teste_107.csv,1,2012-03-31,14,0,1,0.8571428571428571,107,0.7102803738317757
knn,15,2011-2012,122-1,teste_108.csv,1,2012-03-31,14,0,0,0.1428571428571428,108,0.7129629629629629
knn,15,2011-2012,123-1,teste_109.csv,1,2012-03-31,14,1,1,1.0,109,0.7155963302752294
knn,15,2011-2012,124-1,teste_110.csv,1,2012-04-05,15,0,1,1.0,110,0.7090909090909091
knn,15,2011-2012,125-1,teste_111.csv,1,2012-04-05,15,0,1,0.6666666666666666,111,0.7027027027027027
knn,15,2011-2012,126-1,teste_112.csv,1,2012-04-05,15,1,1,0.8571428571428571,112,0.7053571428571429
knn,15,2011-2012,127-1,teste_113.csv,1,2012-04-05,15,1,1,0.5714285714285714,113,0.7079646017699115
knn,15,2011-2012,128-1,teste_114.csv,1,2012-04-05,15,0,0,0.1428571428571428,114,0.7105263157894737
knn,15,2011-2012,129-1,teste_115.csv,1,2012-04-06,15,1,1,0.7777777777777778,115,0.7130434782608696
knn,15,2011-2012,130-1,teste_116.csv,1,2012-04-06,15,1,1,0.6666666666666666,116,0.7155172413793104
knn,15,2011-2012,131-1,teste_117.csv,1,2012-04-08,13,1,1,0.8571428571428571,117,0.717948717948718
knn,15,2011-2012,133-1,teste_119.csv,1,2012-04-10,13,1,1,1.0,118,0.7203389830508474
knn,15,2011-2012,132-1,teste_118.csv,1,2012-04-10,14,1,0,0.4285714285714285,119,0.7142857142857143
knn,15,2011-2012,134-1,teste_120.csv,1,2012-04-13,1,1,1,0.5714285714285714,120,0.7166666666666667
knn,15,2011-2012,135-1,teste_121.csv,1,2012-04-14,1,1,1,1.0,121,0.71900826446281
knn,15,2011-2012,136-1,teste_122.csv,1,2012-04-14,1,0,1,1.0,122,0.7131147540983607
knn,15,2011-2012,137-1,teste_123.csv,1,2012-04-14,1,1,1,0.6666666666666666,123,0.7154471544715447
knn,15,2011-2012,138-1,teste_124.csv,1,2012-04-17,2,1,1,0.6666666666666666,124,0.717741935483871
knn,15,2011-2012,139-1,teste_125.csv,1,2012-04-17,2,0,1,1.0,125,0.712
knn,15,2011-2012,140-1,teste_126.csv,1,2012-04-18,2,1,1,1.0,126,0.7142857142857143
knn,15,2011-2012,141-1,teste_127.csv,1,2012-04-18,2,1,1,0.6666666666666666,127,0.7165354330708661
knn,15,2011-2012,142-1,teste_128.csv,1,2012-04-19,3,0,1,0.6666666666666666,128,0.7109375
knn,15,2011-2012,143-1,teste_129.csv,1,2012-04-19,3,1,1,0.8,129,0.7131782945736435
knn,15,2011-2012,144-1,teste_130.csv,1,2012-04-20,3,1,1,1.0,130,0.7153846153846154
knn,15,2011-2012,145-1,teste_131.csv,1,2012-04-20,3,1,1,1.0,131,0.7175572519083969
knn,15,2011-2012,146-1,teste_132.csv,1,2012-04-22,4,1,1,0.6666666666666666,132,0.7196969696969697
knn,15,2011-2012,147-1,teste_133.csv,1,2012-04-23,4,0,1,0.6666666666666666,133,0.7142857142857143
knn,15,2011-2012,148-1,teste_134.csv,1,2012-04-24,5,1,1,0.8,134,0.7164179104477612
knn,15,2011-2012,149-1,teste_135.csv,1,2012-04-27,1,1,1,0.8,135,0.7185185185185186
knn,15,2011-2012,150-1,teste_136.csv,1,2012-04-27,1,0,0,0.2857142857142857,136,0.7205882352941176
knn,15,2011-2012,151-1,teste_137.csv,1,2012-04-28,1,0,1,0.5714285714285714,137,0.7153284671532847
knn,15,2011-2012,152-1,teste_138.csv,1,2012-05-01,2,1,0,0.4,138,0.7101449275362319
knn,15,2011-2012,153-1,teste_139.csv,1,2012-05-01,2,0,1,0.8,139,0.7050359712230215
knn,15,2011-2012,154-1,teste_140.csv,1,2012-05-01,2,1,0,0.4,140,0.7
knn,15,2011-2012,155-1,teste_141.csv,1,2012-05-03,3,1,1,0.8,141,0.7021276595744681
knn,15,2011-2012,156-1,teste_142.csv,1,2012-05-03,3,1,1,0.6,142,0.704225352112676
knn,15,2011-2012,158-1,teste_144.csv,1,2012-05-04,1,0,0,0.3333333333333333,143,0.7062937062937062
knn,15,2011-2012,157-1,teste_143.csv,1,2012-05-04,3,0,1,0.8137349121657381,144,0.7013888888888888
knn,15,2011-2012,159-1,teste_145.csv,1,2012-05-07,2,1,1,1.0,145,0.7034482758620689
knn,15,2011-2012,162-1,teste_148.csv,1,2012-05-08,3,1,1,1.0,146,0.7054794520547946
knn,15,2011-2012,160-1,teste_146.csv,1,2012-05-08,4,0,1,0.6666666666666666,147,0.7006802721088435
knn,15,2011-2012,161-1,teste_147.csv,1,2012-05-08,4,1,1,0.8,148,0.7027027027027027
knn,15,2011-2012,163-1,teste_149.csv,1,2012-05-11,5,1,1,0.8,149,0.7046979865771812
knn,15,2011-2012,164-1,teste_150.csv,1,2012-05-11,5,1,0,0.2,150,0.7
knn,15,2011-2012,165-1,teste_151.csv,1,2012-05-15,1,1,1,0.5714285714285714,151,0.7019867549668874
knn,15,2011-2012,167-1,teste_153.csv,1,2012-05-18,1,1,1,0.8571428571428571,152,0.7039473684210527
knn,15,2011-2012,166-1,teste_152.csv,1,2012-05-18,2,1,1,0.7777777777777778,153,0.7058823529411765
knn,15,2011-2012,168-1,teste_154.csv,1,2012-05-20,2,1,1,0.5714285714285714,154,0.7077922077922078
knn,15,2011-2012,169-1,teste_155.csv,1,2012-05-20,3,1,1,0.8888888888888888,155,0.7096774193548387
knn,15,2011-2012,170-1,teste_156.csv,1,2012-05-22,3,0,1,0.5555555555555556,156,0.7051282051282052
knn,15,2011-2012,171-1,teste_157.csv,1,2012-05-25,4,0,1,1.0,157,0.7006369426751592
knn,15,2011-2012,172-1,teste_158.csv,1,2012-05-25,4,1,1,0.5555555555555556,158,0.7025316455696202
knn,15,2011-2012,173-1,teste_159.csv,1,2012-05-27,5,0,0,0.4285714285714285,159,0.7044025157232704
knn,15,2011-2012,174-1,teste_160.csv,1,2012-05-27,5,1,1,0.8571428571428571,160,0.70625
knn,15,2012-2013,15-1,teste_1.csv,1,2012-11-29,3,0,1,0.8,1,0.0
knn,15,2012-2013,16-1,teste_2.csv,1,2012-11-29,3,1,1,0.8,2,0.5
knn,15,2012-2013,17-1,teste_3.csv,1,2012-11-29,3,1,1,0.8,3,0.6666666666666666
knn,15,2012-2013,18-1,teste_4.csv,1,2012-11-29,3,0,1,1.0,4,0.5
knn,15,2012-2013,19-1,teste_5.csv,1,2012-11-29,3,0,1,0.6666666666666666,5,0.4
knn,15,2012-2013,20-1,teste_6.csv,1,2012-12-01,4,1,1,0.6666666666666666,6,0.5
knn,15,2012-2013,21-1,teste_7.csv,1,2012-12-01,4,1,1,0.6,7,0.5714285714285714
knn,15,2012-2013,22-1,teste_8.csv,1,2012-12-01,4,1,1,1.0,8,0.625
knn,15,2012-2013,23-1,teste_9.csv,1,2012-12-01,4,0,0,0.3333333333333333,9,0.6666666666666666
knn,15,2012-2013,24-1,teste_10.csv,1,2012-12-01,4,0,1,1.0,10,0.6
knn,15,2012-2013,25-1,teste_11.csv,1,2012-12-06,5,1,0,0.3333333333333333,11,0.5454545454545454
knn,15,2012-2013,26-1,teste_12.csv,1,2012-12-06,5,1,0,0.3333333333333333,12,0.5
knn,15,2012-2013,27-1,teste_13.csv,1,2012-12-06,5,0,0,0.3333333333333333,13,0.5384615384615384
knn,15,2012-2013,28-1,teste_14.csv,1,2012-12-06,5,1,1,0.6666666666666666,14,0.5714285714285714
knn,15,2012-2013,29-1,teste_15.csv,1,2012-12-06,5,1,1,0.6666666666666666,15,0.6
knn,15,2012-2013,30-1,teste_16.csv,1,2012-12-06,5,1,1,0.6666666666666666,16,0.625
knn,15,2012-2013,31-1,teste_17.csv,1,2012-12-06,5,1,1,1.0,17,0.6470588235294118
knn,15,2012-2013,32-1,teste_18.csv,1,2012-12-08,6,0,1,1.0,18,0.6111111111111112
knn,15,2012-2013,33-1,teste_19.csv,1,2012-12-08,6,1,1,0.6666666666666666,19,0.631578947368421
knn,15,2012-2013,34-1,teste_20.csv,1,2012-12-08,6,1,1,1.0,20,0.65
knn,15,2012-2013,35-1,teste_21.csv,1,2012-12-08,6,1,1,0.6666666666666666,21,0.6666666666666666
knn,15,2012-2013,36-1,teste_22.csv,1,2012-12-08,6,1,1,0.8571428571428571,22,0.6818181818181818
knn,15,2012-2013,37-1,teste_23.csv,1,2012-12-08,6,0,1,1.0,23,0.6521739130434783
knn,15,2012-2013,38-1,teste_24.csv,1,2012-12-10,2,1,1,0.6666666666666666,24,0.6666666666666666
knn,15,2012-2013,39-1,teste_25.csv,1,2012-12-10,2,1,0,0.2,25,0.64
knn,15,2012-2013,40-1,teste_26.csv,1,2012-12-10,6,0,1,1.0,26,0.6153846153846154
knn,15,2012-2013,41-1,teste_27.csv,1,2012-12-13,7,0,1,0.6666666666666666,27,0.5925925925925926
knn,15,2012-2013,42-1,teste_28.csv,1,2012-12-13,7,1,1,1.0,28,0.6071428571428571
knn,15,2012-2013,43-1,teste_29.csv,1,2012-12-13,7,1,1,0.6666666666666666,29,0.6206896551724138
knn,15,2012-2013,44-1,teste_30.csv,1,2012-12-13,7,1,1,0.6666666666666666,30,0.6333333333333333
knn,15,2012-2013,45-1,teste_31.csv,1,2012-12-13,7,1,0,0.3333333333333333,31,0.6129032258064516
knn,15,2012-2013,46-1,teste_32.csv,1,2012-12-13,7,0,1,0.6666666666666666,32,0.59375
knn,15,2012-2013,47-1,teste_33.csv,1,2012-12-13,7,0,1,0.6666666666666666,33,0.5757575757575758
knn,15,2012-2013,48-1,teste_34.csv,1,2012-12-13,7,0,0,0.3333333333333333,34,0.5882352941176471
knn,15,2012-2013,49-1,teste_35.csv,1,2012-12-13,7,1,1,0.6666666666666666,35,0.6
knn,15,2012-2013,50-1,teste_36.csv,1,2012-12-15,8,0,1,1.0,36,0.5833333333333334
knn,15,2012-2013,51-1,teste_37.csv,1,2012-12-15,8,1,1,1.0,37,0.5945945945945946
knn,15,2012-2013,52-1,teste_38.csv,1,2012-12-15,8,0,0,0.3333333333333333,38,0.6052631578947368
knn,15,2012-2013,53-1,teste_39.csv,1,2012-12-15,8,0,1,0.6666666666666666,39,0.5897435897435898
knn,15,2012-2013,54-1,teste_40.csv,1,2012-12-15,8,1,0,0.3333333333333333,40,0.575
knn,15,2012-2013,55-1,teste_41.csv,1,2012-12-15,8,1,0,0.4,41,0.5609756097560976
knn,15,2012-2013,56-1,teste_42.csv,1,2012-12-15,8,1,0,0.2,42,0.5476190476190477
knn,15,2012-2013,57-1,teste_43.csv,1,2012-12-15,8,1,0,0.4444444444444444,43,0.5348837209302325
knn,15,2012-2013,59-1,teste_45.csv,1,2012-12-17,3,0,1,0.6,44,0.5227272727272727
knn,15,2012-2013,58-1,teste_44.csv,1,2012-12-17,4,0,0,0.4444444444444444,45,0.5333333333333333
knn,15,2012-2013,60-1,teste_46.csv,1,2012-12-17,4,1,1,0.8,46,0.5434782608695652
knn,15,2012-2013,61-1,teste_47.csv,1,2012-12-19,9,1,1,0.6666666666666666,47,0.5531914893617021
knn,15,2012-2013,62-1,teste_48.csv,1,2012-12-20,9,1,1,0.6666666666666666,48,0.5625
knn,15,2012-2013,63-1,teste_49.csv,1,2012-12-20,9,0,0,0.2,49,0.5714285714285714
knn,15,2012-2013,64-1,teste_50.csv,1,2012-12-20,9,1,1,1.0,50,0.58
knn,15,2012-2013,65-1,teste_51.csv,1,2012-12-20,9,1,1,0.7142857142857143,51,0.5882352941176471
knn,15,2012-2013,66-1,teste_52.csv,1,2012-12-20,9,1,0,0.0,52,0.5769230769230769
knn,15,2012-2013,67-1,teste_53.csv,1,2012-12-20,9,1,1,0.5714285714285714,53,0.5849056603773585
knn,15,2012-2013,68-1,teste_54.csv,1,2012-12-20,9,0,1,0.6666666666666666,54,0.5740740740740741
knn,15,2012-2013,69-1,teste_55.csv,1,2012-12-20,9,1,1,0.5714285714285714,55,0.5818181818181818
knn,15,2012-2013,70-1,teste_56.csv,1,2012-12-22,10,1,1,0.7142857142857143,56,0.5892857142857143
knn,15,2012-2013,71-1,teste_57.csv,1,2012-12-22,10,0,1,0.8571428571428571,57,0.5789473684210527
knn,15,2012-2013,72-1,teste_58.csv,1,2012-12-22,10,1,0,0.4285714285714285,58,0.5689655172413793
knn,15,2012-2013,73-1,teste_59.csv,1,2012-12-22,10,0,1,0.5714285714285714,59,0.559322033898305
knn,15,2012-2013,74-1,teste_60.csv,1,2012-12-22,10,0,1,0.6,60,0.55
knn,15,2012-2013,75-1,teste_61.csv,1,2012-12-22,10,1,1,0.8,61,0.5573770491803278
knn,15,2012-2013,76-1,teste_62.csv,1,2012-12-22,10,1,1,0.8571428571428571,62,0.5645161290322581
knn,15,2012-2013,77-1,teste_63.csv,1,2012-12-22,10,0,1,0.6,63,0.5555555555555556
knn,15,2012-2013,78-1,teste_64.csv,1,2013-01-05,11,0,0,0.4,64,0.5625
knn,15,2012-2013,79-1,teste_65.csv,1,2013-01-05,11,0,0,0.0,65,0.5692307692307692
knn,15,2012-2013,80-1,teste_66.csv,1,2013-01-05,11,1,0,0.2,66,0.5606060606060606
knn,15,2012-2013,81-1,teste_67.csv,1,2013-01-05,11,0,1,0.8,67,0.5522388059701493
knn,15,2012-2013,82-1,teste_68.csv,1,2013-01-05,11,0,0,0.4,68,0.5588235294117647
knn,15,2012-2013,83-1,teste_69.csv,1,2013-01-05,11,0,1,0.5714285714285714,69,0.5507246376811594
knn,15,2012-2013,84-1,teste_70.csv,1,2013-01-05,11,0,1,0.5714285714285714,70,0.5428571428571428
knn,15,2012-2013,85-1,teste_71.csv,1,2013-01-05,11,1,0,0.4285714285714285,71,0.5352112676056338
knn,15,2012-2013,86-1,teste_72.csv,1,2013-01-05,11,1,1,0.8571428571428571,72,0.5416666666666666
knn,15,2012-2013,87-1,teste_73.csv,1,2013-01-07,12,1,0,0.4285714285714285,73,0.5342465753424658
knn,15,2012-2013,88-1,teste_74.csv,1,2013-01-07,12,0,0,0.2857142857142857,74,0.5405405405405406
knn,15,2012-2013,89-1,teste_75.csv,1,2013-01-07,12,0,0,0.4,75,0.5466666666666666
knn,15,2012-2013,90-1,teste_76.csv,1,2013-01-07,12,0,1,0.6,76,0.5394736842105263
knn,15,2012-2013,91-1,teste_77.csv,1,2013-01-07,12,0,0,0.2,77,0.5454545454545454
knn,15,2012-2013,92-1,teste_78.csv,1,2013-01-07,12,0,0,0.0,78,0.5512820512820513
knn,15,2012-2013,93-1,teste_79.csv,1,2013-01-07,12,0,1,0.7142857142857143,79,0.5443037974683544
knn,15,2012-2013,94-1,teste_80.csv,1,2013-01-07,12,0,1,0.5714285714285714,80,0.5375
knn,15,2012-2013,100-1,teste_86.csv,1,2013-01-10,13,1,1,0.6,81,0.5432098765432098
knn,15,2012-2013,101-1,teste_87.csv,1,2013-01-10,13,1,0,0.4,82,0.5365853658536586
knn,15,2012-2013,102-1,teste_88.csv,1,2013-01-10,13,1,1,0.6,83,0.5421686746987951
knn,15,2012-2013,103-1,teste_89.csv,1,2013-01-10,13,1,1,0.6,84,0.5476190476190477
knn,15,2012-2013,95-1,teste_81.csv,1,2013-01-10,13,0,0,0.0,85,0.5529411764705883
knn,15,2012-2013,96-1,teste_82.csv,1,2013-01-10,13,0,1,0.6,86,0.5465116279069767
knn,15,2012-2013,97-1,teste_83.csv,1,2013-01-10,13,1,1,0.8,87,0.5517241379310345
knn,15,2012-2013,98-1,teste_84.csv,1,2013-01-10,13,1,0,0.4,88,0.5454545454545454
knn,15,2012-2013,99-1,teste_85.csv,1,2013-01-10,13,1,1,0.6,89,0.550561797752809
knn,15,2012-2013,104-1,teste_90.csv,1,2013-01-12,14,0,1,0.6,90,0.5444444444444444
knn,15,2012-2013,105-1,teste_91.csv,1,2013-01-12,14,0,1,0.6,91,0.5384615384615384
knn,15,2012-2013,106-1,teste_92.csv,1,2013-01-12,14,1,0,0.4,92,0.532608695652174
knn,15,2012-2013,107-1,teste_93.csv,1,2013-01-12,14,1,0,0.1954070154919796,93,0.5268817204301075
knn,15,2012-2013,108-1,teste_94.csv,1,2013-01-12,14,1,1,0.5714285714285714,94,0.5319148936170213
knn,15,2012-2013,109-1,teste_95.csv,1,2013-01-12,14,1,1,0.7777777777777778,95,0.5368421052631579
knn,15,2012-2013,110-1,teste_96.csv,1,2013-01-12,14,1,1,0.8571428571428571,96,0.5416666666666666
knn,15,2012-2013,111-1,teste_97.csv,1,2013-01-12,14,1,1,1.0,97,0.5463917525773195
knn,15,2012-2013,112-1,teste_98.csv,1,2013-01-14,3,1,1,0.8571428571428571,98,0.5510204081632653
knn,15,2012-2013,113-1,teste_99.csv,1,2013-01-15,3,1,1,0.5714285714285714,99,0.5555555555555556
knn,15,2012-2013,114-1,teste_100.csv,1,2013-01-15,4,0,0,0.1428571428571428,100,0.56
knn,15,2012-2013,115-1,teste_101.csv,1,2013-01-17,15,0,1,0.8571428571428571,101,0.5544554455445545
knn,15,2012-2013,116-1,teste_102.csv,1,2013-01-17,15,1,1,0.5714285714285714,102,0.5588235294117647
knn,15,2012-2013,117-1,teste_103.csv,1,2013-01-17,15,1,0,0.1428571428571428,103,0.5533980582524272
knn,15,2012-2013,118-1,teste_104.csv,1,2013-01-17,15,0,0,0.4285714285714285,104,0.5576923076923077
knn,15,2012-2013,119-1,teste_105.csv,1,2013-01-17,15,0,0,0.2282022442413827,105,0.5619047619047619
knn,15,2012-2013,120-1,teste_106.csv,1,2013-01-17,15,1,0,0.3896888908891908,106,0.5566037735849056
knn,15,2012-2013,121-1,teste_107.csv,1,2013-01-17,15,0,0,0.1428571428571428,107,0.5607476635514018
knn,15,2012-2013,122-1,teste_108.csv,1,2013-01-17,15,0,1,0.5714285714285714,108,0.5555555555555556
knn,15,2012-2013,123-1,teste_109.csv,1,2013-01-17,15,1,0,0.3333333333333333,109,0.5504587155963303
knn,15,2012-2013,124-1,teste_110.csv,1,2013-01-19,16,0,1,0.7142857142857143,110,0.5454545454545454
knn,15,2012-2013,125-1,teste_111.csv,1,2013-01-19,16,0,1,0.5714285714285714,111,0.5405405405405406
knn,15,2012-2013,126-1,teste_112.csv,1,2013-01-19,16,0,0,0.0,112,0.5446428571428571
knn,15,2012-2013,127-1,teste_113.csv,1,2013-01-19,16,1,1,0.5555555555555556,113,0.5486725663716814
knn,15,2012-2013,128-1,teste_114.csv,1,2013-01-19,16,1,0,0.3333333333333333,114,0.543859649122807
knn,15,2012-2013,129-1,teste_115.csv,1,2013-01-19,16,0,1,0.5555555555555556,115,0.5391304347826087
knn,15,2012-2013,130-1,teste_116.csv,1,2013-01-19,16,1,0,0.4444444444444444,116,0.5344827586206896
knn,15,2012-2013,131-1,teste_117.csv,1,2013-01-19,16,1,0,0.2222222222222222,117,0.5299145299145299
knn,15,2012-2013,133-1,teste_119.csv,1,2013-01-21,2,0,0,0.2222222222222222,118,0.5338983050847458
knn,15,2012-2013,132-1,teste_118.csv,1,2013-01-21,6,1,1,0.5555555555555556,119,0.5378151260504201
knn,15,2012-2013,134-1,teste_120.csv,1,2013-01-24,17,0,0,0.1111111111111111,120,0.5416666666666666
knn,15,2012-2013,135-1,teste_121.csv,1,2013-01-24,17,1,1,0.6666666666666666,121,0.5454545454545454
knn,15,2012-2013,136-1,teste_122.csv,1,2013-01-24,17,1,1,0.6363636363636364,122,0.5491803278688525
knn,15,2012-2013,137-1,teste_123.csv,1,2013-01-24,17,1,1,0.7777777777777778,123,0.5528455284552846
knn,15,2012-2013,138-1,teste_124.csv,1,2013-01-24,17,1,1,0.8571428571428571,124,0.5564516129032258
knn,15,2012-2013,139-1,teste_125.csv,1,2013-01-24,17,0,1,0.5555555555555556,125,0.552
knn,15,2012-2013,140-1,teste_126.csv,1,2013-01-24,17,1,1,0.7777777777777778,126,0.5555555555555556
knn,15,2012-2013,141-1,teste_127.csv,1,2013-01-24,17,1,1,0.7777777777777778,127,0.5590551181102362
knn,15,2012-2013,142-1,teste_128.csv,1,2013-01-24,17,1,1,0.5555555555555556,128,0.5625
knn,15,2012-2013,143-1,teste_129.csv,1,2013-01-26,18,0,0,0.4444444444444444,129,0.5658914728682171
knn,15,2012-2013,144-1,teste_130.csv,1,2013-01-26,18,1,1,0.6883087110815262,130,0.5692307692307692
knn,15,2012-2013,145-1,teste_131.csv,1,2013-01-26,18,1,1,0.6814550829875939,131,0.5725190839694656
knn,15,2012-2013,146-1,teste_132.csv,1,2013-01-26,18,1,1,0.5078463245032391,132,0.5757575757575758
knn,15,2012-2013,147-1,teste_133.csv,1,2013-01-26,18,1,1,0.7470006453813176,133,0.5789473684210527
knn,15,2012-2013,148-1,teste_134.csv,1,2013-01-26,18,1,1,0.8,134,0.582089552238806
knn,15,2012-2013,149-1,teste_135.csv,1,2013-01-26,18,1,1,0.8081102123100719,135,0.5851851851851851
knn,15,2012-2013,150-1,teste_136.csv,1,2013-01-26,18,0,1,0.8800139342988849,136,0.5808823529411765
knn,15,2012-2013,151-1,teste_137.csv,1,2013-01-28,5,1,1,0.6,137,0.583941605839416
knn,15,2012-2013,152-1,teste_138.csv,1,2013-01-28,5,0,0,0.4,138,0.5869565217391305
knn,15,2012-2013,153-1,teste_139.csv,1,2013-01-31,1,0,0,0.0,139,0.5899280575539568
knn,15,2012-2013,154-1,teste_140.csv,1,2013-01-31,1,1,1,1.0,140,0.5928571428571429
knn,15,2012-2013,155-1,teste_141.csv,1,2013-01-31,1,1,1,0.8,141,0.5957446808510638
knn,15,2012-2013,156-1,teste_142.csv,1,2013-01-31,1,1,0,0.4,142,0.5915492957746479
knn,15,2012-2013,157-1,teste_143.csv,1,2013-01-31,1,1,1,0.8,143,0.5944055944055944
knn,15,2012-2013,158-1,teste_144.csv,1,2013-01-31,1,0,1,0.6,144,0.5902777777777778
knn,15,2012-2013,159-1,teste_145.csv,1,2013-01-31,1,0,1,0.5714285714285714,145,0.5862068965517241
knn,15,2012-2013,160-1,teste_146.csv,1,2013-01-31,1,1,1,1.0,146,0.589041095890411
knn,15,2012-2013,161-1,teste_147.csv,1,2013-02-02,2,0,1,0.5714285714285714,147,0.5850340136054422
knn,15,2012-2013,162-1,teste_148.csv,1,2013-02-02,2,1,1,0.8571428571428571,148,0.5878378378378378
knn,15,2012-2013,163-1,teste_149.csv,1,2013-02-02,2,1,1,0.5714285714285714,149,0.5906040268456376
knn,15,2012-2013,164-1,teste_150.csv,1,2013-02-02,2,1,1,0.5714285714285714,150,0.5933333333333334
knn,15,2012-2013,165-1,teste_151.csv,1,2013-02-02,2,1,1,0.7142857142857143,151,0.5960264900662252
knn,15,2012-2013,166-1,teste_152.csv,1,2013-02-02,2,0,1,0.6666666666666666,152,0.5921052631578947
knn,15,2012-2013,167-1,teste_153.csv,1,2013-02-02,2,1,1,0.8181818181818182,153,0.5947712418300654
knn,15,2012-2013,168-1,teste_154.csv,1,2013-02-05,3,1,1,0.6363636363636364,154,0.5974025974025974
knn,15,2012-2013,169-1,teste_155.csv,1,2013-02-05,3,1,0,0.4285714285714285,155,0.5935483870967742
knn,15,2012-2013,170-1,teste_156.csv,1,2013-02-05,3,0,1,0.5714285714285714,156,0.5897435897435898
knn,15,2012-2013,171-1,teste_157.csv,1,2013-02-05,3,0,0,0.4444444444444444,157,0.5923566878980892
knn,15,2012-2013,172-1,teste_158.csv,1,2013-02-05,3,1,1,0.8888888888888888,158,0.5949367088607594
knn,15,2012-2013,173-1,teste_159.csv,1,2013-02-05,3,1,1,0.6666666666666666,159,0.5974842767295597
knn,15,2012-2013,174-1,teste_160.csv,1,2013-02-05,3,1,1,0.6666666666666666,160,0.6
knn,15,2012-2013,175-1,teste_161.csv,1,2013-02-07,4,1,1,0.5714285714285714,161,0.6024844720496895
knn,15,2012-2013,176-1,teste_162.csv,1,2013-02-07,4,0,0,0.4285714285714285,162,0.6049382716049383
knn,15,2012-2013,177-1,teste_163.csv,1,2013-02-07,4,1,1,0.6192131634894134,163,0.6073619631901841
knn,15,2012-2013,178-1,teste_164.csv,1,2013-02-07,4,1,1,0.7142857142857143,164,0.6097560975609756
knn,15,2012-2013,179-1,teste_165.csv,1,2013-02-07,4,1,1,0.7130811677813288,165,0.6121212121212121
knn,15,2012-2013,180-1,teste_166.csv,1,2013-02-07,4,0,1,0.8571428571428571,166,0.608433734939759
knn,15,2012-2013,181-1,teste_167.csv,1,2013-02-07,4,1,1,1.0,167,0.6107784431137725
knn,15,2012-2013,182-1,teste_168.csv,1,2013-02-14,5,0,0,0.2582316296250471,168,0.6130952380952381
knn,15,2012-2013,183-1,teste_169.csv,1,2013-02-14,5,1,1,0.8541476769794756,169,0.6153846153846154
knn,15,2012-2013,184-1,teste_170.csv,1,2013-02-14,5,0,1,0.7526624725189962,170,0.611764705882353
knn,15,2012-2013,185-1,teste_171.csv,1,2013-02-14,5,0,1,1.0,171,0.6081871345029239
knn,15,2012-2013,186-1,teste_172.csv,1,2013-02-14,5,0,1,0.6666666666666666,172,0.6046511627906976
knn,15,2012-2013,187-1,teste_173.csv,1,2013-02-14,5,1,0,0.4763891855577827,173,0.6011560693641619
knn,15,2012-2013,188-1,teste_174.csv,1,2013-02-14,5,0,0,0.2222222222222222,174,0.603448275862069
knn,15,2012-2013,189-1,teste_175.csv,1,2013-02-16,6,0,1,0.6666666666666666,175,0.6
knn,15,2012-2013,190-1,teste_176.csv,1,2013-02-16,6,0,1,0.5555555555555556,176,0.5965909090909091
knn,15,2012-2013,191-1,teste_177.csv,1,2013-02-16,6,1,1,0.6636699865524617,177,0.5988700564971752
knn,15,2012-2013,192-1,teste_178.csv,1,2013-02-16,6,0,0,0.4285714285714285,178,0.601123595505618
knn,15,2012-2013,193-1,teste_179.csv,1,2013-02-16,6,0,0,0.2857142857142857,179,0.6033519553072626
knn,15,2012-2013,194-1,teste_180.csv,1,2013-02-16,6,1,0,0.2857142857142857,180,0.6
knn,15,2012-2013,195-1,teste_181.csv,1,2013-02-16,6,0,1,0.8571428571428571,181,0.5966850828729282
knn,15,2012-2013,196-1,teste_182.csv,1,2013-02-16,6,0,1,0.5714285714285714,182,0.5934065934065934
knn,15,2012-2013,197-1,teste_183.csv,1,2013-02-17,3,1,1,1.0,183,0.5956284153005464
knn,15,2012-2013,198-1,teste_184.csv,1,2013-02-18,5,0,0,0.4444444444444444,184,0.5978260869565217
knn,15,2012-2013,199-1,teste_185.csv,1,2013-02-18,5,1,1,0.7142857142857143,185,0.6
knn,15,2012-2013,200-1,teste_186.csv,1,2013-02-19,7,1,1,1.0,186,0.6021505376344086
knn,15,2012-2013,201-1,teste_187.csv,1,2013-02-20,7,0,1,0.5454545454545454,187,0.5989304812834224
knn,15,2012-2013,202-1,teste_188.csv,1,2013-02-21,7,0,1,0.5454545454545454,188,0.5957446808510638
knn,15,2012-2013,203-1,teste_189.csv,1,2013-02-21,7,1,1,0.8181818181818182,189,0.5978835978835979
knn,15,2012-2013,204-1,teste_190.csv,1,2013-02-21,7,1,1,0.7272727272727273,190,0.6
knn,15,2012-2013,205-1,teste_191.csv,1,2013-02-21,7,0,1,0.7272727272727273,191,0.5968586387434555
knn,15,2012-2013,206-1,teste_192.csv,1,2013-02-21,7,1,0,0.4545454545454545,192,0.59375
knn,15,2012-2013,207-1,teste_193.csv,1,2013-02-21,7,0,1,0.7272727272727273,193,0.5906735751295337
knn,15,2012-2013,208-1,teste_194.csv,1,2013-02-21,7,1,1,0.6666666666666666,194,0.5927835051546392
knn,15,2012-2013,209-1,teste_195.csv,1,2013-02-23,8,0,1,0.5454545454545454,195,0.5897435897435898
knn,15,2012-2013,210-1,teste_196.csv,1,2013-02-23,8,1,0,0.3333333333333333,196,0.5867346938775511
knn,15,2012-2013,211-1,teste_197.csv,1,2013-02-23,8,1,1,0.8277195587960612,197,0.5888324873096447
knn,15,2012-2013,212-1,teste_198.csv,1,2013-02-23,8,0,0,0.3333333333333333,198,0.5909090909090909
knn,15,2012-2013,213-1,teste_199.csv,1,2013-02-23,8,1,1,0.9148910059314715,199,0.592964824120603
knn,15,2012-2013,214-1,teste_200.csv,1,2013-02-23,8,1,1,0.5618114159984765,200,0.595
knn,15,2012-2013,215-1,teste_201.csv,1,2013-02-23,8,1,0,0.4545454545454545,201,0.5920398009950248
knn,15,2012-2013,216-1,teste_202.csv,1,2013-02-26,3,0,1,0.5454545454545454,202,0.5891089108910891
knn,15,2012-2013,217-1,teste_203.csv,1,2013-02-27,2,1,0,0.3333333333333333,203,0.5862068965517241
knn,15,2012-2013,219-1,teste_205.csv,1,2013-03-04,1,0,0,0.4545454545454545,204,0.5882352941176471
knn,15,2012-2013,220-1,teste_206.csv,1,2013-03-04,4,0,0,0.2727272727272727,205,0.5902439024390244
knn,15,2012-2013,218-1,teste_204.csv,1,2013-03-04,8,1,1,0.8181818181818182,206,0.5922330097087378
knn,15,2012-2013,221-1,teste_207.csv,1,2013-03-07,9,0,0,0.0,207,0.5942028985507246
knn,15,2012-2013,222-1,teste_208.csv,1,2013-03-07,9,0,1,0.6666666666666666,208,0.5913461538461539
knn,15,2012-2013,223-1,teste_209.csv,1,2013-03-07,9,1,0,0.3333333333333333,209,0.5885167464114832
knn,15,2012-2013,224-1,teste_210.csv,1,2013-03-07,9,1,1,0.6666666666666666,210,0.5904761904761905
knn,15,2012-2013,225-1,teste_211.csv,1,2013-03-07,9,0,0,0.0,211,0.5924170616113744
knn,15,2012-2013,226-1,teste_212.csv,1,2013-03-07,9,1,0,0.0,212,0.589622641509434
knn,15,2012-2013,227-1,teste_213.csv,1,2013-03-07,9,1,0,0.3333333333333333,213,0.5868544600938967
knn,15,2012-2013,228-1,teste_214.csv,1,2013-03-07,9,1,0,0.0,214,0.5841121495327103
knn,15,2012-2013,229-1,teste_215.csv,1,2013-03-07,9,0,1,1.0,215,0.5813953488372093
knn,15,2012-2013,230-1,teste_216.csv,1,2013-03-09,10,0,1,0.6666666666666666,216,0.5787037037037037
knn,15,2012-2013,231-1,teste_217.csv,1,2013-03-09,10,0,1,0.6666666666666666,217,0.576036866359447
knn,15,2012-2013,232-1,teste_218.csv,1,2013-03-09,10,1,0,0.3333333333333333,218,0.573394495412844
knn,15,2012-2013,233-1,teste_219.csv,1,2013-03-09,10,0,0,0.3333333333333333,219,0.5753424657534246
knn,15,2012-2013,234-1,teste_220.csv,1,2013-03-09,10,0,0,0.3333333333333333,220,0.5772727272727273
knn,15,2012-2013,235-1,teste_221.csv,1,2013-03-09,10,1,1,0.6666666666666666,221,0.579185520361991
knn,15,2012-2013,236-1,teste_222.csv,1,2013-03-09,10,1,1,0.6666666666666666,222,0.581081081081081
knn,15,2012-2013,237-1,teste_223.csv,1,2013-03-09,10,1,0,0.3333333333333333,223,0.57847533632287
knn,15,2012-2013,238-1,teste_224.csv,1,2013-03-14,11,0,1,1.0,224,0.5758928571428571
knn,15,2012-2013,239-1,teste_225.csv,1,2013-03-14,11,1,1,1.0,225,0.5777777777777777
knn,15,2012-2013,240-1,teste_226.csv,1,2013-03-14,11,1,1,0.6666666666666666,226,0.5796460176991151
knn,15,2012-2013,241-1,teste_227.csv,1,2013-03-14,11,1,1,0.6666666666666666,227,0.5814977973568282
knn,15,2012-2013,242-1,teste_228.csv,1,2013-03-14,11,1,1,0.6666666666666666,228,0.5833333333333334
knn,15,2012-2013,243-1,teste_229.csv,1,2013-03-14,11,1,1,0.6666666666666666,229,0.5851528384279476
knn,15,2012-2013,244-1,teste_230.csv,1,2013-03-16,12,1,1,1.0,230,0.5869565217391305
knn,15,2012-2013,245-1,teste_231.csv,1,2013-03-16,12,1,1,0.6666666666666666,231,0.5887445887445888
knn,15,2012-2013,246-1,teste_232.csv,1,2013-03-16,12,1,1,1.0,232,0.5905172413793104
knn,15,2012-2013,247-1,teste_233.csv,1,2013-03-16,12,1,1,1.0,233,0.592274678111588
knn,15,2012-2013,248-1,teste_234.csv,1,2013-03-16,12,1,1,1.0,234,0.594017094017094
knn,15,2012-2013,249-1,teste_235.csv,1,2013-03-16,12,1,0,0.3333333333333333,235,0.5914893617021276
knn,15,2012-2013,250-1,teste_236.csv,1,2013-03-16,12,1,1,0.6666666666666666,236,0.5932203389830508
knn,15,2012-2013,252-1,teste_238.csv,1,2013-03-19,13,0,1,0.6666666666666666,237,0.5907172995780591
knn,15,2012-2013,251-1,teste_237.csv,1,2013-03-19,14,0,0,0.3333333333333333,238,0.592436974789916
knn,15,2012-2013,253-1,teste_239.csv,1,2013-03-21,13,0,1,0.6666666666666666,239,0.5899581589958159
knn,15,2012-2013,254-1,teste_240.csv,1,2013-03-21,13,1,0,0.0,240,0.5875
knn,15,2012-2013,256-1,teste_242.csv,1,2013-03-21,13,1,1,1.0,241,0.5892116182572614
knn,15,2012-2013,257-1,teste_243.csv,1,2013-03-21,13,0,1,0.6666666666666666,242,0.5867768595041323
knn,15,2012-2013,258-1,teste_244.csv,1,2013-03-21,13,0,1,1.0,243,0.5843621399176955
knn,15,2012-2013,255-1,teste_241.csv,1,2013-03-21,17,1,1,0.6666666666666666,244,0.5860655737704918
knn,15,2012-2013,259-1,teste_245.csv,1,2013-03-23,14,0,0,0.3333333333333333,245,0.5877551020408164
knn,15,2012-2013,260-1,teste_246.csv,1,2013-03-23,14,1,0,0.3333333333333333,246,0.5853658536585366
knn,15,2012-2013,261-1,teste_247.csv,1,2013-03-23,14,1,1,1.0,247,0.5870445344129555
knn,15,2012-2013,262-1,teste_248.csv,1,2013-03-23,14,1,1,0.6666666666666666,248,0.5887096774193549
knn,15,2012-2013,263-1,teste_249.csv,1,2013-03-23,14,0,0,0.3333333333333333,249,0.5903614457831325
knn,15,2012-2013,264-1,teste_250.csv,1,2013-03-23,14,0,1,0.6668430533784744,250,0.588
knn,15,2012-2013,265-1,teste_251.csv,1,2013-03-23,14,0,1,0.6211568775275487,251,0.5856573705179283
knn,15,2012-2013,266-1,teste_252.csv,1,2013-03-25,13,0,1,0.6365539504844856,252,0.5833333333333334
knn,15,2012-2013,267-1,teste_253.csv,1,2013-03-25,16,1,1,0.7289918193159792,253,0.5849802371541502
knn,15,2012-2013,268-1,teste_254.csv,1,2013-03-26,16,0,1,0.6573662836256229,254,0.5826771653543307
knn,15,2012-2013,269-1,teste_255.csv,1,2013-03-26,17,0,1,0.6529150000483762,255,0.5803921568627451
knn,15,2012-2013,271-1,teste_257.csv,1,2013-03-28,13,1,0,0.2985202931867564,256,0.578125
knn,15,2012-2013,270-1,teste_256.csv,1,2013-03-28,15,1,1,1.0,257,0.5797665369649806
knn,15,2012-2013,272-1,teste_258.csv,1,2013-03-28,16,1,1,1.0,258,0.5813953488372093
knn,15,2012-2013,274-1,teste_260.csv,1,2013-03-30,15,1,1,0.685062196308406,259,0.583011583011583
knn,15,2012-2013,275-1,teste_261.csv,1,2013-03-30,15,0,1,0.6730355660335228,260,0.5807692307692308
knn,15,2012-2013,276-1,teste_262.csv,1,2013-03-30,15,1,0,0.2877286538650117,261,0.578544061302682
knn,15,2012-2013,277-1,teste_263.csv,1,2013-03-30,16,1,1,0.6972616393364223,262,0.5801526717557252
knn,15,2012-2013,273-1,teste_259.csv,1,2013-03-30,18,1,0,0.3852766126346481,263,0.5779467680608364
knn,15,2012-2013,278-1,teste_264.csv,1,2013-03-31,11,1,1,1.0,264,0.5795454545454546
knn,15,2012-2013,279-1,teste_265.csv,1,2013-04-01,18,1,1,0.6468820724258167,265,0.5811320754716981
knn,15,2012-2013,287-1,teste_273.csv,1,2013-04-04,11,1,1,0.642616410233207,266,0.5827067669172933
knn,15,2012-2013,280-1,teste_266.csv,1,2013-04-04,13,1,1,0.6666666666666666,267,0.5842696629213483
knn,15,2012-2013,281-1,teste_267.csv,1,2013-04-04,17,1,1,1.0,268,0.585820895522388
knn,15,2012-2013,282-1,teste_268.csv,1,2013-04-04,17,0,1,0.6666666666666666,269,0.5836431226765799
knn,15,2012-2013,283-1,teste_269.csv,1,2013-04-04,17,1,1,0.6666666666666666,270,0.5851851851851851
knn,15,2012-2013,284-1,teste_270.csv,1,2013-04-04,17,0,1,0.6666666666666666,271,0.5830258302583026
knn,15,2012-2013,285-1,teste_271.csv,1,2013-04-04,17,0,0,0.2,272,0.5845588235294118
knn,15,2012-2013,286-1,teste_272.csv,1,2013-04-04,17,0,1,1.0,273,0.5824175824175825
knn,15,2012-2013,288-1,teste_274.csv,1,2013-04-06,12,1,1,1.0,274,0.583941605839416
knn,15,2012-2013,289-1,teste_275.csv,1,2013-04-06,18,1,1,0.6647797048581144,275,0.5854545454545454
knn,15,2012-2013,290-1,teste_276.csv,1,2013-04-06,18,0,0,0.405894400004899,276,0.5869565217391305
knn,15,2012-2013,291-1,teste_277.csv,1,2013-04-06,18,1,1,0.6552723338140526,277,0.5884476534296029
knn,15,2012-2013,292-1,teste_278.csv,1,2013-04-06,18,1,1,0.5802762047781281,278,0.5899280575539568
knn,15,2012-2013,293-1,teste_279.csv,1,2013-04-06,18,0,0,0.3346049610369968,279,0.5913978494623656
knn,15,2012-2013,294-1,teste_280.csv,1,2013-04-07,15,0,1,0.9141908550674273,280,0.5892857142857143
knn,15,2012-2013,295-1,teste_281.csv,1,2013-04-08,11,1,1,1.0,281,0.5907473309608541
knn,15,2012-2013,296-1,teste_282.csv,1,2013-04-08,15,1,1,0.6708949474748724,282,0.5921985815602837
knn,15,2012-2013,297-1,teste_283.csv,1,2013-04-08,15,1,1,0.7227542349564677,283,0.5936395759717314
knn,15,2012-2013,298-1,teste_284.csv,1,2013-04-09,16,1,1,0.6194131791512159,284,0.5950704225352113
knn,15,2012-2013,299-1,teste_285.csv,1,2013-04-10,15,1,1,1.0,285,0.5964912280701754
knn,15,2012-2013,300-1,teste_286.csv,1,2013-04-10,16,1,1,0.6520421695756209,286,0.5979020979020979
knn,15,2012-2013,301-1,teste_287.csv,1,2013-04-11,16,1,1,0.7272727272727273,287,0.5993031358885017
knn,15,2012-2013,302-1,teste_288.csv,1,2013-04-11,18,0,0,0.3636363636363636,288,0.6006944444444444
knn,15,2012-2013,303-1,teste_289.csv,1,2013-04-12,17,0,1,0.6363636363636364,289,0.5986159169550173
knn,15,2012-2013,304-1,teste_290.csv,1,2013-04-13,15,1,1,0.8181818181818182,290,0.6
knn,15,2012-2013,305-1,teste_291.csv,1,2013-04-16,1,1,1,0.5454545454545454,291,0.6013745704467354
knn,15,2012-2013,307-1,teste_293.csv,1,2013-04-16,1,0,1,0.5454545454545454,292,0.5993150684931506
knn,15,2012-2013,308-1,teste_294.csv,1,2013-04-16,1,1,1,0.6363636363636364,293,0.6006825938566553
knn,15,2012-2013,306-1,teste_292.csv,1,2013-04-16,16,1,1,0.9090909090909092,294,0.6020408163265306
knn,15,2012-2013,309-1,teste_295.csv,1,2013-04-18,1,1,1,0.6363636363636364,295,0.6033898305084746
knn,15,2012-2013,310-1,teste_296.csv,1,2013-04-19,2,1,1,1.0,296,0.6047297297297297
knn,15,2012-2013,311-1,teste_297.csv,1,2013-04-19,2,1,1,0.5454545454545454,297,0.6060606060606061
knn,15,2012-2013,312-1,teste_298.csv,1,2013-04-19,2,1,1,0.6363636363636364,298,0.6073825503355704
knn,15,2012-2013,313-1,teste_299.csv,1,2013-04-20,3,1,1,1.0,299,0.6086956521739131
knn,15,2012-2013,314-1,teste_300.csv,1,2013-04-20,3,1,1,0.7807482207823734,300,0.61
knn,15,2012-2013,315-1,teste_301.csv,1,2013-04-20,3,1,1,0.8,301,0.6112956810631229
knn,15,2012-2013,316-1,teste_302.csv,1,2013-04-21,2,0,1,0.8,302,0.609271523178808
knn,15,2012-2013,317-1,teste_303.csv,1,2013-04-22,3,1,1,0.6,303,0.6105610561056105
knn,15,2012-2013,318-1,teste_304.csv,1,2013-04-22,4,0,1,0.8,304,0.6085526315789473
knn,15,2012-2013,319-1,teste_305.csv,1,2013-04-23,4,1,1,0.5714285714285714,305,0.6098360655737705
knn,15,2012-2013,320-1,teste_306.csv,1,2013-04-24,4,0,1,0.8,306,0.6078431372549019
knn,15,2012-2013,321-1,teste_307.csv,1,2013-04-26,5,0,1,0.7272727272727273,307,0.6058631921824105
knn,15,2012-2013,322-1,teste_308.csv,1,2013-04-26,5,1,1,0.5454545454545454,308,0.6071428571428571
knn,15,2012-2013,323-1,teste_309.csv,1,2013-04-28,1,1,1,1.0,309,0.6084142394822006
knn,15,2012-2013,324-1,teste_310.csv,1,2013-04-29,1,0,1,0.7272727272727273,310,0.6064516129032258
knn,15,2012-2013,325-1,teste_311.csv,1,2013-04-29,1,0,1,0.6443950061918492,311,0.6045016077170418
knn,15,2012-2013,326-1,teste_312.csv,1,2013-04-29,1,1,1,0.5541394771731645,312,0.6057692307692307
knn,15,2012-2013,327-1,teste_313.csv,1,2013-05-01,2,1,1,0.6436483387581164,313,0.6070287539936102
knn,15,2012-2013,328-1,teste_314.csv,1,2013-05-01,2,1,1,0.5714285714285714,314,0.60828025477707
knn,15,2012-2013,329-1,teste_315.csv,1,2013-05-02,2,0,1,0.5714285714285714,315,0.6063492063492063
knn,15,2012-2013,330-1,teste_316.csv,1,2013-05-02,2,1,0,0.4285714285714285,316,0.6044303797468354
knn,15,2012-2013,331-1,teste_317.csv,1,2013-05-03,3,1,1,0.7142857142857143,317,0.6056782334384858
knn,15,2012-2013,332-1,teste_318.csv,1,2013-05-03,3,1,1,0.7142857142857143,318,0.6069182389937107
knn,15,2012-2013,333-1,teste_319.csv,1,2013-05-04,3,0,1,0.5714285714285714,319,0.6050156739811913
knn,15,2012-2013,334-1,teste_320.csv,1,2013-05-04,3,1,0,0.4285714285714285,320,0.603125
knn,15,2012-2013,335-1,teste_321.csv,1,2013-05-06,4,1,1,0.6363636363636364,321,0.6043613707165109
knn,15,2012-2013,336-1,teste_322.csv,1,2013-05-06,4,1,1,0.8,322,0.6055900621118012
knn,15,2012-2013,337-1,teste_323.csv,1,2013-05-07,4,0,0,0.4,323,0.6068111455108359
knn,15,2012-2013,338-1,teste_324.csv,1,2013-05-09,5,0,1,0.8,324,0.6049382716049383
knn,15,2012-2013,339-1,teste_325.csv,1,2013-05-09,5,1,0,0.3636363636363636,325,0.6030769230769231
knn,15,2012-2013,340-1,teste_326.csv,1,2013-05-10,5,1,1,0.7272727272727273,326,0.6042944785276073
knn,15,2012-2013,341-1,teste_327.csv,1,2013-05-13,1,0,1,0.5454545454545454,327,0.6024464831804281
knn,15,2012-2013,342-1,teste_328.csv,1,2013-05-14,1,1,1,0.5697710793281717,328,0.6036585365853658
knn,15,2012-2013,343-1,teste_329.csv,1,2013-05-16,2,1,0,0.3698997033846676,329,0.601823708206687
knn,15,2012-2013,344-1,teste_330.csv,1,2013-05-17,2,1,1,0.6571941077881793,330,0.603030303030303
knn,15,2012-2013,345-1,teste_331.csv,1,2013-05-18,3,1,1,0.6,331,0.6042296072507553
knn,15,2012-2013,346-1,teste_332.csv,1,2013-05-19,3,1,1,1.0,332,0.6054216867469879
knn,15,2012-2013,347-1,teste_333.csv,1,2013-05-23,4,1,1,0.6363636363636364,333,0.6066066066066066
knn,15,2012-2013,348-1,teste_334.csv,1,2013-05-25,5,1,1,0.6363636363636364,334,0.6077844311377245
knn,15,2013-2014,15-1,teste_1.csv,1,2013-11-21,3,1,0,0.3765653431689823,1,0.0
knn,15,2013-2014,16-1,teste_2.csv,1,2013-11-21,3,0,0,0.3333333333333333,2,0.5
knn,15,2013-2014,17-1,teste_3.csv,1,2013-11-21,3,0,0,0.3027242452343371,3,0.6666666666666666
knn,15,2013-2014,18-1,teste_4.csv,1,2013-11-21,3,0,0,0.2979560595024004,4,0.75
knn,15,2013-2014,19-1,teste_5.csv,1,2013-11-21,3,0,0,0.3333333333333333,5,0.8
knn,15,2013-2014,20-1,teste_6.csv,1,2013-11-21,3,1,0,0.0,6,0.6666666666666666
knn,15,2013-2014,21-1,teste_7.csv,1,2013-11-23,4,1,0,0.3333333333333333,7,0.5714285714285714
knn,15,2013-2014,22-1,teste_8.csv,1,2013-11-23,4,1,0,0.1686890435010714,8,0.5
knn,15,2013-2014,23-1,teste_9.csv,1,2013-11-23,4,1,0,0.3333333333333333,9,0.4444444444444444
knn,15,2013-2014,24-1,teste_10.csv,1,2013-11-23,4,1,0,0.3409094990312752,10,0.4
knn,15,2013-2014,25-1,teste_11.csv,1,2013-11-23,4,0,1,0.5714285714285714,11,0.3636363636363636
knn,15,2013-2014,26-1,teste_12.csv,1,2013-11-23,4,1,0,0.3333333333333333,12,0.3333333333333333
knn,15,2013-2014,27-1,teste_13.csv,1,2013-11-23,4,0,1,0.6666666666666666,13,0.3076923076923077
knn,15,2013-2014,28-1,teste_14.csv,1,2013-11-23,4,1,1,0.6666666666666666,14,0.3571428571428571
knn,15,2013-2014,29-1,teste_15.csv,1,2013-11-28,5,0,0,0.3333333333333333,15,0.4
knn,15,2013-2014,30-1,teste_16.csv,1,2013-11-28,5,0,0,0.3333333333333333,16,0.4375
knn,15,2013-2014,31-1,teste_17.csv,1,2013-11-28,5,1,0,0.0,17,0.4117647058823529
knn,15,2013-2014,32-1,teste_18.csv,1,2013-11-28,5,0,0,0.3333333333333333,18,0.4444444444444444
knn,15,2013-2014,33-1,teste_19.csv,1,2013-11-28,5,1,1,0.6666666666666666,19,0.4736842105263157
knn,15,2013-2014,34-1,teste_20.csv,1,2013-11-28,5,1,0,0.3333333333333333,20,0.45
knn,15,2013-2014,35-1,teste_21.csv,1,2013-11-30,6,0,1,0.5441515930872608,21,0.4285714285714285
knn,15,2013-2014,36-1,teste_22.csv,1,2013-11-30,6,1,1,0.5589991334359946,22,0.4545454545454545
knn,15,2013-2014,37-1,teste_23.csv,1,2013-11-30,6,1,0,0.3333333333333333,23,0.4347826086956521
knn,15,2013-2014,38-1,teste_24.csv,1,2013-11-30,6,1,1,0.7142857142857143,24,0.4583333333333333
knn,15,2013-2014,39-1,teste_25.csv,1,2013-11-30,6,0,0,0.3333333333333333,25,0.48
knn,15,2013-2014,40-1,teste_26.csv,1,2013-11-30,6,1,1,0.6666666666666666,26,0.5
knn,15,2013-2014,41-1,teste_27.csv,1,2013-12-03,5,1,1,0.5714285714285714,27,0.5185185185185185
knn,15,2013-2014,42-1,teste_28.csv,1,2013-12-05,7,0,1,1.0,28,0.5
knn,15,2013-2014,43-1,teste_29.csv,1,2013-12-05,7,0,1,0.7142857142857143,29,0.4827586206896552
knn,15,2013-2014,44-1,teste_30.csv,1,2013-12-05,7,0,1,0.6666666666666666,30,0.4666666666666667
knn,15,2013-2014,45-1,teste_31.csv,1,2013-12-05,7,1,0,0.4,31,0.4516129032258064
knn,15,2013-2014,46-1,teste_32.csv,1,2013-12-05,7,1,1,0.5555555555555556,32,0.46875
knn,15,2013-2014,47-1,teste_33.csv,1,2013-12-05,7,1,1,0.6,33,0.4848484848484848
knn,15,2013-2014,48-1,teste_34.csv,1,2013-12-06,7,1,1,0.7777777777777778,34,0.5
knn,15,2013-2014,49-1,teste_35.csv,1,2013-12-07,8,1,1,0.8,35,0.5142857142857142
knn,15,2013-2014,50-1,teste_36.csv,1,2013-12-07,8,0,1,0.5555555555555556,36,0.5
knn,15,2013-2014,51-1,teste_37.csv,1,2013-12-07,8,0,1,0.6,37,0.4864864864864865
knn,15,2013-2014,52-1,teste_38.csv,1,2013-12-07,8,1,0,0.4,38,0.4736842105263157
knn,15,2013-2014,53-1,teste_39.csv,1,2013-12-07,8,1,1,0.7142857142857143,39,0.4871794871794871
knn,15,2013-2014,54-1,teste_40.csv,1,2013-12-07,8,1,1,1.0,40,0.5
knn,15,2013-2014,55-1,teste_41.csv,1,2013-12-07,8,1,1,0.7142857142857143,41,0.5121951219512195
knn,15,2013-2014,56-1,teste_42.csv,1,2013-12-07,8,0,1,0.8,42,0.5
knn,15,2013-2014,57-1,teste_43.csv,1,2013-12-09,6,1,1,0.5714285714285714,43,0.5116279069767442
knn,15,2013-2014,58-1,teste_44.csv,1,2013-12-11,9,1,0,0.3333333333333333,44,0.5
knn,15,2013-2014,59-1,teste_45.csv,1,2013-12-12,9,1,1,0.6666666666666666,45,0.5111111111111111
knn,15,2013-2014,60-1,teste_46.csv,1,2013-12-12,9,0,1,1.0,46,0.5
knn,15,2013-2014,61-1,teste_47.csv,1,2013-12-12,9,0,1,0.8,47,0.4893617021276595
knn,15,2013-2014,62-1,teste_48.csv,1,2013-12-12,9,1,0,0.4,48,0.4791666666666667
knn,15,2013-2014,63-1,teste_49.csv,1,2013-12-12,9,1,0,0.3333333333333333,49,0.4693877551020408
knn,15,2013-2014,64-1,teste_50.csv,1,2013-12-12,9,0,1,1.0,50,0.46
knn,15,2013-2014,65-1,teste_51.csv,1,2013-12-14,10,1,1,0.6666666666666666,51,0.4705882352941176
knn,15,2013-2014,66-1,teste_52.csv,1,2013-12-14,10,0,1,0.6666666666666666,52,0.4615384615384615
knn,15,2013-2014,67-1,teste_53.csv,1,2013-12-14,10,0,1,1.0,53,0.4528301886792453
knn,15,2013-2014,68-1,teste_54.csv,1,2013-12-14,10,0,1,0.6666666666666666,54,0.4444444444444444
knn,15,2013-2014,69-1,teste_55.csv,1,2013-12-14,10,0,0,0.0,55,0.4545454545454545
knn,15,2013-2014,70-1,teste_56.csv,1,2013-12-14,10,0,1,0.5555555555555556,56,0.4464285714285714
knn,15,2013-2014,71-1,teste_57.csv,1,2013-12-14,10,1,1,0.6666666666666666,57,0.4561403508771929
knn,15,2013-2014,72-1,teste_58.csv,1,2013-12-14,10,1,0,0.3333333333333333,58,0.4482758620689655
knn,15,2013-2014,73-1,teste_59.csv,1,2013-12-16,2,0,0,0.3333333333333333,59,0.4576271186440678
knn,15,2013-2014,74-1,teste_60.csv,1,2013-12-19,11,0,1,0.6666666666666666,60,0.45
knn,15,2013-2014,75-1,teste_61.csv,1,2013-12-19,11,1,0,0.3333333333333333,61,0.4426229508196721
knn,15,2013-2014,76-1,teste_62.csv,1,2013-12-19,11,1,0,0.3333333333333333,62,0.4354838709677419
knn,15,2013-2014,77-1,teste_63.csv,1,2013-12-19,11,0,1,0.6,63,0.4285714285714285
knn,15,2013-2014,78-1,teste_64.csv,1,2013-12-19,11,1,0,0.2857142857142857,64,0.421875
knn,15,2013-2014,79-1,teste_65.csv,1,2013-12-19,11,0,1,0.6,65,0.4153846153846154
knn,15,2013-2014,80-1,teste_66.csv,1,2013-12-20,12,1,0,0.4545454545454545,66,0.4090909090909091
knn,15,2013-2014,81-1,teste_67.csv,1,2013-12-21,12,0,0,0.4285714285714285,67,0.417910447761194
knn,15,2013-2014,82-1,teste_68.csv,1,2013-12-21,12,0,1,0.5714285714285714,68,0.4117647058823529
knn,15,2013-2014,83-1,teste_69.csv,1,2013-12-21,12,0,1,0.7777777777777778,69,0.4057971014492754
knn,15,2013-2014,84-1,teste_70.csv,1,2013-12-21,12,1,0,0.4444444444444444,70,0.4
knn,15,2013-2014,85-1,teste_71.csv,1,2013-12-21,12,0,0,0.4672292888269073,71,0.4084507042253521
knn,15,2013-2014,86-1,teste_72.csv,1,2013-12-21,12,1,1,0.5026962771004888,72,0.4166666666666667
knn,15,2013-2014,87-1,teste_73.csv,1,2014-01-05,13,1,0,0.4117709244400536,73,0.410958904109589
knn,15,2013-2014,88-1,teste_74.csv,1,2014-01-05,13,0,1,0.5876216327528913,74,0.4054054054054054
knn,15,2013-2014,89-1,teste_75.csv,1,2014-01-05,13,1,1,0.572120280056753,75,0.4133333333333333
knn,15,2013-2014,90-1,teste_76.csv,1,2014-01-05,13,1,1,0.8,76,0.4210526315789473
knn,15,2013-2014,91-1,teste_77.csv,1,2014-01-05,13,1,0,0.3333333333333333,77,0.4155844155844156
knn,15,2013-2014,92-1,teste_78.csv,1,2014-01-05,13,1,1,0.6018651500686798,78,0.4230769230769231
knn,15,2013-2014,93-1,teste_79.csv,1,2014-01-05,13,0,0,0.4,79,0.430379746835443
knn,15,2013-2014,96-1,teste_82.csv,1,2014-01-07,13,1,1,0.7142857142857143,80,0.4375
knn,15,2013-2014,100-1,teste_86.csv,1,2014-01-07,14,1,0,0.4285714285714285,81,0.4320987654320987
knn,15,2013-2014,94-1,teste_80.csv,1,2014-01-07,14,1,1,0.6,82,0.4390243902439024
knn,15,2013-2014,95-1,teste_81.csv,1,2014-01-07,14,0,1,0.8,83,0.4337349397590361
knn,15,2013-2014,97-1,teste_83.csv,1,2014-01-07,14,0,1,0.5714285714285714,84,0.4285714285714285
knn,15,2013-2014,98-1,teste_84.csv,1,2014-01-07,14,1,0,0.4285714285714285,85,0.4235294117647059
knn,15,2013-2014,99-1,teste_85.csv,1,2014-01-07,14,0,1,0.7142857142857143,86,0.4186046511627907
knn,15,2013-2014,101-1,teste_87.csv,1,2014-01-08,14,0,1,0.6,87,0.4137931034482758
knn,15,2013-2014,102-1,teste_88.csv,1,2014-01-11,15,0,0,0.4,88,0.4204545454545454
knn,15,2013-2014,103-1,teste_89.csv,1,2014-01-11,15,1,0,0.4,89,0.4157303370786517
knn,15,2013-2014,104-1,teste_90.csv,1,2014-01-11,15,0,0,0.4,90,0.4222222222222222
knn,15,2013-2014,105-1,teste_91.csv,1,2014-01-11,15,0,0,0.2,91,0.4285714285714285
knn,15,2013-2014,106-1,teste_92.csv,1,2014-01-11,15,1,0,0.2,92,0.4239130434782608
knn,15,2013-2014,107-1,teste_93.csv,1,2014-01-11,15,0,0,0.4,93,0.4301075268817204
knn,15,2013-2014,108-1,teste_94.csv,1,2014-01-11,15,0,0,0.4,94,0.4361702127659574
knn,15,2013-2014,109-1,teste_95.csv,1,2014-01-11,15,1,0,0.4,95,0.431578947368421
knn,15,2013-2014,110-1,teste_96.csv,1,2014-01-13,16,1,1,0.5714285714285714,96,0.4375
knn,15,2013-2014,111-1,teste_97.csv,1,2014-01-13,16,1,1,0.5714285714285714,97,0.4432989690721649
knn,15,2013-2014,112-1,teste_98.csv,1,2014-01-13,16,0,0,0.1428571428571428,98,0.4489795918367347
knn,15,2013-2014,113-1,teste_99.csv,1,2014-01-13,16,1,0,0.2857142857142857,99,0.4444444444444444
knn,15,2013-2014,114-1,teste_100.csv,1,2014-01-13,16,0,0,0.2857142857142857,100,0.45
knn,15,2013-2014,115-1,teste_101.csv,1,2014-01-13,16,1,0,0.2857142857142857,101,0.4455445544554455
knn,15,2013-2014,116-1,teste_102.csv,1,2014-01-13,16,1,1,0.7142857142857143,102,0.4509803921568627
knn,15,2013-2014,117-1,teste_103.csv,1,2014-01-16,17,0,0,0.1428571428571428,103,0.4563106796116505
knn,15,2013-2014,118-1,teste_104.csv,1,2014-01-16,17,1,1,0.8571428571428571,104,0.4615384615384615
knn,15,2013-2014,119-1,teste_105.csv,1,2014-01-16,17,1,1,0.5714285714285714,105,0.4666666666666667
knn,15,2013-2014,120-1,teste_106.csv,1,2014-01-16,17,1,0,0.4285714285714285,106,0.4622641509433962
knn,15,2013-2014,121-1,teste_107.csv,1,2014-01-16,17,1,1,0.5714285714285714,107,0.4672897196261682
knn,15,2013-2014,122-1,teste_108.csv,1,2014-01-16,17,1,1,0.8571428571428571,108,0.4722222222222222
knn,15,2013-2014,123-1,teste_109.csv,1,2014-01-16,17,0,0,0.2857142857142857,109,0.4770642201834862
knn,15,2013-2014,124-1,teste_110.csv,1,2014-01-18,18,0,0,0.4285714285714285,110,0.4818181818181818
knn,15,2013-2014,125-1,teste_111.csv,1,2014-01-18,18,1,0,0.4545454545454545,111,0.4774774774774775
knn,15,2013-2014,126-1,teste_112.csv,1,2014-01-18,18,1,1,0.6666666666666666,112,0.4821428571428571
knn,15,2013-2014,127-1,teste_113.csv,1,2014-01-18,18,0,0,0.4,113,0.4867256637168141
knn,15,2013-2014,128-1,teste_114.csv,1,2014-01-18,18,1,1,0.8,114,0.4912280701754385
knn,15,2013-2014,129-1,teste_115.csv,1,2014-01-18,18,1,1,0.6,115,0.4956521739130435
knn,15,2013-2014,130-1,teste_116.csv,1,2014-01-18,18,0,1,0.8,116,0.4913793103448275
knn,15,2013-2014,131-1,teste_117.csv,1,2014-01-18,18,1,1,1.0,117,0.4957264957264957
knn,15,2013-2014,132-1,teste_118.csv,1,2014-01-20,6,1,1,0.6,118,0.5
knn,15,2013-2014,133-1,teste_119.csv,1,2014-01-23,1,0,0,0.4,119,0.5042016806722689
knn,15,2013-2014,134-1,teste_120.csv,1,2014-01-23,1,0,1,0.8,120,0.5
knn,15,2013-2014,135-1,teste_121.csv,1,2014-01-23,1,1,0,0.4,121,0.4958677685950413
knn,15,2013-2014,136-1,teste_122.csv,1,2014-01-23,1,0,0,0.4,122,0.5
knn,15,2013-2014,137-1,teste_123.csv,1,2014-01-23,2,0,0,0.3636363636363636,123,0.5040650406504065
knn,15,2013-2014,138-1,teste_124.csv,1,2014-01-23,2,1,1,0.7272727272727273,124,0.5080645161290323
knn,15,2013-2014,139-1,teste_125.csv,1,2014-01-25,1,0,0,0.4,125,0.512
knn,15,2013-2014,140-1,teste_126.csv,1,2014-01-25,1,0,0,0.4,126,0.5158730158730159
knn,15,2013-2014,141-1,teste_127.csv,1,2014-01-25,2,0,0,0.2363856094368246,127,0.5196850393700787
knn,15,2013-2014,142-1,teste_128.csv,1,2014-01-25,2,1,0,0.4,128,0.515625
knn,15,2013-2014,143-1,teste_129.csv,1,2014-01-25,2,1,0,0.3358100718233094,129,0.5116279069767442
knn,15,2013-2014,144-1,teste_130.csv,1,2014-01-25,2,1,0,0.0,130,0.5076923076923077
knn,15,2013-2014,145-1,teste_131.csv,1,2014-01-25,2,1,0,0.2,131,0.5038167938931297
knn,15,2013-2014,146-1,teste_132.csv,1,2014-01-27,8,1,1,0.8,132,0.5075757575757576
knn,15,2013-2014,147-1,teste_133.csv,1,2014-01-28,5,1,1,0.8,133,0.5112781954887218
knn,15,2013-2014,148-1,teste_134.csv,1,2014-01-28,5,1,1,0.7142857142857143,134,0.5149253731343284
knn,15,2013-2014,149-1,teste_135.csv,1,2014-01-30,3,1,1,0.5714285714285714,135,0.5185185185185185
knn,15,2013-2014,150-1,teste_136.csv,1,2014-01-30,3,1,1,0.6,136,0.5220588235294118
knn,15,2013-2014,151-1,teste_137.csv,1,2014-01-30,3,1,1,0.8571428571428571,137,0.5255474452554745
knn,15,2013-2014,152-1,teste_138.csv,1,2014-01-30,3,1,1,0.7142857142857143,138,0.5289855072463768
knn,15,2013-2014,153-1,teste_139.csv,1,2014-01-30,3,1,0,0.1428571428571428,139,0.5251798561151079
knn,15,2013-2014,154-1,teste_140.csv,1,2014-01-30,3,1,0,0.4285714285714285,140,0.5214285714285715
knn,15,2013-2014,155-1,teste_141.csv,1,2014-02-01,4,1,1,1.0,141,0.524822695035461
knn,15,2013-2014,156-1,teste_142.csv,1,2014-02-01,4,0,1,0.6666666666666666,142,0.5211267605633803
knn,15,2013-2014,157-1,teste_143.csv,1,2014-02-01,4,0,1,0.6666666666666666,143,0.5174825174825175
knn,15,2013-2014,158-1,teste_144.csv,1,2014-02-01,4,1,1,0.6666666666666666,144,0.5208333333333334
knn,15,2013-2014,159-1,teste_145.csv,1,2014-02-01,4,1,1,0.6,145,0.5241379310344828
knn,15,2013-2014,160-1,teste_146.csv,1,2014-02-01,4,0,1,0.6666666666666666,146,0.5205479452054794
knn,15,2013-2014,161-1,teste_147.csv,1,2014-02-01,4,0,0,0.3333333333333333,147,0.5238095238095238
knn,15,2013-2014,162-1,teste_148.csv,1,2014-02-03,3,0,0,0.0,148,0.527027027027027
knn,15,2013-2014,163-1,teste_149.csv,1,2014-02-03,7,1,1,0.6363636363636364,149,0.5302013422818792
knn,15,2013-2014,164-1,teste_150.csv,1,2014-02-06,5,1,1,0.5454545454545454,150,0.5333333333333333
knn,15,2013-2014,165-1,teste_151.csv,1,2014-02-06,5,0,0,0.3333333333333333,151,0.5364238410596026
knn,15,2013-2014,166-1,teste_152.csv,1,2014-02-06,5,0,1,1.0,152,0.5328947368421053
knn,15,2013-2014,167-1,teste_153.csv,1,2014-02-06,5,0,0,0.3636363636363636,153,0.5359477124183006
knn,15,2013-2014,168-1,teste_154.csv,1,2014-02-06,5,1,0,0.3636363636363636,154,0.5324675324675324
knn,15,2013-2014,169-1,teste_155.csv,1,2014-02-06,5,0,0,0.4545454545454545,155,0.535483870967742
knn,15,2013-2014,170-1,teste_156.csv,1,2014-02-06,5,0,0,0.3636363636363636,156,0.5384615384615384
knn,15,2013-2014,171-1,teste_157.csv,1,2014-02-08,6,1,1,0.6363636363636364,157,0.5414012738853503
knn,15,2013-2014,172-1,teste_158.csv,1,2014-02-08,6,1,0,0.4545454545454545,158,0.5379746835443038
knn,15,2013-2014,173-1,teste_159.csv,1,2014-02-08,6,1,1,0.6355262926764068,159,0.5408805031446541
knn,15,2013-2014,174-1,teste_160.csv,1,2014-02-08,6,0,0,0.2,160,0.54375
knn,15,2013-2014,175-1,teste_161.csv,1,2014-02-08,6,1,1,0.6,161,0.546583850931677
knn,15,2013-2014,176-1,teste_162.csv,1,2014-02-08,6,0,0,0.2,162,0.5493827160493827
knn,15,2013-2014,177-1,teste_163.csv,1,2014-02-08,6,1,1,0.6,163,0.5521472392638037
knn,15,2013-2014,178-1,teste_164.csv,1,2014-02-10,4,1,1,0.8,164,0.5548780487804879
knn,15,2013-2014,179-1,teste_165.csv,1,2014-02-11,2,0,1,0.6,165,0.5515151515151515
knn,15,2013-2014,180-1,teste_166.csv,1,2014-02-13,7,1,1,1.0,166,0.5542168674698795
knn,15,2013-2014,181-1,teste_167.csv,1,2014-02-13,7,1,0,0.4,167,0.5508982035928144
knn,15,2013-2014,182-1,teste_168.csv,1,2014-02-13,7,0,1,0.5714285714285714,168,0.5476190476190477
knn,15,2013-2014,183-1,teste_169.csv,1,2014-02-13,7,0,0,0.2857142857142857,169,0.5502958579881657
knn,15,2013-2014,184-1,teste_170.csv,1,2014-02-13,7,1,1,0.7142857142857143,170,0.5529411764705883
knn,15,2013-2014,185-1,teste_171.csv,1,2014-02-13,7,1,1,0.6,171,0.5555555555555556
knn,15,2013-2014,186-1,teste_172.csv,1,2014-02-15,8,1,0,0.2,172,0.5523255813953488
knn,15,2013-2014,187-1,teste_173.csv,1,2014-02-15,8,1,1,0.8,173,0.5549132947976878
knn,15,2013-2014,188-1,teste_174.csv,1,2014-02-15,8,1,1,0.8,174,0.5574712643678161
knn,15,2013-2014,189-1,teste_175.csv,1,2014-02-15,8,0,1,0.8,175,0.5542857142857143
knn,15,2013-2014,190-1,teste_176.csv,1,2014-02-15,8,1,1,0.6,176,0.5568181818181818
knn,15,2013-2014,191-1,teste_177.csv,1,2014-02-15,8,1,0,0.2,177,0.5536723163841808
knn,15,2013-2014,192-1,teste_178.csv,1,2014-02-15,8,1,1,0.8,178,0.5561797752808989
knn,15,2013-2014,193-1,teste_179.csv,1,2014-02-18,1,0,0,0.4,179,0.5586592178770949
knn,15,2013-2014,194-1,teste_180.csv,1,2014-02-18,6,1,1,0.6,180,0.5611111111111111
knn,15,2013-2014,195-1,teste_181.csv,1,2014-02-25,9,0,1,0.6,181,0.5580110497237569
knn,15,2013-2014,196-1,teste_182.csv,1,2014-02-25,9,0,0,0.4,182,0.5604395604395604
knn,15,2013-2014,197-1,teste_183.csv,1,2014-02-25,9,1,1,0.6666666666666666,183,0.5628415300546448
knn,15,2013-2014,198-1,teste_184.csv,1,2014-02-25,9,0,0,0.4444444444444444,184,0.5652173913043478
knn,15,2013-2014,199-1,teste_185.csv,1,2014-02-25,9,1,0,0.2,185,0.5621621621621622
knn,15,2013-2014,200-1,teste_186.csv,1,2014-02-25,9,0,1,0.6912315656988902,186,0.5591397849462365
knn,15,2013-2014,201-1,teste_187.csv,1,2014-02-25,9,0,0,0.4326962461228689,187,0.5614973262032086
knn,15,2013-2014,202-1,teste_188.csv,1,2014-02-25,9,1,1,0.7371681142466472,188,0.5638297872340425
knn,15,2013-2014,203-1,teste_189.csv,1,2014-02-27,10,1,1,0.539177018250839,189,0.5661375661375662
knn,15,2013-2014,204-1,teste_190.csv,1,2014-02-27,10,1,1,0.7542020028534052,190,0.5684210526315789
knn,15,2013-2014,205-1,teste_191.csv,1,2014-02-27,10,0,1,0.5712046854214862,191,0.5654450261780105
knn,15,2013-2014,206-1,teste_192.csv,1,2014-02-27,10,1,0,0.1428571428571428,192,0.5625
knn,15,2013-2014,207-1,teste_193.csv,1,2014-02-27,10,1,0,0.4285714285714285,193,0.5595854922279793
knn,15,2013-2014,208-1,teste_194.csv,1,2014-03-06,11,0,0,0.4285714285714285,194,0.5618556701030928
knn,15,2013-2014,209-1,teste_195.csv,1,2014-03-06,11,1,0,0.2857142857142857,195,0.558974358974359
knn,15,2013-2014,210-1,teste_196.csv,1,2014-03-06,11,1,1,0.7142857142857143,196,0.5612244897959183
knn,15,2013-2014,211-1,teste_197.csv,1,2014-03-06,11,1,1,1.0,197,0.5634517766497462
knn,15,2013-2014,212-1,teste_198.csv,1,2014-03-06,11,1,1,0.7142857142857143,198,0.5656565656565656
knn,15,2013-2014,213-1,teste_199.csv,1,2014-03-08,12,1,1,0.5714285714285714,199,0.5678391959798995
knn,15,2013-2014,214-1,teste_200.csv,1,2014-03-08,12,0,0,0.4285714285714285,200,0.57
knn,15,2013-2014,215-1,teste_201.csv,1,2014-03-08,12,1,1,0.5714285714285714,201,0.572139303482587
knn,15,2013-2014,216-1,teste_202.csv,1,2014-03-08,12,1,1,0.8571428571428571,202,0.5742574257425742
knn,15,2013-2014,217-1,teste_203.csv,1,2014-03-08,12,1,1,1.0,203,0.5763546798029556
knn,15,2013-2014,218-1,teste_204.csv,1,2014-03-08,12,1,1,0.8571428571428571,204,0.5784313725490197
knn,15,2013-2014,219-1,teste_205.csv,1,2014-03-08,12,0,1,0.8571428571428571,205,0.5756097560975609
knn,15,2013-2014,220-1,teste_206.csv,1,2014-03-10,11,1,1,0.8571428571428571,206,0.5776699029126213
knn,15,2013-2014,221-1,teste_207.csv,1,2014-03-10,11,1,1,1.0,207,0.5797101449275363
knn,15,2013-2014,222-1,teste_208.csv,1,2014-03-13,13,1,1,0.7779648685892983,208,0.5817307692307693
knn,15,2013-2014,223-1,teste_209.csv,1,2014-03-13,13,1,0,0.2,209,0.5789473684210527
knn,15,2013-2014,224-1,teste_210.csv,1,2014-03-13,13,1,1,0.9010343162134002,210,0.580952380952381
knn,15,2013-2014,225-1,teste_211.csv,1,2014-03-13,13,1,1,0.8675044943071671,211,0.5829383886255924
knn,15,2013-2014,226-1,teste_212.csv,1,2014-03-13,13,0,0,0.27261170981227,212,0.5849056603773585
knn,15,2013-2014,227-1,teste_213.csv,1,2014-03-13,13,0,0,0.4545454545454545,213,0.5868544600938967
knn,15,2013-2014,228-1,teste_214.csv,1,2014-03-13,13,1,1,0.6363636363636364,214,0.5887850467289719
knn,15,2013-2014,230-1,teste_216.csv,1,2014-03-15,10,0,0,0.455675134198779,215,0.5906976744186047
knn,15,2013-2014,229-1,teste_215.csv,1,2014-03-15,14,0,1,0.7145502726342998,216,0.5879629629629629
knn,15,2013-2014,231-1,teste_217.csv,1,2014-03-15,14,1,1,0.7475411006464054,217,0.5898617511520737
knn,15,2013-2014,232-1,teste_218.csv,1,2014-03-15,14,0,0,0.3636363636363636,218,0.591743119266055
knn,15,2013-2014,233-1,teste_219.csv,1,2014-03-15,14,1,1,0.8181818181818182,219,0.593607305936073
knn,15,2013-2014,234-1,teste_220.csv,1,2014-03-15,14,1,1,0.8181818181818182,220,0.5954545454545455
knn,15,2013-2014,235-1,teste_221.csv,1,2014-03-15,14,1,1,0.5791783698760322,221,0.5972850678733032
knn,15,2013-2014,236-1,teste_222.csv,1,2014-03-15,14,1,0,0.4642477606937604,222,0.5945945945945946
knn,15,2013-2014,237-1,teste_223.csv,1,2014-03-17,12,0,1,0.5454545454545454,223,0.5919282511210763
knn,15,2013-2014,238-1,teste_224.csv,1,2014-03-17,14,0,1,0.7272727272727273,224,0.5892857142857143
knn,15,2013-2014,239-1,teste_225.csv,1,2014-03-20,15,1,1,0.9090909090909092,225,0.5911111111111111
knn,15,2013-2014,240-1,teste_226.csv,1,2014-03-20,15,0,1,0.6363636363636364,226,0.588495575221239
knn,15,2013-2014,241-1,teste_227.csv,1,2014-03-20,15,0,1,0.9158597750352404,227,0.5859030837004405
knn,15,2013-2014,242-1,teste_228.csv,1,2014-03-20,15,0,1,0.6558522917133178,228,0.5833333333333334
knn,15,2013-2014,243-1,teste_229.csv,1,2014-03-22,16,1,0,0.3503217737874676,229,0.5807860262008734
knn,15,2013-2014,244-1,teste_230.csv,1,2014-03-22,16,0,1,0.5152077027583145,230,0.5782608695652174
knn,15,2013-2014,245-1,teste_231.csv,1,2014-03-22,16,1,1,0.5383421800181998,231,0.5800865800865801
knn,15,2013-2014,246-1,teste_232.csv,1,2014-03-22,16,1,1,0.7248549604853991,232,0.5818965517241379
knn,15,2013-2014,247-1,teste_233.csv,1,2014-03-22,16,1,1,0.7575922367590169,233,0.5836909871244635
knn,15,2013-2014,248-1,teste_234.csv,1,2014-03-25,11,0,0,0.169577111670726,234,0.5854700854700855
knn,15,2013-2014,249-1,teste_235.csv,1,2014-03-25,17,1,1,0.8555340832094209,235,0.5872340425531914
knn,15,2013-2014,251-1,teste_237.csv,1,2014-03-27,12,1,1,0.8888888888888888,236,0.5889830508474576
knn,15,2013-2014,250-1,teste_236.csv,1,2014-03-27,17,1,1,0.8988351399691263,237,0.5907172995780591
knn,15,2013-2014,252-1,teste_238.csv,1,2014-03-27,17,1,0,0.4459519266558234,238,0.5882352941176471
knn,15,2013-2014,253-1,teste_239.csv,1,2014-03-27,17,0,1,0.7272727272727273,239,0.5857740585774058
knn,15,2013-2014,254-1,teste_240.csv,1,2014-03-27,17,1,1,0.6363636363636364,240,0.5875
knn,15,2013-2014,255-1,teste_241.csv,1,2014-03-27,17,1,0,0.2727272727272727,241,0.5850622406639004
knn,15,2013-2014,256-1,teste_242.csv,1,2014-03-27,17,1,1,0.5454545454545454,242,0.5867768595041323
knn,15,2013-2014,257-1,teste_243.csv,1,2014-03-29,18,1,0,0.2727272727272727,243,0.5843621399176955
knn,15,2013-2014,258-1,teste_244.csv,1,2014-03-29,18,1,1,0.8181818181818182,244,0.5860655737704918
knn,15,2013-2014,259-1,teste_245.csv,1,2014-03-29,18,1,1,0.9090909090909092,245,0.5877551020408164
knn,15,2013-2014,260-1,teste_246.csv,1,2014-03-29,18,0,0,0.4545454545454545,246,0.5894308943089431
knn,15,2013-2014,261-1,teste_247.csv,1,2014-03-29,18,1,1,0.7272727272727273,247,0.5910931174089069
knn,15,2013-2014,262-1,teste_248.csv,1,2014-03-29,18,1,1,0.6363636363636364,248,0.592741935483871
knn,15,2013-2014,263-1,teste_249.csv,1,2014-03-29,18,0,1,0.6363636363636364,249,0.5903614457831325
knn,15,2013-2014,264-1,teste_250.csv,1,2014-03-29,18,1,1,1.0,250,0.592
knn,15,2013-2014,265-1,teste_251.csv,1,2014-03-31,10,0,0,0.4545454545454545,251,0.5936254980079682
knn,15,2013-2014,266-1,teste_252.csv,1,2014-04-01,15,1,1,1.0,252,0.5952380952380952
knn,15,2013-2014,267-1,teste_253.csv,1,2014-04-01,15,1,1,0.8,253,0.5968379446640316
knn,15,2013-2014,268-1,teste_254.csv,1,2014-04-01,15,1,1,1.0,254,0.5984251968503937
knn,15,2013-2014,269-1,teste_255.csv,1,2014-04-03,16,1,1,1.0,255,0.6
knn,15,2013-2014,270-1,teste_256.csv,1,2014-04-03,16,0,1,0.8,256,0.59765625
knn,15,2013-2014,271-1,teste_257.csv,1,2014-04-03,16,1,1,1.0,257,0.5992217898832685
knn,15,2013-2014,272-1,teste_258.csv,1,2014-04-06,1,0,1,0.8,258,0.5968992248062015
knn,15,2013-2014,273-1,teste_259.csv,1,2014-04-07,1,1,1,1.0,259,0.5984555984555985
knn,15,2013-2014,274-1,teste_260.csv,1,2014-04-08,2,1,1,0.8,260,0.6
knn,15,2013-2014,275-1,teste_261.csv,1,2014-04-09,1,1,1,0.7777777777777778,261,0.6015325670498084
knn,15,2013-2014,276-1,teste_262.csv,1,2014-04-09,1,1,1,0.6,262,0.6030534351145038
knn,15,2013-2014,277-1,teste_263.csv,1,2014-04-09,2,1,1,1.0,263,0.6045627376425855
knn,15,2013-2014,278-1,teste_264.csv,1,2014-04-11,2,0,1,1.0,264,0.6022727272727273
knn,15,2013-2014,279-1,teste_265.csv,1,2014-04-11,2,1,1,0.7777777777777778,265,0.6037735849056604
knn,15,2013-2014,280-1,teste_266.csv,1,2014-04-12,3,0,1,0.8888888888888888,266,0.6015037593984962
knn,15,2013-2014,281-1,teste_267.csv,1,2014-04-13,3,1,1,1.0,267,0.602996254681648
knn,15,2013-2014,282-1,teste_268.csv,1,2014-04-14,3,0,1,0.6666666666666666,268,0.6007462686567164
knn,15,2013-2014,283-1,teste_269.csv,1,2014-04-14,4,1,0,0.3333333333333333,269,0.5985130111524164
knn,15,2013-2014,284-1,teste_270.csv,1,2014-04-15,3,1,1,0.6666666666666666,270,0.6
knn,15,2013-2014,285-1,teste_271.csv,1,2014-04-15,4,1,1,0.6666666666666666,271,0.6014760147601476
knn,15,2013-2014,286-1,teste_272.csv,1,2014-04-17,4,1,1,1.0,272,0.6029411764705882
knn,15,2013-2014,287-1,teste_273.csv,1,2014-04-18,5,0,1,0.8571428571428571,273,0.6007326007326007
knn,15,2013-2014,288-1,teste_274.csv,1,2014-04-19,5,1,1,0.8571428571428571,274,0.6021897810218978
knn,15,2013-2014,289-1,teste_275.csv,1,2014-04-25,1,1,1,0.6,275,0.6036363636363636
knn,15,2013-2014,290-1,teste_276.csv,1,2014-04-26,1,0,0,0.3333333333333333,276,0.605072463768116
knn,15,2013-2014,291-1,teste_277.csv,1,2014-04-26,1,0,1,0.8,277,0.6028880866425993
knn,15,2013-2014,293-1,teste_279.csv,1,2014-04-27,1,1,1,0.8,278,0.60431654676259
knn,15,2013-2014,292-1,teste_278.csv,1,2014-04-27,2,1,1,0.6,279,0.6057347670250897
knn,15,2013-2014,294-1,teste_280.csv,1,2014-04-28,2,0,0,0.2,280,0.6071428571428571
knn,15,2013-2014,295-1,teste_281.csv,1,2014-04-28,2,1,1,0.6,281,0.608540925266904
knn,15,2013-2014,296-1,teste_282.csv,1,2014-04-29,2,0,1,0.8,282,0.6063829787234043
knn,15,2013-2014,297-1,teste_283.csv,1,2014-05-02,3,1,0,0.4,283,0.6042402826855123
knn,15,2013-2014,298-1,teste_284.csv,1,2014-05-02,3,1,1,1.0,284,0.6056338028169014
knn,15,2013-2014,299-1,teste_285.csv,1,2014-05-03,3,0,0,0.3333333333333333,285,0.6070175438596491
knn,15,2013-2014,300-1,teste_286.csv,1,2014-05-04,3,0,1,0.6666666666666666,286,0.6048951048951049
knn,15,2013-2014,301-1,teste_287.csv,1,2014-05-05,4,0,0,0.3333333333333333,287,0.6062717770034843
knn,15,2013-2014,302-1,teste_288.csv,1,2014-05-05,4,1,1,1.0,288,0.6076388888888888
knn,15,2013-2014,303-1,teste_289.csv,1,2014-05-06,4,1,0,0.3333333333333333,289,0.6055363321799307
knn,15,2013-2014,304-1,teste_290.csv,1,2014-05-09,5,1,1,0.6666666666666666,290,0.6068965517241379
knn,15,2013-2014,305-1,teste_291.csv,1,2014-05-09,5,0,1,0.6666666666666666,291,0.6048109965635738
knn,15,2013-2014,306-1,teste_292.csv,1,2014-05-12,1,1,0,0.3333333333333333,292,0.6027397260273972
knn,15,2013-2014,307-1,teste_293.csv,1,2014-05-13,1,1,1,0.6666666666666666,293,0.6040955631399317
knn,15,2013-2014,308-1,teste_294.csv,1,2014-05-14,2,0,1,0.6666666666666666,294,0.6020408163265306
knn,15,2013-2014,309-1,teste_295.csv,1,2014-05-15,2,0,1,0.6666666666666666,295,0.6
knn,15,2013-2014,310-1,teste_296.csv,1,2014-05-17,3,0,0,0.0,296,0.6013513513513513
knn,15,2013-2014,311-1,teste_297.csv,1,2014-05-18,3,0,1,0.8,297,0.5993265993265994
knn,15,2013-2014,312-1,teste_298.csv,1,2014-05-19,4,0,0,0.2,298,0.6006711409395973
knn,15,2013-2014,313-1,teste_299.csv,1,2014-05-20,4,1,1,0.6,299,0.6020066889632107
knn,15,2013-2014,314-1,teste_300.csv,1,2014-05-23,5,1,1,0.6,300,0.6033333333333334
knn,15,2014-2015,15-1,teste_1.csv,1,2014-11-11,3,1,1,0.6666666666666666,1,1.0
knn,15,2014-2015,16-1,teste_2.csv,1,2014-11-12,3,1,1,0.6666666666666666,2,1.0
knn,15,2014-2015,17-1,teste_3.csv,1,2014-11-12,3,0,1,0.6666666666666666,3,0.6666666666666666
knn,15,2014-2015,18-1,teste_4.csv,1,2014-11-12,3,1,0,0.3333333333333333,4,0.5
knn,15,2014-2015,19-1,teste_5.csv,1,2014-11-13,4,1,1,0.6666666666666666,5,0.6
knn,15,2014-2015,20-1,teste_6.csv,1,2014-11-14,4,0,1,1.0,6,0.5
knn,15,2014-2015,21-1,teste_7.csv,1,2014-11-14,4,0,1,0.6666666666666666,7,0.4285714285714285
knn,15,2014-2015,22-1,teste_8.csv,1,2014-11-14,4,1,1,0.812320000773,8,0.5
knn,15,2014-2015,23-1,teste_9.csv,1,2014-11-16,4,1,1,0.5962747116583236,9,0.5555555555555556
knn,15,2014-2015,24-1,teste_10.csv,1,2014-11-17,2,1,1,1.0,10,0.6
knn,15,2014-2015,25-1,teste_11.csv,1,2014-11-18,5,1,1,0.6833041355338045,11,0.6363636363636364
knn,15,2014-2015,26-1,teste_12.csv,1,2014-11-18,5,1,0,0.260164961616005,12,0.5833333333333334
knn,15,2014-2015,27-1,teste_13.csv,1,2014-11-18,5,1,1,0.6815387310470039,13,0.6153846153846154
knn,15,2014-2015,28-1,teste_14.csv,1,2014-11-18,5,1,1,0.6672062387500679,14,0.6428571428571429
knn,15,2014-2015,29-1,teste_15.csv,1,2014-11-19,5,1,0,0.3470468010161065,15,0.6
knn,15,2014-2015,30-1,teste_16.csv,1,2014-11-19,5,1,1,0.6695896936241637,16,0.625
knn,15,2014-2015,31-1,teste_17.csv,1,2014-11-19,5,1,1,0.66187064789272,17,0.6470588235294118
knn,15,2014-2015,32-1,teste_18.csv,1,2014-11-19,5,1,1,0.67140972268308,18,0.6666666666666666
knn,15,2014-2015,33-1,teste_19.csv,1,2014-11-20,6,1,1,1.0,19,0.6842105263157895
knn,15,2014-2015,34-1,teste_20.csv,1,2014-11-20,6,1,1,0.6772486671423188,20,0.7
knn,15,2014-2015,35-1,teste_21.csv,1,2014-11-20,6,0,1,1.0,21,0.6666666666666666
knn,15,2014-2015,36-1,teste_22.csv,1,2014-11-20,6,1,1,0.7093861002175553,22,0.6818181818181818
knn,15,2014-2015,37-1,teste_23.csv,1,2014-11-21,6,1,1,1.0,23,0.6956521739130435
knn,15,2014-2015,38-1,teste_24.csv,1,2014-11-21,6,1,1,1.0,24,0.7083333333333334
knn,15,2014-2015,39-1,teste_25.csv,1,2014-11-21,6,0,1,1.0,25,0.68
knn,15,2014-2015,40-1,teste_26.csv,1,2014-11-21,6,1,1,1.0,26,0.6923076923076923
knn,15,2014-2015,41-1,teste_27.csv,1,2014-11-23,3,0,1,1.0,27,0.6666666666666666
knn,15,2014-2015,42-1,teste_28.csv,1,2014-11-25,7,1,1,0.8096571239729201,28,0.6785714285714286
knn,15,2014-2015,43-1,teste_29.csv,1,2014-11-25,7,1,1,1.0,29,0.6896551724137931
knn,15,2014-2015,44-1,teste_30.csv,1,2014-11-26,7,1,1,0.6765861751532305,30,0.7
knn,15,2014-2015,45-1,teste_31.csv,1,2014-11-26,7,1,1,1.0,31,0.7096774193548387
knn,15,2014-2015,46-1,teste_32.csv,1,2014-11-26,7,0,1,0.6538257457520712,32,0.6875
knn,15,2014-2015,47-1,teste_33.csv,1,2014-11-27,8,0,1,1.0,33,0.6666666666666666
knn,15,2014-2015,48-1,teste_34.csv,1,2014-11-27,8,1,1,0.6666666666666666,34,0.6764705882352942
knn,15,2014-2015,49-1,teste_35.csv,1,2014-11-27,8,1,1,0.8,35,0.6857142857142857
knn,15,2014-2015,50-1,teste_36.csv,1,2014-11-28,8,0,1,0.6666666666666666,36,0.6666666666666666
knn,15,2014-2015,51-1,teste_37.csv,1,2014-11-28,8,0,1,0.6666666666666666,37,0.6486486486486487
knn,15,2014-2015,52-1,teste_38.csv,1,2014-11-28,8,0,0,0.3333333333333333,38,0.6578947368421053
knn,15,2014-2015,53-1,teste_39.csv,1,2014-11-30,4,0,0,0.4285714285714285,39,0.6666666666666666
knn,15,2014-2015,54-1,teste_40.csv,1,2014-12-03,8,1,1,0.5454545454545454,40,0.675
knn,15,2014-2015,55-1,teste_41.csv,1,2014-12-05,7,0,1,0.6666666666666666,41,0.6585365853658537
knn,15,2014-2015,56-1,teste_42.csv,1,2014-12-07,1,0,1,0.6363636363636364,42,0.6428571428571429
knn,15,2014-2015,57-1,teste_43.csv,1,2014-12-07,3,1,0,0.4,43,0.627906976744186
knn,15,2014-2015,58-1,teste_44.csv,1,2014-12-09,9,0,1,0.8,44,0.6136363636363636
knn,15,2014-2015,59-1,teste_45.csv,1,2014-12-09,9,0,0,0.4453527280483549,45,0.6222222222222222
knn,15,2014-2015,60-1,teste_46.csv,1,2014-12-09,9,1,0,0.319900574668143,46,0.6086956521739131
knn,15,2014-2015,61-1,teste_47.csv,1,2014-12-09,9,0,0,0.4312620298801203,47,0.6170212765957447
knn,15,2014-2015,62-1,teste_48.csv,1,2014-12-10,9,1,0,0.4531681123397967,48,0.6041666666666666
knn,15,2014-2015,63-1,teste_49.csv,1,2014-12-10,9,1,1,0.5205421065814042,49,0.6122448979591837
knn,15,2014-2015,64-1,teste_50.csv,1,2014-12-10,9,0,0,0.4281730641468173,50,0.62
knn,15,2014-2015,65-1,teste_51.csv,1,2014-12-10,9,0,0,0.2857142857142857,51,0.6274509803921569
knn,15,2014-2015,66-1,teste_52.csv,1,2014-12-11,10,1,0,0.3357787685864465,52,0.6153846153846154
knn,15,2014-2015,67-1,teste_53.csv,1,2014-12-11,10,0,0,0.4784497448810172,53,0.6226415094339622
knn,15,2014-2015,68-1,teste_54.csv,1,2014-12-11,10,0,0,0.3057410933901911,54,0.6296296296296297
knn,15,2014-2015,69-1,teste_55.csv,1,2014-12-11,10,1,0,0.3333333333333333,55,0.6181818181818182
knn,15,2014-2015,70-1,teste_56.csv,1,2014-12-12,10,0,0,0.3333333333333333,56,0.625
knn,15,2014-2015,71-1,teste_57.csv,1,2014-12-12,10,0,1,0.5960125254290783,57,0.6140350877192983
knn,15,2014-2015,72-1,teste_58.csv,1,2014-12-12,10,0,0,0.2438053773414366,58,0.6206896551724138
knn,15,2014-2015,73-1,teste_59.csv,1,2014-12-12,10,1,0,0.4255019366521173,59,0.6101694915254238
knn,15,2014-2015,74-1,teste_60.csv,1,2014-12-16,11,1,1,0.5980191708893781,60,0.6166666666666667
knn,15,2014-2015,75-1,teste_61.csv,1,2014-12-16,11,0,0,0.3182145382448197,61,0.6229508196721312
knn,15,2014-2015,76-1,teste_62.csv,1,2014-12-16,11,1,1,0.602736794953277,62,0.6290322580645161
knn,15,2014-2015,77-1,teste_63.csv,1,2014-12-16,11,1,0,0.4325335759590725,63,0.6190476190476191
knn,15,2014-2015,78-1,teste_64.csv,1,2014-12-17,11,0,0,0.2857142857142857,64,0.625
knn,15,2014-2015,79-1,teste_65.csv,1,2014-12-17,11,1,0,0.4,65,0.6153846153846154
knn,15,2014-2015,80-1,teste_66.csv,1,2014-12-17,11,0,0,0.4,66,0.6212121212121212
knn,15,2014-2015,81-1,teste_67.csv,1,2014-12-17,11,1,1,0.6666666666666666,67,0.6268656716417911
knn,15,2014-2015,82-1,teste_68.csv,1,2014-12-18,12,1,1,1.0,68,0.6323529411764706
knn,15,2014-2015,83-1,teste_69.csv,1,2014-12-18,12,0,0,0.3333333333333333,69,0.6376811594202898
knn,15,2014-2015,84-1,teste_70.csv,1,2014-12-18,12,0,1,0.6666666666666666,70,0.6285714285714286
knn,15,2014-2015,85-1,teste_71.csv,1,2014-12-18,12,0,1,0.6666666666666666,71,0.6197183098591549
knn,15,2014-2015,86-1,teste_72.csv,1,2014-12-19,12,1,0,0.3333333333333333,72,0.6111111111111112
knn,15,2014-2015,87-1,teste_73.csv,1,2014-12-19,12,1,1,0.5555555555555556,73,0.6164383561643836
knn,15,2014-2015,88-1,teste_74.csv,1,2014-12-19,12,1,1,0.6666666666666666,74,0.6216216216216216
knn,15,2014-2015,89-1,teste_75.csv,1,2014-12-19,12,0,0,0.0,75,0.6266666666666667
knn,15,2014-2015,90-1,teste_76.csv,1,2014-12-21,13,0,0,0.3333333333333333,76,0.631578947368421
knn,15,2014-2015,91-1,teste_77.csv,1,2014-12-22,13,1,0,0.3333333333333333,77,0.6233766233766234
knn,15,2014-2015,92-1,teste_78.csv,1,2014-12-22,13,1,1,0.6666666666666666,78,0.6282051282051282
knn,15,2014-2015,93-1,teste_79.csv,1,2014-12-22,13,1,1,0.6666666666666666,79,0.6329113924050633
knn,15,2014-2015,94-1,teste_80.csv,1,2014-12-22,13,1,0,0.0,80,0.625
knn,15,2014-2015,95-1,teste_81.csv,1,2014-12-22,13,0,1,0.6666666666666666,81,0.6172839506172839
knn,15,2014-2015,96-1,teste_82.csv,1,2014-12-22,13,0,0,0.0,82,0.6219512195121951
knn,15,2014-2015,97-1,teste_83.csv,1,2014-12-23,13,0,1,0.6666666666666666,83,0.6144578313253012
knn,15,2014-2015,100-1,teste_86.csv,1,2015-01-06,14,0,0,0.0,84,0.6190476190476191
knn,15,2014-2015,101-1,teste_87.csv,1,2015-01-06,14,0,1,0.6666666666666666,85,0.611764705882353
knn,15,2014-2015,98-1,teste_84.csv,1,2015-01-06,14,1,1,0.6666666666666666,86,0.6162790697674418
knn,15,2014-2015,99-1,teste_85.csv,1,2015-01-06,14,1,0,0.0,87,0.6091954022988506
knn,15,2014-2015,102-1,teste_88.csv,1,2015-01-07,14,0,0,0.3333333333333333,88,0.6136363636363636
knn,15,2014-2015,103-1,teste_89.csv,1,2015-01-07,14,1,0,0.4285714285714285,89,0.6067415730337079
knn,15,2014-2015,104-1,teste_90.csv,1,2015-01-07,14,1,1,0.7142857142857143,90,0.6111111111111112
knn,15,2014-2015,105-1,teste_91.csv,1,2015-01-07,14,0,0,0.2,91,0.6153846153846154
knn,15,2014-2015,106-1,teste_92.csv,1,2015-01-08,15,0,1,0.8,92,0.6086956521739131
knn,15,2014-2015,107-1,teste_93.csv,1,2015-01-08,15,0,0,0.1111111111111111,93,0.6129032258064516
knn,15,2014-2015,108-1,teste_94.csv,1,2015-01-08,15,1,1,0.8,94,0.6170212765957447
knn,15,2014-2015,109-1,teste_95.csv,1,2015-01-08,15,1,0,0.2,95,0.6105263157894737
knn,15,2014-2015,110-1,teste_96.csv,1,2015-01-09,15,1,0,0.4,96,0.6041666666666666
knn,15,2014-2015,111-1,teste_97.csv,1,2015-01-09,15,0,1,0.5454545454545454,97,0.5979381443298969
knn,15,2014-2015,112-1,teste_98.csv,1,2015-01-09,15,0,1,0.5555555555555556,98,0.5918367346938775
knn,15,2014-2015,113-1,teste_99.csv,1,2015-01-09,15,1,1,0.5555555555555556,99,0.5959595959595959
knn,15,2014-2015,114-1,teste_100.csv,1,2015-01-12,4,1,0,0.4444444444444444,100,0.59
knn,15,2014-2015,115-1,teste_101.csv,1,2015-01-13,3,1,1,0.5714285714285714,101,0.594059405940594
knn,15,2014-2015,116-1,teste_102.csv,1,2015-01-13,4,0,0,0.4285714285714285,102,0.5980392156862745
knn,15,2014-2015,117-1,teste_103.csv,1,2015-01-14,7,0,0,0.3333333333333333,103,0.6019417475728155
knn,15,2014-2015,119-1,teste_105.csv,1,2015-01-15,1,1,1,0.6594454771802328,104,0.6057692307692307
knn,15,2014-2015,118-1,teste_104.csv,1,2015-01-15,3,0,0,0.2018838655370112,105,0.6095238095238096
knn,15,2014-2015,120-1,teste_106.csv,1,2015-01-16,8,0,0,0.362175992905002,106,0.6132075471698113
knn,15,2014-2015,121-1,teste_107.csv,1,2015-01-17,2,1,1,0.6666666666666666,107,0.616822429906542
knn,15,2014-2015,122-1,teste_108.csv,1,2015-01-19,1,1,1,1.0,108,0.6203703703703703
knn,15,2014-2015,123-1,teste_109.csv,1,2015-01-20,1,0,1,1.0,109,0.6146788990825688
knn,15,2014-2015,124-1,teste_110.csv,1,2015-01-20,1,0,1,1.0,110,0.6090909090909091
knn,15,2014-2015,125-1,teste_111.csv,1,2015-01-21,1,0,0,0.3333333333333333,111,0.6126126126126126
knn,15,2014-2015,127-1,teste_113.csv,1,2015-01-21,1,1,1,0.6666666666666666,112,0.6160714285714286
knn,15,2014-2015,128-1,teste_114.csv,1,2015-01-21,1,0,1,0.6666666666666666,113,0.6106194690265486
knn,15,2014-2015,129-1,teste_115.csv,1,2015-01-21,1,1,1,0.6666666666666666,114,0.6140350877192983
knn,15,2014-2015,126-1,teste_112.csv,1,2015-01-21,2,1,1,1.0,115,0.6173913043478261
knn,15,2014-2015,130-1,teste_116.csv,1,2015-01-22,2,1,0,0.0,116,0.6120689655172413
knn,15,2014-2015,131-1,teste_117.csv,1,2015-01-22,2,0,0,0.0,117,0.6153846153846154
knn,15,2014-2015,132-1,teste_118.csv,1,2015-01-23,2,0,1,0.6666666666666666,118,0.6101694915254238
knn,15,2014-2015,133-1,teste_119.csv,1,2015-01-23,2,1,1,0.6666666666666666,119,0.6134453781512605
knn,15,2014-2015,134-1,teste_120.csv,1,2015-01-23,2,1,1,0.6666666666666666,120,0.6166666666666667
knn,15,2014-2015,135-1,teste_121.csv,1,2015-01-23,2,0,1,0.8,121,0.6115702479338843
knn,15,2014-2015,136-1,teste_122.csv,1,2015-01-24,5,0,0,0.0,122,0.6147540983606558
knn,15,2014-2015,137-1,teste_123.csv,1,2015-01-27,3,1,1,0.6666666666666666,123,0.6178861788617886
knn,15,2014-2015,138-1,teste_124.csv,1,2015-01-27,3,0,0,0.3333333333333333,124,0.6209677419354839
knn,15,2014-2015,139-1,teste_125.csv,1,2015-01-27,3,1,0,0.3333333333333333,125,0.616
knn,15,2014-2015,140-1,teste_126.csv,1,2015-01-27,3,1,1,0.6666666666666666,126,0.6190476190476191
knn,15,2014-2015,141-1,teste_127.csv,1,2015-01-28,3,1,1,1.0,127,0.6220472440944882
knn,15,2014-2015,142-1,teste_128.csv,1,2015-01-28,3,1,1,1.0,128,0.625
knn,15,2014-2015,143-1,teste_129.csv,1,2015-01-29,4,0,0,0.0,129,0.627906976744186
knn,15,2014-2015,144-1,teste_130.csv,1,2015-01-29,4,0,1,0.6666666666666666,130,0.6230769230769231
knn,15,2014-2015,145-1,teste_131.csv,1,2015-01-29,4,1,1,1.0,131,0.6259541984732825
knn,15,2014-2015,146-1,teste_132.csv,1,2015-01-29,4,1,1,1.0,132,0.6287878787878788
knn,15,2014-2015,147-1,teste_133.csv,1,2015-01-30,4,1,0,0.3333333333333333,133,0.6240601503759399
knn,15,2014-2015,148-1,teste_134.csv,1,2015-01-30,4,1,1,0.8888888888888888,134,0.6268656716417911
knn,15,2014-2015,149-1,teste_135.csv,1,2015-01-30,4,1,1,0.5555555555555556,135,0.6296296296296297
knn,15,2014-2015,150-1,teste_136.csv,1,2015-02-03,5,1,1,0.5555555555555556,136,0.6323529411764706
knn,15,2014-2015,151-1,teste_137.csv,1,2015-02-03,5,1,0,0.3333333333333333,137,0.6277372262773723
knn,15,2014-2015,152-1,teste_138.csv,1,2015-02-03,5,1,0,0.3333333333333333,138,0.6231884057971014
knn,15,2014-2015,153-1,teste_139.csv,1,2015-02-04,5,1,1,0.8181818181818182,139,0.6258992805755396
knn,15,2014-2015,154-1,teste_140.csv,1,2015-02-04,5,1,0,0.3636363636363636,140,0.6214285714285714
knn,15,2014-2015,155-1,teste_141.csv,1,2015-02-04,5,0,0,0.4444444444444444,141,0.624113475177305
knn,15,2014-2015,156-1,teste_142.csv,1,2015-02-04,5,1,1,0.5454545454545454,142,0.6267605633802817
knn,15,2014-2015,157-1,teste_143.csv,1,2015-02-05,6,0,1,0.7358181803519267,143,0.6223776223776224
knn,15,2014-2015,158-1,teste_144.csv,1,2015-02-05,6,1,0,0.4736230655610253,144,0.6180555555555556
knn,15,2014-2015,159-1,teste_145.csv,1,2015-02-05,6,1,1,0.7777777777777778,145,0.6206896551724138
knn,15,2014-2015,160-1,teste_146.csv,1,2015-02-06,6,0,1,0.6666666666666666,146,0.6164383561643836
knn,15,2014-2015,161-1,teste_147.csv,1,2015-02-06,6,1,1,0.8318721168737978,147,0.6190476190476191
knn,15,2014-2015,162-1,teste_148.csv,1,2015-02-06,6,1,1,0.6082029691939422,148,0.6216216216216216
knn,15,2014-2015,163-1,teste_149.csv,1,2015-02-06,6,1,0,0.3333333333333333,149,0.6174496644295302
knn,15,2014-2015,164-1,teste_150.csv,1,2015-02-08,3,0,1,0.5555555555555556,150,0.6133333333333333
knn,15,2014-2015,165-1,teste_151.csv,1,2015-02-10,7,0,0,0.4444444444444444,151,0.6158940397350994
knn,15,2014-2015,166-1,teste_152.csv,1,2015-02-10,7,1,1,0.6666666666666666,152,0.618421052631579
knn,15,2014-2015,167-1,teste_153.csv,1,2015-02-10,7,0,1,0.5555555555555556,153,0.6143790849673203
knn,15,2014-2015,168-1,teste_154.csv,1,2015-02-10,7,0,1,0.8888888888888888,154,0.6103896103896104
knn,15,2014-2015,169-1,teste_155.csv,1,2015-02-11,7,0,0,0.4444444444444444,155,0.6129032258064516
knn,15,2014-2015,170-1,teste_156.csv,1,2015-02-11,7,0,1,0.7777777777777778,156,0.6089743589743589
knn,15,2014-2015,171-1,teste_157.csv,1,2015-02-11,7,1,1,0.8888888888888888,157,0.6114649681528662
knn,15,2014-2015,172-1,teste_158.csv,1,2015-02-12,8,1,1,0.5555555555555556,158,0.6139240506329114
knn,15,2014-2015,173-1,teste_159.csv,1,2015-02-12,8,0,0,0.4444444444444444,159,0.6163522012578616
knn,15,2014-2015,174-1,teste_160.csv,1,2015-02-12,8,1,1,0.5555555555555556,160,0.61875
knn,15,2014-2015,175-1,teste_161.csv,1,2015-02-12,8,0,1,0.6363636363636364,161,0.6149068322981367
knn,15,2014-2015,176-1,teste_162.csv,1,2015-02-13,8,1,1,0.5555555555555556,162,0.6172839506172839
knn,15,2014-2015,177-1,teste_163.csv,1,2015-02-13,8,1,1,0.6666666666666666,163,0.6196319018404908
knn,15,2014-2015,178-1,teste_164.csv,1,2015-02-13,8,1,1,0.7777777777777778,164,0.6219512195121951
knn,15,2014-2015,179-1,teste_165.csv,1,2015-02-13,8,0,1,0.8612133047335262,165,0.6181818181818182
knn,15,2014-2015,180-1,teste_166.csv,1,2015-02-15,7,1,1,0.8963831254954162,166,0.6204819277108434
knn,15,2014-2015,181-1,teste_167.csv,1,2015-02-20,4,0,1,0.7558630893390872,167,0.6167664670658682
knn,15,2014-2015,182-1,teste_168.csv,1,2015-02-23,11,1,1,1.0,168,0.6190476190476191
knn,15,2014-2015,183-1,teste_169.csv,1,2015-02-24,9,1,1,0.6445919409494381,169,0.621301775147929
knn,15,2014-2015,184-1,teste_170.csv,1,2015-02-24,9,1,1,0.6931376766668016,170,0.6235294117647059
knn,15,2014-2015,185-1,teste_171.csv,1,2015-02-24,9,1,0,0.4545454545454545,171,0.6198830409356725
knn,15,2014-2015,186-1,teste_172.csv,1,2015-02-25,9,1,0,0.4545454545454545,172,0.6162790697674418
knn,15,2014-2015,187-1,teste_173.csv,1,2015-02-25,9,1,1,0.6666666666666666,173,0.6184971098265896
knn,15,2014-2015,188-1,teste_174.csv,1,2015-02-26,10,1,1,0.5555555555555556,174,0.6206896551724138
knn,15,2014-2015,189-1,teste_175.csv,1,2015-02-26,10,1,1,0.7272727272727273,175,0.6228571428571429
knn,15,2014-2015,190-1,teste_176.csv,1,2015-02-26,10,0,0,0.4444444444444444,176,0.625
knn,15,2014-2015,191-1,teste_177.csv,1,2015-02-26,10,1,1,0.9090909090909092,177,0.6271186440677966
knn,15,2014-2015,192-1,teste_178.csv,1,2015-02-27,10,0,0,0.3636363636363636,178,0.6292134831460674
knn,15,2014-2015,193-1,teste_179.csv,1,2015-02-27,10,1,1,0.8181818181818182,179,0.6312849162011173
knn,15,2014-2015,194-1,teste_180.csv,1,2015-02-28,9,1,1,1.0,180,0.6333333333333333
knn,15,2014-2015,195-1,teste_181.csv,1,2015-03-02,6,0,0,0.0909090909090909,181,0.6353591160220995
knn,15,2014-2015,196-1,teste_182.csv,1,2015-03-13,11,0,1,0.7272727272727273,182,0.6318681318681318
knn,15,2014-2015,197-1,teste_183.csv,1,2015-03-13,11,1,1,0.9090909090909092,183,0.6338797814207651
knn,15,2014-2015,198-1,teste_184.csv,1,2015-03-13,11,0,1,0.5454545454545454,184,0.6304347826086957
knn,15,2014-2015,199-1,teste_185.csv,1,2015-03-13,11,1,1,0.6666666666666666,185,0.6324324324324324
knn,15,2014-2015,200-1,teste_186.csv,1,2015-03-13,11,1,0,0.2222222222222222,186,0.6290322580645161
knn,15,2014-2015,201-1,teste_187.csv,1,2015-03-13,11,0,0,0.1818181818181818,187,0.6310160427807486
knn,15,2014-2015,202-1,teste_188.csv,1,2015-03-17,12,0,0,0.4545454545454545,188,0.6329787234042553
knn,15,2014-2015,203-1,teste_189.csv,1,2015-03-17,12,1,1,0.8181818181818182,189,0.6349206349206349
knn,15,2014-2015,204-1,teste_190.csv,1,2015-03-17,12,0,1,0.8181818181818182,190,0.631578947368421
knn,15,2014-2015,205-1,teste_191.csv,1,2015-03-18,12,0,1,0.6363636363636364,191,0.6282722513089005
knn,15,2014-2015,206-1,teste_192.csv,1,2015-03-18,12,1,1,0.7272727272727273,192,0.6302083333333334
knn,15,2014-2015,207-1,teste_193.csv,1,2015-03-18,12,1,1,0.6363636363636364,193,0.6321243523316062
knn,15,2014-2015,208-1,teste_194.csv,1,2015-03-19,13,0,0,0.1818181818181818,194,0.634020618556701
knn,15,2014-2015,209-1,teste_195.csv,1,2015-03-19,13,1,1,0.6363636363636364,195,0.6358974358974359
knn,15,2014-2015,210-1,teste_196.csv,1,2015-03-19,13,1,0,0.4545454545454545,196,0.6326530612244898
knn,15,2014-2015,211-1,teste_197.csv,1,2015-03-19,13,1,1,0.8181818181818182,197,0.6345177664974619
knn,15,2014-2015,212-1,teste_198.csv,1,2015-03-20,13,1,1,0.6363636363636364,198,0.6363636363636364
knn,15,2014-2015,213-1,teste_199.csv,1,2015-03-20,13,1,0,0.4545454545454545,199,0.6331658291457286
knn,15,2014-2015,214-1,teste_200.csv,1,2015-03-20,13,1,1,0.8181818181818182,200,0.635
knn,15,2014-2015,215-1,teste_201.csv,1,2015-03-20,13,0,0,0.0909090909090909,201,0.6368159203980099
knn,15,2014-2015,216-1,teste_202.csv,1,2015-03-21,12,0,0,0.4545454545454545,202,0.6386138613861386
knn,15,2014-2015,217-1,teste_203.csv,1,2015-03-24,11,1,1,1.0,203,0.6403940886699507
knn,15,2014-2015,218-1,teste_204.csv,1,2015-03-25,9,0,1,0.7142857142857143,204,0.6372549019607843
knn,15,2014-2015,219-1,teste_205.csv,1,2015-03-25,9,1,1,0.6363636363636364,205,0.6390243902439025
knn,15,2014-2015,221-1,teste_207.csv,1,2015-03-27,10,0,0,0.1818181818181818,206,0.6407766990291263
knn,15,2014-2015,220-1,teste_206.csv,1,2015-03-27,12,0,0,0.0909090909090909,207,0.642512077294686
knn,15,2014-2015,222-1,teste_208.csv,1,2015-03-28,10,1,1,0.7272727272727273,208,0.6442307692307693
knn,15,2014-2015,223-1,teste_209.csv,1,2015-03-31,14,1,1,0.9090909090909092,209,0.645933014354067
knn,15,2014-2015,224-1,teste_210.csv,1,2015-04-01,14,1,1,1.0,210,0.6476190476190476
knn,15,2014-2015,225-1,teste_211.csv,1,2015-04-01,14,0,0,0.2727272727272727,211,0.6492890995260664
knn,15,2014-2015,226-1,teste_212.csv,1,2015-04-01,14,1,0,0.4545454545454545,212,0.6462264150943396
knn,15,2014-2015,227-1,teste_213.csv,1,2015-04-01,14,1,1,0.7272727272727273,213,0.647887323943662
knn,15,2014-2015,228-1,teste_214.csv,1,2015-04-01,14,1,1,0.5454545454545454,214,0.6495327102803738
knn,15,2014-2015,229-1,teste_215.csv,1,2015-04-01,14,0,0,0.4545454545454545,215,0.6511627906976745
knn,15,2014-2015,230-1,teste_216.csv,1,2015-04-01,14,0,1,0.7272727272727273,216,0.6481481481481481
knn,15,2014-2015,231-1,teste_217.csv,1,2015-04-03,15,0,0,0.3636363636363636,217,0.6497695852534562
knn,15,2014-2015,232-1,teste_218.csv,1,2015-04-03,15,1,1,0.8181818181818182,218,0.6513761467889908
knn,15,2014-2015,233-1,teste_219.csv,1,2015-04-03,15,1,1,0.7272727272727273,219,0.6529680365296804
knn,15,2014-2015,234-1,teste_220.csv,1,2015-04-03,15,1,1,0.9090909090909092,220,0.6545454545454545
knn,15,2014-2015,235-1,teste_221.csv,1,2015-04-03,15,0,0,0.2222222222222222,221,0.6561085972850679
knn,15,2014-2015,236-1,teste_222.csv,1,2015-04-03,15,1,1,1.0,222,0.6576576576576577
knn,15,2014-2015,237-1,teste_223.csv,1,2015-04-03,15,0,1,0.6666666666666666,223,0.6547085201793722
knn,15,2014-2015,238-1,teste_224.csv,1,2015-04-03,15,1,0,0.3333333333333333,224,0.6517857142857143
knn,15,2014-2015,239-1,teste_225.csv,1,2015-04-07,1,0,1,0.8954590611396362,225,0.6488888888888888
knn,15,2014-2015,240-1,teste_226.csv,1,2015-04-08,1,1,1,0.5454545454545454,226,0.6504424778761062
knn,15,2014-2015,241-1,teste_227.csv,1,2015-04-09,1,0,0,0.4545454545454545,227,0.6519823788546255
knn,15,2014-2015,242-1,teste_228.csv,1,2015-04-09,2,1,1,0.7272727272727273,228,0.6535087719298246
knn,15,2014-2015,243-1,teste_229.csv,1,2015-04-10,1,1,1,1.0,229,0.6550218340611353
knn,15,2014-2015,244-1,teste_230.csv,1,2015-04-10,2,1,1,0.6666666666666666,230,0.6565217391304348
knn,15,2014-2015,245-1,teste_231.csv,1,2015-04-11,2,1,0,0.0,231,0.6536796536796536
knn,15,2014-2015,246-1,teste_232.csv,1,2015-04-12,2,0,1,1.0,232,0.6508620689655172
knn,15,2014-2015,247-1,teste_233.csv,1,2015-04-13,3,1,0,0.3333333333333333,233,0.648068669527897
knn,15,2014-2015,248-1,teste_234.csv,1,2015-04-14,3,1,1,0.6666666666666666,234,0.6495726495726496
knn,15,2014-2015,249-1,teste_235.csv,1,2015-04-14,3,1,1,0.6666666666666666,235,0.6510638297872341
knn,15,2014-2015,250-1,teste_236.csv,1,2015-04-15,3,1,0,0.3333333333333333,236,0.6483050847457628
knn,15,2014-2015,251-1,teste_237.csv,1,2015-04-15,4,1,1,0.6666666666666666,237,0.6497890295358649
knn,15,2014-2015,252-1,teste_238.csv,1,2015-04-16,4,1,1,0.6666666666666666,238,0.6512605042016807
knn,15,2014-2015,253-1,teste_239.csv,1,2015-04-16,4,1,1,0.6666666666666666,239,0.6527196652719666
knn,15,2014-2015,254-1,teste_240.csv,1,2015-04-17,4,1,1,0.6666666666666666,240,0.6541666666666667
knn,15,2014-2015,255-1,teste_241.csv,1,2015-04-19,5,1,1,0.6666666666666666,241,0.6556016597510373
knn,15,2014-2015,256-1,teste_242.csv,1,2015-04-22,1,1,1,0.6666666666666666,242,0.6570247933884298
knn,15,2014-2015,257-1,teste_243.csv,1,2015-04-23,1,1,1,1.0,243,0.6584362139917695
knn,15,2014-2015,258-1,teste_244.csv,1,2015-04-23,1,1,1,0.6666666666666666,244,0.6598360655737705
knn,15,2014-2015,259-1,teste_245.csv,1,2015-04-24,1,1,1,1.0,245,0.6612244897959184
knn,15,2014-2015,260-1,teste_246.csv,1,2015-04-24,2,0,1,0.7777777777777778,246,0.6585365853658537
knn,15,2014-2015,261-1,teste_247.csv,1,2015-04-25,2,0,1,1.0,247,0.6558704453441295
knn,15,2014-2015,262-1,teste_248.csv,1,2015-04-25,2,0,1,0.6666666666666666,248,0.6532258064516129
knn,15,2014-2015,263-1,teste_249.csv,1,2015-04-26,2,0,1,1.0,249,0.6506024096385542
knn,15,2014-2015,264-1,teste_250.csv,1,2015-04-27,3,0,1,0.6666666666666666,250,0.648
knn,15,2014-2015,265-1,teste_251.csv,1,2015-04-28,3,0,1,0.6666666666666666,251,0.6454183266932271
knn,15,2014-2015,267-1,teste_253.csv,1,2015-04-29,3,1,0,0.2727272727272727,252,0.6428571428571429
knn,15,2014-2015,266-1,teste_252.csv,1,2015-04-29,4,0,1,0.6666666666666666,253,0.6403162055335968
knn,15,2014-2015,269-1,teste_255.csv,1,2015-04-30,3,0,0,0.0,254,0.6417322834645669
knn,15,2014-2015,268-1,teste_254.csv,1,2015-04-30,4,1,0,0.1818181818181818,255,0.6392156862745098
knn,15,2014-2015,270-1,teste_256.csv,1,2015-05-01,4,0,1,0.5555555555555556,256,0.63671875
knn,15,2014-2015,271-1,teste_257.csv,1,2015-05-02,4,1,0,0.1111111111111111,257,0.6342412451361867
knn,15,2014-2015,272-1,teste_258.csv,1,2015-05-04,5,1,1,0.6666666666666666,258,0.6356589147286822
knn,15,2014-2015,273-1,teste_259.csv,1,2015-05-05,5,1,1,0.6666666666666666,259,0.637065637065637
knn,15,2014-2015,274-1,teste_260.csv,1,2015-05-05,5,1,1,0.7777777777777778,260,0.6384615384615384
knn,15,2014-2015,275-1,teste_261.csv,1,2015-05-09,1,0,0,0.3333333333333333,261,0.6398467432950191
knn,15,2014-2015,276-1,teste_262.csv,1,2015-05-10,1,0,1,1.0,262,0.6374045801526718
knn,15,2014-2015,277-1,teste_263.csv,1,2015-05-11,2,0,0,0.3333333333333333,263,0.6387832699619772
knn,15,2014-2015,278-1,teste_264.csv,1,2015-05-12,2,1,1,0.6666666666666666,264,0.6401515151515151
knn,15,2014-2015,279-1,teste_265.csv,1,2015-05-14,3,1,0,0.4444444444444444,265,0.6377358490566037
knn,15,2014-2015,280-1,teste_266.csv,1,2015-05-15,3,1,0,0.2222222222222222,266,0.6353383458646616
knn,15,2014-2015,281-1,teste_267.csv,1,2015-05-17,4,0,0,0.3333333333333333,267,0.6367041198501873
knn,15,2014-2015,282-1,teste_268.csv,1,2015-05-20,5,1,1,0.7777777777777778,268,0.6380597014925373
knn,15,2014-2015,283-1,teste_269.csv,1,2015-05-26,1,1,0,0.4444444444444444,269,0.6356877323420075
knn,15,2015-2016,15-1,teste_1.csv,1,2015-11-10,3,1,0,0.2044924365263952,1,0.0
knn,15,2015-2016,16-1,teste_2.csv,1,2015-11-10,3,0,0,0.280511494872775,2,0.5
knn,15,2015-2016,17-1,teste_3.csv,1,2015-11-11,3,1,0,0.2931084518136948,3,0.3333333333333333
knn,15,2015-2016,18-1,teste_4.csv,1,2015-11-11,3,1,1,0.6669058460548786,4,0.5
knn,15,2015-2016,19-1,teste_5.csv,1,2015-11-11,3,1,0,0.4,5,0.4
knn,15,2015-2016,20-1,teste_6.csv,1,2015-11-12,4,0,1,0.6666666666666666,6,0.3333333333333333
knn,15,2015-2016,21-1,teste_7.csv,1,2015-11-12,4,1,0,0.4,7,0.2857142857142857
knn,15,2015-2016,22-1,teste_8.csv,1,2015-11-12,4,0,1,0.6,8,0.25
knn,15,2015-2016,23-1,teste_9.csv,1,2015-11-13,4,1,1,0.6666666666666666,9,0.3333333333333333
knn,15,2015-2016,24-1,teste_10.csv,1,2015-11-13,4,0,1,1.0,10,0.3
knn,15,2015-2016,25-1,teste_11.csv,1,2015-11-13,4,1,0,0.3333333333333333,11,0.2727272727272727
knn,15,2015-2016,26-1,teste_12.csv,1,2015-11-17,5,1,1,0.6666666666666666,12,0.3333333333333333
knn,15,2015-2016,27-1,teste_13.csv,1,2015-11-17,5,0,1,0.6666666666666666,13,0.3076923076923077
knn,15,2015-2016,28-1,teste_14.csv,1,2015-11-17,5,1,1,0.6666666666666666,14,0.3571428571428571
knn,15,2015-2016,29-1,teste_15.csv,1,2015-11-18,5,1,1,0.8,15,0.4
knn,15,2015-2016,30-1,teste_16.csv,1,2015-11-18,5,0,1,0.8,16,0.375
knn,15,2015-2016,31-1,teste_17.csv,1,2015-11-18,5,0,1,1.0,17,0.3529411764705882
knn,15,2015-2016,32-1,teste_18.csv,1,2015-11-19,6,0,1,0.6,18,0.3333333333333333
knn,15,2015-2016,33-1,teste_19.csv,1,2015-11-19,6,1,0,0.3290282953801044,19,0.3157894736842105
knn,15,2015-2016,34-1,teste_20.csv,1,2015-11-20,6,1,1,0.6666666666666666,20,0.35
knn,15,2015-2016,35-1,teste_21.csv,1,2015-11-20,6,1,1,0.7142857142857143,21,0.3809523809523809
knn,15,2015-2016,36-1,teste_22.csv,1,2015-11-20,6,1,1,0.6,22,0.4090909090909091
knn,15,2015-2016,37-1,teste_23.csv,1,2015-11-25,4,0,0,0.4,23,0.4347826086956521
knn,15,2015-2016,38-1,teste_24.csv,1,2015-11-27,3,0,1,0.5726801283996474,24,0.4166666666666667
knn,15,2015-2016,39-1,teste_25.csv,1,2015-11-27,6,1,1,0.6666666666666666,25,0.44
knn,15,2015-2016,40-1,teste_26.csv,1,2015-11-28,5,1,1,0.6,26,0.4615384615384615
knn,15,2015-2016,41-1,teste_27.csv,1,2015-11-30,6,0,0,0.4,27,0.4814814814814814
knn,15,2015-2016,42-1,teste_28.csv,1,2015-12-01,7,0,1,0.6,28,0.4642857142857143
knn,15,2015-2016,43-1,teste_29.csv,1,2015-12-01,7,0,1,0.6666666666666666,29,0.4482758620689655
knn,15,2015-2016,44-1,teste_30.csv,1,2015-12-01,7,1,1,1.0,30,0.4666666666666667
knn,15,2015-2016,45-1,teste_31.csv,1,2015-12-02,7,1,1,0.6666666666666666,31,0.4838709677419355
knn,15,2015-2016,46-1,teste_32.csv,1,2015-12-02,7,1,1,0.6666666666666666,32,0.5
knn,15,2015-2016,47-1,teste_33.csv,1,2015-12-02,7,0,1,0.6666666666666666,33,0.4848484848484848
knn,15,2015-2016,48-1,teste_34.csv,1,2015-12-03,8,1,0,0.4285714285714285,34,0.4705882352941176
knn,15,2015-2016,49-1,teste_35.csv,1,2015-12-03,8,1,1,0.5714285714285714,35,0.4857142857142857
knn,15,2015-2016,50-1,teste_36.csv,1,2015-12-03,8,0,1,0.8571428571428571,36,0.4722222222222222
knn,15,2015-2016,51-1,teste_37.csv,1,2015-12-04,8,1,0,0.4444444444444444,37,0.4594594594594595
knn,15,2015-2016,52-1,teste_38.csv,1,2015-12-04,8,1,1,0.7777777777777778,38,0.4736842105263157
knn,15,2015-2016,53-1,teste_39.csv,1,2015-12-05,8,1,0,0.4,39,0.4615384615384615
knn,15,2015-2016,54-1,teste_40.csv,1,2015-12-08,9,1,1,0.8,40,0.475
knn,15,2015-2016,55-1,teste_41.csv,1,2015-12-08,9,1,1,0.8888888888888888,41,0.4878048780487805
knn,15,2015-2016,56-1,teste_42.csv,1,2015-12-08,9,1,0,0.4,42,0.4761904761904761
knn,15,2015-2016,57-1,teste_43.csv,1,2015-12-09,9,1,1,0.5555555555555556,43,0.4883720930232558
knn,15,2015-2016,58-1,teste_44.csv,1,2015-12-09,9,1,1,0.5555555555555556,44,0.5
knn,15,2015-2016,59-1,teste_45.csv,1,2015-12-09,9,0,1,0.7777777777777778,45,0.4888888888888889
knn,15,2015-2016,60-1,teste_46.csv,1,2015-12-10,10,0,1,0.5555555555555556,46,0.4782608695652174
knn,15,2015-2016,61-1,teste_47.csv,1,2015-12-10,10,0,1,0.7777777777777778,47,0.4680851063829787
knn,15,2015-2016,62-1,teste_48.csv,1,2015-12-10,10,1,1,0.6666666666666666,48,0.4791666666666667
knn,15,2015-2016,63-1,teste_49.csv,1,2015-12-11,10,1,1,0.8888888888888888,49,0.4897959183673469
knn,15,2015-2016,64-1,teste_50.csv,1,2015-12-11,10,1,1,0.8888888888888888,50,0.5
knn,15,2015-2016,65-1,teste_51.csv,1,2015-12-12,10,0,1,0.6666666666666666,51,0.4901960784313725
knn,15,2015-2016,66-1,teste_52.csv,1,2015-12-15,11,0,0,0.4545454545454545,52,0.5
knn,15,2015-2016,67-1,teste_53.csv,1,2015-12-15,11,0,1,0.7142857142857143,53,0.490566037735849
knn,15,2015-2016,68-1,teste_54.csv,1,2015-12-15,11,1,1,0.8571428571428571,54,0.5
knn,15,2015-2016,69-1,teste_55.csv,1,2015-12-15,11,1,1,1.0,55,0.509090909090909
knn,15,2015-2016,70-1,teste_56.csv,1,2015-12-15,11,1,0,0.1428571428571428,56,0.5
knn,15,2015-2016,71-1,teste_57.csv,1,2015-12-15,11,1,1,1.0,57,0.5087719298245614
knn,15,2015-2016,72-1,teste_58.csv,1,2015-12-15,11,1,0,0.3333333333333333,58,0.5
knn,15,2015-2016,73-1,teste_59.csv,1,2015-12-17,12,1,1,0.6,59,0.5084745762711864
knn,15,2015-2016,74-1,teste_60.csv,1,2015-12-17,12,0,0,0.4,60,0.5166666666666667
knn,15,2015-2016,75-1,teste_61.csv,1,2015-12-17,12,1,1,1.0,61,0.5245901639344263
knn,15,2015-2016,76-1,teste_62.csv,1,2015-12-17,12,1,1,0.8,62,0.532258064516129
knn,15,2015-2016,77-1,teste_63.csv,1,2015-12-17,12,1,1,1.0,63,0.5396825396825397
knn,15,2015-2016,78-1,teste_64.csv,1,2015-12-17,12,0,1,0.6,64,0.53125
knn,15,2015-2016,79-1,teste_65.csv,1,2015-12-17,12,0,1,0.6,65,0.5230769230769231
knn,15,2015-2016,80-1,teste_66.csv,1,2015-12-19,13,1,1,0.6,66,0.5303030303030303
knn,15,2015-2016,81-1,teste_67.csv,1,2015-12-20,13,0,0,0.4285714285714285,67,0.5373134328358209
knn,15,2015-2016,82-1,teste_68.csv,1,2015-12-20,13,1,1,0.8571428571428571,68,0.5441176470588235
knn,15,2015-2016,83-1,teste_69.csv,1,2015-12-20,13,1,1,1.0,69,0.5507246376811594
knn,15,2015-2016,84-1,teste_70.csv,1,2015-12-20,13,0,0,0.4,70,0.5571428571428572
knn,15,2015-2016,85-1,teste_71.csv,1,2015-12-20,13,0,1,0.8,71,0.5492957746478874
knn,15,2015-2016,86-1,teste_72.csv,1,2015-12-20,13,1,0,0.4,72,0.5416666666666666
knn,15,2015-2016,87-1,teste_73.csv,1,2015-12-22,14,0,1,0.7142857142857143,73,0.5342465753424658
knn,15,2015-2016,88-1,teste_74.csv,1,2015-12-22,14,1,1,0.7142857142857143,74,0.5405405405405406
knn,15,2015-2016,89-1,teste_75.csv,1,2015-12-22,14,1,0,0.4285714285714285,75,0.5333333333333333
knn,15,2015-2016,90-1,teste_76.csv,1,2015-12-22,14,1,1,0.7142857142857143,76,0.5394736842105263
knn,15,2015-2016,91-1,teste_77.csv,1,2015-12-22,14,1,0,0.4285714285714285,77,0.5324675324675324
knn,15,2015-2016,92-1,teste_78.csv,1,2015-12-22,14,1,1,0.8,78,0.5384615384615384
knn,15,2015-2016,93-1,teste_79.csv,1,2015-12-22,14,0,1,0.6,79,0.5316455696202531
knn,15,2015-2016,94-1,teste_80.csv,1,2016-01-08,15,0,1,0.6,80,0.525
knn,15,2015-2016,95-1,teste_81.csv,1,2016-01-08,15,1,1,1.0,81,0.5308641975308642
knn,15,2015-2016,96-1,teste_82.csv,1,2016-01-08,15,0,1,0.5714285714285714,82,0.524390243902439
knn,15,2015-2016,97-1,teste_83.csv,1,2016-01-08,15,1,1,1.0,83,0.5301204819277109
knn,15,2015-2016,98-1,teste_84.csv,1,2016-01-08,15,1,1,1.0,84,0.5357142857142857
knn,15,2015-2016,99-1,teste_85.csv,1,2016-01-08,15,0,1,0.5714285714285714,85,0.5294117647058824
knn,15,2015-2016,100-1,teste_86.csv,1,2016-01-09,15,1,0,0.4285714285714285,86,0.5232558139534884
knn,15,2015-2016,101-1,teste_87.csv,1,2016-01-12,1,0,1,0.5444374443524529,87,0.5172413793103449
knn,15,2015-2016,102-1,teste_88.csv,1,2016-01-12,1,1,1,0.8674883371892541,88,0.5227272727272727
knn,15,2015-2016,103-1,teste_89.csv,1,2016-01-12,1,1,1,0.590130223022467,89,0.5280898876404494
knn,15,2015-2016,104-1,teste_90.csv,1,2016-01-13,1,0,1,0.5728211535026984,90,0.5222222222222223
knn,15,2015-2016,105-1,teste_91.csv,1,2016-01-13,1,1,1,0.6,91,0.5274725274725275
knn,15,2015-2016,106-1,teste_92.csv,1,2016-01-13,1,1,1,0.579609146403159,92,0.532608695652174
knn,15,2015-2016,107-1,teste_93.csv,1,2016-01-14,2,1,1,0.8888888888888888,93,0.5376344086021505
knn,15,2015-2016,108-1,teste_94.csv,1,2016-01-14,2,0,1,0.609851301341912,94,0.5319148936170213
knn,15,2015-2016,109-1,teste_95.csv,1,2016-01-14,2,1,1,0.5714285714285714,95,0.5368421052631579
knn,15,2015-2016,110-1,teste_96.csv,1,2016-01-15,2,0,0,0.2857142857142857,96,0.5416666666666666
knn,15,2015-2016,111-1,teste_97.csv,1,2016-01-15,2,0,1,0.8,97,0.5360824742268041
knn,15,2015-2016,112-1,teste_98.csv,1,2016-01-16,2,1,1,0.6,98,0.5408163265306123
knn,15,2015-2016,113-1,teste_99.csv,1,2016-01-17,9,0,0,0.4545454545454545,99,0.5454545454545454
knn,15,2015-2016,114-1,teste_100.csv,1,2016-01-19,10,0,1,0.8,100,0.54
knn,15,2015-2016,115-1,teste_101.csv,1,2016-01-20,4,0,1,0.5555555555555556,101,0.5346534653465347
knn,15,2015-2016,116-1,teste_102.csv,1,2016-01-22,8,1,1,0.5555555555555556,102,0.5392156862745098
knn,15,2015-2016,117-1,teste_103.csv,1,2016-01-23,3,1,1,1.0,103,0.5436893203883495
knn,15,2015-2016,118-1,teste_104.csv,1,2016-01-23,5,1,1,1.0,104,0.5480769230769231
knn,15,2015-2016,119-1,teste_105.csv,1,2016-01-24,7,1,1,1.0,105,0.5523809523809524
knn,15,2015-2016,120-1,teste_106.csv,1,2016-01-26,3,1,0,0.0,106,0.5471698113207547
knn,15,2015-2016,121-1,teste_107.csv,1,2016-01-26,3,0,1,1.0,107,0.5420560747663551
knn,15,2015-2016,122-1,teste_108.csv,1,2016-01-27,3,1,1,1.0,108,0.5462962962962963
knn,15,2015-2016,123-1,teste_109.csv,1,2016-01-27,3,1,1,1.0,109,0.5504587155963303
knn,15,2015-2016,124-1,teste_110.csv,1,2016-01-27,3,0,0,0.3333333333333333,110,0.5545454545454546
knn,15,2015-2016,125-1,teste_111.csv,1,2016-01-28,4,0,1,0.6666666666666666,111,0.5495495495495496
knn,15,2015-2016,126-1,teste_112.csv,1,2016-01-29,4,0,1,0.6666666666666666,112,0.5446428571428571
knn,15,2015-2016,127-1,teste_113.csv,1,2016-01-29,4,0,0,0.3333333333333333,113,0.5486725663716814
knn,15,2015-2016,128-1,teste_114.csv,1,2016-01-29,4,1,1,0.6666666666666666,114,0.5526315789473685
knn,15,2015-2016,129-1,teste_115.csv,1,2016-01-29,4,0,0,0.3333333333333333,115,0.5565217391304348
knn,15,2015-2016,130-1,teste_116.csv,1,2016-01-30,4,1,1,0.6666666666666666,116,0.5603448275862069
knn,15,2015-2016,131-1,teste_117.csv,1,2016-01-31,3,1,1,0.6666666666666666,117,0.5641025641025641
knn,15,2015-2016,132-1,teste_118.csv,1,2016-02-02,5,0,0,0.3333333333333333,118,0.5677966101694916
knn,15,2015-2016,133-1,teste_119.csv,1,2016-02-02,5,1,1,0.6666666666666666,119,0.5714285714285714
knn,15,2015-2016,134-1,teste_120.csv,1,2016-02-03,5,0,1,0.6666666666666666,120,0.5666666666666667
knn,15,2015-2016,135-1,teste_121.csv,1,2016-02-03,5,1,0,0.4285714285714285,121,0.5619834710743802
knn,15,2015-2016,136-1,teste_122.csv,1,2016-02-03,5,0,1,0.6666666666666666,122,0.5573770491803278
knn,15,2015-2016,137-1,teste_123.csv,1,2016-02-04,6,0,1,0.5714285714285714,123,0.5528455284552846
knn,15,2015-2016,138-1,teste_124.csv,1,2016-02-04,6,1,0,0.4285714285714285,124,0.5483870967741935
knn,15,2015-2016,139-1,teste_125.csv,1,2016-02-04,6,1,1,0.6666666666666666,125,0.552
knn,15,2015-2016,140-1,teste_126.csv,1,2016-02-05,6,0,1,0.7142857142857143,126,0.5476190476190477
knn,15,2015-2016,141-1,teste_127.csv,1,2016-02-05,6,0,0,0.3333333333333333,127,0.5511811023622047
knn,15,2015-2016,142-1,teste_128.csv,1,2016-02-06,6,0,0,0.0,128,0.5546875
knn,15,2015-2016,143-1,teste_129.csv,1,2016-02-12,2,1,1,0.6666666666666666,129,0.5581395348837209
knn,15,2015-2016,144-1,teste_130.csv,1,2016-02-12,5,0,1,0.6666666666666666,130,0.5538461538461539
knn,15,2015-2016,145-1,teste_131.csv,1,2016-02-13,7,0,0,0.3333333333333333,131,0.5572519083969466
knn,15,2015-2016,146-1,teste_132.csv,1,2016-02-14,1,1,1,0.6666666666666666,132,0.5606060606060606
knn,15,2015-2016,147-1,teste_133.csv,1,2016-02-14,6,1,1,0.6666666666666666,133,0.5639097744360902
knn,15,2015-2016,148-1,teste_134.csv,1,2016-02-16,7,1,1,0.6666666666666666,134,0.5671641791044776
knn,15,2015-2016,149-1,teste_135.csv,1,2016-02-16,7,1,1,0.6666666666666666,135,0.5703703703703704
knn,15,2015-2016,150-1,teste_136.csv,1,2016-02-17,7,0,1,0.6666666666666666,136,0.5661764705882353
knn,15,2015-2016,151-1,teste_137.csv,1,2016-02-17,7,1,0,0.0,137,0.5620437956204379
knn,15,2015-2016,152-1,teste_138.csv,1,2016-02-18,7,0,0,0.2857142857142857,138,0.5652173913043478
knn,15,2015-2016,153-1,teste_139.csv,1,2016-02-18,8,0,0,0.3333333333333333,139,0.5683453237410072
knn,15,2015-2016,154-1,teste_140.csv,1,2016-02-18,8,0,0,0.3333333333333333,140,0.5714285714285714
knn,15,2015-2016,155-1,teste_141.csv,1,2016-02-18,8,0,0,0.3333333333333333,141,0.574468085106383
knn,15,2015-2016,156-1,teste_142.csv,1,2016-02-19,8,0,0,0.3333333333333333,142,0.5774647887323944
knn,15,2015-2016,157-1,teste_143.csv,1,2016-02-19,8,0,1,0.6363636363636364,143,0.5734265734265734
knn,15,2015-2016,158-1,teste_144.csv,1,2016-02-20,8,1,1,0.7272727272727273,144,0.5763888888888888
knn,15,2015-2016,159-1,teste_145.csv,1,2016-02-21,9,1,1,0.6363636363636364,145,0.5793103448275863
knn,15,2015-2016,160-1,teste_146.csv,1,2016-02-22,14,0,0,0.3636363636363636,146,0.5821917808219178
knn,15,2015-2016,161-1,teste_147.csv,1,2016-02-23,9,1,0,0.4545454545454545,147,0.5782312925170068
knn,15,2015-2016,162-1,teste_148.csv,1,2016-02-23,9,0,0,0.3636363636363636,148,0.581081081081081
knn,15,2015-2016,163-1,teste_149.csv,1,2016-02-24,9,0,0,0.2857142857142857,149,0.5838926174496645
knn,15,2015-2016,164-1,teste_150.csv,1,2016-02-24,9,0,0,0.2857142857142857,150,0.5866666666666667
knn,15,2015-2016,165-1,teste_151.csv,1,2016-02-25,10,0,0,0.0,151,0.5894039735099338
knn,15,2015-2016,166-1,teste_152.csv,1,2016-02-25,10,1,1,0.6666666666666666,152,0.5921052631578947
knn,15,2015-2016,167-1,teste_153.csv,1,2016-02-25,10,1,0,0.3333333333333333,153,0.5882352941176471
knn,15,2015-2016,168-1,teste_154.csv,1,2016-02-26,10,0,0,0.3333333333333333,154,0.5909090909090909
knn,15,2015-2016,169-1,teste_155.csv,1,2016-02-26,10,0,0,0.0,155,0.5935483870967742
knn,15,2015-2016,170-1,teste_156.csv,1,2016-02-27,9,1,0,0.3636363636363636,156,0.5897435897435898
knn,15,2015-2016,171-1,teste_157.csv,1,2016-03-03,7,1,1,0.813378843082476,157,0.5923566878980892
knn,15,2015-2016,172-1,teste_158.csv,1,2016-03-03,11,1,0,0.1229866125523654,158,0.5886075949367089
knn,15,2015-2016,173-1,teste_159.csv,1,2016-03-04,10,0,0,0.2509433223009398,159,0.5911949685534591
knn,15,2015-2016,174-1,teste_160.csv,1,2016-03-05,8,1,1,0.6569794248861011,160,0.59375
knn,15,2015-2016,175-1,teste_161.csv,1,2016-03-06,9,0,0,0.1775376466577592,161,0.5962732919254659
knn,15,2015-2016,176-1,teste_162.csv,1,2016-03-09,11,1,0,0.3333333333333333,162,0.5925925925925926
knn,15,2015-2016,177-1,teste_163.csv,1,2016-03-09,11,0,0,0.1818181818181818,163,0.5950920245398773
knn,15,2015-2016,178-1,teste_164.csv,1,2016-03-09,11,0,0,0.3636363636363636,164,0.5975609756097561
knn,15,2015-2016,179-1,teste_165.csv,1,2016-03-09,11,1,1,0.5714285714285714,165,0.6
knn,15,2015-2016,180-1,teste_166.csv,1,2016-03-11,12,0,0,0.2857142857142857,166,0.6024096385542169
knn,15,2015-2016,181-1,teste_167.csv,1,2016-03-11,12,0,0,0.4285714285714285,167,0.6047904191616766
knn,15,2015-2016,182-1,teste_168.csv,1,2016-03-11,12,1,0,0.4285714285714285,168,0.6011904761904762
knn,15,2015-2016,183-1,teste_169.csv,1,2016-03-12,12,0,0,0.2857142857142857,169,0.6035502958579881
knn,15,2015-2016,184-1,teste_170.csv,1,2016-03-13,10,1,1,0.7142857142857143,170,0.6058823529411764
knn,15,2015-2016,185-1,teste_171.csv,1,2016-03-16,12,0,1,0.8571428571428571,171,0.6023391812865497
knn,15,2015-2016,186-1,teste_172.csv,1,2016-03-17,12,1,0,0.4285714285714285,172,0.5988372093023255
knn,15,2015-2016,187-1,teste_173.csv,1,2016-03-17,12,0,1,1.0,173,0.5953757225433526
knn,15,2015-2016,189-1,teste_175.csv,1,2016-03-23,13,1,0,0.0,174,0.5919540229885057
knn,15,2015-2016,190-1,teste_176.csv,1,2016-03-23,13,1,0,0.2857142857142857,175,0.5885714285714285
knn,15,2015-2016,191-1,teste_177.csv,1,2016-03-23,13,0,0,0.0,176,0.5909090909090909
knn,15,2015-2016,192-1,teste_178.csv,1,2016-03-23,13,1,1,0.8571428571428571,177,0.5932203389830508
knn,15,2015-2016,193-1,teste_179.csv,1,2016-03-23,13,0,0,0.4062627970324117,178,0.5955056179775281
knn,15,2015-2016,188-1,teste_174.csv,1,2016-03-23,14,0,0,0.1428571428571428,179,0.5977653631284916
knn,15,2015-2016,194-1,teste_180.csv,1,2016-03-23,14,1,1,0.8177343931911915,180,0.6
knn,15,2015-2016,195-1,teste_181.csv,1,2016-03-25,13,1,0,0.2857142857142857,181,0.5966850828729282
knn,15,2015-2016,196-1,teste_182.csv,1,2016-03-25,14,0,0,0.4285714285714285,182,0.5989010989010989
knn,15,2015-2016,197-1,teste_183.csv,1,2016-03-25,14,0,0,0.2857142857142857,183,0.6010928961748634
knn,15,2015-2016,198-1,teste_184.csv,1,2016-03-25,14,1,1,0.7142857142857143,184,0.6032608695652174
knn,15,2015-2016,199-1,teste_185.csv,1,2016-03-25,14,0,0,0.4285714285714285,185,0.6054054054054054
knn,15,2015-2016,200-1,teste_186.csv,1,2016-03-26,13,1,1,0.6890568970772304,186,0.6075268817204301
knn,15,2015-2016,201-1,teste_187.csv,1,2016-03-27,11,1,1,0.6387694584548391,187,0.6096256684491979
knn,15,2015-2016,202-1,teste_188.csv,1,2016-03-27,11,0,0,0.3047313054966923,188,0.6117021276595744
knn,15,2015-2016,203-1,teste_189.csv,1,2016-03-29,15,1,1,0.676161876923215,189,0.6137566137566137
knn,15,2015-2016,204-1,teste_190.csv,1,2016-03-29,15,1,0,0.3052503829607119,190,0.6105263157894737
knn,15,2015-2016,205-1,teste_191.csv,1,2016-03-29,15,1,0,0.2,191,0.6073298429319371
knn,15,2015-2016,206-1,teste_192.csv,1,2016-03-29,15,0,0,0.4,192,0.609375
knn,15,2015-2016,207-1,teste_193.csv,1,2016-03-29,15,0,0,0.4,193,0.6113989637305699
knn,15,2015-2016,208-1,teste_194.csv,1,2016-03-29,15,1,1,0.8,194,0.6134020618556701
knn,15,2015-2016,209-1,teste_195.csv,1,2016-03-29,15,0,0,0.0,195,0.6153846153846154
knn,15,2015-2016,210-1,teste_196.csv,1,2016-04-02,1,1,0,0.4,196,0.6122448979591837
knn,15,2015-2016,211-1,teste_197.csv,1,2016-04-03,1,1,0,0.2,197,0.6091370558375635
knn,15,2015-2016,212-1,teste_198.csv,1,2016-04-04,1,1,0,0.4,198,0.6060606060606061
knn,15,2015-2016,213-1,teste_199.csv,1,2016-04-04,1,0,0,0.2,199,0.6080402010050251
knn,15,2015-2016,214-1,teste_200.csv,1,2016-04-05,2,1,1,0.8,200,0.61
knn,15,2015-2016,215-1,teste_201.csv,1,2016-04-06,2,1,0,0.2,201,0.6069651741293532
knn,15,2015-2016,216-1,teste_202.csv,1,2016-04-07,2,1,1,1.0,202,0.6089108910891089
knn,15,2015-2016,217-1,teste_203.csv,1,2016-04-07,2,0,1,1.0,203,0.6059113300492611
knn,15,2015-2016,218-1,teste_204.csv,1,2016-04-08,3,1,1,0.7142857142857143,204,0.6078431372549019
knn,15,2015-2016,219-1,teste_205.csv,1,2016-04-08,3,1,0,0.4285714285714285,205,0.6048780487804878
knn,15,2015-2016,220-1,teste_206.csv,1,2016-04-09,3,1,1,0.8571428571428571,206,0.6067961165048543
knn,15,2015-2016,221-1,teste_207.csv,1,2016-04-09,3,1,1,0.8571428571428571,207,0.6086956521739131
knn,15,2015-2016,222-1,teste_208.csv,1,2016-04-11,4,1,1,0.5714285714285714,208,0.6105769230769231
knn,15,2015-2016,223-1,teste_209.csv,1,2016-04-11,4,0,0,0.2857142857142857,209,0.6124401913875598
knn,15,2015-2016,224-1,teste_210.csv,1,2016-04-12,4,0,0,0.4285714285714285,210,0.6142857142857143
knn,15,2015-2016,225-1,teste_211.csv,1,2016-04-13,5,1,1,0.5714285714285714,211,0.6161137440758294
knn,15,2015-2016,226-1,teste_212.csv,1,2016-04-15,5,1,1,0.5714285714285714,212,0.6179245283018868
knn,15,2015-2016,227-1,teste_213.csv,1,2016-04-16,1,1,1,1.0,213,0.6197183098591549
knn,15,2015-2016,228-1,teste_214.csv,1,2016-04-16,1,1,1,0.8,214,0.6214953271028038
knn,15,2015-2016,229-1,teste_215.csv,1,2016-04-18,1,0,0,0.4,215,0.6232558139534884
knn,15,2015-2016,230-1,teste_216.csv,1,2016-04-18,1,0,1,1.0,216,0.6203703703703703
knn,15,2015-2016,231-1,teste_217.csv,1,2016-04-19,2,1,1,0.5714285714285714,217,0.6221198156682027
knn,15,2015-2016,232-1,teste_218.csv,1,2016-04-20,2,1,1,0.7142857142857143,218,0.6238532110091743
knn,15,2015-2016,234-1,teste_220.csv,1,2016-04-21,2,1,1,0.8571428571428571,219,0.6255707762557078
knn,15,2015-2016,233-1,teste_219.csv,1,2016-04-21,3,0,1,0.7272727272727273,220,0.6227272727272727
knn,15,2015-2016,235-1,teste_221.csv,1,2016-04-22,2,1,1,0.8,221,0.6244343891402715
knn,15,2015-2016,236-1,teste_222.csv,1,2016-04-22,3,0,1,0.6,222,0.6216216216216216
knn,15,2015-2016,237-1,teste_223.csv,1,2016-04-23,3,1,1,0.8571428571428571,223,0.6233183856502242
knn,15,2015-2016,238-1,teste_224.csv,1,2016-04-24,3,0,1,0.6,224,0.6205357142857143
knn,15,2015-2016,239-1,teste_225.csv,1,2016-04-24,4,1,1,0.7142857142857143,225,0.6222222222222222
knn,15,2015-2016,240-1,teste_226.csv,1,2016-04-25,4,1,1,0.8571428571428571,226,0.6238938053097345
knn,15,2015-2016,241-1,teste_227.csv,1,2016-04-27,4,0,1,0.8571428571428571,227,0.6211453744493393
knn,15,2015-2016,242-1,teste_228.csv,1,2016-04-30,1,1,1,0.5714285714285714,228,0.6228070175438597
knn,15,2015-2016,243-1,teste_229.csv,1,2016-05-03,1,0,1,0.7142857142857143,229,0.6200873362445415
knn,15,2015-2016,244-1,teste_230.csv,1,2016-05-06,2,1,1,0.7142857142857143,230,0.6217391304347826
knn,15,2015-2016,245-1,teste_231.csv,1,2016-05-07,2,1,1,0.5714285714285714,231,0.6233766233766234
knn,15,2015-2016,246-1,teste_232.csv,1,2016-05-09,3,0,1,0.7272727272727273,232,0.6206896551724138
knn,15,2015-2016,247-1,teste_233.csv,1,2016-05-10,3,1,1,0.5454545454545454,233,0.6223175965665236
knn,15,2015-2016,248-1,teste_234.csv,1,2016-05-14,4,0,1,0.5714285714285714,234,0.6196581196581197
knn,15,2015-2016,249-1,teste_235.csv,1,2016-05-17,5,1,1,0.6363636363636364,235,0.6212765957446809
knn,15,2015-2016,250-1,teste_236.csv,1,2016-05-21,1,0,1,0.5454545454545454,236,0.6186440677966102
knn,15,2015-2016,251-1,teste_237.csv,1,2016-05-26,2,0,1,0.6363636363636364,237,0.6160337552742616
knn,15,2015-2016,252-1,teste_238.csv,1,2016-05-28,3,1,1,0.5454545454545454,238,0.6176470588235294
knn,15,2015-2016,253-1,teste_239.csv,1,2016-06-04,4,1,1,0.5454545454545454,239,0.6192468619246861
knn,15,2016-2017,15-1,teste_1.csv,1,2016-11-16,3,1,1,0.7959248731417845,1,1.0
knn,15,2016-2017,16-1,teste_2.csv,1,2016-11-16,3,1,1,0.6666666666666666,2,1.0
knn,15,2016-2017,17-1,teste_3.csv,1,2016-11-17,3,0,1,0.6666666666666666,3,0.6666666666666666
knn,15,2016-2017,18-1,teste_4.csv,1,2016-11-17,3,0,1,0.8453708593771176,4,0.5
knn,15,2016-2017,19-1,teste_5.csv,1,2016-11-17,4,0,1,0.639593489399359,5,0.4
knn,15,2016-2017,20-1,teste_6.csv,1,2016-11-17,4,1,0,0.3333333333333333,6,0.3333333333333333
knn,15,2016-2017,21-1,teste_7.csv,1,2016-11-17,4,1,1,0.6666666666666666,7,0.4285714285714285
knn,15,2016-2017,22-1,teste_8.csv,1,2016-11-18,4,0,1,0.5714285714285714,8,0.375
knn,15,2016-2017,23-1,teste_9.csv,1,2016-11-18,4,0,1,0.5714285714285714,9,0.3333333333333333
knn,15,2016-2017,24-1,teste_10.csv,1,2016-11-19,4,1,0,0.4285714285714285,10,0.3
knn,15,2016-2017,25-1,teste_11.csv,1,2016-11-19,4,0,0,0.0,11,0.3636363636363636
knn,15,2016-2017,26-1,teste_12.csv,1,2016-11-22,5,1,0,0.4422716976078411,12,0.3333333333333333
knn,15,2016-2017,27-1,teste_13.csv,1,2016-11-22,5,0,1,0.5555555555555556,13,0.3076923076923077
knn,15,2016-2017,28-1,teste_14.csv,1,2016-11-23,5,1,0,0.4327130555846065,14,0.2857142857142857
knn,15,2016-2017,29-1,teste_15.csv,1,2016-11-24,5,0,0,0.3698652826759396,15,0.3333333333333333
knn,15,2016-2017,31-1,teste_17.csv,1,2016-11-24,5,0,0,0.3915307787983704,16,0.375
knn,15,2016-2017,33-1,teste_19.csv,1,2016-11-24,5,0,0,0.3333333333333333,17,0.4117647058823529
knn,15,2016-2017,30-1,teste_16.csv,1,2016-11-24,6,0,0,0.4361210618002449,18,0.4444444444444444
knn,15,2016-2017,32-1,teste_18.csv,1,2016-11-24,6,0,0,0.3333333333333333,19,0.4736842105263157
knn,15,2016-2017,34-1,teste_20.csv,1,2016-11-25,6,1,0,0.0,20,0.45
knn,15,2016-2017,35-1,teste_21.csv,1,2016-11-26,6,0,0,0.1102265978980506,21,0.4761904761904761
knn,15,2016-2017,36-1,teste_22.csv,1,2016-11-26,6,1,0,0.3333333333333333,22,0.4545454545454545
knn,15,2016-2017,37-1,teste_23.csv,1,2016-11-26,6,1,0,0.3636363636363636,23,0.4347826086956521
knn,15,2016-2017,38-1,teste_24.csv,1,2016-11-29,7,1,0,0.3636363636363636,24,0.4166666666666667
knn,15,2016-2017,39-1,teste_25.csv,1,2016-11-29,7,1,1,0.5200758369891854,25,0.44
knn,15,2016-2017,40-1,teste_26.csv,1,2016-11-30,7,1,1,0.5219245613863673,26,0.4615384615384615
knn,15,2016-2017,41-1,teste_27.csv,1,2016-11-30,7,1,1,0.5555555555555556,27,0.4814814814814814
knn,15,2016-2017,42-1,teste_28.csv,1,2016-12-01,7,0,0,0.3491859714365901,28,0.5
knn,15,2016-2017,44-1,teste_30.csv,1,2016-12-01,7,1,1,0.6666666666666666,29,0.5172413793103449
knn,15,2016-2017,43-1,teste_29.csv,1,2016-12-01,8,1,0,0.4444444444444444,30,0.5
knn,15,2016-2017,45-1,teste_31.csv,1,2016-12-01,8,0,1,0.5555555555555556,31,0.4838709677419355
knn,15,2016-2017,46-1,teste_32.csv,1,2016-12-02,8,0,0,0.4545454545454545,32,0.5
knn,15,2016-2017,47-1,teste_33.csv,1,2016-12-02,8,0,1,0.5727267849074944,33,0.4848484848484848
knn,15,2016-2017,48-1,teste_34.csv,1,2016-12-03,8,1,1,0.6666666666666666,34,0.5
knn,15,2016-2017,49-1,teste_35.csv,1,2016-12-03,8,1,1,0.6666666666666666,35,0.5142857142857142
knn,15,2016-2017,50-1,teste_36.csv,1,2016-12-06,1,1,1,0.6666666666666666,36,0.5277777777777778
knn,15,2016-2017,51-1,teste_37.csv,1,2016-12-07,1,0,0,0.4285714285714285,37,0.5405405405405406
knn,15,2016-2017,53-1,teste_39.csv,1,2016-12-10,7,1,1,0.5714285714285714,38,0.5526315789473685
knn,15,2016-2017,52-1,teste_38.csv,1,2016-12-10,13,1,1,0.7142857142857143,39,0.5641025641025641
knn,15,2016-2017,54-1,teste_40.csv,1,2016-12-12,9,1,1,0.8571428571428571,40,0.575
knn,15,2016-2017,55-1,teste_41.csv,1,2016-12-13,9,1,0,0.3333333333333333,41,0.5609756097560976
knn,15,2016-2017,56-1,teste_42.csv,1,2016-12-13,9,1,1,0.6666666666666666,42,0.5714285714285714
knn,15,2016-2017,58-1,teste_44.csv,1,2016-12-14,9,0,0,0.1428571428571428,43,0.5813953488372093
knn,15,2016-2017,57-1,teste_43.csv,1,2016-12-14,10,0,1,1.0,44,0.5681818181818182
knn,15,2016-2017,61-1,teste_47.csv,1,2016-12-15,9,1,0,0.3333333333333333,45,0.5555555555555556
knn,15,2016-2017,62-1,teste_48.csv,1,2016-12-15,9,0,0,0.4444444444444444,46,0.5652173913043478
knn,15,2016-2017,59-1,teste_45.csv,1,2016-12-15,10,0,0,0.4,47,0.574468085106383
knn,15,2016-2017,60-1,teste_46.csv,1,2016-12-15,10,0,1,0.7142857142857143,48,0.5625
knn,15,2016-2017,63-1,teste_49.csv,1,2016-12-16,10,1,0,0.3636363636363636,49,0.5510204081632653
knn,15,2016-2017,64-1,teste_50.csv,1,2016-12-17,10,0,0,0.4545454545454545,50,0.56
knn,15,2016-2017,65-1,teste_51.csv,1,2016-12-17,10,0,0,0.4545454545454545,51,0.5686274509803921
knn,15,2016-2017,66-1,teste_52.csv,1,2016-12-19,11,0,0,0.4,52,0.5769230769230769
knn,15,2016-2017,67-1,teste_53.csv,1,2016-12-20,11,0,0,0.4545454545454545,53,0.5849056603773585
knn,15,2016-2017,68-1,teste_54.csv,1,2016-12-20,11,0,1,0.5714285714285714,54,0.5740740740740741
knn,15,2016-2017,69-1,teste_55.csv,1,2016-12-20,11,1,0,0.4285714285714285,55,0.5636363636363636
knn,15,2016-2017,70-1,teste_56.csv,1,2016-12-20,11,0,0,0.4,56,0.5714285714285714
knn,15,2016-2017,71-1,teste_57.csv,1,2016-12-20,11,1,0,0.1428571428571428,57,0.5614035087719298
knn,15,2016-2017,72-1,teste_58.csv,1,2016-12-20,11,1,0,0.3636363636363636,58,0.5517241379310345
knn,15,2016-2017,73-1,teste_59.csv,1,2016-12-21,12,1,0,0.4,59,0.5423728813559322
knn,15,2016-2017,74-1,teste_60.csv,1,2016-12-22,12,1,1,0.6,60,0.55
knn,15,2016-2017,75-1,teste_61.csv,1,2016-12-22,12,0,1,0.6,61,0.5409836065573771
knn,15,2016-2017,76-1,teste_62.csv,1,2016-12-22,12,1,1,0.7142857142857143,62,0.5483870967741935
knn,15,2016-2017,77-1,teste_63.csv,1,2016-12-22,12,1,0,0.1428571428571428,63,0.5396825396825397
knn,15,2016-2017,78-1,teste_64.csv,1,2016-12-22,12,1,1,0.5714285714285714,64,0.546875
knn,15,2016-2017,79-1,teste_65.csv,1,2016-12-27,24,1,1,0.7142857142857143,65,0.5538461538461539
knn,15,2016-2017,80-1,teste_66.csv,1,2017-01-03,12,0,1,0.5714285714285714,66,0.5454545454545454
knn,15,2016-2017,81-1,teste_67.csv,1,2017-01-06,13,1,0,0.4285714285714285,67,0.5373134328358209
knn,15,2016-2017,82-1,teste_68.csv,1,2017-01-07,13,1,1,0.6666666666666666,68,0.5441176470588235
knn,15,2016-2017,83-1,teste_69.csv,1,2017-01-07,13,1,1,0.6666666666666666,69,0.5507246376811594
knn,15,2016-2017,84-1,teste_70.csv,1,2017-01-07,13,0,1,0.6666666666666666,70,0.5428571428571428
knn,15,2016-2017,85-1,teste_71.csv,1,2017-01-07,13,1,0,0.4285714285714285,71,0.5352112676056338
knn,15,2016-2017,86-1,teste_72.csv,1,2017-01-07,13,0,1,0.6666666666666666,72,0.5277777777777778
knn,15,2016-2017,87-1,teste_73.csv,1,2017-01-10,14,1,1,0.7777777777777778,73,0.5342465753424658
knn,15,2016-2017,88-1,teste_74.csv,1,2017-01-10,14,1,0,0.4444444444444444,74,0.527027027027027
knn,15,2016-2017,89-1,teste_75.csv,1,2017-01-10,14,0,1,1.0,75,0.52
knn,15,2016-2017,90-1,teste_76.csv,1,2017-01-11,14,0,0,0.3333333333333333,76,0.5263157894736842
knn,15,2016-2017,91-1,teste_77.csv,1,2017-01-11,14,0,0,0.3333333333333333,77,0.5324675324675324
knn,15,2016-2017,92-1,teste_78.csv,1,2017-01-11,14,1,1,0.6666666666666666,78,0.5384615384615384
knn,15,2016-2017,93-1,teste_79.csv,1,2017-01-12,15,0,0,0.0,79,0.5443037974683544
knn,15,2016-2017,94-1,teste_80.csv,1,2017-01-12,15,1,1,0.6666666666666666,80,0.55
knn,15,2016-2017,95-1,teste_81.csv,1,2017-01-12,15,1,1,0.6,81,0.5555555555555556
knn,15,2016-2017,96-1,teste_82.csv,1,2017-01-12,15,0,0,0.4,82,0.5609756097560976
knn,15,2016-2017,97-1,teste_83.csv,1,2017-01-13,15,1,0,0.3333333333333333,83,0.5542168674698795
knn,15,2016-2017,98-1,teste_84.csv,1,2017-01-13,15,1,1,0.5555555555555556,84,0.5595238095238095
knn,15,2016-2017,99-1,teste_85.csv,1,2017-01-13,15,1,0,0.4444444444444444,85,0.5529411764705883
knn,15,2016-2017,100-1,teste_86.csv,1,2017-01-14,14,1,1,0.6666666666666666,86,0.5581395348837209
knn,15,2016-2017,101-1,teste_87.csv,1,2017-01-16,9,0,1,0.6666666666666666,87,0.5517241379310345
knn,15,2016-2017,102-1,teste_88.csv,1,2017-01-17,6,0,1,1.0,88,0.5454545454545454
knn,15,2016-2017,103-1,teste_89.csv,1,2017-01-19,5,0,1,1.0,89,0.5393258426966292
knn,15,2016-2017,104-1,teste_90.csv,1,2017-01-19,17,1,1,0.6666666666666666,90,0.5444444444444444
knn,15,2016-2017,105-1,teste_91.csv,1,2017-01-21,17,0,1,1.0,91,0.5384615384615384
knn,15,2016-2017,106-1,teste_92.csv,1,2017-01-22,8,1,0,0.3333333333333333,92,0.532608695652174
knn,15,2016-2017,107-1,teste_93.csv,1,2017-01-23,16,0,0,0.0,93,0.5376344086021505
knn,15,2016-2017,108-1,teste_94.csv,1,2017-01-24,16,0,0,0.3333333333333333,94,0.5425531914893617
knn,15,2016-2017,109-1,teste_95.csv,1,2017-01-25,16,0,0,0.3333333333333333,95,0.5473684210526316
knn,15,2016-2017,110-1,teste_96.csv,1,2017-01-25,16,0,0,0.3333333333333333,96,0.5520833333333334
knn,15,2016-2017,111-1,teste_97.csv,1,2017-01-25,16,0,1,0.6666666666666666,97,0.5463917525773195
knn,15,2016-2017,113-1,teste_99.csv,1,2017-01-26,16,0,1,1.0,98,0.5408163265306123
knn,15,2016-2017,114-1,teste_100.csv,1,2017-01-26,16,0,1,0.6666666666666666,99,0.5353535353535354
knn,15,2016-2017,112-1,teste_98.csv,1,2017-01-26,17,0,0,0.3333333333333333,100,0.54
knn,15,2016-2017,115-1,teste_101.csv,1,2017-01-27,17,0,0,0.3333333333333333,101,0.5445544554455446
knn,15,2016-2017,116-1,teste_102.csv,1,2017-01-27,17,0,0,0.3333333333333333,102,0.5490196078431373
knn,15,2016-2017,117-1,teste_103.csv,1,2017-01-27,17,0,0,0.3333333333333333,103,0.5533980582524272
knn,15,2016-2017,118-1,teste_104.csv,1,2017-01-28,10,1,0,0.3333333333333333,104,0.5480769230769231
knn,15,2016-2017,119-1,teste_105.csv,1,2017-01-28,17,1,1,0.6,105,0.5523809523809524
knn,15,2016-2017,120-1,teste_106.csv,1,2017-01-31,18,1,0,0.4,106,0.5471698113207547
knn,15,2016-2017,121-1,teste_107.csv,1,2017-01-31,18,1,0,0.4,107,0.5420560747663551
knn,15,2016-2017,122-1,teste_108.csv,1,2017-01-31,18,1,1,0.8,108,0.5462962962962963
knn,15,2016-2017,123-1,teste_109.csv,1,2017-02-01,18,0,0,0.3333333333333333,109,0.5504587155963303
knn,15,2016-2017,124-1,teste_110.csv,1,2017-02-01,18,0,1,0.6666666666666666,110,0.5454545454545454
knn,15,2016-2017,126-1,teste_112.csv,1,2017-02-02,18,1,1,0.8,111,0.5495495495495496
knn,15,2016-2017,125-1,teste_111.csv,1,2017-02-02,19,0,1,0.6,112,0.5446428571428571
knn,15,2016-2017,127-1,teste_113.csv,1,2017-02-02,19,1,1,0.8,113,0.5486725663716814
knn,15,2016-2017,128-1,teste_114.csv,1,2017-02-02,19,1,1,0.6,114,0.5526315789473685
knn,15,2016-2017,129-1,teste_115.csv,1,2017-02-03,19,0,0,0.2,115,0.5565217391304348
knn,15,2016-2017,130-1,teste_116.csv,1,2017-02-03,19,1,0,0.4,116,0.5517241379310345
knn,15,2016-2017,131-1,teste_117.csv,1,2017-02-04,19,1,1,0.8,117,0.5555555555555556
knn,15,2016-2017,132-1,teste_118.csv,1,2017-02-04,19,1,0,0.4,118,0.5508474576271186
knn,15,2016-2017,133-1,teste_119.csv,1,2017-02-07,24,1,1,0.6,119,0.5546218487394958
knn,15,2016-2017,134-1,teste_120.csv,1,2017-02-11,18,0,0,0.4,120,0.5583333333333333
knn,15,2016-2017,135-1,teste_121.csv,1,2017-02-14,20,1,1,0.8,121,0.5619834710743802
knn,15,2016-2017,136-1,teste_122.csv,1,2017-02-14,20,0,0,0.0,122,0.5655737704918032
knn,15,2016-2017,137-1,teste_123.csv,1,2017-02-14,20,1,0,0.4026368811606152,123,0.5609756097560976
knn,15,2016-2017,138-1,teste_124.csv,1,2017-02-14,20,1,1,0.6245765240431544,124,0.5645161290322581
knn,15,2016-2017,139-1,teste_125.csv,1,2017-02-14,20,1,1,0.6746353018310208,125,0.568
knn,15,2016-2017,145-1,teste_131.csv,1,2017-02-16,20,1,1,0.5454545454545454,126,0.5714285714285714
knn,15,2016-2017,146-1,teste_132.csv,1,2017-02-16,20,1,1,0.6363636363636364,127,0.5748031496062992
knn,15,2016-2017,140-1,teste_126.csv,1,2017-02-16,21,0,0,0.472332355254093,128,0.578125
knn,15,2016-2017,141-1,teste_127.csv,1,2017-02-16,21,0,0,0.4545454545454545,129,0.5813953488372093
knn,15,2016-2017,142-1,teste_128.csv,1,2017-02-16,21,1,0,0.3111080062388864,130,0.5769230769230769
knn,15,2016-2017,143-1,teste_129.csv,1,2017-02-16,21,1,1,0.9090909090909092,131,0.5801526717557252
knn,15,2016-2017,144-1,teste_130.csv,1,2017-02-16,21,1,0,0.4545454545454545,132,0.5757575757575758
knn,15,2016-2017,147-1,teste_133.csv,1,2017-02-18,21,1,0,0.4545454545454545,133,0.5714285714285714
knn,15,2016-2017,148-1,teste_134.csv,1,2017-02-18,21,1,1,0.6363636363636364,134,0.5746268656716418
knn,15,2016-2017,149-1,teste_135.csv,1,2017-02-21,22,0,1,0.5454545454545454,135,0.5703703703703704
knn,15,2016-2017,150-1,teste_136.csv,1,2017-02-21,22,1,1,0.6363636363636364,136,0.5735294117647058
knn,15,2016-2017,151-1,teste_137.csv,1,2017-02-21,22,0,0,0.3333333333333333,137,0.5766423357664233
knn,15,2016-2017,152-1,teste_138.csv,1,2017-02-21,22,0,0,0.4545454545454545,138,0.5797101449275363
knn,15,2016-2017,153-1,teste_139.csv,1,2017-02-22,22,1,1,0.6666666666666666,139,0.5827338129496403
knn,15,2016-2017,154-1,teste_140.csv,1,2017-02-22,22,0,0,0.3333333333333333,140,0.5857142857142857
knn,15,2016-2017,155-1,teste_141.csv,1,2017-02-22,22,1,1,0.6,141,0.5886524822695035
knn,15,2016-2017,156-1,teste_142.csv,1,2017-02-23,23,1,1,0.8,142,0.5915492957746479
knn,15,2016-2017,157-1,teste_143.csv,1,2017-02-23,23,0,1,0.6666666666666666,143,0.5874125874125874
knn,15,2016-2017,158-1,teste_144.csv,1,2017-02-23,23,1,0,0.0,144,0.5833333333333334
knn,15,2016-2017,159-1,teste_145.csv,1,2017-02-23,23,1,0,0.4,145,0.5793103448275863
knn,15,2016-2017,160-1,teste_146.csv,1,2017-02-24,23,1,1,0.8,146,0.5821917808219178
knn,15,2016-2017,161-1,teste_147.csv,1,2017-02-24,23,0,0,0.4,147,0.5850340136054422
knn,15,2016-2017,162-1,teste_148.csv,1,2017-02-25,23,0,1,0.5265466026361755,148,0.581081081081081
knn,15,2016-2017,163-1,teste_149.csv,1,2017-03-04,26,1,1,0.5294160599709007,149,0.5838926174496645
knn,15,2016-2017,164-1,teste_150.csv,1,2017-03-07,24,1,1,0.8241663852985,150,0.5866666666666667
knn,15,2016-2017,165-1,teste_151.csv,1,2017-03-07,24,1,1,1.0,151,0.5894039735099338
knn,15,2016-2017,166-1,teste_152.csv,1,2017-03-07,24,0,1,1.0,152,0.5855263157894737
knn,15,2016-2017,167-1,teste_153.csv,1,2017-03-07,24,1,0,0.4,153,0.5816993464052288
knn,15,2016-2017,168-1,teste_154.csv,1,2017-03-08,24,1,0,0.4,154,0.577922077922078
knn,15,2016-2017,169-1,teste_155.csv,1,2017-03-09,25,1,0,0.4,155,0.5741935483870968
knn,15,2016-2017,170-1,teste_156.csv,1,2017-03-09,25,1,1,1.0,156,0.5769230769230769
knn,15,2016-2017,171-1,teste_157.csv,1,2017-03-09,25,1,1,0.8,157,0.5796178343949044
knn,15,2016-2017,172-1,teste_158.csv,1,2017-03-09,25,0,1,0.8,158,0.5759493670886076
knn,15,2016-2017,173-1,teste_159.csv,1,2017-03-10,25,0,1,1.0,159,0.5723270440251572
knn,15,2016-2017,174-1,teste_160.csv,1,2017-03-11,25,1,1,0.7142857142857143,160,0.575
knn,15,2016-2017,175-1,teste_161.csv,1,2017-03-11,25,1,1,0.7142857142857143,161,0.577639751552795
knn,15,2016-2017,176-1,teste_162.csv,1,2017-03-13,26,0,0,0.4285714285714285,162,0.5802469135802469
knn,15,2016-2017,177-1,teste_163.csv,1,2017-03-13,26,1,1,0.8571428571428571,163,0.5828220858895705
knn,15,2016-2017,178-1,teste_164.csv,1,2017-03-13,26,1,1,0.8571428571428571,164,0.5853658536585366
knn,15,2016-2017,179-1,teste_165.csv,1,2017-03-14,26,0,0,0.4285714285714285,165,0.5878787878787879
knn,15,2016-2017,180-1,teste_166.csv,1,2017-03-14,26,1,0,0.4285714285714285,166,0.5843373493975904
knn,15,2016-2017,181-1,teste_167.csv,1,2017-03-14,26,0,1,0.7777777777777778,167,0.5808383233532934
knn,15,2016-2017,182-1,teste_168.csv,1,2017-03-22,27,1,1,0.7142857142857143,168,0.5833333333333334
knn,15,2016-2017,183-1,teste_169.csv,1,2017-03-22,27,0,0,0.3333333333333333,169,0.5857988165680473
knn,15,2016-2017,184-1,teste_170.csv,1,2017-03-22,27,0,1,0.7142857142857143,170,0.5823529411764706
knn,15,2016-2017,185-1,teste_171.csv,1,2017-03-22,27,0,1,0.7142857142857143,171,0.5789473684210527
knn,15,2016-2017,186-1,teste_172.csv,1,2017-03-22,27,0,0,0.4285714285714285,172,0.5813953488372093
knn,15,2016-2017,187-1,teste_173.csv,1,2017-03-23,27,0,0,0.3333333333333333,173,0.5838150289017341
knn,15,2016-2017,188-1,teste_174.csv,1,2017-03-23,27,0,1,0.7142857142857143,174,0.5804597701149425
knn,15,2016-2017,189-1,teste_175.csv,1,2017-03-24,28,1,1,0.5714285714285714,175,0.5828571428571429
knn,15,2016-2017,190-1,teste_176.csv,1,2017-03-24,28,0,0,0.4285714285714285,176,0.5852272727272727
knn,15,2016-2017,191-1,teste_177.csv,1,2017-03-24,28,1,1,0.7142857142857143,177,0.5875706214689266
knn,15,2016-2017,192-1,teste_178.csv,1,2017-03-24,28,0,1,0.7142857142857143,178,0.5842696629213483
knn,15,2016-2017,193-1,teste_179.csv,1,2017-03-24,28,0,0,0.4285714285714285,179,0.5865921787709497
knn,15,2016-2017,194-1,teste_180.csv,1,2017-03-25,28,1,1,0.7142857142857143,180,0.5888888888888889
knn,15,2016-2017,195-1,teste_181.csv,1,2017-03-25,28,0,0,0.1693189149083241,181,0.5911602209944752
knn,15,2016-2017,196-1,teste_182.csv,1,2017-03-29,30,1,0,0.1693961802433543,182,0.5879120879120879
knn,15,2016-2017,197-1,teste_183.csv,1,2017-03-29,30,1,1,0.7968027020702126,183,0.5901639344262295
knn,15,2016-2017,198-1,teste_184.csv,1,2017-03-30,29,1,1,0.8003456181956665,184,0.592391304347826
knn,15,2016-2017,199-1,teste_185.csv,1,2017-03-30,29,1,1,0.6078266188299499,185,0.5945945945945946
knn,15,2016-2017,200-1,teste_186.csv,1,2017-03-30,29,0,1,0.5895175438932468,186,0.5913978494623656
knn,15,2016-2017,201-1,teste_187.csv,1,2017-03-30,29,0,0,0.3913638947947471,187,0.5935828877005348
knn,15,2016-2017,202-1,teste_188.csv,1,2017-03-30,29,1,1,0.7142857142857143,188,0.5957446808510638
knn,15,2016-2017,203-1,teste_189.csv,1,2017-04-01,29,0,0,0.4228517250369039,189,0.5978835978835979
knn,15,2016-2017,204-1,teste_190.csv,1,2017-04-01,29,1,1,0.8,190,0.6
knn,15,2016-2017,205-1,teste_191.csv,1,2017-04-01,30,0,1,0.8152612130644403,191,0.5968586387434555
knn,15,2016-2017,206-1,teste_192.csv,1,2017-04-01,30,0,0,0.2,192,0.5989583333333334
knn,15,2016-2017,207-1,teste_193.csv,1,2017-04-01,30,1,1,0.6,193,0.6010362694300518
knn,15,2016-2017,208-1,teste_194.csv,1,2017-04-01,30,1,1,0.8,194,0.6030927835051546
knn,15,2016-2017,209-1,teste_195.csv,1,2017-04-01,30,1,0,0.4,195,0.6
knn,15,2016-2017,210-1,teste_196.csv,1,2017-04-04,1,0,0,0.2,196,0.6020408163265306
knn,15,2016-2017,211-1,teste_197.csv,1,2017-04-05,1,0,0,0.4,197,0.6040609137055838
knn,15,2016-2017,212-1,teste_198.csv,1,2017-04-06,1,1,0,0.0,198,0.601010101010101
knn,15,2016-2017,213-1,teste_199.csv,1,2017-04-07,1,0,0,0.3333333333333333,199,0.6030150753768844
knn,15,2016-2017,214-1,teste_200.csv,1,2017-04-07,2,0,0,0.3333333333333333,200,0.605
knn,15,2016-2017,215-1,teste_201.csv,1,2017-04-08,2,1,0,0.3333333333333333,201,0.6019900497512438
knn,15,2016-2017,217-1,teste_203.csv,1,2017-04-09,2,1,0,0.4285714285714285,202,0.599009900990099
knn,15,2016-2017,216-1,teste_202.csv,1,2017-04-09,3,1,0,0.3333333333333333,203,0.5960591133004927
knn,15,2016-2017,218-1,teste_204.csv,1,2017-04-10,3,1,1,0.5714285714285714,204,0.5980392156862745
knn,15,2016-2017,220-1,teste_206.csv,1,2017-04-11,2,1,0,0.4285714285714285,205,0.5951219512195122
knn,15,2016-2017,219-1,teste_205.csv,1,2017-04-11,3,0,1,0.7142857142857143,206,0.5922330097087378
knn,15,2016-2017,221-1,teste_207.csv,1,2017-04-13,3,0,0,0.4,207,0.5942028985507246
knn,15,2016-2017,222-1,teste_208.csv,1,2017-04-15,4,0,1,0.7743272242921222,208,0.5913461538461539
knn,15,2016-2017,223-1,teste_209.csv,1,2017-04-15,4,1,0,0.2,209,0.5885167464114832
knn,15,2016-2017,224-1,teste_210.csv,1,2017-04-16,4,1,1,0.6,210,0.5904761904761905
knn,15,2016-2017,225-1,teste_211.csv,1,2017-04-17,5,1,1,0.6,211,0.5924170616113744
knn,15,2016-2017,226-1,teste_212.csv,1,2017-04-18,5,1,1,0.6,212,0.5943396226415094
knn,15,2016-2017,227-1,teste_213.csv,1,2017-04-18,5,1,0,0.4,213,0.5915492957746479
knn,15,2016-2017,228-1,teste_214.csv,1,2017-04-20,1,0,1,0.8,214,0.5887850467289719
knn,15,2016-2017,229-1,teste_215.csv,1,2017-04-21,1,0,0,0.2,215,0.5906976744186047
knn,15,2016-2017,230-1,teste_216.csv,1,2017-04-22,1,1,0,0.4,216,0.5879629629629629
knn,15,2016-2017,231-1,teste_217.csv,1,2017-04-22,1,0,0,0.4285714285714285,217,0.5898617511520737
knn,15,2016-2017,232-1,teste_218.csv,1,2017-04-23,2,0,0,0.4285714285714285,218,0.591743119266055
knn,15,2016-2017,233-1,teste_219.csv,1,2017-04-24,2,1,0,0.4285714285714285,219,0.589041095890411
knn,15,2016-2017,234-1,teste_220.csv,1,2017-04-25,2,1,0,0.2857142857142857,220,0.5863636363636363
knn,15,2016-2017,235-1,teste_221.csv,1,2017-04-25,3,0,1,0.5714285714285714,221,0.583710407239819
knn,15,2016-2017,236-1,teste_222.csv,1,2017-04-26,3,0,1,0.5714285714285714,222,0.581081081081081
knn,15,2016-2017,237-1,teste_223.csv,1,2017-04-27,2,0,1,0.7142857142857143,223,0.57847533632287
knn,15,2016-2017,238-1,teste_224.csv,1,2017-04-28,3,0,0,0.2857142857142857,224,0.5803571428571429
knn,15,2016-2017,239-1,teste_225.csv,1,2017-04-29,3,1,1,0.5714285714285714,225,0.5822222222222222
knn,15,2016-2017,240-1,teste_226.csv,1,2017-04-30,4,1,0,0.2857142857142857,226,0.5796460176991151
knn,15,2016-2017,241-1,teste_227.csv,1,2017-05-01,4,1,0,0.2857142857142857,227,0.5770925110132159
knn,15,2016-2017,242-1,teste_228.csv,1,2017-05-02,4,0,0,0.4285714285714285,228,0.5789473684210527
knn,15,2016-2017,243-1,teste_229.csv,1,2017-05-02,4,1,0,0.4285714285714285,229,0.5764192139737991
knn,15,2016-2017,244-1,teste_230.csv,1,2017-05-05,5,0,0,0.4285714285714285,230,0.5782608695652174
knn,15,2016-2017,245-1,teste_231.csv,1,2017-05-06,5,0,0,0.4,231,0.5800865800865801
knn,15,2016-2017,246-1,teste_232.csv,1,2017-05-06,5,0,0,0.2,232,0.5818965517241379
knn,15,2016-2017,247-1,teste_233.csv,1,2017-05-08,1,1,0,0.2,233,0.5793991416309013
knn,15,2016-2017,248-1,teste_234.csv,1,2017-05-09,1,0,0,0.2,234,0.5811965811965812
knn,15,2016-2017,249-1,teste_235.csv,1,2017-05-12,2,1,0,0.4,235,0.5787234042553191
knn,15,2016-2017,250-1,teste_236.csv,1,2017-05-13,2,0,1,0.6,236,0.576271186440678
knn,15,2016-2017,251-1,teste_237.csv,1,2017-05-14,3,1,1,0.5454545454545454,237,0.5780590717299579
knn,15,2016-2017,252-1,teste_238.csv,1,2017-05-15,3,1,0,0.3636363636363636,238,0.5756302521008403
knn,15,2016-2017,253-1,teste_239.csv,1,2017-05-20,4,0,0,0.4950013524855786,239,0.5774058577405857
knn,15,2016-2017,254-1,teste_240.csv,1,2017-05-23,5,1,0,0.4545454545454545,240,0.575
knn,15,2016-2017,255-1,teste_241.csv,1,2017-05-27,1,1,0,0.4880422706140063,241,0.5726141078838174
knn,15,2016-2017,256-1,teste_242.csv,1,2017-06-02,2,0,0,0.4568480684042822,242,0.5743801652892562
knn,15,2016-2017,257-1,teste_243.csv,1,2017-06-04,3,1,0,0.2984523326316678,243,0.5720164609053497
knn,15,2016-2017,258-1,teste_244.csv,1,2017-06-10,4,0,1,0.7284772074923922,244,0.569672131147541
knn,15,2018-2019,15-1,teste_1.csv,1,2018-10-22,2,0,0,0.3640653802229253,1,1.0
knn,15,2018-2019,16-1,teste_2.csv,1,2018-10-22,2,1,0,0.3333333333333333,2,0.5
knn,15,2018-2019,17-1,teste_3.csv,1,2018-10-22,2,0,1,0.6026137617224517,3,0.3333333333333333
knn,15,2018-2019,18-1,teste_4.csv,1,2018-10-23,2,0,1,0.6069398244169764,4,0.25
knn,15,2018-2019,19-1,teste_5.csv,1,2018-10-24,2,1,0,0.4463808502040624,5,0.2
knn,15,2018-2019,20-1,teste_6.csv,1,2018-10-24,2,1,1,0.5393388406879478,6,0.3333333333333333
knn,15,2018-2019,21-1,teste_7.csv,1,2018-10-25,2,1,0,0.3333333333333333,7,0.2857142857142857
knn,15,2018-2019,22-1,teste_8.csv,1,2018-10-25,2,1,0,0.3333333333333333,8,0.25
knn,15,2018-2019,23-1,teste_9.csv,1,2018-10-26,2,0,1,0.6666666666666666,9,0.2222222222222222
knn,15,2018-2019,24-1,teste_10.csv,1,2018-10-26,2,1,1,0.6666666666666666,10,0.3
knn,15,2018-2019,25-1,teste_11.csv,1,2018-10-27,2,0,0,0.3333333333333333,11,0.3636363636363636
knn,15,2018-2019,26-1,teste_12.csv,1,2018-10-29,3,1,1,0.6565989032540295,12,0.4166666666666667
knn,15,2018-2019,27-1,teste_13.csv,1,2018-10-30,3,1,0,0.3242041395439665,13,0.3846153846153846
knn,15,2018-2019,28-1,teste_14.csv,1,2018-10-30,3,1,1,1.0,14,0.4285714285714285
knn,15,2018-2019,29-1,teste_15.csv,1,2018-10-31,3,1,1,1.0,15,0.4666666666666667
knn,15,2018-2019,30-1,teste_16.csv,1,2018-10-31,3,0,1,0.6666666666666666,16,0.4375
knn,15,2018-2019,31-1,teste_17.csv,1,2018-10-31,3,0,1,0.6666666666666666,17,0.4117647058823529
knn,15,2018-2019,32-1,teste_18.csv,1,2018-11-01,3,0,0,0.0,18,0.4444444444444444
knn,15,2018-2019,33-1,teste_19.csv,1,2018-11-01,3,1,1,1.0,19,0.4736842105263157
knn,15,2018-2019,34-1,teste_20.csv,1,2018-11-01,3,0,0,0.3333333333333333,20,0.5
knn,15,2018-2019,35-1,teste_21.csv,1,2018-11-02,3,0,0,0.0,21,0.5238095238095238
knn,15,2018-2019,36-1,teste_22.csv,1,2018-11-02,3,1,0,0.3333333333333333,22,0.5
knn,15,2018-2019,37-1,teste_23.csv,1,2018-11-02,3,0,1,0.8,23,0.4782608695652174
knn,15,2018-2019,38-1,teste_24.csv,1,2018-11-03,3,1,0,0.2857142857142857,24,0.4583333333333333
knn,15,2018-2019,39-1,teste_25.csv,1,2018-11-03,3,1,0,0.3333333333333333,25,0.44
knn,15,2018-2019,40-1,teste_26.csv,1,2018-11-05,4,0,1,0.6666666666666666,26,0.4230769230769231
knn,15,2018-2019,41-1,teste_27.csv,1,2018-11-06,4,0,1,0.6666666666666666,27,0.4074074074074074
knn,15,2018-2019,42-1,teste_28.csv,1,2018-11-06,4,1,0,0.2,28,0.3928571428571428
knn,15,2018-2019,43-1,teste_29.csv,1,2018-11-07,4,1,0,0.0,29,0.3793103448275862
knn,15,2018-2019,44-1,teste_30.csv,1,2018-11-07,4,0,1,0.518166940343496,30,0.3666666666666666
knn,15,2018-2019,45-1,teste_31.csv,1,2018-11-08,4,1,0,0.2,31,0.3548387096774194
knn,15,2018-2019,46-1,teste_32.csv,1,2018-11-08,4,1,1,0.6,32,0.375
knn,15,2018-2019,47-1,teste_33.csv,1,2018-11-09,4,1,1,1.0,33,0.3939393939393939
knn,15,2018-2019,48-1,teste_34.csv,1,2018-11-10,4,1,0,0.3333333333333333,34,0.3823529411764705
knn,15,2018-2019,49-1,teste_35.csv,1,2018-11-10,4,0,0,0.4,35,0.4
knn,15,2018-2019,50-1,teste_36.csv,1,2018-11-10,4,1,1,0.8,36,0.4166666666666667
knn,15,2018-2019,51-1,teste_37.csv,1,2018-11-12,5,1,1,0.8,37,0.4324324324324324
knn,15,2018-2019,52-1,teste_38.csv,1,2018-11-13,5,1,1,0.8,38,0.4473684210526316
knn,15,2018-2019,53-1,teste_39.csv,1,2018-11-13,5,0,1,0.7142857142857143,39,0.4358974358974359
knn,15,2018-2019,54-1,teste_40.csv,1,2018-11-14,5,0,1,0.5714285714285714,40,0.425
knn,15,2018-2019,55-1,teste_41.csv,1,2018-11-14,5,1,0,0.4285714285714285,41,0.4146341463414634
knn,15,2018-2019,56-1,teste_42.csv,1,2018-11-15,5,1,1,0.8672437308696043,42,0.4285714285714285
knn,15,2018-2019,57-1,teste_43.csv,1,2018-11-16,5,1,1,0.8571428571428571,43,0.4418604651162791
knn,15,2018-2019,58-1,teste_44.csv,1,2018-11-16,5,1,1,0.5714285714285714,44,0.4545454545454545
knn,15,2018-2019,59-1,teste_45.csv,1,2018-11-17,5,1,1,0.7142857142857143,45,0.4666666666666667
knn,15,2018-2019,60-1,teste_46.csv,1,2018-11-19,5,0,0,0.4285714285714285,46,0.4782608695652174
knn,15,2018-2019,61-1,teste_47.csv,1,2018-11-20,6,1,1,0.7142857142857143,47,0.4893617021276595
knn,15,2018-2019,62-1,teste_48.csv,1,2018-11-21,6,1,1,0.7142857142857143,48,0.5
knn,15,2018-2019,63-1,teste_49.csv,1,2018-11-22,6,1,1,0.8571428571428571,49,0.5102040816326531
knn,15,2018-2019,64-1,teste_50.csv,1,2018-11-23,6,0,1,0.7142857142857143,50,0.5
knn,15,2018-2019,65-1,teste_51.csv,1,2018-11-24,6,1,1,1.0,51,0.5098039215686274
knn,15,2018-2019,66-1,teste_52.csv,1,2018-11-25,7,1,1,0.6666666666666666,52,0.5192307692307693
knn,15,2018-2019,67-1,teste_53.csv,1,2018-11-27,7,1,1,0.7142857142857143,53,0.5283018867924528
knn,15,2018-2019,68-1,teste_54.csv,1,2018-11-29,7,1,1,0.7142857142857143,54,0.5370370370370371
knn,15,2018-2019,69-1,teste_55.csv,1,2018-12-01,7,0,1,0.8571428571428571,55,0.5272727272727272
knn,15,2018-2019,70-1,teste_56.csv,1,2018-12-04,8,1,1,0.8571428571428571,56,0.5357142857142857
knn,15,2018-2019,71-1,teste_57.csv,1,2018-12-04,8,1,0,0.4285714285714285,57,0.5263157894736842
knn,15,2018-2019,72-1,teste_58.csv,1,2018-12-05,8,0,1,0.7142857142857143,58,0.5172413793103449
knn,15,2018-2019,73-1,teste_59.csv,1,2018-12-05,8,1,1,0.6666666666666666,59,0.5254237288135594
knn,15,2018-2019,74-1,teste_60.csv,1,2018-12-06,8,1,1,0.6666666666666666,60,0.5333333333333333
knn,15,2018-2019,75-1,teste_61.csv,1,2018-12-06,8,1,1,0.6666666666666666,61,0.5409836065573771
knn,15,2018-2019,76-1,teste_62.csv,1,2018-12-07,8,1,1,1.0,62,0.5483870967741935
knn,15,2018-2019,77-1,teste_63.csv,1,2018-12-07,8,1,1,0.6666666666666666,63,0.5555555555555556
knn,15,2018-2019,78-1,teste_64.csv,1,2018-12-08,8,1,1,1.0,64,0.5625
knn,15,2018-2019,79-1,teste_65.csv,1,2018-12-08,8,1,1,1.0,65,0.5692307692307692
knn,15,2018-2019,80-1,teste_66.csv,1,2018-12-10,9,1,1,1.0,66,0.5757575757575758
knn,15,2018-2019,81-1,teste_67.csv,1,2018-12-10,9,1,1,1.0,67,0.582089552238806
knn,15,2018-2019,82-1,teste_68.csv,1,2018-12-11,9,0,1,0.6666666666666666,68,0.5735294117647058
knn,15,2018-2019,83-1,teste_69.csv,1,2018-12-12,9,1,1,0.7272727272727273,69,0.5797101449275363
knn,15,2018-2019,84-1,teste_70.csv,1,2018-12-13,9,1,1,0.8181818181818182,70,0.5857142857142857
knn,15,2018-2019,85-1,teste_71.csv,1,2018-12-13,9,0,1,0.6666666666666666,71,0.5774647887323944
knn,15,2018-2019,86-1,teste_72.csv,1,2018-12-14,9,0,0,0.4495059723603103,72,0.5833333333333334
knn,15,2018-2019,87-1,teste_73.csv,1,2018-12-15,9,1,1,0.6666666666666666,73,0.589041095890411
knn,15,2018-2019,88-1,teste_74.csv,1,2018-12-15,9,0,1,1.0,74,0.581081081081081
knn,15,2018-2019,89-1,teste_75.csv,1,2018-12-15,9,1,1,1.0,75,0.5866666666666667
knn,15,2018-2019,90-1,teste_76.csv,1,2018-12-18,9,0,0,0.3333333333333333,76,0.5921052631578947
knn,15,2018-2019,91-1,teste_77.csv,1,2019-01-05,1,1,1,1.0,77,0.5974025974025974
knn,15,2018-2019,92-1,teste_78.csv,1,2019-01-07,1,1,1,0.7953383749198547,78,0.6025641025641025
knn,15,2018-2019,93-1,teste_79.csv,1,2019-01-08,1,1,1,0.7777777777777778,79,0.6075949367088608
knn,15,2018-2019,94-1,teste_80.csv,1,2019-01-09,1,0,1,0.7777777777777778,80,0.6
knn,15,2018-2019,95-1,teste_81.csv,1,2019-01-09,1,0,1,0.7777777777777778,81,0.5925925925925926
knn,15,2018-2019,96-1,teste_82.csv,1,2019-01-10,1,0,0,0.2222222222222222,82,0.5975609756097561
knn,15,2018-2019,97-1,teste_83.csv,1,2019-01-10,1,1,1,0.7272727272727273,83,0.6024096385542169
knn,15,2018-2019,98-1,teste_84.csv,1,2019-01-11,1,0,1,0.6363636363636364,84,0.5952380952380952
knn,15,2018-2019,99-1,teste_85.csv,1,2019-01-11,1,0,1,0.6666666666666666,85,0.5882352941176471
knn,15,2018-2019,100-1,teste_86.csv,1,2019-01-12,1,0,0,0.4444444444444444,86,0.5930232558139535
knn,15,2018-2019,101-1,teste_87.csv,1,2019-01-12,1,1,1,1.0,87,0.5977011494252874
knn,15,2018-2019,102-1,teste_88.csv,1,2019-01-14,2,0,1,0.5714285714285714,88,0.5909090909090909
knn,15,2018-2019,103-1,teste_89.csv,1,2019-01-14,2,1,0,0.3333333333333333,89,0.5842696629213483
knn,15,2018-2019,104-1,teste_90.csv,1,2019-01-14,2,1,1,0.6666666666666666,90,0.5888888888888889
knn,15,2018-2019,105-1,teste_91.csv,1,2019-01-15,2,0,0,0.2857142857142857,91,0.5934065934065934
knn,15,2018-2019,106-1,teste_92.csv,1,2019-01-16,2,0,0,0.4285714285714285,92,0.5978260869565217
knn,15,2018-2019,107-1,teste_93.csv,1,2019-01-16,2,0,0,0.1428571428571428,93,0.6021505376344086
knn,15,2018-2019,108-1,teste_94.csv,1,2019-01-17,2,0,0,0.1428571428571428,94,0.6063829787234043
knn,15,2018-2019,109-1,teste_95.csv,1,2019-01-17,2,0,0,0.2857142857142857,95,0.6105263157894737
knn,15,2018-2019,110-1,teste_96.csv,1,2019-01-18,2,1,0,0.4285714285714285,96,0.6041666666666666
knn,15,2018-2019,111-1,teste_97.csv,1,2019-01-19,2,0,0,0.1428571428571428,97,0.6082474226804123
knn,15,2018-2019,112-1,teste_98.csv,1,2019-01-19,2,0,0,0.2857142857142857,98,0.6122448979591837
knn,15,2018-2019,113-1,teste_99.csv,1,2019-01-21,3,1,1,0.8,99,0.6161616161616161
knn,15,2018-2019,114-1,teste_100.csv,1,2019-01-22,3,0,0,0.2,100,0.62
knn,15,2018-2019,115-1,teste_101.csv,1,2019-01-22,3,1,1,0.6,101,0.6237623762376238
knn,15,2018-2019,116-1,teste_102.csv,1,2019-01-23,3,0,1,0.6,102,0.6176470588235294
knn,15,2018-2019,117-1,teste_103.csv,1,2019-01-24,3,0,1,0.6666666666666666,103,0.6116504854368932
knn,15,2018-2019,118-1,teste_104.csv,1,2019-01-24,3,0,0,0.4,104,0.6153846153846154
knn,15,2018-2019,119-1,teste_105.csv,1,2019-01-26,3,0,1,0.6666666666666666,105,0.6095238095238096
knn,15,2018-2019,120-1,teste_106.csv,1,2019-01-26,3,1,0,0.4,106,0.6037735849056604
knn,15,2018-2019,121-1,teste_107.csv,1,2019-01-28,4,1,1,0.6,107,0.6074766355140186
knn,15,2018-2019,122-1,teste_108.csv,1,2019-01-29,4,0,1,0.6,108,0.6018518518518519
knn,15,2018-2019,123-1,teste_109.csv,1,2019-01-30,4,1,0,0.0,109,0.5963302752293578
knn,15,2018-2019,124-1,teste_110.csv,1,2019-01-31,4,1,0,0.4,110,0.5909090909090909
knn,15,2018-2019,125-1,teste_111.csv,1,2019-02-01,4,1,0,0.4,111,0.5855855855855856
knn,15,2018-2019,126-1,teste_112.csv,1,2019-02-02,4,1,1,0.6,112,0.5892857142857143
knn,15,2018-2019,127-1,teste_113.csv,1,2019-02-04,5,0,0,0.4,113,0.5929203539823009
knn,15,2018-2019,128-1,teste_114.csv,1,2019-02-04,5,0,0,0.2,114,0.5964912280701754
knn,15,2018-2019,129-1,teste_115.csv,1,2019-02-05,5,0,1,0.8,115,0.591304347826087
knn,15,2018-2019,130-1,teste_116.csv,1,2019-02-05,5,1,0,0.4,116,0.5862068965517241
knn,15,2018-2019,131-1,teste_117.csv,1,2019-02-11,6,1,1,0.8,117,0.5897435897435898
knn,15,2018-2019,132-1,teste_118.csv,1,2019-02-13,6,1,1,0.8,118,0.5932203389830508
knn,15,2018-2019,133-1,teste_119.csv,1,2019-02-13,6,1,0,0.2,119,0.5882352941176471
knn,15,2018-2019,134-1,teste_120.csv,1,2019-02-13,6,0,0,0.4,120,0.5916666666666667
knn,15,2018-2019,135-1,teste_121.csv,1,2019-02-14,6,1,0,0.4,121,0.5867768595041323
knn,15,2018-2019,136-1,teste_122.csv,1,2019-02-15,6,1,0,0.4,122,0.5819672131147541
knn,15,2018-2019,137-1,teste_123.csv,1,2019-02-15,6,1,1,0.6,123,0.5853658536585366
knn,15,2018-2019,138-1,teste_124.csv,1,2019-02-15,6,0,1,1.0,124,0.5806451612903226
knn,15,2018-2019,139-1,teste_125.csv,1,2019-02-16,6,0,1,0.6,125,0.576
knn,15,2018-2019,140-1,teste_126.csv,1,2019-02-19,7,0,1,0.5555555555555556,126,0.5714285714285714
knn,15,2018-2019,141-1,teste_127.csv,1,2019-02-23,7,1,0,0.4,127,0.5669291338582677
knn,15,2018-2019,142-1,teste_128.csv,1,2019-02-26,8,1,1,0.6,128,0.5703125
knn,15,2018-2019,143-1,teste_129.csv,1,2019-02-26,8,1,1,0.7142857142857143,129,0.5736434108527132
knn,15,2018-2019,144-1,teste_130.csv,1,2019-02-28,8,1,1,0.8571428571428571,130,0.5769230769230769
knn,15,2018-2019,145-1,teste_131.csv,1,2019-02-28,8,0,0,0.4285714285714285,131,0.5801526717557252
knn,15,2018-2019,146-1,teste_132.csv,1,2019-02-28,8,1,1,0.7142857142857143,132,0.5833333333333334
knn,15,2018-2019,147-1,teste_133.csv,1,2019-02-28,8,1,0,0.2857142857142857,133,0.5789473684210527
knn,15,2018-2019,148-1,teste_134.csv,1,2019-03-01,8,0,0,0.2857142857142857,134,0.582089552238806
knn,15,2018-2019,149-1,teste_135.csv,1,2019-03-02,8,1,1,0.5714285714285714,135,0.5851851851851851
knn,15,2018-2019,150-1,teste_136.csv,1,2019-03-04,9,1,1,1.0,136,0.5882352941176471
knn,15,2018-2019,151-1,teste_137.csv,1,2019-03-06,9,1,0,0.2857142857142857,137,0.583941605839416
knn,15,2018-2019,152-1,teste_138.csv,1,2019-03-07,9,0,1,0.5714285714285714,138,0.5797101449275363
knn,15,2018-2019,153-1,teste_139.csv,1,2019-03-07,9,1,1,0.6,139,0.5827338129496403
knn,15,2018-2019,154-1,teste_140.csv,1,2019-03-08,9,1,0,0.2,140,0.5785714285714286
knn,15,2018-2019,155-1,teste_141.csv,1,2019-03-09,9,1,1,0.6,141,0.5815602836879432
knn,15,2018-2019,156-1,teste_142.csv,1,2019-03-09,9,1,1,0.8,142,0.5845070422535211
knn,15,2018-2019,157-1,teste_143.csv,1,2019-03-11,10,1,0,0.4,143,0.5804195804195804
knn,15,2018-2019,158-1,teste_144.csv,1,2019-03-12,10,1,1,1.0,144,0.5833333333333334
knn,15,2018-2019,159-1,teste_145.csv,1,2019-03-14,10,0,1,0.6,145,0.5793103448275863
knn,15,2018-2019,160-1,teste_146.csv,1,2019-03-14,10,0,1,0.7142857142857143,146,0.5753424657534246
knn,15,2018-2019,161-1,teste_147.csv,1,2019-03-15,10,0,0,0.4285714285714285,147,0.5782312925170068
knn,15,2018-2019,162-1,teste_148.csv,1,2019-03-15,10,1,1,0.7142857142857143,148,0.581081081081081
knn,15,2018-2019,163-1,teste_149.csv,1,2019-03-16,10,0,0,0.2857142857142857,149,0.5838926174496645
knn,15,2018-2019,164-1,teste_150.csv,1,2019-03-16,10,0,0,0.2857142857142857,150,0.5866666666666667
knn,15,2018-2019,165-1,teste_151.csv,1,2019-03-16,10,1,1,0.5714285714285714,151,0.5894039735099338
knn,15,2018-2019,166-1,teste_152.csv,1,2019-03-18,11,0,1,0.5555555555555556,152,0.5855263157894737
knn,15,2018-2019,167-1,teste_153.csv,1,2019-03-19,11,0,1,0.6666666666666666,153,0.5816993464052288
knn,15,2018-2019,168-1,teste_154.csv,1,2019-03-21,11,0,1,0.7272727272727273,154,0.577922077922078
knn,15,2018-2019,169-1,teste_155.csv,1,2019-03-23,11,1,1,0.7272727272727273,155,0.5806451612903226
knn,15,2018-2019,170-1,teste_156.csv,1,2019-03-24,12,1,1,0.5454545454545454,156,0.5833333333333334
knn,15,2018-2019,171-1,teste_157.csv,1,2019-03-24,12,1,1,0.8,157,0.5859872611464968
knn,15,2018-2019,172-1,teste_158.csv,1,2019-03-24,12,0,1,0.6363636363636364,158,0.5822784810126582
knn,15,2018-2019,173-1,teste_159.csv,1,2019-03-24,12,1,1,0.6,159,0.5849056603773585
knn,15,2018-2019,174-1,teste_160.csv,1,2019-03-24,12,1,1,0.8,160,0.5875
knn,15,2018-2019,175-1,teste_161.csv,1,2019-03-26,12,0,1,0.7619301740906884,161,0.5838509316770186
knn,15,2018-2019,176-1,teste_162.csv,1,2019-03-26,12,1,1,1.0,162,0.5864197530864198
knn,15,2018-2019,177-1,teste_163.csv,1,2019-03-26,12,1,1,0.7386249199771528,163,0.588957055214724
knn,15,2018-2019,178-1,teste_164.csv,1,2019-03-26,12,1,1,0.8263741200984809,164,0.5914634146341463
knn,15,2018-2019,179-1,teste_165.csv,1,2019-03-26,12,1,1,0.9258515366109126,165,0.593939393939394
knn,15,2018-2019,180-1,teste_166.csv,1,2019-03-26,12,0,1,0.6529538635415263,166,0.5903614457831325
knn,15,2018-2019,181-1,teste_167.csv,1,2019-03-26,12,0,0,0.2857142857142857,167,0.592814371257485
knn,15,2018-2019,182-1,teste_168.csv,1,2019-03-30,1,1,0,0.4285714285714285,168,0.5892857142857143
knn,15,2018-2019,183-1,teste_169.csv,1,2019-04-01,1,0,1,0.6,169,0.5857988165680473
knn,15,2018-2019,184-1,teste_170.csv,1,2019-04-03,1,1,1,0.5714285714285714,170,0.5882352941176471
knn,15,2018-2019,185-1,teste_171.csv,1,2019-04-04,2,1,1,0.6,171,0.5906432748538012
knn,15,2018-2019,186-1,teste_172.csv,1,2019-04-05,1,1,0,0.2,172,0.5872093023255814
knn,15,2018-2019,187-1,teste_173.csv,1,2019-04-05,2,1,1,0.8,173,0.5895953757225434
knn,15,2018-2019,188-1,teste_174.csv,1,2019-04-06,2,1,1,0.6363636363636364,174,0.5919540229885057
knn,15,2018-2019,189-1,teste_175.csv,1,2019-04-06,3,1,1,0.6363636363636364,175,0.5942857142857143
knn,15,2018-2019,190-1,teste_176.csv,1,2019-04-08,2,0,1,0.6363636363636364,176,0.5909090909090909
knn,15,2018-2019,191-1,teste_177.csv,1,2019-04-08,3,1,1,0.6363636363636364,177,0.5932203389830508
knn,15,2018-2019,192-1,teste_178.csv,1,2019-04-12,1,1,1,0.5454545454545454,178,0.5955056179775281
knn,15,2018-2019,193-1,teste_179.csv,1,2019-04-13,1,0,0,0.4,179,0.5977653631284916
knn,15,2018-2019,194-1,teste_180.csv,1,2019-04-13,1,0,0,0.3636363636363636,180,0.6
knn,15,2018-2019,195-1,teste_181.csv,1,2019-04-16,1,0,1,0.7272727272727273,181,0.5966850828729282
knn,15,2018-2019,196-1,teste_182.csv,1,2019-04-17,2,1,1,1.0,182,0.5989010989010989
knn,15,2018-2019,197-1,teste_183.csv,1,2019-04-18,2,1,1,0.5454545454545454,183,0.6010928961748634
knn,15,2018-2019,198-1,teste_184.csv,1,2019-04-19,2,1,1,0.7272727272727273,184,0.6032608695652174
knn,15,2018-2019,199-1,teste_185.csv,1,2019-04-20,3,1,1,1.0,185,0.6054054054054054
knn,15,2018-2019,200-1,teste_186.csv,1,2019-04-20,3,1,0,0.4545454545454545,186,0.6021505376344086
knn,15,2018-2019,201-1,teste_187.csv,1,2019-04-21,3,1,1,0.7142857142857143,187,0.6042780748663101
knn,15,2018-2019,202-1,teste_188.csv,1,2019-04-22,2,1,1,0.8571428571428571,188,0.6063829787234043
knn,15,2018-2019,203-1,teste_189.csv,1,2019-04-24,3,1,1,0.8571428571428571,189,0.6084656084656085
knn,15,2018-2019,204-1,teste_190.csv,1,2019-04-27,4,1,1,0.7142857142857143,190,0.6105263157894737
knn,15,2018-2019,205-1,teste_191.csv,1,2019-04-30,5,0,1,0.7142857142857143,191,0.6073298429319371
knn,15,2018-2019,206-1,teste_192.csv,1,2019-05-03,1,0,1,0.6363636363636364,192,0.6041666666666666
knn,15,2018-2019,207-1,teste_193.csv,1,2019-05-04,1,0,1,0.5714285714285714,193,0.6010362694300518
knn,15,2018-2019,208-1,teste_194.csv,1,2019-05-08,2,1,1,0.7142857142857143,194,0.6030927835051546
knn,15,2018-2019,209-1,teste_195.csv,1,2019-05-09,2,1,1,0.8571428571428571,195,0.6051282051282051
knn,15,2018-2019,210-1,teste_196.csv,1,2019-05-10,3,1,1,1.0,196,0.6071428571428571
knn,15,2018-2019,211-1,teste_197.csv,1,2019-05-11,3,0,1,0.9090909090909092,197,0.6040609137055838
knn,15,2018-2019,212-1,teste_198.csv,1,2019-05-14,4,0,0,0.2857142857142857,198,0.6060606060606061
knn,15,2018-2019,213-1,teste_199.csv,1,2019-05-19,1,1,1,0.5454545454545454,199,0.6080402010050251
knn,15,2018-2019,214-1,teste_200.csv,1,2019-05-23,2,1,1,0.8571428571428571,200,0.61
knn,15,2018-2019,215-1,teste_201.csv,1,2019-05-25,3,1,1,1.0,201,0.6119402985074627
knn,15,2018-2019,216-1,teste_202.csv,1,2019-06-01,4,1,1,0.7142857142857143,202,0.6138613861386139
knn,15,2019-2020,15-1,teste_1.csv,1,2019-10-22,2,1,1,0.5714285714285714,1,1.0
knn,15,2019-2020,16-1,teste_2.csv,1,2019-10-22,2,0,1,0.5714285714285714,2,0.5
knn,15,2019-2020,17-1,teste_3.csv,1,2019-10-22,2,0,1,0.6184069654310712,3,0.3333333333333333
knn,15,2019-2020,18-1,teste_4.csv,1,2019-10-23,2,1,1,0.5669540233454083,4,0.5
knn,15,2019-2020,19-1,teste_5.csv,1,2019-10-24,2,0,1,0.5807589297207141,5,0.4
knn,15,2019-2020,20-1,teste_6.csv,1,2019-10-24,2,1,1,0.5830804414990797,6,0.5
knn,15,2019-2020,21-1,teste_7.csv,1,2019-10-25,2,1,1,0.6124979418078731,7,0.5714285714285714
knn,15,2019-2020,22-1,teste_8.csv,1,2019-10-25,2,0,1,0.6666666666666666,8,0.5
knn,15,2019-2020,23-1,teste_9.csv,1,2019-10-26,2,0,1,0.5627352206488627,9,0.4444444444444444
knn,15,2019-2020,24-1,teste_10.csv,1,2019-10-26,2,0,1,0.6666666666666666,10,0.4
knn,15,2019-2020,25-1,teste_11.csv,1,2019-10-27,3,0,0,0.4285714285714285,11,0.4545454545454545
knn,15,2019-2020,26-1,teste_12.csv,1,2019-10-28,3,0,0,0.2,12,0.5
knn,15,2019-2020,27-1,teste_13.csv,1,2019-10-29,3,1,0,0.3671903423122115,13,0.4615384615384615
knn,15,2019-2020,28-1,teste_14.csv,1,2019-10-29,3,0,0,0.1396824524605778,14,0.5
knn,15,2019-2020,29-1,teste_15.csv,1,2019-10-30,3,0,0,0.4285714285714285,15,0.5333333333333333
knn,15,2019-2020,30-1,teste_16.csv,1,2019-10-30,3,0,0,0.4285714285714285,16,0.5625
knn,15,2019-2020,31-1,teste_17.csv,1,2019-10-31,3,1,0,0.2857142857142857,17,0.5294117647058824
knn,15,2019-2020,32-1,teste_18.csv,1,2019-11-01,3,1,1,0.5714285714285714,18,0.5555555555555556
knn,15,2019-2020,33-1,teste_19.csv,1,2019-11-01,3,1,1,0.6666666666666666,19,0.5789473684210527
knn,15,2019-2020,34-1,teste_20.csv,1,2019-11-02,3,0,0,0.4444444444444444,20,0.6
knn,15,2019-2020,35-1,teste_21.csv,1,2019-11-04,4,1,1,0.5440845367343483,21,0.6190476190476191
knn,15,2019-2020,36-1,teste_22.csv,1,2019-11-04,4,1,1,0.718974654953319,22,0.6363636363636364
knn,15,2019-2020,37-1,teste_23.csv,1,2019-11-05,4,0,0,0.4545454545454545,23,0.6521739130434783
knn,15,2019-2020,38-1,teste_24.csv,1,2019-11-05,4,0,0,0.279729006099115,24,0.6666666666666666
knn,15,2019-2020,39-1,teste_25.csv,1,2019-11-06,4,0,1,0.6363636363636364,25,0.64
knn,15,2019-2020,40-1,teste_26.csv,1,2019-11-06,4,0,1,1.0,26,0.6153846153846154
knn,15,2019-2020,41-1,teste_27.csv,1,2019-11-07,4,0,0,0.3048904146379334,27,0.6296296296296297
knn,15,2019-2020,42-1,teste_28.csv,1,2019-11-07,4,1,0,0.3333333333333333,28,0.6071428571428571
knn,15,2019-2020,43-1,teste_29.csv,1,2019-11-08,4,0,0,0.0,29,0.6206896551724138
knn,15,2019-2020,44-1,teste_30.csv,1,2019-11-08,4,0,0,0.0,30,0.6333333333333333
knn,15,2019-2020,45-1,teste_31.csv,1,2019-11-09,4,1,0,0.4,31,0.6129032258064516
knn,15,2019-2020,46-1,teste_32.csv,1,2019-11-09,4,1,1,0.5454545454545454,32,0.625
knn,15,2019-2020,47-1,teste_33.csv,1,2019-11-09,4,1,1,0.5714285714285714,33,0.6363636363636364
knn,15,2019-2020,48-1,teste_34.csv,1,2019-11-11,5,1,1,1.0,34,0.6470588235294118
knn,15,2019-2020,49-1,teste_35.csv,1,2019-11-12,5,0,0,0.0,35,0.6571428571428571
knn,15,2019-2020,50-1,teste_36.csv,1,2019-11-12,5,1,1,0.8,36,0.6666666666666666
knn,15,2019-2020,51-1,teste_37.csv,1,2019-11-13,5,0,0,0.4255650902287516,37,0.6756756756756757
knn,15,2019-2020,52-1,teste_38.csv,1,2019-11-14,5,0,0,0.2723757277175291,38,0.6842105263157895
knn,15,2019-2020,53-1,teste_39.csv,1,2019-11-15,5,1,1,0.5714285714285714,39,0.6923076923076923
knn,15,2019-2020,54-1,teste_40.csv,1,2019-11-15,5,0,1,1.0,40,0.675
knn,15,2019-2020,55-1,teste_41.csv,1,2019-11-16,5,0,0,0.3333333333333333,41,0.6829268292682927
knn,15,2019-2020,56-1,teste_42.csv,1,2019-11-16,5,1,0,0.3333333333333333,42,0.6666666666666666
knn,15,2019-2020,57-1,teste_43.csv,1,2019-11-17,6,0,1,0.6666666666666666,43,0.6511627906976745
knn,15,2019-2020,58-1,teste_44.csv,1,2019-11-18,6,1,1,1.0,44,0.6590909090909091
knn,15,2019-2020,59-1,teste_45.csv,1,2019-11-19,6,1,1,0.6371706746245962,45,0.6666666666666666
knn,15,2019-2020,60-1,teste_46.csv,1,2019-11-19,6,1,0,0.3859055663111687,46,0.6521739130434783
knn,15,2019-2020,61-1,teste_47.csv,1,2019-11-20,6,0,0,0.0,47,0.6595744680851063
knn,15,2019-2020,62-1,teste_48.csv,1,2019-11-20,6,1,1,1.0,48,0.6666666666666666
knn,15,2019-2020,63-1,teste_49.csv,1,2019-11-21,6,0,1,1.0,49,0.6530612244897959
knn,15,2019-2020,64-1,teste_50.csv,1,2019-11-21,6,0,0,0.0,50,0.66
knn,15,2019-2020,65-1,teste_51.csv,1,2019-11-22,6,0,1,0.8181818181818182,51,0.6470588235294118
knn,15,2019-2020,66-1,teste_52.csv,1,2019-11-22,6,0,0,0.3333333333333333,52,0.6538461538461539
knn,15,2019-2020,67-1,teste_53.csv,1,2019-11-23,6,0,0,0.4545454545454545,53,0.660377358490566
knn,15,2019-2020,68-1,teste_54.csv,1,2019-11-23,6,0,0,0.0,54,0.6666666666666666
knn,15,2019-2020,69-1,teste_55.csv,1,2019-11-24,7,1,1,0.7149085384411072,55,0.6727272727272727
knn,15,2019-2020,70-1,teste_56.csv,1,2019-11-25,7,0,0,0.2079425811234475,56,0.6785714285714286
knn,15,2019-2020,71-1,teste_57.csv,1,2019-11-25,7,1,1,0.6313234207376437,57,0.6842105263157895
knn,15,2019-2020,72-1,teste_58.csv,1,2019-11-26,7,1,1,0.5237656149536727,58,0.6896551724137931
knn,15,2019-2020,73-1,teste_59.csv,1,2019-11-26,7,0,0,0.3636363636363636,59,0.6949152542372882
knn,15,2019-2020,74-1,teste_60.csv,1,2019-11-27,7,1,1,0.5454545454545454,60,0.7
knn,15,2019-2020,75-1,teste_61.csv,1,2019-11-28,7,1,1,0.8,61,0.7049180327868853
knn,15,2019-2020,76-1,teste_62.csv,1,2019-11-29,7,0,0,0.0,62,0.7096774193548387
knn,15,2019-2020,77-1,teste_63.csv,1,2019-11-29,7,1,1,0.6666666666666666,63,0.7142857142857143
knn,15,2019-2020,78-1,teste_64.csv,1,2019-11-30,7,0,1,0.8,64,0.703125
knn,15,2019-2020,79-1,teste_65.csv,1,2019-11-30,7,0,1,0.6666666666666666,65,0.6923076923076923
knn,15,2019-2020,80-1,teste_66.csv,1,2019-12-01,8,1,0,0.4,66,0.6818181818181818
knn,15,2019-2020,81-1,teste_67.csv,1,2019-12-02,8,1,0,0.3333333333333333,67,0.6716417910447762
knn,15,2019-2020,82-1,teste_68.csv,1,2019-12-02,8,1,1,0.7777777777777778,68,0.6764705882352942
knn,15,2019-2020,83-1,teste_69.csv,1,2019-12-03,8,0,1,0.5555555555555556,69,0.6666666666666666
knn,15,2019-2020,84-1,teste_70.csv,1,2019-12-03,8,0,1,0.7777777777777778,70,0.6571428571428571
knn,15,2019-2020,85-1,teste_71.csv,1,2019-12-04,8,1,1,0.8571428571428571,71,0.6619718309859155
knn,15,2019-2020,86-1,teste_72.csv,1,2019-12-05,8,0,0,0.0,72,0.6666666666666666
knn,15,2019-2020,87-1,teste_73.csv,1,2019-12-06,8,1,1,0.6666666666666666,73,0.6712328767123288
knn,15,2019-2020,88-1,teste_74.csv,1,2019-12-06,8,0,1,0.6666666666666666,74,0.6621621621621622
knn,15,2019-2020,89-1,teste_75.csv,1,2019-12-07,8,0,1,0.6,75,0.6533333333333333
knn,15,2019-2020,90-1,teste_76.csv,1,2019-12-08,9,1,0,0.4,76,0.6447368421052632
knn,15,2019-2020,91-1,teste_77.csv,1,2019-12-08,9,1,1,0.8,77,0.6493506493506493
knn,15,2019-2020,92-1,teste_78.csv,1,2019-12-08,9,0,0,0.0,78,0.6538461538461539
knn,15,2019-2020,93-1,teste_79.csv,1,2019-12-09,9,0,0,0.4444444444444444,79,0.6582278481012658
knn,15,2019-2020,94-1,teste_80.csv,1,2019-12-09,9,0,1,0.8888888888888888,80,0.65
knn,15,2019-2020,95-1,teste_81.csv,1,2019-12-10,9,0,0,0.1428571428571428,81,0.654320987654321
knn,15,2019-2020,96-1,teste_82.csv,1,2019-12-10,9,1,0,0.2857142857142857,82,0.6463414634146342
knn,15,2019-2020,97-1,teste_83.csv,1,2019-12-11,9,1,0,0.4,83,0.6385542168674698
knn,15,2019-2020,98-1,teste_84.csv,1,2019-12-12,9,0,0,0.4,84,0.6428571428571429
knn,15,2019-2020,99-1,teste_85.csv,1,2019-12-13,9,1,0,0.3636363636363636,85,0.6352941176470588
knn,15,2019-2020,100-1,teste_86.csv,1,2019-12-14,9,0,0,0.3636363636363636,86,0.6395348837209303
knn,15,2019-2020,101-1,teste_87.csv,1,2019-12-14,9,0,1,0.6666666666666666,87,0.632183908045977
knn,15,2019-2020,102-1,teste_88.csv,1,2019-12-16,10,1,1,0.8181818181818182,88,0.6363636363636364
knn,15,2019-2020,103-1,teste_89.csv,1,2019-12-17,10,0,0,0.3333333333333333,89,0.6404494382022472
knn,15,2019-2020,104-1,teste_90.csv,1,2019-12-17,10,0,0,0.4444444444444444,90,0.6444444444444445
knn,15,2019-2020,105-1,teste_91.csv,1,2019-12-18,10,1,1,0.6363636363636364,91,0.6483516483516484
knn,15,2019-2020,106-1,teste_92.csv,1,2019-12-19,10,0,1,0.8181818181818182,92,0.6413043478260869
knn,15,2019-2020,107-1,teste_93.csv,1,2019-12-19,10,1,0,0.2727272727272727,93,0.6344086021505376
knn,15,2019-2020,108-1,teste_94.csv,1,2019-12-20,10,1,0,0.3636363636363636,94,0.6276595744680851
knn,15,2019-2020,109-1,teste_95.csv,1,2019-12-20,10,0,1,0.7272727272727273,95,0.6210526315789474
knn,15,2019-2020,110-1,teste_96.csv,1,2019-12-21,10,1,1,0.7142857142857143,96,0.625
knn,15,2019-2020,111-1,teste_97.csv,1,2019-12-21,10,0,1,0.6363636363636364,97,0.6185567010309279
knn,15,2019-2020,112-1,teste_98.csv,1,2019-12-27,11,0,1,0.6337970376210251,98,0.6122448979591837
knn,15,2019-2020,113-1,teste_99.csv,1,2019-12-27,11,0,1,0.5714285714285714,99,0.6060606060606061
knn,15,2019-2020,114-1,teste_100.csv,1,2019-12-27,11,0,0,0.2857142857142857,100,0.61
knn,15,2019-2020,115-1,teste_101.csv,1,2019-12-28,11,0,0,0.3333333333333333,101,0.6138613861386139
knn,15,2019-2020,116-1,teste_102.csv,1,2019-12-28,11,1,1,1.0,102,0.6176470588235294
knn,15,2019-2020,117-1,teste_103.csv,1,2019-12-28,11,1,1,1.0,103,0.6213592233009708
knn,15,2019-2020,118-1,teste_104.csv,1,2019-12-29,11,1,1,0.6666666666666666,104,0.625
knn,15,2019-2020,119-1,teste_105.csv,1,2019-12-29,11,1,1,0.6666666666666666,105,0.6285714285714286
knn,15,2019-2020,120-1,teste_106.csv,1,2020-01-13,1,1,0,0.3333333333333333,106,0.6226415094339622
knn,15,2019-2020,121-1,teste_107.csv,1,2020-01-14,1,1,0,0.3333333333333333,107,0.616822429906542
knn,15,2019-2020,122-1,teste_108.csv,1,2020-01-14,1,1,1,0.6666666666666666,108,0.6203703703703703
knn,15,2019-2020,123-1,teste_109.csv,1,2020-01-15,1,0,1,0.6363636363636364,109,0.6146788990825688
knn,15,2019-2020,124-1,teste_110.csv,1,2020-01-15,1,1,1,1.0,110,0.6181818181818182
knn,15,2019-2020,125-1,teste_111.csv,1,2020-01-16,1,1,1,0.6666666666666666,111,0.6216216216216216
knn,15,2019-2020,126-1,teste_112.csv,1,2020-01-17,1,0,1,0.6666666666666666,112,0.6160714285714286
knn,15,2019-2020,127-1,teste_113.csv,1,2020-01-17,1,0,0,0.3333333333333333,113,0.6194690265486725
knn,15,2019-2020,128-1,teste_114.csv,1,2020-01-18,1,1,1,0.6666666666666666,114,0.6228070175438597
knn,15,2019-2020,129-1,teste_115.csv,1,2020-01-20,2,0,0,0.3333333333333333,115,0.6260869565217392
knn,15,2019-2020,130-1,teste_116.csv,1,2020-01-21,2,0,0,0.3333333333333333,116,0.6293103448275862
knn,15,2019-2020,131-1,teste_117.csv,1,2020-01-21,2,1,1,0.5555555555555556,117,0.6324786324786325
knn,15,2019-2020,132-1,teste_118.csv,1,2020-01-22,2,1,0,0.4444444444444444,118,0.6271186440677966
knn,15,2019-2020,133-1,teste_119.csv,1,2020-01-23,2,0,1,0.5555555555555556,119,0.6218487394957983
knn,15,2019-2020,134-1,teste_120.csv,1,2020-01-24,2,1,1,0.5555555555555556,120,0.625
knn,15,2019-2020,135-1,teste_121.csv,1,2020-01-24,2,1,0,0.3333333333333333,121,0.6198347107438017
knn,15,2019-2020,136-1,teste_122.csv,1,2020-01-25,2,0,1,0.6666666666666666,122,0.6147540983606558
knn,15,2019-2020,137-1,teste_123.csv,1,2020-01-25,2,1,0,0.0,123,0.6097560975609756
knn,15,2019-2020,138-1,teste_124.csv,1,2020-01-27,3,0,1,0.6666666666666666,124,0.6048387096774194
knn,15,2019-2020,139-1,teste_125.csv,1,2020-01-27,3,1,1,0.6666666666666666,125,0.608
knn,15,2019-2020,140-1,teste_126.csv,1,2020-01-28,3,1,1,0.6666666666666666,126,0.6111111111111112
knn,15,2019-2020,141-1,teste_127.csv,1,2020-01-28,3,0,1,0.6666666666666666,127,0.6062992125984252
knn,15,2019-2020,142-1,teste_128.csv,1,2020-01-29,3,1,0,0.3333333333333333,128,0.6015625
knn,15,2019-2020,143-1,teste_129.csv,1,2020-01-29,3,1,0,0.3333333333333333,129,0.5968992248062015
knn,15,2019-2020,144-1,teste_130.csv,1,2020-01-30,3,0,1,0.6666666666666666,130,0.5923076923076923
knn,15,2019-2020,145-1,teste_131.csv,1,2020-01-30,3,0,0,0.3333333333333333,131,0.5954198473282443
knn,15,2019-2020,146-1,teste_132.csv,1,2020-01-31,3,1,0,0.4545454545454545,132,0.5909090909090909
knn,15,2019-2020,147-1,teste_133.csv,1,2020-01-31,3,0,1,0.6666666666666666,133,0.5864661654135338
knn,15,2019-2020,148-1,teste_134.csv,1,2020-02-01,3,1,1,0.6666666666666666,134,0.5895522388059702
knn,15,2019-2020,149-1,teste_135.csv,1,2020-02-01,3,1,0,0.3333333333333333,135,0.5851851851851851
knn,15,2019-2020,150-1,teste_136.csv,1,2020-02-02,4,1,1,0.6666666666666666,136,0.5882352941176471
knn,15,2019-2020,151-1,teste_137.csv,1,2020-02-03,4,1,1,1.0,137,0.5912408759124088
knn,15,2019-2020,152-1,teste_138.csv,1,2020-02-03,4,0,0,0.3333333333333333,138,0.5942028985507246
knn,15,2019-2020,153-1,teste_139.csv,1,2020-02-04,4,1,1,0.6666666666666666,139,0.5971223021582733
knn,15,2019-2020,154-1,teste_140.csv,1,2020-02-04,4,1,0,0.3333333333333333,140,0.5928571428571429
knn,15,2019-2020,155-1,teste_141.csv,1,2020-02-04,4,1,1,0.6666666666666666,141,0.5957446808510638
knn,15,2019-2020,156-1,teste_142.csv,1,2020-02-05,4,0,0,0.3333333333333333,142,0.5985915492957746
knn,15,2019-2020,157-1,teste_143.csv,1,2020-02-05,4,0,0,0.4285714285714285,143,0.6013986013986014
knn,15,2019-2020,158-1,teste_144.csv,1,2020-02-06,4,1,1,0.5714285714285714,144,0.6041666666666666
knn,15,2019-2020,159-1,teste_145.csv,1,2020-02-07,4,1,1,0.5714285714285714,145,0.6068965517241379
knn,15,2019-2020,160-1,teste_146.csv,1,2020-02-07,4,0,0,0.1428571428571428,146,0.6095890410958904
knn,15,2019-2020,161-1,teste_147.csv,1,2020-02-07,4,0,1,0.5714285714285714,147,0.6054421768707483
knn,15,2019-2020,162-1,teste_148.csv,1,2020-02-08,4,0,1,0.6,148,0.6013513513513513
knn,15,2019-2020,163-1,teste_149.csv,1,2020-02-10,5,0,0,0.2857142857142857,149,0.6040268456375839
knn,15,2019-2020,164-1,teste_150.csv,1,2020-02-10,5,0,0,0.4285714285714285,150,0.6066666666666667
knn,15,2019-2020,165-1,teste_151.csv,1,2020-02-11,5,1,1,0.7142857142857143,151,0.609271523178808
knn,15,2019-2020,166-1,teste_152.csv,1,2020-02-11,5,1,0,0.4545454545454545,152,0.6052631578947368
knn,15,2019-2020,167-1,teste_153.csv,1,2020-02-12,5,0,1,0.7142857142857143,153,0.6013071895424836
knn,15,2019-2020,168-1,teste_154.csv,1,2020-02-12,5,1,1,0.5454545454545454,154,0.6038961038961039
knn,15,2019-2020,169-1,teste_155.csv,1,2020-02-12,5,0,0,0.2857142857142857,155,0.6064516129032258
knn,15,2019-2020,170-1,teste_156.csv,1,2020-02-13,5,0,1,0.5714285714285714,156,0.6025641025641025
knn,15,2019-2020,171-1,teste_157.csv,1,2020-02-13,5,0,0,0.0,157,0.6050955414012739
knn,15,2019-2020,172-1,teste_158.csv,1,2020-02-14,5,0,0,0.2857142857142857,158,0.6075949367088608
knn,15,2019-2020,173-1,teste_159.csv,1,2020-02-14,5,0,1,0.7142857142857143,159,0.6037735849056604
knn,15,2019-2020,174-1,teste_160.csv,1,2020-02-15,5,1,0,0.4285714285714285,160,0.6
knn,15,2019-2020,175-1,teste_161.csv,1,2020-02-15,5,1,0,0.1428571428571428,161,0.5962732919254659
knn,15,2019-2020,176-1,teste_162.csv,1,2020-02-26,6,1,1,0.5714285714285714,162,0.5987654320987654
knn,15,2019-2020,177-1,teste_163.csv,1,2020-02-27,6,1,1,0.7142857142857143,163,0.6012269938650306
knn,15,2019-2020,178-1,teste_164.csv,1,2020-02-28,6,1,0,0.4285714285714285,164,0.5975609756097561
knn,15,2019-2020,179-1,teste_165.csv,1,2020-02-28,6,1,1,0.7142857142857143,165,0.6
knn,15,2019-2020,180-1,teste_166.csv,1,2020-02-28,6,0,1,0.5714285714285714,166,0.5963855421686747
knn,15,2019-2020,181-1,teste_167.csv,1,2020-02-29,6,1,1,0.7777777777777778,167,0.5988023952095808
knn,15,2019-2020,182-1,teste_168.csv,1,2020-02-29,6,1,1,0.5555555555555556,168,0.6011904761904762
knn,15,2019-2020,183-1,teste_169.csv,1,2020-03-02,7,1,1,0.7777777777777778,169,0.6035502958579881
knn,15,2019-2020,184-1,teste_170.csv,1,2020-03-02,7,0,1,0.5555555555555556,170,0.6
knn,15,2019-2020,185-1,teste_171.csv,1,2020-03-03,7,1,1,0.8888888888888888,171,0.6023391812865497
knn,15,2019-2020,186-1,teste_172.csv,1,2020-03-03,7,1,1,0.8888888888888888,172,0.6046511627906976
knn,15,2019-2020,187-1,teste_173.csv,1,2020-03-03,7,0,1,0.5555555555555556,173,0.6011560693641619
knn,15,2019-2020,188-1,teste_174.csv,1,2020-03-04,7,1,1,0.7777777777777778,174,0.603448275862069
knn,15,2019-2020,189-1,teste_175.csv,1,2020-03-05,7,0,1,0.6666666666666666,175,0.6
knn,15,2019-2020,190-1,teste_176.csv,1,2020-03-05,7,0,1,0.5555555555555556,176,0.5965909090909091
knn,15,2019-2020,191-1,teste_177.csv,1,2020-03-05,7,1,1,0.6666666666666666,177,0.5988700564971752
knn,15,2019-2020,192-1,teste_178.csv,1,2020-03-05,7,1,0,0.3333333333333333,178,0.5955056179775281
knn,15,2019-2020,193-1,teste_179.csv,1,2020-03-06,7,1,0,0.2431829750672353,179,0.5921787709497207
knn,15,2019-2020,194-1,teste_180.csv,1,2020-03-06,7,1,1,0.7934495081069887,180,0.5944444444444444
knn,15,2019-2020,195-1,teste_181.csv,1,2020-03-07,7,0,1,0.7777777777777778,181,0.5911602209944752
knn,15,2019-2020,196-1,teste_182.csv,1,2020-03-08,8,1,1,0.5555555555555556,182,0.5934065934065934
knn,15,2019-2020,197-1,teste_183.csv,1,2020-03-09,8,1,1,0.5555555555555556,183,0.5956284153005464
knn,15,2019-2020,198-1,teste_184.csv,1,2020-03-09,8,0,0,0.2222222222222222,184,0.5978260869565217
knn,15,2019-2020,199-1,teste_185.csv,1,2020-03-10,8,1,1,0.8888888888888888,185,0.6
knn,15,2019-2020,200-1,teste_186.csv,1,2020-03-10,8,1,1,0.5555555555555556,186,0.6021505376344086
knn,15,2019-2020,201-1,teste_187.csv,1,2020-03-11,8,0,1,0.5555555555555556,187,0.5989304812834224
knn,15,2019-2020,202-1,teste_188.csv,1,2020-03-12,8,1,1,0.6666666666666666,188,0.601063829787234
knn,15,2019-2020,203-1,teste_189.csv,1,2020-03-13,8,1,1,1.0,189,0.6031746031746031
knn,15,2019-2020,204-1,teste_190.csv,1,2020-03-14,8,0,1,0.7777777777777778,190,0.6
knn,15,2019-2020,205-1,teste_191.csv,1,2020-03-14,8,1,1,0.7777777777777778,191,0.6020942408376964
knn,15,2020-2021,15-1,teste_1.csv,1,2020-11-16,2,1,1,0.52034028005532,1,1.0
knn,15,2020-2021,16-1,teste_2.csv,1,2020-11-17,2,0,1,0.5342125122673566,2,0.5
knn,15,2020-2021,17-1,teste_3.csv,1,2020-11-17,2,1,0,0.3764401063746653,3,0.3333333333333333
knn,15,2020-2021,18-1,teste_4.csv,1,2020-11-17,2,0,0,0.4285714285714285,4,0.5
knn,15,2020-2021,19-1,teste_5.csv,1,2020-11-18,2,1,0,0.3943757406424495,5,0.4
knn,15,2020-2021,20-1,teste_6.csv,1,2020-11-18,2,0,0,0.4315644421172671,6,0.5
knn,15,2020-2021,21-1,teste_7.csv,1,2020-11-18,2,1,0,0.2,7,0.4285714285714285
knn,15,2020-2021,22-1,teste_8.csv,1,2020-11-19,2,1,0,0.4,8,0.375
knn,15,2020-2021,23-1,teste_9.csv,1,2020-11-19,2,0,0,0.3333333333333333,9,0.4444444444444444
knn,15,2020-2021,24-1,teste_10.csv,1,2020-11-19,2,0,0,0.2,10,0.5
knn,15,2020-2021,25-1,teste_11.csv,1,2020-11-19,2,1,1,0.6666666666666666,11,0.5454545454545454
knn,15,2020-2021,26-1,teste_12.csv,1,2020-11-20,2,1,1,0.6666666666666666,12,0.5833333333333334
knn,15,2020-2021,27-1,teste_13.csv,1,2020-11-20,2,1,1,0.6917171673079776,13,0.6153846153846154
knn,15,2020-2021,28-1,teste_14.csv,1,2020-11-20,2,1,1,1.0,14,0.6428571428571429
knn,15,2020-2021,29-1,teste_15.csv,1,2020-11-21,2,0,1,1.0,15,0.6
knn,15,2020-2021,30-1,teste_16.csv,1,2020-11-21,2,1,0,0.3333333333333333,16,0.5625
knn,15,2020-2021,31-1,teste_17.csv,1,2020-11-21,2,1,0,0.3333333333333333,17,0.5294117647058824
knn,15,2020-2021,32-1,teste_18.csv,1,2020-11-22,2,0,1,0.6666666666666666,18,0.5
knn,15,2020-2021,33-1,teste_19.csv,1,2020-11-22,2,1,1,0.8,19,0.5263157894736842
knn,15,2020-2021,34-1,teste_20.csv,1,2020-11-23,3,0,1,0.6,20,0.5
knn,15,2020-2021,35-1,teste_21.csv,1,2020-11-23,3,1,1,0.6,21,0.5238095238095238
knn,15,2020-2021,36-1,teste_22.csv,1,2020-11-25,3,1,1,0.8,22,0.5454545454545454
knn,15,2020-2021,37-1,teste_23.csv,1,2020-11-28,3,0,1,0.6024028909413698,23,0.5217391304347826
knn,15,2020-2021,38-1,teste_24.csv,1,2020-12-02,4,0,1,0.6931698015670141,24,0.5
knn,15,2020-2021,39-1,teste_25.csv,1,2020-12-02,4,1,1,0.7142857142857143,25,0.52
knn,15,2020-2021,40-1,teste_26.csv,1,2020-12-02,4,1,1,1.0,26,0.5384615384615384
knn,15,2020-2021,41-1,teste_27.csv,1,2020-12-03,4,0,0,0.3120437350331539,27,0.5555555555555556
knn,15,2020-2021,42-1,teste_28.csv,1,2020-12-03,4,0,0,0.0973964784399389,28,0.5714285714285714
knn,15,2020-2021,43-1,teste_29.csv,1,2020-12-03,4,1,1,0.7032259487816158,29,0.5862068965517241
knn,15,2020-2021,44-1,teste_30.csv,1,2020-12-04,4,0,0,0.0,30,0.6
knn,15,2020-2021,45-1,teste_31.csv,1,2020-12-04,4,1,1,0.6415426441550974,31,0.6129032258064516
knn,15,2020-2021,46-1,teste_32.csv,1,2020-12-04,4,1,1,0.5459713539728254,32,0.625
knn,15,2020-2021,47-1,teste_33.csv,1,2020-12-04,4,0,1,0.5532272888889349,33,0.6060606060606061
knn,15,2020-2021,48-1,teste_34.csv,1,2020-12-05,4,1,0,0.4974181377189987,34,0.5882352941176471
knn,15,2020-2021,49-1,teste_35.csv,1,2020-12-05,4,0,0,0.2,35,0.6
knn,15,2020-2021,50-1,teste_36.csv,1,2020-12-05,4,1,1,0.6666666666666666,36,0.6111111111111112
knn,15,2020-2021,51-1,teste_37.csv,1,2020-12-05,4,1,0,0.4545454545454545,37,0.5945945945945946
knn,15,2020-2021,52-1,teste_38.csv,1,2020-12-06,4,1,0,0.4545454545454545,38,0.5789473684210527
knn,15,2020-2021,53-1,teste_39.csv,1,2020-12-06,4,1,1,0.7777777777777778,39,0.5897435897435898
knn,15,2020-2021,54-1,teste_40.csv,1,2020-12-06,4,0,0,0.4444444444444444,40,0.6
knn,15,2020-2021,55-1,teste_41.csv,1,2020-12-07,5,1,0,0.4285714285714285,41,0.5853658536585366
knn,15,2020-2021,56-1,teste_42.csv,1,2020-12-07,5,1,1,0.8888888888888888,42,0.5952380952380952
knn,15,2020-2021,57-1,teste_43.csv,1,2020-12-08,5,1,1,0.7429871552515674,43,0.6046511627906976
knn,15,2020-2021,58-1,teste_44.csv,1,2020-12-08,5,1,1,0.6872405486922522,44,0.6136363636363636
knn,15,2020-2021,59-1,teste_45.csv,1,2020-12-09,5,1,1,0.8571428571428571,45,0.6222222222222222
knn,15,2020-2021,60-1,teste_46.csv,1,2020-12-10,5,1,0,0.1428571428571428,46,0.6086956521739131
knn,15,2020-2021,61-1,teste_47.csv,1,2020-12-10,5,1,1,1.0,47,0.6170212765957447
knn,15,2020-2021,62-1,teste_48.csv,1,2020-12-11,5,1,0,0.4285714285714285,48,0.6041666666666666
knn,15,2020-2021,63-1,teste_49.csv,1,2020-12-11,5,1,1,1.0,49,0.6122448979591837
knn,15,2020-2021,64-1,teste_50.csv,1,2020-12-11,5,0,0,0.0,50,0.62
knn,15,2020-2021,65-1,teste_51.csv,1,2020-12-12,5,0,1,1.0,51,0.6078431372549019
knn,15,2020-2021,66-1,teste_52.csv,1,2020-12-12,5,1,1,0.6666666666666666,52,0.6153846153846154
knn,15,2020-2021,67-1,teste_53.csv,1,2020-12-13,5,0,1,1.0,53,0.6037735849056604
knn,15,2020-2021,68-1,teste_54.csv,1,2020-12-13,5,1,1,1.0,54,0.6111111111111112
knn,15,2020-2021,69-1,teste_55.csv,1,2020-12-13,5,0,0,0.0910331033860335,55,0.6181818181818182
knn,15,2020-2021,70-1,teste_56.csv,1,2020-12-14,6,0,1,0.5681844951829648,56,0.6071428571428571
knn,15,2020-2021,71-1,teste_57.csv,1,2020-12-15,6,1,1,0.8,57,0.6140350877192983
knn,15,2020-2021,72-1,teste_58.csv,1,2020-12-15,6,0,1,0.8,58,0.603448275862069
knn,15,2020-2021,73-1,teste_59.csv,1,2020-12-15,6,1,1,0.8888888888888888,59,0.6101694915254238
knn,15,2020-2021,74-1,teste_60.csv,1,2020-12-16,6,0,0,0.3333333333333333,60,0.6166666666666667
knn,15,2020-2021,75-1,teste_61.csv,1,2020-12-17,6,1,1,1.0,61,0.6229508196721312
knn,15,2020-2021,76-1,teste_62.csv,1,2020-12-18,6,0,0,0.1428571428571428,62,0.6290322580645161
knn,15,2020-2021,77-1,teste_63.csv,1,2020-12-19,6,1,1,0.5714285714285714,63,0.6349206349206349
knn,15,2020-2021,78-1,teste_64.csv,1,2020-12-19,6,1,0,0.4285714285714285,64,0.625
knn,15,2020-2021,79-1,teste_65.csv,1,2020-12-19,6,1,1,0.7142857142857143,65,0.6307692307692307
knn,15,2020-2021,80-1,teste_66.csv,1,2020-12-20,6,0,1,0.8571428571428571,66,0.6212121212121212
knn,15,2020-2021,81-1,teste_67.csv,1,2020-12-20,6,0,0,0.0,67,0.6268656716417911
knn,15,2020-2021,82-1,teste_68.csv,1,2020-12-20,6,0,1,0.6666666666666666,68,0.6176470588235294
knn,15,2020-2021,83-1,teste_69.csv,1,2020-12-21,7,0,0,0.3333333333333333,69,0.6231884057971014
knn,15,2020-2021,84-1,teste_70.csv,1,2020-12-21,7,1,1,1.0,70,0.6285714285714286
knn,15,2020-2021,85-1,teste_71.csv,1,2020-12-21,7,1,1,0.6666666666666666,71,0.6338028169014085
knn,15,2020-2021,86-1,teste_72.csv,1,2020-12-22,7,1,1,1.0,72,0.6388888888888888
knn,15,2020-2021,87-1,teste_73.csv,1,2020-12-22,7,1,0,0.4,73,0.6301369863013698
knn,15,2020-2021,88-1,teste_74.csv,1,2020-12-22,7,1,1,1.0,74,0.6351351351351351
knn,15,2020-2021,89-1,teste_75.csv,1,2020-12-23,7,0,1,1.0,75,0.6266666666666667
knn,15,2020-2021,90-1,teste_76.csv,1,2020-12-23,7,1,1,0.6666666666666666,76,0.631578947368421
knn,15,2020-2021,91-1,teste_77.csv,1,2020-12-23,7,1,0,0.3333333333333333,77,0.6233766233766234
knn,15,2020-2021,92-1,teste_78.csv,1,2020-12-28,7,1,1,0.6666666666666666,78,0.6282051282051282
knn,15,2020-2021,93-1,teste_79.csv,1,2020-12-28,8,1,1,0.6666666666666666,79,0.6329113924050633
knn,15,2020-2021,94-1,teste_80.csv,1,2020-12-28,8,1,1,0.6666666666666666,80,0.6375
knn,15,2020-2021,95-1,teste_81.csv,1,2020-12-29,8,1,1,0.6666666666666666,81,0.6419753086419753
knn,15,2020-2021,96-1,teste_82.csv,1,2020-12-29,8,1,0,0.0,82,0.6341463414634146
knn,15,2020-2021,97-1,teste_83.csv,1,2020-12-30,8,0,1,1.0,83,0.6265060240963856
knn,15,2020-2021,98-1,teste_84.csv,1,2020-12-30,8,1,1,1.0,84,0.6309523809523809
knn,15,2020-2021,100-1,teste_86.csv,1,2021-01-04,9,0,1,0.8,85,0.6235294117647059
knn,15,2020-2021,99-1,teste_85.csv,1,2021-01-04,9,1,1,1.0,86,0.627906976744186
knn,15,2020-2021,101-1,teste_87.csv,1,2021-01-05,9,0,1,0.6666666666666666,87,0.6206896551724138
knn,15,2020-2021,102-1,teste_88.csv,1,2021-01-05,9,1,1,1.0,88,0.625
knn,15,2020-2021,103-1,teste_89.csv,1,2021-01-06,9,1,1,0.6666666666666666,89,0.6292134831460674
knn,15,2020-2021,104-1,teste_90.csv,1,2021-01-06,9,1,1,0.6666666666666666,90,0.6333333333333333
knn,15,2020-2021,105-1,teste_91.csv,1,2021-01-06,9,1,1,1.0,91,0.6373626373626373
knn,15,2020-2021,106-1,teste_92.csv,1,2021-01-07,9,1,0,0.4,92,0.6304347826086957
knn,15,2020-2021,107-1,teste_93.csv,1,2021-01-07,9,1,1,0.8571428571428571,93,0.6344086021505376
knn,15,2020-2021,108-1,teste_94.csv,1,2021-01-08,9,0,1,0.8571428571428571,94,0.6276595744680851
knn,15,2020-2021,109-1,teste_95.csv,1,2021-01-08,9,0,1,0.8676755599778626,95,0.6210526315789474
knn,15,2020-2021,110-1,teste_96.csv,1,2021-01-08,9,0,0,0.4841100154342763,96,0.625
knn,15,2020-2021,111-1,teste_97.csv,1,2021-01-09,9,1,1,0.5455972257483951,97,0.6288659793814433
knn,15,2020-2021,112-1,teste_98.csv,1,2021-01-09,9,1,1,0.7777777777777778,98,0.6326530612244898
knn,15,2020-2021,113-1,teste_99.csv,1,2021-01-10,9,0,0,0.275054682284978,99,0.6363636363636364
knn,15,2020-2021,114-1,teste_100.csv,1,2021-01-10,9,0,0,0.4159482792839132,100,0.64
knn,15,2020-2021,115-1,teste_101.csv,1,2021-01-11,10,1,1,0.6666666666666666,101,0.6435643564356436
knn,15,2020-2021,116-1,teste_102.csv,1,2021-01-11,10,0,0,0.4444444444444444,102,0.6470588235294118
knn,15,2020-2021,117-1,teste_103.csv,1,2021-01-12,10,0,1,0.680500177766653,103,0.6407766990291263
knn,15,2020-2021,118-1,teste_104.csv,1,2021-01-25,1,1,1,1.0,104,0.6442307692307693
knn,15,2020-2021,119-1,teste_105.csv,1,2021-01-25,1,0,1,0.7777777777777778,105,0.638095238095238
knn,15,2020-2021,120-1,teste_106.csv,1,2021-01-25,1,1,1,0.6666666666666666,106,0.6415094339622641
knn,15,2020-2021,121-1,teste_107.csv,1,2021-01-26,1,1,1,0.5432085624692031,107,0.6448598130841121
knn,15,2020-2021,122-1,teste_108.csv,1,2021-01-26,1,0,1,0.526719726484089,108,0.6388888888888888
knn,15,2020-2021,123-1,teste_109.csv,1,2021-01-26,1,0,0,0.2672266408700626,109,0.6422018348623854
knn,15,2020-2021,124-1,teste_110.csv,1,2021-01-26,1,1,1,0.7375036381124382,110,0.6454545454545455
knn,15,2020-2021,125-1,teste_111.csv,1,2021-01-27,1,0,0,0.2522519122928047,111,0.6486486486486487
knn,15,2020-2021,126-1,teste_112.csv,1,2021-01-27,1,1,0,0.3636363636363636,112,0.6428571428571429
knn,15,2020-2021,127-1,teste_113.csv,1,2021-01-27,1,1,1,0.7272727272727273,113,0.6460176991150443
knn,15,2020-2021,128-1,teste_114.csv,1,2021-01-28,1,0,1,0.6363636363636364,114,0.6403508771929824
knn,15,2020-2021,129-1,teste_115.csv,1,2021-01-28,1,1,0,0.1727707521662927,115,0.6347826086956522
knn,15,2020-2021,130-1,teste_116.csv,1,2021-01-28,1,0,0,0.2634594647361617,116,0.6379310344827587
knn,15,2020-2021,131-1,teste_117.csv,1,2021-01-28,1,0,1,0.6000278655590034,117,0.6324786324786325
knn,15,2020-2021,132-1,teste_118.csv,1,2021-01-30,1,1,0,0.4640038245778716,118,0.6271186440677966
knn,15,2020-2021,133-1,teste_119.csv,1,2021-01-30,1,1,0,0.4,119,0.6218487394957983
knn,15,2020-2021,134-1,teste_120.csv,1,2021-01-30,1,0,1,0.6,120,0.6166666666666667
knn,15,2020-2021,135-1,teste_121.csv,1,2021-01-31,1,1,1,0.8,121,0.6198347107438017
knn,15,2020-2021,136-1,teste_122.csv,1,2021-01-31,1,1,0,0.4,122,0.6147540983606558
knn,15,2020-2021,137-1,teste_123.csv,1,2021-01-31,1,0,0,0.4444444444444444,123,0.6178861788617886
knn,15,2020-2021,138-1,teste_124.csv,1,2021-02-02,2,0,1,0.6666666666666666,124,0.6129032258064516
knn,15,2020-2021,139-1,teste_125.csv,1,2021-02-06,2,0,1,0.5454545454545454,125,0.608
knn,15,2020-2021,140-1,teste_126.csv,1,2021-02-06,2,0,1,0.7272727272727273,126,0.6031746031746031
knn,15,2020-2021,141-1,teste_127.csv,1,2021-02-06,2,1,0,0.4545454545454545,127,0.5984251968503937
knn,15,2020-2021,142-1,teste_128.csv,1,2021-02-07,2,0,0,0.3636363636363636,128,0.6015625
knn,15,2020-2021,143-1,teste_129.csv,1,2021-02-07,2,1,0,0.4545454545454545,129,0.5968992248062015
knn,15,2020-2021,144-1,teste_130.csv,1,2021-02-08,3,1,1,0.6363636363636364,130,0.6
knn,15,2020-2021,145-1,teste_131.csv,1,2021-02-08,3,0,1,0.7272727272727273,131,0.5954198473282443
knn,15,2020-2021,146-1,teste_132.csv,1,2021-02-08,3,1,1,0.6363636363636364,132,0.5984848484848485
knn,15,2020-2021,147-1,teste_133.csv,1,2021-02-08,3,1,1,0.7272727272727273,133,0.6015037593984962
knn,15,2020-2021,148-1,teste_134.csv,1,2021-02-09,3,1,0,0.4545454545454545,134,0.5970149253731343
knn,15,2020-2021,149-1,teste_135.csv,1,2021-02-09,3,0,0,0.4545454545454545,135,0.6
knn,15,2020-2021,150-1,teste_136.csv,1,2021-02-09,3,0,0,0.4545454545454545,136,0.6029411764705882
knn,15,2020-2021,151-1,teste_137.csv,1,2021-02-09,3,1,0,0.3333333333333333,137,0.5985401459854015
knn,15,2020-2021,152-1,teste_138.csv,1,2021-02-10,3,1,0,0.3333333333333333,138,0.5942028985507246
knn,15,2020-2021,153-1,teste_139.csv,1,2021-02-10,3,1,1,0.7142857142857143,139,0.5971223021582733
knn,15,2020-2021,154-1,teste_140.csv,1,2021-02-10,3,1,0,0.2857142857142857,140,0.5928571428571429
knn,15,2020-2021,155-1,teste_141.csv,1,2021-02-11,3,0,0,0.3333333333333333,141,0.5957446808510638
knn,15,2020-2021,156-1,teste_142.csv,1,2021-02-11,3,0,0,0.3333333333333333,142,0.5985915492957746
knn,15,2020-2021,157-1,teste_143.csv,1,2021-02-12,3,0,0,0.3333333333333333,143,0.6013986013986014
knn,15,2020-2021,158-1,teste_144.csv,1,2021-02-12,3,1,1,0.6666666666666666,144,0.6041666666666666
knn,15,2020-2021,159-1,teste_145.csv,1,2021-02-13,3,1,0,0.3333333333333333,145,0.6
knn,15,2020-2021,160-1,teste_146.csv,1,2021-02-13,3,0,1,0.6666666666666666,146,0.5958904109589042
knn,15,2020-2021,161-1,teste_147.csv,1,2021-02-13,3,1,1,0.6666666666666666,147,0.5986394557823129
knn,15,2020-2021,162-1,teste_148.csv,1,2021-02-14,3,0,0,0.0,148,0.6013513513513513
knn,15,2020-2021,163-1,teste_149.csv,1,2021-02-14,3,0,0,0.2,149,0.6040268456375839
knn,15,2020-2021,164-1,teste_150.csv,1,2021-02-24,4,1,1,0.6,150,0.6066666666666667
knn,15,2020-2021,165-1,teste_151.csv,1,2021-02-24,4,0,0,0.4,151,0.609271523178808
knn,15,2020-2021,166-1,teste_152.csv,1,2021-02-24,4,0,0,0.2,152,0.6118421052631579
knn,15,2020-2021,167-1,teste_153.csv,1,2021-02-25,4,1,1,0.8,153,0.6143790849673203
knn,15,2020-2021,168-1,teste_154.csv,1,2021-02-25,4,0,1,0.8,154,0.6103896103896104
knn,15,2020-2021,169-1,teste_155.csv,1,2021-02-25,4,0,0,0.2,155,0.6129032258064516
knn,15,2020-2021,170-1,teste_156.csv,1,2021-02-26,4,0,0,0.4,156,0.6153846153846154
knn,15,2020-2021,171-1,teste_157.csv,1,2021-02-26,4,0,0,0.0,157,0.6178343949044586
knn,15,2020-2021,172-1,teste_158.csv,1,2021-02-26,4,1,0,0.2,158,0.6139240506329114
knn,15,2020-2021,173-1,teste_159.csv,1,2021-02-26,4,0,1,0.8,159,0.610062893081761
knn,15,2020-2021,174-1,teste_160.csv,1,2021-02-27,4,1,1,0.8,160,0.6125
knn,15,2020-2021,175-1,teste_161.csv,1,2021-02-27,4,0,0,0.4,161,0.6149068322981367
knn,15,2020-2021,176-1,teste_162.csv,1,2021-02-27,4,1,1,0.6,162,0.6172839506172839
knn,15,2020-2021,177-1,teste_163.csv,1,2021-02-27,4,0,1,0.6,163,0.6134969325153374
knn,15,2020-2021,178-1,teste_164.csv,1,2021-02-28,4,1,1,0.6,164,0.6158536585365854
knn,15,2020-2021,179-1,teste_165.csv,1,2021-02-28,4,1,1,0.6,165,0.6181818181818182
knn,15,2020-2021,180-1,teste_166.csv,1,2021-02-28,4,1,0,0.2,166,0.6144578313253012
knn,15,2020-2021,181-1,teste_167.csv,1,2021-02-28,4,0,0,0.4285714285714285,167,0.6167664670658682
knn,15,2020-2021,182-1,teste_168.csv,1,2021-03-01,5,0,1,1.0,168,0.6130952380952381
knn,15,2020-2021,183-1,teste_169.csv,1,2021-03-01,5,1,0,0.2857142857142857,169,0.6094674556213018
knn,15,2020-2021,184-1,teste_170.csv,1,2021-03-02,5,1,1,0.7142857142857143,170,0.611764705882353
knn,15,2020-2021,185-1,teste_171.csv,1,2021-03-02,5,0,0,0.1428571428571428,171,0.6140350877192983
knn,15,2020-2021,186-1,teste_172.csv,1,2021-03-03,5,0,1,0.6,172,0.6104651162790697
knn,15,2020-2021,187-1,teste_173.csv,1,2021-03-04,5,0,0,0.4285714285714285,173,0.6127167630057804
knn,15,2020-2021,188-1,teste_174.csv,1,2021-03-04,5,1,1,1.0,174,0.6149425287356322
knn,15,2020-2021,189-1,teste_175.csv,1,2021-03-06,5,0,0,0.2,175,0.6171428571428571
knn,15,2020-2021,190-1,teste_176.csv,1,2021-03-09,6,0,0,0.4285714285714285,176,0.6193181818181818
knn,15,2020-2021,191-1,teste_177.csv,1,2021-03-10,6,1,1,0.8571428571428571,177,0.6214689265536724
knn,15,2020-2021,192-1,teste_178.csv,1,2021-03-11,6,1,1,0.8571428571428571,178,0.6235955056179775
knn,15,2020-2021,193-1,teste_179.csv,1,2021-03-11,6,1,1,0.5602394580784874,179,0.6256983240223464
knn,15,2020-2021,194-1,teste_180.csv,1,2021-03-12,6,1,0,0.4316387930021063,180,0.6222222222222222
knn,15,2020-2021,195-1,teste_181.csv,1,2021-03-12,6,1,1,0.8571428571428571,181,0.6243093922651933
knn,15,2020-2021,196-1,teste_182.csv,1,2021-03-12,6,0,0,0.4285714285714285,182,0.6263736263736264
knn,15,2020-2021,197-1,teste_183.csv,1,2021-03-13,6,1,0,0.4285714285714285,183,0.6229508196721312
knn,15,2020-2021,198-1,teste_184.csv,1,2021-03-14,6,0,0,0.2857142857142857,184,0.625
knn,15,2020-2021,199-1,teste_185.csv,1,2021-03-14,6,1,1,0.5714285714285714,185,0.6270270270270271
knn,15,2020-2021,200-1,teste_186.csv,1,2021-03-14,6,1,1,0.7142857142857143,186,0.6290322580645161
knn,15,2020-2021,201-1,teste_187.csv,1,2021-03-14,6,1,1,1.0,187,0.6310160427807486
knn,15,2020-2021,202-1,teste_188.csv,1,2021-03-14,7,0,1,0.5714285714285714,188,0.6276595744680851
knn,15,2020-2021,203-1,teste_189.csv,1,2021-03-15,7,0,0,0.4285714285714285,189,0.6296296296296297
knn,15,2020-2021,204-1,teste_190.csv,1,2021-03-16,7,0,0,0.1314920840570436,190,0.631578947368421
knn,15,2020-2021,205-1,teste_191.csv,1,2021-03-16,7,1,1,0.7142857142857143,191,0.6335078534031413
knn,15,2020-2021,206-1,teste_192.csv,1,2021-03-17,7,1,1,0.5714285714285714,192,0.6354166666666666
knn,15,2020-2021,207-1,teste_193.csv,1,2021-03-18,8,1,1,1.0,193,0.6373056994818653
knn,15,2020-2021,209-1,teste_195.csv,1,2021-04-01,7,0,0,0.2,194,0.6391752577319587
knn,15,2020-2021,208-1,teste_194.csv,1,2021-04-01,8,1,0,0.4,195,0.6358974358974359
knn,15,2020-2021,210-1,teste_196.csv,1,2021-04-02,8,0,1,0.5714285714285714,196,0.6326530612244898
knn,15,2020-2021,211-1,teste_197.csv,1,2021-04-02,8,1,0,0.4,197,0.6294416243654822
knn,15,2020-2021,214-1,teste_200.csv,1,2021-04-03,7,1,1,0.7142857142857143,198,0.6313131313131313
knn,15,2020-2021,212-1,teste_198.csv,1,2021-04-03,8,1,1,0.6,199,0.6331658291457286
knn,15,2020-2021,213-1,teste_199.csv,1,2021-04-03,8,0,0,0.4,200,0.635
knn,15,2020-2021,215-1,teste_201.csv,1,2021-04-04,8,1,1,1.0,201,0.6368159203980099
knn,15,2020-2021,216-1,teste_202.csv,1,2021-04-04,8,1,1,0.7142857142857143,202,0.6386138613861386
knn,15,2020-2021,217-1,teste_203.csv,1,2021-04-04,8,1,1,0.6,203,0.6403940886699507
knn,15,2020-2021,218-1,teste_204.csv,1,2021-04-05,7,1,1,0.8,204,0.6421568627450981
knn,15,2020-2021,219-1,teste_205.csv,1,2021-04-05,8,1,1,0.8,205,0.6439024390243903
knn,15,2020-2021,220-1,teste_206.csv,1,2021-04-05,8,0,0,0.0,206,0.6456310679611651
knn,15,2020-2021,223-1,teste_209.csv,1,2021-04-06,7,1,1,1.0,207,0.6473429951690821
knn,15,2020-2021,221-1,teste_207.csv,1,2021-04-06,8,0,0,0.0,208,0.6490384615384616
knn,15,2020-2021,222-1,teste_208.csv,1,2021-04-06,8,1,0,0.2861142591901588,209,0.645933014354067
knn,15,2020-2021,224-1,teste_210.csv,1,2021-04-07,7,0,1,0.6666666666666666,210,0.6428571428571429
knn,15,2020-2021,226-1,teste_212.csv,1,2021-04-07,8,1,1,1.0,211,0.6445497630331753
knn,15,2020-2021,225-1,teste_211.csv,1,2021-04-07,9,0,0,0.0,212,0.6462264150943396
knn,15,2020-2021,227-1,teste_213.csv,1,2021-04-08,8,1,1,1.0,213,0.647887323943662
knn,15,2020-2021,228-1,teste_214.csv,1,2021-04-08,8,0,0,0.3333333333333333,214,0.6495327102803738
knn,15,2020-2021,229-1,teste_215.csv,1,2021-04-08,9,0,0,0.0,215,0.6511627906976745
knn,15,2020-2021,230-1,teste_216.csv,1,2021-04-09,7,0,1,1.0,216,0.6481481481481481
knn,15,2020-2021,231-1,teste_217.csv,1,2021-04-10,8,1,1,0.6666666666666666,217,0.6497695852534562
knn,15,2020-2021,233-1,teste_219.csv,1,2021-04-10,8,0,0,0.3333333333333333,218,0.6513761467889908
knn,15,2020-2021,232-1,teste_218.csv,1,2021-04-10,9,0,1,1.0,219,0.6484018264840182
knn,15,2020-2021,234-1,teste_220.csv,1,2021-04-11,8,0,0,0.0,220,0.65
knn,15,2020-2021,235-1,teste_221.csv,1,2021-04-13,7,1,0,0.0,221,0.6470588235294118
knn,15,2020-2021,236-1,teste_222.csv,1,2021-04-13,7,1,1,0.6666666666666666,222,0.6486486486486487
knn,15,2020-2021,237-1,teste_223.csv,1,2021-04-13,7,0,0,0.0,223,0.6502242152466368
knn,15,2020-2021,238-1,teste_224.csv,1,2021-04-21,1,0,1,0.6666666666666666,224,0.6473214285714286
knn,15,2020-2021,239-1,teste_225.csv,1,2021-04-21,1,0,0,0.3333333333333333,225,0.6488888888888888
knn,15,2020-2021,240-1,teste_226.csv,1,2021-04-22,1,0,0,0.3333333333333333,226,0.6504424778761062
knn,15,2020-2021,241-1,teste_227.csv,1,2021-04-22,1,0,0,0.3333333333333333,227,0.6519823788546255
knn,15,2020-2021,242-1,teste_228.csv,1,2021-04-23,2,1,1,0.6666666666666666,228,0.6535087719298246
knn,15,2020-2021,243-1,teste_229.csv,1,2021-04-23,2,0,0,0.3333333333333333,229,0.6550218340611353
knn,15,2020-2021,244-1,teste_230.csv,1,2021-04-24,2,1,1,1.0,230,0.6565217391304348
knn,15,2020-2021,245-1,teste_231.csv,1,2021-04-24,2,1,1,1.0,231,0.658008658008658
knn,15,2020-2021,246-1,teste_232.csv,1,2021-04-25,3,1,0,0.3333333333333333,232,0.6551724137931034
knn,15,2020-2021,247-1,teste_233.csv,1,2021-04-28,1,0,0,0.3333333333333333,233,0.6566523605150214
knn,15,2020-2021,248-1,teste_234.csv,1,2021-04-28,1,0,1,0.6666666666666666,234,0.6538461538461539
knn,15,2020-2021,249-1,teste_235.csv,1,2021-04-29,1,0,0,0.0,235,0.6553191489361702
knn,15,2020-2021,250-1,teste_236.csv,1,2021-04-29,1,0,1,0.6666666666666666,236,0.652542372881356
knn,15,2020-2021,251-1,teste_237.csv,1,2021-04-30,2,0,1,0.6666666666666666,237,0.6497890295358649
knn,15,2020-2021,252-1,teste_238.csv,1,2021-04-30,2,1,1,1.0,238,0.6512605042016807
knn,15,2020-2021,253-1,teste_239.csv,1,2021-05-01,2,1,1,1.0,239,0.6527196652719666
knn,15,2020-2021,254-1,teste_240.csv,1,2021-05-01,2,0,0,0.3333333333333333,240,0.6541666666666667
knn,15,2020-2021,255-1,teste_241.csv,1,2021-05-02,3,1,0,0.3636363636363636,241,0.6514522821576764
knn,15,2020-2021,256-1,teste_242.csv,1,2021-05-03,3,1,0,0.3333333333333333,242,0.6487603305785123
knn,15,2020-2021,257-1,teste_243.csv,1,2021-05-10,1,0,0,0.3333333333333333,243,0.6502057613168725
knn,15,2020-2021,258-1,teste_244.csv,1,2021-05-10,1,1,1,0.9090909090909092,244,0.6516393442622951
knn,15,2020-2021,259-1,teste_245.csv,1,2021-05-12,2,1,1,0.6363636363636364,245,0.6530612244897959
knn,15,2020-2021,260-1,teste_246.csv,1,2021-05-12,2,0,0,0.0909090909090909,246,0.6544715447154471
knn,15,2020-2021,261-1,teste_247.csv,1,2021-05-15,3,0,0,0.0909090909090909,247,0.6558704453441295
knn,15,2020-2021,262-1,teste_248.csv,1,2021-05-15,3,1,1,0.7272727272727273,248,0.657258064516129
knn,15,2020-2021,263-1,teste_249.csv,1,2021-05-22,1,1,1,0.6666666666666666,249,0.6586345381526104
knn,15,2020-2021,264-1,teste_250.csv,1,2021-05-24,2,0,0,0.3333333333333333,250,0.66
knn,15,2021-2022,15-1,teste_1.csv,1,2021-10-30,2,0,1,0.6666666666666666,1,0.0
knn,15,2021-2022,16-1,teste_2.csv,1,2021-11-01,3,1,0,0.4,2,0.0
knn,15,2021-2022,17-1,teste_3.csv,1,2021-11-02,3,1,1,0.6,3,0.3333333333333333
knn,15,2021-2022,18-1,teste_4.csv,1,2021-11-02,3,1,1,0.6519024262954212,4,0.5
knn,15,2021-2022,19-1,teste_5.csv,1,2021-11-03,3,1,1,0.7159458926464631,5,0.6
knn,15,2021-2022,20-1,teste_6.csv,1,2021-11-03,3,0,1,0.6666666666666666,6,0.5
knn,15,2021-2022,21-1,teste_7.csv,1,2021-11-03,3,1,1,0.6666666666666666,7,0.5714285714285714
knn,15,2021-2022,22-1,teste_8.csv,1,2021-11-03,3,1,1,0.6473066484995952,8,0.625
knn,15,2021-2022,23-1,teste_9.csv,1,2021-11-04,3,0,1,0.7142857142857143,9,0.5555555555555556
knn,15,2021-2022,24-1,teste_10.csv,1,2021-11-04,3,0,1,0.5760225486079495,10,0.5
knn,15,2021-2022,25-1,teste_11.csv,1,2021-11-04,3,0,1,0.8,11,0.4545454545454545
knn,15,2021-2022,26-1,teste_12.csv,1,2021-11-05,3,1,1,0.687511329156224,12,0.5
knn,15,2021-2022,27-1,teste_13.csv,1,2021-11-05,3,1,1,0.7777777777777778,13,0.5384615384615384
knn,15,2021-2022,28-1,teste_14.csv,1,2021-11-05,3,1,1,0.6363636363636364,14,0.5714285714285714
knn,15,2021-2022,29-1,teste_15.csv,1,2021-11-06,3,0,1,0.6363636363636364,15,0.5333333333333333
knn,15,2021-2022,30-1,teste_16.csv,1,2021-11-06,3,0,1,0.5118706524104354,16,0.5
knn,15,2021-2022,31-1,teste_17.csv,1,2021-11-08,4,1,1,0.6666666666666666,17,0.5294117647058824
knn,15,2021-2022,32-1,teste_18.csv,1,2021-11-08,4,0,1,0.5555555555555556,18,0.5
knn,15,2021-2022,33-1,teste_19.csv,1,2021-11-09,4,0,0,0.0,19,0.5263157894736842
knn,15,2021-2022,34-1,teste_20.csv,1,2021-11-10,4,1,0,0.0,20,0.5
knn,15,2021-2022,35-1,teste_21.csv,1,2021-11-10,4,1,1,0.8,21,0.5238095238095238
knn,15,2021-2022,36-1,teste_22.csv,1,2021-11-10,4,0,1,0.8,22,0.5
knn,15,2021-2022,37-1,teste_23.csv,1,2021-11-10,4,1,0,0.4,23,0.4782608695652174
knn,15,2021-2022,38-1,teste_24.csv,1,2021-11-11,4,1,0,0.4,24,0.4583333333333333
knn,15,2021-2022,39-1,teste_25.csv,1,2021-11-11,4,0,0,0.4545454545454545,25,0.48
knn,15,2021-2022,40-1,teste_26.csv,1,2021-11-11,4,0,0,0.2727272727272727,26,0.5
knn,15,2021-2022,41-1,teste_27.csv,1,2021-11-11,4,1,1,0.6666666666666666,27,0.5185185185185185
knn,15,2021-2022,42-1,teste_28.csv,1,2021-11-12,4,1,1,0.6,28,0.5357142857142857
knn,15,2021-2022,43-1,teste_29.csv,1,2021-11-12,4,1,1,0.8,29,0.5517241379310345
knn,15,2021-2022,44-1,teste_30.csv,1,2021-11-13,4,0,1,0.6,30,0.5333333333333333
knn,15,2021-2022,45-1,teste_31.csv,1,2021-11-13,4,0,0,0.0,31,0.5483870967741935
knn,15,2021-2022,46-1,teste_32.csv,1,2021-11-13,4,0,1,0.6666666666666666,32,0.53125
knn,15,2021-2022,47-1,teste_33.csv,1,2021-11-16,5,1,1,0.8,33,0.5454545454545454
knn,15,2021-2022,48-1,teste_34.csv,1,2021-11-17,5,1,0,0.2,34,0.5294117647058824
knn,15,2021-2022,49-1,teste_35.csv,1,2021-11-17,5,1,1,0.8,35,0.5428571428571428
knn,15,2021-2022,50-1,teste_36.csv,1,2021-11-18,5,1,0,0.0,36,0.5277777777777778
knn,15,2021-2022,51-1,teste_37.csv,1,2021-11-18,5,1,1,0.6666666666666666,37,0.5405405405405406
knn,15,2021-2022,52-1,teste_38.csv,1,2021-11-18,5,1,1,1.0,38,0.5526315789473685
knn,15,2021-2022,53-1,teste_39.csv,1,2021-11-19,5,0,1,1.0,39,0.5384615384615384
knn,15,2021-2022,54-1,teste_40.csv,1,2021-11-19,5,1,1,0.6666666666666666,40,0.55
knn,15,2021-2022,55-1,teste_41.csv,1,2021-11-19,5,1,1,0.6666666666666666,41,0.5609756097560976
knn,15,2021-2022,56-1,teste_42.csv,1,2021-11-19,5,0,1,0.6666666666666666,42,0.5476190476190477
knn,15,2021-2022,57-1,teste_43.csv,1,2021-11-20,5,1,0,0.3333333333333333,43,0.5348837209302325
knn,15,2021-2022,58-1,teste_44.csv,1,2021-11-20,5,0,1,0.5714285714285714,44,0.5227272727272727
knn,15,2021-2022,59-1,teste_45.csv,1,2021-11-20,5,1,1,0.8571428571428571,45,0.5333333333333333
knn,15,2021-2022,60-1,teste_46.csv,1,2021-11-21,5,0,1,0.6,46,0.5217391304347826
knn,15,2021-2022,61-1,teste_47.csv,1,2021-11-21,5,0,1,0.6666666666666666,47,0.5106382978723404
knn,15,2021-2022,62-1,teste_48.csv,1,2021-12-01,6,1,0,0.4444444444444444,48,0.5
knn,15,2021-2022,63-1,teste_49.csv,1,2021-12-01,6,1,1,0.6666666666666666,49,0.5102040816326531
knn,15,2021-2022,64-1,teste_50.csv,1,2021-12-01,6,0,0,0.4285714285714285,50,0.52
knn,15,2021-2022,65-1,teste_51.csv,1,2021-12-01,6,1,1,0.5714285714285714,51,0.5294117647058824
knn,15,2021-2022,66-1,teste_52.csv,1,2021-12-02,6,1,1,1.0,52,0.5384615384615384
knn,15,2021-2022,67-1,teste_53.csv,1,2021-12-02,6,0,0,0.3333333333333333,53,0.5471698113207547
knn,15,2021-2022,68-1,teste_54.csv,1,2021-12-02,6,1,1,1.0,54,0.5555555555555556
knn,15,2021-2022,69-1,teste_55.csv,1,2021-12-02,6,1,1,0.6666666666666666,55,0.5636363636363636
knn,15,2021-2022,70-1,teste_56.csv,1,2021-12-03,6,0,1,0.5714285714285714,56,0.5535714285714286
knn,15,2021-2022,71-1,teste_57.csv,1,2021-12-03,6,0,1,1.0,57,0.543859649122807
knn,15,2021-2022,72-1,teste_58.csv,1,2021-12-03,6,1,1,0.6666666666666666,58,0.5517241379310345
knn,15,2021-2022,73-1,teste_59.csv,1,2021-12-03,6,0,1,0.6666666666666666,59,0.5423728813559322
knn,15,2021-2022,74-1,teste_60.csv,1,2021-12-04,6,0,0,0.4285714285714285,60,0.55
knn,15,2021-2022,75-1,teste_61.csv,1,2021-12-04,6,1,1,1.0,61,0.5573770491803278
knn,15,2021-2022,76-1,teste_62.csv,1,2021-12-04,6,0,1,1.0,62,0.5483870967741935
knn,15,2021-2022,77-1,teste_63.csv,1,2021-12-07,7,1,1,0.6666666666666666,63,0.5555555555555556
knn,15,2021-2022,78-1,teste_64.csv,1,2021-12-07,7,0,1,0.6666666666666666,64,0.546875
knn,15,2021-2022,79-1,teste_65.csv,1,2021-12-07,7,0,1,0.5714285714285714,65,0.5384615384615384
knn,15,2021-2022,80-1,teste_66.csv,1,2021-12-07,7,0,0,0.0,66,0.5454545454545454
knn,15,2021-2022,81-1,teste_67.csv,1,2021-12-08,7,1,1,1.0,67,0.5522388059701493
knn,15,2021-2022,82-1,teste_68.csv,1,2021-12-09,7,1,1,0.8571428571428571,68,0.5588235294117647
knn,15,2021-2022,83-1,teste_69.csv,1,2021-12-09,7,0,0,0.4285714285714285,69,0.5652173913043478
knn,15,2021-2022,84-1,teste_70.csv,1,2021-12-09,7,1,0,0.3333333333333333,70,0.5571428571428572
knn,15,2021-2022,85-1,teste_71.csv,1,2021-12-09,7,1,1,0.6666666666666666,71,0.5633802816901409
knn,15,2021-2022,86-1,teste_72.csv,1,2021-12-11,7,1,1,0.6666666666666666,72,0.5694444444444444
knn,15,2021-2022,87-1,teste_73.csv,1,2021-12-11,7,0,1,0.6666666666666666,73,0.5616438356164384
knn,15,2021-2022,88-1,teste_74.csv,1,2021-12-11,7,0,0,0.3333333333333333,74,0.5675675675675675
knn,15,2021-2022,89-1,teste_75.csv,1,2021-12-13,8,1,0,0.3333333333333333,75,0.56
knn,15,2021-2022,90-1,teste_76.csv,1,2021-12-14,8,1,1,0.6666666666666666,76,0.5657894736842105
knn,15,2021-2022,91-1,teste_77.csv,1,2021-12-16,8,1,1,0.6666666666666666,77,0.5714285714285714
knn,15,2021-2022,92-1,teste_78.csv,1,2021-12-16,8,1,1,0.6666666666666666,78,0.5769230769230769
knn,15,2021-2022,93-1,teste_79.csv,1,2021-12-16,8,1,1,1.0,79,0.5822784810126582
knn,15,2021-2022,94-1,teste_80.csv,1,2021-12-16,8,1,1,1.0,80,0.5875
knn,15,2021-2022,95-1,teste_81.csv,1,2021-12-18,8,0,0,0.3333333333333333,81,0.5925925925925926
knn,15,2021-2022,96-1,teste_82.csv,1,2021-12-18,8,1,1,0.6666666666666666,82,0.5975609756097561
knn,15,2021-2022,97-1,teste_83.csv,1,2021-12-18,8,1,1,1.0,83,0.6024096385542169
knn,15,2021-2022,100-1,teste_86.csv,1,2021-12-19,8,1,1,0.6666666666666666,84,0.6071428571428571
knn,15,2021-2022,98-1,teste_84.csv,1,2021-12-19,8,1,1,1.0,85,0.611764705882353
knn,15,2021-2022,99-1,teste_85.csv,1,2021-12-19,8,1,1,0.6666666666666666,86,0.6162790697674418
knn,15,2021-2022,101-1,teste_87.csv,1,2021-12-20,9,0,1,0.6666666666666666,87,0.6091954022988506
knn,15,2021-2022,102-1,teste_88.csv,1,2021-12-21,9,1,1,0.8,88,0.6136363636363636
knn,15,2021-2022,103-1,teste_89.csv,1,2021-12-21,9,1,1,1.0,89,0.6179775280898876
knn,15,2021-2022,104-1,teste_90.csv,1,2021-12-21,9,1,1,1.0,90,0.6222222222222222
knn,15,2021-2022,105-1,teste_91.csv,1,2021-12-22,9,0,1,0.6,91,0.6153846153846154
knn,15,2021-2022,106-1,teste_92.csv,1,2021-12-23,9,0,0,0.4,92,0.6195652173913043
knn,15,2021-2022,107-1,teste_93.csv,1,2021-12-28,10,1,1,0.7142857142857143,93,0.6236559139784946
knn,15,2021-2022,108-1,teste_94.csv,1,2021-12-28,10,1,1,1.0,94,0.6276595744680851
knn,15,2021-2022,109-1,teste_95.csv,1,2021-12-28,10,1,1,0.8571428571428571,95,0.631578947368421
knn,15,2021-2022,110-1,teste_96.csv,1,2021-12-30,10,1,1,0.8,96,0.6354166666666666
knn,15,2021-2022,111-1,teste_97.csv,1,2021-12-30,10,0,0,0.4,97,0.6391752577319587
knn,15,2021-2022,112-1,teste_98.csv,1,2021-12-30,10,0,1,0.8,98,0.6326530612244898
knn,15,2021-2022,113-1,teste_99.csv,1,2022-01-03,11,0,0,0.4285714285714285,99,0.6363636363636364
knn,15,2021-2022,114-1,teste_100.csv,1,2022-01-04,11,1,1,0.5714285714285714,100,0.64
knn,15,2021-2022,115-1,teste_101.csv,1,2022-01-05,11,0,0,0.1428571428571428,101,0.6435643564356436
knn,15,2021-2022,116-1,teste_102.csv,1,2022-01-06,11,0,1,0.8,102,0.6372549019607843
knn,15,2021-2022,117-1,teste_103.csv,1,2022-01-06,11,1,1,1.0,103,0.6407766990291263
knn,15,2021-2022,118-1,teste_104.csv,1,2022-01-08,11,1,1,0.8,104,0.6442307692307693
knn,15,2021-2022,119-1,teste_105.csv,1,2022-01-09,11,1,1,0.6666666666666666,105,0.6476190476190476
knn,15,2021-2022,120-1,teste_106.csv,1,2022-01-09,11,0,0,0.0,106,0.6509433962264151
knn,15,2021-2022,121-1,teste_107.csv,1,2022-01-09,11,0,1,0.6666666666666666,107,0.6448598130841121
knn,15,2021-2022,122-1,teste_108.csv,1,2022-01-09,11,1,1,0.6666666666666666,108,0.6481481481481481
knn,15,2021-2022,123-1,teste_109.csv,1,2022-01-10,12,1,1,0.7142857142857143,109,0.6513761467889908
knn,15,2021-2022,124-1,teste_110.csv,1,2022-01-10,12,1,1,0.5714285714285714,110,0.6545454545454545
knn,15,2021-2022,125-1,teste_111.csv,1,2022-01-10,12,1,0,0.4,111,0.6486486486486487
knn,15,2021-2022,126-1,teste_112.csv,1,2022-01-10,12,0,1,0.8,112,0.6428571428571429
knn,15,2021-2022,127-1,teste_113.csv,1,2022-01-11,12,1,1,0.6,113,0.6460176991150443
knn,15,2021-2022,128-1,teste_114.csv,1,2022-01-11,12,1,1,0.8,114,0.6491228070175439
knn,15,2021-2022,129-1,teste_115.csv,1,2022-01-11,12,1,0,0.0,115,0.6434782608695652
knn,15,2021-2022,130-1,teste_116.csv,1,2022-01-11,12,0,0,0.4,116,0.646551724137931
knn,15,2021-2022,131-1,teste_117.csv,1,2022-01-12,12,1,1,0.8,117,0.6495726495726496
knn,15,2021-2022,132-1,teste_118.csv,1,2022-01-12,12,1,1,0.6,118,0.652542372881356
knn,15,2021-2022,133-1,teste_119.csv,1,2022-01-12,12,1,1,0.6666666666666666,119,0.6554621848739496
knn,15,2021-2022,134-1,teste_120.csv,1,2022-01-25,1,1,1,0.6666666666666666,120,0.6583333333333333
knn,15,2021-2022,135-1,teste_121.csv,1,2022-01-25,1,0,0,0.2,121,0.6611570247933884
knn,15,2021-2022,136-1,teste_122.csv,1,2022-01-25,1,1,0,0.3333333333333333,122,0.6557377049180327
knn,15,2021-2022,137-1,teste_123.csv,1,2022-01-25,1,1,1,1.0,123,0.6585365853658537
knn,15,2021-2022,138-1,teste_124.csv,1,2022-01-26,1,0,1,0.6666666666666666,124,0.6532258064516129
knn,15,2021-2022,139-1,teste_125.csv,1,2022-01-26,1,1,0,0.3333333333333333,125,0.648
knn,15,2021-2022,140-1,teste_126.csv,1,2022-01-27,1,1,1,1.0,126,0.6507936507936508
knn,15,2021-2022,141-1,teste_127.csv,1,2022-01-27,1,0,1,0.6666666666666666,127,0.6456692913385826
knn,15,2021-2022,142-1,teste_128.csv,1,2022-01-27,1,1,1,1.0,128,0.6484375
knn,15,2021-2022,143-1,teste_129.csv,1,2022-01-27,1,1,0,0.1428571428571428,129,0.6434108527131783
knn,15,2021-2022,144-1,teste_130.csv,1,2022-01-28,1,1,1,0.6666666666666666,130,0.6461538461538462
knn,15,2021-2022,145-1,teste_131.csv,1,2022-01-28,1,0,1,0.7777777777777778,131,0.6412213740458015
knn,15,2021-2022,146-1,teste_132.csv,1,2022-01-29,1,1,1,0.5555555555555556,132,0.6439393939393939
knn,15,2021-2022,147-1,teste_133.csv,1,2022-01-29,1,1,1,0.7142857142857143,133,0.6466165413533834
knn,15,2021-2022,148-1,teste_134.csv,1,2022-01-31,2,1,1,0.5714285714285714,134,0.6492537313432836
knn,15,2021-2022,149-1,teste_135.csv,1,2022-02-01,2,1,1,0.7142857142857143,135,0.6518518518518519
knn,15,2021-2022,150-1,teste_136.csv,1,2022-02-02,2,1,1,0.7142857142857143,136,0.6544117647058824
knn,15,2021-2022,151-1,teste_137.csv,1,2022-02-02,2,1,1,0.8571428571428571,137,0.656934306569343
knn,15,2021-2022,152-1,teste_138.csv,1,2022-02-03,2,0,1,0.7142857142857143,138,0.6521739130434783
knn,15,2021-2022,153-1,teste_139.csv,1,2022-02-03,2,0,1,0.5714285714285714,139,0.6474820143884892
knn,15,2021-2022,154-1,teste_140.csv,1,2022-02-03,2,1,1,0.8571428571428571,140,0.65
knn,15,2021-2022,155-1,teste_141.csv,1,2022-02-03,2,1,0,0.4285714285714285,141,0.6453900709219859
knn,15,2021-2022,156-1,teste_142.csv,1,2022-02-04,2,1,1,1.0,142,0.647887323943662
knn,15,2021-2022,157-1,teste_143.csv,1,2022-02-05,2,0,0,0.4285714285714285,143,0.6503496503496503
knn,15,2021-2022,158-1,teste_144.csv,1,2022-02-05,2,1,1,0.8571428571428571,144,0.6527777777777778
knn,15,2021-2022,159-1,teste_145.csv,1,2022-02-05,2,1,0,0.2857142857142857,145,0.6482758620689655
knn,15,2021-2022,160-1,teste_146.csv,1,2022-02-06,2,0,1,0.7142857142857143,146,0.6438356164383562
knn,15,2021-2022,161-1,teste_147.csv,1,2022-02-07,3,1,1,1.0,147,0.6462585034013606
knn,15,2021-2022,162-1,teste_148.csv,1,2022-02-07,3,0,1,0.5714285714285714,148,0.6418918918918919
knn,15,2021-2022,163-1,teste_149.csv,1,2022-02-08,3,0,1,0.5714285714285714,149,0.6375838926174496
knn,15,2021-2022,164-1,teste_150.csv,1,2022-02-09,3,1,1,0.8571428571428571,150,0.64
knn,15,2021-2022,165-1,teste_151.csv,1,2022-02-09,3,1,0,0.4285714285714285,151,0.6357615894039735
knn,15,2021-2022,166-1,teste_152.csv,1,2022-02-09,3,1,1,0.7142857142857143,152,0.6381578947368421
knn,15,2021-2022,167-1,teste_153.csv,1,2022-02-10,3,1,1,0.5714285714285714,153,0.6405228758169934
knn,15,2021-2022,168-1,teste_154.csv,1,2022-02-11,3,1,1,0.6666666666666666,154,0.6428571428571429
knn,15,2021-2022,169-1,teste_155.csv,1,2022-02-11,3,0,1,0.7142857142857143,155,0.6387096774193548
knn,15,2021-2022,170-1,teste_156.csv,1,2022-02-11,3,0,1,1.0,156,0.6346153846153846
knn,15,2021-2022,171-1,teste_157.csv,1,2022-02-12,3,1,1,1.0,157,0.6369426751592356
knn,15,2021-2022,172-1,teste_158.csv,1,2022-02-12,3,1,1,0.8571428571428571,158,0.6392405063291139
knn,15,2021-2022,173-1,teste_159.csv,1,2022-02-12,3,1,1,1.0,159,0.6415094339622641
knn,15,2021-2022,174-1,teste_160.csv,1,2022-02-13,3,1,0,0.3333333333333333,160,0.6375
knn,15,2021-2022,175-1,teste_161.csv,1,2022-02-14,4,1,1,1.0,161,0.639751552795031
knn,15,2021-2022,176-1,teste_162.csv,1,2022-02-15,4,1,1,1.0,162,0.6419753086419753
knn,15,2021-2022,177-1,teste_163.csv,1,2022-02-15,4,0,1,0.6666666666666666,163,0.6380368098159509
knn,15,2021-2022,178-1,teste_164.csv,1,2022-02-17,4,1,1,1.0,164,0.6402439024390244
knn,15,2021-2022,179-1,teste_165.csv,1,2022-02-17,4,1,1,0.8,165,0.6424242424242425
knn,15,2021-2022,180-1,teste_166.csv,1,2022-02-17,4,1,0,0.4,166,0.6385542168674698
knn,15,2021-2022,181-1,teste_167.csv,1,2022-02-18,4,1,1,0.6666666666666666,167,0.6407185628742516
knn,15,2021-2022,182-1,teste_168.csv,1,2022-02-18,4,1,1,1.0,168,0.6428571428571429
knn,15,2021-2022,183-1,teste_169.csv,1,2022-02-18,4,0,1,0.8,169,0.6390532544378699
knn,15,2021-2022,184-1,teste_170.csv,1,2022-02-19,4,0,1,0.5555555555555556,170,0.6352941176470588
knn,15,2021-2022,185-1,teste_171.csv,1,2022-02-19,4,1,1,1.0,171,0.6374269005847953
knn,15,2021-2022,186-1,teste_172.csv,1,2022-02-19,4,0,1,0.8,172,0.6337209302325582
knn,15,2021-2022,187-1,teste_173.csv,1,2022-02-20,4,1,1,0.5555555555555556,173,0.6358381502890174
knn,15,2021-2022,188-1,teste_174.csv,1,2022-02-20,4,1,1,0.6666666666666666,174,0.6379310344827587
knn,15,2021-2022,189-1,teste_175.csv,1,2022-02-20,4,0,1,0.7777777777777778,175,0.6342857142857142
knn,15,2021-2022,190-1,teste_176.csv,1,2022-02-20,4,0,1,1.0,176,0.6306818181818182
knn,15,2021-2022,191-1,teste_177.csv,1,2022-03-02,5,1,1,1.0,177,0.632768361581921
knn,15,2021-2022,192-1,teste_178.csv,1,2022-03-02,5,1,1,1.0,178,0.6348314606741573
knn,15,2021-2022,193-1,teste_179.csv,1,2022-03-02,5,1,1,0.8571428571428571,179,0.6368715083798883
knn,15,2021-2022,194-1,teste_180.csv,1,2022-03-02,5,0,1,0.5714285714285714,180,0.6333333333333333
knn,15,2021-2022,195-1,teste_181.csv,1,2022-03-03,5,1,1,1.0,181,0.6353591160220995
knn,15,2021-2022,196-1,teste_182.csv,1,2022-03-04,5,0,1,0.6,182,0.6318681318681318
knn,15,2021-2022,197-1,teste_183.csv,1,2022-03-04,5,1,1,0.6,183,0.6338797814207651
knn,15,2021-2022,198-1,teste_184.csv,1,2022-03-04,5,1,1,1.0,184,0.6358695652173914
knn,15,2021-2022,199-1,teste_185.csv,1,2022-03-04,5,1,1,0.8,185,0.6378378378378379
knn,15,2021-2022,200-1,teste_186.csv,1,2022-03-05,5,1,1,1.0,186,0.6397849462365591
knn,15,2021-2022,201-1,teste_187.csv,1,2022-03-05,5,0,0,0.4,187,0.6417112299465241
knn,15,2021-2022,202-1,teste_188.csv,1,2022-03-06,5,0,1,0.6,188,0.6382978723404256
knn,15,2021-2022,203-1,teste_189.csv,1,2022-03-06,5,1,1,0.6,189,0.6402116402116402
knn,15,2021-2022,204-1,teste_190.csv,1,2022-03-07,6,0,0,0.2,190,0.6421052631578947
knn,15,2021-2022,205-1,teste_191.csv,1,2022-03-07,6,1,1,0.8571428571428571,191,0.643979057591623
knn,15,2021-2022,206-1,teste_192.csv,1,2022-03-08,6,0,0,0.4285714285714285,192,0.6458333333333334
knn,15,2021-2022,207-1,teste_193.csv,1,2022-03-09,6,1,1,1.0,193,0.6476683937823834
knn,15,2021-2022,208-1,teste_194.csv,1,2022-03-10,6,1,1,0.6,194,0.6494845360824743
knn,15,2021-2022,209-1,teste_195.csv,1,2022-03-10,6,0,0,0.238650074155763,195,0.6512820512820513
knn,15,2021-2022,210-1,teste_196.csv,1,2022-03-11,6,1,1,1.0,196,0.6530612244897959
knn,15,2021-2022,211-1,teste_197.csv,1,2022-03-11,6,1,1,0.6666666666666666,197,0.6548223350253807
knn,15,2021-2022,212-1,teste_198.csv,1,2022-03-12,6,1,1,1.0,198,0.6565656565656566
knn,15,2021-2022,213-1,teste_199.csv,1,2022-03-12,6,0,1,0.6666666666666666,199,0.6532663316582915
knn,15,2021-2022,214-1,teste_200.csv,1,2022-03-12,6,1,0,0.3333333333333333,200,0.65
knn,15,2021-2022,215-1,teste_201.csv,1,2022-03-12,6,0,0,0.3333333333333333,201,0.6517412935323383
knn,15,2021-2022,216-1,teste_202.csv,1,2022-03-14,7,0,1,0.6363636363636364,202,0.6485148514851485
knn,15,2021-2022,217-1,teste_203.csv,1,2022-03-14,7,0,0,0.2727272727272727,203,0.6502463054187192
knn,15,2021-2022,218-1,teste_204.csv,1,2022-03-14,7,0,1,0.5454545454545454,204,0.6470588235294118
knn,15,2021-2022,219-1,teste_205.csv,1,2022-03-15,7,1,0,0.1818181818181818,205,0.6439024390243903
knn,15,2021-2022,220-1,teste_206.csv,1,2022-03-16,7,0,0,0.4545454545454545,206,0.6456310679611651
knn,15,2021-2022,221-1,teste_207.csv,1,2022-03-18,4,1,1,0.9090909090909092,207,0.6473429951690821
knn,15,2021-2022,222-1,teste_208.csv,1,2022-03-22,8,1,1,0.9090909090909092,208,0.6490384615384616
knn,15,2021-2022,223-1,teste_209.csv,1,2022-03-23,8,0,1,0.6666666666666666,209,0.645933014354067
knn,15,2021-2022,224-1,teste_210.csv,1,2022-03-24,8,1,1,1.0,210,0.6476190476190476
knn,15,2021-2022,225-1,teste_211.csv,1,2022-03-24,8,1,1,1.0,211,0.6492890995260664
knn,15,2021-2022,226-1,teste_212.csv,1,2022-03-24,8,1,0,0.4545454545454545,212,0.6462264150943396
knn,15,2021-2022,227-1,teste_213.csv,1,2022-03-24,8,0,1,0.6666666666666666,213,0.6431924882629108
knn,15,2021-2022,228-1,teste_214.csv,1,2022-03-25,8,1,1,0.5555555555555556,214,0.6448598130841121
knn,15,2021-2022,229-1,teste_215.csv,1,2022-03-26,8,1,1,1.0,215,0.6465116279069767
knn,15,2021-2022,230-1,teste_216.csv,1,2022-03-26,8,0,0,0.4444444444444444,216,0.6481481481481481
knn,15,2021-2022,231-1,teste_217.csv,1,2022-03-26,8,0,1,0.6666666666666666,217,0.6451612903225806
knn,15,2021-2022,232-1,teste_218.csv,1,2022-03-27,8,0,0,0.4444444444444444,218,0.6467889908256881
knn,15,2021-2022,233-1,teste_219.csv,1,2022-03-27,8,1,0,0.4444444444444444,219,0.6438356164383562
knn,15,2021-2022,234-1,teste_220.csv,1,2022-03-28,9,1,0,0.1111111111111111,220,0.6409090909090909
knn,15,2021-2022,235-1,teste_221.csv,1,2022-03-29,9,0,0,0.3333333333333333,221,0.6425339366515838
knn,15,2021-2022,236-1,teste_222.csv,1,2022-03-29,9,1,1,0.5555555555555556,222,0.6441441441441441
knn,15,2021-2022,237-1,teste_223.csv,1,2022-03-31,9,0,0,0.4444444444444444,223,0.6457399103139013
knn,15,2021-2022,238-1,teste_224.csv,1,2022-03-31,9,1,1,1.0,224,0.6473214285714286
knn,15,2021-2022,239-1,teste_225.csv,1,2022-04-02,9,1,1,0.6666666666666666,225,0.6488888888888888
knn,15,2021-2022,240-1,teste_226.csv,1,2022-04-02,9,0,0,0.3333333333333333,226,0.6504424778761062
knn,15,2021-2022,241-1,teste_227.csv,1,2022-04-02,9,1,0,0.3333333333333333,227,0.6475770925110133
knn,15,2021-2022,242-1,teste_228.csv,1,2022-04-04,10,1,0,0.4194379230488804,228,0.6447368421052632
knn,15,2021-2022,243-1,teste_229.csv,1,2022-04-04,10,0,1,0.5413978867359256,229,0.6419213973799127
knn,15,2021-2022,244-1,teste_230.csv,1,2022-04-04,10,0,1,0.6666666666666666,230,0.6391304347826087
knn,15,2021-2022,245-1,teste_231.csv,1,2022-04-05,10,1,1,0.8468212993127496,231,0.6406926406926406
knn,15,2021-2022,246-1,teste_232.csv,1,2022-04-05,10,1,1,0.5511803000565536,232,0.6422413793103449
knn,15,2021-2022,247-1,teste_233.csv,1,2022-04-06,10,1,1,0.6571715645947873,233,0.6437768240343348
knn,15,2021-2022,248-1,teste_234.csv,1,2022-04-06,10,1,1,0.7272727272727273,234,0.6452991452991453
knn,15,2021-2022,249-1,teste_235.csv,1,2022-04-07,10,1,0,0.471615858770928,235,0.6425531914893617
knn,15,2021-2022,250-1,teste_236.csv,1,2022-04-07,10,1,1,1.0,236,0.6440677966101694
knn,15,2021-2022,251-1,teste_237.csv,1,2022-04-08,10,0,1,1.0,237,0.6413502109704642
knn,15,2021-2022,252-1,teste_238.csv,1,2022-04-08,10,0,0,0.4545454545454545,238,0.6428571428571429
knn,15,2021-2022,253-1,teste_239.csv,1,2022-04-09,10,1,0,0.4545454545454545,239,0.6401673640167364
knn,15,2021-2022,254-1,teste_240.csv,1,2022-04-11,11,0,1,0.7272727272727273,240,0.6375
knn,15,2021-2022,255-1,teste_241.csv,1,2022-04-12,11,1,1,0.5454545454545454,241,0.6390041493775933
knn,15,2021-2022,256-1,teste_242.csv,1,2022-04-12,11,0,0,0.4545454545454545,242,0.640495867768595
knn,15,2021-2022,257-1,teste_243.csv,1,2022-04-13,11,0,1,0.8181818181818182,243,0.6378600823045267
knn,15,2021-2022,258-1,teste_244.csv,1,2022-04-13,11,1,1,0.8181818181818182,244,0.639344262295082
knn,15,2021-2022,259-1,teste_245.csv,1,2022-04-13,11,0,0,0.4545454545454545,245,0.6408163265306123
knn,15,2021-2022,260-1,teste_246.csv,1,2022-04-14,11,0,1,0.5454545454545454,246,0.6382113821138211
knn,15,2021-2022,261-1,teste_247.csv,1,2022-04-14,11,0,0,0.4545454545454545,247,0.6396761133603239
knn,15,2021-2022,262-1,teste_248.csv,1,2022-04-14,11,1,0,0.3636363636363636,248,0.6370967741935484
knn,15,2021-2022,263-1,teste_249.csv,1,2022-04-14,11,0,1,0.5454545454545454,249,0.6345381526104418
knn,15,2021-2022,264-1,teste_250.csv,1,2022-04-15,11,1,1,0.6363636363636364,250,0.636
knn,15,2021-2022,265-1,teste_251.csv,1,2022-04-15,11,1,0,0.4545454545454545,251,0.6334661354581673
knn,15,2021-2022,266-1,teste_252.csv,1,2022-04-16,11,0,1,0.7272727272727273,252,0.6309523809523809
knn,15,2021-2022,267-1,teste_253.csv,1,2022-04-16,11,0,0,0.4545454545454545,253,0.6324110671936759
knn,15,2021-2022,268-1,teste_254.csv,1,2022-04-16,11,1,0,0.2727272727272727,254,0.6299212598425197
knn,15,2021-2022,269-1,teste_255.csv,1,2022-04-18,7,1,1,0.7777777777777778,255,0.6313725490196078
knn,15,2021-2022,270-1,teste_256.csv,1,2022-04-19,1,0,0,0.3333333333333333,256,0.6328125
knn,15,2021-2022,271-1,teste_257.csv,1,2022-04-19,1,1,0,0.3636363636363636,257,0.6303501945525292
knn,15,2021-2022,272-1,teste_258.csv,1,2022-04-20,1,1,1,0.6363636363636364,258,0.6317829457364341
knn,15,2021-2022,273-1,teste_259.csv,1,2022-04-20,1,0,1,0.6363636363636364,259,0.6293436293436293
knn,15,2021-2022,274-1,teste_260.csv,1,2022-04-22,2,1,1,0.6363636363636364,260,0.6307692307692307
knn,15,2021-2022,275-1,teste_261.csv,1,2022-04-22,2,1,1,0.8181818181818182,261,0.632183908045977
knn,15,2021-2022,276-1,teste_262.csv,1,2022-04-23,2,1,1,0.5454545454545454,262,0.6335877862595419
knn,15,2021-2022,277-1,teste_263.csv,1,2022-04-23,2,1,1,0.7272727272727273,263,0.6349809885931559
knn,15,2021-2022,278-1,teste_264.csv,1,2022-04-24,3,1,1,0.9090909090909092,264,0.6363636363636364
knn,15,2021-2022,279-1,teste_265.csv,1,2022-04-25,3,1,1,0.8181818181818182,265,0.6377358490566037
knn,15,2021-2022,280-1,teste_266.csv,1,2022-04-27,1,1,1,0.8181818181818182,266,0.6390977443609023
knn,15,2021-2022,281-1,teste_267.csv,1,2022-04-27,1,1,1,1.0,267,0.6404494382022472
knn,15,2021-2022,282-1,teste_268.csv,1,2022-04-28,1,1,1,1.0,268,0.6417910447761194
knn,15,2021-2022,283-1,teste_269.csv,1,2022-04-28,1,1,1,0.9090909090909092,269,0.6431226765799256
knn,15,2021-2022,284-1,teste_270.csv,1,2022-04-30,2,0,1,0.5454545454545454,270,0.6407407407407407
knn,15,2021-2022,285-1,teste_271.csv,1,2022-04-30,2,1,1,0.7272727272727273,271,0.6420664206642066
knn,15,2021-2022,286-1,teste_272.csv,1,2022-05-01,2,0,0,0.3636363636363636,272,0.6433823529411765
knn,15,2021-2022,287-1,teste_273.csv,1,2022-05-01,2,0,1,0.5454545454545454,273,0.6410256410256411
knn,15,2021-2022,288-1,teste_274.csv,1,2022-05-02,3,0,0,0.2727272727272727,274,0.6423357664233577
knn,15,2021-2022,289-1,teste_275.csv,1,2022-05-02,3,0,1,0.8181818181818182,275,0.64
knn,15,2021-2022,290-1,teste_276.csv,1,2022-05-03,3,0,0,0.3636363636363636,276,0.6413043478260869
knn,15,2021-2022,291-1,teste_277.csv,1,2022-05-03,3,0,0,0.4545454545454545,277,0.6425992779783394
knn,15,2021-2022,292-1,teste_278.csv,1,2022-05-07,4,1,1,0.6363636363636364,278,0.6438848920863309
knn,15,2021-2022,293-1,teste_279.csv,1,2022-05-11,1,1,0,0.2727272727272727,279,0.6415770609318996
knn,15,2021-2022,294-1,teste_280.csv,1,2022-05-12,1,1,1,0.9090909090909092,280,0.6428571428571429
knn,15,2021-2022,295-1,teste_281.csv,1,2022-05-14,2,1,1,0.5454545454545454,281,0.6441281138790036
knn,15,2021-2022,296-1,teste_282.csv,1,2022-05-15,2,0,0,0.4545454545454545,282,0.6453900709219859
knn,15,2021-2022,297-1,teste_283.csv,1,2022-05-16,3,0,1,0.5454545454545454,283,0.6431095406360424
knn,15,2021-2022,298-1,teste_284.csv,1,2022-05-17,3,0,0,0.4545454545454545,284,0.6443661971830986
knn,15,2021-2022,299-1,teste_285.csv,1,2022-05-21,4,1,1,0.5454545454545454,285,0.6456140350877193
knn,15,2021-2022,300-1,teste_286.csv,1,2022-05-28,1,1,1,0.5454545454545454,286,0.6468531468531469
knn,15,2021-2022,301-1,teste_287.csv,1,2022-06-02,2,0,0,0.4444444444444444,287,0.6480836236933798
knn,15,2021-2022,302-1,teste_288.csv,1,2022-06-04,3,1,0,0.4444444444444444,288,0.6458333333333334
knn,15,2022-2023,15-1,teste_1.csv,1,2022-10-22,2,1,0,0.3020858189403218,1,0.0
knn,15,2022-2023,16-1,teste_2.csv,1,2022-10-22,2,0,0,0.2,2,0.5
knn,15,2022-2023,17-1,teste_3.csv,1,2022-10-22,2,0,0,0.2,3,0.6666666666666666
knn,15,2022-2023,18-1,teste_4.csv,1,2022-10-24,3,1,0,0.1446899888587919,4,0.5
knn,15,2022-2023,19-1,teste_5.csv,1,2022-10-24,3,0,0,0.2857142857142857,5,0.6
knn,15,2022-2023,20-1,teste_6.csv,1,2022-10-24,3,0,0,0.1184255199348456,6,0.6666666666666666
knn,15,2022-2023,21-1,teste_7.csv,1,2022-10-25,3,1,0,0.2857142857142857,7,0.5714285714285714
knn,15,2022-2023,22-1,teste_8.csv,1,2022-10-25,3,1,0,0.1428571428571428,8,0.5
knn,15,2022-2023,23-1,teste_9.csv,1,2022-10-26,3,0,0,0.3848820644018054,9,0.5555555555555556
knn,15,2022-2023,24-1,teste_10.csv,1,2022-10-27,3,1,0,0.2857142857142857,10,0.5
knn,15,2022-2023,25-1,teste_11.csv,1,2022-10-27,3,1,0,0.4545454545454545,11,0.4545454545454545
knn,15,2022-2023,26-1,teste_12.csv,1,2022-10-27,3,1,0,0.4444444444444444,12,0.4166666666666667
knn,15,2022-2023,27-1,teste_13.csv,1,2022-10-28,3,1,1,0.8,13,0.4615384615384615
knn,15,2022-2023,28-1,teste_14.csv,1,2022-10-28,3,0,1,0.6,14,0.4285714285714285
knn,15,2022-2023,29-1,teste_15.csv,1,2022-10-29,3,1,1,0.6,15,0.4666666666666667
knn,15,2022-2023,30-1,teste_16.csv,1,2022-10-29,3,0,1,0.6,16,0.4375
knn,15,2022-2023,31-1,teste_17.csv,1,2022-10-31,4,1,0,0.4,17,0.4117647058823529
knn,15,2022-2023,32-1,teste_18.csv,1,2022-11-01,4,0,0,0.4444444444444444,18,0.4444444444444444
knn,15,2022-2023,33-1,teste_19.csv,1,2022-11-01,4,1,0,0.1428571428571428,19,0.4210526315789473
knn,15,2022-2023,34-1,teste_20.csv,1,2022-11-01,4,1,0,0.3333333333333333,20,0.4
knn,15,2022-2023,35-1,teste_21.csv,1,2022-11-02,4,0,1,0.5714033459503368,21,0.3809523809523809
knn,15,2022-2023,36-1,teste_22.csv,1,2022-11-03,4,0,0,0.3294078013539095,22,0.4090909090909091
knn,15,2022-2023,37-1,teste_23.csv,1,2022-11-03,4,0,0,0.3569975301017875,23,0.4347826086956521
knn,15,2022-2023,38-1,teste_24.csv,1,2022-11-03,4,1,0,0.2857142857142857,24,0.4166666666666667
knn,15,2022-2023,39-1,teste_25.csv,1,2022-11-03,4,1,1,0.5454545454545454,25,0.44
knn,15,2022-2023,40-1,teste_26.csv,1,2022-11-03,4,1,1,0.5059618224723008,26,0.4615384615384615
knn,15,2022-2023,41-1,teste_27.csv,1,2022-11-04,4,0,1,0.6698055839414756,27,0.4444444444444444
knn,15,2022-2023,42-1,teste_28.csv,1,2022-11-05,4,1,1,0.6666666666666666,28,0.4642857142857143
knn,15,2022-2023,43-1,teste_29.csv,1,2022-11-05,4,1,1,0.594214022707226,29,0.4827586206896552
knn,15,2022-2023,44-1,teste_30.csv,1,2022-11-05,4,1,1,0.5473074933095949,30,0.5
knn,15,2022-2023,45-1,teste_31.csv,1,2022-11-05,4,0,1,0.6112028851639779,31,0.4838709677419355
knn,15,2022-2023,46-1,teste_32.csv,1,2022-11-15,5,0,1,0.6666666666666666,32,0.46875
knn,15,2022-2023,47-1,teste_33.csv,1,2022-11-17,5,0,0,0.3333333333333333,33,0.4848484848484848
knn,15,2022-2023,48-1,teste_34.csv,1,2022-11-17,5,1,1,0.6666666666666666,34,0.5
knn,15,2022-2023,49-1,teste_35.csv,1,2022-11-17,5,1,0,0.4,35,0.4857142857142857
knn,15,2022-2023,50-1,teste_36.csv,1,2022-11-17,5,1,0,0.3333333333333333,36,0.4722222222222222
knn,15,2022-2023,51-1,teste_37.csv,1,2022-11-17,5,0,1,0.6666666666666666,37,0.4594594594594595
knn,15,2022-2023,52-1,teste_38.csv,1,2022-11-17,5,1,1,0.6666666666666666,38,0.4736842105263157
knn,15,2022-2023,53-1,teste_39.csv,1,2022-11-18,5,0,0,0.4285714285714285,39,0.4871794871794871
knn,15,2022-2023,54-1,teste_40.csv,1,2022-11-19,5,1,1,0.6666666666666666,40,0.5
knn,15,2022-2023,55-1,teste_41.csv,1,2022-11-19,5,1,1,0.8181818181818182,41,0.5121951219512195
knn,15,2022-2023,56-1,teste_42.csv,1,2022-11-19,5,1,1,0.7142857142857143,42,0.5238095238095238
knn,15,2022-2023,57-1,teste_43.csv,1,2022-11-19,5,0,0,0.3787048665174365,43,0.5348837209302325
knn,15,2022-2023,58-1,teste_44.csv,1,2022-11-19,5,1,1,0.6013671818767893,44,0.5454545454545454
knn,15,2022-2023,59-1,teste_45.csv,1,2022-11-21,6,1,1,0.6363636363636364,45,0.5555555555555556
knn,15,2022-2023,60-1,teste_46.csv,1,2022-11-21,6,1,1,0.8181818181818182,46,0.5652173913043478
knn,15,2022-2023,61-1,teste_47.csv,1,2022-11-22,6,1,1,1.0,47,0.574468085106383
knn,15,2022-2023,62-1,teste_48.csv,1,2022-11-22,6,0,1,0.8102893366800519,48,0.5625
knn,15,2022-2023,63-1,teste_49.csv,1,2022-11-23,6,1,1,0.7133089691697989,49,0.5714285714285714
knn,15,2022-2023,64-1,teste_50.csv,1,2022-11-23,6,1,1,0.8583681393077538,50,0.58
knn,15,2022-2023,65-1,teste_51.csv,1,2022-11-23,6,0,1,1.0,51,0.5686274509803921
knn,15,2022-2023,66-1,teste_52.csv,1,2022-11-23,6,0,0,0.3333333333333333,52,0.5769230769230769
knn,15,2022-2023,67-1,teste_53.csv,1,2022-11-25,6,0,1,0.7936345167535733,53,0.5660377358490566
knn,15,2022-2023,68-1,teste_54.csv,1,2022-11-25,6,1,1,0.8595059124448673,54,0.5740740740740741
knn,15,2022-2023,69-1,teste_55.csv,1,2022-11-25,6,0,0,0.4,55,0.5818181818181818
knn,15,2022-2023,70-1,teste_56.csv,1,2022-11-25,6,1,0,0.425608158431646,56,0.5714285714285714
knn,15,2022-2023,71-1,teste_57.csv,1,2022-11-26,6,0,0,0.3843707514472597,57,0.5789473684210527
knn,15,2022-2023,72-1,teste_58.csv,1,2022-11-26,6,0,1,0.6923938938381173,58,0.5689655172413793
knn,15,2022-2023,73-1,teste_59.csv,1,2022-11-27,7,0,1,0.7610493248687716,59,0.559322033898305
knn,15,2022-2023,74-1,teste_60.csv,1,2022-11-29,7,1,1,0.8237771749649929,60,0.5666666666666667
knn,15,2022-2023,75-1,teste_61.csv,1,2022-11-29,7,1,1,0.738830210199936,61,0.5737704918032787
knn,15,2022-2023,76-1,teste_62.csv,1,2022-11-30,7,1,0,0.2664353994682338,62,0.5645161290322581
knn,15,2022-2023,77-1,teste_63.csv,1,2022-12-01,7,1,1,0.8307633274057314,63,0.5714285714285714
knn,15,2022-2023,78-1,teste_64.csv,1,2022-12-01,7,1,1,0.7751644007620635,64,0.578125
knn,15,2022-2023,79-1,teste_65.csv,1,2022-12-01,7,0,1,1.0,65,0.5692307692307692
knn,15,2022-2023,80-1,teste_66.csv,1,2022-12-01,7,1,1,1.0,66,0.5757575757575758
knn,15,2022-2023,81-1,teste_67.csv,1,2022-12-03,7,1,0,0.2857142857142857,67,0.5671641791044776
knn,15,2022-2023,82-1,teste_68.csv,1,2022-12-03,7,0,1,0.8571428571428571,68,0.5588235294117647
knn,15,2022-2023,83-1,teste_69.csv,1,2022-12-03,7,1,1,1.0,69,0.5652173913043478
knn,15,2022-2023,84-1,teste_70.csv,1,2022-12-03,7,1,1,1.0,70,0.5714285714285714
knn,15,2022-2023,85-1,teste_71.csv,1,2022-12-03,7,0,1,0.6666666666666666,71,0.5633802816901409
knn,15,2022-2023,86-1,teste_72.csv,1,2022-12-06,8,0,1,0.5555555555555556,72,0.5555555555555556
knn,15,2022-2023,87-1,teste_73.csv,1,2022-12-06,8,0,0,0.3333333333333333,73,0.5616438356164384
knn,15,2022-2023,88-1,teste_74.csv,1,2022-12-08,8,1,1,0.8181818181818182,74,0.5675675675675675
knn,15,2022-2023,89-1,teste_75.csv,1,2022-12-08,8,0,0,0.0,75,0.5733333333333334
knn,15,2022-2023,90-1,teste_76.csv,1,2022-12-08,8,0,0,0.3333333333333333,76,0.5789473684210527
knn,15,2022-2023,91-1,teste_77.csv,1,2022-12-08,8,0,0,0.3601049960456614,77,0.5844155844155844
knn,15,2022-2023,92-1,teste_78.csv,1,2022-12-10,8,1,0,0.4514210109335625,78,0.5769230769230769
knn,15,2022-2023,93-1,teste_79.csv,1,2022-12-10,8,0,0,0.3333333333333333,79,0.5822784810126582
knn,15,2022-2023,94-1,teste_80.csv,1,2022-12-10,8,0,0,0.2727272727272727,80,0.5875
knn,15,2022-2023,95-1,teste_81.csv,1,2022-12-13,9,1,1,1.0,81,0.5925925925925926
knn,15,2022-2023,96-1,teste_82.csv,1,2022-12-13,9,0,0,0.0,82,0.5975609756097561
knn,15,2022-2023,97-1,teste_83.csv,1,2022-12-13,9,0,0,0.3333333333333333,83,0.6024096385542169
knn,15,2022-2023,100-1,teste_86.csv,1,2022-12-15,9,0,0,0.2,84,0.6071428571428571
knn,15,2022-2023,101-1,teste_87.csv,1,2022-12-15,9,1,1,0.6,85,0.611764705882353
knn,15,2022-2023,98-1,teste_84.csv,1,2022-12-15,9,1,1,0.6666666666666666,86,0.6162790697674418
knn,15,2022-2023,99-1,teste_85.csv,1,2022-12-15,9,1,0,0.0,87,0.6091954022988506
knn,15,2022-2023,102-1,teste_88.csv,1,2022-12-17,9,0,0,0.2,88,0.6136363636363636
knn,15,2022-2023,103-1,teste_89.csv,1,2022-12-19,10,0,0,0.4285714285714285,89,0.6179775280898876
knn,15,2022-2023,104-1,teste_90.csv,1,2022-12-19,10,1,0,0.4,90,0.6111111111111112
knn,15,2022-2023,105-1,teste_91.csv,1,2022-12-19,10,0,0,0.3333333333333333,91,0.6153846153846154
knn,15,2022-2023,106-1,teste_92.csv,1,2022-12-19,10,0,0,0.4919871498818919,92,0.6195652173913043
knn,15,2022-2023,107-1,teste_93.csv,1,2022-12-20,10,1,1,0.5117762330811156,93,0.6236559139784946
knn,15,2022-2023,108-1,teste_94.csv,1,2022-12-20,10,0,1,0.5067334736149106,94,0.6170212765957447
knn,15,2022-2023,109-1,teste_95.csv,1,2022-12-20,10,1,1,0.8175299956239418,95,0.6210526315789474
knn,15,2022-2023,110-1,teste_96.csv,1,2022-12-20,10,0,0,0.4301907362811386,96,0.625
knn,15,2022-2023,111-1,teste_97.csv,1,2022-12-21,10,0,0,0.2857142857142857,97,0.6288659793814433
knn,15,2022-2023,112-1,teste_98.csv,1,2022-12-21,10,1,0,0.2857142857142857,98,0.6224489795918368
knn,15,2022-2023,113-1,teste_99.csv,1,2022-12-21,10,1,0,0.3333333333333333,99,0.6161616161616161
knn,15,2022-2023,114-1,teste_100.csv,1,2022-12-21,10,1,0,0.3333333333333333,100,0.61
knn,15,2022-2023,115-1,teste_101.csv,1,2022-12-22,10,0,0,0.4285714285714285,101,0.6138613861386139
knn,15,2022-2023,116-1,teste_102.csv,1,2022-12-22,10,1,0,0.4444444444444444,102,0.6078431372549019
knn,15,2022-2023,117-1,teste_103.csv,1,2022-12-22,10,1,1,0.7142857142857143,103,0.6116504854368932
knn,15,2022-2023,118-1,teste_104.csv,1,2022-12-22,10,1,1,0.5714285714285714,104,0.6153846153846154
knn,15,2022-2023,119-1,teste_105.csv,1,2022-12-23,10,1,1,0.6363636363636364,105,0.6190476190476191
knn,15,2022-2023,120-1,teste_106.csv,1,2022-12-27,11,0,0,0.2727272727272727,106,0.6226415094339622
knn,15,2022-2023,121-1,teste_107.csv,1,2022-12-27,11,1,0,0.2857142857142857,107,0.616822429906542
knn,15,2022-2023,122-1,teste_108.csv,1,2022-12-27,11,1,1,1.0,108,0.6203703703703703
knn,15,2022-2023,123-1,teste_109.csv,1,2022-12-29,11,0,0,0.4285714285714285,109,0.6238532110091743
knn,15,2022-2023,124-1,teste_110.csv,1,2022-12-29,11,1,1,0.7142857142857143,110,0.6272727272727273
knn,15,2022-2023,125-1,teste_111.csv,1,2023-01-03,12,1,0,0.4285714285714285,111,0.6216216216216216
knn,15,2022-2023,126-1,teste_112.csv,1,2023-01-03,12,1,0,0.1428571428571428,112,0.6160714285714286
knn,15,2022-2023,127-1,teste_113.csv,1,2023-01-04,12,0,1,0.6363636363636364,113,0.6106194690265486
knn,15,2022-2023,128-1,teste_114.csv,1,2023-01-04,12,1,1,0.5454545454545454,114,0.6140350877192983
knn,15,2022-2023,129-1,teste_115.csv,1,2023-01-04,12,0,1,0.6363636363636364,115,0.6086956521739131
knn,15,2022-2023,130-1,teste_116.csv,1,2023-01-05,12,0,1,0.6363636363636364,116,0.603448275862069
knn,15,2022-2023,131-1,teste_117.csv,1,2023-01-05,12,0,0,0.3333333333333333,117,0.6068376068376068
knn,15,2022-2023,132-1,teste_118.csv,1,2023-01-05,12,0,1,0.5454545454545454,118,0.6016949152542372
knn,15,2022-2023,133-1,teste_119.csv,1,2023-01-06,12,1,1,0.7142857142857143,119,0.6050420168067226
knn,15,2022-2023,134-1,teste_120.csv,1,2023-01-06,12,0,0,0.4285714285714285,120,0.6083333333333333
knn,15,2022-2023,135-1,teste_121.csv,1,2023-01-06,12,0,0,0.3636363636363636,121,0.6115702479338843
knn,15,2022-2023,136-1,teste_122.csv,1,2023-01-08,1,1,1,0.6363636363636364,122,0.6147540983606558
knn,15,2022-2023,137-1,teste_123.csv,1,2023-01-09,1,0,0,0.3333333333333333,123,0.6178861788617886
knn,15,2022-2023,138-1,teste_124.csv,1,2023-01-09,1,0,1,0.6363636363636364,124,0.6129032258064516
knn,15,2022-2023,139-1,teste_125.csv,1,2023-01-10,1,1,1,1.0,125,0.616
knn,15,2022-2023,140-1,teste_126.csv,1,2023-01-10,1,1,0,0.3333333333333333,126,0.6111111111111112
knn,15,2022-2023,141-1,teste_127.csv,1,2023-01-10,1,1,0,0.3333333333333333,127,0.6062992125984252
knn,15,2022-2023,142-1,teste_128.csv,1,2023-01-10,1,1,1,0.6666666666666666,128,0.609375
knn,15,2022-2023,143-1,teste_129.csv,1,2023-01-11,1,0,1,0.6666666666666666,129,0.6046511627906976
knn,15,2022-2023,144-1,teste_130.csv,1,2023-01-11,1,1,0,0.3333333333333333,130,0.6
knn,15,2022-2023,145-1,teste_131.csv,1,2023-01-12,1,1,1,0.6666666666666666,131,0.6030534351145038
knn,15,2022-2023,146-1,teste_132.csv,1,2023-01-12,1,1,0,0.3333333333333333,132,0.5984848484848485
knn,15,2022-2023,147-1,teste_133.csv,1,2023-01-13,1,1,1,0.6666666666666666,133,0.6015037593984962
knn,15,2022-2023,148-1,teste_134.csv,1,2023-01-13,1,0,0,0.3333333333333333,134,0.6044776119402985
knn,15,2022-2023,149-1,teste_135.csv,1,2023-01-14,1,0,0,0.0,135,0.6074074074074074
knn,15,2022-2023,150-1,teste_136.csv,1,2023-01-16,2,1,1,0.6666666666666666,136,0.6102941176470589
knn,15,2022-2023,151-1,teste_137.csv,1,2023-01-16,2,1,1,0.6666666666666666,137,0.6131386861313869
knn,15,2022-2023,152-1,teste_138.csv,1,2023-01-16,2,0,1,0.6666666666666666,138,0.6086956521739131
knn,15,2022-2023,153-1,teste_139.csv,1,2023-01-17,2,0,0,0.3333333333333333,139,0.6115107913669064
knn,15,2022-2023,154-1,teste_140.csv,1,2023-01-17,2,0,0,0.4183302666515662,140,0.6142857142857143
knn,15,2022-2023,155-1,teste_141.csv,1,2023-01-17,2,0,0,0.3704724465850397,141,0.6170212765957447
knn,15,2022-2023,156-1,teste_142.csv,1,2023-01-18,2,1,1,0.6666666666666666,142,0.6197183098591549
knn,15,2022-2023,157-1,teste_143.csv,1,2023-01-18,2,1,1,0.9050218169863776,143,0.6223776223776224
knn,15,2022-2023,158-1,teste_144.csv,1,2023-01-18,2,0,0,0.3977647816220921,144,0.625
knn,15,2022-2023,159-1,teste_145.csv,1,2023-01-19,2,1,1,0.7176119781786512,145,0.6275862068965518
knn,15,2022-2023,160-1,teste_146.csv,1,2023-01-19,2,1,1,0.7971576909664914,146,0.6301369863013698
knn,15,2022-2023,161-1,teste_147.csv,1,2023-01-30,2,0,1,0.5339362171258053,147,0.6258503401360545
knn,15,2022-2023,162-1,teste_148.csv,1,2023-01-30,2,0,1,0.8571428571428571,148,0.6216216216216216
knn,15,2022-2023,163-1,teste_149.csv,1,2023-01-30,3,0,0,0.4968858452575915,149,0.6241610738255033
knn,15,2022-2023,164-1,teste_150.csv,1,2023-01-31,2,0,1,0.7142857142857143,150,0.62
knn,15,2022-2023,165-1,teste_151.csv,1,2023-01-31,2,0,0,0.2857142857142857,151,0.6225165562913907
knn,15,2022-2023,166-1,teste_152.csv,1,2023-01-31,2,1,1,0.8994576819253263,152,0.625
knn,15,2022-2023,167-1,teste_153.csv,1,2023-02-01,2,0,0,0.2653389092285345,153,0.6274509803921569
knn,15,2022-2023,168-1,teste_154.csv,1,2023-02-02,2,0,0,0.0983029523225166,154,0.6298701298701299
knn,15,2022-2023,169-1,teste_155.csv,1,2023-02-02,2,1,1,0.5555555555555556,155,0.632258064516129
knn,15,2022-2023,170-1,teste_156.csv,1,2023-02-02,2,0,0,0.3985008780807621,156,0.6346153846153846
knn,15,2022-2023,171-1,teste_157.csv,1,2023-02-03,2,0,1,0.7024505777039762,157,0.6305732484076433
knn,15,2022-2023,172-1,teste_158.csv,1,2023-02-04,2,1,1,0.728429066163542,158,0.6329113924050633
knn,15,2022-2023,173-1,teste_159.csv,1,2023-02-04,2,0,0,0.2385229304067154,159,0.6352201257861635
knn,15,2022-2023,174-1,teste_160.csv,1,2023-02-06,3,1,1,0.8002499025407926,160,0.6375
knn,15,2022-2023,175-1,teste_161.csv,1,2023-02-06,3,1,1,0.7030975756459774,161,0.639751552795031
knn,15,2022-2023,176-1,teste_162.csv,1,2023-02-06,3,1,0,0.2287882796190764,162,0.6358024691358025
knn,15,2022-2023,177-1,teste_163.csv,1,2023-02-07,3,0,1,0.626560898111266,163,0.6319018404907976
knn,15,2022-2023,178-1,teste_164.csv,1,2023-02-09,3,1,1,0.6399542018374337,164,0.6341463414634146
knn,15,2022-2023,179-1,teste_165.csv,1,2023-02-09,3,1,1,0.7231887884092026,165,0.6363636363636364
knn,15,2022-2023,180-1,teste_166.csv,1,2023-02-10,3,1,0,0.329459114532008,166,0.6325301204819277
knn,15,2022-2023,181-1,teste_167.csv,1,2023-02-11,3,1,1,0.6305267339108817,167,0.6347305389221557
knn,15,2022-2023,182-1,teste_168.csv,1,2023-02-12,4,0,1,0.5321435450271108,168,0.6309523809523809
knn,15,2022-2023,183-1,teste_169.csv,1,2023-02-12,4,0,0,0.1675465431860015,169,0.6331360946745562
knn,15,2022-2023,184-1,teste_170.csv,1,2023-02-13,4,1,1,0.6666666666666666,170,0.6352941176470588
knn,15,2022-2023,185-1,teste_171.csv,1,2023-02-14,4,1,0,0.4444444444444444,171,0.631578947368421
knn,15,2022-2023,186-1,teste_172.csv,1,2023-02-14,4,0,1,0.5555555555555556,172,0.627906976744186
knn,15,2022-2023,187-1,teste_173.csv,1,2023-02-14,4,0,0,0.2222222222222222,173,0.630057803468208
knn,15,2022-2023,188-1,teste_174.csv,1,2023-02-14,4,1,0,0.2222222222222222,174,0.6264367816091954
knn,15,2022-2023,189-1,teste_175.csv,1,2023-02-15,4,1,1,0.7777777777777778,175,0.6285714285714286
knn,15,2022-2023,190-1,teste_176.csv,1,2023-02-15,4,1,0,0.4444444444444444,176,0.625
knn,15,2022-2023,191-1,teste_177.csv,1,2023-02-16,4,0,0,0.2699532637069957,177,0.6271186440677966
knn,15,2022-2023,192-1,teste_178.csv,1,2023-02-16,4,1,0,0.3219778443958406,178,0.6235955056179775
knn,15,2022-2023,193-1,teste_179.csv,1,2023-02-16,4,0,1,0.55813834906613,179,0.6201117318435754
knn,15,2022-2023,195-1,teste_181.csv,1,2023-02-17,3,0,1,0.6840613833061863,180,0.6166666666666667
knn,15,2022-2023,194-1,teste_180.csv,1,2023-02-17,4,1,1,0.9116286900328467,181,0.6187845303867403
knn,15,2022-2023,196-1,teste_182.csv,1,2023-02-18,4,1,1,0.576598872619079,182,0.6208791208791209
knn,15,2022-2023,197-1,teste_183.csv,1,2023-02-18,4,1,0,0.1869502689235063,183,0.6174863387978142
knn,15,2022-2023,198-1,teste_184.csv,1,2023-03-01,5,1,1,0.6666666666666666,184,0.6195652173913043
knn,15,2022-2023,199-1,teste_185.csv,1,2023-03-01,5,1,1,1.0,185,0.6216216216216216
knn,15,2022-2023,200-1,teste_186.csv,1,2023-03-02,5,0,1,0.6666666666666666,186,0.6182795698924731
knn,15,2022-2023,201-1,teste_187.csv,1,2023-03-02,5,0,1,0.6666666666666666,187,0.6149732620320856
knn,15,2022-2023,202-1,teste_188.csv,1,2023-03-02,5,0,0,0.3333333333333333,188,0.6170212765957447
knn,15,2022-2023,203-1,teste_189.csv,1,2023-03-02,5,1,1,0.514833214332265,189,0.6190476190476191
knn,15,2022-2023,204-1,teste_190.csv,1,2023-03-03,5,0,1,1.0,190,0.6157894736842106
knn,15,2022-2023,205-1,teste_191.csv,1,2023-03-04,5,0,0,0.4444444444444444,191,0.6178010471204188
knn,15,2022-2023,206-1,teste_192.csv,1,2023-03-04,5,1,0,0.4285714285714285,192,0.6145833333333334
knn,15,2022-2023,207-1,teste_193.csv,1,2023-03-04,5,0,0,0.2857142857142857,193,0.616580310880829
knn,15,2022-2023,208-1,teste_194.csv,1,2023-03-04,5,1,0,0.2857142857142857,194,0.6134020618556701
knn,15,2022-2023,209-1,teste_195.csv,1,2023-03-06,6,1,1,0.7142857142857143,195,0.6153846153846154
knn,15,2022-2023,210-1,teste_196.csv,1,2023-03-06,6,1,0,0.4285714285714285,196,0.6122448979591837
knn,15,2022-2023,211-1,teste_197.csv,1,2023-03-06,6,0,0,0.1428571428571428,197,0.6142131979695431
knn,15,2022-2023,212-1,teste_198.csv,1,2023-03-07,6,1,0,0.4285714285714285,198,0.6111111111111112
knn,15,2022-2023,213-1,teste_199.csv,1,2023-03-09,6,1,1,0.5454545454545454,199,0.6130653266331658
knn,15,2022-2023,214-1,teste_200.csv,1,2023-03-09,6,1,1,0.5454545454545454,200,0.615
knn,15,2022-2023,215-1,teste_201.csv,1,2023-03-09,6,1,1,0.6363636363636364,201,0.6169154228855721
knn,15,2022-2023,216-1,teste_202.csv,1,2023-03-10,6,1,1,0.8181818181818182,202,0.6188118811881188
knn,15,2022-2023,217-1,teste_203.csv,1,2023-03-10,6,1,1,0.5714285714285714,203,0.6206896551724138
knn,15,2022-2023,218-1,teste_204.csv,1,2023-03-11,6,1,0,0.2857142857142857,204,0.6176470588235294
knn,15,2022-2023,219-1,teste_205.csv,1,2023-03-11,6,1,1,0.8571428571428571,205,0.6195121951219512
knn,15,2022-2023,220-1,teste_206.csv,1,2023-03-11,6,1,1,1.0,206,0.6213592233009708
knn,15,2022-2023,221-1,teste_207.csv,1,2023-03-13,7,1,1,0.8416055984047982,207,0.6231884057971014
knn,15,2022-2023,222-1,teste_208.csv,1,2023-03-13,7,1,1,0.6753660257419355,208,0.625
knn,15,2022-2023,223-1,teste_209.csv,1,2023-03-14,7,1,0,0.3873334696932972,209,0.6220095693779905
knn,15,2022-2023,224-1,teste_210.csv,1,2023-03-21,7,0,0,0.2222222222222222,210,0.6238095238095238
knn,15,2022-2023,225-1,teste_211.csv,1,2023-03-21,7,1,1,0.8165574044951331,211,0.6255924170616114
knn,15,2022-2023,226-1,teste_212.csv,1,2023-03-22,7,0,1,0.6389467121603665,212,0.6226415094339622
knn,15,2022-2023,227-1,teste_213.csv,1,2023-03-22,7,0,1,0.5149057833174226,213,0.6197183098591549
knn,15,2022-2023,228-1,teste_214.csv,1,2023-03-22,7,1,0,0.3661598378254597,214,0.616822429906542
knn,15,2022-2023,229-1,teste_215.csv,1,2023-03-23,7,0,0,0.3447004091411236,215,0.6186046511627907
knn,15,2022-2023,230-1,teste_216.csv,1,2023-03-23,7,0,1,0.5591497965654388,216,0.6157407407407407
knn,15,2022-2023,231-1,teste_217.csv,1,2023-03-23,7,0,0,0.445278236886551,217,0.6175115207373272
knn,15,2022-2023,232-1,teste_218.csv,1,2023-03-24,7,0,1,0.575054637312617,218,0.6146788990825688
knn,15,2022-2023,233-1,teste_219.csv,1,2023-03-24,7,0,1,0.5057413766595047,219,0.6118721461187214
knn,15,2022-2023,234-1,teste_220.csv,1,2023-03-24,7,1,0,0.3636363636363636,220,0.6090909090909091
knn,15,2022-2023,235-1,teste_221.csv,1,2023-03-25,7,0,0,0.3799907265886416,221,0.6108597285067874
knn,15,2022-2023,236-1,teste_222.csv,1,2023-03-27,8,0,0,0.42435818236042,222,0.6126126126126126
knn,15,2022-2023,237-1,teste_223.csv,1,2023-03-27,8,1,1,0.5705606841974951,223,0.6143497757847534
knn,15,2022-2023,238-1,teste_224.csv,1,2023-03-28,8,1,1,0.9274960947062906,224,0.6160714285714286
knn,15,2022-2023,239-1,teste_225.csv,1,2023-03-28,8,1,0,0.2857142857142857,225,0.6133333333333333
knn,15,2022-2023,240-1,teste_226.csv,1,2023-03-29,8,1,1,0.618258161044949,226,0.6150442477876106
knn,15,2022-2023,241-1,teste_227.csv,1,2023-03-30,8,1,1,0.5714285714285714,227,0.6167400881057269
knn,15,2022-2023,242-1,teste_228.csv,1,2023-03-30,8,0,1,0.5714285714285714,228,0.6140350877192983
knn,15,2022-2023,243-1,teste_229.csv,1,2023-03-30,8,0,0,0.489184925564012,229,0.6157205240174672
knn,15,2022-2023,244-1,teste_230.csv,1,2023-03-31,8,0,1,0.7317051105565787,230,0.6130434782608696
knn,15,2022-2023,245-1,teste_231.csv,1,2023-04-01,8,1,1,0.6840670240211597,231,0.6147186147186147
knn,15,2022-2023,246-1,teste_232.csv,1,2023-04-01,8,1,1,0.8277960718805086,232,0.6163793103448276
knn,15,2022-2023,247-1,teste_233.csv,1,2023-04-01,8,0,1,0.6170266663609271,233,0.6137339055793991
knn,15,2022-2023,248-1,teste_234.csv,1,2023-04-03,9,1,0,0.3434343719626337,234,0.6111111111111112
knn,15,2022-2023,249-1,teste_235.csv,1,2023-04-03,9,0,0,0.412167252568806,235,0.6127659574468085
knn,15,2022-2023,250-1,teste_236.csv,1,2023-04-04,9,0,0,0.0725565891081235,236,0.614406779661017
knn,15,2022-2023,251-1,teste_237.csv,1,2023-04-05,9,1,1,0.5319262204105358,237,0.6160337552742616
knn,15,2022-2023,252-1,teste_238.csv,1,2023-04-05,9,1,1,0.8214959579309994,238,0.6176470588235294
knn,15,2022-2023,253-1,teste_239.csv,1,2023-04-06,9,1,0,0.1735414935638513,239,0.6150627615062761
knn,15,2022-2023,254-1,teste_240.csv,1,2023-04-06,9,0,0,0.2424201469382988,240,0.6166666666666667
knn,15,2022-2023,255-1,teste_241.csv,1,2023-04-07,9,1,1,0.6363636363636364,241,0.6182572614107884
knn,15,2022-2023,256-1,teste_242.csv,1,2023-04-08,9,1,1,0.5454545454545454,242,0.6198347107438017
knn,15,2022-2023,257-1,teste_243.csv,1,2023-04-08,9,0,0,0.2727272727272727,243,0.6213991769547325
knn,15,2022-2023,258-1,teste_244.csv,1,2023-04-08,9,0,0,0.3636363636363636,244,0.6229508196721312
knn,15,2022-2023,259-1,teste_245.csv,1,2023-04-08,9,1,1,0.8181818181818182,245,0.6244897959183674
knn,15,2022-2023,260-1,teste_246.csv,1,2023-04-10,10,1,1,0.6363636363636364,246,0.6260162601626016
knn,15,2022-2023,261-1,teste_247.csv,1,2023-04-10,10,1,1,0.7272727272727273,247,0.6275303643724697
knn,15,2022-2023,262-1,teste_248.csv,1,2023-04-10,10,1,1,0.6363636363636364,248,0.6290322580645161
knn,15,2022-2023,263-1,teste_249.csv,1,2023-04-11,10,1,1,0.7272727272727273,249,0.6305220883534136
knn,15,2022-2023,264-1,teste_250.csv,1,2023-04-12,10,0,1,0.6363636363636364,250,0.628
knn,15,2022-2023,265-1,teste_251.csv,1,2023-04-12,10,0,0,0.4444444444444444,251,0.6294820717131474
knn,15,2022-2023,266-1,teste_252.csv,1,2023-04-13,10,1,1,0.7777777777777778,252,0.6309523809523809
knn,15,2022-2023,267-1,teste_253.csv,1,2023-04-13,10,1,1,0.5555555555555556,253,0.6324110671936759
knn,15,2022-2023,268-1,teste_254.csv,1,2023-04-14,10,1,1,0.6666666666666666,254,0.6338582677165354
knn,15,2022-2023,269-1,teste_255.csv,1,2023-04-15,10,1,1,0.5555555555555556,255,0.6352941176470588
knn,15,2022-2023,270-1,teste_256.csv,1,2023-04-15,10,1,1,0.8888888888888888,256,0.63671875
knn,15,2022-2023,271-1,teste_257.csv,1,2023-04-17,1,0,1,0.6363636363636364,257,0.6342412451361867
knn,15,2022-2023,272-1,teste_258.csv,1,2023-04-18,1,1,0,0.3636363636363636,258,0.6317829457364341
knn,15,2022-2023,273-1,teste_259.csv,1,2023-04-18,1,0,0,0.4545454545454545,259,0.6332046332046332
knn,15,2022-2023,274-1,teste_260.csv,1,2023-04-19,1,1,1,0.7272727272727273,260,0.6346153846153846
knn,15,2022-2023,275-1,teste_261.csv,1,2023-04-20,2,0,0,0.4545454545454545,261,0.6360153256704981
knn,15,2022-2023,276-1,teste_262.csv,1,2023-04-21,2,1,0,0.4545454545454545,262,0.6335877862595419
knn,15,2022-2023,277-1,teste_263.csv,1,2023-04-21,3,1,0,0.3636363636363636,263,0.6311787072243346
knn,15,2022-2023,278-1,teste_264.csv,1,2023-04-22,2,1,1,0.5454545454545454,264,0.6325757575757576
knn,15,2022-2023,279-1,teste_265.csv,1,2023-04-22,2,0,0,0.4545454545454545,265,0.6339622641509434
knn,15,2022-2023,280-1,teste_266.csv,1,2023-04-23,3,1,0,0.4545454545454545,266,0.631578947368421
knn,15,2022-2023,281-1,teste_267.csv,1,2023-04-27,1,1,1,0.6363636363636364,267,0.6329588014981273
knn,15,2022-2023,282-1,teste_268.csv,1,2023-04-27,1,1,1,0.7272727272727273,268,0.6343283582089553
knn,15,2022-2023,283-1,teste_269.csv,1,2023-04-28,1,1,1,0.6363636363636364,269,0.6356877323420075
knn,15,2022-2023,284-1,teste_270.csv,1,2023-04-29,1,0,1,0.6363636363636364,270,0.6333333333333333
knn,15,2022-2023,285-1,teste_271.csv,1,2023-04-30,2,1,1,1.0,271,0.6346863468634686
knn,15,2022-2023,286-1,teste_272.csv,1,2023-05-01,2,1,1,0.6666666666666666,272,0.6360294117647058
knn,15,2022-2023,287-1,teste_273.csv,1,2023-05-01,2,0,0,0.3333333333333333,273,0.6373626373626373
knn,15,2022-2023,288-1,teste_274.csv,1,2023-05-02,2,0,0,0.0,274,0.6386861313868614
knn,15,2022-2023,289-1,teste_275.csv,1,2023-05-02,3,0,1,1.0,275,0.6363636363636364
knn,15,2022-2023,290-1,teste_276.csv,1,2023-05-03,3,1,0,0.3333333333333333,276,0.6340579710144928
knn,15,2022-2023,291-1,teste_277.csv,1,2023-05-03,3,0,1,0.6666666666666666,277,0.631768953068592
knn,15,2022-2023,292-1,teste_278.csv,1,2023-05-04,3,1,0,0.3636363636363636,278,0.6294964028776978
knn,15,2022-2023,293-1,teste_279.csv,1,2023-05-06,4,1,1,0.6363636363636364,279,0.6308243727598566
knn,15,2022-2023,294-1,teste_280.csv,1,2023-05-06,4,1,1,0.5454545454545454,280,0.6321428571428571
knn,15,2022-2023,295-1,teste_281.csv,1,2023-05-07,4,0,1,0.9090909090909092,281,0.6298932384341637
knn,15,2022-2023,296-1,teste_282.csv,1,2023-05-07,4,1,1,0.6363636363636364,282,0.6312056737588653
knn,15,2022-2023,297-1,teste_283.csv,1,2023-05-09,5,1,1,0.6666666666666666,283,0.6325088339222615
knn,15,2022-2023,298-1,teste_284.csv,1,2023-05-09,5,1,1,0.6666666666666666,284,0.6338028169014085
knn,15,2022-2023,299-1,teste_285.csv,1,2023-05-12,1,0,1,0.6363636363636364,285,0.631578947368421
knn,15,2022-2023,300-1,teste_286.csv,1,2023-05-13,1,1,1,0.6363636363636364,286,0.6328671328671329
knn,15,2022-2023,301-1,teste_287.csv,1,2023-05-15,2,1,1,0.6363636363636364,287,0.6341463414634146
knn,15,2022-2023,302-1,teste_288.csv,1,2023-05-16,2,1,1,0.6666666666666666,288,0.6354166666666666
knn,15,2022-2023,303-1,teste_289.csv,1,2023-05-17,3,1,1,0.6363636363636364,289,0.6366782006920415
knn,15,2022-2023,304-1,teste_290.csv,1,2023-05-18,3,0,1,0.6363636363636364,290,0.6344827586206897
knn,15,2022-2023,305-1,teste_291.csv,1,2023-05-21,4,0,1,0.6363636363636364,291,0.6323024054982818
knn,15,2022-2023,306-1,teste_292.csv,1,2023-05-23,5,1,1,0.5454545454545454,292,0.6335616438356164
knn,15,2022-2023,307-1,teste_293.csv,1,2023-05-27,1,0,0,0.3333333333333333,293,0.6348122866894198
knn,15,2022-2023,308-1,teste_294.csv,1,2023-05-31,2,0,1,0.6666666666666666,294,0.6326530612244898
knn,15,2022-2023,309-1,teste_295.csv,1,2023-06-03,3,0,0,0.3333333333333333,295,0.6338983050847458
knn,15,2022-2023,310-1,teste_296.csv,1,2023-06-08,4,0,0,0.3333333333333333,296,0.6351351351351351
knn,15,2023-2024,15-1,teste_1.csv,1,2023-10-26,2,1,0,0.3264433244525168,1,0.0
knn,15,2023-2024,16-1,teste_2.csv,1,2023-10-26,2,1,1,0.6666666666666666,2,0.5
knn,15,2023-2024,17-1,teste_3.csv,1,2023-10-27,2,0,1,1.0,3,0.3333333333333333
knn,15,2023-2024,18-1,teste_4.csv,1,2023-10-27,2,0,1,0.6,4,0.25
knn,15,2023-2024,19-1,teste_5.csv,1,2023-10-28,2,1,0,0.3333333333333333,5,0.2
knn,15,2023-2024,20-1,teste_6.csv,1,2023-10-30,3,0,1,0.6,6,0.1666666666666666
knn,15,2023-2024,21-1,teste_7.csv,1,2023-10-30,3,1,1,0.8,7,0.2857142857142857
knn,15,2023-2024,22-1,teste_8.csv,1,2023-10-31,3,1,1,0.6,8,0.375
knn,15,2023-2024,23-1,teste_9.csv,1,2023-10-31,3,1,0,0.4,9,0.3333333333333333
knn,15,2023-2024,24-1,teste_10.csv,1,2023-11-01,3,0,1,0.6,10,0.3
knn,15,2023-2024,25-1,teste_11.csv,1,2023-11-02,3,1,1,0.6,11,0.3636363636363636
knn,15,2023-2024,26-1,teste_12.csv,1,2023-11-02,3,1,1,0.6,12,0.4166666666666667
knn,15,2023-2024,27-1,teste_13.csv,1,2023-11-03,3,0,1,0.7142857142857143,13,0.3846153846153846
knn,15,2023-2024,28-1,teste_14.csv,1,2023-11-04,3,0,0,0.4285714285714285,14,0.4285714285714285
knn,15,2023-2024,29-1,teste_15.csv,1,2023-11-04,3,1,0,0.4285714285714285,15,0.4
knn,15,2023-2024,30-1,teste_16.csv,1,2023-11-06,4,1,1,0.5454545454545454,16,0.4375
knn,15,2023-2024,31-1,teste_17.csv,1,2023-11-06,4,1,1,0.5555555555555556,17,0.4705882352941176
knn,15,2023-2024,32-1,teste_18.csv,1,2023-11-06,4,0,0,0.4059315629065876,18,0.5
knn,15,2023-2024,33-1,teste_19.csv,1,2023-11-07,4,1,1,0.645943682244819,19,0.5263157894736842
knn,15,2023-2024,34-1,teste_20.csv,1,2023-11-07,4,1,1,0.8137407891627138,20,0.55
knn,15,2023-2024,35-1,teste_21.csv,1,2023-11-07,4,1,1,0.5734296128057602,21,0.5714285714285714
knn,15,2023-2024,36-1,teste_22.csv,1,2023-11-08,4,0,1,0.7978626536347063,22,0.5454545454545454
knn,15,2023-2024,37-1,teste_23.csv,1,2023-11-08,4,0,0,0.4285608416146301,23,0.5652173913043478
knn,15,2023-2024,38-1,teste_24.csv,1,2023-11-08,4,1,0,0.3333333333333333,24,0.5416666666666666
knn,15,2023-2024,39-1,teste_25.csv,1,2023-11-09,4,0,1,1.0,25,0.52
knn,15,2023-2024,40-1,teste_26.csv,1,2023-11-09,4,1,1,0.6666666666666666,26,0.5384615384615384
knn,15,2023-2024,41-1,teste_27.csv,1,2023-11-09,4,0,1,0.6666666666666666,27,0.5185185185185185
knn,15,2023-2024,42-1,teste_28.csv,1,2023-11-09,4,0,1,0.6666666666666666,28,0.5
knn,15,2023-2024,43-1,teste_29.csv,1,2023-11-10,4,0,1,0.6666666666666666,29,0.4827586206896552
knn,15,2023-2024,44-1,teste_30.csv,1,2023-11-10,4,0,0,0.3333333333333333,30,0.5
knn,15,2023-2024,45-1,teste_31.csv,1,2023-11-10,4,0,0,0.0,31,0.5161290322580645
knn,15,2023-2024,46-1,teste_32.csv,1,2023-11-11,4,0,0,0.3333333333333333,32,0.53125
knn,15,2023-2024,47-1,teste_33.csv,1,2023-11-11,4,1,1,0.6666666666666666,33,0.5454545454545454
knn,15,2023-2024,48-1,teste_34.csv,1,2023-11-12,5,1,1,0.6666666666666666,34,0.5588235294117647
knn,15,2023-2024,49-1,teste_35.csv,1,2023-11-13,5,1,1,0.6666666666666666,35,0.5714285714285714
knn,15,2023-2024,50-1,teste_36.csv,1,2023-11-13,5,0,1,1.0,36,0.5555555555555556
knn,15,2023-2024,51-1,teste_37.csv,1,2023-11-13,5,1,1,1.0,37,0.5675675675675675
knn,15,2023-2024,52-1,teste_38.csv,1,2023-11-14,5,1,1,0.6666666666666666,38,0.5789473684210527
knn,15,2023-2024,53-1,teste_39.csv,1,2023-11-14,5,1,1,1.0,39,0.5897435897435898
knn,15,2023-2024,54-1,teste_40.csv,1,2023-11-14,5,1,1,0.6666666666666666,40,0.6
knn,15,2023-2024,55-1,teste_41.csv,1,2023-11-15,5,1,1,0.6666666666666666,41,0.6097560975609756
knn,15,2023-2024,56-1,teste_42.csv,1,2023-11-15,5,0,1,1.0,42,0.5952380952380952
knn,15,2023-2024,57-1,teste_43.csv,1,2023-11-15,5,1,0,0.3333333333333333,43,0.5813953488372093
knn,15,2023-2024,58-1,teste_44.csv,1,2023-11-16,5,1,1,1.0,44,0.5909090909090909
knn,15,2023-2024,59-1,teste_45.csv,1,2023-11-16,5,1,1,1.0,45,0.6
knn,15,2023-2024,60-1,teste_46.csv,1,2023-11-16,5,1,0,0.3333333333333333,46,0.5869565217391305
knn,15,2023-2024,61-1,teste_47.csv,1,2023-11-17,5,0,1,0.6666666666666666,47,0.574468085106383
knn,15,2023-2024,62-1,teste_48.csv,1,2023-11-17,5,0,1,0.6666666666666666,48,0.5625
knn,15,2023-2024,63-1,teste_49.csv,1,2023-11-17,5,0,1,1.0,49,0.5510204081632653
knn,15,2023-2024,64-1,teste_50.csv,1,2023-11-18,5,1,1,0.6666666666666666,50,0.56
knn,15,2023-2024,65-1,teste_51.csv,1,2023-11-18,5,0,1,0.6666666666666666,51,0.5490196078431373
knn,15,2023-2024,66-1,teste_52.csv,1,2023-11-19,6,1,1,0.6666666666666666,52,0.5576923076923077
knn,15,2023-2024,67-1,teste_53.csv,1,2023-11-20,6,1,0,0.0,53,0.5471698113207547
knn,15,2023-2024,68-1,teste_54.csv,1,2023-11-20,6,1,0,0.3333333333333333,54,0.5370370370370371
knn,15,2023-2024,69-1,teste_55.csv,1,2023-11-20,6,1,1,1.0,55,0.5454545454545454
knn,15,2023-2024,70-1,teste_56.csv,1,2023-11-21,6,1,1,1.0,56,0.5535714285714286
knn,15,2023-2024,71-1,teste_57.csv,1,2023-11-21,6,1,0,0.3333333333333333,57,0.543859649122807
knn,15,2023-2024,72-1,teste_58.csv,1,2023-11-22,6,1,1,1.0,58,0.5517241379310345
knn,15,2023-2024,73-1,teste_59.csv,1,2023-11-22,6,1,1,0.6666666666666666,59,0.559322033898305
knn,15,2023-2024,74-1,teste_60.csv,1,2023-11-22,6,1,0,0.3333333333333333,60,0.55
knn,15,2023-2024,75-1,teste_61.csv,1,2023-11-23,6,1,1,0.6666666666666666,61,0.5573770491803278
knn,15,2023-2024,76-1,teste_62.csv,1,2023-11-23,6,1,1,1.0,62,0.5645161290322581
knn,15,2023-2024,77-1,teste_63.csv,1,2023-11-23,6,0,1,0.6666666666666666,63,0.5555555555555556
knn,15,2023-2024,78-1,teste_64.csv,1,2023-11-23,6,0,1,1.0,64,0.546875
knn,15,2023-2024,79-1,teste_65.csv,1,2023-11-23,6,1,1,0.8571428571428571,65,0.5538461538461539
knn,15,2023-2024,80-1,teste_66.csv,1,2023-11-24,6,1,1,1.0,66,0.5606060606060606
knn,15,2023-2024,81-1,teste_67.csv,1,2023-11-24,6,1,1,0.7142857142857143,67,0.5671641791044776
knn,15,2023-2024,82-1,teste_68.csv,1,2023-11-25,6,1,1,0.8571428571428571,68,0.5735294117647058
knn,15,2023-2024,83-1,teste_69.csv,1,2023-11-25,6,0,1,0.5714285714285714,69,0.5652173913043478
knn,15,2023-2024,84-1,teste_70.csv,1,2023-11-25,6,0,0,0.4,70,0.5714285714285714
knn,15,2023-2024,85-1,teste_71.csv,1,2023-11-27,7,1,1,1.0,71,0.5774647887323944
knn,15,2023-2024,86-1,teste_72.csv,1,2023-11-27,7,1,1,0.6,72,0.5833333333333334
knn,15,2023-2024,87-1,teste_73.csv,1,2023-11-28,7,1,1,1.0,73,0.589041095890411
knn,15,2023-2024,88-1,teste_74.csv,1,2023-11-28,7,0,1,0.8,74,0.581081081081081
knn,15,2023-2024,89-1,teste_75.csv,1,2023-11-28,7,0,1,0.6,75,0.5733333333333334
knn,15,2023-2024,90-1,teste_76.csv,1,2023-11-29,7,1,1,0.8,76,0.5789473684210527
knn,15,2023-2024,91-1,teste_77.csv,1,2023-11-29,7,1,1,0.8,77,0.5844155844155844
knn,15,2023-2024,92-1,teste_78.csv,1,2023-11-29,7,0,1,1.0,78,0.5769230769230769
knn,15,2023-2024,93-1,teste_79.csv,1,2023-11-30,7,1,1,1.0,79,0.5822784810126582
knn,15,2023-2024,94-1,teste_80.csv,1,2023-11-30,7,1,1,1.0,80,0.5875
knn,15,2023-2024,95-1,teste_81.csv,1,2023-11-30,7,0,1,0.5555555555555556,81,0.5802469135802469
knn,15,2023-2024,96-1,teste_82.csv,1,2023-11-30,7,0,0,0.3333333333333333,82,0.5853658536585366
knn,15,2023-2024,97-1,teste_83.csv,1,2023-12-01,7,1,1,0.7777777777777778,83,0.5903614457831325
knn,15,2023-2024,98-1,teste_84.csv,1,2023-12-01,7,0,1,0.7777777777777778,84,0.5833333333333334
knn,15,2023-2024,100-1,teste_86.csv,1,2023-12-02,7,0,1,0.5555555555555556,85,0.5764705882352941
knn,15,2023-2024,101-1,teste_87.csv,1,2023-12-02,7,1,1,1.0,86,0.5813953488372093
knn,15,2023-2024,99-1,teste_85.csv,1,2023-12-02,7,1,1,0.7777777777777778,87,0.5862068965517241
knn,15,2023-2024,102-1,teste_88.csv,1,2023-12-04,8,0,0,0.4444444444444444,88,0.5909090909090909
knn,15,2023-2024,103-1,teste_89.csv,1,2023-12-04,8,0,1,0.6666666666666666,89,0.5842696629213483
knn,15,2023-2024,104-1,teste_90.csv,1,2023-12-04,8,1,1,0.8,90,0.5888888888888889
knn,15,2023-2024,105-1,teste_91.csv,1,2023-12-05,8,0,0,0.4,91,0.5934065934065934
knn,15,2023-2024,106-1,teste_92.csv,1,2023-12-05,8,0,1,1.0,92,0.5869565217391305
knn,15,2023-2024,107-1,teste_93.csv,1,2023-12-06,8,0,1,0.7272727272727273,93,0.5806451612903226
knn,15,2023-2024,108-1,teste_94.csv,1,2023-12-06,8,1,1,0.8181818181818182,94,0.5851063829787234
knn,15,2023-2024,109-1,teste_95.csv,1,2023-12-06,8,0,1,0.8181818181818182,95,0.5789473684210527
knn,15,2023-2024,110-1,teste_96.csv,1,2023-12-07,8,0,1,0.6363636363636364,96,0.5729166666666666
knn,15,2023-2024,111-1,teste_97.csv,1,2023-12-07,8,1,1,0.9090909090909092,97,0.5773195876288659
knn,15,2023-2024,112-1,teste_98.csv,1,2023-12-07,8,1,1,0.6363636363636364,98,0.5816326530612245
knn,15,2023-2024,113-1,teste_99.csv,1,2023-12-07,8,1,0,0.4285714285714285,99,0.5757575757575758
knn,15,2023-2024,114-1,teste_100.csv,1,2023-12-08,8,0,1,0.7272727272727273,100,0.57
knn,15,2023-2024,115-1,teste_101.csv,1,2023-12-08,8,1,1,0.7272727272727273,101,0.5742574257425742
knn,15,2023-2024,116-1,teste_102.csv,1,2023-12-09,8,0,1,0.7142857142857143,102,0.5686274509803921
knn,15,2023-2024,117-1,teste_103.csv,1,2023-12-09,8,1,0,0.4285714285714285,103,0.5631067961165048
knn,15,2023-2024,118-1,teste_104.csv,1,2023-12-09,8,1,1,0.8571428571428571,104,0.5673076923076923
knn,15,2023-2024,119-1,teste_105.csv,1,2023-12-09,8,1,1,0.7142857142857143,105,0.5714285714285714
knn,15,2023-2024,120-1,teste_106.csv,1,2023-12-09,8,0,1,0.8,106,0.5660377358490566
knn,15,2023-2024,121-1,teste_107.csv,1,2023-12-11,9,0,0,0.4285714285714285,107,0.5700934579439252
knn,15,2023-2024,122-1,teste_108.csv,1,2023-12-11,9,1,1,0.6,108,0.5740740740740741
knn,15,2023-2024,123-1,teste_109.csv,1,2023-12-12,9,1,1,0.8,109,0.5779816513761468
knn,15,2023-2024,124-1,teste_110.csv,1,2023-12-13,9,1,0,0.4,110,0.5727272727272728
knn,15,2023-2024,125-1,teste_111.csv,1,2023-12-14,9,1,0,0.1428571428571428,111,0.5675675675675675
knn,15,2023-2024,126-1,teste_112.csv,1,2023-12-16,9,0,1,0.5714285714285714,112,0.5625
knn,15,2023-2024,127-1,teste_113.csv,1,2023-12-16,9,1,1,0.8,113,0.5663716814159292
knn,15,2023-2024,128-1,teste_114.csv,1,2023-12-16,9,0,1,0.6,114,0.5614035087719298
knn,15,2023-2024,129-1,teste_115.csv,1,2023-12-18,10,0,0,0.2,115,0.5652173913043478
knn,15,2023-2024,130-1,teste_116.csv,1,2023-12-18,10,1,1,0.6,116,0.5689655172413793
knn,15,2023-2024,131-1,teste_117.csv,1,2023-12-18,10,1,1,0.8,117,0.5726495726495726
knn,15,2023-2024,132-1,teste_118.csv,1,2023-12-18,10,1,1,0.8,118,0.576271186440678
knn,15,2023-2024,133-1,teste_119.csv,1,2023-12-18,10,0,1,0.6,119,0.5714285714285714
knn,15,2023-2024,134-1,teste_120.csv,1,2023-12-19,10,0,0,0.2,120,0.575
knn,15,2023-2024,135-1,teste_121.csv,1,2023-12-20,10,1,1,0.6,121,0.5785123966942148
knn,15,2023-2024,136-1,teste_122.csv,1,2023-12-20,10,0,1,1.0,122,0.5737704918032787
knn,15,2023-2024,137-1,teste_123.csv,1,2023-12-20,10,0,1,1.0,123,0.5691056910569106
knn,15,2023-2024,138-1,teste_124.csv,1,2023-12-21,10,1,0,0.2,124,0.5645161290322581
knn,15,2023-2024,139-1,teste_125.csv,1,2023-12-21,10,0,0,0.2,125,0.568
knn,15,2023-2024,140-1,teste_126.csv,1,2023-12-21,10,0,0,0.0,126,0.5714285714285714
knn,15,2023-2024,141-1,teste_127.csv,1,2023-12-21,10,1,0,0.2,127,0.5669291338582677
knn,15,2023-2024,142-1,teste_128.csv,1,2023-12-21,10,1,1,1.0,128,0.5703125
knn,15,2023-2024,143-1,teste_129.csv,1,2023-12-22,10,1,1,0.8,129,0.5736434108527132
knn,15,2023-2024,144-1,teste_130.csv,1,2023-12-23,10,1,1,1.0,130,0.5769230769230769
knn,15,2023-2024,145-1,teste_131.csv,1,2023-12-23,10,0,0,0.2,131,0.5801526717557252
knn,15,2023-2024,146-1,teste_132.csv,1,2023-12-23,10,1,1,0.8,132,0.5833333333333334
knn,15,2023-2024,147-1,teste_133.csv,1,2023-12-23,10,0,0,0.0,133,0.5864661654135338
knn,15,2023-2024,148-1,teste_134.csv,1,2023-12-23,10,0,0,0.3333333333333333,134,0.5895522388059702
knn,15,2023-2024,149-1,teste_135.csv,1,2023-12-27,11,1,1,0.6666666666666666,135,0.5925925925925926
knn,15,2023-2024,150-1,teste_136.csv,1,2023-12-27,11,1,1,0.6666666666666666,136,0.5955882352941176
knn,15,2023-2024,151-1,teste_137.csv,1,2023-12-27,11,1,1,0.6666666666666666,137,0.5985401459854015
knn,15,2023-2024,152-1,teste_138.csv,1,2023-12-27,11,1,1,1.0,138,0.6014492753623188
knn,15,2023-2024,153-1,teste_139.csv,1,2023-12-27,11,1,1,1.0,139,0.60431654676259
knn,15,2023-2024,154-1,teste_140.csv,1,2023-12-27,11,0,1,0.6666666666666666,140,0.6
knn,15,2023-2024,155-1,teste_141.csv,1,2023-12-27,11,0,0,0.2,141,0.6028368794326241
knn,15,2023-2024,156-1,teste_142.csv,1,2023-12-27,11,1,1,0.6,142,0.6056338028169014
knn,15,2023-2024,157-1,teste_143.csv,1,2023-12-28,11,1,1,0.8,143,0.6083916083916084
knn,15,2023-2024,158-1,teste_144.csv,1,2023-12-29,11,1,0,0.4,144,0.6041666666666666
knn,15,2023-2024,159-1,teste_145.csv,1,2023-12-29,11,0,1,0.6,145,0.6
knn,15,2023-2024,160-1,teste_146.csv,1,2023-12-29,11,1,1,0.8,146,0.6027397260273972
knn,15,2023-2024,161-1,teste_147.csv,1,2023-12-29,11,1,1,0.6,147,0.6054421768707483
knn,15,2023-2024,162-1,teste_148.csv,1,2023-12-29,11,1,1,0.8,148,0.6081081081081081
knn,15,2023-2024,163-1,teste_149.csv,1,2023-12-29,11,1,1,0.8,149,0.610738255033557
knn,15,2023-2024,164-1,teste_150.csv,1,2023-12-29,11,0,1,0.6,150,0.6066666666666667
knn,15,2023-2024,165-1,teste_151.csv,1,2023-12-29,11,0,1,0.8,151,0.6026490066225165
knn,15,2023-2024,166-1,teste_152.csv,1,2024-01-03,12,0,0,0.3333333333333333,152,0.6052631578947368
knn,15,2023-2024,167-1,teste_153.csv,1,2024-01-03,12,0,0,0.0,153,0.6078431372549019
knn,15,2023-2024,168-1,teste_154.csv,1,2024-01-05,12,1,0,0.3333333333333333,154,0.6038961038961039
knn,15,2023-2024,169-1,teste_155.csv,1,2024-01-05,12,0,0,0.0,155,0.6064516129032258
knn,15,2023-2024,170-1,teste_156.csv,1,2024-01-05,12,0,0,0.3333333333333333,156,0.6089743589743589
knn,15,2023-2024,171-1,teste_157.csv,1,2024-01-06,1,0,1,0.5739404859125057,157,0.6050955414012739
knn,15,2023-2024,172-1,teste_158.csv,1,2024-01-06,1,0,0,0.3333333333333333,158,0.6075949367088608
knn,15,2023-2024,173-1,teste_159.csv,1,2024-01-08,1,0,0,0.3333333333333333,159,0.610062893081761
knn,15,2023-2024,174-1,teste_160.csv,1,2024-01-08,1,0,0,0.0,160,0.6125
knn,15,2023-2024,175-1,teste_161.csv,1,2024-01-08,1,1,1,0.6666666666666666,161,0.6149068322981367
knn,15,2023-2024,176-1,teste_162.csv,1,2024-01-08,1,1,1,0.6666666666666666,162,0.6172839506172839
knn,15,2023-2024,177-1,teste_163.csv,1,2024-01-08,1,0,0,0.4210182287599164,163,0.6196319018404908
knn,15,2023-2024,178-1,teste_164.csv,1,2024-01-09,1,1,0,0.4241563824208637,164,0.6158536585365854
knn,15,2023-2024,179-1,teste_165.csv,1,2024-01-09,1,0,0,0.3333333333333333,165,0.6181818181818182
knn,15,2023-2024,180-1,teste_166.csv,1,2024-01-10,1,0,0,0.4444444444444444,166,0.6204819277108434
knn,15,2023-2024,181-1,teste_167.csv,1,2024-01-11,1,1,0,0.3333333333333333,167,0.6167664670658682
knn,15,2023-2024,182-1,teste_168.csv,1,2024-01-11,1,1,1,0.6666666666666666,168,0.6190476190476191
knn,15,2023-2024,183-1,teste_169.csv,1,2024-01-12,1,1,0,0.4444444444444444,169,0.6153846153846154
knn,15,2023-2024,184-1,teste_170.csv,1,2024-01-13,1,0,1,0.5555555555555556,170,0.611764705882353
knn,15,2023-2024,185-1,teste_171.csv,1,2024-01-13,1,1,0,0.3333333333333333,171,0.6081871345029239
knn,15,2023-2024,186-1,teste_172.csv,1,2024-01-13,1,1,1,0.5555555555555556,172,0.6104651162790697
knn,15,2023-2024,187-1,teste_173.csv,1,2024-01-14,2,0,0,0.4444444444444444,173,0.6127167630057804
knn,15,2023-2024,188-1,teste_174.csv,1,2024-01-14,2,1,1,0.6666666666666666,174,0.6149425287356322
knn,15,2023-2024,189-1,teste_175.csv,1,2024-01-15,2,0,0,0.4444444444444444,175,0.6171428571428571
knn,15,2023-2024,190-1,teste_176.csv,1,2024-01-15,2,0,0,0.4545454545454545,176,0.6193181818181818
knn,15,2023-2024,191-1,teste_177.csv,1,2024-01-16,2,1,1,0.5454545454545454,177,0.6214689265536724
knn,15,2023-2024,192-1,teste_178.csv,1,2024-01-16,2,1,1,0.8181818181818182,178,0.6235955056179775
knn,15,2023-2024,193-1,teste_179.csv,1,2024-01-17,2,0,0,0.2727272727272727,179,0.6256983240223464
knn,15,2023-2024,194-1,teste_180.csv,1,2024-01-18,2,1,1,0.6880100055514138,180,0.6277777777777778
knn,15,2023-2024,195-1,teste_181.csv,1,2024-01-18,2,0,1,0.6311479355611542,181,0.6243093922651933
knn,15,2023-2024,196-1,teste_182.csv,1,2024-01-18,2,0,0,0.4095161689657327,182,0.6263736263736264
knn,15,2023-2024,197-1,teste_183.csv,1,2024-01-19,2,0,0,0.1062053753892537,183,0.6284153005464481
knn,15,2023-2024,198-1,teste_184.csv,1,2024-01-20,2,0,0,0.4053530960294622,184,0.6304347826086957
knn,15,2023-2024,199-1,teste_185.csv,1,2024-01-20,2,1,1,0.5293382718868986,185,0.6324324324324324
knn,15,2023-2024,200-1,teste_186.csv,1,2024-01-22,3,1,0,0.3308010940027561,186,0.6290322580645161
knn,15,2023-2024,201-1,teste_187.csv,1,2024-01-22,3,1,1,0.5531213001077362,187,0.6310160427807486
knn,15,2023-2024,202-1,teste_188.csv,1,2024-01-22,3,1,1,0.6636372112201048,188,0.6329787234042553
knn,15,2023-2024,203-1,teste_189.csv,1,2024-01-22,3,1,0,0.4441149219562879,189,0.6296296296296297
knn,15,2023-2024,204-1,teste_190.csv,1,2024-01-22,3,1,1,0.8648956780531031,190,0.631578947368421
knn,15,2023-2024,205-1,teste_191.csv,1,2024-01-23,3,1,1,0.5530638338316531,191,0.6335078534031413
knn,15,2023-2024,206-1,teste_192.csv,1,2024-01-23,3,1,1,0.506027565227328,192,0.6354166666666666
knn,15,2023-2024,207-1,teste_193.csv,1,2024-01-24,3,1,0,0.4673650707758136,193,0.6321243523316062
knn,15,2023-2024,208-1,teste_194.csv,1,2024-01-24,3,1,1,0.5639856896384593,194,0.634020618556701
knn,15,2023-2024,209-1,teste_195.csv,1,2024-01-24,3,1,1,0.7986835204666823,195,0.6358974358974359
knn,15,2023-2024,210-1,teste_196.csv,1,2024-01-24,3,1,1,0.7132383370798773,196,0.6377551020408163
knn,15,2023-2024,211-1,teste_197.csv,1,2024-01-24,3,0,1,0.8906370834362994,197,0.6345177664974619
knn,15,2023-2024,212-1,teste_198.csv,1,2024-01-25,3,1,1,0.8717993061068923,198,0.6363636363636364
knn,15,2023-2024,213-1,teste_199.csv,1,2024-02-05,4,0,1,0.8279112695950871,199,0.6331658291457286
knn,15,2023-2024,214-1,teste_200.csv,1,2024-02-05,4,0,0,0.4012900576542494,200,0.635
knn,15,2023-2024,215-1,teste_201.csv,1,2024-02-06,4,0,1,1.0,201,0.6318407960199005
knn,15,2023-2024,216-1,teste_202.csv,1,2024-02-06,4,0,0,0.4496207813643014,202,0.6336633663366337
knn,15,2023-2024,217-1,teste_203.csv,1,2024-02-06,4,0,1,0.7223291109739456,203,0.6305418719211823
knn,15,2023-2024,218-1,teste_204.csv,1,2024-02-07,4,1,0,0.466301327883221,204,0.6274509803921569
knn,15,2023-2024,219-1,teste_205.csv,1,2024-02-07,4,0,1,0.5370779857512876,205,0.624390243902439
knn,15,2023-2024,220-1,teste_206.csv,1,2024-02-07,4,0,0,0.451711139309623,206,0.6262135922330098
knn,15,2023-2024,221-1,teste_207.csv,1,2024-02-08,4,1,1,1.0,207,0.6280193236714976
knn,15,2023-2024,222-1,teste_208.csv,1,2024-02-08,4,1,0,0.4287438315265429,208,0.625
knn,15,2023-2024,223-1,teste_209.csv,1,2024-02-08,4,0,1,0.6679094317386911,209,0.6220095693779905
knn,15,2023-2024,224-1,teste_210.csv,1,2024-02-09,4,1,0,0.4878593427883538,210,0.6190476190476191
knn,15,2023-2024,225-1,teste_211.csv,1,2024-02-09,4,1,1,0.8175222353720765,211,0.6208530805687204
knn,15,2023-2024,226-1,teste_212.csv,1,2024-02-10,4,0,0,0.3733179836959445,212,0.6226415094339622
knn,15,2023-2024,227-1,teste_213.csv,1,2024-02-12,5,0,0,0.2575688885718576,213,0.6244131455399061
knn,15,2023-2024,228-1,teste_214.csv,1,2024-02-14,5,0,0,0.179893278133168,214,0.6261682242990654
knn,15,2023-2024,229-1,teste_215.csv,1,2024-02-14,5,1,1,0.5718029489157255,215,0.627906976744186
knn,15,2023-2024,230-1,teste_216.csv,1,2024-02-14,5,1,0,0.4570506633658149,216,0.625
knn,15,2023-2024,231-1,teste_217.csv,1,2024-02-14,5,1,1,0.6944867184044777,217,0.6267281105990783
knn,15,2023-2024,232-1,teste_218.csv,1,2024-02-15,5,0,1,0.6238660812157499,218,0.6238532110091743
knn,15,2023-2024,233-1,teste_219.csv,1,2024-02-15,5,0,1,0.8658779596874985,219,0.6210045662100456
knn,15,2023-2024,234-1,teste_220.csv,1,2024-02-15,5,1,1,0.5880338816869795,220,0.6227272727272727
knn,15,2023-2024,235-1,teste_221.csv,1,2024-02-16,5,1,1,0.6,221,0.6244343891402715
knn,15,2023-2024,236-1,teste_222.csv,1,2024-02-16,5,1,1,0.6,222,0.6261261261261262
knn,15,2023-2024,237-1,teste_223.csv,1,2024-02-16,5,1,1,0.6,223,0.6278026905829597
knn,15,2023-2024,238-1,teste_224.csv,1,2024-02-16,5,0,0,0.2,224,0.6294642857142857
knn,15,2023-2024,239-1,teste_225.csv,1,2024-02-17,5,0,1,0.6,225,0.6266666666666667
knn,15,2023-2024,240-1,teste_226.csv,1,2024-02-17,5,0,0,0.2,226,0.6283185840707964
knn,15,2023-2024,241-1,teste_227.csv,1,2024-02-17,5,0,1,0.6,227,0.6255506607929515
knn,15,2023-2024,242-1,teste_228.csv,1,2024-02-17,5,1,1,0.8,228,0.6271929824561403
knn,15,2023-2024,243-1,teste_229.csv,1,2024-02-28,6,1,0,0.4,229,0.6244541484716157
knn,15,2023-2024,244-1,teste_230.csv,1,2024-02-29,6,0,0,0.4,230,0.6260869565217392
knn,15,2023-2024,245-1,teste_231.csv,1,2024-02-29,6,1,0,0.4,231,0.6233766233766234
knn,15,2023-2024,246-1,teste_232.csv,1,2024-02-29,6,1,1,0.6,232,0.625
knn,15,2023-2024,247-1,teste_233.csv,1,2024-02-29,6,1,1,1.0,233,0.6266094420600858
knn,15,2023-2024,248-1,teste_234.csv,1,2024-03-01,6,0,0,0.2,234,0.6282051282051282
knn,15,2023-2024,249-1,teste_235.csv,1,2024-03-01,6,0,1,0.8,235,0.625531914893617
knn,15,2023-2024,250-1,teste_236.csv,1,2024-03-02,6,1,1,0.8,236,0.6271186440677966
knn,15,2023-2024,251-1,teste_237.csv,1,2024-03-02,6,0,0,0.4,237,0.6286919831223629
knn,15,2023-2024,252-1,teste_238.csv,1,2024-03-02,6,1,0,0.2,238,0.6260504201680672
knn,15,2023-2024,253-1,teste_239.csv,1,2024-03-02,6,1,1,0.8,239,0.6276150627615062
knn,15,2023-2024,254-1,teste_240.csv,1,2024-03-04,7,1,1,0.8,240,0.6291666666666667
knn,15,2023-2024,255-1,teste_241.csv,1,2024-03-05,7,0,1,0.6,241,0.6265560165975104
knn,15,2023-2024,256-1,teste_242.csv,1,2024-03-05,7,1,1,0.8,242,0.628099173553719
knn,15,2023-2024,257-1,teste_243.csv,1,2024-03-05,7,1,1,0.8,243,0.6296296296296297
knn,15,2023-2024,258-1,teste_244.csv,1,2024-03-07,7,0,0,0.4,244,0.6311475409836066
knn,15,2023-2024,259-1,teste_245.csv,1,2024-03-07,7,1,0,0.4,245,0.6285714285714286
knn,15,2023-2024,260-1,teste_246.csv,1,2024-03-08,7,0,1,0.6,246,0.6260162601626016
knn,15,2023-2024,261-1,teste_247.csv,1,2024-03-08,7,0,0,0.0,247,0.6275303643724697
knn,15,2023-2024,262-1,teste_248.csv,1,2024-03-09,7,0,0,0.2,248,0.6290322580645161
knn,15,2023-2024,263-1,teste_249.csv,1,2024-03-09,7,1,1,0.6363636363636364,249,0.6305220883534136
knn,15,2023-2024,264-1,teste_250.csv,1,2024-03-09,7,1,0,0.4545454545454545,250,0.628
knn,15,2023-2024,265-1,teste_251.csv,1,2024-03-09,7,1,0,0.4545454545454545,251,0.6254980079681275
knn,15,2023-2024,266-1,teste_252.csv,1,2024-03-09,8,1,0,0.2727272727272727,252,0.623015873015873
knn,15,2023-2024,267-1,teste_253.csv,1,2024-03-10,8,0,0,0.0,253,0.6245059288537549
knn,15,2023-2024,268-1,teste_254.csv,1,2024-03-10,8,0,0,0.2,254,0.6259842519685039
knn,15,2023-2024,269-1,teste_255.csv,1,2024-03-11,8,0,1,0.8,255,0.6235294117647059
knn,15,2023-2024,271-1,teste_257.csv,1,2024-03-12,6,1,1,0.8,256,0.625
knn,15,2023-2024,270-1,teste_256.csv,1,2024-03-12,8,0,1,0.6,257,0.622568093385214
knn,15,2023-2024,272-1,teste_258.csv,1,2024-03-13,8,1,1,0.6,258,0.624031007751938
knn,15,2023-2024,273-1,teste_259.csv,1,2024-03-19,9,1,0,0.4,259,0.6216216216216216
knn,15,2023-2024,274-1,teste_260.csv,1,2024-03-19,9,1,1,0.8,260,0.6230769230769231
knn,15,2023-2024,275-1,teste_261.csv,1,2024-03-20,9,1,1,0.8,261,0.6245210727969349
knn,15,2023-2024,276-1,teste_262.csv,1,2024-03-20,9,1,1,0.6,262,0.6259541984732825
knn,15,2023-2024,277-1,teste_263.csv,1,2024-03-20,9,1,0,0.3636363636363636,263,0.623574144486692
knn,15,2023-2024,278-1,teste_264.csv,1,2024-03-20,9,1,1,0.6363636363636364,264,0.625
knn,15,2023-2024,279-1,teste_265.csv,1,2024-03-20,9,1,1,0.5454545454545454,265,0.6264150943396226
knn,15,2023-2024,280-1,teste_266.csv,1,2024-03-21,9,1,1,0.8181818181818182,266,0.6278195488721805
knn,15,2023-2024,281-1,teste_267.csv,1,2024-03-21,9,0,1,0.8181818181818182,267,0.6254681647940075
knn,15,2023-2024,282-1,teste_268.csv,1,2024-03-22,9,1,1,0.6363636363636364,268,0.6268656716417911
knn,15,2023-2024,283-1,teste_269.csv,1,2024-03-22,9,1,0,0.2727272727272727,269,0.6245353159851301
knn,15,2023-2024,284-1,teste_270.csv,1,2024-03-22,9,1,0,0.3636363636363636,270,0.6222222222222222
knn,15,2023-2024,285-1,teste_271.csv,1,2024-03-22,9,1,1,0.6363636363636364,271,0.6236162361623616
knn,15,2023-2024,286-1,teste_272.csv,1,2024-03-23,9,0,1,0.5454545454545454,272,0.6213235294117647
knn,15,2023-2024,287-1,teste_273.csv,1,2024-03-23,9,1,0,0.4545454545454545,273,0.6190476190476191
knn,15,2023-2024,288-1,teste_274.csv,1,2024-03-25,10,1,1,0.6363636363636364,274,0.6204379562043796
knn,15,2023-2024,289-1,teste_275.csv,1,2024-03-25,10,1,1,0.7272727272727273,275,0.6218181818181818
knn,15,2023-2024,290-1,teste_276.csv,1,2024-03-25,10,1,0,0.4545454545454545,276,0.6195652173913043
knn,15,2023-2024,291-1,teste_277.csv,1,2024-03-25,10,0,1,0.8181818181818182,277,0.6173285198555957
knn,15,2023-2024,292-1,teste_278.csv,1,2024-03-26,10,0,0,0.1818181818181818,278,0.6187050359712231
knn,15,2023-2024,293-1,teste_279.csv,1,2024-03-26,10,1,1,0.5454545454545454,279,0.6200716845878136
knn,15,2023-2024,294-1,teste_280.csv,1,2024-03-27,10,1,1,0.8181818181818182,280,0.6214285714285714
knn,15,2023-2024,295-1,teste_281.csv,1,2024-03-27,10,0,1,0.7272727272727273,281,0.6192170818505338
knn,15,2023-2024,296-1,teste_282.csv,1,2024-03-27,10,0,0,0.2222222222222222,282,0.6205673758865248
knn,15,2023-2024,297-1,teste_283.csv,1,2024-03-28,10,0,0,0.1111111111111111,283,0.6219081272084805
knn,15,2023-2024,298-1,teste_284.csv,1,2024-03-28,10,1,0,0.4444444444444444,284,0.6197183098591549
knn,15,2023-2024,299-1,teste_285.csv,1,2024-03-28,10,1,1,0.6666666666666666,285,0.6210526315789474
knn,15,2023-2024,300-1,teste_286.csv,1,2024-03-28,10,1,1,0.7777777777777778,286,0.6223776223776224
knn,15,2023-2024,301-1,teste_287.csv,1,2024-03-29,10,0,0,0.3333333333333333,287,0.6236933797909407
knn,15,2023-2024,302-1,teste_288.csv,1,2024-03-30,10,1,1,0.7777777777777778,288,0.625
knn,15,2023-2024,303-1,teste_289.csv,1,2024-03-30,10,1,1,0.8888888888888888,289,0.6262975778546713
knn,15,2023-2024,304-1,teste_290.csv,1,2024-03-30,10,0,1,0.8888888888888888,290,0.6241379310344828
knn,15,2023-2024,305-1,teste_291.csv,1,2024-03-31,11,1,1,1.0,291,0.6254295532646048
knn,15,2023-2024,306-1,teste_292.csv,1,2024-03-31,11,0,1,1.0,292,0.6232876712328768
knn,15,2023-2024,307-1,teste_293.csv,1,2024-04-01,11,1,1,0.8181818181818182,293,0.6245733788395904
knn,15,2023-2024,308-1,teste_294.csv,1,2024-04-02,11,1,1,0.9090909090909092,294,0.6258503401360545
knn,15,2023-2024,309-1,teste_295.csv,1,2024-04-02,11,0,1,0.6363636363636364,295,0.6237288135593221
knn,15,2023-2024,310-1,teste_296.csv,1,2024-04-02,11,1,1,0.8181818181818182,296,0.625
knn,15,2023-2024,311-1,teste_297.csv,1,2024-04-03,11,0,1,0.9090909090909092,297,0.622895622895623
knn,15,2023-2024,312-1,teste_298.csv,1,2024-04-03,11,1,1,0.8181818181818182,298,0.6241610738255033
knn,15,2023-2024,313-1,teste_299.csv,1,2024-04-03,11,1,1,0.9090909090909092,299,0.6254180602006689
knn,15,2023-2024,314-1,teste_300.csv,1,2024-04-04,11,1,1,0.7272727272727273,300,0.6266666666666667
knn,15,2023-2024,315-1,teste_301.csv,1,2024-04-04,11,1,1,0.653945487212765,301,0.627906976744186
knn,15,2023-2024,316-1,teste_302.csv,1,2024-04-04,11,1,1,1.0,302,0.6291390728476821
knn,15,2023-2024,317-1,teste_303.csv,1,2024-04-05,11,1,1,1.0,303,0.6303630363036303
knn,15,2023-2024,318-1,teste_304.csv,1,2024-04-05,11,0,1,0.8,304,0.6282894736842105
knn,15,2023-2024,319-1,teste_305.csv,1,2024-04-06,11,1,1,0.5590025686100751,305,0.6295081967213115
knn,15,2023-2024,320-1,teste_306.csv,1,2024-04-06,11,0,0,0.1820522400646542,306,0.630718954248366
knn,15,2023-2024,321-1,teste_307.csv,1,2024-04-06,11,1,1,0.7272727272727273,307,0.6319218241042345
knn,15,2023-2024,322-1,teste_308.csv,1,2024-04-07,12,1,1,0.5454545454545454,308,0.6331168831168831
knn,15,2023-2024,323-1,teste_309.csv,1,2024-04-08,12,0,0,0.1818181818181818,309,0.6343042071197411
knn,15,2023-2024,324-1,teste_310.csv,1,2024-04-08,12,0,0,0.3333333333333333,310,0.635483870967742
knn,15,2023-2024,325-1,teste_311.csv,1,2024-04-08,12,0,1,0.5454545454545454,311,0.6334405144694534
knn,15,2023-2024,326-1,teste_312.csv,1,2024-04-08,12,1,1,1.0,312,0.6346153846153846
knn,15,2023-2024,327-1,teste_313.csv,1,2024-04-09,12,1,1,0.6363636363636364,313,0.6357827476038339
knn,15,2023-2024,328-1,teste_314.csv,1,2024-04-09,12,1,1,0.7272727272727273,314,0.6369426751592356
knn,15,2023-2024,329-1,teste_315.csv,1,2024-04-10,12,0,0,0.2426462771685586,315,0.638095238095238
knn,15,2023-2024,330-1,teste_316.csv,1,2024-04-10,12,0,1,0.542490441359889,316,0.6360759493670886
knn,15,2023-2024,331-1,teste_317.csv,1,2024-04-10,12,1,1,0.6363636363636364,317,0.637223974763407
knn,15,2023-2024,332-1,teste_318.csv,1,2024-04-10,12,0,0,0.0909090909090909,318,0.6383647798742138
knn,15,2023-2024,333-1,teste_319.csv,1,2024-04-11,12,1,1,0.5041796040916638,319,0.6394984326018809
knn,15,2023-2024,334-1,teste_320.csv,1,2024-04-11,12,1,0,0.3494694975138802,320,0.6375
knn,15,2023-2024,335-1,teste_321.csv,1,2024-04-12,12,0,1,1.0,321,0.6355140186915887
knn,15,2023-2024,336-1,teste_322.csv,1,2024-04-12,12,0,0,0.1818181818181818,322,0.6366459627329193
knn,15,2023-2024,337-1,teste_323.csv,1,2024-04-12,12,0,0,0.4285714285714285,323,0.6377708978328174
knn,15,2023-2024,338-1,teste_324.csv,1,2024-04-13,12,0,0,0.3636363636363636,324,0.6388888888888888
knn,15,2023-2024,339-1,teste_325.csv,1,2024-04-13,12,0,1,0.8181818181818182,325,0.6369230769230769
knn,15,2023-2024,340-1,teste_326.csv,1,2024-04-13,12,1,1,0.8181818181818182,326,0.6380368098159509
knn,15,2023-2024,341-1,teste_327.csv,1,2024-04-18,1,0,1,0.6637826947100471,327,0.636085626911315
knn,15,2023-2024,342-1,teste_328.csv,1,2024-04-18,1,0,0,0.1818181818181818,328,0.6371951219512195
knn,15,2023-2024,343-1,teste_329.csv,1,2024-04-19,1,0,0,0.3636363636363636,329,0.6382978723404256
knn,15,2023-2024,344-1,teste_330.csv,1,2024-04-19,1,1,1,0.6363636363636364,330,0.6393939393939394
knn,15,2023-2024,345-1,teste_331.csv,1,2024-04-20,1,0,0,0.2727272727272727,331,0.6404833836858006
knn,15,2023-2024,346-1,teste_332.csv,1,2024-04-20,1,0,0,0.2727272727272727,332,0.641566265060241
knn,15,2023-2024,347-1,teste_333.csv,1,2024-04-21,1,0,0,0.2727272727272727,333,0.6426426426426426
knn,15,2023-2024,348-1,teste_334.csv,1,2024-04-21,1,0,0,0.4545454545454545,334,0.6437125748502994
knn,15,2023-2024,349-1,teste_335.csv,1,2024-04-22,2,1,0,0.4,335,0.6417910447761194
knn,15,2023-2024,350-1,teste_336.csv,1,2024-04-22,2,1,1,0.8181818181818182,336,0.6428571428571429
knn,15,2023-2024,351-1,teste_337.csv,1,2024-04-23,2,1,1,0.8,337,0.6439169139465876
knn,15,2023-2024,352-1,teste_338.csv,1,2024-04-23,2,1,1,1.0,338,0.6449704142011834
knn,15,2023-2024,353-1,teste_339.csv,1,2024-04-25,3,0,1,0.8,339,0.6430678466076696
knn,15,2023-2024,354-1,teste_340.csv,1,2024-04-26,2,1,1,0.8,340,0.6441176470588236
knn,15,2023-2024,355-1,teste_341.csv,1,2024-04-26,2,1,1,0.8,341,0.6451612903225806
knn,15,2023-2024,356-1,teste_342.csv,1,2024-04-27,2,1,0,0.4,342,0.6432748538011696
knn,15,2023-2024,357-1,teste_343.csv,1,2024-04-27,2,1,0,0.4,343,0.641399416909621
knn,15,2023-2024,358-1,teste_344.csv,1,2024-05-02,1,1,1,0.8,344,0.6424418604651163
knn,15,2023-2024,359-1,teste_345.csv,1,2024-05-03,1,1,1,0.7753807908229056,345,0.6434782608695652
knn,15,2023-2024,360-1,teste_346.csv,1,2024-05-03,1,1,1,0.7858155144396667,346,0.6445086705202312
knn,15,2023-2024,361-1,teste_347.csv,1,2024-05-04,1,1,1,0.549245531440516,347,0.6455331412103746
knn,15,2023-2024,362-1,teste_348.csv,1,2024-05-06,2,0,0,0.4719041479092902,348,0.646551724137931
knn,15,2023-2024,363-1,teste_349.csv,1,2024-05-06,2,1,1,0.8261655540528776,349,0.6475644699140402
knn,15,2023-2024,364-1,teste_350.csv,1,2024-05-07,2,0,1,0.5642130302013205,350,0.6457142857142857
knn,15,2023-2024,365-1,teste_351.csv,1,2024-05-07,2,1,0,0.4604349777018736,351,0.6438746438746439
knn,15,2023-2024,366-1,teste_352.csv,1,2024-05-08,3,0,0,0.2867547989420443,352,0.6448863636363636
knn,15,2023-2024,367-1,teste_353.csv,1,2024-05-08,3,1,1,0.9270273768187004,353,0.6458923512747875
knn,15,2023-2024,368-1,teste_354.csv,1,2024-05-09,3,0,0,0.4167165852876409,354,0.6468926553672316
knn,15,2023-2024,369-1,teste_355.csv,1,2024-05-09,3,1,1,0.7792893566696253,355,0.647887323943662
knn,15,2023-2024,370-1,teste_356.csv,1,2024-05-11,4,1,1,0.8881082784532621,356,0.648876404494382
knn,15,2023-2024,371-1,teste_357.csv,1,2024-05-12,4,1,1,0.7363978270670907,357,0.6498599439775911
knn,15,2023-2024,372-1,teste_358.csv,1,2024-05-13,5,1,1,0.9130602967307409,358,0.6508379888268156
knn,15,2023-2024,373-1,teste_359.csv,1,2024-05-14,5,0,1,0.7557809369050804,359,0.649025069637883
knn,15,2023-2024,374-1,teste_360.csv,1,2024-05-17,1,1,1,0.7506521760221052,360,0.65
knn,15,2023-2024,375-1,teste_361.csv,1,2024-05-18,1,1,1,0.6363636363636364,361,0.6509695290858726
knn,15,2023-2024,376-1,teste_362.csv,1,2024-05-20,2,1,1,0.5454545454545454,362,0.6519337016574586
knn,15,2023-2024,377-1,teste_363.csv,1,2024-05-21,2,0,1,0.5454545454545454,363,0.650137741046832
knn,15,2023-2024,378-1,teste_364.csv,1,2024-05-22,3,0,1,0.5454545454545454,364,0.6483516483516484
knn,15,2023-2024,379-1,teste_365.csv,1,2024-05-23,3,0,0,0.4545454545454545,365,0.6493150684931507
knn,15,2023-2024,380-1,teste_366.csv,1,2024-05-25,4,0,1,0.7272727272727273,366,0.6475409836065574
knn,15,2023-2024,381-1,teste_367.csv,1,2024-05-27,5,1,1,0.6363636363636364,367,0.6485013623978202
knn,15,2023-2024,382-1,teste_368.csv,1,2024-06-01,1,0,1,0.6363636363636364,368,0.6467391304347826
knn,15,2023-2024,383-1,teste_369.csv,1,2024-06-06,2,0,1,0.5454545454545454,369,0.6449864498644986
knn,15,2023-2024,384-1,teste_370.csv,1,2024-06-08,3,1,0,0.4545454545454545,370,0.6432432432432432
