Janela Incremental,Temporada,Ordem Jogo Temporada,Resultado Real,Previsao,Probabilidade Classe 1
5,2008-2009,6,1,1,0.6193559058691952
5,2008-2009,7,0,1,0.6690565502537986
5,2008-2009,8,0,0,0.49662316878871965
5,2008-2009,9,0,1,0.5126514865145696
5,2008-2009,10,1,0,0.3809329809832148
5,2008-2009,11,1,0,0.4657322360609459
5,2008-2009,12,0,1,0.5449104219608851
5,2008-2009,13,0,0,0.47746880680972414
5,2008-2009,14,1,0,0.4724147459038787
5,2008-2009,15,0,0,0.4397611439373597
5,2008-2009,16,1,0,0.4907728032281743
5,2008-2009,17,1,0,0.48652246847630926
5,2008-2009,18,0,0,0.49846902580941627
5,2008-2009,19,0,0,0.49579268382854796
5,2008-2009,20,0,0,0.43680306911462563
5,2008-2009,21,0,0,0.4256226022632268
5,2008-2009,22,1,0,0.3788571175778735
5,2008-2009,23,1,0,0.4316290202791259
5,2008-2009,24,0,0,0.4626053026279179
5,2008-2009,25,1,0,0.4643896014436632
5,2008-2009,26,0,0,0.45044075982802284
5,2008-2009,27,1,0,0.4375952341019925
5,2008-2009,28,0,0,0.4714023387730701
5,2008-2009,29,1,0,0.4440145023273732
5,2008-2009,30,1,0,0.46694670158324564
5,2008-2009,31,1,0,0.48670955649621694
5,2008-2009,32,1,1,0.5350491376844126
5,2008-2009,33,1,1,0.5413124909907034
5,2008-2009,34,1,1,0.5418071181117202
5,2008-2009,35,1,1,0.5805173106003376
5,2008-2009,36,1,1,0.5350206769632007
5,2008-2009,37,1,1,0.5822810682545367
5,2008-2009,38,1,1,0.600837477876055
5,2008-2009,39,1,1,0.6321416871551352
5,2008-2009,40,1,1,0.606124038949655
5,2008-2009,41,1,1,0.6384773458584224
5,2008-2009,42,1,1,0.6709702667621664
5,2008-2009,43,1,1,0.6914900699458264
5,2008-2009,44,0,1,0.6998534686677803
5,2008-2009,45,0,1,0.6590458379419375
5,2008-2009,46,1,1,0.6418743396336599
5,2008-2009,47,1,1,0.6281647282601927
5,2008-2009,48,1,1,0.6505389287715934
5,2008-2009,49,1,1,0.700317561827635
5,2008-2009,50,1,1,0.6683402948693035
5,2008-2009,51,1,1,0.7127512143349277
5,2008-2009,52,1,1,0.6670034251236674
5,2008-2009,53,1,1,0.701188068969672
5,2008-2009,54,1,1,0.7464559154317911
5,2008-2009,55,1,1,0.7125314560659217
5,2008-2009,56,1,1,0.7582980238820392
5,2008-2009,57,0,1,0.712840446191066
5,2008-2009,58,1,1,0.75880463651424
5,2008-2009,59,0,1,0.6462072123864645
5,2008-2009,60,0,1,0.6768179007370041
5,2008-2009,61,0,1,0.7630121682168999
5,2008-2009,62,0,1,0.6636752033414103
5,2008-2009,63,1,1,0.7168699890118823
5,2008-2009,64,0,1,0.6699449326055243
5,2008-2009,65,1,1,0.6632584992158171
5,2008-2009,66,0,1,0.6070204507960567
5,2008-2009,67,0,1,0.6457433780694181
5,2008-2009,68,1,1,0.6607108960984325
5,2008-2009,69,0,1,0.5371627610449295
5,2008-2009,70,0,1,0.6395578965066973
5,2008-2009,71,1,1,0.6037523967144036
5,2008-2009,72,1,1,0.6465177882624245
5,2008-2009,73,0,1,0.6851158543281295
5,2008-2009,74,1,1,0.6110428937020986
5,2008-2009,75,0,1,0.56262953483516
5,2008-2009,76,0,1,0.6213317577651519
5,2008-2009,77,0,1,0.5563630046346884
5,2008-2009,78,1,1,0.6408730719666642
5,2008-2009,79,0,1,0.601895674695274
5,2008-2009,80,0,1,0.5150213254504956
5,2008-2009,81,1,1,0.5684704897805554
5,2008-2009,82,1,1,0.6270903293841907
5,2008-2009,83,0,1,0.5863000860933721
5,2008-2009,84,1,1,0.6227439456537658
5,2008-2009,85,0,1,0.6214430789703029
5,2008-2009,86,1,1,0.5088547871898652
5,2008-2009,87,0,1,0.5626312052967173
5,2008-2009,88,1,1,0.5441390378267039
5,2008-2009,89,1,1,0.5671302287049191
5,2008-2009,90,1,1,0.623997123224669
5,2008-2009,91,1,1,0.6866964974168102
5,2008-2009,92,0,1,0.5538597904072342
5,2008-2009,93,1,1,0.5848845059702349
5,2008-2009,94,1,1,0.688218425875903
5,2008-2009,95,1,1,0.6405263218452805
5,2008-2009,96,1,1,0.5841108529128825
5,2008-2009,97,1,1,0.6076244523535672
5,2008-2009,98,1,1,0.7064675505771454
5,2008-2009,99,1,1,0.6406958427580398
5,2008-2009,100,1,1,0.5910645224070297
5,2008-2009,101,0,1,0.6161407682008481
5,2008-2009,102,1,1,0.6905400845901359
5,2008-2009,103,0,1,0.5957502899833012
5,2008-2009,104,1,1,0.7237873786752929
5,2008-2009,105,1,1,0.6768235193255665
5,2008-2009,106,1,1,0.7132852406745745
5,2008-2009,107,1,1,0.6046003936679281
5,2008-2009,108,1,1,0.6647630023195032
5,2008-2009,109,1,1,0.7341950618804812
5,2008-2009,110,0,1,0.5381778457752479
5,2008-2009,111,1,1,0.7109805109878803
5,2008-2009,112,1,1,0.7043626418540997
5,2008-2009,113,0,1,0.6017666364187383
5,2008-2009,114,1,1,0.7651163356341254
5,2008-2009,115,1,1,0.6481064482430644
5,2008-2009,116,1,1,0.7143019684167733
5,2008-2009,117,1,1,0.7111046057209763
5,2008-2009,118,1,1,0.7527410356348193
5,2008-2009,119,1,1,0.7651157594562344
5,2008-2009,120,1,1,0.7279233246098418
5,2008-2009,121,1,1,0.8019251797081853
5,2008-2009,122,1,1,0.8075399023946118
5,2008-2009,123,1,1,0.7011708570030811
5,2008-2009,124,1,1,0.7564632420002017
5,2008-2009,125,0,1,0.6846632128105473
5,2008-2009,126,1,1,0.7033655728551399
5,2008-2009,127,0,1,0.5997724261557039
5,2008-2009,128,1,1,0.7907146910885067
5,2008-2009,129,1,1,0.6991550209442418
5,2008-2009,130,0,1,0.7314027764881915
5,2008-2009,131,0,1,0.6572055265621184
5,2008-2009,132,0,1,0.6832501523965453
5,2008-2009,133,1,1,0.8098625233297361
5,2008-2009,134,0,1,0.56012411488573
5,2008-2009,135,1,1,0.7693639712130974
5,2008-2009,136,0,1,0.5263861370776163
5,2008-2009,137,0,1,0.6955512645425047
5,2008-2009,138,1,1,0.6669462673482072
5,2008-2009,139,1,1,0.6764799273084762
5,2008-2009,140,1,1,0.7237519915624188
5,2008-2009,141,0,0,0.49152037434974194
5,2008-2009,142,0,0,0.48842092770239864
5,2008-2009,143,1,1,0.7980311916855272
5,2008-2009,144,0,1,0.581135482037249
5,2008-2009,145,1,1,0.6950328654879177
5,2008-2009,146,0,0,0.3874024524480813
5,2008-2009,147,0,1,0.5232549495120081
5,2008-2009,148,1,1,0.6178069344391351
5,2008-2009,149,1,1,0.634757602280008
5,2008-2009,150,1,1,0.5752458279074648
5,2008-2009,151,1,1,0.679626643411545
5,2008-2009,152,0,0,0.40416826085601976
5,2008-2009,153,0,0,0.34859647127419136
5,2008-2009,154,1,0,0.4380646393966722
5,2008-2009,155,0,1,0.5497086177643724
5,2008-2009,156,1,1,0.7632348658456175
5,2008-2009,157,1,1,0.80552352536754
5,2008-2009,158,0,1,0.6138045778462417
5,2008-2009,159,1,1,0.7564845980524578
5,2008-2009,160,0,1,0.7049898989147547
5,2008-2009,161,1,1,0.7628989016304797
5,2008-2009,162,1,1,0.7776769530129977
5,2008-2009,163,1,0,0.4404260465580837
5,2008-2009,164,0,0,0.4265763075285262
5,2008-2009,165,1,1,0.8111679549361392
5,2008-2009,166,1,1,0.7995706319282413
5,2008-2009,167,0,1,0.6999069392549988
5,2008-2009,168,1,1,0.8234795968778303
5,2008-2009,169,1,1,0.6305942278749683
5,2008-2009,170,1,1,0.7693178861411041
5,2008-2009,171,1,1,0.6367425276995956
5,2008-2009,172,1,1,0.8194725437412651
5,2008-2009,173,1,1,0.7237076836925433
5,2008-2009,174,1,1,0.6831793485710561
5,2008-2009,175,1,1,0.8406048818633506
5,2008-2009,176,0,1,0.536077211607697
5,2008-2009,177,1,1,0.7926181869557558
5,2008-2009,178,0,0,0.44396492909418067
5,2008-2009,179,1,1,0.8390799752596673
5,2008-2009,180,0,1,0.8443914355042391
5,2008-2009,181,1,1,0.6984728544624556
5,2008-2009,182,0,1,0.6692865307547252
5,2008-2009,183,1,1,0.8118447713070057
5,2008-2009,184,1,1,0.80345145992677
5,2008-2009,185,1,0,0.4606073507310968
5,2008-2009,186,1,1,0.5379467122700374
5,2008-2009,187,1,1,0.7329548612873477
5,2008-2009,188,0,0,0.314785685246767
5,2008-2009,189,1,1,0.5795013633546193
5,2008-2009,190,1,1,0.7047724403744768
5,2008-2009,191,0,0,0.4648100681110038
5,2008-2009,192,0,0,0.4619296535978967
5,2008-2009,193,0,0,0.3204390173997477
5,2008-2009,194,0,1,0.6859635710029731
5,2008-2009,195,0,1,0.5258912245700382
5,2008-2009,196,0,0,0.442551666318041
5,2008-2009,197,1,1,0.7849948880345491
5,2008-2009,198,0,1,0.5803046198594047
5,2008-2009,199,1,1,0.6511307456313944
5,2008-2009,200,0,0,0.36720766197935956
5,2008-2009,201,1,1,0.8310758595338483
5,2008-2009,202,1,1,0.6547063871746241
5,2008-2009,203,1,1,0.79581446708582
5,2008-2009,204,0,0,0.3693697269840459
5,2008-2009,205,1,1,0.8107425413307037
5,2008-2009,206,1,1,0.7746529146481878
5,2008-2009,207,0,1,0.7644274794807473
5,2008-2009,208,0,1,0.7446244227280178
5,2008-2009,209,0,1,0.7509355266517377
5,2008-2009,210,1,1,0.539982211794475
5,2008-2009,211,1,0,0.4891241998891651
5,2008-2009,212,0,1,0.651853409338137
5,2008-2009,213,1,1,0.6036323241950919
5,2008-2009,214,1,1,0.7377998554045495
5,2008-2009,215,1,1,0.5810220705329058
5,2008-2009,216,1,1,0.6645752395110672
5,2008-2009,217,1,1,0.5553672166989287
5,2008-2009,218,0,1,0.711754572565808
5,2008-2009,219,1,1,0.6247447015724716
5,2008-2009,220,1,1,0.7023826406012896
5,2008-2009,221,0,1,0.5827313310919153
5,2008-2009,222,1,1,0.6571798397797102
5,2008-2009,223,1,1,0.7009545752717866
5,2008-2009,224,1,1,0.5570623939360655
5,2008-2009,225,1,1,0.729250606288765
5,2008-2009,226,1,1,0.6739504713710459
5,2008-2009,227,0,1,0.6685453621809888
5,2008-2009,228,0,1,0.6448886073754355
5,2008-2009,229,0,1,0.7134391726512183
5,2008-2009,230,1,1,0.5647493501186097
5,2008-2009,231,1,1,0.61824443170334
5,2009-2010,6,1,1,1.0
5,2009-2010,7,1,1,1.0
5,2009-2010,8,0,1,1.0
5,2009-2010,9,1,1,0.8503769841320441
5,2009-2010,10,0,1,0.8805213791760715
5,2009-2010,11,1,1,0.7815242587779287
5,2009-2010,12,1,1,0.8133251515523786
5,2009-2010,13,1,1,0.8167645216148258
5,2009-2010,14,1,1,0.825618792324588
5,2009-2010,15,1,1,0.8482228053425169
5,2009-2010,16,0,1,0.8596472171444757
5,2009-2010,17,0,1,0.7932621469232664
5,2009-2010,18,0,1,0.7465463891012416
5,2009-2010,19,0,1,0.7007127693019027
5,2009-2010,20,1,1,0.6861141112851241
5,2009-2010,21,1,1,0.6853130771812875
5,2009-2010,22,1,1,0.7104127743679103
5,2009-2010,23,1,1,0.6909058549393264
5,2009-2010,24,0,1,0.7349024811699637
5,2009-2010,25,0,1,0.7125609200881915
5,2009-2010,26,1,1,0.6589031913643504
5,2009-2010,27,0,1,0.7003499474356273
5,2009-2010,28,1,1,0.6586268374406472
5,2009-2010,29,0,1,0.6300905518380868
5,2009-2010,30,0,1,0.5910830971843808
5,2009-2010,31,1,1,0.6196335381835496
5,2009-2010,32,1,1,0.6229760204308238
5,2009-2010,33,1,1,0.6134839035275952
5,2009-2010,34,1,1,0.6737297899252058
5,2009-2010,35,1,1,0.6589054334195591
5,2009-2010,36,1,1,0.6997864648488094
5,2009-2010,37,1,1,0.6777945083623101
5,2009-2010,38,1,1,0.7136508639001377
5,2009-2010,39,0,1,0.7014913596558711
5,2009-2010,40,1,1,0.6548882498566149
5,2009-2010,41,0,1,0.6824589662328648
5,2009-2010,42,1,1,0.6753364068555474
5,2009-2010,43,1,1,0.7000736880861406
5,2009-2010,44,1,1,0.7002540535287589
5,2009-2010,45,1,1,0.6944474110678047
5,2009-2010,46,1,1,0.7258024831671247
5,2009-2010,47,0,1,0.6930868987051356
5,2009-2010,48,1,1,0.7130620982353716
5,2009-2010,49,1,1,0.7095565537824483
5,2009-2010,50,1,1,0.6944809224089118
5,2009-2010,51,0,1,0.6963179273084544
5,2009-2010,52,1,1,0.7033219649072238
5,2009-2010,53,1,1,0.7048743816691778
5,2009-2010,54,1,1,0.6948255264343934
5,2009-2010,55,0,1,0.737190273463136
5,2009-2010,56,1,1,0.739955728373635
5,2009-2010,57,1,1,0.7350135155855274
5,2009-2010,58,1,1,0.6527285166355296
5,2009-2010,59,0,1,0.7317334709659143
5,2009-2010,60,1,1,0.7274011809110261
5,2009-2010,61,0,1,0.6729190934599536
5,2009-2010,62,1,1,0.7064790385353649
5,2009-2010,63,0,1,0.716184424394506
5,2009-2010,64,1,1,0.6884745580619733
5,2009-2010,65,0,1,0.6591404408194683
5,2009-2010,66,1,1,0.6096963985678497
5,2009-2010,67,0,1,0.7228003425535097
5,2009-2010,68,1,1,0.680550846421048
5,2009-2010,69,0,1,0.5895672236271393
5,2009-2010,70,1,1,0.7008125139045825
5,2009-2010,71,1,1,0.6778600729536812
5,2009-2010,72,1,1,0.5851237319444851
5,2009-2010,73,1,1,0.6759961293232617
5,2009-2010,74,1,1,0.7317738733435598
5,2009-2010,75,0,1,0.6243729078214951
5,2009-2010,76,0,1,0.7114097106955698
5,2009-2010,77,1,1,0.6361136567241038
5,2009-2010,78,0,1,0.6378696546434016
5,2009-2010,79,1,1,0.6190382004616711
5,2009-2010,80,1,1,0.6206281526672246
5,2009-2010,81,1,1,0.6260660272938672
5,2009-2010,82,1,1,0.7666662897818467
5,2009-2010,83,1,1,0.6629833426449283
5,2009-2010,84,1,1,0.6404058685133689
5,2009-2010,85,1,1,0.7086099025242002
5,2009-2010,86,1,1,0.7384139359054076
5,2009-2010,87,1,1,0.7229087598634689
5,2009-2010,88,1,1,0.7824418028180082
5,2009-2010,89,1,1,0.7469077024975437
5,2009-2010,90,0,1,0.7736036445670532
5,2009-2010,91,1,1,0.6705766928671281
5,2009-2010,92,1,1,0.7373370396667304
5,2009-2010,93,0,1,0.6386705381055836
5,2009-2010,94,0,1,0.6969751095881179
5,2009-2010,95,1,1,0.66294398277095
5,2009-2010,96,1,1,0.7413506555555676
5,2009-2010,97,1,1,0.7448604917228112
5,2009-2010,98,0,1,0.6738987868457226
5,2009-2010,99,1,1,0.7661098263545988
5,2009-2010,100,0,1,0.671568645639418
5,2009-2010,101,0,1,0.6201413053022908
5,2009-2010,102,0,1,0.5925497171532509
5,2009-2010,103,1,1,0.6291290008597421
5,2009-2010,104,1,1,0.7397567737150219
5,2009-2010,105,1,1,0.7806135691523419
5,2009-2010,106,0,1,0.6815273761784125
5,2009-2010,107,1,1,0.768185930352725
5,2009-2010,108,1,1,0.6897593687141109
5,2009-2010,109,1,1,0.7233419136422504
5,2009-2010,110,1,1,0.7046387431103223
5,2009-2010,111,0,1,0.7519209954684882
5,2009-2010,112,0,1,0.7055924698800097
5,2009-2010,113,1,1,0.774533529584389
5,2009-2010,114,1,1,0.7064770994515132
5,2009-2010,115,1,1,0.7075862079603713
5,2009-2010,116,0,1,0.7027564232709448
5,2009-2010,117,1,1,0.7358402657149123
5,2009-2010,118,0,1,0.628787244471701
5,2009-2010,119,1,1,0.6975853129777073
5,2009-2010,120,0,1,0.5267795670760201
5,2009-2010,121,1,1,0.7177959168038304
5,2009-2010,122,1,1,0.6171937877924455
5,2009-2010,123,1,1,0.6757271592067734
5,2009-2010,124,0,1,0.5331957483141652
5,2009-2010,125,0,1,0.7406392967986503
5,2009-2010,126,1,1,0.6993814814480391
5,2009-2010,127,1,0,0.4758197817341423
5,2009-2010,128,1,1,0.6208248384453283
5,2009-2010,129,0,1,0.5768068710599188
5,2009-2010,130,1,1,0.7251653181516311
5,2009-2010,131,0,1,0.7071489060342816
5,2009-2010,132,1,1,0.7790041039206502
5,2009-2010,133,1,1,0.6350058964653298
5,2009-2010,134,1,1,0.6968051329118533
5,2009-2010,135,1,1,0.7519096691485928
5,2009-2010,136,1,1,0.6735922627777835
5,2009-2010,137,1,1,0.6936377572457231
5,2009-2010,138,0,1,0.7219294246997802
5,2009-2010,139,0,1,0.6745873736884902
5,2009-2010,140,1,1,0.6977642338363527
5,2009-2010,141,0,1,0.7096447964968748
5,2009-2010,142,0,1,0.661142655455087
5,2009-2010,143,0,1,0.7401351254107563
5,2009-2010,144,1,1,0.7552131353794271
5,2009-2010,145,1,1,0.6784272549460871
5,2009-2010,146,1,1,0.6201153496772253
5,2009-2010,147,0,1,0.6498926681018783
5,2009-2010,148,0,1,0.6714763549659325
5,2009-2010,149,1,1,0.6360158091713151
5,2009-2010,150,1,1,0.652483257576946
5,2009-2010,151,1,1,0.6755853184839397
5,2009-2010,152,1,1,0.6287715182799518
5,2009-2010,153,1,1,0.6643320738278966
5,2009-2010,154,0,1,0.7263727053538
5,2009-2010,155,1,1,0.6598083062122354
5,2009-2010,156,1,1,0.6487558502339972
5,2011-2012,6,0,1,0.5115300484011489
5,2011-2012,7,1,0,0.3163712745145946
5,2011-2012,8,0,0,0.45518750525615814
5,2011-2012,9,1,0,0.4278085058798745
5,2011-2012,10,0,0,0.46860197031268114
5,2011-2012,11,1,0,0.42588407493995195
5,2011-2012,12,1,0,0.4475161185604583
5,2011-2012,13,1,1,0.5606620270067227
5,2011-2012,14,1,1,0.574281720460632
5,2011-2012,15,0,1,0.6369406363541107
5,2011-2012,16,1,1,0.5398016670546332
5,2011-2012,17,1,1,0.5811236704705477
5,2011-2012,18,0,1,0.6087778428159744
5,2011-2012,19,1,1,0.5777157781832426
5,2011-2012,20,1,1,0.6259585734469714
5,2011-2012,21,0,1,0.6358184686251096
5,2011-2012,22,1,1,0.6206316307832205
5,2011-2012,23,1,1,0.5946685088320001
5,2011-2012,24,0,1,0.5804416015114897
5,2011-2012,25,1,1,0.5626423590216614
5,2011-2012,26,1,1,0.649644338078489
5,2011-2012,27,0,1,0.6142470769370532
5,2011-2012,28,1,1,0.6417904992790402
5,2011-2012,29,0,1,0.597933974722237
5,2011-2012,30,0,1,0.612068485631993
5,2011-2012,31,1,1,0.6318284162263436
5,2011-2012,32,1,1,0.5981586131704354
5,2011-2012,33,1,1,0.5525218536531541
5,2011-2012,34,1,1,0.65677038681465
5,2011-2012,35,0,1,0.5791981747284456
5,2011-2012,36,1,1,0.6502324539628731
5,2011-2012,37,1,1,0.631650525321705
5,2011-2012,38,0,1,0.5953922787976879
5,2011-2012,39,1,1,0.5859236871685892
5,2011-2012,40,0,1,0.5863295796205318
5,2011-2012,41,0,1,0.623545311759011
5,2011-2012,42,0,1,0.5969376315307491
5,2011-2012,43,1,1,0.5958053467545406
5,2011-2012,44,0,1,0.5945397636590463
5,2011-2012,45,1,1,0.5577822086068371
5,2011-2012,46,1,1,0.5864913990413542
5,2011-2012,47,0,1,0.586389221397197
5,2011-2012,48,1,1,0.6059726044500984
5,2011-2012,49,1,1,0.5774868344257705
5,2011-2012,50,1,1,0.6142558317676887
5,2011-2012,51,1,1,0.6475044547890441
5,2011-2012,52,1,1,0.6344092663040404
5,2011-2012,53,1,1,0.6281380132050798
5,2011-2012,54,1,1,0.6326979410043347
5,2011-2012,55,0,1,0.661589075888173
5,2011-2012,56,0,1,0.6540107459160793
5,2011-2012,57,0,1,0.5697166430307191
5,2011-2012,58,1,1,0.7011388015820456
5,2011-2012,59,1,1,0.594471728647233
5,2011-2012,60,1,1,0.6879310306847082
5,2011-2012,61,1,1,0.6703602631614713
5,2011-2012,62,0,1,0.6305485460343276
5,2011-2012,63,1,1,0.6675315769635738
5,2011-2012,64,1,1,0.6006025323048192
5,2011-2012,65,1,1,0.6208735486688791
5,2011-2012,66,0,1,0.610931689816591
5,2011-2012,67,1,1,0.7401234395091538
5,2011-2012,68,1,1,0.673431190299786
5,2011-2012,69,1,1,0.7666934354675553
5,2011-2012,70,0,1,0.6469058305192779
5,2011-2012,71,1,1,0.7217175427663152
5,2011-2012,72,1,1,0.757135052021021
5,2011-2012,73,1,1,0.629495911888284
5,2011-2012,74,1,1,0.7080163814644537
5,2011-2012,75,0,1,0.6691787310079759
5,2011-2012,76,0,1,0.6734268330141616
5,2011-2012,77,0,1,0.6656029527331525
5,2011-2012,78,0,1,0.6142149869281
5,2011-2012,79,1,1,0.5665785945139056
5,2011-2012,80,1,1,0.5906320161448709
5,2011-2012,81,0,1,0.5967480266813653
5,2011-2012,82,1,1,0.5969323884807809
5,2011-2012,83,1,1,0.6183331321317167
5,2011-2012,84,0,1,0.5015719394316274
5,2011-2012,85,0,1,0.5811804082987202
5,2011-2012,86,1,1,0.5590191790693197
5,2011-2012,87,1,1,0.5465796586602104
5,2011-2012,88,1,1,0.6534319145002189
5,2011-2012,89,1,1,0.6823771664118243
5,2011-2012,90,1,1,0.6663068733868638
5,2011-2012,91,1,1,0.6726083134461058
5,2011-2012,92,1,1,0.654850971847948
5,2011-2012,93,1,1,0.7505567854272427
5,2011-2012,94,1,1,0.796211163266212
5,2011-2012,95,1,1,0.7581588947412801
5,2011-2012,96,1,1,0.7851307387509264
5,2011-2012,97,1,1,0.6432159990023131
5,2011-2012,98,1,1,0.7551503373963372
5,2011-2012,99,0,1,0.7001803056928037
5,2011-2012,100,0,1,0.554258932986952
5,2011-2012,101,1,1,0.6768665460798673
5,2011-2012,102,0,1,0.6186590830652404
5,2011-2012,103,1,1,0.7685098306177857
5,2011-2012,104,1,1,0.7608682370457284
5,2011-2012,105,0,1,0.534937034000063
5,2011-2012,106,0,1,0.6999624376770673
5,2011-2012,107,1,1,0.6031252438808691
5,2011-2012,108,1,1,0.7457805502302691
5,2011-2012,109,0,1,0.5633874370551956
5,2011-2012,110,1,1,0.687812375745376
5,2011-2012,111,1,1,0.7468303493064211
5,2011-2012,112,1,1,0.7619098593920914
5,2011-2012,113,0,1,0.6423067834189414
5,2011-2012,114,0,1,0.7359258145483971
5,2011-2012,115,1,1,0.6676511371808368
5,2011-2012,116,1,1,0.7478214271534409
5,2011-2012,117,0,1,0.6364804688359825
5,2011-2012,118,0,0,0.46348830945681796
5,2011-2012,119,1,1,0.727788813652789
5,2011-2012,120,0,1,0.7924545981592345
5,2011-2012,121,0,1,0.5874015362272548
5,2011-2012,122,1,1,0.6243110940407604
5,2011-2012,123,1,1,0.542026839068989
5,2011-2012,124,0,1,0.5300824088526938
5,2011-2012,125,1,1,0.7553608204900759
5,2011-2012,126,1,1,0.6511503204880901
5,2011-2012,127,1,1,0.6967912612280989
5,2011-2012,128,1,1,0.5590751912667183
5,2011-2012,129,1,1,0.5113411704488064
5,2011-2012,130,1,1,0.6859808740220158
5,2011-2012,131,1,1,0.6294313903197729
5,2011-2012,132,0,1,0.7774009395093211
5,2011-2012,133,1,1,0.7802936665073591
5,2011-2012,134,1,1,0.6840373070476423
5,2011-2012,135,0,1,0.5844916269186141
5,2011-2012,136,1,1,0.7628067457403468
5,2011-2012,137,1,1,0.6216200674560425
5,2011-2012,138,0,1,0.5973103759309896
5,2011-2012,139,1,1,0.6905586206842002
5,2011-2012,140,1,1,0.7761703784431138
5,2011-2012,141,1,1,0.7184310270896525
5,2011-2012,142,1,1,0.669338785930747
5,2011-2012,143,0,1,0.6653488922089676
5,2011-2012,144,1,1,0.7272305529297841
5,2011-2012,145,1,1,0.6918842479177171
5,2011-2012,146,0,1,0.6654947338344996
5,2011-2012,147,0,1,0.7135177157327467
5,2011-2012,148,1,1,0.7203741703477706
5,2011-2012,149,0,1,0.6545838699153752
5,2011-2012,150,1,1,0.7312153067133774
5,2011-2012,151,1,1,0.5675345208872418
5,2011-2012,152,1,1,0.7628672796422792
5,2011-2012,153,0,1,0.7110449913464939
5,2011-2012,154,0,1,0.6949547145532012
5,2011-2012,155,1,1,0.7055207252310852
5,2011-2012,156,1,1,0.7043359837786294
5,2011-2012,157,0,1,0.688349513178739
5,2011-2012,158,1,1,0.6823690872856715
5,2011-2012,159,1,1,0.6218045916302001
5,2011-2012,160,1,1,0.5953613624724299
5,2011-2012,161,1,1,0.5539931026584345
5,2011-2012,162,1,1,0.7463976662094074
5,2011-2012,163,1,1,0.7771817956341289
5,2011-2012,164,1,1,0.674072241599977
5,2011-2012,165,1,1,0.7868501687977544
5,2011-2012,166,0,1,0.7096332055843316
5,2011-2012,167,0,1,0.7196512302185837
5,2011-2012,168,1,1,0.6370853846713103
5,2011-2012,169,0,1,0.7184970610097421
5,2011-2012,170,1,1,0.6660093119675835
5,2012-2013,6,1,0,0.3219462446621005
5,2012-2013,7,1,1,0.520658244344491
5,2012-2013,8,1,1,0.6797078954331092
5,2012-2013,9,1,1,0.7367613861976359
5,2012-2013,10,1,1,0.7691512550970707
5,2012-2013,11,0,1,0.812878425818073
5,2012-2013,12,1,1,0.6969523816236302
5,2012-2013,13,1,1,0.7354520383940536
5,2012-2013,14,0,1,0.7758794054861929
5,2012-2013,15,0,1,0.6907999892147108
5,2012-2013,16,1,1,0.6535404584725176
5,2012-2013,17,1,1,0.6888191927305838
5,2012-2013,18,1,1,0.6802560342916132
5,2012-2013,19,0,1,0.7061773670459107
5,2012-2013,20,0,1,0.6745721263160508
5,2012-2013,21,1,1,0.6366600127615852
5,2012-2013,22,1,1,0.6455533668556263
5,2012-2013,23,0,1,0.6659037636907501
5,2012-2013,24,1,1,0.6263510472019741
5,2012-2013,25,1,1,0.6487732070791696
5,2012-2013,26,1,1,0.662408554459028
5,2012-2013,27,1,1,0.7002825498709292
5,2012-2013,28,0,1,0.7039209940683183
5,2012-2013,29,1,1,0.6614223143665926
5,2012-2013,30,1,1,0.6757038925013856
5,2012-2013,31,1,1,0.6925620920182373
5,2012-2013,32,1,1,0.7019665800878414
5,2012-2013,33,0,1,0.6938919339015047
5,2012-2013,34,1,1,0.6967229827764522
5,2012-2013,35,1,1,0.6975543631296047
5,2012-2013,36,0,1,0.685089041010802
5,2012-2013,37,0,1,0.6547533325731525
5,2012-2013,38,1,1,0.6814084903517585
5,2012-2013,39,1,1,0.6723746776121854
5,2012-2013,40,1,1,0.688721777185089
5,2012-2013,41,1,1,0.7007692711984638
5,2012-2013,42,0,1,0.6917878138631411
5,2012-2013,43,0,1,0.6920005487706186
5,2012-2013,44,0,1,0.6803984109590917
5,2012-2013,45,1,1,0.6481604572212866
5,2012-2013,46,0,1,0.634156207107583
5,2012-2013,47,1,1,0.6348225068832309
5,2012-2013,48,0,1,0.6886701127776849
5,2012-2013,49,0,1,0.6342843489380979
5,2012-2013,50,1,1,0.6325084407242653
5,2012-2013,51,1,1,0.6404492635337029
5,2012-2013,52,1,1,0.6670219252559074
5,2012-2013,53,1,1,0.6554727985559814
5,2012-2013,54,0,1,0.6685373699752574
5,2012-2013,55,0,1,0.6711000446459646
5,2012-2013,56,1,1,0.6370019811885375
5,2012-2013,57,1,1,0.6404882302838948
5,2012-2013,58,1,1,0.650754183582421
5,2012-2013,59,0,1,0.6663831050449356
5,2012-2013,60,1,1,0.6468020673102775
5,2012-2013,61,1,1,0.6410908567954886
5,2012-2013,62,1,1,0.6366053751215385
5,2012-2013,63,1,1,0.6423244216622396
5,2012-2013,64,0,1,0.6448821659133421
5,2012-2013,65,1,1,0.6482608791761537
5,2012-2013,66,1,1,0.6518142830623717
5,2012-2013,67,0,1,0.6494216168103963
5,2012-2013,68,1,1,0.6762037378512795
5,2012-2013,69,0,1,0.6728105532613358
5,2012-2013,70,0,1,0.6409111264743909
5,2012-2013,71,1,1,0.6323325672662439
5,2012-2013,72,1,1,0.6669399180771735
5,2012-2013,73,0,1,0.6199631185442932
5,2012-2013,74,0,1,0.6059842933132001
5,2012-2013,75,0,1,0.5859981965221666
5,2012-2013,76,1,1,0.5835760783200287
5,2012-2013,77,0,1,0.5847753572967894
5,2012-2013,78,0,1,0.6404250795417723
5,2012-2013,79,0,1,0.5620255871699054
5,2012-2013,80,0,1,0.5649675703376431
5,2012-2013,81,1,1,0.5861302614016112
5,2012-2013,82,1,1,0.6261889570286726
5,2012-2013,83,1,1,0.5106465739438278
5,2012-2013,84,0,1,0.5248938384065619
5,2012-2013,85,0,1,0.5907497632429822
5,2012-2013,86,0,1,0.6066035284579253
5,2012-2013,87,0,1,0.5051906909549407
5,2012-2013,88,0,1,0.5586249224324681
5,2012-2013,89,0,1,0.5833502469404577
5,2012-2013,90,0,1,0.5068861824332684
5,2012-2013,91,1,1,0.5249559552756361
5,2012-2013,92,1,1,0.5293956719510156
5,2012-2013,93,1,1,0.54723919179916
5,2012-2013,94,1,1,0.5573036558512275
5,2012-2013,95,0,0,0.49727586730142526
5,2012-2013,96,0,0,0.4988730130192392
5,2012-2013,97,1,1,0.6030482968210317
5,2012-2013,98,1,1,0.5818589432018798
5,2012-2013,99,1,1,0.6297791401585531
5,2012-2013,100,0,1,0.593663375328875
5,2012-2013,101,0,0,0.49210482391606586
5,2012-2013,102,1,1,0.5900246279438016
5,2012-2013,103,1,1,0.535606984465427
5,2012-2013,104,1,1,0.6570570050552523
5,2012-2013,105,1,1,0.6332898364494409
5,2012-2013,106,1,1,0.5956005971432651
5,2012-2013,107,1,1,0.6249222401857569
5,2012-2013,108,1,1,0.5825880196548033
5,2012-2013,109,1,1,0.5668048938457904
5,2012-2013,110,0,0,0.4897846943850102
5,2012-2013,111,0,1,0.584811268740164
5,2012-2013,112,1,0,0.4959998602653454
5,2012-2013,113,1,0,0.4620754556126205
5,2012-2013,114,0,1,0.5256960861821328
5,2012-2013,115,0,1,0.5301968361825276
5,2012-2013,116,1,0,0.42758243290493214
5,2012-2013,117,0,0,0.44006411186728484
5,2012-2013,118,0,1,0.6129945974684553
5,2012-2013,119,1,1,0.5238720757628758
5,2012-2013,120,0,1,0.5231776310145063
5,2012-2013,121,0,0,0.44228630794715484
5,2012-2013,122,0,0,0.394951936457892
5,2012-2013,123,1,1,0.558011867099936
5,2012-2013,124,1,1,0.5004036683403065
5,2012-2013,125,0,1,0.5655323026727571
5,2012-2013,126,1,1,0.5573556843074994
5,2012-2013,127,1,0,0.455289248984799
5,2012-2013,128,0,0,0.4721038683809234
5,2012-2013,129,1,1,0.5004307748014212
5,2012-2013,130,0,1,0.5095599689141924
5,2012-2013,131,1,1,0.6188000658514321
5,2012-2013,132,1,1,0.6197874743309315
5,2012-2013,133,1,1,0.6156710267987374
5,2012-2013,134,1,1,0.6500044325524245
5,2012-2013,135,0,1,0.6532228878207744
5,2012-2013,136,1,1,0.6298380005136124
5,2012-2013,137,1,1,0.5385089859700829
5,2012-2013,138,1,1,0.5258095728576614
5,2012-2013,139,0,1,0.5836493621414137
5,2012-2013,140,1,1,0.5818640756472757
5,2012-2013,141,1,1,0.6892174868358997
5,2012-2013,142,1,1,0.6509823512501103
5,2012-2013,143,1,1,0.6472926831747697
5,2012-2013,144,1,1,0.6636186688895959
5,2012-2013,145,1,1,0.6848503723861705
5,2012-2013,146,0,1,0.6790756545661566
5,2012-2013,147,1,1,0.6203519792300705
5,2012-2013,148,0,0,0.4752000172412677
5,2012-2013,149,0,1,0.5691107694087234
5,2012-2013,150,1,1,0.5637999502091902
5,2012-2013,151,1,1,0.6567733133819912
5,2012-2013,152,1,1,0.6883541280919608
5,2012-2013,153,1,1,0.6488061809968383
5,2012-2013,154,0,1,0.64728761807335
5,2012-2013,155,0,1,0.5701599050090527
5,2012-2013,156,1,1,0.7152492811966278
5,2012-2013,157,0,1,0.6419108350262864
5,2012-2013,158,1,1,0.6158385291627835
5,2012-2013,159,1,1,0.5673439544875133
5,2012-2013,160,1,1,0.6267850745113318
5,2012-2013,161,1,1,0.7289060977955673
5,2012-2013,162,0,1,0.584028643235063
5,2012-2013,163,1,1,0.7198615540853939
5,2012-2013,164,1,1,0.6475544108753087
5,2012-2013,165,1,1,0.5159124399402146
5,2012-2013,166,0,1,0.6592515858041387
5,2012-2013,167,0,0,0.4805475683692902
5,2012-2013,168,1,1,0.6915907930299655
5,2012-2013,169,1,1,0.6089845731865906
5,2012-2013,170,1,1,0.5553674908820385
5,2012-2013,171,1,1,0.732310869750257
5,2012-2013,172,0,1,0.5978951416875722
5,2012-2013,173,1,1,0.6212107893311812
5,2012-2013,174,1,1,0.5913449268923234
5,2012-2013,175,1,1,0.6745830033716362
5,2012-2013,176,0,1,0.7171293089931606
5,2012-2013,177,1,1,0.731121537047248
5,2012-2013,178,0,1,0.5255609499924951
5,2012-2013,179,1,1,0.6819690123095736
5,2012-2013,180,0,1,0.6411050658698796
5,2012-2013,181,0,1,0.6994628103639864
5,2012-2013,182,0,1,0.673586970354508
5,2012-2013,183,1,1,0.5465241076790888
5,2012-2013,184,0,1,0.5572821998163932
5,2012-2013,185,0,1,0.6812350761805923
5,2012-2013,186,0,0,0.44556187866281544
5,2012-2013,187,1,1,0.6317264463775855
5,2012-2013,188,0,0,0.4585871629183313
5,2012-2013,189,0,0,0.4934652105834115
5,2012-2013,190,1,1,0.5010720224007406
5,2012-2013,191,0,1,0.6137884246280433
5,2012-2013,192,0,1,0.559236103739713
5,2012-2013,193,1,1,0.6312698540352478
5,2012-2013,194,0,1,0.5190848590942564
5,2012-2013,195,1,1,0.533870982911971
5,2012-2013,196,1,1,0.5964380569205586
5,2012-2013,197,0,1,0.5923682152435953
5,2012-2013,198,0,1,0.5354005824190123
5,2012-2013,199,1,1,0.5508656612872044
5,2012-2013,200,1,1,0.6729739470461297
5,2012-2013,201,0,1,0.6791685989131697
5,2012-2013,202,1,1,0.592548513678826
5,2012-2013,203,0,1,0.6915297602289466
5,2012-2013,204,1,1,0.6365766261546384
5,2012-2013,205,0,0,0.45870455080996214
5,2012-2013,206,1,1,0.5862583667145546
5,2012-2013,207,1,1,0.7047879217960191
5,2012-2013,208,0,1,0.6111735122280993
5,2012-2013,209,1,1,0.7308361434555779
5,2012-2013,210,1,1,0.5285631451883869
5,2012-2013,211,1,1,0.6410966874374395
5,2012-2013,212,0,0,0.46042661144664104
5,2012-2013,213,1,1,0.5104422827083784
5,2012-2013,214,0,0,0.45259882378776384
5,2012-2013,215,0,1,0.5124169832218652
5,2012-2013,216,1,1,0.6688887235472436
5,2012-2013,217,0,0,0.3771045624389382
5,2012-2013,218,0,1,0.5334319757877689
5,2012-2013,219,1,1,0.6511111167160594
5,2012-2013,220,1,1,0.6063307973179729
5,2012-2013,221,0,0,0.39295439763445866
5,2012-2013,222,1,0,0.32747601987293506
5,2012-2013,223,1,1,0.5358202317711547
5,2012-2013,224,1,0,0.4813991853213203
5,2012-2013,225,0,1,0.651159158521467
5,2012-2013,226,0,1,0.5697976981113428
5,2012-2013,227,0,0,0.46224293209306655
5,2012-2013,228,1,0,0.4869900095166698
5,2012-2013,229,0,1,0.5002039016298391
5,2012-2013,230,0,0,0.423767532305212
5,2012-2013,231,1,1,0.6407855008337685
5,2012-2013,232,1,1,0.5566759568267463
5,2012-2013,233,1,0,0.47855077086081016
5,2012-2013,234,0,0,0.4676077035621621
5,2012-2013,235,1,0,0.45768921135385376
5,2012-2013,236,1,0,0.4845884553025609
5,2012-2013,237,1,1,0.7154446911768523
5,2012-2013,238,1,1,0.5056098592210894
5,2012-2013,239,1,1,0.6278117274557927
5,2012-2013,240,1,1,0.7511080087603863
5,2012-2013,241,1,1,0.7027908263284058
5,2012-2013,242,1,1,0.5997259317011566
5,2012-2013,243,1,1,0.6185368906734768
5,2012-2013,244,1,1,0.5734982656962098
5,2012-2013,245,1,0,0.377068810133323
5,2012-2013,246,1,1,0.6536956324347799
5,2012-2013,247,0,0,0.4410441182537241
5,2012-2013,248,0,1,0.555393404552456
5,2012-2013,249,0,1,0.5155786092432829
5,2012-2013,250,1,0,0.3543433735795278
5,2012-2013,251,1,1,0.5888180704385
5,2012-2013,252,0,1,0.6183698133142431
5,2012-2013,253,0,1,0.5303434685822823
5,2012-2013,254,1,1,0.7131246369277181
5,2012-2013,255,0,0,0.48366241151031186
5,2012-2013,256,1,1,0.6560307662923576
5,2012-2013,257,1,1,0.5390461501816658
5,2012-2013,258,1,1,0.7053012631083557
5,2012-2013,259,0,1,0.6358326393296145
5,2012-2013,260,0,1,0.569608071987497
5,2012-2013,261,0,0,0.416048722320221
5,2012-2013,262,0,1,0.5579233743596985
5,2012-2013,263,1,1,0.5181792562800277
5,2012-2013,264,0,1,0.6146851962856217
5,2012-2013,265,0,1,0.5490196501815224
5,2012-2013,266,1,1,0.5048042185427085
5,2012-2013,267,1,1,0.75508418436861
5,2012-2013,268,1,1,0.651104092429376
5,2012-2013,269,1,1,0.69157312283299
5,2012-2013,270,0,0,0.4642996587056582
5,2012-2013,271,1,0,0.49118049763308724
5,2012-2013,272,1,1,0.7007232788973091
5,2012-2013,273,1,1,0.6057213176433902
5,2012-2013,274,1,1,0.6695255847401258
5,2012-2013,275,1,1,0.553632313376411
5,2012-2013,276,1,1,0.6769171312272648
5,2012-2013,277,1,1,0.6883929823046627
5,2012-2013,278,1,1,0.6118700990652873
5,2012-2013,279,0,1,0.551605352120783
5,2012-2013,280,1,1,0.6178978760200172
5,2012-2013,281,0,1,0.5437335926192779
5,2012-2013,282,0,0,0.4514963902838356
5,2012-2013,283,0,1,0.6833936289733067
5,2012-2013,284,1,1,0.6479819837055788
5,2012-2013,285,1,1,0.6462785718495299
5,2012-2013,286,0,1,0.5370014726842649
5,2012-2013,287,1,1,0.6379614002076394
5,2012-2013,288,1,1,0.6373438522117246
5,2012-2013,289,0,0,0.4880789258193628
5,2012-2013,290,0,1,0.7142901678191261
5,2012-2013,291,1,1,0.7234175510882216
5,2012-2013,292,1,1,0.5913201544593307
5,2012-2013,293,1,1,0.6859311004800016
5,2012-2013,294,1,1,0.753657776978076
5,2012-2013,295,1,1,0.7483046518208768
5,2012-2013,296,1,1,0.72129132955255
5,2012-2013,297,1,1,0.7689059036491638
5,2012-2013,298,0,0,0.44342795800253776
5,2012-2013,299,0,1,0.651839362666693
5,2012-2013,300,1,1,0.7473175269412917
5,2012-2013,301,1,1,0.531889509677123
5,2012-2013,302,0,1,0.5697437975010822
5,2012-2013,303,1,1,0.5435073517828027
5,2012-2013,304,1,1,0.6860506312841606
5,2012-2013,305,1,1,0.6747604322227326
5,2012-2013,306,1,1,0.6391762941798527
5,2012-2013,307,1,1,0.7666193616660488
5,2012-2013,308,1,1,0.7064322896723517
5,2012-2013,309,1,1,0.6607243919152047
5,2012-2013,310,1,1,0.8099798824203623
5,2012-2013,311,1,1,0.7338141496155832
5,2012-2013,312,0,1,0.681480195839896
5,2012-2013,313,1,1,0.5955723321415981
5,2012-2013,314,0,1,0.7007719041289127
5,2012-2013,315,1,1,0.6160934947387173
5,2012-2013,316,0,1,0.7025691308138345
5,2012-2013,317,0,1,0.6962082563583941
5,2012-2013,318,1,1,0.6399426397844846
5,2012-2013,319,1,1,0.6453228235608951
5,2012-2013,320,0,1,0.6588628789860241
5,2012-2013,321,0,0,0.44493216466905205
5,2012-2013,322,1,0,0.46924146227635843
5,2012-2013,323,1,1,0.7351527370419901
5,2012-2013,324,1,1,0.6646402175224347
5,2012-2013,325,0,1,0.6368385073569148
5,2012-2013,326,1,1,0.7380265917453097
5,2012-2013,327,1,1,0.7033207590597869
5,2012-2013,328,1,1,0.7597993979379212
5,2012-2013,329,0,1,0.6181781265119273
5,2012-2013,330,1,1,0.7266811805863659
5,2012-2013,331,1,1,0.6167675572185881
5,2012-2013,332,1,1,0.5506654353308056
5,2012-2013,333,0,1,0.6970503581632751
5,2012-2013,334,0,1,0.6749759530515991
5,2012-2013,335,1,0,0.4811107208591107
5,2012-2013,336,1,1,0.7042055169640239
5,2012-2013,337,0,1,0.5793157368329885
5,2012-2013,338,1,1,0.6119139129017234
5,2012-2013,339,1,1,0.6434450489060127
5,2012-2013,340,1,1,0.6620289124336423
5,2012-2013,341,1,1,0.7175449276672434
5,2012-2013,342,1,1,0.7090983656529228
5,2012-2013,343,1,1,0.6381626253662712
5,2012-2013,344,1,1,0.7311745432018302
5,2013-2014,6,1,0,0.48393319922687905
5,2013-2014,7,1,0,0.498464588542604
5,2013-2014,8,1,0,0.4126753475061724
5,2013-2014,9,0,0,0.49479471632276123
5,2013-2014,10,0,0,0.4784576605223793
5,2013-2014,11,1,0,0.43163227233783114
5,2013-2014,12,0,0,0.4891030962622133
5,2013-2014,13,0,0,0.4376654519206773
5,2013-2014,14,0,0,0.4114226948019424
5,2013-2014,15,0,0,0.36600023598770326
5,2013-2014,16,1,0,0.3020358323745072
5,2013-2014,17,1,0,0.37744908996746607
5,2013-2014,18,1,0,0.39677522801960685
5,2013-2014,19,1,0,0.46237313149937725
5,2013-2014,20,1,1,0.5066773225249729
5,2013-2014,21,0,1,0.5074892285062219
5,2013-2014,22,1,1,0.5044572368365191
5,2013-2014,23,0,1,0.5244153012506924
5,2013-2014,24,1,0,0.46038072336201974
5,2013-2014,25,0,1,0.5391123923457797
5,2013-2014,26,0,1,0.5234002373930322
5,2013-2014,27,1,1,0.5037103030768898
5,2013-2014,28,0,0,0.49654117803313536
5,2013-2014,29,1,0,0.4864625367656658
5,2013-2014,30,1,1,0.5192983831915621
5,2013-2014,31,0,1,0.5285964517886683
5,2013-2014,32,1,1,0.5181091900132992
5,2013-2014,33,1,1,0.5394881507735064
5,2013-2014,34,1,1,0.5467774551986113
5,2013-2014,35,0,1,0.5795344642658927
5,2013-2014,36,1,1,0.5318993683473969
5,2013-2014,37,1,1,0.5550153652589022
5,2013-2014,38,0,1,0.5541407644293106
5,2013-2014,39,0,1,0.5459301742186891
5,2013-2014,40,0,1,0.5288419509255297
5,2013-2014,41,1,1,0.507830937952062
5,2013-2014,42,1,1,0.5625239656066505
5,2013-2014,43,1,1,0.5403996112562608
5,2013-2014,44,1,1,0.5667110693867926
5,2013-2014,45,1,1,0.5748197182221733
5,2013-2014,46,0,1,0.5612627006906501
5,2013-2014,47,0,1,0.5573933683232386
5,2013-2014,48,1,1,0.5688895589087107
5,2013-2014,49,1,1,0.5592734759557118
5,2013-2014,50,1,1,0.5641408639575715
5,2013-2014,51,1,1,0.5849442170339197
5,2013-2014,52,0,1,0.587704442955453
5,2013-2014,53,1,1,0.5759721161197114
5,2013-2014,54,1,1,0.6045857064252678
5,2013-2014,55,1,1,0.5914911250780517
5,2013-2014,56,0,1,0.5799275054162129
5,2013-2014,57,0,1,0.6046299954228785
5,2013-2014,58,1,1,0.5782766221640825
5,2013-2014,59,1,1,0.5574493372648818
5,2013-2014,60,0,1,0.6105719290687638
5,2013-2014,61,1,1,0.5894109425130245
5,2013-2014,62,0,1,0.5607998871314545
5,2013-2014,63,0,1,0.571607289160729
5,2013-2014,64,0,1,0.5806446097840676
5,2013-2014,65,0,1,0.5490921570832538
5,2013-2014,66,0,1,0.5600987056824338
5,2013-2014,67,1,1,0.561011612049398
5,2013-2014,68,1,1,0.569746776215254
5,2013-2014,69,0,1,0.5227088952624582
5,2013-2014,70,0,1,0.5428330343370366
5,2013-2014,71,1,1,0.5666893767958582
5,2013-2014,72,1,1,0.5440350594633163
5,2013-2014,73,0,1,0.5599866457010113
5,2013-2014,74,1,0,0.4959534007055655
5,2013-2014,75,0,1,0.5577262909371702
5,2013-2014,76,1,1,0.5280499187731623
5,2013-2014,77,0,1,0.5398000322327228
5,2013-2014,78,0,1,0.5282683013238868
5,2013-2014,79,0,1,0.5392957706178839
5,2013-2014,80,1,1,0.5126960144559387
5,2013-2014,81,0,1,0.5226908166449535
5,2013-2014,82,1,1,0.5530778815895702
5,2013-2014,83,1,1,0.5648985313487935
5,2013-2014,84,0,1,0.5782363354794068
5,2013-2014,85,1,1,0.5418240098597519
5,2013-2014,86,1,1,0.5441070069627858
5,2013-2014,87,1,1,0.560053835872623
5,2013-2014,88,1,1,0.582987855491619
5,2013-2014,89,0,1,0.5479626260391438
5,2013-2014,90,1,1,0.5943909175147258
5,2013-2014,91,1,1,0.5919554599673632
5,2013-2014,92,1,1,0.5518961215489233
5,2013-2014,93,0,1,0.5830722593160459
5,2013-2014,94,0,1,0.6048169399712938
5,2013-2014,95,1,1,0.6109052373198323
5,2013-2014,96,0,1,0.5608527208117896
5,2013-2014,97,0,1,0.6059412418742487
5,2013-2014,98,0,0,0.4942805209804703
5,2013-2014,99,1,1,0.5539878314454668
5,2013-2014,100,0,0,0.4762279751760688
5,2013-2014,101,0,1,0.5075062832292158
5,2013-2014,102,1,1,0.5025279392002479
5,2013-2014,103,0,1,0.5159003879162749
5,2013-2014,104,0,0,0.48121356623932077
5,2013-2014,105,1,0,0.4954398265927177
5,2013-2014,106,1,1,0.5436518936330963
5,2013-2014,107,1,0,0.490115034119102
5,2013-2014,108,0,0,0.47552190123302185
5,2013-2014,109,1,1,0.5515867924979115
5,2013-2014,110,0,0,0.430846026974994
5,2013-2014,111,1,1,0.5382784935439661
5,2013-2014,112,1,1,0.5174114595506915
5,2013-2014,113,0,1,0.551753079341462
5,2013-2014,114,1,1,0.516394834044784
5,2013-2014,115,1,1,0.5580750638832985
5,2013-2014,116,1,0,0.49104822665103676
5,2013-2014,117,1,1,0.5631564620043535
5,2013-2014,118,1,1,0.5844440348019145
5,2013-2014,119,0,1,0.5496725627983965
5,2013-2014,120,0,1,0.532497615404349
5,2013-2014,121,1,1,0.586954387341968
5,2013-2014,122,1,1,0.6026915350820757
5,2013-2014,123,0,1,0.5663137718771223
5,2013-2014,124,1,1,0.5772893295571685
5,2013-2014,125,1,1,0.5775046106352382
5,2013-2014,126,0,1,0.5636820883769006
5,2013-2014,127,1,1,0.6042670839115043
5,2013-2014,128,1,1,0.5806603944150276
5,2013-2014,129,0,1,0.5903829230935809
5,2013-2014,130,0,1,0.582301623959602
5,2013-2014,131,1,1,0.5171977500246584
5,2013-2014,132,0,0,0.45097606792070066
5,2013-2014,133,0,0,0.4814625429661995
5,2013-2014,134,1,1,0.5563414090856689
5,2013-2014,135,0,0,0.4762820685114874
5,2013-2014,136,0,1,0.5170437147592539
5,2013-2014,137,0,0,0.42746364254097524
5,2013-2014,138,1,0,0.47682357612514487
5,2013-2014,139,1,1,0.5195159893403452
5,2013-2014,140,1,1,0.5357473920772762
5,2013-2014,141,1,1,0.5081817279876101
5,2013-2014,142,1,1,0.5651197438595441
5,2013-2014,143,1,1,0.578441863204675
5,2013-2014,144,1,1,0.5679059511072068
5,2013-2014,145,1,1,0.5806896548315608
5,2013-2014,146,1,0,0.49095413802254484
5,2013-2014,147,1,1,0.6515332394096855
5,2013-2014,148,1,1,0.6035540570386568
5,2013-2014,149,1,1,0.6221511660691438
5,2013-2014,150,1,0,0.4937972234911228
5,2013-2014,151,1,1,0.6565965935869513
5,2013-2014,152,0,1,0.5739863167287733
5,2013-2014,153,0,1,0.6733430229141951
5,2013-2014,154,1,1,0.5809297117043338
5,2013-2014,155,1,1,0.6396668575655927
5,2013-2014,156,0,0,0.48276476551955755
5,2013-2014,157,0,0,0.4765726141375109
5,2013-2014,158,0,0,0.48513908254807553
5,2013-2014,159,1,1,0.6280483111201599
5,2013-2014,160,1,1,0.6782744191496208
5,2013-2014,161,0,0,0.45874222684630306
5,2013-2014,162,0,1,0.5919882082940806
5,2013-2014,163,0,0,0.4744264916127493
5,2013-2014,164,1,1,0.5546840549257558
5,2013-2014,165,0,1,0.5008860907966658
5,2013-2014,166,0,1,0.5444074513010897
5,2013-2014,167,1,1,0.5901401131407281
5,2013-2014,168,1,1,0.5742906928630742
5,2013-2014,169,1,1,0.5821151249332772
5,2013-2014,170,0,0,0.464043295784604
5,2013-2014,171,1,1,0.5992223104695468
5,2013-2014,172,0,0,0.42677061938918215
5,2013-2014,173,1,0,0.4652296423638972
5,2013-2014,174,1,1,0.578744910655446
5,2013-2014,175,0,1,0.5283193687654901
5,2013-2014,176,1,1,0.5835251474962071
5,2013-2014,177,1,0,0.45576575050101814
5,2013-2014,178,0,1,0.5893281918910416
5,2013-2014,179,0,0,0.4866737318538384
5,2013-2014,180,1,1,0.6542895902001208
5,2013-2014,181,1,1,0.6497112754254234
5,2013-2014,182,1,1,0.5004974173628998
5,2013-2014,183,1,1,0.7120595933683072
5,2013-2014,184,1,1,0.6946495549748501
5,2013-2014,185,0,1,0.655384694460459
5,2013-2014,186,1,1,0.6244748220022158
5,2013-2014,187,1,1,0.5477777059656809
5,2013-2014,188,1,1,0.6429763411650451
5,2013-2014,189,0,0,0.49689755281108144
5,2013-2014,190,1,0,0.4912926661733406
5,2013-2014,191,0,0,0.43075728654661044
5,2013-2014,192,0,1,0.5406403175775198
5,2013-2014,193,1,1,0.6654356509185264
5,2013-2014,194,0,1,0.5753346555991844
5,2013-2014,195,1,1,0.509764589964191
5,2013-2014,196,0,1,0.5545744628687579
5,2013-2014,197,0,1,0.5790672232077191
5,2013-2014,198,1,1,0.5662395472871397
5,2013-2014,199,1,1,0.5082663707508487
5,2013-2014,200,1,1,0.6516499559618552
5,2013-2014,201,0,0,0.3933761683862916
5,2013-2014,202,1,1,0.6135872736563127
5,2013-2014,203,1,1,0.6379158565450254
5,2013-2014,204,0,1,0.5672954078634886
5,2013-2014,205,1,0,0.4852023927975721
5,2013-2014,206,1,1,0.6289196179367978
5,2013-2014,207,1,1,0.6909894301137892
5,2013-2014,208,1,1,0.6602134926229687
5,2013-2014,209,1,1,0.6491541250507527
5,2013-2014,210,0,1,0.6099698644827143
5,2013-2014,211,1,1,0.5703041333399671
5,2013-2014,212,1,1,0.7110726521527321
5,2013-2014,213,1,1,0.7303752695664227
5,2013-2014,214,1,1,0.7115576007270457
5,2013-2014,215,0,1,0.5980152518801781
5,2013-2014,216,1,1,0.6831197666234841
5,2013-2014,217,1,1,0.7025311415851551
5,2013-2014,218,1,1,0.6668331862312444
5,2013-2014,219,1,1,0.523540888491034
5,2013-2014,220,1,1,0.669913746240715
5,2013-2014,221,1,1,0.6746524817223832
5,2013-2014,222,0,0,0.380083129484196
5,2013-2014,223,0,1,0.5567878427124904
5,2013-2014,224,1,1,0.666810462753525
5,2013-2014,225,0,1,0.5165841694011166
5,2013-2014,226,0,1,0.7173084519565273
5,2013-2014,227,1,1,0.6021234546708402
5,2013-2014,228,0,0,0.3705803355550561
5,2013-2014,229,1,1,0.540881432840342
5,2013-2014,230,1,1,0.6811061649911112
5,2013-2014,231,1,1,0.5324711753218064
5,2013-2014,232,1,0,0.43816912607092345
5,2013-2014,233,0,1,0.6446606485349098
5,2013-2014,234,0,1,0.6657518290760971
5,2013-2014,235,1,1,0.5628761447672713
5,2013-2014,236,0,1,0.6432870483536499
5,2013-2014,237,0,1,0.7345557407702533
5,2013-2014,238,0,1,0.664979819026021
5,2013-2014,239,1,1,0.5130643009602793
5,2013-2014,240,0,1,0.5113946826742035
5,2013-2014,241,1,1,0.6769006755671011
5,2013-2014,242,1,1,0.5584625376280213
5,2013-2014,243,1,1,0.566712410541649
5,2013-2014,244,0,1,0.5145131530955889
5,2013-2014,245,1,1,0.6749331618996238
5,2013-2014,246,1,1,0.6219791187954696
5,2013-2014,247,1,1,0.6686707939720214
5,2013-2014,248,1,1,0.582265297535476
5,2013-2014,249,0,1,0.6942371656164109
5,2013-2014,250,1,1,0.6145574926767804
5,2013-2014,251,1,0,0.4817896168167746
5,2013-2014,252,1,1,0.6513277031863368
5,2013-2014,253,1,0,0.4875286951460904
5,2013-2014,254,1,1,0.6592630337863052
5,2013-2014,255,1,1,0.7248607302482234
5,2013-2014,256,0,1,0.6461003988220566
5,2013-2014,257,1,1,0.7121800160953506
5,2013-2014,258,1,1,0.657822474351473
5,2013-2014,259,0,1,0.7086358453602194
5,2013-2014,260,1,1,0.7501311217282634
5,2013-2014,261,0,1,0.6507464166329529
5,2013-2014,262,1,1,0.7074687959179506
5,2013-2014,263,1,1,0.5708424208364684
5,2013-2014,264,1,1,0.7441977613041111
5,2013-2014,265,1,1,0.7092286333024477
5,2013-2014,266,0,1,0.6099703532350228
5,2013-2014,267,1,1,0.715121693481793
5,2013-2014,268,0,1,0.6883684529662418
5,2013-2014,269,1,1,0.6222575238378064
5,2013-2014,270,1,1,0.5628464615035694
5,2013-2014,271,1,1,0.6147189393578263
5,2013-2014,272,1,1,0.6575850682153392
5,2013-2014,273,1,1,0.6930674134198807
5,2013-2014,274,0,1,0.6595190268570568
5,2013-2014,275,1,1,0.7213723834893633
5,2013-2014,276,0,1,0.7258333198734919
5,2013-2014,277,1,1,0.570627134610453
5,2013-2014,278,0,1,0.6247375710366173
5,2013-2014,279,1,1,0.6401242562258421
5,2013-2014,280,1,1,0.5361541594179106
5,2013-2014,281,1,1,0.6801277050599036
5,2013-2014,282,1,1,0.5755712429117519
5,2013-2014,283,0,1,0.726549807782656
5,2013-2014,284,1,1,0.692859296615108
5,2013-2014,285,1,1,0.5769608791741295
5,2013-2014,286,0,1,0.7167819281530585
5,2013-2014,287,0,1,0.6337660373905852
5,2013-2014,288,1,1,0.6525596804757284
5,2013-2014,289,1,1,0.6291919437712901
5,2013-2014,290,0,1,0.6623824837152895
5,2013-2014,291,1,1,0.5869619265559867
5,2013-2014,292,0,1,0.6968841051301521
5,2013-2014,293,1,1,0.6043049395481703
5,2013-2014,294,1,1,0.6473791205083584
5,2013-2014,295,0,1,0.5688351974257763
5,2013-2014,296,0,1,0.6947582768390635
5,2013-2014,297,0,1,0.5037758939595716
5,2013-2014,298,1,1,0.6320909130778969
5,2013-2014,299,1,1,0.6480549864816004
5,2013-2014,300,1,1,0.5768448283980886
5,2013-2014,301,0,1,0.659886020342819
5,2013-2014,302,1,1,0.7233921568592523
5,2013-2014,303,1,1,0.5569988827277194
5,2013-2014,304,0,1,0.6970248998648427
5,2013-2014,305,0,1,0.5695357704764868
5,2013-2014,306,0,1,0.500337473275384
5,2013-2014,307,0,1,0.630419554069086
5,2013-2014,308,0,0,0.47243718760948616
5,2013-2014,309,1,1,0.5567666613288712
5,2013-2014,310,1,1,0.5486363901945186
5,2014-2015,6,1,1,0.622894212674923
5,2014-2015,7,1,1,0.6884958181244183
5,2014-2015,8,0,1,0.6556437222547794
5,2014-2015,9,0,1,0.7002472599380156
5,2014-2015,10,1,1,0.5838302966897966
5,2014-2015,11,1,1,0.6205209256888217
5,2014-2015,12,1,1,0.6483426779611144
5,2014-2015,13,0,1,0.5765262625942179
5,2014-2015,14,1,1,0.6895402495137423
5,2014-2015,15,1,1,0.6968034610236298
5,2014-2015,16,0,1,0.7436606654921216
5,2014-2015,17,0,1,0.6947507569965623
5,2014-2015,18,1,1,0.6124544309570675
5,2014-2015,19,1,1,0.6457508462593589
5,2014-2015,20,1,1,0.6499529178105639
5,2014-2015,21,1,1,0.7094497583871969
5,2014-2015,22,1,1,0.7151401855665395
5,2014-2015,23,1,1,0.70806733051554
5,2014-2015,24,1,1,0.7554342228403773
5,2014-2015,25,1,1,0.7391078504368778
5,2014-2015,26,1,1,0.768015670988821
5,2014-2015,27,1,1,0.7696181667362368
5,2014-2015,28,1,1,0.7900921079362713
5,2014-2015,29,1,1,0.7805026780460086
5,2014-2015,30,1,1,0.8119717721658606
5,2014-2015,31,0,1,0.8211690033198202
5,2014-2015,32,1,1,0.7889413475044142
5,2014-2015,33,1,1,0.7817831430640917
5,2014-2015,34,1,1,0.7814123375438667
5,2014-2015,35,0,1,0.7947236334718069
5,2014-2015,36,1,1,0.7663194592686102
5,2014-2015,37,0,1,0.7528147425296747
5,2014-2015,38,1,1,0.7590323493017113
5,2014-2015,39,1,1,0.7526447157421223
5,2014-2015,40,1,1,0.7761823244968704
5,2014-2015,41,1,1,0.7635414469557652
5,2014-2015,42,0,1,0.7920608431799567
5,2014-2015,43,0,1,0.7661143738283386
5,2014-2015,44,1,1,0.7622102726893455
5,2014-2015,45,1,1,0.7621865264951085
5,2014-2015,46,0,1,0.7550828094128907
5,2014-2015,47,0,1,0.721999730866176
5,2014-2015,48,0,1,0.7270326511313531
5,2014-2015,49,0,1,0.7129898117322435
5,2014-2015,50,1,1,0.6940876576665196
5,2014-2015,51,0,1,0.6910086877902184
5,2014-2015,52,0,1,0.7307800964365866
5,2014-2015,53,1,1,0.6804545448320916
5,2014-2015,54,0,1,0.6687184329209874
5,2014-2015,55,0,1,0.6748149007384906
5,2014-2015,56,1,1,0.6277729353678887
5,2014-2015,57,0,1,0.6575340504078592
5,2014-2015,58,1,1,0.6206339164772046
5,2014-2015,59,1,1,0.6665317608905387
5,2014-2015,60,0,1,0.6570510906109122
5,2014-2015,61,0,1,0.6432363806264809
5,2014-2015,62,1,1,0.621882141620695
5,2014-2015,63,0,1,0.6344537544932193
5,2014-2015,64,0,1,0.597496257739052
5,2014-2015,65,1,1,0.588721408459958
5,2014-2015,66,0,1,0.6191136252078348
5,2014-2015,67,0,1,0.6155985859449705
5,2014-2015,68,0,1,0.5742569988376325
5,2014-2015,69,1,1,0.5330704872391913
5,2014-2015,70,1,1,0.5721991293908538
5,2014-2015,71,0,1,0.5879468606636593
5,2014-2015,72,1,1,0.5585548956017059
5,2014-2015,73,1,1,0.5803447310675142
5,2014-2015,74,0,1,0.5833802395292236
5,2014-2015,75,1,1,0.5588022666676061
5,2014-2015,76,0,1,0.5906462672264797
5,2014-2015,77,1,1,0.5717007635204446
5,2014-2015,78,1,1,0.5684297110196488
5,2014-2015,79,0,1,0.5959255280870017
5,2014-2015,80,0,1,0.6014077063358225
5,2014-2015,81,0,1,0.5834575717920311
5,2014-2015,82,1,1,0.5837204547755286
5,2014-2015,83,1,1,0.5363184700409788
5,2014-2015,84,1,1,0.5823516867857753
5,2014-2015,85,0,1,0.57221550271359
5,2014-2015,86,0,1,0.5700785280390512
5,2014-2015,87,1,1,0.5512694671860394
5,2014-2015,88,1,1,0.5594375993189191
5,2014-2015,89,1,1,0.5805315665205841
5,2014-2015,90,1,1,0.5663956813283381
5,2014-2015,91,0,1,0.6000681331492125
5,2014-2015,92,0,1,0.608398903172674
5,2014-2015,93,0,1,0.5579694848253206
5,2014-2015,94,0,1,0.533439730870502
5,2014-2015,95,0,1,0.5759635654374547
5,2014-2015,96,1,1,0.5216280370591644
5,2014-2015,97,1,1,0.572794030708471
5,2014-2015,98,0,1,0.5511340107415303
5,2014-2015,99,1,1,0.5307541289745382
5,2014-2015,100,1,1,0.5902579889521742
5,2014-2015,101,0,1,0.5789065057501795
5,2014-2015,102,0,1,0.5868147529991774
5,2014-2015,103,0,1,0.508391365822975
5,2014-2015,104,1,1,0.5465583731401632
5,2014-2015,105,1,1,0.5449762534977749
5,2014-2015,106,1,1,0.5403049050341334
5,2014-2015,107,0,1,0.5523952141937999
5,2014-2015,108,0,1,0.5598876847778257
5,2014-2015,109,1,1,0.5819738671864068
5,2014-2015,110,1,1,0.617757679834819
5,2014-2015,111,1,1,0.5745617982068572
5,2014-2015,112,0,1,0.5486680463483383
5,2014-2015,113,0,1,0.6183539856037283
5,2014-2015,114,1,1,0.5910110729663721
5,2014-2015,115,0,1,0.5408598416726145
5,2014-2015,116,0,1,0.5746548880247527
5,2014-2015,117,1,1,0.6618973153414572
5,2014-2015,118,1,1,0.6707170231125431
5,2014-2015,119,0,1,0.5626663912445079
5,2014-2015,120,0,1,0.6407995241876736
5,2014-2015,121,0,1,0.5761015695153818
5,2014-2015,122,1,1,0.5799750608216642
5,2014-2015,123,0,1,0.5841891164260348
5,2014-2015,124,1,1,0.6176305531141264
5,2014-2015,125,1,1,0.5476647811167079
5,2014-2015,126,1,1,0.5409583927833549
5,2014-2015,127,0,1,0.5106258185595625
5,2014-2015,128,0,1,0.578244023625594
5,2014-2015,129,1,1,0.560028983570711
5,2014-2015,130,1,1,0.5964881518721803
5,2014-2015,131,0,1,0.6297854171161702
5,2014-2015,132,0,0,0.4316460069721094
5,2014-2015,133,1,1,0.5549246554189241
5,2014-2015,134,0,1,0.5800575849493714
5,2014-2015,135,1,1,0.5022414283993903
5,2014-2015,136,1,1,0.5688644925293797
5,2014-2015,137,1,1,0.6500961453601591
5,2014-2015,138,1,1,0.6144854977389367
5,2014-2015,139,0,1,0.5551048029524738
5,2014-2015,140,0,1,0.5615657630453372
5,2014-2015,141,1,1,0.5732037496679835
5,2014-2015,142,1,1,0.6352794838945126
5,2014-2015,143,1,1,0.6011976976330715
5,2014-2015,144,1,1,0.6612654114815388
5,2014-2015,145,1,1,0.5821262430878722
5,2014-2015,146,1,1,0.5948284817132982
5,2014-2015,147,1,1,0.5915878267829372
5,2014-2015,148,1,1,0.581385617605926
5,2014-2015,149,1,1,0.5882281000076632
5,2014-2015,150,1,1,0.6297459614616635
5,2014-2015,151,0,1,0.6456715262487722
5,2014-2015,152,1,1,0.6133770158594609
5,2014-2015,153,0,1,0.62525686567271
5,2014-2015,154,1,1,0.5999702915720257
5,2014-2015,155,1,1,0.6561371304405745
5,2014-2015,156,0,1,0.631019225114587
5,2014-2015,157,1,1,0.6631279014806986
5,2014-2015,158,1,1,0.638110592452418
5,2014-2015,159,1,1,0.613738768621556
5,2014-2015,160,0,1,0.5934157648570318
5,2014-2015,161,0,1,0.5706257231350912
5,2014-2015,162,1,1,0.6140466748759067
5,2014-2015,163,0,1,0.5382617932145541
5,2014-2015,164,0,1,0.6457931251935208
5,2014-2015,165,0,1,0.5846106773847404
5,2014-2015,166,0,1,0.6547486369955298
5,2014-2015,167,1,1,0.6394675966763695
5,2014-2015,168,1,1,0.6334909930880516
5,2014-2015,169,0,1,0.524928416836931
5,2014-2015,170,1,1,0.5335390920009376
5,2014-2015,171,0,1,0.5477080458517772
5,2014-2015,172,1,1,0.6319013369152232
5,2014-2015,173,1,1,0.594625307103769
5,2014-2015,174,1,1,0.6389063432324735
5,2014-2015,175,0,1,0.6335207258469531
5,2014-2015,176,1,1,0.6869434738258037
5,2014-2015,177,0,1,0.634750192042083
5,2014-2015,178,1,1,0.665655792743977
5,2014-2015,179,1,1,0.6677465986639801
5,2014-2015,180,1,1,0.5957204449827654
5,2014-2015,181,1,1,0.6266796699324746
5,2014-2015,182,1,1,0.5614851995648192
5,2014-2015,183,1,1,0.6536805401956695
5,2014-2015,184,1,1,0.5670859222811232
5,2014-2015,185,1,1,0.6247780123545298
5,2014-2015,186,0,1,0.6236062133867696
5,2014-2015,187,1,1,0.7360338578223939
5,2014-2015,188,0,1,0.6064027925385945
5,2014-2015,189,1,1,0.6527725669800051
5,2014-2015,190,1,1,0.6935935108304513
5,2014-2015,191,0,0,0.48241473910987986
5,2014-2015,192,0,1,0.5947731390755575
5,2014-2015,193,1,1,0.7059866596277091
5,2014-2015,194,0,1,0.5292062220953833
5,2014-2015,195,1,1,0.5014314989582698
5,2014-2015,196,1,1,0.551286371109803
5,2014-2015,197,0,0,0.4840687474171889
5,2014-2015,198,0,1,0.5341507385879884
5,2014-2015,199,1,1,0.6927111645111957
5,2014-2015,200,0,1,0.6769458962687943
5,2014-2015,201,0,1,0.7107068448016223
5,2014-2015,202,1,1,0.6897176567772
5,2014-2015,203,1,1,0.6297755248312362
5,2014-2015,204,0,0,0.4639007354418671
5,2014-2015,205,1,1,0.681527718706946
5,2014-2015,206,1,0,0.4951217279777435
5,2014-2015,207,1,1,0.7412332374390794
5,2014-2015,208,1,1,0.6105343718030914
5,2014-2015,209,1,1,0.6788313950332608
5,2014-2015,210,1,1,0.7561254641400403
5,2014-2015,211,0,0,0.427691709951606
5,2014-2015,212,0,1,0.6545234513287345
5,2014-2015,213,1,1,0.753982598453226
5,2014-2015,214,0,1,0.5550052118637694
5,2014-2015,215,1,1,0.6320459127407299
5,2014-2015,216,0,1,0.5493239283563512
5,2014-2015,217,0,0,0.4366487961637702
5,2014-2015,218,1,1,0.6905081440824699
5,2014-2015,219,1,1,0.700404685405238
5,2014-2015,220,1,1,0.7187351433448679
5,2014-2015,221,0,1,0.5111942749484074
5,2014-2015,222,1,0,0.4754113362082964
5,2014-2015,223,1,1,0.6298230368454097
5,2014-2015,224,1,1,0.5960774876564274
5,2014-2015,225,0,1,0.5247651097278857
5,2014-2015,226,0,1,0.6237015061739043
5,2014-2015,227,0,1,0.6418710649218304
5,2014-2015,228,1,1,0.6517686287370696
5,2014-2015,229,1,1,0.5470503317611981
5,2014-2015,230,1,1,0.5845888530013683
5,2014-2015,231,0,1,0.6349941150723738
5,2014-2015,232,1,1,0.7462909418010225
5,2014-2015,233,0,1,0.5469794052307881
5,2014-2015,234,1,0,0.4837844591431896
5,2014-2015,235,0,1,0.6924900033070146
5,2014-2015,236,1,1,0.6174867800386457
5,2014-2015,237,0,1,0.6501395459566431
5,2014-2015,238,1,1,0.5668032384500603
5,2014-2015,239,1,1,0.558156138101863
5,2014-2015,240,1,1,0.6399571390659999
5,2014-2015,241,1,1,0.6596272699639875
5,2014-2015,242,0,1,0.6283506081369867
5,2014-2015,243,1,1,0.5920713208270522
5,2014-2015,244,1,1,0.6129458237197951
5,2014-2015,245,1,1,0.5405299419858276
5,2014-2015,246,1,1,0.6436336906744172
5,2014-2015,247,1,1,0.6855972323526033
5,2014-2015,248,1,1,0.574804066467718
5,2014-2015,249,1,1,0.6967988437827343
5,2014-2015,250,1,1,0.7150276272564634
5,2014-2015,251,1,1,0.6752375510075688
5,2014-2015,252,1,1,0.750670836673596
5,2014-2015,253,1,1,0.7873097417791924
5,2014-2015,254,1,1,0.6769471405246095
5,2014-2015,255,1,1,0.8189850560316227
5,2014-2015,256,0,1,0.7672822236290073
5,2014-2015,257,0,1,0.7921528260294636
5,2014-2015,258,0,1,0.7051901634524982
5,2014-2015,259,0,1,0.7805290076783057
5,2014-2015,260,0,1,0.6545594630863781
5,2014-2015,261,0,0,0.49353170402342444
5,2014-2015,262,1,1,0.690428926831399
5,2014-2015,263,0,1,0.6027455537014672
5,2014-2015,264,0,0,0.41685342841081685
5,2014-2015,265,1,0,0.4209722819032583
5,2014-2015,266,0,1,0.719990583751804
5,2014-2015,267,1,0,0.3791241932440629
5,2014-2015,268,1,1,0.5699613020562246
5,2014-2015,269,1,1,0.6836136359726293
5,2014-2015,270,1,1,0.6628439973594615
5,2014-2015,271,0,1,0.5263459067942502
5,2014-2015,272,0,1,0.69075211352026
5,2014-2015,273,0,1,0.5063536363083647
5,2014-2015,274,1,1,0.6262987878729117
5,2014-2015,275,1,1,0.7035096508730994
5,2014-2015,276,1,1,0.5529652949946631
5,2014-2015,277,0,1,0.5924143672975175
5,2014-2015,278,1,1,0.678653057843701
5,2014-2015,279,1,1,0.646181446497909
5,2015-2016,6,0,0,0.40784439288098284
5,2015-2016,7,0,0,0.33445029580895147
5,2015-2016,8,0,0,0.22272640372416144
5,2015-2016,9,0,0,0.21204773666039117
5,2015-2016,10,0,0,0.15497184982033327
5,2015-2016,11,1,0,0.1642874836475722
5,2015-2016,12,0,0,0.24253438221106538
5,2015-2016,13,1,0,0.21340404232778548
5,2015-2016,14,1,0,0.31787360072094334
5,2015-2016,15,1,0,0.3462042066839335
5,2015-2016,16,0,0,0.41359826655709364
5,2015-2016,17,1,0,0.3709701848152157
5,2015-2016,18,0,0,0.4327978503188172
5,2015-2016,19,1,0,0.38794778333796737
5,2015-2016,20,0,0,0.46536231723080035
5,2015-2016,21,1,0,0.38945577474233295
5,2015-2016,22,1,0,0.43192548016341853
5,2015-2016,23,0,0,0.4413352678533111
5,2015-2016,24,1,0,0.43375523059136667
5,2015-2016,25,1,0,0.472946322616997
5,2015-2016,26,0,0,0.4998569066203767
5,2015-2016,27,0,0,0.4725164415900036
5,2015-2016,28,0,0,0.45162221405161446
5,2015-2016,29,1,0,0.4227809428304829
5,2015-2016,30,1,0,0.456036494244173
5,2015-2016,31,1,0,0.49351633445225257
5,2015-2016,32,1,1,0.5096527447699136
5,2015-2016,33,0,0,0.4764115354024285
5,2015-2016,34,0,0,0.4813071644080927
5,2015-2016,35,1,0,0.4773874205212212
5,2015-2016,36,1,0,0.4925883073977681
5,2015-2016,37,0,0,0.4967335435894863
5,2015-2016,38,0,1,0.5198203338336255
5,2015-2016,39,0,0,0.4795104332665129
5,2015-2016,40,1,0,0.4905853175571316
5,2015-2016,41,1,0,0.48933196418267993
5,2015-2016,42,1,1,0.5019981534570644
5,2015-2016,43,0,1,0.5175792553475228
5,2015-2016,44,1,0,0.4919361360262826
5,2015-2016,45,1,1,0.5353973848808533
5,2015-2016,46,0,1,0.5257603595390061
5,2015-2016,47,1,1,0.5247215773505981
5,2015-2016,48,1,1,0.5508519760347793
5,2015-2016,49,1,0,0.49440115096754333
5,2015-2016,50,1,1,0.5542089955702455
5,2015-2016,51,1,1,0.5829824560412233
5,2015-2016,52,1,1,0.5479750993365504
5,2015-2016,53,1,1,0.5788148863268618
5,2015-2016,54,1,1,0.589399533247416
5,2015-2016,55,0,1,0.6253020966499785
5,2015-2016,56,0,1,0.6064257859159474
5,2015-2016,57,0,1,0.5823747705098576
5,2015-2016,58,1,1,0.5914011465283593
5,2015-2016,59,1,1,0.6007198769877732
5,2015-2016,60,1,1,0.5890814210804725
5,2015-2016,61,0,1,0.5853908014998286
5,2015-2016,62,0,1,0.554719132917888
5,2015-2016,63,0,1,0.5547967879379155
5,2015-2016,64,1,1,0.6076057778321908
5,2015-2016,65,1,1,0.5905445048603399
5,2015-2016,66,1,1,0.5407544336971464
5,2015-2016,67,1,1,0.6287889359289929
5,2015-2016,68,1,1,0.5882202310814836
5,2015-2016,69,1,1,0.6273306206713056
5,2015-2016,70,0,1,0.555006615976451
5,2015-2016,71,1,1,0.6048315084675494
5,2015-2016,72,1,1,0.6463538560163758
5,2015-2016,73,1,1,0.6298247696679636
5,2015-2016,74,0,1,0.622279756180269
5,2015-2016,75,0,1,0.5848770401642626
5,2015-2016,76,1,1,0.5841788014354194
5,2015-2016,77,0,1,0.5552745592723315
5,2015-2016,78,1,1,0.6394877350919892
5,2015-2016,79,1,1,0.6451498259129993
5,2015-2016,80,0,1,0.6174340423320633
5,2015-2016,81,0,1,0.6356495894834688
5,2015-2016,82,1,1,0.5885713308151623
5,2015-2016,83,0,1,0.6244857783006851
5,2015-2016,84,1,1,0.5999723704803824
5,2015-2016,85,1,1,0.5339918653413742
5,2015-2016,86,1,1,0.6615857255973483
5,2015-2016,87,1,1,0.5973053788158967
5,2015-2016,88,1,1,0.6556556725255333
5,2015-2016,89,0,1,0.5808118813818398
5,2015-2016,90,0,1,0.5822645615587094
5,2015-2016,91,1,1,0.6255198597786337
5,2015-2016,92,0,1,0.5893499726674695
5,2015-2016,93,1,1,0.6508895476669069
5,2015-2016,94,1,1,0.6639719859863462
5,2015-2016,95,0,1,0.5536789537270858
5,2015-2016,96,1,1,0.5274487531786597
5,2015-2016,97,0,1,0.5129015506406636
5,2015-2016,98,1,1,0.5583390917428872
5,2015-2016,99,1,1,0.575852110782006
5,2015-2016,100,0,1,0.5304651677098501
5,2015-2016,101,1,1,0.5201288780017707
5,2015-2016,102,1,1,0.5857763351076953
5,2015-2016,103,1,1,0.6206098409027343
5,2015-2016,104,0,1,0.6694853339903337
5,2015-2016,105,1,1,0.6089885944917011
5,2015-2016,106,0,1,0.5917812141868126
5,2015-2016,107,0,1,0.6184230986064194
5,2015-2016,108,1,1,0.5581075578952278
5,2015-2016,109,0,1,0.54345382547065
5,2015-2016,110,0,1,0.5706712061689204
5,2015-2016,111,0,1,0.5185124350303938
5,2015-2016,112,1,1,0.5999010797449322
5,2015-2016,113,1,1,0.5828617130232512
5,2015-2016,114,1,1,0.6005016899431913
5,2015-2016,115,1,1,0.6491098172450709
5,2015-2016,116,1,1,0.5971567667283137
5,2015-2016,117,0,1,0.6280300186490426
5,2015-2016,118,1,1,0.6055738256647641
5,2015-2016,119,1,1,0.5818525001390918
5,2015-2016,120,0,1,0.6511542448089139
5,2015-2016,121,0,1,0.5657862655810421
5,2015-2016,122,0,1,0.6048863485466119
5,2015-2016,123,0,0,0.49307767088058047
5,2015-2016,124,1,1,0.6285097940933755
5,2015-2016,125,0,1,0.6239119592337811
5,2015-2016,126,1,1,0.6009411227075796
5,2015-2016,127,1,1,0.6027079540945226
5,2015-2016,128,0,1,0.5528966439493649
5,2015-2016,129,1,1,0.5478176800091316
5,2015-2016,130,0,1,0.5391083494414001
5,2015-2016,131,1,1,0.5832249039281034
5,2015-2016,132,0,1,0.5119991783241361
5,2015-2016,133,0,1,0.5983019056900677
5,2015-2016,134,1,0,0.4995052006919779
5,2015-2016,135,1,1,0.571377790258801
5,2015-2016,136,0,1,0.5746263277301772
5,2015-2016,137,0,0,0.4939775817242523
5,2015-2016,138,0,1,0.5698588678563415
5,2015-2016,139,1,1,0.5806435941863821
5,2015-2016,140,0,1,0.631370820572391
5,2015-2016,141,0,1,0.5283591575316641
5,2015-2016,142,1,0,0.4977587248549717
5,2015-2016,143,1,1,0.6532027948984978
5,2015-2016,144,1,1,0.5738413639215035
5,2015-2016,145,1,1,0.6383509380065074
5,2015-2016,146,0,1,0.5837940352766294
5,2015-2016,147,1,1,0.6078882146754838
5,2015-2016,148,0,1,0.5586044914312079
5,2015-2016,149,0,1,0.5273959895370932
5,2015-2016,150,0,1,0.5064659427694999
5,2015-2016,151,0,1,0.515416797714555
5,2015-2016,152,0,0,0.4776724462237437
5,2015-2016,153,0,1,0.5168324816030858
5,2015-2016,154,1,1,0.5811486717610083
5,2015-2016,155,1,1,0.5459323644869241
5,2015-2016,156,0,1,0.5363476551674761
5,2015-2016,157,1,1,0.5283533890150974
5,2015-2016,158,0,0,0.469294010188596
5,2015-2016,159,0,0,0.33679182917314654
5,2015-2016,160,0,0,0.47091894731349004
5,2015-2016,161,0,0,0.4177523873882337
5,2015-2016,162,1,1,0.5130016715692094
5,2015-2016,163,1,1,0.529363619049623
5,2015-2016,164,0,0,0.44220906500866775
5,2015-2016,165,0,0,0.39725024194328695
5,2015-2016,166,1,1,0.562285230595292
5,2015-2016,167,1,1,0.5864194123428017
5,2015-2016,168,1,0,0.43620644480021936
5,2015-2016,169,0,0,0.4358904557596017
5,2015-2016,170,1,1,0.5636510651784963
5,2015-2016,171,0,0,0.4486283211588359
5,2015-2016,172,1,0,0.44037542690930837
5,2015-2016,173,0,0,0.42619730523197796
5,2015-2016,174,0,0,0.4836220350226644
5,2015-2016,175,1,1,0.632026652858777
5,2015-2016,176,0,0,0.46240894280808753
5,2015-2016,177,0,0,0.3712174107884714
5,2015-2016,178,1,1,0.5691035859051831
5,2015-2016,179,0,1,0.5212281282353431
5,2015-2016,180,1,0,0.4487642853791155
5,2015-2016,181,0,1,0.5706331029626845
5,2015-2016,182,1,1,0.5654681672320123
5,2015-2016,183,0,1,0.5989331209500349
5,2015-2016,184,1,0,0.4367480084459536
5,2015-2016,185,1,0,0.47475276568679986
5,2015-2016,186,0,0,0.45352158347068505
5,2015-2016,187,1,1,0.6127719420930676
5,2015-2016,188,0,1,0.5803656938986175
5,2015-2016,189,0,0,0.353398810755263
5,2015-2016,190,1,0,0.45872781153287684
5,2015-2016,191,1,0,0.39724101706846293
5,2015-2016,192,0,1,0.5942245891531175
5,2015-2016,193,0,0,0.4226534306208015
5,2015-2016,194,1,1,0.5162126058396499
5,2015-2016,195,0,1,0.5359477792806205
5,2015-2016,196,1,1,0.5231201644730727
5,2015-2016,197,1,0,0.49747539446610217
5,2015-2016,198,0,0,0.49483411914163916
5,2015-2016,199,1,1,0.6054329440213027
5,2015-2016,200,1,1,0.5469198856460857
5,2015-2016,201,1,0,0.3649397304285253
5,2015-2016,202,0,1,0.5128635389111594
5,2015-2016,203,0,1,0.5148478326230741
5,2015-2016,204,1,1,0.676169500597015
5,2015-2016,205,0,0,0.39167322854597747
5,2015-2016,206,1,0,0.33352907144344013
5,2015-2016,207,1,1,0.5291540692149078
5,2015-2016,208,1,0,0.4361809118192332
5,2015-2016,209,0,0,0.4542225231447668
5,2015-2016,210,1,0,0.48118577758354286
5,2015-2016,211,1,1,0.540252529217999
5,2015-2016,212,1,1,0.613430917433494
5,2015-2016,213,0,1,0.5182379218918691
5,2015-2016,214,1,1,0.5305528245371314
5,2015-2016,215,1,1,0.6471434934723753
5,2015-2016,216,1,1,0.5974148959140279
5,2015-2016,217,1,1,0.5470855637716198
5,2015-2016,218,1,0,0.4556108853386616
5,2015-2016,219,0,1,0.531851741457324
5,2015-2016,220,0,0,0.4700446231949045
5,2015-2016,221,1,0,0.48420216980885256
5,2015-2016,222,1,1,0.574369577172507
5,2015-2016,223,1,1,0.5349245413456748
5,2015-2016,224,1,1,0.6166648276390215
5,2015-2016,225,0,0,0.449026160906597
5,2015-2016,226,0,1,0.5153958049065638
5,2015-2016,227,1,1,0.6459320433138668
5,2015-2016,228,1,1,0.5890782012511954
5,2015-2016,229,1,1,0.7042895671064819
5,2015-2016,230,0,1,0.6804419145003597
5,2015-2016,231,1,1,0.7264320778277423
5,2015-2016,232,0,1,0.6136005427682357
5,2015-2016,233,1,1,0.6846559576882174
5,2015-2016,234,0,1,0.7506658829376474
5,2015-2016,235,1,1,0.5476121183075182
5,2015-2016,236,1,1,0.5722216173777659
5,2015-2016,237,0,1,0.5348990798843537
5,2015-2016,238,1,1,0.5009309569657465
5,2015-2016,239,0,1,0.5146319119795951
5,2015-2016,240,1,1,0.6445477147297457
5,2015-2016,241,1,1,0.650597039201964
5,2015-2016,242,0,1,0.6685104465914321
5,2015-2016,243,1,1,0.6407510196023358
5,2015-2016,244,0,1,0.5394283911176407
5,2015-2016,245,1,1,0.529354188584562
5,2015-2016,246,0,1,0.6512048427863324
5,2015-2016,247,0,1,0.5145855262080743
5,2015-2016,248,1,0,0.4815191419317765
5,2015-2016,249,1,1,0.5587889186258154
5,2016-2017,6,0,1,0.7613480108846619
5,2016-2017,7,1,0,0.4869454570312977
5,2016-2017,8,1,1,0.835585869574032
5,2016-2017,9,0,1,0.8402601170108828
5,2016-2017,10,1,1,0.7140000361797454
5,2016-2017,11,1,1,0.758234536221486
5,2016-2017,12,1,1,0.7743372444851554
5,2016-2017,13,0,1,0.7748177827252478
5,2016-2017,14,0,1,0.7674088929441182
5,2016-2017,15,0,1,0.6525349216184385
5,2016-2017,16,1,1,0.609208714995422
5,2016-2017,17,1,1,0.6545425613855264
5,2016-2017,18,0,1,0.6485973710919489
5,2016-2017,19,0,1,0.6331322690701747
5,2016-2017,20,1,1,0.552642633700659
5,2016-2017,21,0,1,0.6156091520307202
5,2016-2017,22,1,1,0.5574618524728305
5,2016-2017,23,0,1,0.59913644349204
5,2016-2017,24,1,1,0.5788387408641805
5,2016-2017,25,0,1,0.5658765055374702
5,2016-2017,26,0,1,0.5638341564882731
5,2016-2017,27,0,1,0.5487890125205506
5,2016-2017,28,0,0,0.48718646960243783
5,2016-2017,29,0,0,0.4967063568187628
5,2016-2017,30,1,0,0.45005538934321526
5,2016-2017,31,0,0,0.4657655242209141
5,2016-2017,32,1,0,0.4811539031245611
5,2016-2017,33,1,0,0.47132109387401555
5,2016-2017,34,1,0,0.4891415390683893
5,2016-2017,35,1,1,0.546933321578529
5,2016-2017,36,1,1,0.5318313462664317
5,2016-2017,37,1,1,0.569136065600376
5,2016-2017,38,0,1,0.5295679087744155
5,2016-2017,39,1,1,0.5747402432981636
5,2016-2017,40,1,1,0.5509530715294455
5,2016-2017,41,0,1,0.597802813405606
5,2016-2017,42,0,1,0.5421445592576173
5,2016-2017,43,0,1,0.5683748416072707
5,2016-2017,44,1,1,0.5275342972476171
5,2016-2017,45,1,1,0.5351657733618942
5,2016-2017,46,1,1,0.5348043272090784
5,2016-2017,47,0,1,0.5650741585769146
5,2016-2017,48,1,1,0.5432449120466397
5,2016-2017,49,1,1,0.5908753771986051
5,2016-2017,50,1,1,0.5965448314971722
5,2016-2017,51,1,1,0.5869655280902603
5,2016-2017,52,1,1,0.5859921367271899
5,2016-2017,53,0,1,0.5823697735098431
5,2016-2017,54,0,1,0.5908615001419234
5,2016-2017,55,1,1,0.53618609500655
5,2016-2017,56,0,1,0.586977074853854
5,2016-2017,57,0,1,0.5642718608031948
5,2016-2017,58,0,1,0.5924541028866517
5,2016-2017,59,1,1,0.5565007394087917
5,2016-2017,60,0,1,0.5427413208635768
5,2016-2017,61,0,1,0.5339249704166524
5,2016-2017,62,0,1,0.5146478289004173
5,2016-2017,63,0,1,0.5171954182012464
5,2016-2017,64,0,1,0.526820923525811
5,2016-2017,65,1,1,0.5221877434824641
5,2016-2017,66,0,1,0.5279568407686732
5,2016-2017,67,1,0,0.45522314456251817
5,2016-2017,68,1,0,0.4684061183864471
5,2016-2017,69,1,0,0.4724317393233615
5,2016-2017,70,1,1,0.5077889990143551
5,2016-2017,71,0,1,0.5322160602549864
5,2016-2017,72,1,1,0.5168676045507855
5,2016-2017,73,1,1,0.5198155775328372
5,2016-2017,74,1,1,0.5669772240820524
5,2016-2017,75,1,1,0.5907968591855609
5,2016-2017,76,0,1,0.5666376563563609
5,2016-2017,77,1,1,0.5286190240808853
5,2016-2017,78,1,1,0.5639427552080467
5,2016-2017,79,1,1,0.5745526370796036
5,2016-2017,80,0,1,0.5642062096321266
5,2016-2017,81,1,1,0.5457851439952842
5,2016-2017,82,0,1,0.5667771071964118
5,2016-2017,83,1,1,0.5627468355960356
5,2016-2017,84,1,1,0.5577644662735323
5,2016-2017,85,0,1,0.6045488625784874
5,2016-2017,86,0,1,0.5394805754534258
5,2016-2017,87,0,1,0.5510361988626269
5,2016-2017,88,1,1,0.5606577340887232
5,2016-2017,89,0,1,0.5487150464681734
5,2016-2017,90,1,1,0.565194722828081
5,2016-2017,91,1,1,0.5716029272696456
5,2016-2017,92,0,1,0.5425899358133581
5,2016-2017,93,1,1,0.539940073156367
5,2016-2017,94,1,1,0.5768357179730922
5,2016-2017,95,1,1,0.5661540508126416
5,2016-2017,96,1,1,0.5520369764087885
5,2016-2017,97,0,1,0.59946080333614
5,2016-2017,98,0,1,0.5636865313860657
5,2016-2017,99,0,1,0.5687656411831434
5,2016-2017,100,1,1,0.5558356455447337
5,2016-2017,101,0,1,0.5940922157035164
5,2016-2017,102,1,1,0.555301014005716
5,2016-2017,103,0,1,0.5571852776442192
5,2016-2017,104,0,1,0.5374019442618011
5,2016-2017,105,0,1,0.5414340130251207
5,2016-2017,106,0,1,0.5231558614281742
5,2016-2017,107,0,1,0.5174966232010475
5,2016-2017,108,0,1,0.509983244133505
5,2016-2017,109,0,1,0.5554911833469451
5,2016-2017,110,0,0,0.4710140859440625
5,2016-2017,111,0,1,0.5157464003195779
5,2016-2017,112,0,0,0.4630570881330289
5,2016-2017,113,0,1,0.5073656976937827
5,2016-2017,114,1,0,0.4722244248160769
5,2016-2017,115,1,0,0.49570131993493954
5,2016-2017,116,1,1,0.525008931286775
5,2016-2017,117,1,0,0.46284647817238384
5,2016-2017,118,1,1,0.5986558496273331
5,2016-2017,119,0,0,0.4749181236922268
5,2016-2017,120,0,1,0.522648697183248
5,2016-2017,121,1,0,0.4943714542653645
5,2016-2017,122,0,1,0.5366276638629568
5,2016-2017,123,1,1,0.5810615014700397
5,2016-2017,124,1,1,0.5218643454382661
5,2016-2017,125,0,0,0.47607172983576657
5,2016-2017,126,1,0,0.4679941787085751
5,2016-2017,127,1,1,0.5358508129493245
5,2016-2017,128,1,0,0.48541013239319813
5,2016-2017,129,1,1,0.5568132030773162
5,2016-2017,130,0,1,0.5423946921675664
5,2016-2017,131,1,1,0.5712882027388422
5,2016-2017,132,0,1,0.5375785882632736
5,2016-2017,133,1,1,0.5099483160606595
5,2016-2017,134,1,1,0.5359135866542154
5,2016-2017,135,1,1,0.5581631889459987
5,2016-2017,136,1,1,0.5387488791261053
5,2016-2017,137,1,1,0.5649592998227737
5,2016-2017,138,0,1,0.530833211205946
5,2016-2017,139,0,1,0.5658893007893708
5,2016-2017,140,1,1,0.5477109129266128
5,2016-2017,141,1,1,0.6307293655080629
5,2016-2017,142,1,1,0.5993139772871582
5,2016-2017,143,1,1,0.5834471984996387
5,2016-2017,144,1,1,0.5743897723708226
5,2016-2017,145,0,1,0.5647306489445487
5,2016-2017,146,1,1,0.6053364190855316
5,2016-2017,147,0,0,0.4946109622098516
5,2016-2017,148,0,1,0.5188341580914123
5,2016-2017,149,1,1,0.5788141303848289
5,2016-2017,150,0,1,0.5522678615175709
5,2016-2017,151,1,1,0.5779038938286516
5,2016-2017,152,1,1,0.5532963898028949
5,2016-2017,153,0,1,0.5889594266164271
5,2016-2017,154,1,1,0.506992119847143
5,2016-2017,155,1,1,0.5494275079972231
5,2016-2017,156,1,1,0.6434473454191467
5,2016-2017,157,0,1,0.5722420581845212
5,2016-2017,158,0,1,0.5637423897823965
5,2016-2017,159,1,1,0.6138041195835056
5,2016-2017,160,1,1,0.587123371136396
5,2016-2017,161,1,1,0.6122112227925719
5,2016-2017,162,0,1,0.6180920549937544
5,2016-2017,163,1,1,0.6306672690877251
5,2016-2017,164,1,1,0.5493203587841918
5,2016-2017,165,1,1,0.6037350327604926
5,2016-2017,166,1,1,0.6570568657221016
5,2016-2017,167,1,1,0.6017043393388565
5,2016-2017,168,0,1,0.6474823276335993
5,2016-2017,169,0,1,0.6088443779806252
5,2016-2017,170,1,1,0.5915928444364984
5,2016-2017,171,1,1,0.6203573257563039
5,2016-2017,172,0,1,0.5882499820471899
5,2016-2017,173,1,1,0.6344807779181991
5,2016-2017,174,1,1,0.6349431977395343
5,2016-2017,175,0,1,0.5858644360076823
5,2016-2017,176,1,1,0.5861209987865807
5,2016-2017,177,0,1,0.6542250041724985
5,2016-2017,178,1,1,0.6559209805223981
5,2016-2017,179,0,0,0.49956320901231305
5,2016-2017,180,0,1,0.6227410124349942
5,2016-2017,181,0,1,0.5593527812292463
5,2016-2017,182,0,1,0.5786672992165173
5,2016-2017,183,0,1,0.5369910155842698
5,2016-2017,184,0,1,0.5741064295626496
5,2016-2017,185,1,1,0.5131272429103931
5,2016-2017,186,0,0,0.4536566472626486
5,2016-2017,187,1,1,0.5685504405058994
5,2016-2017,188,0,1,0.6663445975485658
5,2016-2017,189,0,1,0.5521244009722376
5,2016-2017,190,1,1,0.5155571899921428
5,2016-2017,191,0,1,0.511158584993195
5,2016-2017,192,1,1,0.5051514364973093
5,2016-2017,193,1,1,0.6599387841724297
5,2016-2017,194,1,1,0.5479588200217501
5,2016-2017,195,1,1,0.5492008120455643
5,2016-2017,196,0,1,0.5710104820001175
5,2016-2017,197,0,1,0.558504009441603
5,2016-2017,198,1,1,0.5710497254991218
5,2016-2017,199,0,1,0.6168894789289529
5,2016-2017,200,1,1,0.5994012611764019
5,2016-2017,201,0,1,0.5785403199273916
5,2016-2017,202,0,1,0.5216171762796112
5,2016-2017,203,1,1,0.5607168296658027
5,2016-2017,204,1,1,0.5856467648536651
5,2016-2017,205,1,1,0.5509037391891457
5,2016-2017,206,0,1,0.5706243464513273
5,2016-2017,207,0,0,0.49062222674107087
5,2016-2017,208,1,0,0.43742595366323805
5,2016-2017,209,0,1,0.5287314761280754
5,2016-2017,210,0,1,0.50822539209317
5,2016-2017,211,1,1,0.5395565749276922
5,2016-2017,212,1,1,0.5290363201433411
5,2016-2017,213,1,0,0.4927197467594604
5,2016-2017,214,1,1,0.614839941410988
5,2016-2017,215,1,1,0.5477827563178564
5,2016-2017,216,0,1,0.5948802847476978
5,2016-2017,217,0,1,0.5536712002302979
5,2016-2017,218,0,0,0.49032842633347545
5,2016-2017,219,1,1,0.5125967972578283
5,2016-2017,220,1,1,0.5687717958287482
5,2016-2017,221,1,1,0.5593878235969859
5,2016-2017,222,1,1,0.571275971318989
5,2016-2017,223,1,1,0.5236947876540661
5,2016-2017,224,0,1,0.6341695441117021
5,2016-2017,225,0,1,0.5113530583427652
5,2016-2017,226,1,1,0.5416942709387881
5,2016-2017,227,0,0,0.4667471850311488
5,2016-2017,228,0,0,0.4748438459560583
5,2016-2017,229,1,1,0.5843705317802178
5,2016-2017,230,1,1,0.5235496584662972
5,2016-2017,231,0,0,0.4835938896003872
5,2016-2017,232,0,1,0.6082396829048186
5,2016-2017,233,0,1,0.5874830945230093
5,2016-2017,234,0,1,0.5163541856425633
5,2016-2017,235,1,1,0.5528312655942405
5,2016-2017,236,1,1,0.573325693126701
5,2016-2017,237,1,0,0.4398093001920156
5,2016-2017,238,0,1,0.5801284006888685
5,2016-2017,239,1,0,0.4471662206595953
5,2016-2017,240,0,1,0.5493787720224685
5,2016-2017,241,0,1,0.5619772952563091
5,2016-2017,242,0,0,0.48485562273786464
5,2016-2017,243,1,0,0.48372322443370885
5,2016-2017,244,0,0,0.4988870552260511
5,2016-2017,245,1,1,0.5192365486997946
5,2016-2017,246,0,0,0.4532619770562407
5,2016-2017,247,1,1,0.52888923163525
5,2016-2017,248,1,0,0.4407947776518816
5,2016-2017,249,0,1,0.5670001818798329
5,2016-2017,250,1,0,0.48256577252970045
5,2016-2017,251,1,1,0.5598736041426813
5,2016-2017,252,0,0,0.490253242258532
5,2016-2017,253,1,0,0.47404301410931826
5,2016-2017,254,0,1,0.5532755859468824
5,2018-2019,6,0,1,0.8534265515176219
5,2018-2019,7,0,1,0.59187077981009
5,2018-2019,8,0,0,0.49279000414316326
5,2018-2019,9,0,0,0.3962791839527991
5,2018-2019,10,1,0,0.3769611994361609
5,2018-2019,11,0,0,0.42932248615920976
5,2018-2019,12,1,0,0.38325260013350637
5,2018-2019,13,0,1,0.5100262892706942
5,2018-2019,14,0,0,0.4148158405106824
5,2018-2019,15,1,0,0.3886522802722821
5,2018-2019,16,1,0,0.40574883396293443
5,2018-2019,17,1,0,0.44233945310738476
5,2018-2019,18,1,1,0.5008156182730609
5,2018-2019,19,0,1,0.5388254052223987
5,2018-2019,20,1,1,0.5150611999928657
5,2018-2019,21,0,1,0.5111447327254087
5,2018-2019,22,1,1,0.5193838097534775
5,2018-2019,23,1,1,0.5040856971315054
5,2018-2019,24,1,1,0.5632083042425351
5,2018-2019,25,1,1,0.5895139677566174
5,2018-2019,26,0,1,0.580708458657267
5,2018-2019,27,0,1,0.5680028771780272
5,2018-2019,28,0,1,0.5144133471071741
5,2018-2019,29,1,1,0.5317623960878837
5,2018-2019,30,0,1,0.5276805954862849
5,2018-2019,31,0,0,0.4983217116875514
5,2018-2019,32,1,0,0.4744922990974264
5,2018-2019,33,0,1,0.5152361721842119
5,2018-2019,34,1,0,0.4932925336143816
5,2018-2019,35,1,1,0.5102427112309852
5,2018-2019,36,0,1,0.5447134238002318
5,2018-2019,37,0,1,0.5025792584591675
5,2018-2019,38,1,1,0.5220029417494031
5,2018-2019,39,1,0,0.4753129523909498
5,2018-2019,40,0,1,0.540679454210737
5,2018-2019,41,1,1,0.5069464219715806
5,2018-2019,42,1,1,0.5569505086757474
5,2018-2019,43,1,1,0.5434853868040764
5,2018-2019,44,1,1,0.5435020302320449
5,2018-2019,45,0,1,0.5681677714414738
5,2018-2019,46,1,1,0.5617788401453777
5,2018-2019,47,1,1,0.5972235097973015
5,2018-2019,48,1,1,0.5729390627409419
5,2018-2019,49,0,1,0.6336566118302552
5,2018-2019,50,0,1,0.5779266912810263
5,2018-2019,51,1,1,0.5610886678308691
5,2018-2019,52,1,1,0.6112517135907746
5,2018-2019,53,1,1,0.6053291865668811
5,2018-2019,54,1,1,0.5769415373944975
5,2018-2019,55,1,1,0.5771628588595382
5,2018-2019,56,0,1,0.6079623532177917
5,2018-2019,57,1,1,0.6285521491514333
5,2018-2019,58,1,1,0.5959729431761716
5,2018-2019,59,1,1,0.6788486565322595
5,2018-2019,60,0,1,0.6267302551044315
5,2018-2019,61,1,1,0.6509008024738439
5,2018-2019,62,1,1,0.6667465218082427
5,2018-2019,63,1,1,0.6500511782947999
5,2018-2019,64,1,1,0.6309985353193561
5,2018-2019,65,0,1,0.6581618985114711
5,2018-2019,66,1,1,0.6684794229785007
5,2018-2019,67,1,1,0.5805984620956584
5,2018-2019,68,0,1,0.6535088730587114
5,2018-2019,69,1,1,0.614568211141439
5,2018-2019,70,1,1,0.6128217007692308
5,2018-2019,71,1,1,0.6543277310457284
5,2018-2019,72,1,1,0.6698728859280492
5,2018-2019,73,1,1,0.677885062490253
5,2018-2019,74,1,1,0.7385087256504606
5,2018-2019,75,1,1,0.6664264699010316
5,2018-2019,76,1,1,0.6625043344217589
5,2018-2019,77,1,1,0.7092308420103541
5,2018-2019,78,0,1,0.6694539075789236
5,2018-2019,79,1,1,0.6775321089737176
5,2018-2019,80,1,1,0.6738614607243096
5,2018-2019,81,0,1,0.6907537136067907
5,2018-2019,82,0,1,0.6392001644193731
5,2018-2019,83,1,1,0.6990196187907808
5,2018-2019,84,0,1,0.6270872143516582
5,2018-2019,85,1,1,0.7152433003685108
5,2018-2019,86,0,1,0.6385231913858106
5,2018-2019,87,1,1,0.7311874429962453
5,2018-2019,88,1,1,0.6673510501569845
5,2018-2019,89,1,1,0.6579080239788537
5,2018-2019,90,0,1,0.6410596125230512
5,2018-2019,91,0,1,0.6147650582684528
5,2018-2019,92,0,1,0.5330620598072774
5,2018-2019,93,1,1,0.5833941505439203
5,2018-2019,94,0,1,0.5429832522852541
5,2018-2019,95,0,1,0.6091444114074241
5,2018-2019,96,0,1,0.5421684110004477
5,2018-2019,97,1,1,0.6431221196145642
5,2018-2019,98,0,1,0.5919049334343256
5,2018-2019,99,1,0,0.4376054955256546
5,2018-2019,100,1,1,0.6373055573872156
5,2018-2019,101,0,0,0.48431519012553365
5,2018-2019,102,0,1,0.5210888843628936
5,2018-2019,103,0,1,0.5985352135639674
5,2018-2019,104,0,0,0.4518988531322498
5,2018-2019,105,0,0,0.41972373441848637
5,2018-2019,106,1,1,0.5095613267121453
5,2018-2019,107,0,0,0.42332146592301356
5,2018-2019,108,0,1,0.5410418859124213
5,2018-2019,109,1,1,0.6230492030439121
5,2018-2019,110,0,1,0.5349116608798017
5,2018-2019,111,1,0,0.4777172857208889
5,2018-2019,112,0,1,0.6800317573166669
5,2018-2019,113,0,1,0.5238425944486355
5,2018-2019,114,0,0,0.4162503270221555
5,2018-2019,115,0,0,0.4914742619634814
5,2018-2019,116,1,0,0.4727866089476573
5,2018-2019,117,1,1,0.5805424307895973
5,2018-2019,118,0,0,0.4391443027284313
5,2018-2019,119,1,0,0.4277740806543301
5,2018-2019,120,1,0,0.46452105876082456
5,2018-2019,121,1,1,0.5444815751842356
5,2018-2019,122,1,1,0.5138057161306494
5,2018-2019,123,0,1,0.5863189905009095
5,2018-2019,124,0,1,0.5484616435469262
5,2018-2019,125,0,1,0.5393473343834063
5,2018-2019,126,1,1,0.5052748860083619
5,2018-2019,127,1,1,0.5630386372679247
5,2018-2019,128,1,1,0.5698510703122729
5,2018-2019,129,1,1,0.5142117043736478
5,2018-2019,130,0,1,0.5274589644774726
5,2018-2019,131,1,1,0.5637977387850077
5,2018-2019,132,1,1,0.6380986841698946
5,2018-2019,133,1,1,0.5055986520054774
5,2018-2019,134,0,1,0.5790645299956095
5,2018-2019,135,0,1,0.5378809253189911
5,2018-2019,136,0,1,0.5782252060965981
5,2018-2019,137,1,1,0.5227412898821855
5,2018-2019,138,1,1,0.5857754395375546
5,2018-2019,139,1,1,0.5982685973088147
5,2018-2019,140,1,1,0.6849076955977706
5,2018-2019,141,0,1,0.540842843332199
5,2018-2019,142,1,1,0.6045645881738897
5,2018-2019,143,1,1,0.5495109332995024
5,2018-2019,144,0,1,0.5021381800152857
5,2018-2019,145,1,1,0.5981871558303684
5,2018-2019,146,1,1,0.651184855410799
5,2018-2019,147,1,1,0.604035658577345
5,2018-2019,148,0,1,0.6414539497092858
5,2018-2019,149,1,1,0.6081801715127318
5,2018-2019,150,1,1,0.5701264645495833
5,2018-2019,151,1,1,0.6489430568667639
5,2018-2019,152,1,1,0.7394541064591287
5,2018-2019,153,1,1,0.5957120507929013
5,2018-2019,154,1,1,0.7162233840014414
5,2018-2019,155,0,1,0.6480786955846604
5,2018-2019,156,0,1,0.6652520832792795
5,2018-2019,157,0,1,0.5287564497443368
5,2018-2019,158,1,1,0.6452689616389312
5,2018-2019,159,0,1,0.5277245343743988
5,2018-2019,160,0,1,0.5218533349993006
5,2018-2019,161,1,1,0.5965318678236121
5,2018-2019,162,0,1,0.6283988051914483
5,2018-2019,163,0,1,0.5938018149117004
5,2018-2019,164,0,1,0.6562350913171435
5,2018-2019,165,1,1,0.5816887464679524
5,2018-2019,166,1,1,0.6142727034224637
5,2018-2019,167,1,1,0.7049969852826067
5,2018-2019,168,0,1,0.678669322954983
5,2018-2019,169,1,1,0.6035217867910692
5,2018-2019,170,1,1,0.6787044006515696
5,2018-2019,171,0,1,0.5738697074542938
5,2018-2019,172,1,1,0.6732738715232033
5,2018-2019,173,1,1,0.6358594408968792
5,2018-2019,174,1,1,0.6764888664627503
5,2018-2019,175,1,1,0.6593461025644733
5,2018-2019,176,0,1,0.6935530286600526
5,2018-2019,177,0,0,0.4791885012247005
5,2018-2019,178,1,0,0.45776797122022334
5,2018-2019,179,0,0,0.462470284254073
5,2018-2019,180,1,1,0.5012670398501217
5,2018-2019,181,1,1,0.6334786685055313
5,2018-2019,182,1,1,0.5857035704683369
5,2018-2019,183,1,1,0.5252954565743281
5,2018-2019,184,1,1,0.5594787231260783
5,2018-2019,185,1,1,0.7066781115489257
5,2018-2019,186,0,1,0.591106212188893
5,2018-2019,187,1,1,0.5322579333197246
5,2018-2019,188,1,1,0.5695683490356707
5,2018-2019,189,0,1,0.6028170468530929
5,2018-2019,190,0,1,0.5970630951747672
5,2018-2019,191,0,0,0.43710782547829674
5,2018-2019,192,1,1,0.5749829753319231
5,2018-2019,193,1,1,0.5416013803475089
5,2018-2019,194,1,1,0.5577105141933667
5,2018-2019,195,1,1,0.6980901490527854
5,2018-2019,196,1,1,0.6268038756186746
5,2018-2019,197,1,1,0.6633744344112754
5,2018-2019,198,1,1,0.6051983763334974
5,2018-2019,199,1,1,0.6529386893940324
5,2018-2019,200,1,1,0.6315987944848445
5,2018-2019,201,0,1,0.7236205208070989
5,2018-2019,202,0,0,0.4468741732450659
5,2018-2019,203,0,1,0.5289358373170554
5,2018-2019,204,1,1,0.5542380152228936
5,2018-2019,205,1,1,0.6954934379331544
5,2018-2019,206,1,1,0.6276912302891676
5,2018-2019,207,0,1,0.7128318816636884
5,2018-2019,208,0,1,0.5424379406436574
5,2018-2019,209,1,0,0.4419578523421462
5,2018-2019,210,1,1,0.5462249840113204
5,2018-2019,211,1,1,0.5752282931369842
5,2018-2019,212,1,1,0.5527338372376375
5,2019-2020,6,0,1,0.7955101444815261
5,2019-2020,7,1,1,0.5619502220771722
5,2019-2020,8,0,0,0.49328711111777834
5,2019-2020,9,0,1,0.5995559067477108
5,2019-2020,10,1,0,0.3843642008523846
5,2019-2020,11,1,1,0.5871834778423053
5,2019-2020,12,0,1,0.6408798955807918
5,2019-2020,13,0,1,0.5491517151307574
5,2019-2020,14,1,0,0.4910332844262942
5,2019-2020,15,0,1,0.5290827548101356
5,2019-2020,16,1,1,0.5233572226370894
5,2019-2020,17,1,1,0.5643097443118117
5,2019-2020,18,0,1,0.6107437587393622
5,2019-2020,19,0,1,0.5227764092620054
5,2019-2020,20,0,0,0.495865152679392
5,2019-2020,21,0,0,0.4692152184385501
5,2019-2020,22,0,0,0.4545523253621165
5,2019-2020,23,1,0,0.42461143710887456
5,2019-2020,24,0,0,0.45345758679295406
5,2019-2020,25,0,0,0.42867119055350894
5,2019-2020,26,0,0,0.4173606759904774
5,2019-2020,27,1,0,0.3808259618845998
5,2019-2020,28,1,0,0.4307112495200939
5,2019-2020,29,1,0,0.435971502716938
5,2019-2020,30,0,0,0.4640307700460278
5,2019-2020,31,1,0,0.44190241908499417
5,2019-2020,32,1,0,0.48135247692430383
5,2019-2020,33,0,0,0.44383285045206894
5,2019-2020,34,0,0,0.45078409867870123
5,2019-2020,35,0,0,0.43329804641455727
5,2019-2020,36,0,0,0.44577478330333103
5,2019-2020,37,0,0,0.41999467540308794
5,2019-2020,38,1,0,0.4432914273945989
5,2019-2020,39,0,0,0.4005709170673054
5,2019-2020,40,0,0,0.39468650928844484
5,2019-2020,41,1,0,0.4051735622876746
5,2019-2020,42,1,0,0.41916008526692955
5,2019-2020,43,1,0,0.4361508249272111
5,2019-2020,44,1,0,0.4801471108841204
5,2019-2020,45,0,0,0.42873607365395355
5,2019-2020,46,1,1,0.5140290058105309
5,2019-2020,47,0,0,0.45614854117686615
5,2019-2020,48,0,0,0.397724462920534
5,2019-2020,49,1,0,0.45097348903089945
5,2019-2020,50,0,1,0.5158513840149014
5,2019-2020,51,0,0,0.461756195529077
5,2019-2020,52,1,0,0.4230311925645138
5,2019-2020,53,0,0,0.4305310434211828
5,2019-2020,54,1,0,0.49420942927585004
5,2019-2020,55,1,0,0.45181171041590995
5,2019-2020,56,1,0,0.44275638369621034
5,2019-2020,57,0,0,0.4470278747161989
5,2019-2020,58,1,1,0.5301519861523287
5,2019-2020,59,0,0,0.4736695348056456
5,2019-2020,60,0,0,0.3982409806776711
5,2019-2020,61,0,1,0.5208211923319896
5,2019-2020,62,0,0,0.3861802215274907
5,2019-2020,63,0,0,0.3946856675808374
5,2019-2020,64,0,0,0.3980058013794701
5,2019-2020,65,1,0,0.48364551237127584
5,2019-2020,66,0,0,0.3785566533972372
5,2019-2020,67,1,0,0.4079126974273302
5,2019-2020,68,1,0,0.45230854617734567
5,2019-2020,69,0,0,0.45232694640923177
5,2019-2020,70,1,0,0.43146038586377505
5,2019-2020,71,1,0,0.4188519814200196
5,2019-2020,72,0,0,0.3726784248226879
5,2019-2020,73,1,1,0.5154447979323792
5,2019-2020,74,0,1,0.5108171416953907
5,2019-2020,75,0,0,0.4901982679500923
5,2019-2020,76,1,0,0.4061703231281563
5,2019-2020,77,1,0,0.49306766643116784
5,2019-2020,78,1,1,0.5402613105990122
5,2019-2020,79,0,0,0.4967653580342698
5,2019-2020,80,0,1,0.5195785159468193
5,2019-2020,81,1,0,0.46382824507763387
5,2019-2020,82,0,0,0.4772133284809759
5,2019-2020,83,1,0,0.49243289397151363
5,2019-2020,84,0,0,0.4173781640251501
5,2019-2020,85,0,1,0.5382682333558745
5,2019-2020,86,1,0,0.42772460781111604
5,2019-2020,87,1,1,0.5268766482632709
5,2019-2020,88,0,0,0.4036883753410216
5,2019-2020,89,0,0,0.42925076848539495
5,2019-2020,90,0,0,0.47732154709770686
5,2019-2020,91,0,0,0.4102765126393562
5,2019-2020,92,1,0,0.40891142597594726
5,2019-2020,93,1,0,0.4494019686244962
5,2019-2020,94,0,0,0.39310192263716437
5,2019-2020,95,1,0,0.3915869129021427
5,2019-2020,96,0,0,0.3986836065226794
5,2019-2020,97,0,0,0.43610890791161216
5,2019-2020,98,1,0,0.47626452454863133
5,2019-2020,99,0,0,0.3907711082387226
5,2019-2020,100,0,1,0.5129314517213207
5,2019-2020,101,1,1,0.5106738281359218
5,2019-2020,102,0,1,0.544933530713972
5,2019-2020,103,1,0,0.4157728006676446
5,2019-2020,104,1,0,0.3497985549352867
5,2019-2020,105,0,0,0.48178634698996514
5,2019-2020,106,1,0,0.49379954368118983
5,2019-2020,107,0,0,0.4652832225328711
5,2019-2020,108,0,1,0.5385609966248874
5,2019-2020,109,0,0,0.41902196209409204
5,2019-2020,110,0,0,0.3869575628634374
5,2019-2020,111,0,0,0.40087496567301567
5,2019-2020,112,1,0,0.48964870800296667
5,2019-2020,113,1,0,0.4707755815553014
5,2019-2020,114,1,1,0.506668598469265
5,2019-2020,115,1,0,0.4931949656772811
5,2019-2020,116,1,0,0.45725705737817657
5,2019-2020,117,1,0,0.4007615480502064
5,2019-2020,118,1,0,0.4921765708552327
5,2019-2020,119,0,0,0.49553296311185585
5,2019-2020,120,1,1,0.519198500266309
5,2019-2020,121,1,0,0.47280636929894854
5,2019-2020,122,0,1,0.5674425162642424
5,2019-2020,123,0,1,0.5048937305321811
5,2019-2020,124,1,1,0.5009786701515435
5,2019-2020,125,0,0,0.4184191233510674
5,2019-2020,126,0,0,0.4574186469059617
5,2019-2020,127,1,1,0.5327026101322757
5,2019-2020,128,1,0,0.42536711666147586
5,2019-2020,129,0,0,0.4439832687983552
5,2019-2020,130,1,1,0.5778295336304498
5,2019-2020,131,1,1,0.5995132467685914
5,2019-2020,132,0,1,0.5287268082502706
5,2019-2020,133,1,1,0.5481126595937081
5,2019-2020,134,0,1,0.5312643342026387
5,2019-2020,135,1,1,0.5684772824440445
5,2019-2020,136,1,1,0.5517089459078179
5,2019-2020,137,0,1,0.5698014562502056
5,2019-2020,138,1,0,0.4677350320970634
5,2019-2020,139,1,0,0.48481121337900934
5,2019-2020,140,0,1,0.5566216847639105
5,2019-2020,141,0,1,0.6107253071484492
5,2019-2020,142,1,0,0.49100453524358684
5,2019-2020,143,0,1,0.5738660255387101
5,2019-2020,144,1,1,0.5225362513515414
5,2019-2020,145,1,1,0.5945486866962546
5,2019-2020,146,1,1,0.5782747422639151
5,2019-2020,147,1,1,0.6004538244857918
5,2019-2020,148,0,1,0.5184128411368654
5,2019-2020,149,1,1,0.5382148959108911
5,2019-2020,150,1,1,0.5634367156880459
5,2019-2020,151,1,1,0.563097157243322
5,2019-2020,152,0,1,0.5200744263801561
5,2019-2020,153,0,0,0.46535293275663414
5,2019-2020,154,1,1,0.5369815683123575
5,2019-2020,155,1,1,0.6154541279104507
5,2019-2020,156,0,0,0.469327311788968
5,2019-2020,157,0,1,0.5428542962472699
5,2019-2020,158,0,1,0.5781680813095414
5,2019-2020,159,0,0,0.4865858041432224
5,2019-2020,160,0,0,0.4504391746514139
5,2019-2020,161,1,1,0.5293512299568467
5,2019-2020,162,1,1,0.5154134273707149
5,2019-2020,163,0,1,0.5409595731169239
5,2019-2020,164,1,1,0.5143927444145875
5,2019-2020,165,0,0,0.49172849913290395
5,2019-2020,166,0,1,0.5490270189966151
5,2019-2020,167,0,0,0.402234049361963
5,2019-2020,168,0,0,0.46292369973346087
5,2019-2020,169,0,0,0.4737264031951959
5,2019-2020,170,1,0,0.4443709352531432
5,2019-2020,171,1,0,0.43168108451005094
5,2019-2020,172,1,0,0.47839323317218846
5,2019-2020,173,1,0,0.4657142255632206
5,2019-2020,174,1,0,0.48760881986739674
5,2019-2020,175,1,1,0.5162209355733492
5,2019-2020,176,0,1,0.5090600318339714
5,2019-2020,177,1,1,0.5203315980481609
5,2019-2020,178,1,1,0.5940399385724215
5,2019-2020,179,1,1,0.5188839607559363
5,2019-2020,180,0,1,0.6086976538969623
5,2019-2020,181,1,1,0.6464401127231925
5,2019-2020,182,1,1,0.6205842113083527
5,2019-2020,183,0,1,0.5759129985553656
5,2019-2020,184,1,1,0.5916070428590152
5,2019-2020,185,0,0,0.478103252130641
5,2019-2020,186,0,1,0.5024158948022346
5,2019-2020,187,1,1,0.6302862459235222
5,2019-2020,188,1,1,0.5387371823577262
5,2019-2020,189,1,1,0.5200469268050704
5,2019-2020,190,1,1,0.6276892565102207
5,2019-2020,191,0,1,0.5105279594725992
5,2019-2020,192,1,1,0.6010810795466688
5,2019-2020,193,1,1,0.5701165178413116
5,2019-2020,194,0,0,0.4811433206839424
5,2019-2020,195,1,1,0.6375953043211678
5,2019-2020,196,1,1,0.5883979094254218
5,2019-2020,197,0,1,0.587363500802548
5,2019-2020,198,1,1,0.6201587144769719
5,2019-2020,199,1,1,0.695255454608061
5,2019-2020,200,0,1,0.6487061159928675
5,2019-2020,201,1,1,0.6288782244666765
5,2020-2021,6,0,1,0.7760565726264649
5,2020-2021,7,1,0,0.25040633417785235
5,2020-2021,8,0,1,0.6483697853568706
5,2020-2021,9,0,0,0.3599283236594783
5,2020-2021,10,1,1,0.5330188948126149
5,2020-2021,11,1,1,0.567934862412047
5,2020-2021,12,0,1,0.5953031993626517
5,2020-2021,13,1,1,0.5542305338209301
5,2020-2021,14,0,1,0.5898577026545805
5,2020-2021,15,1,0,0.33862674519488073
5,2020-2021,16,0,1,0.5495058208390007
5,2020-2021,17,1,1,0.5395539354448142
5,2020-2021,18,1,1,0.5464900238694017
5,2020-2021,19,0,1,0.5743836263662582
5,2020-2021,20,0,1,0.5246356290065091
5,2020-2021,21,1,1,0.5330173736811049
5,2020-2021,22,1,1,0.5610463116934888
5,2020-2021,23,1,1,0.61678312060717
5,2020-2021,24,1,1,0.6522341047788891
5,2020-2021,25,0,1,0.6622605680851322
5,2020-2021,26,1,1,0.586571102415006
5,2020-2021,27,1,1,0.5779011368372405
5,2020-2021,28,0,1,0.5757088928427072
5,2020-2021,29,1,1,0.6337526757643287
5,2020-2021,30,0,1,0.6083496636441672
5,2020-2021,31,1,1,0.597135736511916
5,2020-2021,32,1,1,0.607998352868251
5,2020-2021,33,0,1,0.6395758258781474
5,2020-2021,34,0,1,0.5906439946669314
5,2020-2021,35,1,1,0.5649175046440176
5,2020-2021,36,1,1,0.6461052820412776
5,2020-2021,37,0,1,0.5522563711157443
5,2020-2021,38,0,1,0.5166577438755007
5,2020-2021,39,1,1,0.6543664832766778
5,2020-2021,40,0,0,0.48974601935545636
5,2020-2021,41,1,1,0.5663044637091332
5,2020-2021,42,1,1,0.5949268207216074
5,2020-2021,43,0,1,0.5861620195083835
5,2020-2021,44,1,1,0.5760711145729351
5,2020-2021,45,0,0,0.43772038306415045
5,2020-2021,46,1,1,0.57811399582148
5,2020-2021,47,1,1,0.5809453382070994
5,2020-2021,48,1,1,0.5960933909520141
5,2020-2021,49,1,1,0.6638276668202006
5,2020-2021,50,0,1,0.5198534948506666
5,2020-2021,51,1,1,0.5567324080294769
5,2020-2021,52,1,1,0.6770039558650135
5,2020-2021,53,1,1,0.6348597321709654
5,2020-2021,54,1,1,0.6423138188744852
5,2020-2021,55,1,1,0.6521990580240786
5,2020-2021,56,1,1,0.5656664128117326
5,2020-2021,57,1,1,0.7283122946453341
5,2020-2021,58,1,1,0.6415156452824502
5,2020-2021,59,1,1,0.7067455820554112
5,2020-2021,60,0,1,0.5405749541912543
5,2020-2021,61,0,1,0.7012490766222002
5,2020-2021,62,1,1,0.6960446418064969
5,2020-2021,63,0,1,0.7442004549446439
5,2020-2021,64,1,1,0.6476844410499379
5,2020-2021,65,0,0,0.42938959988125774
5,2020-2021,66,0,1,0.6084136831437384
5,2020-2021,67,1,1,0.735163499165009
5,2020-2021,68,0,1,0.5978320426608782
5,2020-2021,69,1,1,0.7600088124248235
5,2020-2021,70,0,1,0.5887995060134992
5,2020-2021,71,1,1,0.648653179369522
5,2020-2021,72,0,1,0.5364327985887223
5,2020-2021,73,1,1,0.6151388240348156
5,2020-2021,74,1,1,0.5166906023795037
5,2020-2021,75,1,1,0.672361790919745
5,2020-2021,76,0,1,0.686000018253902
5,2020-2021,77,0,1,0.5050183982827225
5,2020-2021,78,0,1,0.5278353191288125
5,2020-2021,79,0,1,0.5008589130183226
5,2020-2021,80,1,1,0.6656734001877311
5,2020-2021,81,1,1,0.7144095027166131
5,2020-2021,82,1,1,0.6891701006155893
5,2020-2021,83,1,1,0.6457257341941093
5,2020-2021,84,1,1,0.7534407753188972
5,2020-2021,85,0,1,0.7269194632629233
5,2020-2021,86,1,1,0.6036188207259889
5,2020-2021,87,1,1,0.5325704887260581
5,2020-2021,88,1,1,0.6750375181987172
5,2020-2021,89,1,1,0.6031752493541869
5,2020-2021,90,1,1,0.6362460198622952
5,2020-2021,91,1,1,0.686560090072275
5,2020-2021,92,1,1,0.5341473219345603
5,2020-2021,93,0,1,0.6908887283309872
5,2020-2021,94,1,1,0.7247146933817414
5,2020-2021,95,0,1,0.7110736041601595
5,2020-2021,96,1,1,0.684615626226151
5,2020-2021,97,0,1,0.6472221761464453
5,2020-2021,98,1,1,0.6242493268888496
5,2020-2021,99,1,1,0.6298499378026354
5,2020-2021,100,1,1,0.603755876901339
5,2020-2021,101,1,1,0.6141517629713078
5,2020-2021,102,1,1,0.6971183473258755
5,2020-2021,103,1,1,0.7097959999825277
5,2020-2021,104,0,1,0.7368864580367129
5,2020-2021,105,0,1,0.7705540254723149
5,2020-2021,106,0,1,0.6498979666000059
5,2020-2021,107,1,1,0.6793634063754754
5,2020-2021,108,1,1,0.7106903725636187
5,2020-2021,109,0,1,0.5868222654412875
5,2020-2021,110,0,1,0.653460529616926
5,2020-2021,111,1,1,0.6360383044813962
5,2020-2021,112,0,1,0.5464155622655044
5,2020-2021,113,0,1,0.6129231981321365
5,2020-2021,114,1,1,0.6539347434658831
5,2020-2021,115,0,1,0.7227118899606837
5,2020-2021,116,1,1,0.6029088207225761
5,2020-2021,117,1,1,0.6152329340179592
5,2020-2021,118,0,1,0.6875229630718
5,2020-2021,119,0,1,0.5700763471762516
5,2020-2021,120,1,1,0.6356579491367814
5,2020-2021,121,0,1,0.5520363200456568
5,2020-2021,122,1,1,0.5469521432255762
5,2020-2021,123,1,1,0.6632999408800916
5,2020-2021,124,0,1,0.6623893822951884
5,2020-2021,125,1,1,0.5923853252643386
5,2020-2021,126,0,1,0.5192731674348839
5,2020-2021,127,0,1,0.5249286203018345
5,2020-2021,128,1,1,0.5852794937216356
5,2020-2021,129,1,1,0.5233310601659954
5,2020-2021,130,0,1,0.5858595228761702
5,2020-2021,131,1,1,0.6612355493449564
5,2020-2021,132,1,1,0.6140352490069331
5,2020-2021,133,0,1,0.5005778769458128
5,2020-2021,134,0,1,0.6081998304803197
5,2020-2021,135,0,1,0.6430332560190112
5,2020-2021,136,0,1,0.5399458780021625
5,2020-2021,137,1,1,0.6159350637686751
5,2020-2021,138,0,1,0.5188850857571649
5,2020-2021,139,1,1,0.5255313500593893
5,2020-2021,140,1,1,0.62754982955198
5,2020-2021,141,0,1,0.6059898220246337
5,2020-2021,142,1,1,0.5342287175907794
5,2020-2021,143,1,1,0.6900298329741289
5,2020-2021,144,1,1,0.6154218224553769
5,2020-2021,145,0,1,0.6056618915089441
5,2020-2021,146,0,1,0.602794345448132
5,2020-2021,147,1,0,0.4916975616310474
5,2020-2021,148,1,1,0.5008081854115726
5,2020-2021,149,1,1,0.6880681408434779
5,2020-2021,150,1,0,0.4977520683547256
5,2020-2021,151,0,1,0.5769979600306475
5,2020-2021,152,0,1,0.5336992539138486
5,2020-2021,153,0,0,0.4541304266018549
5,2020-2021,154,1,1,0.6910015540134281
5,2020-2021,155,1,1,0.53419111663587
5,2020-2021,156,0,1,0.5477552496894369
5,2020-2021,157,1,1,0.5805474082623746
5,2020-2021,158,0,0,0.4051943588457835
5,2020-2021,159,0,0,0.4515811770467799
5,2020-2021,160,1,1,0.5762940262047295
5,2020-2021,161,0,1,0.6202565040934979
5,2020-2021,162,0,1,0.5439082916551901
5,2020-2021,163,1,1,0.5689786879073502
5,2020-2021,164,0,1,0.6561293229528751
5,2020-2021,165,0,0,0.44692959876035354
5,2020-2021,166,0,0,0.45172764711960695
5,2020-2021,167,0,1,0.5036998480365055
5,2020-2021,168,1,1,0.5861101843861828
5,2020-2021,169,0,1,0.6379622384577993
5,2020-2021,170,1,1,0.5667634936267754
5,2020-2021,171,0,0,0.4619401797096866
5,2020-2021,172,1,1,0.5754494499330839
5,2020-2021,173,0,0,0.483751466559663
5,2020-2021,174,1,1,0.5410216270355281
5,2020-2021,175,1,1,0.6269397063316656
5,2020-2021,176,1,1,0.5193567933149742
5,2020-2021,177,0,0,0.459572029928918
5,2020-2021,178,0,1,0.6955149073741441
5,2020-2021,179,1,0,0.4779108689742589
5,2020-2021,180,1,1,0.6267609745176923
5,2020-2021,181,0,0,0.4622009671265547
5,2020-2021,182,0,1,0.502082713250604
5,2020-2021,183,0,0,0.41213614986599584
5,2020-2021,184,1,1,0.6321432176034805
5,2020-2021,185,0,0,0.49564270278955663
5,2020-2021,186,0,1,0.5628420613503784
5,2020-2021,187,1,1,0.6169185349720434
5,2020-2021,188,1,1,0.6004258472111814
5,2020-2021,189,1,1,0.582486599256712
5,2020-2021,190,1,1,0.5264752523538551
5,2020-2021,191,1,1,0.5609755925921238
5,2020-2021,192,0,0,0.3567875379042502
5,2020-2021,193,1,1,0.6093235993428866
5,2020-2021,194,0,0,0.4999671491206099
5,2020-2021,195,1,1,0.5586617896682805
5,2020-2021,196,1,1,0.680972975151225
5,2020-2021,197,1,1,0.7581585009439925
5,2020-2021,198,0,0,0.2677660749418975
5,2020-2021,199,0,0,0.4703755154786952
5,2020-2021,200,0,0,0.3894383949377351
5,2020-2021,201,1,1,0.667677192313496
5,2020-2021,202,1,1,0.6868261491789146
5,2020-2021,203,1,1,0.6934786378941783
5,2020-2021,204,0,0,0.3965373366347642
5,2020-2021,205,1,0,0.4919663966573117
5,2020-2021,206,0,1,0.5446113917909168
5,2020-2021,207,1,0,0.32656792265811085
5,2020-2021,208,1,1,0.7016119951441392
5,2020-2021,209,1,0,0.41339516891793
5,2020-2021,210,0,0,0.48169369075057517
5,2020-2021,211,1,1,0.67298486280605
5,2020-2021,212,1,1,0.5313770828133008
5,2020-2021,213,1,1,0.7405239247545035
5,2020-2021,214,1,1,0.7237516679255344
5,2020-2021,215,1,1,0.6452582475861287
5,2020-2021,216,0,0,0.34511458010298945
5,2020-2021,217,1,0,0.4723133286555043
5,2020-2021,218,0,0,0.32867942092085095
5,2020-2021,219,1,0,0.41909736569967637
5,2020-2021,220,0,1,0.5190457223185041
5,2020-2021,221,1,1,0.7874349234989185
5,2020-2021,222,0,0,0.4172393279186488
5,2020-2021,223,1,1,0.7155928625938164
5,2020-2021,224,0,0,0.4564742625050376
5,2020-2021,225,0,0,0.4712713013173428
5,2020-2021,226,0,1,0.6357201402008029
5,2020-2021,227,1,1,0.526029714115553
5,2020-2021,228,0,1,0.6261031314760958
5,2020-2021,229,0,1,0.6817656948481068
5,2020-2021,230,0,0,0.4580674864124527
5,2020-2021,231,1,1,0.5006024829119883
5,2020-2021,232,1,1,0.6742180835463164
5,2020-2021,233,0,0,0.4577523608247712
5,2020-2021,234,0,0,0.369213707185847
5,2020-2021,235,0,0,0.4246913097267109
5,2020-2021,236,0,0,0.4406559333684302
5,2020-2021,237,0,0,0.3990220517739911
5,2020-2021,238,1,1,0.5480753846919618
5,2020-2021,239,0,1,0.6016418501859713
5,2020-2021,240,1,1,0.6605325913394984
5,2020-2021,241,1,1,0.5603470873568582
5,2020-2021,242,1,1,0.5401682051354699
5,2020-2021,243,0,0,0.35582580840177697
5,2020-2021,244,0,0,0.42429230988121974
5,2020-2021,245,0,0,0.38636702094286257
5,2020-2021,246,0,1,0.5043217202963585
5,2020-2021,247,0,1,0.5352523863632614
5,2020-2021,248,1,1,0.6584242823020009
5,2020-2021,249,1,1,0.6005125608412982
5,2020-2021,250,0,0,0.38836747013348966
5,2020-2021,251,1,0,0.4910890808209684
5,2020-2021,252,1,0,0.36784575650237716
5,2020-2021,253,0,0,0.3014685925489966
5,2020-2021,254,1,1,0.6241607295066764
5,2020-2021,255,1,1,0.7070354318905929
5,2020-2021,256,0,0,0.32904683365230525
5,2020-2021,257,0,0,0.3373851329408356
5,2020-2021,258,1,1,0.6929676192681922
5,2020-2021,259,1,0,0.4672840633384879
5,2020-2021,260,0,1,0.6591872534779862
5,2021-2022,6,0,0,0.13656186432374695
5,2021-2022,7,1,0,0.10232781198817442
5,2021-2022,8,0,0,0.25910656987399544
5,2021-2022,9,1,0,0.2910801518026452
5,2021-2022,10,1,0,0.28060328498432563
5,2021-2022,11,0,0,0.39812920617112946
5,2021-2022,12,1,0,0.37762586522109615
5,2021-2022,13,1,0,0.49714454884595216
5,2021-2022,14,1,1,0.5265157552253035
5,2021-2022,15,1,1,0.6082941025023798
5,2021-2022,16,0,1,0.6294414309842995
5,2021-2022,17,1,1,0.6330330122846763
5,2021-2022,18,1,1,0.6193400367892933
5,2021-2022,19,0,1,0.6263547369555235
5,2021-2022,20,0,1,0.5674175317397044
5,2021-2022,21,0,1,0.5744425435947994
5,2021-2022,22,1,1,0.5550464843509174
5,2021-2022,23,1,1,0.5901460268010453
5,2021-2022,24,1,1,0.6430977566951835
5,2021-2022,25,0,1,0.5443768931237604
5,2021-2022,26,0,0,0.49838406851944717
5,2021-2022,27,1,1,0.5744489321303314
5,2021-2022,28,0,1,0.5154326297054417
5,2021-2022,29,0,0,0.47386200328561906
5,2021-2022,30,1,0,0.4418797354111682
5,2021-2022,31,1,1,0.562660362348546
5,2021-2022,32,0,1,0.6188008538903998
5,2021-2022,33,1,0,0.49700259138395636
5,2021-2022,34,1,0,0.49847995930639205
5,2021-2022,35,0,1,0.5251465768548863
5,2021-2022,36,0,0,0.4461623811182444
5,2021-2022,37,1,1,0.5559021915948222
5,2021-2022,38,1,1,0.5628836920344997
5,2021-2022,39,1,1,0.5899793406326046
5,2021-2022,40,0,1,0.5430664007254404
5,2021-2022,41,0,0,0.4629697381123942
5,2021-2022,42,0,1,0.5173514013763768
5,2021-2022,43,1,1,0.5400556215326823
5,2021-2022,44,1,0,0.48107095448215487
5,2021-2022,45,1,1,0.576614957477037
5,2021-2022,46,1,1,0.5402571677853988
5,2021-2022,47,1,1,0.635033268528666
5,2021-2022,48,1,1,0.7426653716124367
5,2021-2022,49,0,1,0.6237859230349773
5,2021-2022,50,1,1,0.6204653824975962
5,2021-2022,51,1,1,0.6153660476500191
5,2021-2022,52,0,1,0.6145002164141423
5,2021-2022,53,1,1,0.5960790657139556
5,2021-2022,54,0,1,0.6502764326109822
5,2021-2022,55,1,1,0.7112772142046166
5,2021-2022,56,0,1,0.6296553967154839
5,2021-2022,57,0,1,0.5621961539794688
5,2021-2022,58,1,1,0.5287185664607374
5,2021-2022,59,1,1,0.5778868013569243
5,2021-2022,60,0,1,0.5858686278023068
5,2021-2022,61,1,1,0.5771317017082931
5,2021-2022,62,1,1,0.6744174572282934
5,2021-2022,63,0,1,0.5808174334552509
5,2021-2022,64,1,1,0.6701215806418976
5,2021-2022,65,1,1,0.5094204362076066
5,2021-2022,66,0,1,0.6050939524467749
5,2021-2022,67,0,1,0.6306788385927495
5,2021-2022,68,1,1,0.5940277410589581
5,2021-2022,69,0,1,0.518423374365597
5,2021-2022,70,0,1,0.5481642739678106
5,2021-2022,71,1,1,0.6359243239636891
5,2021-2022,72,0,1,0.6009041155015263
5,2021-2022,73,1,1,0.646211215541381
5,2021-2022,74,0,1,0.5502324490931241
5,2021-2022,75,0,1,0.5924584072888573
5,2021-2022,76,0,1,0.5235961812748787
5,2021-2022,77,1,1,0.6070766058745715
5,2021-2022,78,1,1,0.5622313725653119
5,2021-2022,79,0,0,0.45719290062449214
5,2021-2022,80,1,1,0.6163766090828348
5,2021-2022,81,1,1,0.5615967526905776
5,2021-2022,82,1,1,0.5797240840334936
5,2021-2022,83,0,1,0.6228150355355547
5,2021-2022,84,0,0,0.4904252354833667
5,2021-2022,85,1,1,0.5478014732069408
5,2021-2022,86,1,1,0.5929867592906324
5,2021-2022,87,1,1,0.5600979223129833
5,2021-2022,88,1,1,0.5886195451440777
5,2021-2022,89,1,1,0.6610252179144218
5,2021-2022,90,1,1,0.5524490709325849
5,2021-2022,91,0,0,0.47626724402323745
5,2021-2022,92,1,1,0.5027111597405556
5,2021-2022,93,1,1,0.6456988492418905
5,2021-2022,94,1,1,0.5867948832576724
5,2021-2022,95,1,1,0.7055954868623951
5,2021-2022,96,1,1,0.6337521329490997
5,2021-2022,97,0,1,0.6514780166387798
5,2021-2022,98,1,1,0.7110967114769273
5,2021-2022,99,1,1,0.6965695007860542
5,2021-2022,100,1,1,0.7401371020355225
5,2021-2022,101,0,1,0.7140170038536431
5,2021-2022,102,0,0,0.497251495532757
5,2021-2022,103,1,1,0.5699516353491577
5,2021-2022,104,1,1,0.707068294412619
5,2021-2022,105,1,1,0.7135319152535581
5,2021-2022,106,1,1,0.6617389778824789
5,2021-2022,107,0,1,0.5690519921073559
5,2021-2022,108,0,1,0.7059014210892418
5,2021-2022,109,0,1,0.515344266365266
5,2021-2022,110,1,1,0.6054552220055057
5,2021-2022,111,0,0,0.43689699676562066
5,2021-2022,112,0,1,0.7283576712004797
5,2021-2022,113,1,1,0.6425613661050378
5,2021-2022,114,1,1,0.6230211754433411
5,2021-2022,115,1,1,0.6420736553353371
5,2021-2022,116,0,1,0.5537365352129339
5,2021-2022,117,0,1,0.6051113793606843
5,2021-2022,118,1,1,0.6682293170542065
5,2021-2022,119,1,1,0.5535926307813976
5,2021-2022,120,1,0,0.4705694783902619
5,2021-2022,121,1,0,0.4995876275629616
5,2021-2022,122,0,1,0.6187127743676049
5,2021-2022,123,1,1,0.6892540755223165
5,2021-2022,124,1,1,0.7172648488790191
5,2021-2022,125,1,0,0.4828187036970631
5,2021-2022,126,0,1,0.6488199200170989
5,2021-2022,127,1,1,0.6017265196080285
5,2021-2022,128,1,1,0.6534726202253972
5,2021-2022,129,1,1,0.7495946524855218
5,2021-2022,130,1,1,0.6550292528093035
5,2021-2022,131,0,0,0.47706008078233636
5,2021-2022,132,1,1,0.5503294174612009
5,2021-2022,133,1,1,0.7248878931069662
5,2021-2022,134,0,1,0.7121569550727248
5,2021-2022,135,1,1,0.6430234110400695
5,2021-2022,136,1,1,0.7049375573149105
5,2021-2022,137,0,1,0.6776440029850239
5,2021-2022,138,1,1,0.7379402486937201
5,2021-2022,139,1,0,0.47905518805987335
5,2021-2022,140,1,1,0.5901384348279397
5,2021-2022,141,0,1,0.7235409521585506
5,2021-2022,142,1,1,0.7188386396743273
5,2021-2022,143,1,1,0.6900900984649126
5,2021-2022,144,1,1,0.6626090095333099
5,2021-2022,145,1,1,0.5378317633602897
5,2021-2022,146,1,1,0.6867214850752748
5,2021-2022,147,1,1,0.692122887782654
5,2021-2022,148,0,0,0.48003615224477564
5,2021-2022,149,0,0,0.4398391707307414
5,2021-2022,150,1,1,0.7126148670290093
5,2021-2022,151,1,1,0.6455533606659662
5,2021-2022,152,1,1,0.6480616582555809
5,2021-2022,153,0,0,0.4269512405383188
5,2021-2022,154,1,1,0.7105592655645216
5,2021-2022,155,1,1,0.5765691987252939
5,2021-2022,156,0,0,0.4909956389259066
5,2021-2022,157,1,1,0.7588698796043
5,2021-2022,158,0,1,0.6672326426423603
5,2021-2022,159,0,0,0.42172084473896754
5,2021-2022,160,1,1,0.6963867787714926
5,2021-2022,161,1,1,0.674761956010959
5,2021-2022,162,1,1,0.670637244631748
5,2021-2022,163,1,1,0.6831995958672822
5,2021-2022,164,1,1,0.7197980855128865
5,2021-2022,165,0,1,0.6265963983356891
5,2021-2022,166,0,1,0.6972112932235205
5,2021-2022,167,1,1,0.760108873553202
5,2021-2022,168,1,1,0.6564082802416319
5,2021-2022,169,1,1,0.8108565301017865
5,2021-2022,170,1,1,0.5595025828667499
5,2021-2022,171,1,1,0.8217343364018044
5,2021-2022,172,1,1,0.7931475599342972
5,2021-2022,173,0,1,0.7390993951077723
5,2021-2022,174,1,1,0.6163097678834543
5,2021-2022,175,1,1,0.7785520881654291
5,2021-2022,176,1,1,0.6731791523630271
5,2021-2022,177,1,1,0.661271478807515
5,2021-2022,178,1,1,0.7212663088043894
5,2021-2022,179,0,1,0.6713119000756455
5,2021-2022,180,0,1,0.5844702675754903
5,2021-2022,181,1,1,0.6654907632157598
5,2021-2022,182,0,1,0.7131011784717147
5,2021-2022,183,1,1,0.6278792138497296
5,2021-2022,184,1,1,0.7524154099369248
5,2021-2022,185,0,1,0.6586841094889085
5,2021-2022,186,0,1,0.6552709731030395
5,2021-2022,187,1,1,0.7350250366650161
5,2021-2022,188,1,1,0.8099115913871797
5,2021-2022,189,1,1,0.8502247908512227
5,2021-2022,190,0,1,0.6558539225784425
5,2021-2022,191,1,1,0.7267890509847258
5,2021-2022,192,0,1,0.6472189363921623
5,2021-2022,193,1,1,0.7729415150643061
5,2021-2022,194,1,1,0.8264360007044032
5,2021-2022,195,1,1,0.5876682374167882
5,2021-2022,196,1,1,0.75528201602237
5,2021-2022,197,0,1,0.5368493399249403
5,2021-2022,198,0,1,0.7095478225643972
5,2021-2022,199,1,1,0.6079287168111207
5,2021-2022,200,0,1,0.5226802948699114
5,2021-2022,201,1,1,0.8556251191506489
5,2021-2022,202,0,1,0.6720835834063422
5,2021-2022,203,1,1,0.7850287905769303
5,2021-2022,204,1,1,0.644889273703471
5,2021-2022,205,0,0,0.40872824176537753
5,2021-2022,206,1,1,0.7922618947607795
5,2021-2022,207,1,1,0.5768526396365318
5,2021-2022,208,1,1,0.6985870613966793
5,2021-2022,209,0,1,0.6122701954286325
5,2021-2022,210,1,1,0.5416072044455255
5,2021-2022,211,0,1,0.6290213200949579
5,2021-2022,212,0,1,0.6718139029848481
5,2021-2022,213,0,0,0.4979377240429621
5,2021-2022,214,0,1,0.5757547399724912
5,2021-2022,215,1,0,0.38260591106032177
5,2021-2022,216,0,1,0.5051709074515979
5,2021-2022,217,1,1,0.7601760113122906
5,2021-2022,218,1,1,0.7201386897371639
5,2021-2022,219,0,0,0.4942597750498577
5,2021-2022,220,1,1,0.7549742116032299
5,2021-2022,221,1,1,0.6902542807958411
5,2021-2022,222,1,1,0.7003366221801526
5,2021-2022,223,0,1,0.6919170350182747
5,2021-2022,224,1,1,0.6035318839015149
5,2021-2022,225,1,1,0.821364769287554
5,2021-2022,226,0,0,0.47417967952370094
5,2021-2022,227,0,1,0.6088917866100525
5,2021-2022,228,0,1,0.5061398671024957
5,2021-2022,229,1,1,0.6399194787611888
5,2021-2022,230,1,0,0.39189101315161634
5,2021-2022,231,0,0,0.4929118988759641
5,2021-2022,232,1,1,0.6452495273803275
5,2021-2022,233,0,1,0.5671774912533495
5,2021-2022,234,1,1,0.7219505069125919
5,2021-2022,235,1,1,0.6529905477607878
5,2021-2022,236,0,1,0.5646350486903684
5,2021-2022,237,1,1,0.6405176194454582
5,2021-2022,238,1,1,0.679015323439145
5,2021-2022,239,0,1,0.6305029928636078
5,2021-2022,240,0,1,0.5937764359877179
5,2021-2022,241,1,1,0.7791198722746729
5,2021-2022,242,1,1,0.6403042701468071
5,2021-2022,243,1,1,0.5977225064228826
5,2021-2022,244,1,1,0.7541149320962364
5,2021-2022,245,1,1,0.6893072237759971
5,2021-2022,246,1,1,0.8017798905087492
5,2021-2022,247,0,1,0.6623306608423184
5,2021-2022,248,0,1,0.5579212300047766
5,2021-2022,249,1,1,0.5047427613234241
5,2021-2022,250,0,1,0.6515912412180673
5,2021-2022,251,1,1,0.6848924322858578
5,2021-2022,252,0,1,0.5496451726872152
5,2021-2022,253,0,1,0.5410168774973676
5,2021-2022,254,1,1,0.7591970849118254
5,2021-2022,255,0,1,0.5777336857045126
5,2021-2022,256,0,1,0.6393427535103086
5,2021-2022,257,0,1,0.6922963820011143
5,2021-2022,258,1,0,0.4348077599901476
5,2021-2022,259,0,1,0.5733301530324119
5,2021-2022,260,1,0,0.47874170720041
5,2021-2022,261,1,1,0.51655990770046
5,2021-2022,262,0,1,0.6415072403929907
5,2021-2022,263,0,0,0.49471499460280205
5,2021-2022,264,1,1,0.512082633125869
5,2021-2022,265,1,1,0.7396090723887632
5,2021-2022,266,0,1,0.5164968214781792
5,2021-2022,267,1,0,0.3663531576372079
5,2021-2022,268,1,1,0.5828435838507446
5,2021-2022,269,0,0,0.49040172685944006
5,2021-2022,270,1,1,0.609074251734083
5,2021-2022,271,1,1,0.7566498061010738
5,2021-2022,272,1,1,0.7428571034003921
5,2021-2022,273,1,1,0.6137968253971681
5,2021-2022,274,1,1,0.7833684707106424
5,2021-2022,275,1,1,0.6884855626283067
5,2021-2022,276,1,1,0.6770774615446434
5,2021-2022,277,1,1,0.6918415213781529
5,2021-2022,278,1,1,0.702708336586079
5,2021-2022,279,1,1,0.8589025790648601
5,2021-2022,280,0,1,0.6823582523721445
5,2021-2022,281,1,1,0.6937478347698981
5,2021-2022,282,0,1,0.5679031036983125
5,2021-2022,283,0,1,0.6736350476230478
5,2021-2022,284,0,1,0.5221668452717889
5,2021-2022,285,0,1,0.6875545096027761
5,2021-2022,286,0,0,0.47754732867112887
5,2021-2022,287,0,0,0.4718316725028792
5,2021-2022,288,1,1,0.7085132648403303
5,2021-2022,289,1,1,0.6131372709578441
5,2021-2022,290,1,1,0.7319043261494499
5,2021-2022,291,1,1,0.6721290588677973
5,2021-2022,292,0,1,0.5518833996680388
5,2021-2022,293,0,1,0.6736352544657044
5,2021-2022,294,0,1,0.5535427750249879
5,2021-2022,295,1,1,0.5876102679377782
5,2021-2022,296,1,1,0.518663691836928
5,2021-2022,297,0,1,0.7189104971247786
5,2021-2022,298,1,1,0.6335812632607043
5,2022-2023,6,0,1,0.5917008765763584
5,2022-2023,7,0,0,0.48535172333819715
5,2022-2023,8,0,1,0.5277039690939022
5,2022-2023,9,1,1,0.5089389009580711
5,2022-2023,10,0,0,0.32148168090099116
5,2022-2023,11,1,0,0.2720429099400906
5,2022-2023,12,0,0,0.31931262356741125
5,2022-2023,13,0,0,0.2792686779316951
5,2022-2023,14,1,0,0.296273581332205
5,2022-2023,15,0,0,0.3322842543765341
5,2022-2023,16,0,0,0.3129288758081005
5,2022-2023,17,1,0,0.3009991398984156
5,2022-2023,18,1,0,0.38199262583602295
5,2022-2023,19,0,0,0.4399226767395909
5,2022-2023,20,1,0,0.3677830618398545
5,2022-2023,21,1,0,0.4662471952555882
5,2022-2023,22,1,1,0.5002524126920307
5,2022-2023,23,1,1,0.5267464242811079
5,2022-2023,24,0,1,0.5391556382341754
5,2022-2023,25,1,0,0.47738587628554185
5,2022-2023,26,0,1,0.5511716216245448
5,2022-2023,27,1,1,0.5464910931738246
5,2022-2023,28,0,1,0.5454848945438401
5,2022-2023,29,1,0,0.4255497395592758
5,2022-2023,30,1,1,0.5058129985906025
5,2022-2023,31,0,1,0.5522180453523224
5,2022-2023,32,0,0,0.4797950591821534
5,2022-2023,33,0,0,0.4500589207308029
5,2022-2023,34,1,0,0.478606543716517
5,2022-2023,35,1,0,0.49847623157740223
5,2022-2023,36,1,0,0.48157621905139697
5,2022-2023,37,0,1,0.5551078098523526
5,2022-2023,38,1,1,0.5232631801812612
5,2022-2023,39,1,1,0.5088128693660232
5,2022-2023,40,1,1,0.5345837393487894
5,2022-2023,41,0,1,0.5322528311477175
5,2022-2023,42,0,1,0.5774447830576775
5,2022-2023,43,0,1,0.5158381399784676
5,2022-2023,44,1,1,0.5167770822822687
5,2022-2023,45,1,1,0.5418924507971368
5,2022-2023,46,1,1,0.5700271086920257
5,2022-2023,47,0,1,0.560047158364356
5,2022-2023,48,1,1,0.5805471733507129
5,2022-2023,49,0,1,0.5410673514284455
5,2022-2023,50,1,1,0.5815127154613041
5,2022-2023,51,1,1,0.5667792989082908
5,2022-2023,52,1,1,0.5485073799249338
5,2022-2023,53,0,1,0.5313459046015632
5,2022-2023,54,1,1,0.6297181222023629
5,2022-2023,55,1,1,0.6106108579898731
5,2022-2023,56,1,1,0.6301752290406102
5,2022-2023,57,1,1,0.6523327289053833
5,2022-2023,58,0,1,0.5854230433958819
5,2022-2023,59,1,1,0.5848903393744879
5,2022-2023,60,1,1,0.643210463077781
5,2022-2023,61,0,1,0.6338574713114511
5,2022-2023,62,0,1,0.505658635211512
5,2022-2023,63,0,1,0.6480613447986587
5,2022-2023,64,1,1,0.6398438656891478
5,2022-2023,65,0,0,0.48236896415795455
5,2022-2023,66,1,1,0.5682566570205116
5,2022-2023,67,0,0,0.49759528940177694
5,2022-2023,68,0,1,0.6281530487012865
5,2022-2023,69,0,1,0.630225036953743
5,2022-2023,70,1,1,0.6274009239858234
5,2022-2023,71,1,1,0.5640008986792298
5,2022-2023,72,1,0,0.47720887704958975
5,2022-2023,73,1,1,0.6132219976563453
5,2022-2023,74,1,1,0.5912993598626108
5,2022-2023,75,0,1,0.5751441870180086
5,2022-2023,76,1,1,0.6409229522632747
5,2022-2023,77,1,0,0.4719785116070256
5,2022-2023,78,0,1,0.6429512749574209
5,2022-2023,79,1,1,0.6522942417868784
5,2022-2023,80,1,1,0.5978541541843573
5,2022-2023,81,0,1,0.5485862874413788
5,2022-2023,82,0,1,0.6142612180658213
5,2022-2023,83,0,1,0.604823525426382
5,2022-2023,84,1,1,0.6477151850316661
5,2022-2023,85,0,0,0.4708778820660454
5,2022-2023,86,0,1,0.5440219473595176
5,2022-2023,87,0,1,0.5009291152027269
5,2022-2023,88,1,0,0.4639077005131373
5,2022-2023,89,0,0,0.4278120569549037
5,2022-2023,90,0,0,0.4655147891117636
5,2022-2023,91,1,1,0.5345045633371319
5,2022-2023,92,0,1,0.5947585317303037
5,2022-2023,93,0,1,0.5697053490865804
5,2022-2023,94,0,1,0.5260895084495965
5,2022-2023,95,1,1,0.5726635789089191
5,2022-2023,96,1,1,0.5208058065290659
5,2022-2023,97,1,0,0.4485901842132699
5,2022-2023,98,0,0,0.4525226764416121
5,2022-2023,99,0,1,0.5202965883408852
5,2022-2023,100,1,1,0.5328110093285919
5,2022-2023,101,0,1,0.5175552134707372
5,2022-2023,102,0,1,0.512889324771663
5,2022-2023,103,1,0,0.49391197491739103
5,2022-2023,104,0,1,0.5092175088736762
5,2022-2023,105,1,1,0.5078867694209105
5,2022-2023,106,0,0,0.4310194819794189
5,2022-2023,107,0,0,0.44610310627510513
5,2022-2023,108,1,0,0.4708513001791538
5,2022-2023,109,1,0,0.4948437449736871
5,2022-2023,110,1,1,0.5314881771884142
5,2022-2023,111,0,0,0.49599505615434764
5,2022-2023,112,1,0,0.4124982800934222
5,2022-2023,113,1,1,0.5823360383749033
5,2022-2023,114,1,1,0.5606204783844999
5,2022-2023,115,1,1,0.5770532728161032
5,2022-2023,116,0,0,0.4484773329008241
5,2022-2023,117,1,0,0.4718080615180264
5,2022-2023,118,1,1,0.6499996705490738
5,2022-2023,119,0,1,0.532798440666502
5,2022-2023,120,1,1,0.5868017850150842
5,2022-2023,121,1,1,0.5478923526421337
5,2022-2023,122,1,0,0.4881522736780783
5,2022-2023,123,0,1,0.5989194147841367
5,2022-2023,124,1,1,0.5334227390490454
5,2022-2023,125,0,0,0.4978258552696658
5,2022-2023,126,0,1,0.5934235570468304
5,2022-2023,127,0,1,0.5662657750656388
5,2022-2023,128,0,1,0.583079339058732
5,2022-2023,129,1,1,0.6003065030626663
5,2022-2023,130,0,0,0.4759044347160738
5,2022-2023,131,0,0,0.4654154957300297
5,2022-2023,132,1,1,0.6195915604811024
5,2022-2023,133,0,0,0.4569700583323296
5,2022-2023,134,0,1,0.5781529553593319
5,2022-2023,135,1,1,0.5786260974452769
5,2022-2023,136,1,1,0.5731139138638527
5,2022-2023,137,1,1,0.6203546996595366
5,2022-2023,138,1,1,0.6233856404478777
5,2022-2023,139,0,1,0.6269292771496383
5,2022-2023,140,1,1,0.586347902912083
5,2022-2023,141,1,1,0.596740509538212
5,2022-2023,142,1,1,0.5587868817457561
5,2022-2023,143,1,1,0.6545141026208968
5,2022-2023,144,0,1,0.6653483181225001
5,2022-2023,145,0,1,0.5152029315729051
5,2022-2023,146,1,0,0.44400043234499303
5,2022-2023,147,1,1,0.5216453817217379
5,2022-2023,148,0,1,0.5425837449079366
5,2022-2023,149,0,1,0.6461748504378987
5,2022-2023,150,0,1,0.5519391207756545
5,2022-2023,151,0,0,0.4847357414751441
5,2022-2023,152,1,1,0.5215061392493696
5,2022-2023,153,1,1,0.5239396561236007
5,2022-2023,154,0,1,0.5111088772327566
5,2022-2023,155,1,1,0.6290432656830514
5,2022-2023,156,1,1,0.6507870620829546
5,2022-2023,157,0,0,0.47672737686705946
5,2022-2023,158,0,1,0.5915538522478407
5,2022-2023,159,0,1,0.644936517213302
5,2022-2023,160,0,1,0.5208029291544023
5,2022-2023,161,0,0,0.4089873666367856
5,2022-2023,162,1,1,0.6082992485412873
5,2022-2023,163,0,1,0.5505367933921882
5,2022-2023,164,0,0,0.41933844561758193
5,2022-2023,165,1,1,0.5412110111776183
5,2022-2023,166,0,0,0.49658656949555846
5,2022-2023,167,0,0,0.47061783480426317
5,2022-2023,168,1,1,0.5506990604530014
5,2022-2023,169,0,0,0.4330003341473392
5,2022-2023,170,1,1,0.5379892977266031
5,2022-2023,171,1,1,0.5357820044390362
5,2022-2023,172,1,0,0.47177634891864695
5,2022-2023,173,0,0,0.46797050600634105
5,2022-2023,174,1,0,0.4445376506608001
5,2022-2023,175,1,1,0.5319292987294072
5,2022-2023,176,1,0,0.4688113058126136
5,2022-2023,177,1,1,0.6164299103479299
5,2022-2023,178,0,1,0.5356213172614068
5,2022-2023,179,0,0,0.45852596457532424
5,2022-2023,180,1,1,0.5254666367735823
5,2022-2023,181,1,1,0.6144652309514255
5,2022-2023,182,0,1,0.6165947532013264
5,2022-2023,183,0,0,0.3797873735016821
5,2022-2023,184,1,0,0.487766446315196
5,2022-2023,185,1,1,0.5387656037131172
5,2022-2023,186,1,1,0.5958405829934164
5,2022-2023,187,0,0,0.46795588295568014
5,2022-2023,188,1,1,0.5646280333043376
5,2022-2023,189,0,1,0.5417001644110049
5,2022-2023,190,0,1,0.5582238636955212
5,2022-2023,191,1,1,0.6095701691646243
5,2022-2023,192,1,0,0.49931963245708305
5,2022-2023,193,1,1,0.5195122052968434
5,2022-2023,194,1,0,0.4910774652322919
5,2022-2023,195,1,1,0.6116696577157771
5,2022-2023,196,0,1,0.5319896645301013
5,2022-2023,197,0,1,0.6082939069734719
5,2022-2023,198,0,1,0.5562462813794545
5,2022-2023,199,1,1,0.5185065266062509
5,2022-2023,200,0,1,0.5105325057369424
5,2022-2023,201,0,1,0.5763418968456229
5,2022-2023,202,1,0,0.4824138319793836
5,2022-2023,203,0,1,0.5158669001629719
5,2022-2023,204,1,0,0.4803724723455811
5,2022-2023,205,1,1,0.5537269398305895
5,2022-2023,206,1,0,0.48703861853080893
5,2022-2023,207,0,0,0.483325781256263
5,2022-2023,208,1,0,0.48558218330187536
5,2022-2023,209,1,1,0.5816614296802781
5,2022-2023,210,1,1,0.5311302993391325
5,2022-2023,211,1,0,0.41917092630322916
5,2022-2023,212,1,1,0.5850046618670484
5,2022-2023,213,1,1,0.5624326952862513
5,2022-2023,214,1,1,0.5284271699441394
5,2022-2023,215,1,1,0.5041026923799936
5,2022-2023,216,1,1,0.6425646552892645
5,2022-2023,217,1,1,0.6214802604443541
5,2022-2023,218,1,1,0.6357995121751925
5,2022-2023,219,1,1,0.5952959297860488
5,2022-2023,220,0,0,0.45650564386661296
5,2022-2023,221,1,1,0.6494303543846477
5,2022-2023,222,0,1,0.6334641083986672
5,2022-2023,223,0,1,0.5781124164168482
5,2022-2023,224,1,1,0.5371743168460362
5,2022-2023,225,0,0,0.4667142532916184
5,2022-2023,226,0,1,0.5970003441902908
5,2022-2023,227,0,0,0.4750629964731029
5,2022-2023,228,0,1,0.5829686727674005
5,2022-2023,229,0,0,0.4926480307766374
5,2022-2023,230,1,0,0.48255861226883345
5,2022-2023,231,0,0,0.40178989506221574
5,2022-2023,232,0,0,0.47099174892596074
5,2022-2023,233,1,1,0.6427637063191267
5,2022-2023,234,1,1,0.5474075473259644
5,2022-2023,235,1,1,0.5682022565604273
5,2022-2023,236,1,1,0.5567376835411542
5,2022-2023,237,1,0,0.49356794017416156
5,2022-2023,238,0,1,0.5687539164029473
5,2022-2023,239,0,1,0.5347523093580442
5,2022-2023,240,0,1,0.6403446948625497
5,2022-2023,241,1,1,0.6817130737694979
5,2022-2023,242,1,1,0.6719091605435531
5,2022-2023,243,0,1,0.5570159750735945
5,2022-2023,244,1,1,0.5647986510147353
5,2022-2023,245,0,1,0.5641699448376242
5,2022-2023,246,0,0,0.36350507175911556
5,2022-2023,247,1,1,0.611574162008806
5,2022-2023,248,1,1,0.722787411968844
5,2022-2023,249,1,0,0.46088979434801053
5,2022-2023,250,0,0,0.3867490497304927
5,2022-2023,251,1,1,0.5834201840690237
5,2022-2023,252,1,1,0.571399774153599
5,2022-2023,253,0,0,0.49974006055060627
5,2022-2023,254,0,0,0.39234613785543043
5,2022-2023,255,1,1,0.6769578650730907
5,2022-2023,256,1,1,0.6201836361954851
5,2022-2023,257,1,1,0.5546830795068917
5,2022-2023,258,1,1,0.6232345629488105
5,2022-2023,259,1,1,0.5576174482135755
5,2022-2023,260,0,1,0.5185700293797539
5,2022-2023,261,0,0,0.4357308468470977
5,2022-2023,262,1,1,0.6232623457760393
5,2022-2023,263,1,1,0.5189340267303898
5,2022-2023,264,1,1,0.5170899830047121
5,2022-2023,265,1,1,0.6598281736110375
5,2022-2023,266,1,1,0.6264615154739899
5,2022-2023,267,0,1,0.5880710234335648
5,2022-2023,268,1,1,0.58826560651347
5,2022-2023,269,0,0,0.37145311079233573
5,2022-2023,270,1,1,0.5518260736440467
5,2022-2023,271,0,1,0.6258576121479402
5,2022-2023,272,1,0,0.46885699575710954
5,2022-2023,273,1,1,0.5411997576280874
5,2022-2023,274,1,1,0.6863046146748473
5,2022-2023,275,0,1,0.5425662403865817
5,2022-2023,276,1,1,0.6363669392392673
5,2022-2023,277,1,1,0.6454726799311599
5,2022-2023,278,1,1,0.5697252092464311
5,2022-2023,279,1,1,0.5558404078407476
5,2022-2023,280,0,1,0.6893821042578743
5,2022-2023,281,1,1,0.5973232907001428
5,2022-2023,282,1,1,0.6336933066101264
5,2022-2023,283,0,1,0.5565583251660587
5,2022-2023,284,0,1,0.5249355370085351
5,2022-2023,285,0,1,0.559301479149336
5,2022-2023,286,1,0,0.46675476679858163
5,2022-2023,287,0,1,0.6345099382243992
5,2022-2023,288,1,0,0.4668881917360537
5,2022-2023,289,1,1,0.6143920460902405
5,2022-2023,290,1,1,0.711715227703693
5,2022-2023,291,0,1,0.706958747152192
5,2022-2023,292,1,1,0.6371403175694375
5,2022-2023,293,1,1,0.6644992971550869
5,2022-2023,294,1,1,0.645066855075859
5,2022-2023,295,0,1,0.6560828561065507
5,2022-2023,296,1,1,0.5993763023917597
5,2022-2023,297,1,1,0.5818611958729738
5,2022-2023,298,1,1,0.5256006610684362
5,2022-2023,299,1,1,0.6802335544669368
5,2022-2023,300,0,1,0.7011322531549286
5,2022-2023,301,0,1,0.7194112060270512
5,2022-2023,302,1,1,0.5833943409500494
5,2022-2023,303,0,1,0.7113266179414955
5,2022-2023,304,0,1,0.6233972958663705
5,2022-2023,305,0,1,0.5017338873368264
5,2022-2023,306,0,1,0.6244075772197986
5,2023-2024,6,1,0,0.2276239436647391
5,2023-2024,7,0,1,0.5504980714108278
5,2023-2024,8,0,0,0.3910880082577117
5,2023-2024,9,0,0,0.30316313805807743
5,2023-2024,10,0,0,0.24652470586511235
5,2023-2024,11,1,0,0.4161630482981786
5,2023-2024,12,1,1,0.5076715787468576
5,2023-2024,13,0,1,0.5902119149873896
5,2023-2024,14,0,0,0.48844922593108436
5,2023-2024,15,1,0,0.43244612917276926
5,2023-2024,16,0,1,0.5257702402285479
5,2023-2024,17,1,0,0.4708772323567418
5,2023-2024,18,1,0,0.487831674655684
5,2023-2024,19,1,1,0.5600338340824629
5,2023-2024,20,0,1,0.5726974160759817
5,2023-2024,21,1,1,0.5249727431314803
5,2023-2024,22,1,1,0.5786305532748066
5,2023-2024,23,0,1,0.5940488842221956
5,2023-2024,24,0,1,0.5424280722849578
5,2023-2024,25,1,1,0.5172347142309509
5,2023-2024,26,1,1,0.5829074253018248
5,2023-2024,27,1,1,0.5527734334678673
5,2023-2024,28,0,1,0.5411854752610757
5,2023-2024,29,1,1,0.5786728913123452
5,2023-2024,30,1,1,0.6517824200159219
5,2023-2024,31,1,1,0.6182096345832727
5,2023-2024,32,0,1,0.6389299507397995
5,2023-2024,33,0,1,0.5333441990346791
5,2023-2024,34,1,1,0.5311862650593233
5,2023-2024,35,0,1,0.5972506719959445
5,2023-2024,36,1,1,0.5373930136546068
5,2023-2024,37,0,1,0.5973589314995588
5,2023-2024,38,0,1,0.5862438152077664
5,2023-2024,39,0,1,0.5261276613706802
5,2023-2024,40,0,0,0.4983090862491963
5,2023-2024,41,0,0,0.49777138221297973
5,2023-2024,42,0,0,0.473084053219598
5,2023-2024,43,1,0,0.46358249005303326
5,2023-2024,44,1,1,0.5299056814009998
5,2023-2024,45,1,1,0.5389563061184649
5,2023-2024,46,0,1,0.6374163000851708
5,2023-2024,47,1,1,0.554223654272279
5,2023-2024,48,1,1,0.5194962209269031
5,2023-2024,49,1,1,0.5408019406016891
5,2023-2024,50,1,1,0.5427465954266072
5,2023-2024,51,1,1,0.5789776153041087
5,2023-2024,52,0,1,0.5915007115433786
5,2023-2024,53,1,1,0.54383192901961
5,2023-2024,54,1,1,0.6220862721623417
5,2023-2024,55,1,1,0.6186065667408605
5,2023-2024,56,1,1,0.5518537215525366
5,2023-2024,57,0,1,0.5512663407184888
5,2023-2024,58,0,1,0.6089085526987452
5,2023-2024,59,0,1,0.5919847483987627
5,2023-2024,60,1,1,0.5667335125186167
5,2023-2024,61,0,1,0.5886722654005431
5,2023-2024,62,1,1,0.5806833118863647
5,2023-2024,63,1,1,0.5215578488295488
5,2023-2024,64,1,1,0.5497891849215789
5,2023-2024,65,1,1,0.5961526248955221
5,2023-2024,66,1,1,0.614649403795397
5,2023-2024,67,1,1,0.5727229166154308
5,2023-2024,68,1,1,0.6507415048022583
5,2023-2024,69,1,1,0.6121065518617006
5,2023-2024,70,1,1,0.6712614337779301
5,2023-2024,71,1,1,0.6731874497389149
5,2023-2024,72,1,1,0.6548702620817249
5,2023-2024,73,0,1,0.6192641469632612
5,2023-2024,74,0,1,0.6287494876669422
5,2023-2024,75,1,1,0.6129338914128919
5,2023-2024,76,1,1,0.6627698581460764
5,2023-2024,77,1,1,0.6782859464293856
5,2023-2024,78,1,1,0.6239598006432604
5,2023-2024,79,0,1,0.616993583579694
5,2023-2024,80,0,1,0.6418258335870431
5,2023-2024,81,1,1,0.6666157227570915
5,2023-2024,82,1,1,0.6836740032173734
5,2023-2024,83,1,1,0.6807637165244481
5,2023-2024,84,0,1,0.602371436319326
5,2023-2024,85,0,1,0.6807855360828089
5,2023-2024,86,1,1,0.5853240125699577
5,2023-2024,87,1,1,0.6758879469966743
5,2023-2024,88,0,1,0.612987103383422
5,2023-2024,89,1,1,0.60767955898068
5,2023-2024,90,1,1,0.7057314918582569
5,2023-2024,91,0,1,0.6244220863117582
5,2023-2024,92,0,1,0.5226601412747928
5,2023-2024,93,1,1,0.580260377530471
5,2023-2024,94,0,1,0.6542658851175976
5,2023-2024,95,0,1,0.6278587284041895
5,2023-2024,96,1,1,0.6171757425708093
5,2023-2024,97,1,1,0.661952700523091
5,2023-2024,98,0,1,0.5329982102096577
5,2023-2024,99,0,1,0.6285938384975114
5,2023-2024,100,1,1,0.6698800054109294
5,2023-2024,101,0,1,0.576584389372202
5,2023-2024,102,0,1,0.6991114068882198
5,2023-2024,103,0,1,0.6065932892010497
5,2023-2024,104,1,1,0.6228491948382296
5,2023-2024,105,0,1,0.6634605471342595
5,2023-2024,106,0,1,0.5528881538624613
5,2023-2024,107,1,1,0.6313691864593871
5,2023-2024,108,1,1,0.6386568731588282
5,2023-2024,109,1,1,0.5812233218862829
5,2023-2024,110,0,1,0.5897946116889877
5,2023-2024,111,1,1,0.656569456696055
5,2023-2024,112,0,1,0.5773196696595
5,2023-2024,113,1,1,0.5811694404098748
5,2023-2024,114,1,1,0.5701975393152499
5,2023-2024,115,1,1,0.619446319061587
5,2023-2024,116,0,1,0.6351635172838441
5,2023-2024,117,0,1,0.5493951556047901
5,2023-2024,118,1,1,0.5934837048458027
5,2023-2024,119,1,1,0.6813138442724436
5,2023-2024,120,1,1,0.5572958779727645
5,2023-2024,121,1,1,0.6226563313437744
5,2023-2024,122,0,0,0.48838746345357725
5,2023-2024,123,1,1,0.6703454828079555
5,2023-2024,124,0,1,0.626684813953461
5,2023-2024,125,0,1,0.5387632229545747
5,2023-2024,126,1,1,0.5100987516615773
5,2023-2024,127,1,1,0.5831488591528158
5,2023-2024,128,1,1,0.6227532643155675
5,2023-2024,129,0,1,0.6174222831802522
5,2023-2024,130,0,1,0.5582203157298664
5,2023-2024,131,1,1,0.6495277807728412
5,2023-2024,132,0,1,0.6243527799377264
5,2023-2024,133,0,1,0.5730825588731361
5,2023-2024,134,1,0,0.4617819947183337
5,2023-2024,135,0,0,0.4867608419220325
5,2023-2024,136,0,0,0.47821872654014763
5,2023-2024,137,1,1,0.5462130140616939
5,2023-2024,138,1,1,0.6423036921037744
5,2023-2024,139,1,1,0.6284154525258907
5,2023-2024,140,1,1,0.5905765358644397
5,2023-2024,141,0,0,0.4569547474020164
5,2023-2024,142,1,1,0.6108555887852987
5,2023-2024,143,0,1,0.5442471337282309
5,2023-2024,144,0,1,0.5348303071998828
5,2023-2024,145,1,1,0.6488602150698798
5,2023-2024,146,1,1,0.6162561681181083
5,2023-2024,147,1,1,0.6145822384507544
5,2023-2024,148,1,1,0.6431107479039067
5,2023-2024,149,1,1,0.714322520181891
5,2023-2024,150,0,1,0.6652887253399811
5,2023-2024,151,0,0,0.487189972414563
5,2023-2024,152,1,0,0.4332902577000892
5,2023-2024,153,1,1,0.5921970222178895
5,2023-2024,154,1,1,0.637392902054583
5,2023-2024,155,0,1,0.5780812368992944
5,2023-2024,156,1,1,0.6942461412051408
5,2023-2024,157,1,1,0.5886217544525987
5,2023-2024,158,1,1,0.7289413785620004
5,2023-2024,159,1,1,0.6935390637908949
5,2023-2024,160,0,1,0.5877208263326155
5,2023-2024,161,0,1,0.5958785962370315
5,2023-2024,162,0,1,0.6378158553399575
5,2023-2024,163,0,0,0.46340055105701206
5,2023-2024,164,1,1,0.6114542696566964
5,2023-2024,165,0,0,0.4170221485027919
5,2023-2024,166,0,1,0.624573580648985
5,2023-2024,167,0,1,0.5422580419647332
5,2023-2024,168,0,0,0.4367832314381161
5,2023-2024,169,0,1,0.5642789471800215
5,2023-2024,170,0,0,0.45000128916362503
5,2023-2024,171,1,1,0.5231862981529882
5,2023-2024,172,1,1,0.542921163355646
5,2023-2024,173,0,1,0.5074284593208319
5,2023-2024,174,1,0,0.46533229846215135
5,2023-2024,175,0,0,0.4241939123508381
5,2023-2024,176,0,1,0.528692900568346
5,2023-2024,177,1,1,0.5529811685586317
5,2023-2024,178,1,1,0.5483764409539735
5,2023-2024,179,1,0,0.39032379299396064
5,2023-2024,180,0,1,0.5879141663213486
5,2023-2024,181,1,1,0.5110545718582777
5,2023-2024,182,1,1,0.6611629428964324
5,2023-2024,183,0,1,0.5010234410329572
5,2023-2024,184,1,1,0.6098533521158949
5,2023-2024,185,0,1,0.6125277602915038
5,2023-2024,186,0,0,0.48743298747112884
5,2023-2024,187,1,1,0.5327055347123553
5,2023-2024,188,1,1,0.5839224001399111
5,2023-2024,189,0,0,0.3364543185651807
5,2023-2024,190,1,0,0.4905414565904999
5,2023-2024,191,0,0,0.47444559925549556
5,2023-2024,192,0,0,0.43473480978131146
5,2023-2024,193,0,0,0.3736428876234573
5,2023-2024,194,0,1,0.5294622660489308
5,2023-2024,195,1,0,0.45445729691647274
5,2023-2024,196,1,0,0.46943045624057816
5,2023-2024,197,1,1,0.6452904518268665
5,2023-2024,198,1,1,0.5712435875187354
5,2023-2024,199,1,1,0.5944731900540305
5,2023-2024,200,1,1,0.6057252141136142
5,2023-2024,201,1,1,0.5338415068619754
5,2023-2024,202,1,0,0.4774353904307344
5,2023-2024,203,1,1,0.6967126737216772
5,2023-2024,204,1,1,0.6543852626141425
5,2023-2024,205,1,1,0.6481047901002311
5,2023-2024,206,1,1,0.6775874930802441
5,2023-2024,207,0,1,0.7239036469553132
5,2023-2024,208,1,1,0.7255260931810048
5,2023-2024,209,0,1,0.6589049319435047
5,2023-2024,210,0,1,0.6205552503641257
5,2023-2024,211,0,1,0.5786436387255198
5,2023-2024,212,0,0,0.35933856234743644
5,2023-2024,213,0,0,0.4898341172437144
5,2023-2024,214,1,1,0.5946948655618031
5,2023-2024,215,0,1,0.5247056002470009
5,2023-2024,216,0,1,0.6845223127716091
5,2023-2024,217,1,1,0.7528995263682193
5,2023-2024,218,1,0,0.42456259389374135
5,2023-2024,219,0,1,0.5153680082606776
5,2023-2024,220,1,1,0.6135839547557739
5,2023-2024,221,1,1,0.6120617350455512
5,2023-2024,222,0,1,0.6256258764446517
5,2023-2024,223,0,0,0.4598990772681682
5,2023-2024,224,0,0,0.38557132945309364
5,2023-2024,225,1,1,0.5795663331711567
5,2023-2024,226,1,0,0.3886512314981165
5,2023-2024,227,1,1,0.6634427293798427
5,2023-2024,228,0,0,0.3507671052777355
5,2023-2024,229,0,1,0.6543807041579568
5,2023-2024,230,1,1,0.601289853539533
5,2023-2024,231,1,0,0.46893938804039964
5,2023-2024,232,1,1,0.6093418350384129
5,2023-2024,233,1,1,0.5881740554155191
5,2023-2024,234,0,0,0.47888287697804277
5,2023-2024,235,0,1,0.570128612702965
5,2023-2024,236,0,0,0.3152363117230506
5,2023-2024,237,0,0,0.4375302787487394
5,2023-2024,238,1,1,0.687053511762813
5,2023-2024,239,1,1,0.6043290105662819
5,2023-2024,240,0,0,0.4832466337451914
5,2023-2024,241,1,0,0.4857025701426943
5,2023-2024,242,1,1,0.5704663569928132
5,2023-2024,243,1,1,0.7859441921284047
5,2023-2024,244,0,1,0.5610105998080245
5,2023-2024,245,0,1,0.5427067559918679
5,2023-2024,246,1,1,0.6805559085546363
5,2023-2024,247,0,1,0.5069934338653167
5,2023-2024,248,1,0,0.4652536161554228
5,2023-2024,249,1,1,0.7275438375216812
5,2023-2024,250,1,1,0.6261614993894999
5,2023-2024,251,0,1,0.6551274147887548
5,2023-2024,252,1,1,0.5231236769625998
5,2023-2024,253,1,1,0.6110421163596725
5,2023-2024,254,0,1,0.539182093691531
5,2023-2024,255,1,1,0.5010658540150307
5,2023-2024,256,0,1,0.5768786841403797
5,2023-2024,257,0,0,0.2786622113245106
5,2023-2024,258,0,0,0.37618482227169664
5,2023-2024,259,1,1,0.5159743120732708
5,2023-2024,260,1,1,0.5249334475799778
5,2023-2024,261,1,1,0.5195082009941604
5,2023-2024,262,1,0,0.4641101425876163
5,2023-2024,263,0,0,0.4505232042492949
5,2023-2024,264,0,0,0.38423613748370433
5,2023-2024,265,0,0,0.4676692231016269
5,2023-2024,266,1,1,0.6685147365374147
5,2023-2024,267,0,0,0.4571936732373394
5,2023-2024,268,1,0,0.4354593605068116
5,2023-2024,269,1,0,0.4645401076595041
5,2023-2024,270,1,1,0.5600950056953563
5,2023-2024,271,1,1,0.5744655371433669
5,2023-2024,272,1,0,0.40183631076363696
5,2023-2024,273,1,1,0.5563012551334909
5,2023-2024,274,1,1,0.6291243102133371
5,2023-2024,275,1,1,0.5854107116891527
5,2023-2024,276,1,1,0.5345142473316687
5,2023-2024,277,0,1,0.6760118573864271
5,2023-2024,278,1,1,0.6542356168817756
5,2023-2024,279,1,1,0.6410164099492367
5,2023-2024,280,1,1,0.6147887728720064
5,2023-2024,281,1,1,0.5988402461784885
5,2023-2024,282,0,1,0.5271281657413935
5,2023-2024,283,1,1,0.5760706226530028
5,2023-2024,284,1,1,0.6316024300240334
5,2023-2024,285,1,1,0.6198457482522535
5,2023-2024,286,1,1,0.6451324549217462
5,2023-2024,287,0,1,0.5804866264292292
5,2023-2024,288,0,1,0.6400455875609826
5,2023-2024,289,1,1,0.5641419702863839
5,2023-2024,290,1,1,0.5742063646432259
5,2023-2024,291,0,1,0.5416736556140788
5,2023-2024,292,0,0,0.4027694887297605
5,2023-2024,293,0,1,0.519468923199321
5,2023-2024,294,1,1,0.5197857146501067
5,2023-2024,295,1,1,0.6671662184207717
5,2023-2024,296,1,1,0.6384384916186684
5,2023-2024,297,0,0,0.37404618457485833
5,2023-2024,298,1,1,0.6330563645046814
5,2023-2024,299,1,1,0.6304626227589122
5,2023-2024,300,0,1,0.7066133026723903
5,2023-2024,301,1,1,0.6371288022561544
5,2023-2024,302,0,1,0.6342716668796825
5,2023-2024,303,1,1,0.6876068257284291
5,2023-2024,304,1,1,0.6682051219558963
5,2023-2024,305,0,1,0.6328791190654082
5,2023-2024,306,1,1,0.6612133899679176
5,2023-2024,307,0,1,0.6899621606206768
5,2023-2024,308,1,1,0.7105820125365147
5,2023-2024,309,1,1,0.7362113594988604
5,2023-2024,310,1,1,0.514284748676256
5,2023-2024,311,1,1,0.596230730674827
5,2023-2024,312,1,1,0.689487187306599
5,2023-2024,313,1,1,0.7180949904359629
5,2023-2024,314,0,1,0.7284142225622833
5,2023-2024,315,1,1,0.6022364093351928
5,2023-2024,316,0,0,0.38806020035939787
5,2023-2024,317,1,1,0.6253357704477683
5,2023-2024,318,1,1,0.7019271611578695
5,2023-2024,319,0,0,0.4473695033122183
5,2023-2024,320,0,0,0.46817784164816173
5,2023-2024,321,0,1,0.6436798106402439
5,2023-2024,322,1,1,0.761891625011081
5,2023-2024,323,1,1,0.6853882713966553
5,2023-2024,324,1,1,0.685608005453716
5,2023-2024,325,0,0,0.48504079587924476
5,2023-2024,326,0,0,0.48652587969850236
5,2023-2024,327,1,1,0.6637847544708997
5,2023-2024,328,0,1,0.5663750344304392
5,2023-2024,329,1,0,0.4513312846830458
5,2023-2024,330,1,0,0.4425809128534119
5,2023-2024,331,0,1,0.6525538501404846
5,2023-2024,332,0,0,0.46267532770984104
5,2023-2024,333,0,1,0.5637297393271371
5,2023-2024,334,0,1,0.5289033711751722
5,2023-2024,335,0,1,0.6738083651652698
5,2023-2024,336,1,1,0.7614709064971011
5,2023-2024,337,0,1,0.6663203521081954
5,2023-2024,338,0,0,0.3535493501265071
5,2023-2024,339,0,0,0.4029346845414011
5,2023-2024,340,1,1,0.5083863580523721
5,2023-2024,341,0,0,0.4434902111525588
5,2023-2024,342,0,0,0.45845367852563595
5,2023-2024,343,0,1,0.5099878907950216
5,2023-2024,344,0,1,0.535634545184091
5,2023-2024,345,1,0,0.4573112708974623
5,2023-2024,346,1,1,0.8055383598980616
5,2023-2024,347,1,1,0.7138205459760047
5,2023-2024,348,1,1,0.6061635122528115
5,2023-2024,349,0,1,0.6495903918483711
5,2023-2024,350,1,0,0.4947926669357485
5,2023-2024,351,1,1,0.7045580873026027
5,2023-2024,352,1,1,0.5555287150004337
5,2023-2024,353,1,1,0.7419373833317956
5,2023-2024,354,1,1,0.7465915352362789
5,2023-2024,355,1,1,0.6080806758063392
5,2023-2024,356,1,1,0.7276820492483216
5,2023-2024,357,1,1,0.5091013704748258
5,2023-2024,358,0,0,0.39421714901745186
5,2023-2024,359,1,1,0.50087133846253
5,2023-2024,360,0,1,0.5906487835574679
5,2023-2024,361,1,1,0.6700873172478439
5,2023-2024,362,0,0,0.34341116213438044
5,2023-2024,363,1,1,0.6504049827249893
5,2023-2024,364,0,0,0.4811697947631066
5,2023-2024,365,1,1,0.710302413161044
5,2023-2024,366,1,1,0.6131138180734685
5,2023-2024,367,1,0,0.4719117076292542
5,2023-2024,368,1,1,0.7228312018354629
5,2023-2024,369,0,1,0.6017122547791587
5,2023-2024,370,1,1,0.609967245249986
5,2023-2024,371,1,1,0.6888563929559156
5,2023-2024,372,1,1,0.6260165561173546
5,2023-2024,373,0,1,0.5370774248582277
5,2023-2024,374,0,1,0.7319559671164783
5,2023-2024,375,0,0,0.3966453337874842
5,2023-2024,376,0,1,0.5131152173994433
5,2023-2024,377,1,1,0.5462682101227038
5,2023-2024,378,0,1,0.7337008485539228
5,2023-2024,379,0,0,0.42566549913789314
5,2023-2024,380,1,0,0.46429019242329067
10,2008-2009,11,1,1,0.5225397961394657
10,2008-2009,12,1,1,0.5361904883338818
10,2008-2009,13,0,1,0.5720976581538346
10,2008-2009,14,0,1,0.5745578034200381
10,2008-2009,15,0,0,0.462486295164951
10,2008-2009,16,0,0,0.45432598476935154
10,2008-2009,17,1,0,0.39881539655335535
10,2008-2009,18,1,0,0.40630999818237296
10,2008-2009,19,0,0,0.49094355915819926
10,2008-2009,20,1,1,0.5166717968688824
10,2008-2009,21,0,0,0.4320720033319918
10,2008-2009,22,1,0,0.46100157176368756
10,2008-2009,23,0,1,0.5022353311453572
10,2008-2009,24,1,0,0.46766570305324456
10,2008-2009,25,1,0,0.4885957744125878
10,2008-2009,26,1,0,0.4947406093439083
10,2008-2009,27,1,1,0.584184565964996
10,2008-2009,28,1,1,0.5901604060845947
10,2008-2009,29,1,1,0.5521787541492928
10,2008-2009,30,1,1,0.6382716806211991
10,2008-2009,31,1,1,0.5398514707732627
10,2008-2009,32,1,1,0.6324708316233245
10,2008-2009,33,1,1,0.6270759460845388
10,2008-2009,34,1,1,0.6694387779864804
10,2008-2009,35,1,1,0.6339127791424445
10,2008-2009,36,1,1,0.7315622014508205
10,2008-2009,37,1,1,0.762017732712443
10,2008-2009,38,1,1,0.7396944045492173
10,2008-2009,39,0,1,0.7418125546063872
10,2008-2009,40,0,1,0.6434998931666465
10,2008-2009,41,1,1,0.6427674487587446
10,2008-2009,42,1,1,0.6318128540954232
10,2008-2009,43,1,1,0.6950793216637688
10,2008-2009,44,1,1,0.7058771319480158
10,2008-2009,45,1,1,0.6909224470211524
10,2008-2009,46,1,1,0.7712421054038052
10,2008-2009,47,1,1,0.6697298403672911
10,2008-2009,48,1,1,0.7485294155866681
10,2008-2009,49,1,1,0.8108216175577707
10,2008-2009,50,1,1,0.7842304168904695
10,2008-2009,51,1,1,0.8340337725658766
10,2008-2009,52,0,1,0.7275433109552291
10,2008-2009,53,1,1,0.7995896797132948
10,2008-2009,54,0,1,0.6258996778882675
10,2008-2009,55,0,1,0.6195037465025435
10,2008-2009,56,0,1,0.7757799530524858
10,2008-2009,57,0,1,0.6715787926560405
10,2008-2009,58,1,1,0.7745302011354679
10,2008-2009,59,0,1,0.7113293414546233
10,2008-2009,60,1,1,0.6775585197565063
10,2008-2009,61,0,1,0.568981247243791
10,2008-2009,62,0,1,0.6241297917692543
10,2008-2009,63,1,1,0.6830299133425871
10,2008-2009,64,0,0,0.4096606454548426
10,2008-2009,65,0,1,0.6565233190015323
10,2008-2009,66,1,1,0.6993579195819155
10,2008-2009,67,1,1,0.679866785893237
10,2008-2009,68,0,1,0.6821247626773004
10,2008-2009,69,1,1,0.5785921556422001
10,2008-2009,70,0,1,0.5977977214051726
10,2008-2009,71,0,1,0.6552933297812966
10,2008-2009,72,0,1,0.5379435165550673
10,2008-2009,73,1,1,0.6998236868313548
10,2008-2009,74,0,1,0.6878632349246918
10,2008-2009,75,0,1,0.5170309992801818
10,2008-2009,76,1,1,0.5268112898575643
10,2008-2009,77,1,1,0.7203725182185394
10,2008-2009,78,0,1,0.6221412466971386
10,2008-2009,79,1,1,0.6532653948721885
10,2008-2009,80,0,1,0.6799596696520648
10,2008-2009,81,1,1,0.5135160558161881
10,2008-2009,82,0,1,0.6426763727841988
10,2008-2009,83,1,1,0.6243532040645858
10,2008-2009,84,1,1,0.6086821956895209
10,2008-2009,85,1,1,0.6360785513328562
10,2008-2009,86,1,1,0.7156115175606454
10,2008-2009,87,0,1,0.5492704742766729
10,2008-2009,88,1,1,0.6076802110722483
10,2008-2009,89,1,1,0.7609444213041927
10,2008-2009,90,1,1,0.7049560474876925
10,2008-2009,91,1,1,0.6238840616365926
10,2008-2009,92,1,1,0.679994973036548
10,2008-2009,93,1,1,0.7555952799501792
10,2008-2009,94,1,1,0.7471604654718745
10,2008-2009,95,1,1,0.6353926935650313
10,2008-2009,96,0,1,0.5394548310510422
10,2008-2009,97,1,1,0.7910549127537296
10,2008-2009,98,0,1,0.6260769759569247
10,2008-2009,99,1,1,0.7983517491025022
10,2008-2009,100,1,1,0.7137647954647544
10,2008-2009,101,1,1,0.8021808549255359
10,2008-2009,102,1,0,0.49687627451258654
10,2008-2009,103,1,1,0.7610465189991288
10,2008-2009,104,1,1,0.8026239089796267
10,2008-2009,105,0,0,0.4972252415087507
10,2008-2009,106,1,1,0.7400386765361638
10,2008-2009,107,1,1,0.7099732970545918
10,2008-2009,108,0,1,0.5379250077901732
10,2008-2009,109,1,1,0.843563128449182
10,2008-2009,110,1,1,0.7727681518728073
10,2008-2009,111,1,1,0.714166038275927
10,2008-2009,112,1,1,0.7342639682932379
10,2008-2009,113,1,1,0.7647911060863899
10,2008-2009,114,1,1,0.733497283417253
10,2008-2009,115,1,1,0.7284591064056704
10,2008-2009,116,1,1,0.8633922787873611
10,2008-2009,117,1,1,0.8629888504697669
10,2008-2009,118,1,1,0.6860687320216352
10,2008-2009,119,1,1,0.7025406557471665
10,2008-2009,120,0,1,0.6037760827317921
10,2008-2009,121,1,1,0.732248049548148
10,2008-2009,122,0,1,0.553383907169866
10,2008-2009,123,1,1,0.8027843375577502
10,2008-2009,124,1,1,0.514065801015254
10,2008-2009,125,0,1,0.5623314503940139
10,2008-2009,126,0,1,0.5036942056423642
10,2008-2009,127,0,1,0.629853760987639
10,2008-2009,128,1,1,0.8745362576692225
10,2008-2009,129,0,0,0.4489930580499572
10,2008-2009,130,1,1,0.6933281574003305
10,2008-2009,131,0,0,0.3402950921365931
10,2008-2009,132,0,1,0.536790654359812
10,2008-2009,133,1,1,0.6579088775913129
10,2008-2009,134,1,1,0.8111282889257484
10,2008-2009,135,1,1,0.7646613597083637
10,2008-2009,136,0,0,0.492042142235975
10,2008-2009,137,0,0,0.3927570179268967
10,2008-2009,138,1,1,0.8167139935276996
10,2008-2009,139,0,1,0.6182765773151849
10,2008-2009,140,1,1,0.8255750639959946
10,2008-2009,141,0,0,0.24383845568417792
10,2008-2009,142,0,1,0.5944071701239032
10,2008-2009,143,1,1,0.5725668855901964
10,2008-2009,144,1,1,0.6402372004703633
10,2008-2009,145,1,1,0.7337353331051908
10,2008-2009,146,1,1,0.6902646527541222
10,2008-2009,147,0,0,0.2607434055356082
10,2008-2009,148,0,0,0.28431202587625976
10,2008-2009,149,1,0,0.4543472066408358
10,2008-2009,150,0,0,0.4391751674641182
10,2008-2009,151,1,1,0.8136382384097565
10,2008-2009,152,1,1,0.8884146936694176
10,2008-2009,153,0,1,0.6812233056339408
10,2008-2009,154,1,1,0.8773881311379086
10,2008-2009,155,0,1,0.6092367755122838
10,2008-2009,156,1,1,0.7215109206212179
10,2008-2009,157,1,1,0.7639878913032249
10,2008-2009,158,1,1,0.6136092142434372
10,2008-2009,159,0,0,0.3627143086033308
10,2008-2009,160,1,1,0.9030756652368991
10,2008-2009,161,1,1,0.8230354078926049
10,2008-2009,162,0,1,0.5026642477145719
10,2008-2009,163,1,1,0.9088401017801137
10,2008-2009,164,1,1,0.611594794418455
10,2008-2009,165,1,1,0.7772055281215449
10,2008-2009,166,1,1,0.7228711146687637
10,2008-2009,167,1,1,0.810676510243208
10,2008-2009,168,1,1,0.777556305361507
10,2008-2009,169,1,1,0.7354881589925873
10,2008-2009,170,1,1,0.888956765024303
10,2008-2009,171,0,1,0.5866402371565332
10,2008-2009,172,1,1,0.862660668786631
10,2008-2009,173,0,0,0.4902130800761199
10,2008-2009,174,1,1,0.8820991901565104
10,2008-2009,175,0,1,0.8753667607355539
10,2008-2009,176,1,1,0.7409365359944088
10,2008-2009,177,0,1,0.6853835976439276
10,2008-2009,178,1,1,0.9044013111406415
10,2008-2009,179,1,1,0.8966905334474111
10,2008-2009,180,1,0,0.31695131159432965
10,2008-2009,181,1,1,0.6662836083954674
10,2008-2009,182,1,1,0.596718310852563
10,2008-2009,183,0,0,0.20272141536009247
10,2008-2009,184,1,0,0.4567928102718181
10,2008-2009,185,1,1,0.7227381491803084
10,2008-2009,186,0,0,0.395424947303744
10,2008-2009,187,0,0,0.42121588727341297
10,2008-2009,188,0,0,0.25016043643218067
10,2008-2009,189,0,0,0.28034644860452906
10,2008-2009,190,0,0,0.2770921994305356
10,2008-2009,191,0,0,0.2847282324100555
10,2008-2009,192,1,1,0.8225861612224242
10,2008-2009,193,0,1,0.6239585421112449
10,2008-2009,194,1,1,0.7584552214323574
10,2008-2009,195,0,0,0.2946095384545922
10,2008-2009,196,1,1,0.8746350090764898
10,2008-2009,197,1,1,0.7687680832930052
10,2008-2009,198,1,1,0.8350859899535698
10,2008-2009,199,0,0,0.335910418224371
10,2008-2009,200,1,1,0.859521910741619
10,2008-2009,201,1,1,0.8244332546568477
10,2008-2009,202,0,1,0.6449789026710927
10,2008-2009,203,0,1,0.7186562943482145
10,2008-2009,204,0,1,0.5267788070625434
10,2008-2009,205,1,1,0.6287946521905272
10,2008-2009,206,1,1,0.5895754728491617
10,2008-2009,207,0,1,0.7488350476343651
10,2008-2009,208,1,1,0.708749012219365
10,2008-2009,209,1,1,0.7350298186906865
10,2008-2009,210,1,1,0.644373658957531
10,2008-2009,211,1,1,0.7820184403658152
10,2008-2009,212,1,1,0.635995945784182
10,2008-2009,213,0,1,0.7405206371089161
10,2008-2009,214,1,1,0.6573781441606544
10,2008-2009,215,1,1,0.5610601269938175
10,2008-2009,216,0,1,0.5160743840282241
10,2008-2009,217,1,1,0.788094527602377
10,2008-2009,218,1,1,0.7902142974967884
10,2008-2009,219,1,1,0.5146086283938444
10,2008-2009,220,1,1,0.843458872007648
10,2008-2009,221,1,1,0.7420658087510631
10,2008-2009,222,0,1,0.686765805932936
10,2008-2009,223,0,1,0.6453078162485176
10,2008-2009,224,0,1,0.7918047592962385
10,2008-2009,225,1,1,0.6362413261515498
10,2008-2009,226,1,1,0.5392532882266263
10,2009-2010,11,0,1,0.9177498144553776
10,2009-2010,12,0,1,0.8260245199910268
10,2009-2010,13,0,1,0.7426120483053225
10,2009-2010,14,0,1,0.6458004985838641
10,2009-2010,15,1,1,0.6534565041686697
10,2009-2010,16,1,1,0.6601985165301713
10,2009-2010,17,1,1,0.6988880488326248
10,2009-2010,18,1,1,0.6632805438185089
10,2009-2010,19,0,1,0.7293203343118551
10,2009-2010,20,0,1,0.713504186150623
10,2009-2010,21,1,1,0.6246515613191911
10,2009-2010,22,0,1,0.6711894044655929
10,2009-2010,23,1,1,0.6262936460527347
10,2009-2010,24,0,1,0.6021973834849348
10,2009-2010,25,0,1,0.5235071895071535
10,2009-2010,26,1,1,0.5982699927771918
10,2009-2010,27,1,1,0.5747878236393018
10,2009-2010,28,1,1,0.601735451348258
10,2009-2010,29,1,1,0.6833019314001798
10,2009-2010,30,1,1,0.6659693510100387
10,2009-2010,31,1,1,0.7323702247396897
10,2009-2010,32,1,1,0.6819354886438141
10,2009-2010,33,1,1,0.7522581478486626
10,2009-2010,34,0,1,0.7160170283261881
10,2009-2010,35,1,1,0.6581714491724685
10,2009-2010,36,0,1,0.669845749858038
10,2009-2010,37,1,1,0.6435439927827699
10,2009-2010,38,1,1,0.7108704925815544
10,2009-2010,39,1,1,0.6556280421963938
10,2009-2010,40,1,1,0.7078322973922331
10,2009-2010,41,1,1,0.7164613591369392
10,2009-2010,42,0,1,0.626842174201433
10,2009-2010,43,1,1,0.717726972333642
10,2009-2010,44,1,1,0.7313778209918241
10,2009-2010,45,1,1,0.7067589144161525
10,2009-2010,46,0,1,0.6019612720720461
10,2009-2010,47,1,1,0.7035487779216533
10,2009-2010,48,1,1,0.726918090896921
10,2009-2010,49,1,1,0.6659295257335628
10,2009-2010,50,0,1,0.6937546845092318
10,2009-2010,51,1,1,0.8198246598512574
10,2009-2010,52,1,1,0.7603364949621567
10,2009-2010,53,1,1,0.6324572531007016
10,2009-2010,54,0,1,0.7231252876787454
10,2009-2010,55,1,1,0.791868528265505
10,2009-2010,56,0,1,0.6259848919942256
10,2009-2010,57,1,1,0.7737179046412415
10,2009-2010,58,0,1,0.7208082999368067
10,2009-2010,59,1,1,0.7098114337399644
10,2009-2010,60,0,1,0.6155167814799615
10,2009-2010,61,1,1,0.626607400320953
10,2009-2010,62,0,1,0.7606033832107467
10,2009-2010,63,1,1,0.6891282613020535
10,2009-2010,64,0,1,0.5028287957092161
10,2009-2010,65,1,1,0.7867272898748274
10,2009-2010,66,1,1,0.6871272670490115
10,2009-2010,67,1,1,0.6331744193954658
10,2009-2010,68,1,1,0.6792541197510538
10,2009-2010,69,1,1,0.7881884271971134
10,2009-2010,70,0,1,0.5965229331806858
10,2009-2010,71,0,1,0.7343648099407636
10,2009-2010,72,1,1,0.5899201027039691
10,2009-2010,73,0,1,0.5770511666766251
10,2009-2010,74,1,1,0.5609249822652012
10,2009-2010,75,1,1,0.600830389434202
10,2009-2010,76,1,0,0.4942722578008138
10,2009-2010,77,1,1,0.8230049504803724
10,2009-2010,78,1,1,0.6622008124084611
10,2009-2010,79,1,1,0.5096611992945898
10,2009-2010,80,1,1,0.680942864073884
10,2009-2010,81,1,1,0.7580539560846133
10,2009-2010,82,1,1,0.6489125377714398
10,2009-2010,83,1,1,0.8076690345423075
10,2009-2010,84,1,1,0.80363342050699
10,2009-2010,85,0,1,0.7888078389694957
10,2009-2010,86,1,1,0.6118034042271625
10,2009-2010,87,1,1,0.713414810914371
10,2009-2010,88,0,1,0.5688850459759258
10,2009-2010,89,0,1,0.746961174646852
10,2009-2010,90,1,1,0.6509727108815322
10,2009-2010,91,1,1,0.7684176253217305
10,2009-2010,92,1,1,0.7895080451414319
10,2009-2010,93,0,1,0.6234865429515754
10,2009-2010,94,1,1,0.8250339808455123
10,2009-2010,95,0,1,0.5876728001998764
10,2009-2010,96,0,1,0.6216997158929667
10,2009-2010,97,0,1,0.5285630352793838
10,2009-2010,98,1,1,0.6225235626658862
10,2009-2010,99,1,1,0.7416681776617405
10,2009-2010,100,1,1,0.8093612921596702
10,2009-2010,101,0,1,0.7192077757321346
10,2009-2010,102,1,1,0.7621523672712756
10,2009-2010,103,1,1,0.7360639300286298
10,2009-2010,104,1,1,0.7046705881963529
10,2009-2010,105,1,1,0.6834214014712731
10,2009-2010,106,0,1,0.7445603024466919
10,2009-2010,107,0,1,0.6750986567436571
10,2009-2010,108,1,1,0.7600706521212094
10,2009-2010,109,1,1,0.7105987472336247
10,2009-2010,110,1,1,0.7418715411307312
10,2009-2010,111,0,1,0.7664169154345167
10,2009-2010,112,1,1,0.7456779121538859
10,2009-2010,113,0,0,0.4950021565345753
10,2009-2010,114,1,1,0.6872283989423579
10,2009-2010,115,0,0,0.35607828792167817
10,2009-2010,116,1,1,0.7083600842768907
10,2009-2010,117,1,1,0.5364400779582644
10,2009-2010,118,1,1,0.7067566318695573
10,2009-2010,119,0,0,0.43274978977904854
10,2009-2010,120,0,1,0.7381320299441566
10,2009-2010,121,1,1,0.6670445671177051
10,2009-2010,122,1,0,0.3105858040858983
10,2009-2010,123,1,1,0.6024854795898056
10,2009-2010,124,0,0,0.4971383830906281
10,2009-2010,125,1,1,0.7541161095049963
10,2009-2010,126,0,1,0.6298013501189945
10,2009-2010,127,1,1,0.806714208302624
10,2009-2010,128,1,1,0.6311985600206679
10,2009-2010,129,1,1,0.7380635526161401
10,2009-2010,130,1,1,0.7973278037425062
10,2009-2010,131,1,1,0.6254144301059362
10,2009-2010,132,1,1,0.5727503351222198
10,2009-2010,133,0,1,0.6723559887327787
10,2009-2010,134,0,1,0.6099881520821618
10,2009-2010,135,1,1,0.6714267982835056
10,2009-2010,136,0,1,0.711492383143138
10,2009-2010,137,0,1,0.6797260073126833
10,2009-2010,138,0,1,0.7857831326615022
10,2009-2010,139,1,1,0.7984232671761836
10,2009-2010,140,1,1,0.6666752753187791
10,2009-2010,141,1,1,0.633206661568284
10,2009-2010,142,0,1,0.6329378017878126
10,2009-2010,143,0,1,0.6660602755728257
10,2009-2010,144,1,1,0.6273493955491298
10,2009-2010,145,1,1,0.7108441826854974
10,2009-2010,146,1,1,0.7402726232417705
10,2009-2010,147,1,1,0.6401698786696992
10,2009-2010,148,1,1,0.6056776073869626
10,2009-2010,149,0,1,0.7391248725544142
10,2009-2010,150,1,1,0.6499193833559858
10,2009-2010,151,1,1,0.701279121929198
10,2011-2012,11,1,1,0.5660024677624585
10,2011-2012,12,1,1,0.6596655575968906
10,2011-2012,13,0,1,0.675019875998063
10,2011-2012,14,1,1,0.6378055726953353
10,2011-2012,15,1,1,0.6649912268617739
10,2011-2012,16,0,1,0.7102331295806045
10,2011-2012,17,1,1,0.6218206124228068
10,2011-2012,18,1,1,0.6387419870640035
10,2011-2012,19,0,1,0.6371946747156928
10,2011-2012,20,1,1,0.6069498610775607
10,2011-2012,21,1,1,0.6882275893527217
10,2011-2012,22,0,1,0.6541530160982943
10,2011-2012,23,1,1,0.6690768397146357
10,2011-2012,24,0,1,0.6342363836825953
10,2011-2012,25,0,1,0.6339735452286788
10,2011-2012,26,1,1,0.6506179030938757
10,2011-2012,27,1,1,0.5942335191330714
10,2011-2012,28,1,1,0.5333544300840903
10,2011-2012,29,1,1,0.671121768333823
10,2011-2012,30,0,1,0.6040433464498101
10,2011-2012,31,1,1,0.6630276916991786
10,2011-2012,32,1,1,0.6651256770343682
10,2011-2012,33,0,1,0.5896098842289774
10,2011-2012,34,1,1,0.5837207285866447
10,2011-2012,35,0,1,0.6023575471254647
10,2011-2012,36,0,1,0.621077731011557
10,2011-2012,37,0,1,0.6012844517294529
10,2011-2012,38,1,1,0.5955061683353197
10,2011-2012,39,0,1,0.6057961972642029
10,2011-2012,40,1,1,0.5747752563718284
10,2011-2012,41,1,1,0.6215063977773371
10,2011-2012,42,0,1,0.600487584512168
10,2011-2012,43,1,1,0.6255656638962775
10,2011-2012,44,1,1,0.5814736685217659
10,2011-2012,45,1,1,0.65170601054325
10,2011-2012,46,1,1,0.6887865686810641
10,2011-2012,47,1,1,0.6802666101779276
10,2011-2012,48,1,1,0.6660748156237749
10,2011-2012,49,1,1,0.6811010308306518
10,2011-2012,50,0,1,0.645098861349726
10,2011-2012,51,0,1,0.7095471011078845
10,2011-2012,52,0,1,0.5918797329260994
10,2011-2012,53,1,1,0.748390718784801
10,2011-2012,54,1,1,0.6301244258036589
10,2011-2012,55,1,1,0.7464758424530168
10,2011-2012,56,1,1,0.7173622900535856
10,2011-2012,57,0,1,0.5631980584194426
10,2011-2012,58,1,1,0.7133093417223734
10,2011-2012,59,1,1,0.5350482056865357
10,2011-2012,60,1,1,0.6193581608332703
10,2011-2012,61,0,1,0.618913794465929
10,2011-2012,62,1,1,0.7823368226974001
10,2011-2012,63,1,1,0.7118513194731614
10,2011-2012,64,1,1,0.8450718011674299
10,2011-2012,65,0,1,0.6262059742090831
10,2011-2012,66,1,1,0.7852979268390666
10,2011-2012,67,1,1,0.8155802750658295
10,2011-2012,68,1,1,0.7004032689095975
10,2011-2012,69,1,1,0.7141673947569817
10,2011-2012,70,0,1,0.6504061397394202
10,2011-2012,71,0,1,0.667467861927919
10,2011-2012,72,0,1,0.6440384095724409
10,2011-2012,73,0,1,0.5983097963570319
10,2011-2012,74,1,1,0.5374402074605741
10,2011-2012,75,1,1,0.5957850264860974
10,2011-2012,76,0,1,0.5963728333055545
10,2011-2012,77,1,1,0.638643761990298
10,2011-2012,78,1,1,0.6068478642300457
10,2011-2012,79,0,0,0.3989370094018062
10,2011-2012,80,0,1,0.5722702477587686
10,2011-2012,81,1,1,0.5171778947316371
10,2011-2012,82,1,1,0.5584144802241675
10,2011-2012,83,1,1,0.6978366182686031
10,2011-2012,84,1,1,0.7279630581079253
10,2011-2012,85,1,1,0.6808500772481657
10,2011-2012,86,1,1,0.7262339188338629
10,2011-2012,87,1,1,0.615373133070205
10,2011-2012,88,1,1,0.7558763769777435
10,2011-2012,89,1,1,0.8473932118500179
10,2011-2012,90,1,1,0.7470404296001152
10,2011-2012,91,1,1,0.8269999410574951
10,2011-2012,92,1,1,0.569493278312428
10,2011-2012,93,1,1,0.7737784613071366
10,2011-2012,94,0,1,0.7626066071991545
10,2011-2012,95,0,1,0.5074748637431863
10,2011-2012,96,1,1,0.7996929188319545
10,2011-2012,97,0,1,0.604768093454445
10,2011-2012,98,1,1,0.7463601488074543
10,2011-2012,99,1,1,0.796312725785462
10,2011-2012,100,0,0,0.4914733164467373
10,2011-2012,101,0,1,0.5945008003558366
10,2011-2012,102,1,1,0.6460681873085226
10,2011-2012,103,1,1,0.6259163896073345
10,2011-2012,104,0,0,0.44518018275770077
10,2011-2012,105,1,1,0.7310668481199213
10,2011-2012,106,1,1,0.7471579599088141
10,2011-2012,107,1,1,0.7607437266577475
10,2011-2012,108,0,1,0.5484874190352663
10,2011-2012,109,0,1,0.7325211196410378
10,2011-2012,110,1,1,0.6592743142135314
10,2011-2012,111,1,1,0.7879236736738033
10,2011-2012,112,0,1,0.6690449895747604
10,2011-2012,113,0,0,0.3984344850350671
10,2011-2012,114,1,1,0.7621777049223292
10,2011-2012,115,0,1,0.7952950909442991
10,2011-2012,116,0,0,0.4849390255858783
10,2011-2012,117,1,1,0.6732598269804924
10,2011-2012,118,1,1,0.563719875205972
10,2011-2012,119,0,1,0.5104873347766272
10,2011-2012,120,1,1,0.7771905446041393
10,2011-2012,121,1,1,0.6101120136893776
10,2011-2012,122,1,1,0.7511984056121487
10,2011-2012,123,1,1,0.6737429002566422
10,2011-2012,124,1,1,0.5491916470733204
10,2011-2012,125,1,1,0.5784654746054091
10,2011-2012,126,1,1,0.5352324271023956
10,2011-2012,127,0,1,0.7502166935226432
10,2011-2012,128,1,1,0.7723085669977382
10,2011-2012,129,1,1,0.746783347015111
10,2011-2012,130,0,1,0.548773393611182
10,2011-2012,131,1,1,0.791985831847525
10,2011-2012,132,1,1,0.7535973430878653
10,2011-2012,133,0,0,0.4937397579680203
10,2011-2012,134,1,1,0.776032296388582
10,2011-2012,135,1,1,0.8075296482371072
10,2011-2012,136,1,1,0.7689448704926686
10,2011-2012,137,1,1,0.6028792263501445
10,2011-2012,138,0,1,0.607665493962366
10,2011-2012,139,1,1,0.7803206901843294
10,2011-2012,140,1,1,0.6051403916946301
10,2011-2012,141,0,1,0.7427415651533358
10,2011-2012,142,0,1,0.7380539351384388
10,2011-2012,143,1,1,0.6739405057171128
10,2011-2012,144,0,1,0.7485611949602374
10,2011-2012,145,1,1,0.6762506005712761
10,2011-2012,146,1,1,0.6944411103718617
10,2011-2012,147,1,1,0.7421251133576018
10,2011-2012,148,0,1,0.6356570162466658
10,2011-2012,149,0,1,0.6980296885813336
10,2011-2012,150,1,1,0.7541225115569423
10,2011-2012,151,1,1,0.7776635244104507
10,2011-2012,152,0,1,0.6211747879288374
10,2011-2012,153,1,1,0.7004191900726684
10,2011-2012,154,1,1,0.6862381644405505
10,2011-2012,155,1,1,0.6517147098032994
10,2011-2012,156,1,0,0.48005336734929194
10,2011-2012,157,1,1,0.7713444197906016
10,2011-2012,158,1,1,0.7629657878700027
10,2011-2012,159,1,1,0.5684798633534455
10,2011-2012,160,1,1,0.7725419009893101
10,2011-2012,161,0,1,0.6741022912937236
10,2011-2012,162,0,1,0.7735968259744944
10,2011-2012,163,1,1,0.6292924340592595
10,2011-2012,164,0,1,0.601328320793981
10,2011-2012,165,1,1,0.7400379078678708
10,2012-2013,11,1,1,0.6384841574066993
10,2012-2013,12,1,1,0.6416249097766354
10,2012-2013,13,1,1,0.627461913773478
10,2012-2013,14,0,1,0.6579420911448421
10,2012-2013,15,0,1,0.6904597830475745
10,2012-2013,16,1,1,0.6340171044176394
10,2012-2013,17,1,1,0.6002255253343244
10,2012-2013,18,0,1,0.63777360256635
10,2012-2013,19,1,1,0.6165918627568097
10,2012-2013,20,1,1,0.6134765099476255
10,2012-2013,21,1,1,0.5910114315065803
10,2012-2013,22,1,1,0.7276673512926533
10,2012-2013,23,0,1,0.7177076167269996
10,2012-2013,24,1,1,0.6309923863568261
10,2012-2013,25,1,1,0.6540351861006567
10,2012-2013,26,1,1,0.6910399282239916
10,2012-2013,27,1,1,0.7069803169483937
10,2012-2013,28,0,1,0.7102625808270094
10,2012-2013,29,1,1,0.6675897811430608
10,2012-2013,30,1,1,0.6649692190654649
10,2012-2013,31,0,1,0.6487472802403763
10,2012-2013,32,0,1,0.657354250852367
10,2012-2013,33,1,1,0.6595199611010862
10,2012-2013,34,1,1,0.6539750482407273
10,2012-2013,35,1,1,0.6885595663890386
10,2012-2013,36,1,1,0.7005284021702666
10,2012-2013,37,0,1,0.6750868780094894
10,2012-2013,38,0,1,0.6913407909484247
10,2012-2013,39,0,1,0.6696344796068215
10,2012-2013,40,1,1,0.6752960737519554
10,2012-2013,41,0,1,0.659093674624858
10,2012-2013,42,1,1,0.6110502275005191
10,2012-2013,43,0,1,0.6689038658044618
10,2012-2013,44,0,1,0.6456490767050459
10,2012-2013,45,1,1,0.6301457411800797
10,2012-2013,46,1,1,0.6535141955771627
10,2012-2013,47,1,1,0.598755009810478
10,2012-2013,48,1,1,0.6461870946771863
10,2012-2013,49,0,1,0.6360107100024428
10,2012-2013,50,0,1,0.6477528747837487
10,2012-2013,51,1,1,0.6444103053008671
10,2012-2013,52,1,1,0.6397526582335719
10,2012-2013,53,1,1,0.6326360217419581
10,2012-2013,54,0,1,0.6174433162061878
10,2012-2013,55,1,1,0.6437633112238929
10,2012-2013,56,1,1,0.6350506538827813
10,2012-2013,57,1,1,0.5987148491783005
10,2012-2013,58,1,1,0.589374169472354
10,2012-2013,59,0,1,0.6329251903849936
10,2012-2013,60,1,1,0.6119036525759304
10,2012-2013,61,1,1,0.6388700338972609
10,2012-2013,62,0,1,0.6231840250173015
10,2012-2013,63,1,1,0.6734093763386846
10,2012-2013,64,0,1,0.6057601626720779
10,2012-2013,65,0,1,0.6162975766115366
10,2012-2013,66,1,1,0.6451244564868888
10,2012-2013,67,1,1,0.6780130303231452
10,2012-2013,68,0,1,0.5949689832768523
10,2012-2013,69,0,1,0.6185197310995023
10,2012-2013,70,0,1,0.5470362700776576
10,2012-2013,71,1,1,0.6057776935540576
10,2012-2013,72,0,1,0.6033787315710102
10,2012-2013,73,0,1,0.6334254567247002
10,2012-2013,74,0,1,0.5487015090142253
10,2012-2013,75,0,1,0.5621003485806259
10,2012-2013,76,1,1,0.5809925742311325
10,2012-2013,77,1,1,0.6522881170707236
10,2012-2013,78,1,1,0.5046684110131463
10,2012-2013,79,0,1,0.5484832490276951
10,2012-2013,80,0,1,0.567732927001785
10,2012-2013,81,0,1,0.6231570938232919
10,2012-2013,82,0,0,0.4899156631809707
10,2012-2013,83,0,1,0.5548683929558866
10,2012-2013,84,0,1,0.6256010248296473
10,2012-2013,85,0,1,0.5051456379020756
10,2012-2013,86,1,1,0.545933550263888
10,2012-2013,87,1,1,0.5531383913777317
10,2012-2013,88,1,1,0.5729455825414129
10,2012-2013,89,1,0,0.4811679836661734
10,2012-2013,90,0,0,0.4699145752249844
10,2012-2013,91,0,0,0.49440768512276445
10,2012-2013,92,1,1,0.6164331919058816
10,2012-2013,93,1,1,0.5857761919801501
10,2012-2013,94,1,1,0.6054988649073987
10,2012-2013,95,0,1,0.5679941065723518
10,2012-2013,96,0,0,0.46020852206379337
10,2012-2013,97,1,1,0.5351680067596013
10,2012-2013,98,1,1,0.5578194018574334
10,2012-2013,99,1,1,0.6325877603486602
10,2012-2013,100,1,1,0.6636736067930272
10,2012-2013,101,1,1,0.6298378294056806
10,2012-2013,102,1,1,0.5993172220915476
10,2012-2013,103,1,1,0.5745158102896383
10,2012-2013,104,1,1,0.5827613587804051
10,2012-2013,105,0,0,0.426480340905505
10,2012-2013,106,0,1,0.671655663183227
10,2012-2013,107,1,1,0.5047021140860558
10,2012-2013,108,1,0,0.44926477103346774
10,2012-2013,109,0,1,0.5398343010499815
10,2012-2013,110,0,1,0.5344061007914562
10,2012-2013,111,1,0,0.4714726219944242
10,2012-2013,112,0,0,0.4029134511585158
10,2012-2013,113,0,1,0.6092041787158922
10,2012-2013,114,1,1,0.5011119168968683
10,2012-2013,115,0,1,0.5170386217627859
10,2012-2013,116,0,1,0.5235800100964689
10,2012-2013,117,0,0,0.33349291083659693
10,2012-2013,118,1,1,0.5332413627046214
10,2012-2013,119,1,1,0.5594665478985189
10,2012-2013,120,0,1,0.5522193444443911
10,2012-2013,121,1,1,0.567947498344415
10,2012-2013,122,1,0,0.4165841971805203
10,2012-2013,123,0,0,0.46378202220685244
10,2012-2013,124,1,1,0.5930129195791687
10,2012-2013,125,0,0,0.4557703633298326
10,2012-2013,126,1,1,0.6368686620857521
10,2012-2013,127,1,1,0.6328013317533269
10,2012-2013,128,1,1,0.6504077740666994
10,2012-2013,129,1,1,0.697687820640596
10,2012-2013,130,0,1,0.6109400653927102
10,2012-2013,131,1,1,0.5843565138604628
10,2012-2013,132,1,1,0.5651827577392037
10,2012-2013,133,1,0,0.4849811338880989
10,2012-2013,134,0,1,0.5537951263674785
10,2012-2013,135,1,1,0.6074084671099932
10,2012-2013,136,1,1,0.6762860594760075
10,2012-2013,137,1,1,0.6777636631714934
10,2012-2013,138,1,1,0.640993058777224
10,2012-2013,139,1,1,0.636954655837682
10,2012-2013,140,1,1,0.6913063325166062
10,2012-2013,141,0,1,0.7002793206827213
10,2012-2013,142,1,1,0.617970482667412
10,2012-2013,143,0,0,0.4787104608018653
10,2012-2013,144,0,1,0.523211853323639
10,2012-2013,145,1,1,0.5909129677375693
10,2012-2013,146,1,1,0.6130904595473411
10,2012-2013,147,1,1,0.6648024789911031
10,2012-2013,148,1,1,0.6675995815256189
10,2012-2013,149,0,1,0.6378637469769676
10,2012-2013,150,0,1,0.5768128655085821
10,2012-2013,151,1,1,0.7544070488157585
10,2012-2013,152,0,1,0.6284347094648262
10,2012-2013,153,1,1,0.6208946669691806
10,2012-2013,154,1,1,0.5142773649994974
10,2012-2013,155,1,1,0.625544285217368
10,2012-2013,156,1,1,0.7065260528385306
10,2012-2013,157,0,1,0.5694864620914598
10,2012-2013,158,1,1,0.7759272091435955
10,2012-2013,159,1,1,0.5771056727684118
10,2012-2013,160,1,1,0.5350271268916418
10,2012-2013,161,0,1,0.6426965591999786
10,2012-2013,162,0,0,0.4316603262412806
10,2012-2013,163,1,1,0.6226642148125111
10,2012-2013,164,1,1,0.617965532535161
10,2012-2013,165,1,1,0.636233435411042
10,2012-2013,166,1,1,0.7269708714328061
10,2012-2013,167,0,1,0.5378413449361097
10,2012-2013,168,1,1,0.6260154696469611
10,2012-2013,169,1,1,0.6557793399348277
10,2012-2013,170,1,1,0.7349762344279339
10,2012-2013,171,0,1,0.6829366411477359
10,2012-2013,172,1,1,0.6955948872688956
10,2012-2013,173,0,0,0.44255010254603494
10,2012-2013,174,1,1,0.6706912926557442
10,2012-2013,175,0,1,0.5927075140693124
10,2012-2013,176,0,1,0.5890147623916819
10,2012-2013,177,0,1,0.663009935626463
10,2012-2013,178,1,1,0.535914450010494
10,2012-2013,179,0,0,0.49722850744781477
10,2012-2013,180,0,1,0.7302395854549234
10,2012-2013,181,0,0,0.4588369802633268
10,2012-2013,182,1,1,0.6102365981020763
10,2012-2013,183,0,0,0.3646737093954241
10,2012-2013,184,0,0,0.48508288558459667
10,2012-2013,185,1,0,0.4321837265518602
10,2012-2013,186,0,1,0.6368190240888426
10,2012-2013,187,0,1,0.5699589880194178
10,2012-2013,188,1,1,0.7199130354895091
10,2012-2013,189,0,0,0.4866759456844555
10,2012-2013,190,1,1,0.6414962841495788
10,2012-2013,191,1,1,0.6515242324457654
10,2012-2013,192,0,1,0.5986402714450172
10,2012-2013,193,0,0,0.49377273675177913
10,2012-2013,194,1,1,0.5448985013655625
10,2012-2013,195,1,1,0.6583478971635078
10,2012-2013,196,0,1,0.6676160148090787
10,2012-2013,197,1,1,0.5911573644215603
10,2012-2013,198,0,1,0.7099236039111929
10,2012-2013,199,1,1,0.5129244497194159
10,2012-2013,200,0,0,0.46066585429047086
10,2012-2013,201,1,1,0.5441292729942289
10,2012-2013,202,1,1,0.6960320454004271
10,2012-2013,203,0,0,0.42950122480270664
10,2012-2013,204,1,1,0.7825285159148376
10,2012-2013,205,1,1,0.5287506282931917
10,2012-2013,206,1,1,0.608121446398285
10,2012-2013,207,0,0,0.37690582685556734
10,2012-2013,208,1,0,0.48844393169893174
10,2012-2013,209,0,0,0.47674240234075427
10,2012-2013,210,0,0,0.34906003449841183
10,2012-2013,211,1,1,0.681411674416737
10,2012-2013,212,0,0,0.30592828838649555
10,2012-2013,213,0,1,0.6511346241828503
10,2012-2013,214,1,1,0.6504566046549018
10,2012-2013,215,1,1,0.7182203866074129
10,2012-2013,216,0,0,0.30178432170372904
10,2012-2013,217,1,0,0.3501320747990677
10,2012-2013,218,1,0,0.3883015295399306
10,2012-2013,219,1,0,0.40119151651701823
10,2012-2013,220,0,1,0.7012378244141866
10,2012-2013,221,0,1,0.6097702804160897
10,2012-2013,222,0,0,0.3896142207316464
10,2012-2013,223,1,0,0.4770935250231484
10,2012-2013,224,0,0,0.4925127377016375
10,2012-2013,225,0,0,0.30322094320338827
10,2012-2013,226,1,1,0.5586945728712205
10,2012-2013,227,1,1,0.6270023841994261
10,2012-2013,228,1,0,0.43544144706325366
10,2012-2013,229,0,1,0.51800035777677
10,2012-2013,230,1,1,0.5076671777505846
10,2012-2013,231,1,1,0.5351175095874336
10,2012-2013,232,1,1,0.7452371705798867
10,2012-2013,233,1,1,0.5273736232384486
10,2012-2013,234,1,1,0.7301718183410781
10,2012-2013,235,1,1,0.8408631274534107
10,2012-2013,236,1,1,0.7580775661697692
10,2012-2013,237,1,1,0.6594510709777122
10,2012-2013,238,1,1,0.5976152553887778
10,2012-2013,239,1,1,0.6022519158429988
10,2012-2013,240,1,0,0.40997991592048605
10,2012-2013,241,1,1,0.7356023019686534
10,2012-2013,242,0,0,0.436656050409306
10,2012-2013,243,0,0,0.41099680787479564
10,2012-2013,244,0,0,0.45271089271353343
10,2012-2013,245,1,0,0.3311144781215487
10,2012-2013,246,1,1,0.687210961044769
10,2012-2013,247,0,1,0.5928737585376184
10,2012-2013,248,0,1,0.5743928290219401
10,2012-2013,249,1,1,0.7794122382232783
10,2012-2013,250,0,0,0.45633187416517523
10,2012-2013,251,1,1,0.6438253224422887
10,2012-2013,252,1,0,0.4753395798351128
10,2012-2013,253,1,1,0.651995787726958
10,2012-2013,254,0,1,0.6631240651059893
10,2012-2013,255,0,1,0.6025790870261731
10,2012-2013,256,0,0,0.4215922022637565
10,2012-2013,257,0,1,0.52408761320915
10,2012-2013,258,1,1,0.6093400433820024
10,2012-2013,259,0,1,0.5130487102918102
10,2012-2013,260,0,1,0.5297123318724426
10,2012-2013,261,1,0,0.4815114989082393
10,2012-2013,262,1,1,0.8090902961661126
10,2012-2013,263,1,1,0.5623147578815497
10,2012-2013,264,1,1,0.6862838482996656
10,2012-2013,265,0,0,0.48201356126381173
10,2012-2013,266,1,0,0.4045299518905061
10,2012-2013,267,1,1,0.6998016293564204
10,2012-2013,268,1,1,0.6129525732035975
10,2012-2013,269,1,1,0.7655632774035405
10,2012-2013,270,1,1,0.6019472126531884
10,2012-2013,271,1,1,0.7128362548913346
10,2012-2013,272,1,1,0.6792300389780203
10,2012-2013,273,1,1,0.6758746688883156
10,2012-2013,274,0,1,0.5045273441767891
10,2012-2013,275,1,1,0.7336540639248316
10,2012-2013,276,0,0,0.4156103334814768
10,2012-2013,277,0,0,0.3452692727292103
10,2012-2013,278,0,1,0.7118768256171478
10,2012-2013,279,1,1,0.5915683800666713
10,2012-2013,280,1,1,0.6987536593396598
10,2012-2013,281,0,1,0.5408750188210829
10,2012-2013,282,1,1,0.6132796120040254
10,2012-2013,283,1,1,0.6410317162764264
10,2012-2013,284,0,0,0.40038986058986775
10,2012-2013,285,0,1,0.7143754223519163
10,2012-2013,286,1,1,0.7859186987612249
10,2012-2013,287,1,1,0.5881899733479264
10,2012-2013,288,1,1,0.6519730258702362
10,2012-2013,289,1,1,0.7002115937280159
10,2012-2013,290,1,1,0.8528385168305067
10,2012-2013,291,1,1,0.7584971752475369
10,2012-2013,292,1,1,0.7610863481333167
10,2012-2013,293,0,0,0.4590163538440168
10,2012-2013,294,0,1,0.5610266962024845
10,2012-2013,295,1,1,0.7331138514501495
10,2012-2013,296,1,1,0.535260216014416
10,2012-2013,297,0,1,0.5461489252369159
10,2012-2013,298,1,0,0.4956750186824741
10,2012-2013,299,1,1,0.7407192049163893
10,2012-2013,300,1,1,0.6510337867810914
10,2012-2013,301,1,1,0.7655982541558218
10,2012-2013,302,1,1,0.7707107766371488
10,2012-2013,303,1,1,0.7817103191521387
10,2012-2013,304,1,1,0.7833196354817367
10,2012-2013,305,1,1,0.8349201740621136
10,2012-2013,306,1,1,0.8268048626496822
10,2012-2013,307,0,1,0.7359484260564643
10,2012-2013,308,1,1,0.6229504368045578
10,2012-2013,309,0,1,0.5468556603915822
10,2012-2013,310,1,1,0.5348517919379507
10,2012-2013,311,0,1,0.7472049061121698
10,2012-2013,312,0,1,0.7884127647371566
10,2012-2013,313,1,1,0.5923020310198592
10,2012-2013,314,1,1,0.5849339380050037
10,2012-2013,315,0,1,0.5542120028148046
10,2012-2013,316,0,0,0.422504818124558
10,2012-2013,317,1,0,0.475567271865534
10,2012-2013,318,1,1,0.8024878629198996
10,2012-2013,319,1,1,0.7311045349343467
10,2012-2013,320,0,1,0.7914865434026732
10,2012-2013,321,1,1,0.7719351525913026
10,2012-2013,322,1,1,0.7365027026286166
10,2012-2013,323,1,1,0.8337032687824099
10,2012-2013,324,0,1,0.7520192669201357
10,2012-2013,325,1,1,0.7210408228997852
10,2012-2013,326,1,1,0.5898161373966291
10,2012-2013,327,1,0,0.4496889169453025
10,2012-2013,328,0,1,0.6251710100900778
10,2012-2013,329,0,1,0.7884655867726303
10,2012-2013,330,1,1,0.6305013951964789
10,2012-2013,331,1,1,0.7114484454207938
10,2012-2013,332,0,1,0.5591725263525825
10,2012-2013,333,1,0,0.46939264685844034
10,2012-2013,334,1,1,0.6601141259363397
10,2012-2013,335,1,1,0.6967401050699987
10,2012-2013,336,1,1,0.7375077763556642
10,2012-2013,337,1,1,0.7358884989103478
10,2012-2013,338,1,1,0.5875576361281616
10,2012-2013,339,1,1,0.7524247750707579
10,2013-2014,11,1,0,0.2597057085116995
10,2013-2014,12,1,0,0.33073430861482644
10,2013-2014,13,1,0,0.3735091141092287
10,2013-2014,14,1,0,0.4472245902195437
10,2013-2014,15,1,1,0.5036801930343369
10,2013-2014,16,0,1,0.5122729307603315
10,2013-2014,17,1,0,0.4738245941764786
10,2013-2014,18,0,1,0.533534805836674
10,2013-2014,19,1,0,0.44750975581680125
10,2013-2014,20,0,1,0.5221754955860662
10,2013-2014,21,0,0,0.4896699258689148
10,2013-2014,22,1,0,0.4961485911288778
10,2013-2014,23,0,0,0.471263641515463
10,2013-2014,24,1,0,0.45677696234503645
10,2013-2014,25,1,0,0.4949795892557442
10,2013-2014,26,0,1,0.5253869372533478
10,2013-2014,27,1,1,0.5031627505054854
10,2013-2014,28,1,1,0.5330229297394675
10,2013-2014,29,1,1,0.5215722393650556
10,2013-2014,30,0,1,0.5739276605416074
10,2013-2014,31,1,1,0.5272586076834372
10,2013-2014,32,1,1,0.5513975067067014
10,2013-2014,33,0,1,0.5431367257629065
10,2013-2014,34,0,1,0.5174837872809808
10,2013-2014,35,0,1,0.5380328961211415
10,2013-2014,36,1,1,0.5116173979133335
10,2013-2014,37,1,1,0.5664699749692744
10,2013-2014,38,1,1,0.5480899576998108
10,2013-2014,39,1,1,0.5645168916202866
10,2013-2014,40,1,1,0.5964749783030425
10,2013-2014,41,0,1,0.5651771513602686
10,2013-2014,42,0,1,0.5377004088234726
10,2013-2014,43,1,1,0.5733683286628215
10,2013-2014,44,1,1,0.5689725901787429
10,2013-2014,45,1,1,0.5802089385709707
10,2013-2014,46,1,1,0.5653733411904706
10,2013-2014,47,0,1,0.6012222507025378
10,2013-2014,48,1,1,0.5483927187261648
10,2013-2014,49,1,1,0.6080834926165164
10,2013-2014,50,1,1,0.595629059629764
10,2013-2014,51,0,1,0.581520269555311
10,2013-2014,52,0,1,0.5942337520519522
10,2013-2014,53,1,1,0.5756550322681054
10,2013-2014,54,1,1,0.5453426019348421
10,2013-2014,55,0,1,0.6253373753231308
10,2013-2014,56,1,1,0.591334967478386
10,2013-2014,57,0,1,0.5511488041570103
10,2013-2014,58,0,1,0.5616435391324449
10,2013-2014,59,0,1,0.5518501383228315
10,2013-2014,60,0,1,0.5462858584842953
10,2013-2014,61,0,1,0.5583620846161039
10,2013-2014,62,1,1,0.5570180319120802
10,2013-2014,63,1,1,0.5756445529079876
10,2013-2014,64,0,1,0.5119835783643755
10,2013-2014,65,0,1,0.5399970144764734
10,2013-2014,66,1,1,0.5571787814127596
10,2013-2014,67,1,1,0.554726684400042
10,2013-2014,68,0,1,0.5789818632442799
10,2013-2014,69,1,1,0.506604008990165
10,2013-2014,70,0,1,0.5611483286606518
10,2013-2014,71,1,1,0.5462669561960921
10,2013-2014,72,0,1,0.5446060830707931
10,2013-2014,73,0,1,0.5126943208547564
10,2013-2014,74,0,1,0.547866742024877
10,2013-2014,75,1,1,0.5173534435632616
10,2013-2014,76,0,1,0.5122869361258132
10,2013-2014,77,1,1,0.5574198179830614
10,2013-2014,78,1,1,0.5596715014580905
10,2013-2014,79,0,1,0.5675089596500541
10,2013-2014,80,1,1,0.5426394458282313
10,2013-2014,81,1,1,0.5147030874279067
10,2013-2014,82,1,1,0.5395536075830761
10,2013-2014,83,1,1,0.5998218217965221
10,2013-2014,84,0,1,0.5286201519006098
10,2013-2014,85,1,1,0.5975983523796612
10,2013-2014,86,1,1,0.5801287474202753
10,2013-2014,87,1,1,0.519171049704527
10,2013-2014,88,0,1,0.5690655776488113
10,2013-2014,89,0,1,0.6116168919527435
10,2013-2014,90,1,1,0.6007427246729657
10,2013-2014,91,0,1,0.5275336108855277
10,2013-2014,92,0,1,0.5856668367681531
10,2013-2014,93,0,0,0.4766551726695246
10,2013-2014,94,1,1,0.5580942157075063
10,2013-2014,95,0,0,0.4750587161430551
10,2013-2014,96,0,0,0.4693482175596271
10,2013-2014,97,1,1,0.5405517163618001
10,2013-2014,98,0,1,0.5449229485010851
10,2013-2014,99,0,1,0.5121507580916868
10,2013-2014,100,1,1,0.5008498243683787
10,2013-2014,101,1,1,0.5512464282174775
10,2013-2014,102,1,0,0.4882752607799658
10,2013-2014,103,0,1,0.5000661035348298
10,2013-2014,104,1,1,0.5539612823741473
10,2013-2014,105,0,0,0.4450068422714734
10,2013-2014,106,1,1,0.5167617635952816
10,2013-2014,107,1,1,0.5510546947418493
10,2013-2014,108,0,1,0.524241762849665
10,2013-2014,109,1,1,0.5633589060826125
10,2013-2014,110,1,1,0.5853734077334222
10,2013-2014,111,1,0,0.476126239165467
10,2013-2014,112,1,1,0.5632262408374018
10,2013-2014,113,1,1,0.5923632193634668
10,2013-2014,114,0,1,0.5461294263131505
10,2013-2014,115,0,1,0.5018019050163969
10,2013-2014,116,1,1,0.5711938863770151
10,2013-2014,117,1,1,0.5881475974995282
10,2013-2014,118,0,1,0.5453102190053966
10,2013-2014,119,1,1,0.5726589442941102
10,2013-2014,120,1,1,0.6307291135796708
10,2013-2014,121,0,1,0.5330824963162172
10,2013-2014,122,1,1,0.6207963799671755
10,2013-2014,123,1,1,0.5821430947360527
10,2013-2014,124,0,1,0.5285483668547809
10,2013-2014,125,0,1,0.5889686064430609
10,2013-2014,126,1,1,0.5177572609952702
10,2013-2014,127,0,0,0.44026395632192267
10,2013-2014,128,0,0,0.4335618516664392
10,2013-2014,129,1,1,0.591174975022626
10,2013-2014,130,0,1,0.5051553223643309
10,2013-2014,131,0,1,0.5354316997663602
10,2013-2014,132,0,0,0.3737273068948599
10,2013-2014,133,1,0,0.47232065437339965
10,2013-2014,134,1,0,0.48730931307535424
10,2013-2014,135,1,1,0.5122987227245515
10,2013-2014,136,1,1,0.5220814273382993
10,2013-2014,137,1,1,0.5308367250828027
10,2013-2014,138,1,1,0.6144855869260116
10,2013-2014,139,1,1,0.5412739403263795
10,2013-2014,140,1,1,0.6137251870883328
10,2013-2014,141,1,1,0.5503763176464962
10,2013-2014,142,1,1,0.6660888491580772
10,2013-2014,143,1,1,0.5801755278767087
10,2013-2014,144,1,1,0.5979976205939629
10,2013-2014,145,1,0,0.47016209715629875
10,2013-2014,146,1,1,0.6924130405174463
10,2013-2014,147,0,1,0.6627511656499628
10,2013-2014,148,0,1,0.6838749190749412
10,2013-2014,149,1,1,0.5712958814755535
10,2013-2014,150,1,1,0.6680619661371839
10,2013-2014,151,0,0,0.43200255291394374
10,2013-2014,152,0,0,0.40425929785980114
10,2013-2014,153,0,0,0.38265753063904606
10,2013-2014,154,1,1,0.5860657753607678
10,2013-2014,155,1,1,0.6691372465258205
10,2013-2014,156,0,0,0.42934023104604613
10,2013-2014,157,0,1,0.6367421635049276
10,2013-2014,158,0,0,0.46708917893741747
10,2013-2014,159,1,1,0.5316450647345652
10,2013-2014,160,0,1,0.5677707975194632
10,2013-2014,161,0,1,0.537755782134492
10,2013-2014,162,1,1,0.5997790897743985
10,2013-2014,163,1,1,0.5487397604978821
10,2013-2014,164,1,1,0.6274473326400084
10,2013-2014,165,0,0,0.48196088303945384
10,2013-2014,166,1,1,0.6022052352855494
10,2013-2014,167,0,0,0.43702622855094414
10,2013-2014,168,1,1,0.5225001053885562
10,2013-2014,169,1,1,0.5954363867066378
10,2013-2014,170,0,1,0.5137470762757008
10,2013-2014,171,1,1,0.5622785429462329
10,2013-2014,172,1,0,0.40231484116019905
10,2013-2014,173,0,1,0.5843379480966079
10,2013-2014,174,0,0,0.4377234993407095
10,2013-2014,175,1,1,0.6691583431294771
10,2013-2014,176,1,1,0.703502429597011
10,2013-2014,177,1,0,0.4540240439241771
10,2013-2014,178,1,1,0.7325574409061271
10,2013-2014,179,1,1,0.6553455639534764
10,2013-2014,180,0,1,0.600981345599422
10,2013-2014,181,1,1,0.6503491336145474
10,2013-2014,182,1,0,0.4884824911777656
10,2013-2014,183,1,1,0.6801425174988892
10,2013-2014,184,0,1,0.5023626003256977
10,2013-2014,185,1,1,0.5418823659991707
10,2013-2014,186,0,0,0.40646721300073546
10,2013-2014,187,0,0,0.495202588205369
10,2013-2014,188,1,1,0.6531772017256207
10,2013-2014,189,0,1,0.5855250387034542
10,2013-2014,190,1,0,0.4345125853653909
10,2013-2014,191,0,1,0.6426617987089998
10,2013-2014,192,0,1,0.6466126983478409
10,2013-2014,193,1,1,0.623843331227522
10,2013-2014,194,1,1,0.5506732116997229
10,2013-2014,195,1,1,0.7038208093815554
10,2013-2014,196,0,0,0.3224784693867283
10,2013-2014,197,1,1,0.5201532119603723
10,2013-2014,198,1,1,0.6641142677542234
10,2013-2014,199,0,1,0.5055706752680775
10,2013-2014,200,1,0,0.437387278639998
10,2013-2014,201,1,1,0.6673387775396532
10,2013-2014,202,1,1,0.73672991828917
10,2013-2014,203,1,1,0.6793009654991331
10,2013-2014,204,1,1,0.591323482953123
10,2013-2014,205,0,1,0.5628712327638237
10,2013-2014,206,1,0,0.46314826067387654
10,2013-2014,207,1,1,0.7713414380416236
10,2013-2014,208,1,1,0.7558851318581157
10,2013-2014,209,1,1,0.7490423276237256
10,2013-2014,210,0,1,0.5562889711903942
10,2013-2014,211,1,1,0.6814633399920762
10,2013-2014,212,1,1,0.7447043217472287
10,2013-2014,213,1,1,0.6526331950952917
10,2013-2014,214,1,0,0.4865508062488667
10,2013-2014,215,1,1,0.6775602355268981
10,2013-2014,216,1,1,0.6928119939082882
10,2013-2014,217,0,0,0.3393791601132565
10,2013-2014,218,0,1,0.5763022916803343
10,2013-2014,219,1,1,0.6510171416005752
10,2013-2014,220,0,0,0.4708803548928343
10,2013-2014,221,0,1,0.7283032295514712
10,2013-2014,222,1,1,0.5485461304986388
10,2013-2014,223,0,0,0.35931612825156006
10,2013-2014,224,1,1,0.6098533085429219
10,2013-2014,225,1,1,0.6877804521923758
10,2013-2014,226,1,1,0.6340483019372901
10,2013-2014,227,1,0,0.445503533164398
10,2013-2014,228,0,1,0.6215891450018723
10,2013-2014,229,0,1,0.6994862793155642
10,2013-2014,230,1,1,0.6408958338549796
10,2013-2014,231,0,1,0.6133505793523107
10,2013-2014,232,0,1,0.7307272961998678
10,2013-2014,233,0,1,0.6909055374239953
10,2013-2014,234,1,1,0.5084324129301873
10,2013-2014,235,0,1,0.562812516964565
10,2013-2014,236,1,1,0.6829690969633042
10,2013-2014,237,1,1,0.5841330738202201
10,2013-2014,238,1,1,0.5409475975551206
10,2013-2014,239,0,1,0.5111454498058963
10,2013-2014,240,1,1,0.6769507337265469
10,2013-2014,241,1,1,0.6190043249911574
10,2013-2014,242,1,1,0.5993862123848918
10,2013-2014,243,1,1,0.6061949741067881
10,2013-2014,244,0,1,0.7025327647341628
10,2013-2014,245,1,1,0.6333604144897901
10,2013-2014,246,1,0,0.383238029169726
10,2013-2014,247,1,1,0.6474069185616865
10,2013-2014,248,1,0,0.44364751089320975
10,2013-2014,249,1,1,0.6674555460659884
10,2013-2014,250,1,1,0.737408378229656
10,2013-2014,251,0,1,0.6115420264692589
10,2013-2014,252,1,1,0.68802180370361
10,2013-2014,253,1,1,0.6388274658269998
10,2013-2014,254,0,1,0.6881190725556353
10,2013-2014,255,1,1,0.7191297733365642
10,2013-2014,256,0,1,0.5742140368513027
10,2013-2014,257,1,1,0.7276054700503418
10,2013-2014,258,1,1,0.5687974011274793
10,2013-2014,259,1,1,0.7399924080394438
10,2013-2014,260,1,1,0.7554183014604713
10,2013-2014,261,0,1,0.6321300597995271
10,2013-2014,262,1,1,0.7438058437859232
10,2013-2014,263,0,1,0.7350563293186431
10,2013-2014,264,1,1,0.6110311427742888
10,2013-2014,265,1,1,0.6129577591419809
10,2013-2014,266,1,1,0.5863537654170146
10,2013-2014,267,1,1,0.7065693164548875
10,2013-2014,268,1,1,0.6973246814976203
10,2013-2014,269,0,1,0.6687235524396015
10,2013-2014,270,1,1,0.7427665670301179
10,2013-2014,271,0,1,0.7066767369204643
10,2013-2014,272,1,1,0.6383118097437612
10,2013-2014,273,0,1,0.5751542150098807
10,2013-2014,274,1,1,0.6094815082625824
10,2013-2014,275,1,1,0.5992692570265175
10,2013-2014,276,1,1,0.6621998698912235
10,2013-2014,277,1,1,0.6275222528433114
10,2013-2014,278,0,1,0.7048234496101745
10,2013-2014,279,1,1,0.7216483726123919
10,2013-2014,280,1,1,0.5812144360761206
10,2013-2014,281,0,1,0.6997885868261324
10,2013-2014,282,0,1,0.6283134580574744
10,2013-2014,283,1,1,0.6047771181934365
10,2013-2014,284,1,1,0.6146266389378044
10,2013-2014,285,0,1,0.594668019027612
10,2013-2014,286,1,1,0.5658799275647642
10,2013-2014,287,0,1,0.6742561263710463
10,2013-2014,288,1,1,0.5259199093944255
10,2013-2014,289,1,1,0.7102583994874824
10,2013-2014,290,0,1,0.5703249076905088
10,2013-2014,291,0,1,0.668704446864686
10,2013-2014,292,0,0,0.48160864603789916
10,2013-2014,293,1,1,0.7037278295584538
10,2013-2014,294,1,1,0.6216186654220192
10,2013-2014,295,1,1,0.6105229999113136
10,2013-2014,296,0,1,0.6287858447494652
10,2013-2014,297,1,1,0.6514668142019677
10,2013-2014,298,1,1,0.5583723034491302
10,2013-2014,299,0,1,0.7153465781821231
10,2013-2014,300,0,1,0.6058815282337158
10,2013-2014,301,0,0,0.48854131964753444
10,2013-2014,302,0,1,0.6673309572975258
10,2013-2014,303,0,0,0.4278881600335835
10,2013-2014,304,1,1,0.5789535089200645
10,2013-2014,305,1,1,0.5225984750910204
10,2014-2015,11,0,1,0.7697957630792329
10,2014-2015,12,0,1,0.6925591051160592
10,2014-2015,13,1,1,0.5969674310859205
10,2014-2015,14,1,1,0.6630174604601354
10,2014-2015,15,1,1,0.6386009753484908
10,2014-2015,16,1,1,0.7450457780374394
10,2014-2015,17,1,1,0.7003943472898174
10,2014-2015,18,1,1,0.7314154576848055
10,2014-2015,19,1,1,0.7746354241824414
10,2014-2015,20,1,1,0.7555510688297071
10,2014-2015,21,1,1,0.7796859474949984
10,2014-2015,22,1,1,0.7807399251127245
10,2014-2015,23,1,1,0.8050675868892377
10,2014-2015,24,1,1,0.816038169436725
10,2014-2015,25,1,1,0.8342789953198314
10,2014-2015,26,0,1,0.8522077817127236
10,2014-2015,27,1,1,0.819089117009588
10,2014-2015,28,1,1,0.7905104495790269
10,2014-2015,29,1,1,0.8053392480889502
10,2014-2015,30,0,1,0.8081390734754487
10,2014-2015,31,1,1,0.7714821251585704
10,2014-2015,32,0,1,0.7694678584233784
10,2014-2015,33,1,1,0.7533445012465726
10,2014-2015,34,1,1,0.7599301154636087
10,2014-2015,35,1,1,0.7774882825220674
10,2014-2015,36,1,1,0.775526007117042
10,2014-2015,37,0,1,0.7883077308188712
10,2014-2015,38,0,1,0.7977362857274637
10,2014-2015,39,1,1,0.7588029889926741
10,2014-2015,40,1,1,0.7803217305851834
10,2014-2015,41,0,1,0.7561485737474394
10,2014-2015,42,0,1,0.6982825918262446
10,2014-2015,43,0,1,0.7427484386838699
10,2014-2015,44,0,1,0.7172487252511132
10,2014-2015,45,1,1,0.7005775005865956
10,2014-2015,46,0,1,0.6785462412461614
10,2014-2015,47,0,1,0.7316634307248748
10,2014-2015,48,1,1,0.6753649866990431
10,2014-2015,49,0,1,0.6651419460876339
10,2014-2015,50,0,1,0.643860173407792
10,2014-2015,51,1,1,0.6420254047106054
10,2014-2015,52,0,1,0.6696303877240174
10,2014-2015,53,1,1,0.6244982486662717
10,2014-2015,54,1,1,0.6612963423879613
10,2014-2015,55,0,1,0.6396376250751734
10,2014-2015,56,0,1,0.6393971798826731
10,2014-2015,57,1,1,0.6173494235883916
10,2014-2015,58,0,1,0.645730175922926
10,2014-2015,59,0,1,0.5812195392726887
10,2014-2015,60,1,1,0.611830655253659
10,2014-2015,61,0,1,0.6151419348267935
10,2014-2015,62,0,1,0.6019261495888478
10,2014-2015,63,0,1,0.5708582121888928
10,2014-2015,64,1,1,0.5202599259259887
10,2014-2015,65,1,1,0.5798396698724232
10,2014-2015,66,0,1,0.5326860032314248
10,2014-2015,67,1,1,0.5297221821040803
10,2014-2015,68,1,1,0.6113377280997311
10,2014-2015,69,0,1,0.5985198205985365
10,2014-2015,70,1,1,0.62505973425816
10,2014-2015,71,0,1,0.5758389029784182
10,2014-2015,72,1,1,0.5950178026296318
10,2014-2015,73,1,1,0.6253436522398111
10,2014-2015,74,0,1,0.5171042170675945
10,2014-2015,75,0,1,0.5851267813669696
10,2014-2015,76,0,1,0.5711391716599351
10,2014-2015,77,1,1,0.5952222724628647
10,2014-2015,78,1,1,0.5341701071263666
10,2014-2015,79,1,1,0.6781178043600703
10,2014-2015,80,0,0,0.4868040930976381
10,2014-2015,81,0,1,0.526051098412575
10,2014-2015,82,1,1,0.5803563435298155
10,2014-2015,83,1,1,0.5500179617503944
10,2014-2015,84,1,1,0.5561980095668788
10,2014-2015,85,1,0,0.4808753303172809
10,2014-2015,86,0,1,0.6063963057906598
10,2014-2015,87,0,1,0.5449523238690849
10,2014-2015,88,0,1,0.5446728225591125
10,2014-2015,89,0,0,0.48882737586701225
10,2014-2015,90,0,1,0.5836872635787144
10,2014-2015,91,1,0,0.481114099307928
10,2014-2015,92,1,1,0.55842257455514
10,2014-2015,93,0,0,0.4982180267067554
10,2014-2015,94,1,0,0.4604955931064552
10,2014-2015,95,1,1,0.5935569910471215
10,2014-2015,96,0,1,0.5331445633999566
10,2014-2015,97,0,1,0.5900570293523314
10,2014-2015,98,0,0,0.46486306183457204
10,2014-2015,99,1,1,0.5440049445807489
10,2014-2015,100,1,0,0.49745620306576227
10,2014-2015,101,1,0,0.49977727051906445
10,2014-2015,102,0,1,0.5383222836072831
10,2014-2015,103,0,1,0.5450408904880859
10,2014-2015,104,1,1,0.5712455900993104
10,2014-2015,105,1,1,0.593574006695636
10,2014-2015,106,1,1,0.5690111849991576
10,2014-2015,107,0,1,0.5792160811822207
10,2014-2015,108,0,1,0.5886525834502581
10,2014-2015,109,1,1,0.605715836580509
10,2014-2015,110,0,1,0.5193443691965945
10,2014-2015,111,0,1,0.5617753018420447
10,2014-2015,112,1,1,0.6933703867380507
10,2014-2015,113,1,1,0.6955991964740009
10,2014-2015,114,0,1,0.5375329702577669
10,2014-2015,115,0,1,0.6653106807583706
10,2014-2015,116,0,1,0.5561490046122978
10,2014-2015,117,1,1,0.5813796526666417
10,2014-2015,118,0,1,0.5079474585485909
10,2014-2015,119,1,1,0.6165263735281863
10,2014-2015,120,1,1,0.6078877737138264
10,2014-2015,121,1,1,0.5564701558062617
10,2014-2015,122,0,0,0.4360099999510845
10,2014-2015,123,0,1,0.5690770523666059
10,2014-2015,124,1,1,0.5290700340744934
10,2014-2015,125,1,1,0.531225304790079
10,2014-2015,126,0,1,0.6503760635642285
10,2014-2015,127,0,0,0.40249180952542535
10,2014-2015,128,1,1,0.5469243866127979
10,2014-2015,129,0,1,0.5498809353397757
10,2014-2015,130,1,0,0.42778397403914664
10,2014-2015,131,1,1,0.5968497803080406
10,2014-2015,132,1,1,0.6507875395062088
10,2014-2015,133,1,1,0.7289674799236726
10,2014-2015,134,0,0,0.47411904789473014
10,2014-2015,135,0,1,0.5546632599108757
10,2014-2015,136,1,1,0.5385441888208846
10,2014-2015,137,1,1,0.6456505883466505
10,2014-2015,138,1,1,0.6393845476505524
10,2014-2015,139,1,1,0.6958806588563113
10,2014-2015,140,1,1,0.6025924637795753
10,2014-2015,141,1,1,0.6780970350842861
10,2014-2015,142,1,1,0.5807954570755021
10,2014-2015,143,1,1,0.5484973017910542
10,2014-2015,144,1,1,0.6772728479003731
10,2014-2015,145,1,1,0.5561728025007672
10,2014-2015,146,0,1,0.6183495540166702
10,2014-2015,147,1,1,0.6273044544932176
10,2014-2015,148,0,1,0.6439779339965997
10,2014-2015,149,1,1,0.6581965732572432
10,2014-2015,150,1,1,0.7458416132947655
10,2014-2015,151,0,1,0.6415525642024953
10,2014-2015,152,1,1,0.6916424829512565
10,2014-2015,153,1,1,0.707934085990294
10,2014-2015,154,1,1,0.5394508516764185
10,2014-2015,155,0,1,0.5110721804314361
10,2014-2015,156,0,0,0.49265859544651164
10,2014-2015,157,1,1,0.6700068993437535
10,2014-2015,158,0,0,0.4869295855546027
10,2014-2015,159,0,1,0.6990166770001116
10,2014-2015,160,0,1,0.5970985011325505
10,2014-2015,161,0,1,0.5645235755519209
10,2014-2015,162,1,1,0.713934842810785
10,2014-2015,163,1,1,0.6262582163597356
10,2014-2015,164,0,0,0.4400722590352007
10,2014-2015,165,1,0,0.4843771889557151
10,2014-2015,166,0,1,0.5311969568162616
10,2014-2015,167,1,1,0.7198019030496192
10,2014-2015,168,1,1,0.6499370053427239
10,2014-2015,169,1,1,0.5550501619255335
10,2014-2015,170,0,1,0.6922937804481731
10,2014-2015,171,1,1,0.7913598175823653
10,2014-2015,172,0,1,0.5858278202851203
10,2014-2015,173,1,1,0.7328827370507901
10,2014-2015,174,1,1,0.694918697961364
10,2014-2015,175,1,1,0.67741988762978
10,2014-2015,176,1,1,0.6352933372423183
10,2014-2015,177,1,1,0.5281102389534567
10,2014-2015,178,1,1,0.587274701136176
10,2014-2015,179,1,1,0.6233013037357745
10,2014-2015,180,1,1,0.6235359073661246
10,2014-2015,181,0,1,0.5684592153386925
10,2014-2015,182,1,1,0.8348929696210515
10,2014-2015,183,0,1,0.5836148537016674
10,2014-2015,184,1,1,0.6515399218118048
10,2014-2015,185,1,1,0.7986034183909596
10,2014-2015,186,0,0,0.33979576502313324
10,2014-2015,187,0,1,0.5747632875813765
10,2014-2015,188,1,1,0.7279943296873004
10,2014-2015,189,0,0,0.4462802494173822
10,2014-2015,190,1,0,0.4569930687395722
10,2014-2015,191,1,1,0.5140971408340813
10,2014-2015,192,0,0,0.3835821685359446
10,2014-2015,193,0,0,0.4847537160316154
10,2014-2015,194,1,1,0.78894013568522
10,2014-2015,195,0,1,0.7261226392463512
10,2014-2015,196,0,1,0.6581808511847835
10,2014-2015,197,1,1,0.6575669514780006
10,2014-2015,198,1,1,0.59216684766695
10,2014-2015,199,0,0,0.43157697716395477
10,2014-2015,200,1,1,0.7572013844931067
10,2014-2015,201,1,0,0.4965320864481992
10,2014-2015,202,1,1,0.7849587955718638
10,2014-2015,203,1,1,0.6748067618827656
10,2014-2015,204,1,1,0.6294156447294605
10,2014-2015,205,1,1,0.7619715094366801
10,2014-2015,206,0,0,0.31129690903172014
10,2014-2015,207,0,1,0.6335479822376199
10,2014-2015,208,1,1,0.851786827299858
10,2014-2015,209,0,1,0.5915948116711055
10,2014-2015,210,1,1,0.6474052989345519
10,2014-2015,211,0,0,0.4095815641179389
10,2014-2015,212,0,0,0.3640267636053526
10,2014-2015,213,1,1,0.7986435721354391
10,2014-2015,214,1,1,0.7365197783016924
10,2014-2015,215,1,1,0.8226466006376054
10,2014-2015,216,0,0,0.3538121352547809
10,2014-2015,217,1,0,0.4308973009628914
10,2014-2015,218,1,1,0.6867591003856727
10,2014-2015,219,1,1,0.5533255601144944
10,2014-2015,220,0,0,0.39867465173624483
10,2014-2015,221,0,1,0.6816800774964996
10,2014-2015,222,0,1,0.5577966669974336
10,2014-2015,223,1,1,0.776080189957293
10,2014-2015,224,1,1,0.6180465113672842
10,2014-2015,225,1,1,0.6200619887113262
10,2014-2015,226,0,0,0.46967260881723677
10,2014-2015,227,1,1,0.853004784390231
10,2014-2015,228,0,0,0.44551904529384556
10,2014-2015,229,1,0,0.3474844047536505
10,2014-2015,230,0,1,0.7647807985393198
10,2014-2015,231,1,1,0.6285003011732372
10,2014-2015,232,0,1,0.6242236896822624
10,2014-2015,233,1,1,0.5325454959179396
10,2014-2015,234,1,1,0.6249536088845026
10,2014-2015,235,1,1,0.6572535660149225
10,2014-2015,236,1,1,0.5355798546946119
10,2014-2015,237,0,1,0.7130042610470184
10,2014-2015,238,1,1,0.5782103811307211
10,2014-2015,239,1,1,0.6351770320968042
10,2014-2015,240,1,1,0.6025995156841149
10,2014-2015,241,1,1,0.5855198780720551
10,2014-2015,242,1,1,0.7462203793949588
10,2014-2015,243,1,1,0.6733156539074989
10,2014-2015,244,1,1,0.7038063320435631
10,2014-2015,245,1,1,0.7196929267347931
10,2014-2015,246,1,1,0.714988666767896
10,2014-2015,247,1,1,0.8042172666033417
10,2014-2015,248,1,1,0.8516412721097099
10,2014-2015,249,1,1,0.8086275946228514
10,2014-2015,250,1,1,0.8999171349836455
10,2014-2015,251,0,1,0.8170789190988579
10,2014-2015,252,0,1,0.8560599036350718
10,2014-2015,253,0,1,0.7774157166552038
10,2014-2015,254,0,1,0.8594954124913057
10,2014-2015,255,0,1,0.5686200439857145
10,2014-2015,256,0,0,0.3850747018105862
10,2014-2015,257,1,1,0.6397370942085194
10,2014-2015,258,0,0,0.4189846253133375
10,2014-2015,259,0,0,0.3195834679248875
10,2014-2015,260,1,0,0.29423004710038936
10,2014-2015,261,0,1,0.6867533560014139
10,2014-2015,262,1,0,0.29640958807923257
10,2014-2015,263,1,1,0.5367314446787491
10,2014-2015,264,1,1,0.7842958607352979
10,2014-2015,265,1,1,0.7148612744378815
10,2014-2015,266,0,1,0.5425962557555416
10,2014-2015,267,0,1,0.7882292741990379
10,2014-2015,268,0,0,0.3906939785559143
10,2014-2015,269,1,1,0.6834412532483692
10,2014-2015,270,1,1,0.7325694351658832
10,2014-2015,271,1,0,0.46640256867497887
10,2014-2015,272,0,0,0.480205830783291
10,2014-2015,273,1,1,0.6811758724970571
10,2014-2015,274,1,1,0.6817482369032165
10,2015-2016,11,0,0,0.4615057156543016
10,2015-2016,12,1,0,0.3553993959443861
10,2015-2016,13,0,0,0.4497025196478597
10,2015-2016,14,1,0,0.40626371244702275
10,2015-2016,15,0,0,0.486093387661661
10,2015-2016,16,1,0,0.37147459316722226
10,2015-2016,17,1,0,0.4353971655103651
10,2015-2016,18,0,0,0.43934119150407314
10,2015-2016,19,1,0,0.41179487397358067
10,2015-2016,20,1,1,0.5005151474354579
10,2015-2016,21,0,1,0.5215894679956491
10,2015-2016,22,0,0,0.456692949159622
10,2015-2016,23,0,0,0.48620289139908945
10,2015-2016,24,1,0,0.3744427318093048
10,2015-2016,25,1,0,0.4654845599186546
10,2015-2016,26,1,1,0.5293211638390963
10,2015-2016,27,1,1,0.5035869241268025
10,2015-2016,28,0,0,0.4993498683565375
10,2015-2016,29,0,0,0.4947622255643823
10,2015-2016,30,1,1,0.510804597982165
10,2015-2016,31,1,1,0.5368735349685512
10,2015-2016,32,0,1,0.5119359107015906
10,2015-2016,33,0,1,0.5280778605995012
10,2015-2016,34,0,0,0.4618686560520086
10,2015-2016,35,1,1,0.5298584403144261
10,2015-2016,36,1,1,0.5092791435187711
10,2015-2016,37,1,0,0.49560321852115286
10,2015-2016,38,0,1,0.5149310373626237
10,2015-2016,39,1,0,0.49628861016366044
10,2015-2016,40,1,1,0.552500437640008
10,2015-2016,41,0,1,0.5359393609532389
10,2015-2016,42,1,1,0.5360468497099129
10,2015-2016,43,1,1,0.5690980703366544
10,2015-2016,44,1,0,0.4900029561427097
10,2015-2016,45,1,1,0.5874097255459783
10,2015-2016,46,1,1,0.6504573955401894
10,2015-2016,47,1,1,0.5253577423638685
10,2015-2016,48,1,1,0.5855035149546078
10,2015-2016,49,1,1,0.5981186911956483
10,2015-2016,50,0,1,0.6487539972024079
10,2015-2016,51,0,1,0.6416055214717423
10,2015-2016,52,0,1,0.584249119647512
10,2015-2016,53,1,1,0.6440022117185427
10,2015-2016,54,1,1,0.611715502691084
10,2015-2016,55,1,1,0.6284958385766206
10,2015-2016,56,0,1,0.5817783335382722
10,2015-2016,57,0,1,0.5384885308249333
10,2015-2016,58,0,1,0.5634049193083187
10,2015-2016,59,1,1,0.6231255613647294
10,2015-2016,60,1,1,0.6493321738260055
10,2015-2016,61,1,0,0.4893701974831294
10,2015-2016,62,1,1,0.6758284719803063
10,2015-2016,63,1,1,0.5997406088565151
10,2015-2016,64,1,1,0.6228829851532619
10,2015-2016,65,0,1,0.6139323365442373
10,2015-2016,66,1,1,0.6667703992971037
10,2015-2016,67,1,1,0.6467531747844072
10,2015-2016,68,1,1,0.6922420949969766
10,2015-2016,69,0,1,0.6620801462719581
10,2015-2016,70,0,1,0.5413558100655912
10,2015-2016,71,1,1,0.5565866413154292
10,2015-2016,72,0,1,0.60752576539772
10,2015-2016,73,1,1,0.6966158054377729
10,2015-2016,74,1,1,0.656528245020209
10,2015-2016,75,0,1,0.5973323288492465
10,2015-2016,76,0,1,0.6002446553212211
10,2015-2016,77,1,1,0.5486862109843681
10,2015-2016,78,0,1,0.6578290410167347
10,2015-2016,79,1,1,0.5950177526651858
10,2015-2016,80,1,1,0.5106400673083312
10,2015-2016,81,1,1,0.6170861631049476
10,2015-2016,82,1,1,0.5429702159631632
10,2015-2016,83,1,1,0.7124070032345964
10,2015-2016,84,0,1,0.574006572498697
10,2015-2016,85,0,1,0.6306591949087222
10,2015-2016,86,1,1,0.6888400627371404
10,2015-2016,87,0,1,0.548003889681417
10,2015-2016,88,1,1,0.6804847466648334
10,2015-2016,89,1,1,0.7039698854520818
10,2015-2016,90,0,1,0.6446066398958127
10,2015-2016,91,1,1,0.5297326776771275
10,2015-2016,92,0,0,0.4913146496868049
10,2015-2016,93,1,1,0.5946991289326735
10,2015-2016,94,1,1,0.5815625262370718
10,2015-2016,95,0,1,0.5187431636436811
10,2015-2016,96,1,1,0.5649058487171438
10,2015-2016,97,1,1,0.5828940418107961
10,2015-2016,98,1,1,0.6716308992296722
10,2015-2016,99,0,1,0.6203165684388601
10,2015-2016,100,1,1,0.5622589010391748
10,2015-2016,101,0,0,0.4962981634501863
10,2015-2016,102,0,1,0.6795028804529526
10,2015-2016,103,1,1,0.6277571982202043
10,2015-2016,104,0,1,0.5249060460969324
10,2015-2016,105,0,1,0.6065781884216871
10,2015-2016,106,0,0,0.46558594840411843
10,2015-2016,107,1,1,0.6000069874567432
10,2015-2016,108,1,1,0.6774305665792287
10,2015-2016,109,1,1,0.7036054682932011
10,2015-2016,110,1,1,0.6822129331676067
10,2015-2016,111,1,1,0.5957700240535009
10,2015-2016,112,0,1,0.6351205759984627
10,2015-2016,113,1,1,0.5463406002015646
10,2015-2016,114,1,1,0.5061849145136952
10,2015-2016,115,0,1,0.6258203267859869
10,2015-2016,116,0,0,0.4887655912382144
10,2015-2016,117,0,1,0.5473324739298078
10,2015-2016,118,0,0,0.47069753805169756
10,2015-2016,119,1,1,0.680385714490144
10,2015-2016,120,0,1,0.6342571235932531
10,2015-2016,121,1,1,0.6447764497496515
10,2015-2016,122,1,1,0.6214752949821829
10,2015-2016,123,0,0,0.47590617690466364
10,2015-2016,124,1,1,0.5601567607145814
10,2015-2016,125,0,1,0.5731650601675906
10,2015-2016,126,1,1,0.5065843051874632
10,2015-2016,127,0,0,0.3971430117168483
10,2015-2016,128,0,1,0.5924062465323968
10,2015-2016,129,1,1,0.5745328670896503
10,2015-2016,130,1,1,0.6406584519103068
10,2015-2016,131,0,1,0.5039256778129293
10,2015-2016,132,0,0,0.45297654570226925
10,2015-2016,133,0,0,0.493628542359995
10,2015-2016,134,1,1,0.6294139506182647
10,2015-2016,135,0,1,0.6700732804522377
10,2015-2016,136,0,0,0.4544841340713679
10,2015-2016,137,1,1,0.5064540232012238
10,2015-2016,138,1,1,0.7242043566431858
10,2015-2016,139,1,1,0.6778189471168988
10,2015-2016,140,1,1,0.6807452626349293
10,2015-2016,141,0,1,0.630000376229544
10,2015-2016,142,1,1,0.5326364954977375
10,2015-2016,143,0,0,0.4879263393962531
10,2015-2016,144,0,0,0.4066510415752566
10,2015-2016,145,0,0,0.4637391729946606
10,2015-2016,146,0,1,0.5335682816582287
10,2015-2016,147,0,0,0.49116026869078167
10,2015-2016,148,0,1,0.5927794339964638
10,2015-2016,149,1,1,0.64720891112066
10,2015-2016,150,1,1,0.699858321656018
10,2015-2016,151,0,1,0.5542287912889103
10,2015-2016,152,1,1,0.5538175574296644
10,2015-2016,153,0,0,0.4703256682014654
10,2015-2016,154,0,0,0.3038522788171565
10,2015-2016,155,0,0,0.4658792000467194
10,2015-2016,156,0,0,0.37949383353065774
10,2015-2016,157,1,1,0.5416457775973518
10,2015-2016,158,1,1,0.6444413138732497
10,2015-2016,159,0,0,0.3905507894551312
10,2015-2016,160,0,0,0.30447265600633694
10,2015-2016,161,1,1,0.5111149469013755
10,2015-2016,162,1,1,0.6790240955005713
10,2015-2016,163,1,0,0.28291939438732383
10,2015-2016,164,0,0,0.32407721710934834
10,2015-2016,165,1,1,0.5134999756332267
10,2015-2016,166,0,0,0.4076962397388095
10,2015-2016,167,1,1,0.5436391191382413
10,2015-2016,168,0,0,0.348718439887966
10,2015-2016,169,0,0,0.4869713383855342
10,2015-2016,170,1,1,0.631190387728689
10,2015-2016,171,0,0,0.4800024113178112
10,2015-2016,172,0,0,0.39116932413223987
10,2015-2016,173,1,0,0.4309268883095303
10,2015-2016,174,0,0,0.4907214493428446
10,2015-2016,175,1,1,0.5653438991546798
10,2015-2016,176,0,1,0.5251477536409008
10,2015-2016,177,1,1,0.5561025158812053
10,2015-2016,178,0,1,0.5290899280566819
10,2015-2016,179,1,0,0.3283668308994671
10,2015-2016,180,1,0,0.39074018306107505
10,2015-2016,181,0,0,0.2892761783425674
10,2015-2016,182,1,1,0.6840653871436658
10,2015-2016,183,0,1,0.6850517407004056
10,2015-2016,184,0,0,0.3118569417126304
10,2015-2016,185,1,1,0.673161562014064
10,2015-2016,186,1,0,0.42414131382400194
10,2015-2016,187,0,1,0.6304763492068515
10,2015-2016,188,0,0,0.40591672100278336
10,2015-2016,189,1,1,0.5820382813982873
10,2015-2016,190,0,1,0.5059350501010095
10,2015-2016,191,1,1,0.5385830722172297
10,2015-2016,192,1,1,0.570226733457565
10,2015-2016,193,0,0,0.39757193781060807
10,2015-2016,194,1,1,0.6525177329323409
10,2015-2016,195,1,1,0.5298760804551546
10,2015-2016,196,1,0,0.2851342937289152
10,2015-2016,197,0,0,0.3924079645467037
10,2015-2016,198,0,0,0.3757698253269441
10,2015-2016,199,1,1,0.6715667692301337
10,2015-2016,200,0,0,0.27990548106713437
10,2015-2016,201,1,0,0.34888981594203666
10,2015-2016,202,1,0,0.4759516036026666
10,2015-2016,203,1,0,0.39216221978388116
10,2015-2016,204,0,0,0.3852752014586096
10,2015-2016,205,1,1,0.5825532903141611
10,2015-2016,206,1,1,0.6088708928955279
10,2015-2016,207,1,1,0.7248000059740941
10,2015-2016,208,0,1,0.5831623121602788
10,2015-2016,209,1,1,0.6108961755776592
10,2015-2016,210,1,1,0.6913950583057454
10,2015-2016,211,1,1,0.7283743104724951
10,2015-2016,212,1,1,0.5359506615118992
10,2015-2016,213,1,1,0.5643423016450475
10,2015-2016,214,0,0,0.46780950599388377
10,2015-2016,215,0,1,0.5231657831841636
10,2015-2016,216,1,1,0.6122156571067966
10,2015-2016,217,1,1,0.5767206803440402
10,2015-2016,218,1,1,0.6553000911495143
10,2015-2016,219,1,1,0.5160442892433436
10,2015-2016,220,0,0,0.30216262409574707
10,2015-2016,221,0,1,0.5949449927486596
10,2015-2016,222,1,1,0.6018181237735032
10,2015-2016,223,1,1,0.6416322020157385
10,2015-2016,224,1,1,0.7726192140118042
10,2015-2016,225,0,1,0.7109508553505585
10,2015-2016,226,1,1,0.7609347386018015
10,2015-2016,227,0,1,0.6611357107881742
10,2015-2016,228,1,1,0.7758098160959801
10,2015-2016,229,0,1,0.7759357875204647
10,2015-2016,230,1,1,0.5300026931561883
10,2015-2016,231,1,1,0.559700241663262
10,2015-2016,232,0,1,0.5610650849826525
10,2015-2016,233,1,0,0.4238699549918867
10,2015-2016,234,0,1,0.5833563580699217
10,2015-2016,235,1,1,0.6486217164672275
10,2015-2016,236,1,1,0.7487471281469985
10,2015-2016,237,0,1,0.6550874698049681
10,2015-2016,238,1,1,0.7730934807113289
10,2015-2016,239,0,0,0.4903905585032197
10,2015-2016,240,1,1,0.5854206883529675
10,2015-2016,241,0,1,0.7783138931779537
10,2015-2016,242,0,0,0.43860342929149165
10,2015-2016,243,1,0,0.38443801776274983
10,2015-2016,244,1,1,0.6982737652160999
10,2016-2017,11,1,1,0.5245929009010056
10,2016-2017,12,1,1,0.5899152198674052
10,2016-2017,13,0,1,0.5994449237535944
10,2016-2017,14,0,1,0.5650117837656249
10,2016-2017,15,1,0,0.4790183581747662
10,2016-2017,16,0,1,0.5418485529874324
10,2016-2017,17,1,1,0.5122179281534531
10,2016-2017,18,0,1,0.5379697905166314
10,2016-2017,19,1,1,0.5265238055198274
10,2016-2017,20,0,1,0.5237229479517154
10,2016-2017,21,0,1,0.532015530454391
10,2016-2017,22,0,0,0.49323920732140325
10,2016-2017,23,0,0,0.4413759138545596
10,2016-2017,24,0,0,0.430446268546754
10,2016-2017,25,1,0,0.4057335924832993
10,2016-2017,26,0,0,0.4161612977486108
10,2016-2017,27,1,0,0.4036013451830331
10,2016-2017,28,1,0,0.4191428209042747
10,2016-2017,29,1,0,0.4513483235757493
10,2016-2017,30,1,1,0.501246252662913
10,2016-2017,31,1,1,0.514217526112901
10,2016-2017,32,1,1,0.5368952919884051
10,2016-2017,33,0,1,0.5117664191800294
10,2016-2017,34,1,1,0.5553195498983527
10,2016-2017,35,1,1,0.536875125860667
10,2016-2017,36,0,1,0.5878126554155022
10,2016-2017,37,0,1,0.5270835687953865
10,2016-2017,38,0,1,0.537242701568131
10,2016-2017,39,1,1,0.5211734093498456
10,2016-2017,40,1,1,0.5010212415933037
10,2016-2017,41,1,1,0.5073892435680234
10,2016-2017,42,0,1,0.531908548513836
10,2016-2017,43,1,1,0.5394657589979398
10,2016-2017,44,1,1,0.5889923375250471
10,2016-2017,45,1,1,0.6012470744200563
10,2016-2017,46,1,1,0.564630828071304
10,2016-2017,47,1,1,0.5659130423079863
10,2016-2017,48,0,1,0.547604072708371
10,2016-2017,49,0,1,0.6053384718933558
10,2016-2017,50,1,1,0.516915248944533
10,2016-2017,51,0,1,0.5769524218248044
10,2016-2017,52,0,1,0.5377014952869149
10,2016-2017,53,0,1,0.5728230055143896
10,2016-2017,54,1,1,0.5423667033768624
10,2016-2017,55,0,1,0.5359233432702646
10,2016-2017,56,0,1,0.5226624247053748
10,2016-2017,57,0,1,0.5337812104852766
10,2016-2017,58,0,0,0.4988759931879624
10,2016-2017,59,0,1,0.5372441770917182
10,2016-2017,60,1,1,0.5066815504269129
10,2016-2017,61,0,1,0.5023459543985193
10,2016-2017,62,1,0,0.47316760267838825
10,2016-2017,63,1,0,0.47494989003196614
10,2016-2017,64,1,1,0.5002417073760935
10,2016-2017,65,1,1,0.5063678061986127
10,2016-2017,66,0,1,0.519332709071004
10,2016-2017,67,1,0,0.4898656965948316
10,2016-2017,68,1,1,0.5336511518686021
10,2016-2017,69,1,1,0.5677057232330885
10,2016-2017,70,1,1,0.5721898453131663
10,2016-2017,71,0,1,0.5579105302646359
10,2016-2017,72,1,1,0.5169528677417238
10,2016-2017,73,1,1,0.5343980541605318
10,2016-2017,74,1,1,0.5511671113395805
10,2016-2017,75,0,1,0.5197165898450886
10,2016-2017,76,1,1,0.5600130253079214
10,2016-2017,77,0,1,0.5487292594181832
10,2016-2017,78,1,1,0.5573737627783121
10,2016-2017,79,1,1,0.5752284150875077
10,2016-2017,80,0,1,0.5626911494529117
10,2016-2017,81,0,1,0.524219770573119
10,2016-2017,82,0,1,0.5299581958018829
10,2016-2017,83,1,1,0.5582508952106288
10,2016-2017,84,0,1,0.5327738944317817
10,2016-2017,85,1,1,0.5618229336013116
10,2016-2017,86,1,1,0.5598237573976744
10,2016-2017,87,0,1,0.553016638643318
10,2016-2017,88,1,1,0.5050443556470513
10,2016-2017,89,1,1,0.5430476464987658
10,2016-2017,90,1,1,0.5360185497019507
10,2016-2017,91,1,1,0.5471629606688239
10,2016-2017,92,0,1,0.5535649053630649
10,2016-2017,93,0,1,0.5521270255598939
10,2016-2017,94,0,1,0.5735678262988351
10,2016-2017,95,1,1,0.5362241174336643
10,2016-2017,96,0,1,0.5800290354302163
10,2016-2017,97,1,1,0.558179848233354
10,2016-2017,98,0,1,0.5451296423576145
10,2016-2017,99,0,1,0.5588182751087859
10,2016-2017,100,0,1,0.5386913751463851
10,2016-2017,101,0,1,0.509814564765962
10,2016-2017,102,0,1,0.5069560306765623
10,2016-2017,103,0,1,0.5181001922090175
10,2016-2017,104,0,1,0.5057443226699441
10,2016-2017,105,0,0,0.49428053820810325
10,2016-2017,106,0,1,0.5119551495662732
10,2016-2017,107,0,0,0.4805003310033988
10,2016-2017,108,0,0,0.4906372150278549
10,2016-2017,109,1,0,0.4734681204932052
10,2016-2017,110,1,0,0.4914540841036418
10,2016-2017,111,1,1,0.5321075189154043
10,2016-2017,112,1,0,0.4807955512084551
10,2016-2017,113,1,1,0.5530399967329758
10,2016-2017,114,0,1,0.507986600330465
10,2016-2017,115,0,1,0.5195695595343792
10,2016-2017,116,1,1,0.51521941229963
10,2016-2017,117,0,1,0.5017455736003928
10,2016-2017,118,1,1,0.5453165574274794
10,2016-2017,119,1,1,0.5171960581517049
10,2016-2017,120,0,0,0.4987401322996395
10,2016-2017,121,1,0,0.4827499435832658
10,2016-2017,122,1,1,0.5350031786866086
10,2016-2017,123,1,0,0.48344339108660106
10,2016-2017,124,1,1,0.5454175386708496
10,2016-2017,125,0,1,0.523857343560215
10,2016-2017,126,1,1,0.560247093717187
10,2016-2017,127,0,0,0.49174434770701925
10,2016-2017,128,1,1,0.5277694348199639
10,2016-2017,129,1,1,0.5188008733697039
10,2016-2017,130,1,1,0.5255737552812776
10,2016-2017,131,1,1,0.5448598686764228
10,2016-2017,132,1,1,0.5842389781349364
10,2016-2017,133,0,1,0.5117412791391964
10,2016-2017,134,0,1,0.5169652477827594
10,2016-2017,135,1,1,0.5305583594578223
10,2016-2017,136,1,1,0.6258113226843705
10,2016-2017,137,1,1,0.5847960309879546
10,2016-2017,138,1,1,0.5559532530354241
10,2016-2017,139,1,1,0.6245383168574442
10,2016-2017,140,0,1,0.5521469371504335
10,2016-2017,141,1,1,0.6059034590184109
10,2016-2017,142,0,0,0.47337781395208167
10,2016-2017,143,0,1,0.5382697414474943
10,2016-2017,144,1,1,0.5509482697336946
10,2016-2017,145,0,1,0.5370475667681599
10,2016-2017,146,1,1,0.5829621178982048
10,2016-2017,147,1,1,0.5323330092559839
10,2016-2017,148,0,1,0.5793102331156477
10,2016-2017,149,1,1,0.5044917610529923
10,2016-2017,150,1,1,0.5476169613299682
10,2016-2017,151,1,1,0.6492844536445163
10,2016-2017,152,0,1,0.5597591491281193
10,2016-2017,153,0,1,0.5931177876033498
10,2016-2017,154,1,1,0.5882508358830223
10,2016-2017,155,1,1,0.5883142007089633
10,2016-2017,156,1,1,0.6203773496997631
10,2016-2017,157,0,1,0.6345905027150665
10,2016-2017,158,1,1,0.6136207920832438
10,2016-2017,159,1,1,0.5158863724358751
10,2016-2017,160,1,1,0.6092984589341226
10,2016-2017,161,1,1,0.6681879315061
10,2016-2017,162,1,1,0.6501829884312238
10,2016-2017,163,0,1,0.6311511349832857
10,2016-2017,164,0,1,0.616636281798699
10,2016-2017,165,1,1,0.6157255597933403
10,2016-2017,166,1,1,0.5863779614618949
10,2016-2017,167,0,1,0.5319417061922468
10,2016-2017,168,1,1,0.6619674330827114
10,2016-2017,169,1,1,0.6445649935849647
10,2016-2017,170,0,1,0.5555034780292424
10,2016-2017,171,1,1,0.602469751861667
10,2016-2017,172,0,1,0.6463066861329163
10,2016-2017,173,1,1,0.6650812095791229
10,2016-2017,174,0,0,0.4936229318704429
10,2016-2017,175,0,1,0.6550863176646472
10,2016-2017,176,0,1,0.5570028114240351
10,2016-2017,177,0,1,0.5721578461523338
10,2016-2017,178,0,0,0.49194946875118395
10,2016-2017,179,0,1,0.557476851350457
10,2016-2017,180,1,1,0.5427017137389436
10,2016-2017,181,0,0,0.46285186945838674
10,2016-2017,182,1,1,0.6040563802179718
10,2016-2017,183,0,1,0.674745152551462
10,2016-2017,184,0,1,0.5279565482882863
10,2016-2017,185,1,1,0.5287123446343578
10,2016-2017,186,0,0,0.4403805980120057
10,2016-2017,187,1,0,0.4807430977873945
10,2016-2017,188,1,1,0.6535690516124711
10,2016-2017,189,1,1,0.6096844015501782
10,2016-2017,190,1,1,0.5564832946582629
10,2016-2017,191,0,1,0.5572014968116119
10,2016-2017,192,0,1,0.5034840828665726
10,2016-2017,193,1,1,0.6048982102263032
10,2016-2017,194,0,1,0.6108577642718358
10,2016-2017,195,1,1,0.5955097696919213
10,2016-2017,196,0,1,0.6233175487879817
10,2016-2017,197,0,0,0.4654830103154239
10,2016-2017,198,1,1,0.5704230338726813
10,2016-2017,199,1,1,0.596185638792978
10,2016-2017,200,1,1,0.5511023521033441
10,2016-2017,201,0,1,0.5467136349926378
10,2016-2017,202,0,0,0.47385435150060884
10,2016-2017,203,1,0,0.37976432223169704
10,2016-2017,204,0,1,0.5293418059959862
10,2016-2017,205,0,1,0.5240729244915004
10,2016-2017,206,1,1,0.5690177491905508
10,2016-2017,207,1,1,0.5503523295257425
10,2016-2017,208,1,0,0.4970073857700014
10,2016-2017,209,1,1,0.6309916543468
10,2016-2017,210,1,1,0.5236405938641654
10,2016-2017,211,0,1,0.6163087829857172
10,2016-2017,212,0,1,0.5435759407097259
10,2016-2017,213,0,0,0.4352885962929026
10,2016-2017,214,1,0,0.4658932509612203
10,2016-2017,215,1,1,0.5428783671177003
10,2016-2017,216,1,1,0.5494490947148492
10,2016-2017,217,1,1,0.5593647000595942
10,2016-2017,218,1,1,0.5364632728391333
10,2016-2017,219,0,1,0.6385307534334537
10,2016-2017,220,0,0,0.47808395686572347
10,2016-2017,221,1,1,0.5355098226078215
10,2016-2017,222,0,0,0.45002073647105506
10,2016-2017,223,0,0,0.4785286233543491
10,2016-2017,224,1,1,0.5778585023910174
10,2016-2017,225,1,0,0.49829925402391045
10,2016-2017,226,0,0,0.4703554174548068
10,2016-2017,227,0,1,0.6430819775874252
10,2016-2017,228,0,1,0.6155913672245233
10,2016-2017,229,0,0,0.4723818928801223
10,2016-2017,230,1,1,0.5697749711587019
10,2016-2017,231,1,1,0.5642343921853228
10,2016-2017,232,1,0,0.4238419392860279
10,2016-2017,233,0,1,0.564721860575198
10,2016-2017,234,1,0,0.3980777106677235
10,2016-2017,235,0,1,0.5802250803899283
10,2016-2017,236,0,1,0.5906041734138163
10,2016-2017,237,0,0,0.4550553701091407
10,2016-2017,238,1,0,0.44386114046134967
10,2016-2017,239,0,0,0.43986841647444574
10,2016-2017,240,1,1,0.5494152272198528
10,2016-2017,241,0,0,0.49335062291183746
10,2016-2017,242,1,1,0.5547358479101844
10,2016-2017,243,1,0,0.4720145745059292
10,2016-2017,244,0,1,0.5341812225847375
10,2016-2017,245,1,0,0.4695672059733108
10,2016-2017,246,1,1,0.5414472675610665
10,2016-2017,247,0,0,0.47833302681165046
10,2016-2017,248,1,0,0.45871033349456153
10,2016-2017,249,0,1,0.5588017482505645
10,2018-2019,11,1,0,0.27022982992735256
10,2018-2019,12,1,0,0.32163191616627895
10,2018-2019,13,1,0,0.42393284769148143
10,2018-2019,14,0,0,0.47105406108205894
10,2018-2019,15,1,0,0.4231603024380351
10,2018-2019,16,0,0,0.4419659119822647
10,2018-2019,17,1,0,0.44041388147340393
10,2018-2019,18,1,0,0.4706989992420677
10,2018-2019,19,1,0,0.49467684558298813
10,2018-2019,20,1,1,0.5527033308657795
10,2018-2019,21,0,1,0.568027886852006
10,2018-2019,22,0,1,0.5409604760435222
10,2018-2019,23,0,0,0.4423098495752759
10,2018-2019,24,1,1,0.5242449968423905
10,2018-2019,25,0,1,0.5037351593477298
10,2018-2019,26,0,0,0.4574897529394654
10,2018-2019,27,1,0,0.43627991261971844
10,2018-2019,28,0,0,0.491141292193131
10,2018-2019,29,1,0,0.467498692123374
10,2018-2019,30,1,0,0.4783063217236296
10,2018-2019,31,0,1,0.5173858503222819
10,2018-2019,32,0,0,0.44894284139478585
10,2018-2019,33,1,0,0.47924134530977547
10,2018-2019,34,1,0,0.39367852680677823
10,2018-2019,35,0,1,0.5386495561696392
10,2018-2019,36,1,0,0.4677708696427308
10,2018-2019,37,1,1,0.5318425950653156
10,2018-2019,38,1,1,0.550524290635257
10,2018-2019,39,1,1,0.5504536510304209
10,2018-2019,40,0,1,0.5403406821432213
10,2018-2019,41,1,1,0.5404662694080352
10,2018-2019,42,1,1,0.5622491768133091
10,2018-2019,43,1,1,0.5096787629779922
10,2018-2019,44,0,1,0.6192044364921289
10,2018-2019,45,0,1,0.5457642398697239
10,2018-2019,46,1,1,0.5230443201322788
10,2018-2019,47,1,1,0.5829228446098614
10,2018-2019,48,1,1,0.6019950556637023
10,2018-2019,49,1,1,0.601189114969902
10,2018-2019,50,1,1,0.5648574587504642
10,2018-2019,51,0,1,0.5966365551518222
10,2018-2019,52,1,1,0.6350121956047607
10,2018-2019,53,1,1,0.6024170078227625
10,2018-2019,54,1,1,0.6683363040865095
10,2018-2019,55,0,1,0.6092952627579957
10,2018-2019,56,1,1,0.6479678020787757
10,2018-2019,57,1,1,0.6483288386409517
10,2018-2019,58,1,1,0.652402985629867
10,2018-2019,59,1,1,0.6321143384633776
10,2018-2019,60,0,1,0.6660211001339907
10,2018-2019,61,1,1,0.6589748356751409
10,2018-2019,62,1,1,0.5840321969862527
10,2018-2019,63,0,1,0.6650469019583757
10,2018-2019,64,1,1,0.6440492165677816
10,2018-2019,65,1,1,0.5905522520764207
10,2018-2019,66,1,1,0.6571874735735762
10,2018-2019,67,1,1,0.6922981319900586
10,2018-2019,68,1,1,0.6913743441999938
10,2018-2019,69,1,1,0.7076786571933825
10,2018-2019,70,1,1,0.6701757537824902
10,2018-2019,71,1,1,0.6459760834109561
10,2018-2019,72,1,1,0.7180063515797058
10,2018-2019,73,0,1,0.6373939482407801
10,2018-2019,74,1,1,0.7162905978995588
10,2018-2019,75,1,1,0.6825414495302817
10,2018-2019,76,0,1,0.6618306295824999
10,2018-2019,77,0,1,0.6187264162745121
10,2018-2019,78,1,1,0.6756934565506366
10,2018-2019,79,0,1,0.6574014814173399
10,2018-2019,80,1,1,0.7106028728434688
10,2018-2019,81,0,1,0.5952636636126809
10,2018-2019,82,1,1,0.7070673635408651
10,2018-2019,83,1,1,0.7102527390490673
10,2018-2019,84,1,1,0.6442789845856065
10,2018-2019,85,0,1,0.6492453796131765
10,2018-2019,86,0,1,0.6728257165106006
10,2018-2019,87,0,1,0.5255332078213688
10,2018-2019,88,1,1,0.5719816471174242
10,2018-2019,89,0,1,0.5417540036772167
10,2018-2019,90,0,1,0.5818558475218948
10,2018-2019,91,0,1,0.5038710531598111
10,2018-2019,92,1,1,0.7038012362580935
10,2018-2019,93,0,1,0.5634102293581175
10,2018-2019,94,1,0,0.4449267775259532
10,2018-2019,95,1,1,0.6199757571053096
10,2018-2019,96,0,0,0.47914763967513563
10,2018-2019,97,0,1,0.5163644183380571
10,2018-2019,98,0,0,0.48695647506871814
10,2018-2019,99,0,0,0.369033232703999
10,2018-2019,100,0,0,0.4099234982322769
10,2018-2019,101,1,1,0.5792819010658745
10,2018-2019,102,0,0,0.343382996586729
10,2018-2019,103,0,0,0.4768067431172754
10,2018-2019,104,1,1,0.6374974031203414
10,2018-2019,105,0,0,0.4952661294491724
10,2018-2019,106,1,0,0.46642344350609527
10,2018-2019,107,0,1,0.6016552670049061
10,2018-2019,108,0,1,0.5597561968135151
10,2018-2019,109,0,0,0.409181357764884
10,2018-2019,110,0,1,0.559214926591818
10,2018-2019,111,1,0,0.4606766276985278
10,2018-2019,112,1,1,0.6242026752051656
10,2018-2019,113,0,0,0.4482527321096338
10,2018-2019,114,1,0,0.36572150423125055
10,2018-2019,115,1,0,0.4100114305247542
10,2018-2019,116,1,1,0.6465439995717235
10,2018-2019,117,1,1,0.6901844125055382
10,2018-2019,118,0,1,0.5939123022651464
10,2018-2019,119,0,0,0.47294720204650276
10,2018-2019,120,0,1,0.5642640517525421
10,2018-2019,121,1,1,0.5634896853037819
10,2018-2019,122,1,1,0.6497041355464145
10,2018-2019,123,1,1,0.6515073301797667
10,2018-2019,124,1,0,0.433251582558643
10,2018-2019,125,0,0,0.42467913956270686
10,2018-2019,126,1,0,0.49871287609764814
10,2018-2019,127,1,1,0.646441762459411
10,2018-2019,128,1,0,0.46590354991681404
10,2018-2019,129,0,1,0.6975117034158876
10,2018-2019,130,0,0,0.49805568071532447
10,2018-2019,131,0,1,0.5893631866170409
10,2018-2019,132,1,0,0.48896210066342627
10,2018-2019,133,1,1,0.6376950643909034
10,2018-2019,134,1,1,0.5202786513383699
10,2018-2019,135,1,1,0.6997151618552947
10,2018-2019,136,0,0,0.49159328100685407
10,2018-2019,137,1,1,0.5978109278690137
10,2018-2019,138,1,1,0.6045174639486005
10,2018-2019,139,0,0,0.42691513663493047
10,2018-2019,140,1,1,0.6828498474267753
10,2018-2019,141,1,1,0.7291169105270073
10,2018-2019,142,1,1,0.5539969418368068
10,2018-2019,143,0,1,0.6179765613305382
10,2018-2019,144,1,1,0.6512312462273288
10,2018-2019,145,1,1,0.5344424662814081
10,2018-2019,146,1,1,0.6261444502959292
10,2018-2019,147,1,1,0.801997982522987
10,2018-2019,148,1,1,0.5548439801901184
10,2018-2019,149,1,1,0.7565478161486798
10,2018-2019,150,0,1,0.6297010548448041
10,2018-2019,151,0,1,0.6847266940412869
10,2018-2019,152,0,1,0.5353033667726632
10,2018-2019,153,1,1,0.6684400609852925
10,2018-2019,154,0,1,0.5024889891562275
10,2018-2019,155,0,1,0.5038688623170293
10,2018-2019,156,1,1,0.5221140258177266
10,2018-2019,157,0,1,0.7220707568285099
10,2018-2019,158,0,1,0.5996996270384294
10,2018-2019,159,0,1,0.6695369641436545
10,2018-2019,160,1,1,0.6895776876687681
10,2018-2019,161,1,1,0.6529199340432977
10,2018-2019,162,1,1,0.6779613667059297
10,2018-2019,163,0,1,0.6849982888932203
10,2018-2019,164,1,1,0.631264212890042
10,2018-2019,165,1,1,0.7557101056421266
10,2018-2019,166,0,1,0.6567441334412083
10,2018-2019,167,1,1,0.7504203224955757
10,2018-2019,168,1,1,0.6708181507427768
10,2018-2019,169,1,1,0.6491378300440334
10,2018-2019,170,1,1,0.7732489378205095
10,2018-2019,171,0,1,0.7061066047594096
10,2018-2019,172,0,0,0.4923165347930123
10,2018-2019,173,1,0,0.39544354716310315
10,2018-2019,174,0,0,0.42796926890845666
10,2018-2019,175,1,0,0.480660834959421
10,2018-2019,176,1,1,0.6551685395977204
10,2018-2019,177,1,0,0.46019043696344447
10,2018-2019,178,1,1,0.5612453654064298
10,2018-2019,179,1,1,0.6245670966063639
10,2018-2019,180,1,1,0.7215188281822666
10,2018-2019,181,0,1,0.6937095003365782
10,2018-2019,182,1,1,0.6520577703594181
10,2018-2019,183,1,1,0.5780634982807017
10,2018-2019,184,0,1,0.5837841937676652
10,2018-2019,185,0,1,0.5408837132786837
10,2018-2019,186,0,0,0.48910659605606865
10,2018-2019,187,1,1,0.6688617041872137
10,2018-2019,188,1,1,0.5629571600354897
10,2018-2019,189,1,1,0.6984110021923281
10,2018-2019,190,1,1,0.7439869251584851
10,2018-2019,191,1,1,0.6814598413562594
10,2018-2019,192,1,1,0.7480216827963658
10,2018-2019,193,1,1,0.6528328608438915
10,2018-2019,194,1,1,0.7530482563594417
10,2018-2019,195,1,1,0.626012993718797
10,2018-2019,196,0,1,0.6902375855435936
10,2018-2019,197,0,1,0.5117432462391126
10,2018-2019,198,0,1,0.5289991201781529
10,2018-2019,199,1,1,0.7190468022891361
10,2018-2019,200,1,1,0.6832327915331639
10,2018-2019,201,1,1,0.749986749475276
10,2018-2019,202,0,1,0.7479506517289928
10,2018-2019,203,0,0,0.41687055417974883
10,2018-2019,204,1,0,0.4547702105780539
10,2018-2019,205,1,1,0.6261669961069672
10,2018-2019,206,1,1,0.6838694443968305
10,2018-2019,207,1,1,0.6299407670802034
10,2019-2020,11,1,0,0.4469250001108785
10,2019-2020,12,1,0,0.4888039778895508
10,2019-2020,13,0,1,0.5600030203997288
10,2019-2020,14,0,0,0.4688299558865091
10,2019-2020,15,0,0,0.44914657462445784
10,2019-2020,16,0,0,0.40764281497814747
10,2019-2020,17,0,0,0.3542438440401257
10,2019-2020,18,1,0,0.3693804480406239
10,2019-2020,19,0,0,0.4014456212034518
10,2019-2020,20,0,0,0.36659000759448845
10,2019-2020,21,0,0,0.36133056802180197
10,2019-2020,22,1,0,0.3284112979744403
10,2019-2020,23,1,0,0.3992315502108559
10,2019-2020,24,1,0,0.3975868272849947
10,2019-2020,25,0,0,0.4390197691632444
10,2019-2020,26,1,0,0.4372154799248707
10,2019-2020,27,1,0,0.4642181127885958
10,2019-2020,28,0,0,0.40099706369265353
10,2019-2020,29,0,0,0.42517190388951914
10,2019-2020,30,0,0,0.4330693196238571
10,2019-2020,31,0,0,0.42713387178799844
10,2019-2020,32,0,0,0.4118779407056985
10,2019-2020,33,1,0,0.39210895971468224
10,2019-2020,34,0,0,0.35260329690205994
10,2019-2020,35,0,0,0.3646498458091291
10,2019-2020,36,1,0,0.3827266404920903
10,2019-2020,37,1,0,0.4232958714622416
10,2019-2020,38,1,0,0.4241463107771548
10,2019-2020,39,1,0,0.4733756046049057
10,2019-2020,40,0,0,0.39125968338444383
10,2019-2020,41,1,1,0.5028291088173137
10,2019-2020,42,0,0,0.4379971020505633
10,2019-2020,43,0,0,0.37982505616860035
10,2019-2020,44,1,0,0.43550654518134774
10,2019-2020,45,0,1,0.5022450525976153
10,2019-2020,46,0,0,0.44099427690546206
10,2019-2020,47,1,0,0.41703456411259066
10,2019-2020,48,0,0,0.43185245424652174
10,2019-2020,49,1,1,0.5129257779687136
10,2019-2020,50,1,0,0.42546426549403443
10,2019-2020,51,1,0,0.43562968972274346
10,2019-2020,52,0,0,0.4195795600374307
10,2019-2020,53,1,1,0.5196365624136617
10,2019-2020,54,0,0,0.4881076585701559
10,2019-2020,55,0,0,0.3676979785581044
10,2019-2020,56,0,1,0.5412098370563313
10,2019-2020,57,0,0,0.365968448621041
10,2019-2020,58,0,0,0.387868869297378
10,2019-2020,59,0,0,0.35643769754066645
10,2019-2020,60,1,0,0.47155954380927756
10,2019-2020,61,0,0,0.3552883921491093
10,2019-2020,62,1,0,0.45314128935732717
10,2019-2020,63,1,0,0.44414077927174056
10,2019-2020,64,0,0,0.436802172186668
10,2019-2020,65,1,0,0.42900100644826555
10,2019-2020,66,1,0,0.46227300445862246
10,2019-2020,67,0,0,0.31008220152377175
10,2019-2020,68,1,1,0.5420471654713358
10,2019-2020,69,0,1,0.5175341988712914
10,2019-2020,70,0,0,0.4672082215366521
10,2019-2020,71,1,0,0.3960261659105301
10,2019-2020,72,1,0,0.4897039283332046
10,2019-2020,73,1,1,0.5720654300792352
10,2019-2020,74,0,0,0.4743725137011619
10,2019-2020,75,0,1,0.5568522799021125
10,2019-2020,76,1,0,0.4811829535064306
10,2019-2020,77,0,0,0.40107470826801883
10,2019-2020,78,1,0,0.43455897778882335
10,2019-2020,79,0,0,0.4248112514289817
10,2019-2020,80,0,0,0.4927838565878113
10,2019-2020,81,1,0,0.35831292130026826
10,2019-2020,82,1,1,0.5226670393632038
10,2019-2020,83,0,0,0.38281899238438
10,2019-2020,84,0,0,0.4114565375639114
10,2019-2020,85,0,1,0.5485076263697873
10,2019-2020,86,0,0,0.41560900260844325
10,2019-2020,87,1,0,0.4110112913780142
10,2019-2020,88,1,0,0.4498640928384107
10,2019-2020,89,0,0,0.3741010871135703
10,2019-2020,90,1,0,0.35201722498431376
10,2019-2020,91,0,0,0.4233746554807563
10,2019-2020,92,0,0,0.4452701654364425
10,2019-2020,93,1,0,0.4793253096514425
10,2019-2020,94,0,0,0.35996333135845554
10,2019-2020,95,0,0,0.49271516711284086
10,2019-2020,96,1,0,0.46652331713464285
10,2019-2020,97,0,1,0.5351648010182186
10,2019-2020,98,1,0,0.36806046465759307
10,2019-2020,99,1,0,0.3598480980383745
10,2019-2020,100,0,0,0.48616702682796625
10,2019-2020,101,1,0,0.4667922161082524
10,2019-2020,102,0,0,0.45914807581711325
10,2019-2020,103,0,1,0.5722756426426432
10,2019-2020,104,0,0,0.4175786446148625
10,2019-2020,105,0,0,0.36423905463562783
10,2019-2020,106,0,0,0.42736454331951707
10,2019-2020,107,1,0,0.4856236044587989
10,2019-2020,108,1,0,0.4934608448006066
10,2019-2020,109,1,1,0.5484560380962071
10,2019-2020,110,1,1,0.5194680930314791
10,2019-2020,111,1,0,0.4519757797212704
10,2019-2020,112,1,0,0.3896806667849377
10,2019-2020,113,1,1,0.5474716318116
10,2019-2020,114,0,0,0.4852918988926711
10,2019-2020,115,1,1,0.5939760024549059
10,2019-2020,116,1,0,0.48083098037084526
10,2019-2020,117,0,1,0.5669991635770749
10,2019-2020,118,0,0,0.46251372208595837
10,2019-2020,119,1,1,0.5352206965567607
10,2019-2020,120,0,0,0.41895015199038566
10,2019-2020,121,0,0,0.3949947875579956
10,2019-2020,122,1,1,0.5445725885361552
10,2019-2020,123,1,0,0.48064892640839757
10,2019-2020,124,0,0,0.46618539783936674
10,2019-2020,125,1,1,0.5754632328568713
10,2019-2020,126,1,1,0.5874816282363723
10,2019-2020,127,0,0,0.45912346038101337
10,2019-2020,128,1,0,0.4643604323522354
10,2019-2020,129,0,1,0.534131667690104
10,2019-2020,130,1,1,0.5554732978077109
10,2019-2020,131,1,1,0.5207649936959111
10,2019-2020,132,0,1,0.5117081385765335
10,2019-2020,133,1,0,0.4574581971055935
10,2019-2020,134,1,0,0.4416832631009569
10,2019-2020,135,0,1,0.5342633983730087
10,2019-2020,136,0,1,0.5356253006642372
10,2019-2020,137,1,1,0.5131548124062214
10,2019-2020,138,0,1,0.5255738508854163
10,2019-2020,139,1,1,0.5505596384049513
10,2019-2020,140,1,1,0.5444917946877116
10,2019-2020,141,1,1,0.5467537678541275
10,2019-2020,142,1,1,0.6498612002723914
10,2019-2020,143,0,0,0.43487726125507314
10,2019-2020,144,1,1,0.5431936941010809
10,2019-2020,145,1,1,0.5209936402994445
10,2019-2020,146,1,1,0.5739868010573898
10,2019-2020,147,0,0,0.48882517972834477
10,2019-2020,148,0,0,0.4602382978055205
10,2019-2020,149,1,1,0.5739141509187687
10,2019-2020,150,1,1,0.6594938961972783
10,2019-2020,151,0,0,0.3835098125709969
10,2019-2020,152,0,0,0.49909677987963574
10,2019-2020,153,0,1,0.5228336198638441
10,2019-2020,154,0,0,0.45517175682412064
10,2019-2020,155,0,0,0.42670743612922457
10,2019-2020,156,1,1,0.527379694971046
10,2019-2020,157,1,1,0.5534352544700081
10,2019-2020,158,0,1,0.5824611277199624
10,2019-2020,159,1,1,0.5185356390219229
10,2019-2020,160,0,0,0.4127528467957695
10,2019-2020,161,0,0,0.49282985216949865
10,2019-2020,162,0,0,0.337708313614241
10,2019-2020,163,0,0,0.40746371568833945
10,2019-2020,164,0,1,0.5301801408335649
10,2019-2020,165,1,1,0.5061043710595835
10,2019-2020,166,1,0,0.3484798276192852
10,2019-2020,167,1,1,0.5109902572419064
10,2019-2020,168,1,1,0.5104836583449649
10,2019-2020,169,1,0,0.47871882482457373
10,2019-2020,170,1,1,0.6393590381220153
10,2019-2020,171,0,1,0.5857451049394645
10,2019-2020,172,1,1,0.5881568911169723
10,2019-2020,173,1,1,0.569715209270493
10,2019-2020,174,1,1,0.6182411016683821
10,2019-2020,175,0,1,0.5847542895172378
10,2019-2020,176,1,1,0.6564074282023266
10,2019-2020,177,1,1,0.6830820342034807
10,2019-2020,178,0,1,0.5026102023984024
10,2019-2020,179,1,1,0.6474753427220383
10,2019-2020,180,0,1,0.5870848358268559
10,2019-2020,181,0,0,0.4561199877210213
10,2019-2020,182,1,1,0.6418796808894126
10,2019-2020,183,1,1,0.5709751588819432
10,2019-2020,184,1,0,0.40918968060936695
10,2019-2020,185,1,1,0.6871205811282963
10,2019-2020,186,0,1,0.5632580355491451
10,2019-2020,187,1,1,0.6432640615325295
10,2019-2020,188,1,1,0.5616785687487245
10,2019-2020,189,0,0,0.4512218025195111
10,2019-2020,190,1,1,0.669871871477083
10,2019-2020,191,1,1,0.5823415076617147
10,2019-2020,192,0,1,0.5931153385065097
10,2019-2020,193,1,1,0.6136948680851376
10,2019-2020,194,1,1,0.7321975116722461
10,2019-2020,195,0,1,0.6192872390556086
10,2019-2020,196,1,1,0.5867814159768135
10,2020-2021,11,0,1,0.630874021653143
10,2020-2021,12,1,1,0.588259888387697
10,2020-2021,13,1,1,0.6141590333531052
10,2020-2021,14,0,1,0.640408305958039
10,2020-2021,15,0,1,0.563576426587299
10,2020-2021,16,1,1,0.5693870556009493
10,2020-2021,17,1,1,0.602031222398515
10,2020-2021,18,1,1,0.6586415620252916
10,2020-2021,19,1,1,0.6956399503686713
10,2020-2021,20,0,1,0.6884147205899166
10,2020-2021,21,1,1,0.6186949213960843
10,2020-2021,22,1,1,0.6192580909877897
10,2020-2021,23,0,1,0.6117896362152837
10,2020-2021,24,1,1,0.6664074493302539
10,2020-2021,25,0,1,0.6229978882687562
10,2020-2021,26,1,1,0.6208515448000816
10,2020-2021,27,1,1,0.6380643898604411
10,2020-2021,28,0,1,0.6617523573391453
10,2020-2021,29,0,1,0.6081788780306242
10,2020-2021,30,1,1,0.5878605360845215
10,2020-2021,31,1,1,0.6876837656858408
10,2020-2021,32,0,1,0.5698842577284962
10,2020-2021,33,0,1,0.5203689917175746
10,2020-2021,34,1,1,0.6642718622946456
10,2020-2021,35,0,0,0.4998484852784473
10,2020-2021,36,1,1,0.5771582882951912
10,2020-2021,37,1,1,0.6011217303370137
10,2020-2021,38,0,1,0.6023468317174462
10,2020-2021,39,1,1,0.5908007865416339
10,2020-2021,40,0,0,0.44167066564957314
10,2020-2021,41,1,1,0.5822401825850382
10,2020-2021,42,1,1,0.5957907272454426
10,2020-2021,43,1,1,0.6029982890456584
10,2020-2021,44,1,1,0.6863015778167878
10,2020-2021,45,0,1,0.5409831634277638
10,2020-2021,46,1,1,0.5902796568003874
10,2020-2021,47,1,1,0.7043601438200329
10,2020-2021,48,1,1,0.6502547064652647
10,2020-2021,49,1,1,0.6497548682985178
10,2020-2021,50,1,1,0.6749469870291801
10,2020-2021,51,1,1,0.5590929221112723
10,2020-2021,52,1,1,0.7455401074194269
10,2020-2021,53,1,1,0.6516601254651314
10,2020-2021,54,1,1,0.7216216243031565
10,2020-2021,55,0,1,0.534027147637889
10,2020-2021,56,0,1,0.6980202563551782
10,2020-2021,57,1,1,0.7263198053238693
10,2020-2021,58,0,1,0.7592927939720996
10,2020-2021,59,1,1,0.6734411537677351
10,2020-2021,60,0,0,0.42924725574629174
10,2020-2021,61,0,1,0.6161648776876593
10,2020-2021,62,1,1,0.7449599909042078
10,2020-2021,63,0,1,0.5795455203462271
10,2020-2021,64,1,1,0.7661821395204409
10,2020-2021,65,0,1,0.595633381019667
10,2020-2021,66,1,1,0.6998051064791051
10,2020-2021,67,0,1,0.5042290977712991
10,2020-2021,68,1,1,0.5831036924754643
10,2020-2021,69,1,0,0.4980579525290188
10,2020-2021,70,1,1,0.702802287356411
10,2020-2021,71,0,1,0.705909010942514
10,2020-2021,72,0,0,0.46855821873145054
10,2020-2021,73,0,1,0.5976936116754994
10,2020-2021,74,0,0,0.4732871074584051
10,2020-2021,75,1,1,0.6928843315704404
10,2020-2021,76,1,1,0.7349668498064742
10,2020-2021,77,1,1,0.6774047321625664
10,2020-2021,78,1,1,0.5618305358512153
10,2020-2021,79,1,1,0.7762345109065797
10,2020-2021,80,0,1,0.7492468533329354
10,2020-2021,81,1,1,0.6222315742221067
10,2020-2021,82,1,0,0.4769978003199833
10,2020-2021,83,1,1,0.7080114469783978
10,2020-2021,84,1,1,0.6279317154533904
10,2020-2021,85,1,1,0.6251052706408274
10,2020-2021,86,1,1,0.7006625978767279
10,2020-2021,87,1,1,0.5120646010160248
10,2020-2021,88,0,1,0.7088042748524674
10,2020-2021,89,1,1,0.7660412721161318
10,2020-2021,90,0,1,0.6911581388274427
10,2020-2021,91,1,1,0.6700589106617877
10,2020-2021,92,0,1,0.6360173396642969
10,2020-2021,93,1,1,0.6850959587407875
10,2020-2021,94,1,1,0.6162715584065105
10,2020-2021,95,1,1,0.7055970824659678
10,2020-2021,96,1,1,0.6870416987775431
10,2020-2021,97,1,1,0.6383102269810329
10,2020-2021,98,1,1,0.7664699178895289
10,2020-2021,99,0,1,0.7434284379246063
10,2020-2021,100,0,1,0.7363121252904781
10,2020-2021,101,0,1,0.6137022487817695
10,2020-2021,102,1,1,0.6825412641947038
10,2020-2021,103,1,1,0.704258064641865
10,2020-2021,104,0,1,0.5050163170009537
10,2020-2021,105,0,1,0.5945438570226509
10,2020-2021,106,1,1,0.6792887767712394
10,2020-2021,107,0,1,0.5440680098451638
10,2020-2021,108,0,1,0.6339188454784702
10,2020-2021,109,1,1,0.7384315919132313
10,2020-2021,110,0,1,0.7385146371468273
10,2020-2021,111,1,1,0.6346556802833275
10,2020-2021,112,1,1,0.5974497781754419
10,2020-2021,113,0,1,0.6815744938933278
10,2020-2021,114,0,0,0.4869495926513595
10,2020-2021,115,1,1,0.6827140306915517
10,2020-2021,116,0,0,0.4958201228401586
10,2020-2021,117,1,0,0.4985398118266156
10,2020-2021,118,1,1,0.7225896294578896
10,2020-2021,119,0,1,0.6692210562536407
10,2020-2021,120,1,1,0.5589225028801126
10,2020-2021,121,0,0,0.4699558231581028
10,2020-2021,122,0,1,0.5707009362994344
10,2020-2021,123,1,1,0.571388772664862
10,2020-2021,124,1,1,0.5343993099072462
10,2020-2021,125,0,1,0.5989852709432801
10,2020-2021,126,1,1,0.6798318706232812
10,2020-2021,127,1,1,0.5379793604400787
10,2020-2021,128,0,1,0.5134376109231388
10,2020-2021,129,0,1,0.6301988861465746
10,2020-2021,130,0,1,0.6450806902344963
10,2020-2021,131,0,1,0.5930122577869116
10,2020-2021,132,1,1,0.6043091994495275
10,2020-2021,133,0,1,0.5113858819721803
10,2020-2021,134,1,1,0.544135953059381
10,2020-2021,135,1,1,0.5847530281944096
10,2020-2021,136,0,1,0.5680715548593189
10,2020-2021,137,1,1,0.6053150885349771
10,2020-2021,138,1,1,0.694689470700623
10,2020-2021,139,1,1,0.6311249058664697
10,2020-2021,140,0,1,0.621262962083607
10,2020-2021,141,0,1,0.5944855648753905
10,2020-2021,142,1,0,0.4839295526636881
10,2020-2021,143,1,1,0.5344208452044702
10,2020-2021,144,1,1,0.7027768861033455
10,2020-2021,145,1,0,0.4865500227076227
10,2020-2021,146,0,1,0.6295531520117186
10,2020-2021,147,0,1,0.5455202999728632
10,2020-2021,148,0,0,0.4670416657309786
10,2020-2021,149,1,1,0.6571649367131408
10,2020-2021,150,1,1,0.5602258876314116
10,2020-2021,151,0,1,0.5606550944130322
10,2020-2021,152,1,1,0.5715030506986214
10,2020-2021,153,0,0,0.43672928698873076
10,2020-2021,154,0,0,0.4604211613508985
10,2020-2021,155,1,1,0.5288253318734455
10,2020-2021,156,0,1,0.6048499612554108
10,2020-2021,157,0,1,0.519830063856269
10,2020-2021,158,1,1,0.5763444400885483
10,2020-2021,159,0,1,0.6062412636410588
10,2020-2021,160,0,0,0.4281716209231378
10,2020-2021,161,0,0,0.47449436451992005
10,2020-2021,162,0,0,0.4991333680803348
10,2020-2021,163,1,1,0.5640434744039463
10,2020-2021,164,0,1,0.6336812273091113
10,2020-2021,165,1,1,0.5668186125087514
10,2020-2021,166,0,0,0.497962727081817
10,2020-2021,167,1,1,0.5692794917367143
10,2020-2021,168,0,0,0.48882798518683435
10,2020-2021,169,1,1,0.5176624358844903
10,2020-2021,170,1,1,0.613356303997147
10,2020-2021,171,1,0,0.49670895529884546
10,2020-2021,172,0,1,0.5099300287070971
10,2020-2021,173,0,1,0.6894447838217981
10,2020-2021,174,1,0,0.43868963466208
10,2020-2021,175,1,1,0.6145147003223477
10,2020-2021,176,0,0,0.4542803635291132
10,2020-2021,177,0,1,0.5319350474116143
10,2020-2021,178,0,0,0.39756973390171013
10,2020-2021,179,1,1,0.6573520551001797
10,2020-2021,180,0,1,0.5122230227205901
10,2020-2021,181,0,1,0.5236676328150758
10,2020-2021,182,1,1,0.6423957511876196
10,2020-2021,183,1,1,0.5558197559448943
10,2020-2021,184,1,1,0.5994493228031723
10,2020-2021,185,1,1,0.5540412199974052
10,2020-2021,186,1,1,0.6529896351511225
10,2020-2021,187,0,0,0.41869418071660375
10,2020-2021,188,1,1,0.6867366220051052
10,2020-2021,189,0,0,0.4348644876256306
10,2020-2021,190,1,1,0.602494641530567
10,2020-2021,191,1,1,0.6522000745969668
10,2020-2021,192,1,1,0.7593890480490271
10,2020-2021,193,0,0,0.31568611804738983
10,2020-2021,194,0,0,0.41741020923216315
10,2020-2021,195,0,0,0.35762913600895485
10,2020-2021,196,1,1,0.583054458613384
10,2020-2021,197,1,1,0.6389967568765548
10,2020-2021,198,1,1,0.7051037209157018
10,2020-2021,199,0,0,0.37549984117644447
10,2020-2021,200,1,1,0.6165826076247095
10,2020-2021,201,0,0,0.4909933829996877
10,2020-2021,202,1,0,0.3745565140014051
10,2020-2021,203,1,1,0.6318900933326221
10,2020-2021,204,1,0,0.4643124494695003
10,2020-2021,205,0,1,0.5591028827392416
10,2020-2021,206,1,1,0.7015782285461711
10,2020-2021,207,1,0,0.44754888748961114
10,2020-2021,208,1,1,0.7283797313194407
10,2020-2021,209,1,1,0.6712123891866973
10,2020-2021,210,1,1,0.6846142671348129
10,2020-2021,211,0,0,0.33327977517515195
10,2020-2021,212,1,1,0.616202684969646
10,2020-2021,213,0,0,0.31305091141632646
10,2020-2021,214,1,0,0.4279723931113597
10,2020-2021,215,0,1,0.6503020701896542
10,2020-2021,216,1,1,0.7928223230962825
10,2020-2021,217,0,0,0.40042563059455794
10,2020-2021,218,1,1,0.685814836837725
10,2020-2021,219,0,1,0.5674224040691029
10,2020-2021,220,0,0,0.3739614600410773
10,2020-2021,221,0,1,0.6783410577377785
10,2020-2021,222,1,1,0.5706173604021199
10,2020-2021,223,0,1,0.6075288755385673
10,2020-2021,224,0,1,0.647971167329691
10,2020-2021,225,0,0,0.4118693503502212
10,2020-2021,226,1,0,0.428671448156329
10,2020-2021,227,1,1,0.7022976277818375
10,2020-2021,228,0,0,0.4546287920919727
10,2020-2021,229,0,0,0.3442425013243244
10,2020-2021,230,0,0,0.4809164679303946
10,2020-2021,231,0,0,0.44399892664787827
10,2020-2021,232,0,0,0.3444842096374041
10,2020-2021,233,1,1,0.6220326847747816
10,2020-2021,234,0,1,0.5716605111772297
10,2020-2021,235,1,1,0.6711523823496817
10,2020-2021,236,1,1,0.6979240277247736
10,2020-2021,237,1,0,0.4947905698750687
10,2020-2021,238,0,0,0.2725251447569045
10,2020-2021,239,0,0,0.48660998695047936
10,2020-2021,240,0,0,0.36681310684227225
10,2020-2021,241,0,1,0.6341156455675958
10,2020-2021,242,0,0,0.4440672676789154
10,2020-2021,243,1,1,0.6788151571670964
10,2020-2021,244,1,1,0.5762277558711812
10,2020-2021,245,0,0,0.3402984994892934
10,2020-2021,246,1,0,0.39788887199391976
10,2020-2021,247,1,0,0.3498328947273221
10,2020-2021,248,0,0,0.27925455457975523
10,2020-2021,249,1,1,0.6721248807748574
10,2020-2021,250,1,1,0.6937271358893118
10,2020-2021,251,0,0,0.2941177401544592
10,2020-2021,252,0,0,0.2841660295647106
10,2020-2021,253,1,1,0.7044696872012095
10,2020-2021,254,1,0,0.4840971341219548
10,2020-2021,255,0,0,0.4922384402889617
10,2021-2022,11,0,1,0.7244623100661216
10,2021-2022,12,1,1,0.690786065019551
10,2021-2022,13,1,1,0.6934043735552647
10,2021-2022,14,0,1,0.6995913506454482
10,2021-2022,15,0,1,0.5975450135504063
10,2021-2022,16,0,1,0.6340624671146694
10,2021-2022,17,1,1,0.6116169006729956
10,2021-2022,18,1,1,0.6507050588013437
10,2021-2022,19,1,1,0.7030936040577688
10,2021-2022,20,0,1,0.5750819983290157
10,2021-2022,21,0,1,0.5014474917369917
10,2021-2022,22,1,1,0.5914737474274249
10,2021-2022,23,0,1,0.5165597456954238
10,2021-2022,24,0,0,0.49069788431801603
10,2021-2022,25,1,0,0.44977917315624005
10,2021-2022,26,1,1,0.5988429622491644
10,2021-2022,27,0,1,0.6383711118467837
10,2021-2022,28,1,0,0.4921917664037401
10,2021-2022,29,1,1,0.512510845417319
10,2021-2022,30,0,1,0.5124379478414745
10,2021-2022,31,0,0,0.44888363863124786
10,2021-2022,32,1,1,0.5467416344448924
10,2021-2022,33,1,1,0.6040446486428692
10,2021-2022,34,1,1,0.603562350666932
10,2021-2022,35,0,1,0.5597863907030126
10,2021-2022,36,0,0,0.4878923042618287
10,2021-2022,37,0,1,0.5106323114399369
10,2021-2022,38,1,1,0.5916240797297629
10,2021-2022,39,1,0,0.4902053046601007
10,2021-2022,40,1,1,0.5747104503578346
10,2021-2022,41,1,1,0.5385583965229009
10,2021-2022,42,1,1,0.6588521898798009
10,2021-2022,43,1,1,0.7764221701403647
10,2021-2022,44,0,1,0.6186173477356621
10,2021-2022,45,1,1,0.6262838441568231
10,2021-2022,46,1,1,0.6035508627477316
10,2021-2022,47,0,1,0.6357466741148295
10,2021-2022,48,1,1,0.6400496461563513
10,2021-2022,49,0,1,0.6449046876417754
10,2021-2022,50,1,1,0.7576658485081048
10,2021-2022,51,0,1,0.6132782053474121
10,2021-2022,52,0,1,0.5848554517417043
10,2021-2022,53,1,1,0.5072451511938355
10,2021-2022,54,1,1,0.5810520359369689
10,2021-2022,55,0,1,0.6082054465746057
10,2021-2022,56,1,1,0.5472016654887039
10,2021-2022,57,1,1,0.6585323380819054
10,2021-2022,58,0,1,0.6097621172268867
10,2021-2022,59,1,1,0.6763626134026575
10,2021-2022,60,1,1,0.5206099216317273
10,2021-2022,61,0,1,0.5734019261251571
10,2021-2022,62,0,1,0.6325629480760825
10,2021-2022,63,1,1,0.608927991756595
10,2021-2022,64,0,1,0.5128475988746748
10,2021-2022,65,0,1,0.5805351005376035
10,2021-2022,66,1,1,0.6567715805044415
10,2021-2022,67,0,1,0.6149915104643201
10,2021-2022,68,1,1,0.6532512029523617
10,2021-2022,69,0,1,0.502958290758193
10,2021-2022,70,0,1,0.5885458719748932
10,2021-2022,71,0,1,0.5141774923834083
10,2021-2022,72,1,1,0.7020431393595833
10,2021-2022,73,1,1,0.5463511859673276
10,2021-2022,74,0,0,0.4536707969564222
10,2021-2022,75,1,1,0.639021338378262
10,2021-2022,76,1,1,0.5910608491342823
10,2021-2022,77,1,1,0.5688378468594997
10,2021-2022,78,0,1,0.5972085882129489
10,2021-2022,79,0,1,0.5230432977527832
10,2021-2022,80,1,1,0.579075601400569
10,2021-2022,81,1,1,0.5832676249079766
10,2021-2022,82,1,0,0.48944302332585593
10,2021-2022,83,1,1,0.67022320217312
10,2021-2022,84,1,1,0.6828378187130495
10,2021-2022,85,1,1,0.559562768462713
10,2021-2022,86,0,0,0.4741459432335839
10,2021-2022,87,1,0,0.4768901367602783
10,2021-2022,88,1,1,0.7392845547377224
10,2021-2022,89,1,1,0.6382911238159704
10,2021-2022,90,1,1,0.7464581782877563
10,2021-2022,91,1,1,0.635028910239347
10,2021-2022,92,0,1,0.641892080808082
10,2021-2022,93,1,1,0.7324024996130697
10,2021-2022,94,1,1,0.7181431137953067
10,2021-2022,95,1,1,0.7928524598304495
10,2021-2022,96,0,1,0.6771060135179356
10,2021-2022,97,0,1,0.5380852268455005
10,2021-2022,98,1,1,0.5744923202333995
10,2021-2022,99,1,1,0.7509701793815253
10,2021-2022,100,1,1,0.7304829148041402
10,2021-2022,101,1,1,0.6837133442840092
10,2021-2022,102,0,1,0.5375268555483772
10,2021-2022,103,0,1,0.712016734499312
10,2021-2022,104,0,1,0.5210532060884414
10,2021-2022,105,1,1,0.6727918874101526
10,2021-2022,106,0,0,0.4369335821766396
10,2021-2022,107,0,1,0.7412592126342277
10,2021-2022,108,1,1,0.6353041026342247
10,2021-2022,109,1,1,0.638266871972869
10,2021-2022,110,1,1,0.701682176764291
10,2021-2022,111,0,0,0.4810886786016569
10,2021-2022,112,0,1,0.6042208085258529
10,2021-2022,113,1,1,0.7056056079322084
10,2021-2022,114,1,1,0.6113215908034837
10,2021-2022,115,1,0,0.4913295185548045
10,2021-2022,116,1,1,0.5007020988454274
10,2021-2022,117,0,1,0.6638193691407392
10,2021-2022,118,1,1,0.75131960133213
10,2021-2022,119,1,1,0.6912908085620608
10,2021-2022,120,1,0,0.41849685530972874
10,2021-2022,121,0,1,0.6280867747993145
10,2021-2022,122,1,1,0.6223812891320977
10,2021-2022,123,1,1,0.6156153743722196
10,2021-2022,124,1,1,0.7820151167953505
10,2021-2022,125,1,1,0.6550667697244381
10,2021-2022,126,0,0,0.42049335701287155
10,2021-2022,127,1,1,0.5258006038379093
10,2021-2022,128,1,1,0.7553076199536134
10,2021-2022,129,0,1,0.6866251972218138
10,2021-2022,130,1,1,0.6412733139773927
10,2021-2022,131,1,1,0.7651581153998582
10,2021-2022,132,0,1,0.6514361073801621
10,2021-2022,133,1,1,0.7743972553224834
10,2021-2022,134,1,1,0.5099162729855784
10,2021-2022,135,1,1,0.5791709249394839
10,2021-2022,136,0,1,0.7008412182875213
10,2021-2022,137,1,1,0.7592429147163389
10,2021-2022,138,1,1,0.7715594258360169
10,2021-2022,139,1,1,0.6578821442554139
10,2021-2022,140,1,1,0.6408547379621872
10,2021-2022,141,1,1,0.749101026360009
10,2021-2022,142,1,1,0.6667302686086466
10,2021-2022,143,0,0,0.4941876394856087
10,2021-2022,144,0,1,0.5378301140773329
10,2021-2022,145,1,1,0.6784685270554437
10,2021-2022,146,1,1,0.6585639921683524
10,2021-2022,147,1,1,0.7267154366974145
10,2021-2022,148,0,0,0.48433523527670697
10,2021-2022,149,1,1,0.7752781293642103
10,2021-2022,150,1,1,0.523175572681493
10,2021-2022,151,0,0,0.47956459807344565
10,2021-2022,152,1,1,0.8206718339120413
10,2021-2022,153,0,1,0.5856231349187293
10,2021-2022,154,0,0,0.4485058567356712
10,2021-2022,155,1,1,0.7316699167552041
10,2021-2022,156,1,1,0.5569342852812534
10,2021-2022,157,1,1,0.6896518519037682
10,2021-2022,158,1,1,0.6908473023021646
10,2021-2022,159,1,1,0.7133482274533468
10,2021-2022,160,0,1,0.6496281463550982
10,2021-2022,161,0,1,0.690496052609463
10,2021-2022,162,1,1,0.7988603277156667
10,2021-2022,163,1,1,0.704227671626353
10,2021-2022,164,1,1,0.8421677872281808
10,2021-2022,165,1,1,0.5367621656543274
10,2021-2022,166,1,1,0.8509083026687608
10,2021-2022,167,1,1,0.8239401271138601
10,2021-2022,168,0,1,0.6299236243918632
10,2021-2022,169,1,1,0.6007500347950158
10,2021-2022,170,1,1,0.7394320479005764
10,2021-2022,171,1,1,0.6058998697631024
10,2021-2022,172,1,1,0.6388367023923981
10,2021-2022,173,1,1,0.7189772766373621
10,2021-2022,174,0,1,0.6992509331434751
10,2021-2022,175,0,1,0.5640332701545725
10,2021-2022,176,1,1,0.6423637634316008
10,2021-2022,177,0,1,0.6785700405382166
10,2021-2022,178,1,1,0.6744998501420473
10,2021-2022,179,1,1,0.7034344867351722
10,2021-2022,180,0,1,0.6078124091479988
10,2021-2022,181,0,1,0.7158461876712031
10,2021-2022,182,1,1,0.7723449654540981
10,2021-2022,183,1,1,0.8540475303604247
10,2021-2022,184,1,1,0.8609131077214434
10,2021-2022,185,0,1,0.677079987363171
10,2021-2022,186,1,1,0.7817471052950584
10,2021-2022,187,0,1,0.6186433379032197
10,2021-2022,188,1,1,0.7915521416906346
10,2021-2022,189,1,1,0.8347069258083938
10,2021-2022,190,1,1,0.6323299784837842
10,2021-2022,191,1,1,0.7892954188654614
10,2021-2022,192,0,0,0.47909807249487185
10,2021-2022,193,0,1,0.6558372744529463
10,2021-2022,194,1,1,0.6049086439801921
10,2021-2022,195,0,0,0.4544851640008269
10,2021-2022,196,1,1,0.854067197678031
10,2021-2022,197,0,1,0.5680436568888578
10,2021-2022,198,1,1,0.854640013124371
10,2021-2022,199,1,1,0.6845501255210917
10,2021-2022,200,0,0,0.3889979038409663
10,2021-2022,201,1,1,0.8494340934252346
10,2021-2022,202,1,1,0.6673132978315355
10,2021-2022,203,1,1,0.7790023753846438
10,2021-2022,204,0,1,0.5403734041307842
10,2021-2022,205,1,1,0.5536832473373355
10,2021-2022,206,0,1,0.5147166542942774
10,2021-2022,207,0,1,0.6890443564166123
10,2021-2022,208,0,0,0.42056552609644743
10,2021-2022,209,0,1,0.505255048719862
10,2021-2022,210,1,0,0.3453395999260554
10,2021-2022,211,0,0,0.418994307689651
10,2021-2022,212,1,1,0.8745276090269093
10,2021-2022,213,1,1,0.858540641991108
10,2021-2022,214,0,0,0.46361747089447
10,2021-2022,215,1,1,0.8623895627269653
10,2021-2022,216,1,1,0.7583519393614709
10,2021-2022,217,1,1,0.5843080872883566
10,2021-2022,218,0,1,0.6598268230734027
10,2021-2022,219,1,1,0.6125986377176876
10,2021-2022,220,1,1,0.8586536954480938
10,2021-2022,221,0,0,0.34078694787036523
10,2021-2022,222,0,1,0.578260816540547
10,2021-2022,223,0,0,0.4279362605049834
10,2021-2022,224,1,1,0.6489965124179075
10,2021-2022,225,1,0,0.3535592020122568
10,2021-2022,226,0,0,0.4631850268752133
10,2021-2022,227,1,1,0.5855246359694133
10,2021-2022,228,0,1,0.6312398577884951
10,2021-2022,229,1,1,0.7556822237865493
10,2021-2022,230,1,1,0.6741253967549452
10,2021-2022,231,0,1,0.5361188199626684
10,2021-2022,232,1,1,0.7211995593619553
10,2021-2022,233,1,1,0.6182186344242747
10,2021-2022,234,0,1,0.6646840599388258
10,2021-2022,235,0,1,0.5370868660394058
10,2021-2022,236,1,1,0.837270717776666
10,2021-2022,237,1,1,0.6021503321310523
10,2021-2022,238,1,1,0.6527724780256673
10,2021-2022,239,1,1,0.7564253856910557
10,2021-2022,240,1,1,0.6265389679783019
10,2021-2022,241,1,1,0.8674202064818308
10,2021-2022,242,0,1,0.7198387498242317
10,2021-2022,243,0,0,0.4486256012254738
10,2021-2022,244,1,1,0.5256567930824364
10,2021-2022,245,0,1,0.6474740629248085
10,2021-2022,246,1,1,0.6969009713803548
10,2021-2022,247,0,1,0.5633347176015402
10,2021-2022,248,0,1,0.6539530499323014
10,2021-2022,249,1,1,0.8447862112997395
10,2021-2022,250,0,1,0.5575384829337865
10,2021-2022,251,0,1,0.7105273222106272
10,2021-2022,252,0,1,0.5349689799683601
10,2021-2022,253,1,0,0.43030397236046325
10,2021-2022,254,0,1,0.5484743273165527
10,2021-2022,255,1,1,0.5660602372877443
10,2021-2022,256,1,0,0.48625787306396573
10,2021-2022,257,0,1,0.7126065426475919
10,2021-2022,258,0,0,0.4668609625239544
10,2021-2022,259,1,0,0.472004711783332
10,2021-2022,260,1,1,0.7643515213017696
10,2021-2022,261,0,1,0.522074129677036
10,2021-2022,262,1,0,0.4527124730324046
10,2021-2022,263,1,1,0.5724253406617925
10,2021-2022,264,0,1,0.5012623330683161
10,2021-2022,265,1,1,0.698791952375922
10,2021-2022,266,1,1,0.7906363064789488
10,2021-2022,267,1,1,0.7198213493191481
10,2021-2022,268,1,1,0.66423007888759
10,2021-2022,269,1,1,0.8227560215728603
10,2021-2022,270,1,1,0.728524151063028
10,2021-2022,271,1,1,0.7913308573990672
10,2021-2022,272,1,1,0.8007805081218844
10,2021-2022,273,1,1,0.8217788554216237
10,2021-2022,274,1,1,0.8657019850421982
10,2021-2022,275,0,1,0.5926848324629794
10,2021-2022,276,1,1,0.5897121330417523
10,2021-2022,277,0,1,0.5956412694334022
10,2021-2022,278,0,1,0.6352158433126287
10,2021-2022,279,0,0,0.4981167832817019
10,2021-2022,280,0,1,0.6107916635358209
10,2021-2022,281,0,1,0.5794702471634291
10,2021-2022,282,0,0,0.4656544167831351
10,2021-2022,283,1,1,0.6915550676730563
10,2021-2022,284,1,1,0.680822170668941
10,2021-2022,285,1,1,0.8291411062994514
10,2021-2022,286,1,1,0.6826045142883375
10,2021-2022,287,0,1,0.5266220544235112
10,2021-2022,288,0,1,0.69367799668828
10,2021-2022,289,0,0,0.39211411209656677
10,2021-2022,290,1,1,0.629542997475821
10,2021-2022,291,1,1,0.5456849831426177
10,2021-2022,292,0,1,0.7035694613989124
10,2021-2022,293,1,1,0.5867943260655573
10,2022-2023,11,0,0,0.2470496141749744
10,2022-2023,12,1,0,0.25042379107260987
10,2022-2023,13,1,0,0.3431617983652323
10,2022-2023,14,0,0,0.4094256462423254
10,2022-2023,15,1,0,0.34988567130842463
10,2022-2023,16,1,0,0.4377623026508138
10,2022-2023,17,1,1,0.5079974818064932
10,2022-2023,18,1,1,0.5254400843227998
10,2022-2023,19,0,1,0.534007508040347
10,2022-2023,20,1,0,0.4705426033803914
10,2022-2023,21,0,1,0.5478873642653612
10,2022-2023,22,1,1,0.5229414743736532
10,2022-2023,23,0,1,0.538116658981401
10,2022-2023,24,1,0,0.41294300929760736
10,2022-2023,25,1,0,0.49224743221201317
10,2022-2023,26,0,1,0.5386777748856336
10,2022-2023,27,0,0,0.48546626140098464
10,2022-2023,28,0,0,0.4557318937290686
10,2022-2023,29,1,0,0.4665117918444578
10,2022-2023,30,1,0,0.4964400263342998
10,2022-2023,31,1,0,0.47004602857324274
10,2022-2023,32,0,1,0.5467294659443508
10,2022-2023,33,1,1,0.5276294730950255
10,2022-2023,34,1,1,0.5216090440834776
10,2022-2023,35,1,1,0.5447519257697438
10,2022-2023,36,0,1,0.519796408532327
10,2022-2023,37,0,1,0.5783680179019243
10,2022-2023,38,0,1,0.5088601109860001
10,2022-2023,39,1,1,0.5152838892562495
10,2022-2023,40,1,1,0.5414372865568284
10,2022-2023,41,1,1,0.5725089289607495
10,2022-2023,42,0,1,0.5618966369197499
10,2022-2023,43,1,1,0.5964914195773742
10,2022-2023,44,0,1,0.5231350986657851
10,2022-2023,45,1,1,0.6015018952447878
10,2022-2023,46,1,1,0.5929950844294051
10,2022-2023,47,1,1,0.5445470787052965
10,2022-2023,48,0,1,0.5119360456530346
10,2022-2023,49,1,1,0.6503355136813704
10,2022-2023,50,1,1,0.5990864460817967
10,2022-2023,51,1,1,0.6588808614011314
10,2022-2023,52,1,1,0.6720065115743349
10,2022-2023,53,0,1,0.5669824356178451
10,2022-2023,54,1,1,0.6087995652144567
10,2022-2023,55,1,1,0.6651386669747095
10,2022-2023,56,0,1,0.6238299438818812
10,2022-2023,57,0,0,0.4660797207519916
10,2022-2023,58,0,1,0.6342114725036656
10,2022-2023,59,1,1,0.6449141113811866
10,2022-2023,60,0,0,0.4874863283128874
10,2022-2023,61,1,1,0.585297935593506
10,2022-2023,62,0,0,0.49457804298797986
10,2022-2023,63,0,1,0.6119082058254801
10,2022-2023,64,0,1,0.6107966779569982
10,2022-2023,65,1,1,0.6456914864450576
10,2022-2023,66,1,1,0.6002037697613877
10,2022-2023,67,1,0,0.42939588388615757
10,2022-2023,68,1,1,0.6407748505709256
10,2022-2023,69,1,1,0.611380917192963
10,2022-2023,70,0,1,0.5788236144810011
10,2022-2023,71,1,1,0.681979314232352
10,2022-2023,72,1,0,0.49427950186882996
10,2022-2023,73,0,1,0.6536196064748571
10,2022-2023,74,1,1,0.6765340962297638
10,2022-2023,75,1,1,0.593038592885633
10,2022-2023,76,0,1,0.546650313136149
10,2022-2023,77,0,1,0.5889919864014882
10,2022-2023,78,0,1,0.6458483294936148
10,2022-2023,79,1,1,0.6800944183442924
10,2022-2023,80,0,0,0.45225187143689294
10,2022-2023,81,0,1,0.5750851316868496
10,2022-2023,82,0,0,0.44797352446639677
10,2022-2023,83,1,0,0.49646338641395105
10,2022-2023,84,0,0,0.4360383594650475
10,2022-2023,85,0,0,0.42311867804190945
10,2022-2023,86,1,1,0.6094456058091084
10,2022-2023,87,0,1,0.572594199226222
10,2022-2023,88,0,1,0.5909305323386935
10,2022-2023,89,0,0,0.49446713438646217
10,2022-2023,90,1,1,0.5829472905104361
10,2022-2023,91,1,1,0.5786272764024698
10,2022-2023,92,1,0,0.4141741829491454
10,2022-2023,93,0,0,0.4030291162750474
10,2022-2023,94,0,0,0.4412255861096292
10,2022-2023,95,1,0,0.4518363518256924
10,2022-2023,96,0,0,0.4969775519093363
10,2022-2023,97,0,1,0.5334055602842672
10,2022-2023,98,1,0,0.45811603575485976
10,2022-2023,99,0,1,0.5093665575186149
10,2022-2023,100,1,1,0.5613033909451933
10,2022-2023,101,0,0,0.43794012408138816
10,2022-2023,102,0,0,0.3471621423062413
10,2022-2023,103,1,0,0.4190503859125459
10,2022-2023,104,1,1,0.5560725179481939
10,2022-2023,105,1,1,0.5332106126974658
10,2022-2023,106,0,0,0.41587647380492815
10,2022-2023,107,1,0,0.3690398512873804
10,2022-2023,108,1,1,0.6139199101919758
10,2022-2023,109,1,1,0.5832079400941687
10,2022-2023,110,1,1,0.5874256901918489
10,2022-2023,111,0,0,0.4419557135114578
10,2022-2023,112,1,0,0.46272257382950016
10,2022-2023,113,1,1,0.6997652934689408
10,2022-2023,114,0,1,0.5684406046838203
10,2022-2023,115,1,1,0.6534986364882656
10,2022-2023,116,1,1,0.5846271069719299
10,2022-2023,117,1,1,0.5024567529757932
10,2022-2023,118,0,1,0.564677250195854
10,2022-2023,119,1,1,0.5886598687374632
10,2022-2023,120,0,0,0.4796111356814524
10,2022-2023,121,0,1,0.6677625856215783
10,2022-2023,122,0,1,0.5250688967487521
10,2022-2023,123,0,1,0.6287371764460798
10,2022-2023,124,1,1,0.6573661988249778
10,2022-2023,125,0,0,0.4432012583345873
10,2022-2023,126,0,0,0.4527836494134118
10,2022-2023,127,1,1,0.6627085474062997
10,2022-2023,128,0,0,0.39319743380723043
10,2022-2023,129,0,1,0.6109507314125276
10,2022-2023,130,1,1,0.6507880397494176
10,2022-2023,131,1,1,0.5562986877997447
10,2022-2023,132,1,1,0.6744048955803909
10,2022-2023,133,1,1,0.6506298573164437
10,2022-2023,134,0,1,0.6552807451970695
10,2022-2023,135,1,1,0.5788572116634965
10,2022-2023,136,1,1,0.6518230791835377
10,2022-2023,137,1,0,0.48911398013701685
10,2022-2023,138,1,1,0.6884409613090694
10,2022-2023,139,0,1,0.6607889480252679
10,2022-2023,140,0,0,0.4676060907017712
10,2022-2023,141,1,1,0.5044004657606279
10,2022-2023,142,1,1,0.5095718836116144
10,2022-2023,143,0,1,0.506797603163491
10,2022-2023,144,0,1,0.6309313526512749
10,2022-2023,145,0,1,0.5477236551912581
10,2022-2023,146,0,0,0.4868992569398366
10,2022-2023,147,1,1,0.5474796343991607
10,2022-2023,148,1,1,0.5336712988114448
10,2022-2023,149,0,0,0.46716715286107857
10,2022-2023,150,1,1,0.670872721035436
10,2022-2023,151,1,1,0.72651597591673
10,2022-2023,152,0,1,0.5056878484485172
10,2022-2023,153,0,1,0.5219521153795038
10,2022-2023,154,0,1,0.6390004592970108
10,2022-2023,155,0,1,0.5858501042732868
10,2022-2023,156,0,0,0.34608066555758016
10,2022-2023,157,1,1,0.6835830642726487
10,2022-2023,158,0,1,0.5010571163346569
10,2022-2023,159,0,0,0.36437874119689423
10,2022-2023,160,1,1,0.5724056084426842
10,2022-2023,161,0,0,0.46606084193809255
10,2022-2023,162,0,1,0.5090652846719329
10,2022-2023,163,1,1,0.5688861944954433
10,2022-2023,164,0,0,0.3697682681789845
10,2022-2023,165,1,1,0.574295896987473
10,2022-2023,166,1,0,0.4276720164772106
10,2022-2023,167,1,0,0.47791365286583204
10,2022-2023,168,0,1,0.5147875765820218
10,2022-2023,169,1,1,0.5120447295371046
10,2022-2023,170,1,1,0.6131355689416617
10,2022-2023,171,1,0,0.33702244008978727
10,2022-2023,172,1,1,0.5376037284944519
10,2022-2023,173,0,1,0.5134106017761837
10,2022-2023,174,0,0,0.3565583916460907
10,2022-2023,175,1,1,0.6147740588570442
10,2022-2023,176,1,1,0.5849631561149728
10,2022-2023,177,0,1,0.6095002745216463
10,2022-2023,178,0,0,0.3117411397662829
10,2022-2023,179,1,0,0.4123508134412965
10,2022-2023,180,1,1,0.5665426807513806
10,2022-2023,181,1,1,0.5762678006279218
10,2022-2023,182,0,0,0.3464106786221671
10,2022-2023,183,1,0,0.4309454419834211
10,2022-2023,184,0,1,0.5061329690604291
10,2022-2023,185,0,1,0.6380329884737768
10,2022-2023,186,1,1,0.6073562853449731
10,2022-2023,187,1,1,0.6333587114859875
10,2022-2023,188,1,0,0.38458606352562946
10,2022-2023,189,1,1,0.5605240551114438
10,2022-2023,190,1,1,0.6978610387964589
10,2022-2023,191,0,0,0.45294940353115815
10,2022-2023,192,0,1,0.5806529241140675
10,2022-2023,193,0,1,0.503798982458288
10,2022-2023,194,1,0,0.4748223096097288
10,2022-2023,195,0,0,0.4463798086133007
10,2022-2023,196,0,1,0.5555826481925864
10,2022-2023,197,1,1,0.578036858126091
10,2022-2023,198,0,0,0.4197081347190497
10,2022-2023,199,1,0,0.41257653958606266
10,2022-2023,200,1,1,0.5589190836716347
10,2022-2023,201,1,0,0.380872393301381
10,2022-2023,202,0,0,0.4137341927501852
10,2022-2023,203,1,1,0.5297004780952129
10,2022-2023,204,1,1,0.610891586564169
10,2022-2023,205,1,0,0.4790885739627966
10,2022-2023,206,1,0,0.42931200728746566
10,2022-2023,207,1,1,0.5610169234015183
10,2022-2023,208,1,1,0.6183093275662768
10,2022-2023,209,1,1,0.6121344859441156
10,2022-2023,210,1,1,0.5815126282291055
10,2022-2023,211,1,1,0.6901456218775281
10,2022-2023,212,1,1,0.6263597383183552
10,2022-2023,213,1,1,0.7000438148345006
10,2022-2023,214,1,1,0.5928509465970051
10,2022-2023,215,0,0,0.39280640285926066
10,2022-2023,216,1,1,0.6729341479478852
10,2022-2023,217,0,1,0.5707593695129413
10,2022-2023,218,0,1,0.5161233410337296
10,2022-2023,219,1,0,0.45763591655578056
10,2022-2023,220,0,0,0.4077701866781737
10,2022-2023,221,0,1,0.6870561082534951
10,2022-2023,222,0,0,0.44318118461331246
10,2022-2023,223,0,1,0.5594297267095533
10,2022-2023,224,0,0,0.3808702873329221
10,2022-2023,225,1,0,0.41478403981945194
10,2022-2023,226,0,0,0.3822872774901826
10,2022-2023,227,0,0,0.4421597672028899
10,2022-2023,228,1,1,0.6327506137651299
10,2022-2023,229,1,1,0.6917703846488438
10,2022-2023,230,1,1,0.5334813918923762
10,2022-2023,231,1,0,0.4520299062618059
10,2022-2023,232,1,1,0.5644405738808476
10,2022-2023,233,0,1,0.5595146128963691
10,2022-2023,234,0,1,0.5686534668065012
10,2022-2023,235,0,1,0.7444828352786195
10,2022-2023,236,1,1,0.713169458120671
10,2022-2023,237,1,1,0.6869631113702326
10,2022-2023,238,0,1,0.6781099538001161
10,2022-2023,239,1,1,0.6082363324182176
10,2022-2023,240,0,1,0.5756809745720628
10,2022-2023,241,0,0,0.2855252183515265
10,2022-2023,242,1,1,0.636326001843169
10,2022-2023,243,1,1,0.7265637644728286
10,2022-2023,244,1,0,0.34871320673475353
10,2022-2023,245,0,0,0.30793556506543096
10,2022-2023,246,1,1,0.5565356775072415
10,2022-2023,247,1,1,0.6014943269935168
10,2022-2023,248,0,0,0.3770886865470502
10,2022-2023,249,0,0,0.3691317316127865
10,2022-2023,250,1,1,0.6600862790526231
10,2022-2023,251,1,1,0.5779848118597624
10,2022-2023,252,1,1,0.6328138686484682
10,2022-2023,253,1,1,0.6439840529347937
10,2022-2023,254,1,1,0.5473446603727228
10,2022-2023,255,0,1,0.543354126940513
10,2022-2023,256,0,0,0.4521662011143787
10,2022-2023,257,1,1,0.6685785971221857
10,2022-2023,258,1,1,0.5956769570481818
10,2022-2023,259,1,1,0.6370075003253204
10,2022-2023,260,1,1,0.6671966095225884
10,2022-2023,261,1,1,0.6861157669886904
10,2022-2023,262,0,1,0.6473126149185263
10,2022-2023,263,1,1,0.5201848017710615
10,2022-2023,264,0,0,0.38249743634012623
10,2022-2023,265,1,0,0.4771658523527497
10,2022-2023,266,0,1,0.6253567405333329
10,2022-2023,267,1,1,0.5408658661364163
10,2022-2023,268,1,0,0.4519165368624158
10,2022-2023,269,1,1,0.7843821655764293
10,2022-2023,270,0,1,0.5722902023013665
10,2022-2023,271,1,1,0.6468674556609592
10,2022-2023,272,1,1,0.7283337532682317
10,2022-2023,273,1,1,0.6487313213918405
10,2022-2023,274,1,1,0.5411245642229089
10,2022-2023,275,0,1,0.7785660294806304
10,2022-2023,276,1,1,0.6033045489827448
10,2022-2023,277,1,1,0.654937117889808
10,2022-2023,278,0,0,0.47058683230842513
10,2022-2023,279,0,0,0.3694478429306233
10,2022-2023,280,0,1,0.6530090296052512
10,2022-2023,281,1,0,0.41713301505135925
10,2022-2023,282,0,1,0.6654777667646137
10,2022-2023,283,1,0,0.3614318304564883
10,2022-2023,284,1,1,0.6417695244204646
10,2022-2023,285,1,1,0.7329290887063258
10,2022-2023,286,0,1,0.7021785738259979
10,2022-2023,287,1,1,0.6899873270003901
10,2022-2023,288,1,1,0.5798992818091324
10,2022-2023,289,1,1,0.7142626963748135
10,2022-2023,290,0,1,0.7255940210599612
10,2022-2023,291,1,1,0.6824983193071573
10,2022-2023,292,1,1,0.5787248822258617
10,2022-2023,293,1,0,0.47944390511181567
10,2022-2023,294,1,1,0.6748722862336946
10,2022-2023,295,0,1,0.6195510669107731
10,2022-2023,296,0,1,0.685289925581943
10,2022-2023,297,1,1,0.5773701414403617
10,2022-2023,298,0,1,0.6651975427201806
10,2022-2023,299,0,1,0.5058895819881657
10,2022-2023,300,0,0,0.4574979326180289
10,2022-2023,301,0,1,0.518529269921541
10,2023-2024,11,0,1,0.5126488806466236
10,2023-2024,12,1,0,0.4907875150816036
10,2023-2024,13,1,0,0.4784442381835616
10,2023-2024,14,1,1,0.5700989366616585
10,2023-2024,15,0,1,0.5953761245441392
10,2023-2024,16,1,1,0.5349152427529603
10,2023-2024,17,1,1,0.5840316708711736
10,2023-2024,18,0,1,0.6050243665507179
10,2023-2024,19,0,1,0.5576513668413868
10,2023-2024,20,1,1,0.5222811372683244
10,2023-2024,21,1,1,0.6077690332133534
10,2023-2024,22,1,1,0.5645294246061123
10,2023-2024,23,0,1,0.5612753090822421
10,2023-2024,24,1,1,0.6062076177233985
10,2023-2024,25,1,1,0.647488482855986
10,2023-2024,26,1,1,0.6252235854410767
10,2023-2024,27,0,1,0.667096194519997
10,2023-2024,28,0,1,0.545653663302126
10,2023-2024,29,1,1,0.5432092795258606
10,2023-2024,30,0,1,0.6061776056602837
10,2023-2024,31,1,1,0.5442598558008335
10,2023-2024,32,0,1,0.600895159498539
10,2023-2024,33,0,1,0.5729228930157235
10,2023-2024,34,0,1,0.5260082371920107
10,2023-2024,35,0,1,0.5188791045100736
10,2023-2024,36,0,1,0.5166797774818446
10,2023-2024,37,0,0,0.4661757033212031
10,2023-2024,38,1,0,0.45124216467078
10,2023-2024,39,1,1,0.5209666019612829
10,2023-2024,40,1,1,0.5199369627415596
10,2023-2024,41,0,1,0.6050731880771352
10,2023-2024,42,1,1,0.5467602708552041
10,2023-2024,43,1,0,0.4969858188970596
10,2023-2024,44,1,1,0.5323121492517163
10,2023-2024,45,1,1,0.5348542157355212
10,2023-2024,46,1,1,0.579445944643523
10,2023-2024,47,0,1,0.5969963346236271
10,2023-2024,48,1,1,0.5546389802873825
10,2023-2024,49,1,1,0.6057655286633638
10,2023-2024,50,1,1,0.602424072197463
10,2023-2024,51,1,1,0.5637963197638945
10,2023-2024,52,0,1,0.5653290025111243
10,2023-2024,53,0,1,0.6221772384729033
10,2023-2024,54,0,1,0.5963263718783133
10,2023-2024,55,1,1,0.5635462013367419
10,2023-2024,56,0,1,0.5937131120006601
10,2023-2024,57,1,1,0.5586701819660076
10,2023-2024,58,1,1,0.548435571968251
10,2023-2024,59,1,1,0.5627152507158367
10,2023-2024,60,1,1,0.5796315435262988
10,2023-2024,61,1,1,0.6068162377489188
10,2023-2024,62,1,1,0.58715393482685
10,2023-2024,63,1,1,0.6398764450893254
10,2023-2024,64,1,1,0.6020759712265737
10,2023-2024,65,1,1,0.6556678364088018
10,2023-2024,66,1,1,0.6555168097433424
10,2023-2024,67,1,1,0.6507778344306324
10,2023-2024,68,0,1,0.6159211993997887
10,2023-2024,69,0,1,0.6363832345757278
10,2023-2024,70,1,1,0.6271316232539585
10,2023-2024,71,1,1,0.6549660476179026
10,2023-2024,72,1,1,0.6685115596001671
10,2023-2024,73,1,1,0.6562768496741588
10,2023-2024,74,0,1,0.6030529102849386
10,2023-2024,75,0,1,0.6789751823858468
10,2023-2024,76,1,1,0.7184372220100502
10,2023-2024,77,1,1,0.6602766832223208
10,2023-2024,78,1,1,0.6900307789197382
10,2023-2024,79,0,1,0.633769892575394
10,2023-2024,80,0,1,0.6926055916952358
10,2023-2024,81,1,1,0.6508939961032483
10,2023-2024,82,1,1,0.6722161968536513
10,2023-2024,83,0,1,0.643946435003422
10,2023-2024,84,1,1,0.6213145286365312
10,2023-2024,85,1,1,0.6998300652845961
10,2023-2024,86,0,1,0.6510788546407623
10,2023-2024,87,0,1,0.5725344074261298
10,2023-2024,88,1,1,0.6111878572319658
10,2023-2024,89,0,1,0.6518387765376921
10,2023-2024,90,0,1,0.6313223991959962
10,2023-2024,91,1,1,0.6620897787281298
10,2023-2024,92,1,1,0.6511538516732813
10,2023-2024,93,0,1,0.5562742102041845
10,2023-2024,94,0,1,0.6000112178885839
10,2023-2024,95,1,1,0.665955230767402
10,2023-2024,96,0,1,0.5691663784740109
10,2023-2024,97,0,1,0.6899515407909249
10,2023-2024,98,0,1,0.6353075732204939
10,2023-2024,99,1,1,0.5792587246180824
10,2023-2024,100,0,1,0.6194319493900146
10,2023-2024,101,0,1,0.5369790321115558
10,2023-2024,102,1,1,0.6645536042301067
10,2023-2024,103,1,1,0.5541030906224823
10,2023-2024,104,1,1,0.5952826271006689
10,2023-2024,105,0,1,0.5791167864864766
10,2023-2024,106,1,1,0.6085456350841644
10,2023-2024,107,0,1,0.5940814419299507
10,2023-2024,108,1,1,0.5175192992670599
10,2023-2024,109,1,1,0.625372688488888
10,2023-2024,110,1,1,0.6347149642408364
10,2023-2024,111,0,1,0.6412349574464086
10,2023-2024,112,0,1,0.5667599927265705
10,2023-2024,113,1,1,0.599270783068434
10,2023-2024,114,1,1,0.6667835709840105
10,2023-2024,115,1,1,0.5187002550945156
10,2023-2024,116,1,1,0.5687708832999744
10,2023-2024,117,0,1,0.5481279210389749
10,2023-2024,118,1,1,0.6505086118146483
10,2023-2024,119,0,1,0.5866035017771551
10,2023-2024,120,0,1,0.5552984400375451
10,2023-2024,121,1,1,0.5656441380397939
10,2023-2024,122,1,1,0.5956019922196496
10,2023-2024,123,1,1,0.6418319434084268
10,2023-2024,124,0,1,0.5815761371359818
10,2023-2024,125,0,1,0.5899744767585601
10,2023-2024,126,1,1,0.6485106166780726
10,2023-2024,127,0,1,0.5965921082241915
10,2023-2024,128,0,1,0.5853927336160999
10,2023-2024,129,1,0,0.4941619106450034
10,2023-2024,130,0,0,0.47066947538937837
10,2023-2024,131,0,0,0.44910908078619094
10,2023-2024,132,1,1,0.5747185239551647
10,2023-2024,133,1,1,0.6594144481374685
10,2023-2024,134,1,1,0.6406957173947276
10,2023-2024,135,1,1,0.5906487497263953
10,2023-2024,136,0,0,0.4481663349098339
10,2023-2024,137,1,1,0.6531402778188015
10,2023-2024,138,0,1,0.5912337000942096
10,2023-2024,139,0,0,0.4843419378092438
10,2023-2024,140,1,1,0.6533480558885465
10,2023-2024,141,1,1,0.5822835307788732
10,2023-2024,142,1,1,0.6594898826365373
10,2023-2024,143,1,1,0.585186287051279
10,2023-2024,144,1,1,0.7042609830137186
10,2023-2024,145,0,1,0.6119831026156822
10,2023-2024,146,0,0,0.4643730577632321
10,2023-2024,147,1,0,0.48786451846970236
10,2023-2024,148,1,1,0.6134038073337474
10,2023-2024,149,1,1,0.5533914623250626
10,2023-2024,150,0,0,0.49246801420613306
10,2023-2024,151,1,1,0.7062451607403842
10,2023-2024,152,1,1,0.6274479632649831
10,2023-2024,153,1,1,0.7093220908115735
10,2023-2024,154,1,1,0.6916788375924814
10,2023-2024,155,0,1,0.5857683971440132
10,2023-2024,156,0,1,0.6828299806968053
10,2023-2024,157,0,1,0.5370675439072944
10,2023-2024,158,0,0,0.4331610124260713
10,2023-2024,159,1,1,0.5664029897272999
10,2023-2024,160,0,0,0.36653371709019317
10,2023-2024,161,0,1,0.573503316433826
10,2023-2024,162,0,1,0.5562130063424121
10,2023-2024,163,0,0,0.48106455885330696
10,2023-2024,164,0,1,0.5390252245208024
10,2023-2024,165,0,1,0.5295918363514738
10,2023-2024,166,1,1,0.5176376844680836
10,2023-2024,167,1,1,0.5055874484244232
10,2023-2024,168,0,0,0.438947087394665
10,2023-2024,169,1,0,0.43027441636134817
10,2023-2024,170,0,0,0.41389195859206734
10,2023-2024,171,0,1,0.5072328939087765
10,2023-2024,172,1,1,0.523615843035938
10,2023-2024,173,1,1,0.5549829171777884
10,2023-2024,174,1,0,0.4178678927334087
10,2023-2024,175,0,1,0.5777231864948622
10,2023-2024,176,1,0,0.48128621744690214
10,2023-2024,177,1,1,0.6513863067586819
10,2023-2024,178,0,0,0.4618096018650977
10,2023-2024,179,1,1,0.5922440464178307
10,2023-2024,180,0,1,0.6008414643922614
10,2023-2024,181,0,1,0.5681552468691955
10,2023-2024,182,1,0,0.49585279000715343
10,2023-2024,183,1,1,0.6303700062559605
10,2023-2024,184,0,0,0.323387637571182
10,2023-2024,185,1,1,0.6029421466616423
10,2023-2024,186,0,0,0.4896070765289837
10,2023-2024,187,0,0,0.3930953134009827
10,2023-2024,188,0,0,0.41052284973522857
10,2023-2024,189,0,1,0.5482474119024932
10,2023-2024,190,1,1,0.5120796347302359
10,2023-2024,191,1,0,0.45182679693904054
10,2023-2024,192,1,1,0.6883526549953181
10,2023-2024,193,1,1,0.7136450580311415
10,2023-2024,194,1,1,0.6124549565588586
10,2023-2024,195,1,1,0.6524300715539348
10,2023-2024,196,1,1,0.503060054921648
10,2023-2024,197,1,0,0.4733042593705175
10,2023-2024,198,1,1,0.6874382226084438
10,2023-2024,199,1,1,0.6412798511906427
10,2023-2024,200,1,1,0.6871544125139928
10,2023-2024,201,1,1,0.744620676557459
10,2023-2024,202,0,1,0.7429592700931845
10,2023-2024,203,1,1,0.7052498869249648
10,2023-2024,204,0,1,0.6675305747422615
10,2023-2024,205,0,1,0.6219209694761796
10,2023-2024,206,0,1,0.6400794668734191
10,2023-2024,207,0,0,0.3753599659617128
10,2023-2024,208,0,1,0.5293930276733816
10,2023-2024,209,1,1,0.5235557721535565
10,2023-2024,210,0,1,0.5058877651956883
10,2023-2024,211,0,1,0.6149551992757752
10,2023-2024,212,1,1,0.7615479774023992
10,2023-2024,213,1,0,0.4167946991008696
10,2023-2024,214,0,1,0.5830850528585346
10,2023-2024,215,1,1,0.6094553036455576
10,2023-2024,216,1,1,0.635660406183555
10,2023-2024,217,0,1,0.5286978508803061
10,2023-2024,218,0,1,0.5286743871004185
10,2023-2024,219,0,0,0.4569623977013318
10,2023-2024,220,1,1,0.5824013555605507
10,2023-2024,221,1,0,0.4171910626068887
10,2023-2024,222,1,1,0.6046910295113335
10,2023-2024,223,0,0,0.3814911423575079
10,2023-2024,224,0,1,0.692127060261523
10,2023-2024,225,1,1,0.617963237024574
10,2023-2024,226,1,0,0.48932428278889184
10,2023-2024,227,1,1,0.541580617422975
10,2023-2024,228,1,1,0.6339934257694868
10,2023-2024,229,0,1,0.5238345700383281
10,2023-2024,230,0,1,0.5629100971375324
10,2023-2024,231,0,0,0.3282654974215175
10,2023-2024,232,0,1,0.529574998339515
10,2023-2024,233,1,1,0.658058767265095
10,2023-2024,234,1,0,0.4645063809229451
10,2023-2024,235,0,0,0.43899635236143575
10,2023-2024,236,1,0,0.43640614656426346
10,2023-2024,237,1,1,0.5126055207045099
10,2023-2024,238,1,1,0.7526736413845825
10,2023-2024,239,0,1,0.543466639282006
10,2023-2024,240,0,1,0.5329407495952473
10,2023-2024,241,1,1,0.6233590980088186
10,2023-2024,242,0,1,0.5726112329319618
10,2023-2024,243,1,0,0.47972607564703285
10,2023-2024,244,1,1,0.7263272492099762
10,2023-2024,245,1,1,0.630153763478575
10,2023-2024,246,0,1,0.62209719654322
10,2023-2024,247,1,1,0.5011454275239132
10,2023-2024,248,1,1,0.5798700421402363
10,2023-2024,249,0,0,0.4283779548218483
10,2023-2024,250,1,1,0.5117877543635891
10,2023-2024,251,0,1,0.5146869178090016
10,2023-2024,252,0,0,0.3132053432338433
10,2023-2024,253,0,0,0.36655829262204565
10,2023-2024,254,1,1,0.515399049222058
10,2023-2024,255,1,1,0.5661542987916608
10,2023-2024,256,1,0,0.4381055749475602
10,2023-2024,257,1,0,0.3813896858146745
10,2023-2024,258,0,0,0.36070124519438557
10,2023-2024,259,0,0,0.45420543273411856
10,2023-2024,260,0,1,0.6248380818958943
10,2023-2024,261,1,1,0.6796984836938843
10,2023-2024,262,0,0,0.46571685654264494
10,2023-2024,263,1,1,0.572899189461483
10,2023-2024,264,1,0,0.46988157620500304
10,2023-2024,265,1,1,0.7092437855969649
10,2023-2024,266,1,0,0.4990306491066397
10,2023-2024,267,1,1,0.5087089598350257
10,2023-2024,268,1,0,0.4701577828514792
10,2023-2024,269,1,1,0.6223750806008376
10,2023-2024,270,1,1,0.6712403896349796
10,2023-2024,271,1,1,0.626484635736224
10,2023-2024,272,0,1,0.6888694721495174
10,2023-2024,273,1,1,0.6795142448543549
10,2023-2024,274,1,1,0.5311729675152669
10,2023-2024,275,1,1,0.5496540952701975
10,2023-2024,276,1,1,0.6695514358457767
10,2023-2024,277,0,1,0.5343121438759209
10,2023-2024,278,1,1,0.5450963865694705
10,2023-2024,279,1,1,0.7096246532163198
10,2023-2024,280,1,1,0.6656874651441728
10,2023-2024,281,1,1,0.5787509863814523
10,2023-2024,282,0,1,0.5558510450497656
10,2023-2024,283,0,0,0.4938446990984084
10,2023-2024,284,1,1,0.6949367154060465
10,2023-2024,285,1,1,0.6744749660163833
10,2023-2024,286,0,1,0.5320096640494484
10,2023-2024,287,0,0,0.3415095394320631
10,2023-2024,288,0,0,0.4204417046088095
10,2023-2024,289,1,1,0.516899460639743
10,2023-2024,290,1,1,0.6832271725859043
10,2023-2024,291,1,1,0.7247135305825922
10,2023-2024,292,0,0,0.3846957844203844
10,2023-2024,293,1,1,0.7112898079655688
10,2023-2024,294,1,1,0.6158429167945297
10,2023-2024,295,0,1,0.7026968162392904
10,2023-2024,296,1,1,0.6642625992175749
10,2023-2024,297,0,1,0.545358195440052
10,2023-2024,298,1,1,0.7586968834764941
10,2023-2024,299,1,1,0.626438066984638
10,2023-2024,300,0,1,0.6399222000838432
10,2023-2024,301,1,1,0.7033633137869507
10,2023-2024,302,0,1,0.6814835591607938
10,2023-2024,303,1,1,0.7239822104998856
10,2023-2024,304,1,1,0.7998394695973456
10,2023-2024,305,1,0,0.4527827815523396
10,2023-2024,306,1,1,0.5704772384438086
10,2023-2024,307,1,1,0.6823736332514305
10,2023-2024,308,1,1,0.6633519844069197
10,2023-2024,309,0,1,0.6447103147324809
10,2023-2024,310,1,1,0.541371696391173
10,2023-2024,311,0,0,0.3668637450032497
10,2023-2024,312,1,1,0.7032254291892469
10,2023-2024,313,1,1,0.6609924620658885
10,2023-2024,314,0,0,0.43100181023102735
10,2023-2024,315,0,0,0.4912794097358285
10,2023-2024,316,0,1,0.5632964099375555
10,2023-2024,317,1,1,0.767550389827913
10,2023-2024,318,1,1,0.6192345140099731
10,2023-2024,319,1,1,0.7197425903878965
10,2023-2024,320,0,0,0.47206685144991334
10,2023-2024,321,0,1,0.6026739505917247
10,2023-2024,322,1,1,0.6162861769371579
10,2023-2024,323,0,0,0.42031401998016304
10,2023-2024,324,1,1,0.6011442100270041
10,2023-2024,325,1,1,0.5164728010065118
10,2023-2024,326,0,1,0.663721651071298
10,2023-2024,327,0,0,0.49692834413244436
10,2023-2024,328,0,1,0.5363584683957202
10,2023-2024,329,0,1,0.5647015811975179
10,2023-2024,330,0,1,0.7271462181228111
10,2023-2024,331,1,1,0.7269771650246546
10,2023-2024,332,0,1,0.728021615200377
10,2023-2024,333,0,0,0.37820427056322387
10,2023-2024,334,0,0,0.4030551503703582
10,2023-2024,335,1,0,0.41509747178183387
10,2023-2024,336,0,0,0.4505358392286549
10,2023-2024,337,0,0,0.40927949435952743
10,2023-2024,338,0,0,0.45537812989801363
10,2023-2024,339,0,0,0.4871934328728915
10,2023-2024,340,1,0,0.45613119588112877
10,2023-2024,341,1,1,0.7950195789391588
10,2023-2024,342,1,1,0.6795711197916059
10,2023-2024,343,1,1,0.6275667758357087
10,2023-2024,344,0,1,0.6700534665434995
10,2023-2024,345,1,1,0.6035034232863282
10,2023-2024,346,1,1,0.6964042283421267
10,2023-2024,347,1,1,0.5610083858038655
10,2023-2024,348,1,1,0.6621705873581517
10,2023-2024,349,1,1,0.7367557532125635
10,2023-2024,350,1,1,0.6468876664478747
10,2023-2024,351,1,1,0.6745167239045737
10,2023-2024,352,1,0,0.4849515971421383
10,2023-2024,353,0,0,0.390556364447557
10,2023-2024,354,1,1,0.5402998791416397
10,2023-2024,355,0,1,0.6277488048354017
10,2023-2024,356,1,1,0.7058118098483445
10,2023-2024,357,0,0,0.35800141113666734
10,2023-2024,358,1,1,0.6433028548216986
10,2023-2024,359,0,0,0.4710871505121627
10,2023-2024,360,1,1,0.7565525285759548
10,2023-2024,361,1,1,0.6801534359756792
10,2023-2024,362,1,0,0.4528234109989419
10,2023-2024,363,1,1,0.750465092867616
10,2023-2024,364,0,0,0.49442559472620323
10,2023-2024,365,1,1,0.7241453714066084
10,2023-2024,366,1,1,0.6848473703250637
10,2023-2024,367,1,1,0.6241801098976253
10,2023-2024,368,0,1,0.5177383855776324
10,2023-2024,369,0,1,0.6467814961835365
10,2023-2024,370,0,0,0.43293632112293334
10,2023-2024,371,0,1,0.6940673447048947
10,2023-2024,372,1,1,0.5021030984265931
10,2023-2024,373,0,1,0.7507621419467473
10,2023-2024,374,0,0,0.4183001298048115
10,2023-2024,375,1,0,0.3484076325132819
15,2008-2009,16,0,0,0.40236460716866346
15,2008-2009,17,1,0,0.3994509441337457
15,2008-2009,18,0,0,0.48618205277364973
15,2008-2009,19,1,0,0.4498259357484218
15,2008-2009,20,1,0,0.47104930150961644
15,2008-2009,21,1,1,0.5002249050317431
15,2008-2009,22,1,1,0.5752626276978771
15,2008-2009,23,1,1,0.611421487782873
15,2008-2009,24,1,1,0.5594643032258348
15,2008-2009,25,1,1,0.6486200523998219
15,2008-2009,26,1,1,0.5621623783717318
15,2008-2009,27,1,1,0.7046284614974563
15,2008-2009,28,1,1,0.6543210867023255
15,2008-2009,29,1,1,0.6964196484265132
15,2008-2009,30,1,1,0.6416379696807999
15,2008-2009,31,1,1,0.7741451620049685
15,2008-2009,32,1,1,0.7902666524196399
15,2008-2009,33,1,1,0.7432123089622662
15,2008-2009,34,0,1,0.777378087749191
15,2008-2009,35,0,1,0.6446620026474871
15,2008-2009,36,1,1,0.6514432289215595
15,2008-2009,37,1,1,0.6417831918928681
15,2008-2009,38,1,1,0.6980119867942629
15,2008-2009,39,1,1,0.6941210753834308
15,2008-2009,40,1,1,0.7071844766966319
15,2008-2009,41,1,1,0.7734280258090899
15,2008-2009,42,1,1,0.692170281643334
15,2008-2009,43,1,1,0.7674007893403452
15,2008-2009,44,1,1,0.8243256912956518
15,2008-2009,45,1,1,0.8060697685715685
15,2008-2009,46,1,1,0.8584208797370492
15,2008-2009,47,0,1,0.7443074700567176
15,2008-2009,48,1,1,0.8113824465218616
15,2008-2009,49,0,1,0.6306501492275848
15,2008-2009,50,0,1,0.6300740091997546
15,2008-2009,51,0,1,0.783813604933282
15,2008-2009,52,0,1,0.6931342084650232
15,2008-2009,53,1,1,0.7832261166553588
15,2008-2009,54,0,1,0.7261500539404958
15,2008-2009,55,1,1,0.6816550182826274
15,2008-2009,56,0,1,0.5330714603245646
15,2008-2009,57,0,1,0.6099404246898791
15,2008-2009,58,1,1,0.7004780241430748
15,2008-2009,59,0,0,0.42642923156381796
15,2008-2009,60,0,1,0.6704588852818935
15,2008-2009,61,1,1,0.7093930924626136
15,2008-2009,62,1,1,0.7081155205351949
15,2008-2009,63,0,1,0.6708213516546767
15,2008-2009,64,1,1,0.5976499869492532
15,2008-2009,65,0,1,0.5863344545145941
15,2008-2009,66,0,1,0.6584630612891198
15,2008-2009,67,0,1,0.545186133337446
15,2008-2009,68,1,1,0.694421479250073
15,2008-2009,69,0,1,0.6375970833019653
15,2008-2009,70,0,1,0.5462566068571684
15,2008-2009,71,1,1,0.5086545845524568
15,2008-2009,72,1,1,0.7304258511526914
15,2008-2009,73,0,1,0.6247429193777598
15,2008-2009,74,1,1,0.6799359944199099
15,2008-2009,75,0,1,0.6345987034957746
15,2008-2009,76,1,1,0.5312920096246799
15,2008-2009,77,0,1,0.6353980631261082
15,2008-2009,78,1,1,0.6076494503586433
15,2008-2009,79,1,1,0.6387926230461461
15,2008-2009,80,1,1,0.6626586523198672
15,2008-2009,81,1,1,0.7314603440369949
15,2008-2009,82,0,1,0.5976972953032201
15,2008-2009,83,1,1,0.6333354382640913
15,2008-2009,84,1,1,0.7710864866283496
15,2008-2009,85,1,1,0.7110134911702038
15,2008-2009,86,1,1,0.6346843541081644
15,2008-2009,87,1,1,0.6630896841725739
15,2008-2009,88,1,1,0.7707633178673116
15,2008-2009,89,1,1,0.7741261426422374
15,2008-2009,90,1,1,0.6221843646306835
15,2008-2009,91,0,1,0.5368404104069145
15,2008-2009,92,1,1,0.7865585366328811
15,2008-2009,93,0,1,0.7113072899991123
15,2008-2009,94,1,1,0.7985272820192811
15,2008-2009,95,1,1,0.6658454113131484
15,2008-2009,96,1,1,0.8021209855775547
15,2008-2009,97,1,1,0.5134693208308159
15,2008-2009,98,1,1,0.7709681372833368
15,2008-2009,99,1,1,0.8158184863821928
15,2008-2009,100,0,1,0.5211882116993908
15,2008-2009,101,1,1,0.7273596254747129
15,2008-2009,102,1,1,0.7595986870917274
15,2008-2009,103,0,0,0.4765561899463529
15,2008-2009,104,1,1,0.8651564853001437
15,2008-2009,105,1,1,0.7548881005157958
15,2008-2009,106,1,1,0.7183427159931861
15,2008-2009,107,1,1,0.74497849862526
15,2008-2009,108,1,1,0.7777769035774262
15,2008-2009,109,1,1,0.7041997649164834
15,2008-2009,110,1,1,0.7366340714145599
15,2008-2009,111,1,1,0.8710094985121795
15,2008-2009,112,1,1,0.8527343304954621
15,2008-2009,113,1,1,0.6904082902729374
15,2008-2009,114,1,1,0.7435046292946019
15,2008-2009,115,0,0,0.49061236177138295
15,2008-2009,116,1,1,0.719052621694582
15,2008-2009,117,0,0,0.44392396177998794
15,2008-2009,118,1,1,0.7751641440554626
15,2008-2009,119,1,1,0.5414103055558614
15,2008-2009,120,0,1,0.5773632522426844
15,2008-2009,121,0,0,0.4836774296628372
15,2008-2009,122,0,1,0.5467480349502821
15,2008-2009,123,1,1,0.8700542274138741
15,2008-2009,124,0,0,0.4311659744394955
15,2008-2009,125,1,1,0.7346364639546988
15,2008-2009,126,0,0,0.35595278541642683
15,2008-2009,127,0,0,0.4700556852076882
15,2008-2009,128,1,1,0.5913438718146121
15,2008-2009,129,1,1,0.8067944602798317
15,2008-2009,130,1,1,0.7060283356422484
15,2008-2009,131,0,0,0.422833980878346
15,2008-2009,132,0,0,0.4565635809888515
15,2008-2009,133,1,1,0.8868750976851916
15,2008-2009,134,0,1,0.7310299936700593
15,2008-2009,135,1,1,0.8556368093769695
15,2008-2009,136,0,0,0.2448993289185396
15,2008-2009,137,0,1,0.5927855171301453
15,2008-2009,138,1,1,0.5574559741373853
15,2008-2009,139,1,1,0.7423876569181983
15,2008-2009,140,1,1,0.7674500972838283
15,2008-2009,141,1,1,0.7366480136845187
15,2008-2009,142,0,0,0.22774857133145132
15,2008-2009,143,0,0,0.3030112448288614
15,2008-2009,144,1,0,0.3809692079719591
15,2008-2009,145,0,0,0.4745366970388902
15,2008-2009,146,1,1,0.8349220670942654
15,2008-2009,147,1,1,0.8957557923841662
15,2008-2009,148,0,1,0.6730608614217987
15,2008-2009,149,1,1,0.8986317498019764
15,2008-2009,150,0,1,0.5896953768678359
15,2008-2009,151,1,1,0.633766071590783
15,2008-2009,152,1,1,0.7553046738883559
15,2008-2009,153,1,1,0.5714104409485568
15,2008-2009,154,0,0,0.3780876337210303
15,2008-2009,155,1,1,0.9042755297183228
15,2008-2009,156,1,1,0.8056025159828857
15,2008-2009,157,0,0,0.4242701591544892
15,2008-2009,158,1,1,0.912697695518941
15,2008-2009,159,1,0,0.4983252670367408
15,2008-2009,160,1,1,0.7996345727783188
15,2008-2009,161,1,1,0.6753837183893407
15,2008-2009,162,1,1,0.7999615069993925
15,2008-2009,163,1,1,0.7682326505723234
15,2008-2009,164,1,1,0.7428784201864722
15,2008-2009,165,1,1,0.8824306318209841
15,2008-2009,166,0,1,0.533661176530823
15,2008-2009,167,1,1,0.8957389001661137
15,2008-2009,168,0,0,0.49332086341374387
15,2008-2009,169,1,1,0.8820890724871611
15,2008-2009,170,0,1,0.8891516724071279
15,2008-2009,171,1,1,0.7716192207785446
15,2008-2009,172,0,1,0.5584161466620231
15,2008-2009,173,1,1,0.9065510645784298
15,2008-2009,174,1,1,0.9226200669707004
15,2008-2009,175,1,0,0.36747538291770543
15,2008-2009,176,1,1,0.7116589758070329
15,2008-2009,177,1,1,0.6331021023787635
15,2008-2009,178,0,0,0.23255375670015385
15,2008-2009,179,1,0,0.4998505647762408
15,2008-2009,180,1,1,0.6848068264956825
15,2008-2009,181,0,0,0.40518504831280555
15,2008-2009,182,0,0,0.4220015179436391
15,2008-2009,183,0,0,0.24058662969407832
15,2008-2009,184,0,0,0.3434606916219472
15,2008-2009,185,0,0,0.3750839828068794
15,2008-2009,186,0,0,0.28582088147055956
15,2008-2009,187,1,1,0.8382809037418658
15,2008-2009,188,0,1,0.6409723847016155
15,2008-2009,189,1,1,0.6941867184498709
15,2008-2009,190,0,0,0.29254533992422355
15,2008-2009,191,1,1,0.8632363931139022
15,2008-2009,192,1,1,0.7345169370691125
15,2008-2009,193,1,1,0.8517097916281088
15,2008-2009,194,0,0,0.31457197503101086
15,2008-2009,195,1,1,0.884914477817111
15,2008-2009,196,1,1,0.8395642814946513
15,2008-2009,197,0,1,0.5898147658954682
15,2008-2009,198,0,1,0.6512238668040139
15,2008-2009,199,0,1,0.5362201596332247
15,2008-2009,200,1,1,0.7490872957065537
15,2008-2009,201,1,1,0.5785167250215677
15,2008-2009,202,0,1,0.8120568508688077
15,2008-2009,203,1,1,0.7927961816672382
15,2008-2009,204,1,1,0.7760699759435763
15,2008-2009,205,1,1,0.6819800411594458
15,2008-2009,206,1,1,0.8543034731020812
15,2008-2009,207,1,1,0.7455762963926413
15,2008-2009,208,0,1,0.7664064347423547
15,2008-2009,209,1,1,0.5509158428080001
15,2008-2009,210,1,1,0.816839153521621
15,2008-2009,211,0,0,0.42655781029092266
15,2008-2009,212,1,1,0.7611165965233535
15,2008-2009,213,1,1,0.8279113300671699
15,2008-2009,214,1,1,0.6171423417317623
15,2008-2009,215,1,1,0.8395786265935673
15,2008-2009,216,1,1,0.7304176485537923
15,2008-2009,217,0,1,0.7734414820331021
15,2008-2009,218,0,0,0.398973195863726
15,2008-2009,219,0,1,0.8072797245671386
15,2008-2009,220,1,1,0.684554452753977
15,2008-2009,221,1,1,0.5032501377261226
15,2009-2010,16,1,1,0.5454319250237526
15,2009-2010,17,0,1,0.6320366110559893
15,2009-2010,18,1,1,0.5957546434688428
15,2009-2010,19,0,1,0.5588750117609693
15,2009-2010,20,0,0,0.45153542498292987
15,2009-2010,21,1,1,0.5574900502836794
15,2009-2010,22,1,1,0.5309660553511222
15,2009-2010,23,1,1,0.5716737500114871
15,2009-2010,24,1,1,0.662709659131335
15,2009-2010,25,1,1,0.6641726091985373
15,2009-2010,26,1,1,0.710463248500945
15,2009-2010,27,1,1,0.6625300614563706
15,2009-2010,28,1,1,0.7474343539307091
15,2009-2010,29,0,1,0.6995281056032439
15,2009-2010,30,1,1,0.6623675175808224
15,2009-2010,31,0,1,0.642671132082559
15,2009-2010,32,1,1,0.6210720952081024
15,2009-2010,33,1,1,0.7221864577730859
15,2009-2010,34,1,1,0.6306832340435391
15,2009-2010,35,1,1,0.7177779525678635
15,2009-2010,36,1,1,0.7095599440626741
15,2009-2010,37,0,1,0.5790921120439388
15,2009-2010,38,1,1,0.7185281573725378
15,2009-2010,39,1,1,0.7261658027106158
15,2009-2010,40,1,1,0.6931223075567517
15,2009-2010,41,0,1,0.5744852238158973
15,2009-2010,42,1,1,0.6971945997737499
15,2009-2010,43,1,1,0.7428224827600269
15,2009-2010,44,1,1,0.642384433582192
15,2009-2010,45,0,1,0.6825373463149829
15,2009-2010,46,1,1,0.8200312333367356
15,2009-2010,47,1,1,0.7632185606966297
15,2009-2010,48,1,1,0.6064261726326811
15,2009-2010,49,0,1,0.7318870622047253
15,2009-2010,50,1,1,0.7930924276403315
15,2009-2010,51,0,1,0.5984770268213457
15,2009-2010,52,1,1,0.7800516995263344
15,2009-2010,53,0,1,0.7077581548469625
15,2009-2010,54,1,1,0.7238767836312687
15,2009-2010,55,0,1,0.588273995221181
15,2009-2010,56,1,1,0.6010187586852217
15,2009-2010,57,0,1,0.7531771202165026
15,2009-2010,58,1,1,0.6784324731571059
15,2009-2010,59,0,0,0.4624071431784291
15,2009-2010,60,1,1,0.7914032889563251
15,2009-2010,61,1,1,0.70392386176341
15,2009-2010,62,1,1,0.6149657850317665
15,2009-2010,63,1,1,0.6733022403058726
15,2009-2010,64,1,1,0.7883991712717766
15,2009-2010,65,0,1,0.5785759680810819
15,2009-2010,66,0,1,0.7359034344378109
15,2009-2010,67,1,1,0.6041016844679922
15,2009-2010,68,0,1,0.5727171687452691
15,2009-2010,69,1,1,0.579174642189132
15,2009-2010,70,1,1,0.5902903132324739
15,2009-2010,71,1,0,0.43130331380226583
15,2009-2010,72,1,1,0.8287784745236163
15,2009-2010,73,1,1,0.659805218009449
15,2009-2010,74,1,0,0.494826177490069
15,2009-2010,75,1,1,0.6710985481107612
15,2009-2010,76,1,1,0.73908319292538
15,2009-2010,77,1,1,0.6220524671231875
15,2009-2010,78,1,1,0.8046350876480007
15,2009-2010,79,1,1,0.7914572181748178
15,2009-2010,80,0,1,0.7868603804666019
15,2009-2010,81,1,1,0.5745134272639114
15,2009-2010,82,1,1,0.7010481895752761
15,2009-2010,83,0,1,0.5577023770650201
15,2009-2010,84,0,1,0.7666606785638034
15,2009-2010,85,1,1,0.6659644290116761
15,2009-2010,86,1,1,0.7761454731349455
15,2009-2010,87,1,1,0.8068297383238983
15,2009-2010,88,0,1,0.6012785016931881
15,2009-2010,89,1,1,0.8303321860381818
15,2009-2010,90,0,1,0.5730369487565327
15,2009-2010,91,0,1,0.5866929988574665
15,2009-2010,92,0,1,0.5671779738643699
15,2009-2010,93,1,1,0.6386999244654397
15,2009-2010,94,1,1,0.7731368176961859
15,2009-2010,95,1,1,0.8269823819347892
15,2009-2010,96,0,1,0.7123233928378806
15,2009-2010,97,1,1,0.7368512137567195
15,2009-2010,98,1,1,0.7577942564346878
15,2009-2010,99,1,1,0.6944129538404842
15,2009-2010,100,1,1,0.6613219714996127
15,2009-2010,101,0,1,0.7303101158353532
15,2009-2010,102,0,1,0.6435542819946249
15,2009-2010,103,1,1,0.7373862054124649
15,2009-2010,104,1,1,0.6939587975766196
15,2009-2010,105,1,1,0.7547224947300718
15,2009-2010,106,0,1,0.7970170913086495
15,2009-2010,107,1,1,0.7497422353386084
15,2009-2010,108,0,0,0.476212759952748
15,2009-2010,109,1,1,0.6901099337920495
15,2009-2010,110,0,0,0.32886385618770514
15,2009-2010,111,1,1,0.7114598394845764
15,2009-2010,112,1,0,0.4657681668510965
15,2009-2010,113,1,1,0.6818274081040574
15,2009-2010,114,0,0,0.42644681773465437
15,2009-2010,115,0,1,0.7055870150088804
15,2009-2010,116,1,1,0.6608415837311362
15,2009-2010,117,1,0,0.3107152134009461
15,2009-2010,118,1,1,0.6353402986466198
15,2009-2010,119,0,0,0.44478408638657335
15,2009-2010,120,1,1,0.7883935418988438
15,2009-2010,121,0,1,0.6486605163280055
15,2009-2010,122,1,1,0.8080131074362608
15,2009-2010,123,1,1,0.6192376631646361
15,2009-2010,124,1,1,0.7451054428667977
15,2009-2010,125,1,1,0.7921239272854511
15,2009-2010,126,1,1,0.573546456854618
15,2009-2010,127,1,1,0.5680304794410319
15,2009-2010,128,0,1,0.7324381867326965
15,2009-2010,129,0,1,0.575478175388745
15,2009-2010,130,1,1,0.7211036918075079
15,2009-2010,131,0,1,0.6676512351451149
15,2009-2010,132,0,1,0.6834224645631531
15,2009-2010,133,0,1,0.7822600850132164
15,2009-2010,134,1,1,0.7976018291330028
15,2009-2010,135,1,1,0.5961975783133608
15,2009-2010,136,1,1,0.6782458437567618
15,2009-2010,137,0,1,0.5839887873989738
15,2009-2010,138,0,1,0.7235944829403888
15,2009-2010,139,1,1,0.5453789905489086
15,2009-2010,140,1,1,0.664999076446485
15,2009-2010,141,1,1,0.7201014201774424
15,2009-2010,142,1,1,0.6335704912625592
15,2009-2010,143,1,1,0.5892612726371083
15,2009-2010,144,0,1,0.7305295993284472
15,2009-2010,145,1,1,0.6750957941142993
15,2009-2010,146,1,1,0.6845294522978299
15,2011-2012,16,1,1,0.7740489930454971
15,2011-2012,17,0,1,0.7011705799873621
15,2011-2012,18,1,1,0.7450725847459323
15,2011-2012,19,0,1,0.6471049059254765
15,2011-2012,20,0,1,0.6827228288761384
15,2011-2012,21,1,1,0.7086489438721006
15,2011-2012,22,1,1,0.549734717951268
15,2011-2012,23,1,1,0.5622085717277464
15,2011-2012,24,1,1,0.7093744726724549
15,2011-2012,25,0,1,0.6403505262508066
15,2011-2012,26,1,1,0.699288029954379
15,2011-2012,27,1,1,0.7117908734533139
15,2011-2012,28,0,1,0.6221946303294061
15,2011-2012,29,1,1,0.6103169921249472
15,2011-2012,30,0,1,0.5721154285451934
15,2011-2012,31,0,1,0.6902386522550431
15,2011-2012,32,0,1,0.5880814880470662
15,2011-2012,33,1,1,0.5914531435706035
15,2011-2012,34,0,1,0.6687240230147731
15,2011-2012,35,1,1,0.5368127162073876
15,2011-2012,36,1,1,0.6767012476879405
15,2011-2012,37,0,1,0.6446506481071862
15,2011-2012,38,1,1,0.6556392221955275
15,2011-2012,39,1,1,0.5640263953415026
15,2011-2012,40,1,1,0.6871107462714098
15,2011-2012,41,1,1,0.6736531763523185
15,2011-2012,42,1,1,0.668610361056443
15,2011-2012,43,1,1,0.6938133779082053
15,2011-2012,44,1,1,0.7322497213381782
15,2011-2012,45,0,1,0.6599335810274002
15,2011-2012,46,0,1,0.7174626051433574
15,2011-2012,47,0,1,0.599236318531983
15,2011-2012,48,1,1,0.7907676059231045
15,2011-2012,49,1,1,0.6592271375685561
15,2011-2012,50,1,1,0.7734488006412076
15,2011-2012,51,1,1,0.7339191087075502
15,2011-2012,52,0,1,0.5775030158819039
15,2011-2012,53,1,1,0.7042603355516981
15,2011-2012,54,1,1,0.5409105802096593
15,2011-2012,55,1,1,0.6429627401559377
15,2011-2012,56,0,1,0.621239772011931
15,2011-2012,57,1,1,0.8098776818864242
15,2011-2012,58,1,1,0.7158661618613221
15,2011-2012,59,1,1,0.8626208192732363
15,2011-2012,60,0,1,0.6360990365911522
15,2011-2012,61,1,1,0.828400376566506
15,2011-2012,62,1,1,0.8248713183099382
15,2011-2012,63,1,1,0.6767417867228706
15,2011-2012,64,1,1,0.7582368175752686
15,2011-2012,65,0,1,0.6466115019807281
15,2011-2012,66,0,1,0.7440207821557786
15,2011-2012,67,0,1,0.6676613930434958
15,2011-2012,68,0,1,0.5364403134121292
15,2011-2012,69,1,1,0.5097769309892289
15,2011-2012,70,1,1,0.6318040075079209
15,2011-2012,71,0,1,0.618844509857497
15,2011-2012,72,1,1,0.6245635403191366
15,2011-2012,73,1,1,0.6728185646275076
15,2011-2012,74,0,0,0.36088378344654254
15,2011-2012,75,0,1,0.5654992194788127
15,2011-2012,76,1,0,0.4632451911675861
15,2011-2012,77,1,1,0.5442586074227324
15,2011-2012,78,1,1,0.7273198387037599
15,2011-2012,79,1,1,0.7513921167313682
15,2011-2012,80,1,1,0.7297595479961573
15,2011-2012,81,1,1,0.7675514578583683
15,2011-2012,82,1,1,0.6060426721411493
15,2011-2012,83,1,1,0.7621427598288979
15,2011-2012,84,1,1,0.8589469728813236
15,2011-2012,85,1,1,0.7721457735055124
15,2011-2012,86,1,1,0.8572821003133946
15,2011-2012,87,1,1,0.5645271602943294
15,2011-2012,88,1,1,0.8133702135533631
15,2011-2012,89,0,1,0.7716877409840034
15,2011-2012,90,0,1,0.5168343741946284
15,2011-2012,91,1,1,0.7776117041091032
15,2011-2012,92,0,1,0.6430970326385267
15,2011-2012,93,1,1,0.747825614428902
15,2011-2012,94,1,1,0.8000095961599798
15,2011-2012,95,0,1,0.5126587924174167
15,2011-2012,96,0,1,0.7013110300293
15,2011-2012,97,1,1,0.6211737147305537
15,2011-2012,98,1,1,0.6871914657415151
15,2011-2012,99,0,0,0.3804146901369875
15,2011-2012,100,1,1,0.6788235158776724
15,2011-2012,101,1,1,0.7599878802998054
15,2011-2012,102,1,1,0.7014222859647918
15,2011-2012,103,0,1,0.5091390076330428
15,2011-2012,104,0,1,0.6883710187950506
15,2011-2012,105,1,1,0.6052912987842703
15,2011-2012,106,1,1,0.7939356909683599
15,2011-2012,107,0,1,0.6172367039200791
15,2011-2012,108,0,0,0.3520435605583039
15,2011-2012,109,1,1,0.8082943399381067
15,2011-2012,110,0,1,0.8101736292537259
15,2011-2012,111,0,0,0.4846483025506998
15,2011-2012,112,1,1,0.7743421820597476
15,2011-2012,113,1,1,0.654617939693565
15,2011-2012,114,0,0,0.46926450994030283
15,2011-2012,115,1,1,0.7823241569881544
15,2011-2012,116,1,1,0.5542829194282165
15,2011-2012,117,1,1,0.7414551116478858
15,2011-2012,118,1,1,0.7538191092289859
15,2011-2012,119,1,1,0.5637687510074568
15,2011-2012,120,1,1,0.6484511918457971
15,2011-2012,121,1,1,0.6539609195832388
15,2011-2012,122,0,1,0.733704272086106
15,2011-2012,123,1,1,0.7691794076238054
15,2011-2012,124,1,1,0.7403292369210199
15,2011-2012,125,0,1,0.6395999177279507
15,2011-2012,126,1,1,0.7877777281959774
15,2011-2012,127,1,1,0.794063349645092
15,2011-2012,128,0,1,0.5921810291282634
15,2011-2012,129,1,1,0.7857048179339022
15,2011-2012,130,1,1,0.7979609329026406
15,2011-2012,131,1,1,0.8193050094460805
15,2011-2012,132,1,1,0.6447006094315059
15,2011-2012,133,0,1,0.6489602184797229
15,2011-2012,134,1,1,0.782694964506147
15,2011-2012,135,1,1,0.7001964363220233
15,2011-2012,136,0,1,0.6744015113378575
15,2011-2012,137,0,1,0.6261987982524261
15,2011-2012,138,1,1,0.678708849628479
15,2011-2012,139,0,1,0.7444335964111981
15,2011-2012,140,1,1,0.763600374637482
15,2011-2012,141,1,1,0.6380822572224603
15,2011-2012,142,1,1,0.7889440861195497
15,2011-2012,143,0,1,0.6509945629891295
15,2011-2012,144,0,1,0.7379857074124955
15,2011-2012,145,1,1,0.7927026055181275
15,2011-2012,146,1,1,0.7922690656903278
15,2011-2012,147,0,1,0.6884680754976589
15,2011-2012,148,1,1,0.6244380967206783
15,2011-2012,149,1,1,0.703295922557376
15,2011-2012,150,1,1,0.5787828187859322
15,2011-2012,151,1,0,0.49689734255062906
15,2011-2012,152,1,1,0.7605221136454549
15,2011-2012,153,1,1,0.8028668857775958
15,2011-2012,154,1,1,0.6318925374829297
15,2011-2012,155,1,1,0.8017574701039849
15,2011-2012,156,0,1,0.6743206623408339
15,2011-2012,157,0,1,0.7847255107346425
15,2011-2012,158,1,1,0.6387342961899826
15,2011-2012,159,0,1,0.6383894122066002
15,2011-2012,160,1,1,0.7645734514902633
15,2012-2013,16,1,1,0.582000586404759
15,2012-2013,17,1,1,0.6935648315884241
15,2012-2013,18,0,1,0.7209009810731732
15,2012-2013,19,1,1,0.5876086977342312
15,2012-2013,20,1,1,0.6451423604206943
15,2012-2013,21,1,1,0.6737672964480493
15,2012-2013,22,1,1,0.6726576000189902
15,2012-2013,23,0,1,0.7082204163623577
15,2012-2013,24,1,1,0.675379137734095
15,2012-2013,25,1,1,0.6337281014755555
15,2012-2013,26,0,1,0.6130638810639716
15,2012-2013,27,0,1,0.6478979067051435
15,2012-2013,28,1,1,0.6596955615085023
15,2012-2013,29,1,1,0.6385786544961425
15,2012-2013,30,1,1,0.6513970697514485
15,2012-2013,31,1,1,0.688039861069677
15,2012-2013,32,0,1,0.6555622339885364
15,2012-2013,33,0,1,0.6991357778400988
15,2012-2013,34,0,1,0.6560656665841171
15,2012-2013,35,1,1,0.6566360555467705
15,2012-2013,36,0,1,0.6580868513165768
15,2012-2013,37,1,1,0.6124301970578143
15,2012-2013,38,0,1,0.6471998005219723
15,2012-2013,39,0,1,0.6459761143530103
15,2012-2013,40,1,1,0.6210843520798625
15,2012-2013,41,1,1,0.630963597934917
15,2012-2013,42,1,1,0.5733348643391195
15,2012-2013,43,1,1,0.6363831630964032
15,2012-2013,44,0,1,0.6119743550884833
15,2012-2013,45,0,1,0.6197012655903598
15,2012-2013,46,1,1,0.6328029346740391
15,2012-2013,47,1,1,0.6331569298614697
15,2012-2013,48,1,1,0.6500405019361378
15,2012-2013,49,0,1,0.5698220940448612
15,2012-2013,50,1,1,0.6257514423919122
15,2012-2013,51,1,1,0.6149664259656411
15,2012-2013,52,1,1,0.6032130055352595
15,2012-2013,53,1,1,0.5893838581415288
15,2012-2013,54,0,1,0.6167479510382045
15,2012-2013,55,1,1,0.5739116445939272
15,2012-2013,56,1,1,0.6465153492273874
15,2012-2013,57,0,1,0.6352817347377775
15,2012-2013,58,1,1,0.6281998748699419
15,2012-2013,59,0,1,0.60345650212432
15,2012-2013,60,0,1,0.6097439242081021
15,2012-2013,61,1,1,0.6463944929165693
15,2012-2013,62,1,1,0.657000210517329
15,2012-2013,63,0,1,0.5967929495247551
15,2012-2013,64,0,1,0.6245339111732436
15,2012-2013,65,0,1,0.5157541803511241
15,2012-2013,66,1,1,0.601444745473415
15,2012-2013,67,0,1,0.6287825696617168
15,2012-2013,68,0,1,0.6155552249611363
15,2012-2013,69,0,1,0.5343463030248968
15,2012-2013,70,0,1,0.5580840558331085
15,2012-2013,71,1,1,0.565356416937229
15,2012-2013,72,1,1,0.6445997503531646
15,2012-2013,73,1,1,0.5378434490192618
15,2012-2013,74,0,1,0.55175472369579
15,2012-2013,75,0,1,0.5733850852518727
15,2012-2013,76,0,1,0.6016390589886971
15,2012-2013,77,0,0,0.46915978413312337
15,2012-2013,78,0,1,0.5300626188261813
15,2012-2013,79,0,1,0.615236130755758
15,2012-2013,80,0,1,0.513789851927062
15,2012-2013,81,1,1,0.5573028508645291
15,2012-2013,82,1,1,0.5537203841321052
15,2012-2013,83,1,1,0.5547492909166472
15,2012-2013,84,1,0,0.4629827669998308
15,2012-2013,85,0,0,0.4603701204036664
15,2012-2013,86,0,1,0.5032658103188173
15,2012-2013,87,1,1,0.6394112627211843
15,2012-2013,88,1,1,0.54859075604088
15,2012-2013,89,1,1,0.6005179215218429
15,2012-2013,90,0,1,0.5435326933984357
15,2012-2013,91,0,0,0.4380320979491841
15,2012-2013,92,1,1,0.545264597514653
15,2012-2013,93,1,1,0.5891905158794559
15,2012-2013,94,1,1,0.5862418766613646
15,2012-2013,95,1,1,0.6459361642476125
15,2012-2013,96,1,1,0.6644582034237313
15,2012-2013,97,1,1,0.5693537663465581
15,2012-2013,98,1,1,0.6225924874781283
15,2012-2013,99,1,1,0.6169862168078671
15,2012-2013,100,0,0,0.40131235735255566
15,2012-2013,101,0,1,0.7014099234491482
15,2012-2013,102,1,1,0.5264667078565801
15,2012-2013,103,1,0,0.46464013307873997
15,2012-2013,104,0,1,0.5371842958381553
15,2012-2013,105,0,1,0.5141193942846765
15,2012-2013,106,1,0,0.49432837566718474
15,2012-2013,107,0,0,0.35008147312495924
15,2012-2013,108,0,1,0.5774256556781364
15,2012-2013,109,1,1,0.5248911262893076
15,2012-2013,110,0,1,0.506904459217651
15,2012-2013,111,0,1,0.5843986958647374
15,2012-2013,112,0,0,0.31235272700883265
15,2012-2013,113,1,1,0.5429186805275044
15,2012-2013,114,1,1,0.5503075299829142
15,2012-2013,115,0,1,0.5869159738091952
15,2012-2013,116,1,1,0.531252725213143
15,2012-2013,117,1,0,0.4257219930031085
15,2012-2013,118,0,0,0.43417410894437974
15,2012-2013,119,1,1,0.6016859446648755
15,2012-2013,120,0,0,0.4091345103922403
15,2012-2013,121,1,1,0.6423993406826352
15,2012-2013,122,1,1,0.6452597220585684
15,2012-2013,123,1,1,0.6445043961084166
15,2012-2013,124,1,1,0.67077620075516
15,2012-2013,125,0,1,0.5149959559103461
15,2012-2013,126,1,1,0.6247710771853962
15,2012-2013,127,1,1,0.5692109833557424
15,2012-2013,128,1,1,0.5301723825480874
15,2012-2013,129,0,0,0.45660837836178264
15,2012-2013,130,1,1,0.6289177230053454
15,2012-2013,131,1,1,0.694288245204872
15,2012-2013,132,1,1,0.6557785564914499
15,2012-2013,133,1,1,0.5696255315092585
15,2012-2013,134,1,1,0.6118358081641464
15,2012-2013,135,1,1,0.719623714959515
15,2012-2013,136,0,1,0.6792179155965125
15,2012-2013,137,1,1,0.6507377696973174
15,2012-2013,138,0,1,0.5068815233702788
15,2012-2013,139,0,0,0.4109920240492716
15,2012-2013,140,1,1,0.6059362905412937
15,2012-2013,141,1,1,0.5857036994983489
15,2012-2013,142,1,1,0.5625173921462236
15,2012-2013,143,1,1,0.6297752564433008
15,2012-2013,144,0,1,0.6382397899091881
15,2012-2013,145,0,1,0.5597663183816086
15,2012-2013,146,1,1,0.7602877126747595
15,2012-2013,147,0,1,0.6128044859155872
15,2012-2013,148,1,1,0.6488770135896628
15,2012-2013,149,1,0,0.4546989042885946
15,2012-2013,150,1,1,0.5308774012022414
15,2012-2013,151,1,1,0.7051184732569233
15,2012-2013,152,0,1,0.5369403069690711
15,2012-2013,153,1,1,0.7705715960060634
15,2012-2013,154,1,1,0.6309190902976762
15,2012-2013,155,1,1,0.6090545635124808
15,2012-2013,156,0,1,0.676847818802187
15,2012-2013,157,0,0,0.43342732792324906
15,2012-2013,158,1,1,0.6718403899623858
15,2012-2013,159,1,1,0.6568428334855073
15,2012-2013,160,1,1,0.6490949847139723
15,2012-2013,161,1,1,0.7549299139797752
15,2012-2013,162,0,1,0.512884567368986
15,2012-2013,163,1,1,0.6846778780523641
15,2012-2013,164,1,1,0.6457385138425572
15,2012-2013,165,1,1,0.7539631206701753
15,2012-2013,166,0,1,0.6676142447035324
15,2012-2013,167,1,1,0.7494104090516929
15,2012-2013,168,0,0,0.3702991904395666
15,2012-2013,169,1,1,0.7073562490456503
15,2012-2013,170,0,1,0.62492873698739
15,2012-2013,171,0,1,0.6202493272070808
15,2012-2013,172,0,1,0.5758711510768693
15,2012-2013,173,1,0,0.48910491927743927
15,2012-2013,174,0,0,0.4330403668740117
15,2012-2013,175,0,1,0.7318747828202177
15,2012-2013,176,0,0,0.46220840861681095
15,2012-2013,177,1,1,0.6281213904197728
15,2012-2013,178,0,0,0.34143456067944955
15,2012-2013,179,0,0,0.4036658346984911
15,2012-2013,180,1,0,0.3907087274194399
15,2012-2013,181,0,1,0.6356385917988371
15,2012-2013,182,0,1,0.5032319343809301
15,2012-2013,183,1,1,0.7353504340056233
15,2012-2013,184,0,1,0.5063869349426208
15,2012-2013,185,1,1,0.6469834830292566
15,2012-2013,186,1,1,0.7256706756410115
15,2012-2013,187,0,1,0.6663586306486243
15,2012-2013,188,0,1,0.5347365689913298
15,2012-2013,189,1,1,0.6447863131105451
15,2012-2013,190,1,1,0.6795437748309573
15,2012-2013,191,0,1,0.7152484715278776
15,2012-2013,192,1,1,0.6797742375844904
15,2012-2013,193,0,1,0.6599446244814764
15,2012-2013,194,1,0,0.48786033514220706
15,2012-2013,195,0,1,0.5364350478894024
15,2012-2013,196,1,1,0.5668486415047626
15,2012-2013,197,1,1,0.727884464417372
15,2012-2013,198,0,0,0.4061844165801647
15,2012-2013,199,1,1,0.8128576904201169
15,2012-2013,200,1,0,0.4754452490245752
15,2012-2013,201,1,1,0.5970303036530996
15,2012-2013,202,0,0,0.4745942124021251
15,2012-2013,203,1,1,0.5271756465776386
15,2012-2013,204,0,0,0.47281399250629014
15,2012-2013,205,0,0,0.29539836717463813
15,2012-2013,206,1,1,0.7674270881323859
15,2012-2013,207,0,0,0.319624354416754
15,2012-2013,208,0,1,0.5625515086341989
15,2012-2013,209,1,1,0.6665638731030075
15,2012-2013,210,1,1,0.7259169584403484
15,2012-2013,211,0,0,0.321064591536091
15,2012-2013,212,1,0,0.290431895370533
15,2012-2013,213,1,0,0.36754107159071336
15,2012-2013,214,1,0,0.3356882644921964
15,2012-2013,215,0,1,0.6174550172763159
15,2012-2013,216,0,1,0.6783139034540198
15,2012-2013,217,0,0,0.3529291424651098
15,2012-2013,218,1,0,0.4445470840748274
15,2012-2013,219,0,0,0.4480956019326473
15,2012-2013,220,0,0,0.2869634868345383
15,2012-2013,221,1,0,0.4727573547425231
15,2012-2013,222,1,1,0.6311698562371854
15,2012-2013,223,1,0,0.42452726221240605
15,2012-2013,224,0,1,0.5348155725742001
15,2012-2013,225,1,1,0.5327180169335153
15,2012-2013,226,1,1,0.5458371623271735
15,2012-2013,227,1,1,0.7184768191814579
15,2012-2013,228,1,1,0.5791145709282831
15,2012-2013,229,1,1,0.7784434380492623
15,2012-2013,230,1,1,0.8625462651227068
15,2012-2013,231,1,1,0.7276681675511077
15,2012-2013,232,1,1,0.6703154313535711
15,2012-2013,233,1,1,0.6422568911990474
15,2012-2013,234,1,1,0.6109681244264723
15,2012-2013,235,1,0,0.42530317084712216
15,2012-2013,236,1,1,0.7105371800080801
15,2012-2013,237,0,0,0.4783951785128116
15,2012-2013,238,0,0,0.3793520519714105
15,2012-2013,239,0,0,0.300596126623623
15,2012-2013,240,1,0,0.33117367569285855
15,2012-2013,241,1,1,0.6604552103848503
15,2012-2013,242,0,1,0.543897574416891
15,2012-2013,243,0,1,0.5826852438911686
15,2012-2013,244,1,1,0.7651876690397221
15,2012-2013,245,0,0,0.35949132774610765
15,2012-2013,246,1,1,0.6070781934831283
15,2012-2013,247,1,0,0.434263264741324
15,2012-2013,248,1,1,0.6266684780531828
15,2012-2013,249,0,1,0.6720374197669586
15,2012-2013,250,0,1,0.6137460683364051
15,2012-2013,251,0,0,0.4635758393525946
15,2012-2013,252,0,1,0.5713147415798558
15,2012-2013,253,1,1,0.6598579605913146
15,2012-2013,254,0,1,0.542109775295202
15,2012-2013,255,0,1,0.5297813797786194
15,2012-2013,256,1,0,0.4400641210545302
15,2012-2013,257,1,1,0.7998443305230047
15,2012-2013,258,1,1,0.7101877879963346
15,2012-2013,259,1,1,0.6975135053498501
15,2012-2013,260,0,0,0.47341427133371
15,2012-2013,261,1,0,0.42108098072112743
15,2012-2013,262,1,1,0.6834540035348612
15,2012-2013,263,1,1,0.503839463079886
15,2012-2013,264,1,1,0.7556376219308875
15,2012-2013,265,1,1,0.5628349887916888
15,2012-2013,266,1,1,0.7118734878319046
15,2012-2013,267,1,1,0.7143755994205205
15,2012-2013,268,1,1,0.7239319366561603
15,2012-2013,269,0,0,0.4646892196848776
15,2012-2013,270,1,1,0.7482589591168244
15,2012-2013,271,0,0,0.42469292001186726
15,2012-2013,272,0,0,0.3541868751353726
15,2012-2013,273,0,1,0.6995047196332022
15,2012-2013,274,1,1,0.5722222134718629
15,2012-2013,275,1,1,0.7386221780042762
15,2012-2013,276,0,1,0.5848159171112669
15,2012-2013,277,1,1,0.6720852127970125
15,2012-2013,278,1,1,0.6899889007521952
15,2012-2013,279,0,0,0.49062252279232377
15,2012-2013,280,0,1,0.7775438857172388
15,2012-2013,281,1,1,0.7928629203460174
15,2012-2013,282,1,1,0.5264965452789675
15,2012-2013,283,1,1,0.6733585162910019
15,2012-2013,284,1,1,0.6534761183545158
15,2012-2013,285,1,1,0.8388296488998802
15,2012-2013,286,1,1,0.7517896440101373
15,2012-2013,287,1,1,0.7394643556404735
15,2012-2013,288,0,1,0.5100846580489548
15,2012-2013,289,0,1,0.5360418789643883
15,2012-2013,290,1,1,0.7420451777636724
15,2012-2013,291,1,1,0.5163182694455783
15,2012-2013,292,0,0,0.49133097852460866
15,2012-2013,293,1,1,0.5492223663897235
15,2012-2013,294,1,1,0.7870946517407813
15,2012-2013,295,1,1,0.609332904835746
15,2012-2013,296,1,1,0.7134682044373735
15,2012-2013,297,1,1,0.7424271276086497
15,2012-2013,298,1,1,0.7353362720924791
15,2012-2013,299,1,1,0.752056102879406
15,2012-2013,300,1,1,0.805500446432075
15,2012-2013,301,1,1,0.7663252447852691
15,2012-2013,302,0,1,0.7710310069837358
15,2012-2013,303,1,1,0.7132927763608039
15,2012-2013,304,0,1,0.635220547117327
15,2012-2013,305,1,1,0.6047654401495639
15,2012-2013,306,0,1,0.6986253479643281
15,2012-2013,307,0,1,0.7607172133126143
15,2012-2013,308,1,1,0.7096153101502871
15,2012-2013,309,1,1,0.5640640503189744
15,2012-2013,310,0,1,0.5755984094759033
15,2012-2013,311,0,0,0.4005630450052612
15,2012-2013,312,1,0,0.47202825244932867
15,2012-2013,313,1,1,0.777637121855996
15,2012-2013,314,1,1,0.7234911123183584
15,2012-2013,315,0,1,0.7989976496220187
15,2012-2013,316,1,1,0.7841759034635896
15,2012-2013,317,1,1,0.7517567940600264
15,2012-2013,318,1,1,0.7982605118616439
15,2012-2013,319,0,1,0.771318750879871
15,2012-2013,320,1,1,0.7928756597896233
15,2012-2013,321,1,1,0.5661165813259729
15,2012-2013,322,1,1,0.5374086775319701
15,2012-2013,323,0,1,0.5974849107269494
15,2012-2013,324,0,1,0.7708409929658403
15,2012-2013,325,1,1,0.7345899143776445
15,2012-2013,326,1,1,0.7249505346682141
15,2012-2013,327,0,1,0.5583028004762255
15,2012-2013,328,1,0,0.48293389917682433
15,2012-2013,329,1,1,0.6998976567495151
15,2012-2013,330,1,1,0.7612674863438632
15,2012-2013,331,1,1,0.751300071765005
15,2012-2013,332,1,1,0.8036500811476657
15,2012-2013,333,1,0,0.49492104016576216
15,2012-2013,334,1,1,0.7924737014270468
15,2013-2014,16,0,0,0.47007413691824296
15,2013-2014,17,1,0,0.49032415670426455
15,2013-2014,18,0,1,0.5147936907993355
15,2013-2014,19,1,0,0.4848143983182644
15,2013-2014,20,1,1,0.5790452299692952
15,2013-2014,21,0,1,0.5530766184067014
15,2013-2014,22,1,1,0.5558318586435858
15,2013-2014,23,1,1,0.6033468842043327
15,2013-2014,24,1,1,0.5385995239637091
15,2013-2014,25,0,1,0.5909506380134134
15,2013-2014,26,1,1,0.579581988230873
15,2013-2014,27,1,1,0.5737318713208053
15,2013-2014,28,0,1,0.6313756188263987
15,2013-2014,29,0,1,0.5740189088746419
15,2013-2014,30,0,1,0.6014574184507119
15,2013-2014,31,1,1,0.528403735948968
15,2013-2014,32,1,1,0.5830733985978123
15,2013-2014,33,1,1,0.5795120871791416
15,2013-2014,34,1,1,0.6461919259256688
15,2013-2014,35,1,1,0.6395036548971583
15,2013-2014,36,0,1,0.5660835076795454
15,2013-2014,37,0,1,0.5507745602004203
15,2013-2014,38,1,1,0.5938131614796264
15,2013-2014,39,1,1,0.62880219252323
15,2013-2014,40,1,1,0.6020888313378342
15,2013-2014,41,1,1,0.6278473575851563
15,2013-2014,42,0,1,0.6455815880289361
15,2013-2014,43,1,1,0.5086036872712656
15,2013-2014,44,1,1,0.6559496671773257
15,2013-2014,45,1,1,0.6198297233399684
15,2013-2014,46,0,1,0.6028670082455139
15,2013-2014,47,0,1,0.5783196477738205
15,2013-2014,48,1,1,0.5701266931530812
15,2013-2014,49,1,1,0.5217521955800425
15,2013-2014,50,0,1,0.6626120602742949
15,2013-2014,51,1,1,0.6470201384086854
15,2013-2014,52,0,1,0.5476425150192348
15,2013-2014,53,0,1,0.5774811016877741
15,2013-2014,54,0,1,0.5701013701878928
15,2013-2014,55,0,1,0.5384485420011758
15,2013-2014,56,0,1,0.5580918330161303
15,2013-2014,57,1,1,0.598159936357916
15,2013-2014,58,1,1,0.56655261304955
15,2013-2014,59,0,0,0.47384183781638617
15,2013-2014,60,0,1,0.5408047689775852
15,2013-2014,61,1,1,0.5939757609388859
15,2013-2014,62,1,1,0.5813653361845169
15,2013-2014,63,0,1,0.5941163958146881
15,2013-2014,64,1,0,0.457340247963022
15,2013-2014,65,0,1,0.5422625206185558
15,2013-2014,66,1,1,0.5514834157177572
15,2013-2014,67,0,1,0.5385506088870173
15,2013-2014,68,0,1,0.5156449935407059
15,2013-2014,69,0,1,0.6166027150025615
15,2013-2014,70,1,1,0.5067372862946288
15,2013-2014,71,0,0,0.472989511971263
15,2013-2014,72,1,1,0.5870801197248753
15,2013-2014,73,1,1,0.5860883300101185
15,2013-2014,74,0,1,0.6014913866743975
15,2013-2014,75,1,1,0.5202981411166322
15,2013-2014,76,1,1,0.5547529964675539
15,2013-2014,77,1,1,0.5287435618342692
15,2013-2014,78,1,1,0.6267444486624355
15,2013-2014,79,0,1,0.50012810681589
15,2013-2014,80,1,1,0.6488438820697742
15,2013-2014,81,1,1,0.6029834321708836
15,2013-2014,82,1,0,0.49675647671647527
15,2013-2014,83,0,1,0.536264822440649
15,2013-2014,84,0,1,0.6655361591479686
15,2013-2014,85,1,1,0.61642083105912
15,2013-2014,86,0,1,0.5408188013443432
15,2013-2014,87,0,1,0.5955232688163687
15,2013-2014,88,0,0,0.4683867201290024
15,2013-2014,89,1,1,0.5976648576746475
15,2013-2014,90,0,0,0.4842390735731356
15,2013-2014,91,0,0,0.4728602987860984
15,2013-2014,92,1,1,0.5981681223279425
15,2013-2014,93,0,1,0.5546612055816452
15,2013-2014,94,0,1,0.5422101162714597
15,2013-2014,95,1,1,0.5380797844011312
15,2013-2014,96,1,1,0.5521362784257171
15,2013-2014,97,1,0,0.4914268927466054
15,2013-2014,98,0,0,0.4916785691640296
15,2013-2014,99,1,1,0.5217344444166957
15,2013-2014,100,0,0,0.41159419681822995
15,2013-2014,101,1,1,0.5407493648012295
15,2013-2014,102,1,1,0.5962245309094587
15,2013-2014,103,0,0,0.4993920982788899
15,2013-2014,104,1,1,0.5939041175578403
15,2013-2014,105,1,1,0.5479094095841666
15,2013-2014,106,1,0,0.46674754299597393
15,2013-2014,107,1,1,0.5540144955904488
15,2013-2014,108,1,1,0.648203918911024
15,2013-2014,109,0,1,0.516382180664588
15,2013-2014,110,0,0,0.4641662427999187
15,2013-2014,111,1,1,0.5127138265618075
15,2013-2014,112,1,1,0.6278972816938713
15,2013-2014,113,0,1,0.5654085934950747
15,2013-2014,114,1,1,0.574246563557886
15,2013-2014,115,1,1,0.6322869399077214
15,2013-2014,116,0,1,0.5364059272917396
15,2013-2014,117,1,1,0.6446891856933978
15,2013-2014,118,1,1,0.5720431082956409
15,2013-2014,119,0,1,0.5918566692774055
15,2013-2014,120,0,1,0.625136406418767
15,2013-2014,121,1,1,0.5490070657488232
15,2013-2014,122,0,0,0.42918634228253044
15,2013-2014,123,0,0,0.43351706611597607
15,2013-2014,124,1,1,0.6077683777640804
15,2013-2014,125,0,0,0.44723042655073775
15,2013-2014,126,0,1,0.583212284547409
15,2013-2014,127,0,0,0.387050089048934
15,2013-2014,128,1,0,0.4646639916957169
15,2013-2014,129,1,1,0.5477874467125227
15,2013-2014,130,1,1,0.5457020789791311
15,2013-2014,131,1,1,0.5084504714910926
15,2013-2014,132,1,1,0.5686188537496996
15,2013-2014,133,1,1,0.6270904331038974
15,2013-2014,134,1,0,0.4979395079473195
15,2013-2014,135,1,1,0.6762115888068254
15,2013-2014,136,1,1,0.568455238481519
15,2013-2014,137,1,1,0.699633359850696
15,2013-2014,138,1,1,0.5851261749631312
15,2013-2014,139,1,1,0.6415586237557565
15,2013-2014,140,1,0,0.42437468013054236
15,2013-2014,141,1,1,0.6873903496567684
15,2013-2014,142,0,1,0.6647483133680064
15,2013-2014,143,0,1,0.7118301179938924
15,2013-2014,144,1,1,0.5350152313884461
15,2013-2014,145,1,1,0.6674310300149354
15,2013-2014,146,0,0,0.4400106188642859
15,2013-2014,147,0,0,0.4267309457161599
15,2013-2014,148,0,0,0.36374122696916683
15,2013-2014,149,1,1,0.70726393173453
15,2013-2014,150,1,1,0.6734364195776663
15,2013-2014,151,0,0,0.4015763353259152
15,2013-2014,152,0,1,0.6656093936200301
15,2013-2014,153,0,0,0.47566137310967843
15,2013-2014,154,1,1,0.6186137779048175
15,2013-2014,155,0,1,0.5605263739761288
15,2013-2014,156,0,1,0.5463065782537871
15,2013-2014,157,1,1,0.5877087021903848
15,2013-2014,158,1,0,0.475738197917718
15,2013-2014,159,1,1,0.6909966201971955
15,2013-2014,160,0,0,0.4867846553412882
15,2013-2014,161,1,1,0.5574927388820513
15,2013-2014,162,0,0,0.47393496684777453
15,2013-2014,163,1,1,0.6038124911958925
15,2013-2014,164,1,1,0.557754941521275
15,2013-2014,165,0,1,0.5097286642614199
15,2013-2014,166,1,1,0.5971160403880726
15,2013-2014,167,1,0,0.3761836424688348
15,2013-2014,168,0,1,0.6069819110028963
15,2013-2014,169,0,0,0.3741302295664308
15,2013-2014,170,1,1,0.64482483874711
15,2013-2014,171,1,1,0.7242367564695484
15,2013-2014,172,1,0,0.434167019963132
15,2013-2014,173,1,1,0.7321187066752757
15,2013-2014,174,1,1,0.6965777988083662
15,2013-2014,175,0,1,0.6616215594068833
15,2013-2014,176,1,1,0.688943236452763
15,2013-2014,177,1,0,0.40151966320579524
15,2013-2014,178,1,1,0.6387877798515066
15,2013-2014,179,0,0,0.402030405910412
15,2013-2014,180,1,0,0.4634623745774222
15,2013-2014,181,0,0,0.3771014599036285
15,2013-2014,182,0,1,0.5003302631356996
15,2013-2014,183,1,1,0.6708078299809006
15,2013-2014,184,0,1,0.5719738426733376
15,2013-2014,185,1,0,0.38934841601419173
15,2013-2014,186,0,1,0.6418270832323053
15,2013-2014,187,0,1,0.6497560535444461
15,2013-2014,188,1,1,0.6414529331693574
15,2013-2014,189,1,1,0.5608080659518048
15,2013-2014,190,1,1,0.711137783403593
15,2013-2014,191,0,0,0.3235786628302656
15,2013-2014,192,1,1,0.5197153208460408
15,2013-2014,193,1,1,0.6835846393834756
15,2013-2014,194,0,0,0.47806007652684435
15,2013-2014,195,1,0,0.4336879176665715
15,2013-2014,196,1,1,0.6720086158460934
15,2013-2014,197,1,1,0.7635790052732249
15,2013-2014,198,1,1,0.6977217392135896
15,2013-2014,199,1,1,0.5625854102834645
15,2013-2014,200,0,1,0.5288420635528339
15,2013-2014,201,1,1,0.5239807426135225
15,2013-2014,202,1,1,0.8143636776182113
15,2013-2014,203,1,1,0.7671560833988663
15,2013-2014,204,1,1,0.7658084401708687
15,2013-2014,205,0,1,0.5828227363295964
15,2013-2014,206,1,1,0.6461438762851306
15,2013-2014,207,1,1,0.7439025763225956
15,2013-2014,208,1,1,0.7159014093865639
15,2013-2014,209,1,0,0.40483535645239116
15,2013-2014,210,1,1,0.689762984742355
15,2013-2014,211,1,1,0.6886622945066084
15,2013-2014,212,0,0,0.2683678285953257
15,2013-2014,213,0,1,0.5367152973218932
15,2013-2014,214,1,1,0.6253316416606464
15,2013-2014,215,0,0,0.45823877295716814
15,2013-2014,216,0,1,0.6906053529570194
15,2013-2014,217,1,1,0.5295089634981575
15,2013-2014,218,0,0,0.2599288902124026
15,2013-2014,219,1,1,0.6421040983353961
15,2013-2014,220,1,1,0.7036003798112234
15,2013-2014,221,1,1,0.6842652067110514
15,2013-2014,222,1,0,0.4010517819469179
15,2013-2014,223,0,1,0.5568914632465578
15,2013-2014,224,0,1,0.6430097054939293
15,2013-2014,225,1,1,0.6513268704714095
15,2013-2014,226,0,1,0.5673496192385008
15,2013-2014,227,0,1,0.742886287408411
15,2013-2014,228,0,1,0.6807142112293967
15,2013-2014,229,1,0,0.4916640485815839
15,2013-2014,230,0,1,0.5163104816568052
15,2013-2014,231,1,1,0.6727780290601537
15,2013-2014,232,1,1,0.5874918226886592
15,2013-2014,233,1,1,0.5819935177234468
15,2013-2014,234,0,0,0.4174025095853282
15,2013-2014,235,1,1,0.7084942987345906
15,2013-2014,236,1,1,0.5696499440551106
15,2013-2014,237,1,1,0.5570560190527655
15,2013-2014,238,1,1,0.5503764082906346
15,2013-2014,239,0,1,0.7206852380389263
15,2013-2014,240,1,1,0.6493182609116965
15,2013-2014,241,1,0,0.32399619070255736
15,2013-2014,242,1,1,0.6377841030509439
15,2013-2014,243,1,0,0.35499320800305073
15,2013-2014,244,1,1,0.6690609402785044
15,2013-2014,245,1,1,0.7582875833673203
15,2013-2014,246,0,1,0.5649506971474342
15,2013-2014,247,1,1,0.6913989475518647
15,2013-2014,248,1,1,0.5580667480195937
15,2013-2014,249,0,1,0.6884070235347317
15,2013-2014,250,1,1,0.741265537937051
15,2013-2014,251,0,1,0.5971247781721827
15,2013-2014,252,1,1,0.7797650427622881
15,2013-2014,253,1,1,0.5658461441039463
15,2013-2014,254,1,1,0.7655966063522386
15,2013-2014,255,1,1,0.7663757352091846
15,2013-2014,256,0,1,0.6347995607192779
15,2013-2014,257,1,1,0.7905593303311611
15,2013-2014,258,0,1,0.6820518699400724
15,2013-2014,259,1,1,0.6928737383242087
15,2013-2014,260,1,1,0.5766764511965866
15,2013-2014,261,1,1,0.6192284323582348
15,2013-2014,262,1,1,0.7075610564506053
15,2013-2014,263,1,1,0.7596057286487259
15,2013-2014,264,0,1,0.6530575683839085
15,2013-2014,265,1,1,0.7276225285024983
15,2013-2014,266,0,1,0.7176455033840122
15,2013-2014,267,1,1,0.6087550466786454
15,2013-2014,268,0,1,0.6074388577012343
15,2013-2014,269,1,1,0.6456727997398539
15,2013-2014,270,1,1,0.6202468985044929
15,2013-2014,271,1,1,0.6507472880159114
15,2013-2014,272,1,1,0.6596064197095217
15,2013-2014,273,0,1,0.6824283578465802
15,2013-2014,274,1,1,0.7243173629526087
15,2013-2014,275,1,1,0.6039725032579997
15,2013-2014,276,0,1,0.7115054996435466
15,2013-2014,277,0,1,0.6242209749546943
15,2013-2014,278,1,1,0.6564912740667957
15,2013-2014,279,1,1,0.5761669517730865
15,2013-2014,280,0,1,0.6339996423376624
15,2013-2014,281,1,1,0.5921474221266201
15,2013-2014,282,0,1,0.68717934224456
15,2013-2014,283,1,0,0.4476066894470611
15,2013-2014,284,1,1,0.7366921157390252
15,2013-2014,285,0,1,0.5799823960743415
15,2013-2014,286,0,1,0.665330866925939
15,2013-2014,287,0,0,0.48552243680230156
15,2013-2014,288,1,1,0.7312725887982552
15,2013-2014,289,1,1,0.6150174822395985
15,2013-2014,290,1,1,0.6127763517229767
15,2013-2014,291,0,1,0.5762594016288017
15,2013-2014,292,1,1,0.6281987116765382
15,2013-2014,293,1,1,0.501890776830599
15,2013-2014,294,0,1,0.6782442639427662
15,2013-2014,295,0,1,0.5616351099335063
15,2013-2014,296,0,0,0.48971534148457385
15,2013-2014,297,0,1,0.6499898351177684
15,2013-2014,298,0,0,0.43531322297959973
15,2013-2014,299,1,1,0.6368698155437983
15,2013-2014,300,1,0,0.4915452832465136
15,2014-2015,16,1,1,0.8202847331566907
15,2014-2015,17,1,1,0.8236242471933808
15,2014-2015,18,1,1,0.8425061204876271
15,2014-2015,19,1,1,0.8457323206230463
15,2014-2015,20,1,1,0.8597814285619891
15,2014-2015,21,0,1,0.8839949320183365
15,2014-2015,22,1,1,0.8375477146004422
15,2014-2015,23,1,1,0.808560008212172
15,2014-2015,24,1,1,0.827841886365021
15,2014-2015,25,0,1,0.8351014213010501
15,2014-2015,26,1,1,0.7998943818069695
15,2014-2015,27,0,1,0.8125282294609086
15,2014-2015,28,1,1,0.7844010133788029
15,2014-2015,29,1,1,0.7790772882298314
15,2014-2015,30,1,1,0.7960969935193283
15,2014-2015,31,1,1,0.7736835820714516
15,2014-2015,32,0,1,0.7949812999568899
15,2014-2015,33,0,1,0.8127080022211853
15,2014-2015,34,1,1,0.7769528830734
15,2014-2015,35,1,1,0.7922280106154578
15,2014-2015,36,0,1,0.7737663348285
15,2014-2015,37,0,1,0.713574442170659
15,2014-2015,38,0,1,0.7189643562995774
15,2014-2015,39,0,1,0.7176751814828075
15,2014-2015,40,1,1,0.7162073184965154
15,2014-2015,41,0,1,0.7013372300412333
15,2014-2015,42,0,1,0.7500525853762897
15,2014-2015,43,1,1,0.6955491723076944
15,2014-2015,44,0,1,0.6707393517741196
15,2014-2015,45,0,1,0.6440407904096437
15,2014-2015,46,1,1,0.637280696084233
15,2014-2015,47,0,1,0.6617587765248887
15,2014-2015,48,1,1,0.6355486787349273
15,2014-2015,49,1,1,0.6567754166713946
15,2014-2015,50,0,1,0.6460728664089017
15,2014-2015,51,0,1,0.6539599306431092
15,2014-2015,52,1,1,0.598968670541681
15,2014-2015,53,0,1,0.6422656547678571
15,2014-2015,54,0,1,0.5794671229579368
15,2014-2015,55,1,1,0.6099542444109326
15,2014-2015,56,0,1,0.6250767277020793
15,2014-2015,57,0,1,0.6002321404146663
15,2014-2015,58,0,1,0.5674852018476247
15,2014-2015,59,1,1,0.5267190138104169
15,2014-2015,60,1,1,0.5550885703498557
15,2014-2015,61,0,1,0.5204454621396976
15,2014-2015,62,1,1,0.5305453662089634
15,2014-2015,63,1,1,0.6102811146910085
15,2014-2015,64,0,1,0.5951621432970773
15,2014-2015,65,1,1,0.624940811067483
15,2014-2015,66,0,1,0.5806596821084805
15,2014-2015,67,1,1,0.5942835160166013
15,2014-2015,68,1,1,0.6136617679499999
15,2014-2015,69,0,1,0.5168712338049208
15,2014-2015,70,0,1,0.5488890730341635
15,2014-2015,71,0,1,0.5832607510209203
15,2014-2015,72,1,1,0.5797576933957809
15,2014-2015,73,1,1,0.5483144209167383
15,2014-2015,74,1,1,0.6667964875660246
15,2014-2015,75,0,0,0.47931681264367476
15,2014-2015,76,0,1,0.5277485475985298
15,2014-2015,77,1,1,0.5399927178431858
15,2014-2015,78,1,1,0.5246059010542109
15,2014-2015,79,1,1,0.5492534119334085
15,2014-2015,80,1,0,0.4891600958993123
15,2014-2015,81,0,1,0.615172586871866
15,2014-2015,82,0,1,0.5601271778943285
15,2014-2015,83,0,1,0.5525576652059757
15,2014-2015,84,0,0,0.49395660026837424
15,2014-2015,85,0,1,0.5757532352838158
15,2014-2015,86,1,0,0.49477718191426545
15,2014-2015,87,1,1,0.5571633651727882
15,2014-2015,88,0,1,0.512599132596466
15,2014-2015,89,1,1,0.5213694898319254
15,2014-2015,90,1,1,0.5786545554569446
15,2014-2015,91,0,1,0.5341869783823051
15,2014-2015,92,0,1,0.5580395936215031
15,2014-2015,93,0,0,0.4799837220329209
15,2014-2015,94,1,1,0.5540881017328094
15,2014-2015,95,1,0,0.4787506309996343
15,2014-2015,96,1,1,0.5148918506508002
15,2014-2015,97,0,1,0.5469197909520019
15,2014-2015,98,0,1,0.5306076697593954
15,2014-2015,99,1,1,0.5564488461053729
15,2014-2015,100,1,1,0.5769422952996982
15,2014-2015,101,1,1,0.5866073926570322
15,2014-2015,102,0,1,0.6165753842037267
15,2014-2015,103,0,1,0.5700352842998866
15,2014-2015,104,1,1,0.6282943982189653
15,2014-2015,105,0,1,0.500054391204226
15,2014-2015,106,0,1,0.541133861935335
15,2014-2015,107,1,1,0.6988471877259346
15,2014-2015,108,1,1,0.669107475049114
15,2014-2015,109,0,1,0.548603729497333
15,2014-2015,110,0,1,0.6271014229644045
15,2014-2015,111,0,1,0.536465776745721
15,2014-2015,112,1,1,0.5993479686797036
15,2014-2015,113,0,1,0.5152044321857356
15,2014-2015,114,1,1,0.616091694627912
15,2014-2015,115,1,1,0.5644119160378157
15,2014-2015,116,1,1,0.532739350187724
15,2014-2015,117,0,0,0.4520445152278918
15,2014-2015,118,0,1,0.5833824688247037
15,2014-2015,119,1,1,0.5321123796341328
15,2014-2015,120,1,1,0.5672342039687126
15,2014-2015,121,0,1,0.6332322616524598
15,2014-2015,122,0,0,0.3868860662001141
15,2014-2015,123,1,1,0.5547888631885152
15,2014-2015,124,0,1,0.5309712497645306
15,2014-2015,125,1,0,0.4823369720426646
15,2014-2015,126,1,1,0.5819299446608879
15,2014-2015,127,1,1,0.632988503484406
15,2014-2015,128,1,1,0.7110362881570061
15,2014-2015,129,0,0,0.49117734121033524
15,2014-2015,130,0,1,0.573713712490051
15,2014-2015,131,1,1,0.5930165361094584
15,2014-2015,132,1,1,0.6756770021759958
15,2014-2015,133,1,1,0.6697185418392512
15,2014-2015,134,1,1,0.7044342169164389
15,2014-2015,135,1,1,0.6061754233911048
15,2014-2015,136,1,1,0.6558972275839464
15,2014-2015,137,1,1,0.6234711314052817
15,2014-2015,138,1,0,0.470485898505757
15,2014-2015,139,1,1,0.6454748244529788
15,2014-2015,140,1,1,0.5836429470717273
15,2014-2015,141,0,1,0.57414248465407
15,2014-2015,142,1,1,0.6294513000391174
15,2014-2015,143,0,1,0.6702260824473304
15,2014-2015,144,1,1,0.591450395142537
15,2014-2015,145,1,1,0.729773061692095
15,2014-2015,146,0,1,0.646758050278117
15,2014-2015,147,1,1,0.6808047329731124
15,2014-2015,148,1,1,0.6652389426927865
15,2014-2015,149,1,1,0.531489181551248
15,2014-2015,150,0,1,0.5252804502882248
15,2014-2015,151,0,0,0.47934679201682134
15,2014-2015,152,1,1,0.6660427328129961
15,2014-2015,153,0,1,0.5446108471201275
15,2014-2015,154,0,1,0.6774349728397595
15,2014-2015,155,0,1,0.523641447793101
15,2014-2015,156,0,1,0.6253772646030729
15,2014-2015,157,1,1,0.7010283573582817
15,2014-2015,158,1,1,0.6262003354524517
15,2014-2015,159,0,0,0.45828739570742055
15,2014-2015,160,1,1,0.5016472219117076
15,2014-2015,161,0,1,0.5745698821139866
15,2014-2015,162,1,1,0.725273697534137
15,2014-2015,163,1,1,0.6100595284268144
15,2014-2015,164,1,1,0.6015284354169016
15,2014-2015,165,0,1,0.6866685763317966
15,2014-2015,166,1,1,0.7946707790354254
15,2014-2015,167,0,1,0.5796242877622748
15,2014-2015,168,1,1,0.7285180106627916
15,2014-2015,169,1,1,0.688827728468217
15,2014-2015,170,1,1,0.6439150742649102
15,2014-2015,171,1,1,0.605073844042474
15,2014-2015,172,1,1,0.5252431528621101
15,2014-2015,173,1,1,0.643447460077462
15,2014-2015,174,1,1,0.666393057017849
15,2014-2015,175,1,1,0.5349778256742848
15,2014-2015,176,0,1,0.6027767393101294
15,2014-2015,177,1,1,0.8391570254445089
15,2014-2015,178,0,0,0.4992681403279818
15,2014-2015,179,1,1,0.7123778762659247
15,2014-2015,180,1,1,0.8259284773735485
15,2014-2015,181,0,0,0.31969864040708756
15,2014-2015,182,0,1,0.6630689014240958
15,2014-2015,183,1,1,0.7436588385345944
15,2014-2015,184,0,0,0.4818343042284199
15,2014-2015,185,1,0,0.4230049846738485
15,2014-2015,186,1,1,0.5212217715712246
15,2014-2015,187,0,0,0.4319636496917374
15,2014-2015,188,0,0,0.4567323008299564
15,2014-2015,189,1,1,0.7478717773985099
15,2014-2015,190,0,1,0.7218453268001251
15,2014-2015,191,0,1,0.6632602418050129
15,2014-2015,192,1,1,0.6754730432864037
15,2014-2015,193,1,1,0.6162101010283663
15,2014-2015,194,0,0,0.4421758937838467
15,2014-2015,195,1,1,0.6872154159207301
15,2014-2015,196,1,1,0.5439117397387749
15,2014-2015,197,1,1,0.7636814948921883
15,2014-2015,198,1,1,0.6535072645971198
15,2014-2015,199,1,1,0.5472433858995848
15,2014-2015,200,1,1,0.7575812416974554
15,2014-2015,201,0,0,0.31456663436395205
15,2014-2015,202,0,1,0.5642063846360558
15,2014-2015,203,1,1,0.8405542050387936
15,2014-2015,204,0,1,0.6311682910059676
15,2014-2015,205,1,1,0.6651467769052126
15,2014-2015,206,0,0,0.4161532749354708
15,2014-2015,207,0,0,0.3348996986487592
15,2014-2015,208,1,1,0.7609861545746325
15,2014-2015,209,1,1,0.7825575132778729
15,2014-2015,210,1,1,0.7986078995003364
15,2014-2015,211,0,0,0.4360363073723552
15,2014-2015,212,1,0,0.4178981554137368
15,2014-2015,213,1,1,0.6869017773834529
15,2014-2015,214,1,1,0.5889477776854428
15,2014-2015,215,0,0,0.45895630084635447
15,2014-2015,216,0,1,0.71991007784855
15,2014-2015,217,0,1,0.5018962455736489
15,2014-2015,218,1,1,0.7643911280933592
15,2014-2015,219,1,1,0.6074226653031437
15,2014-2015,220,1,1,0.6079835043503763
15,2014-2015,221,0,0,0.40134407828452406
15,2014-2015,222,1,1,0.8651523783737459
15,2014-2015,223,0,1,0.5893509209117649
15,2014-2015,224,1,0,0.42511611431301066
15,2014-2015,225,0,1,0.7677724006567236
15,2014-2015,226,1,1,0.6181887320702473
15,2014-2015,227,0,1,0.5820156941634864
15,2014-2015,228,1,1,0.5483336607107613
15,2014-2015,229,1,1,0.640393784251122
15,2014-2015,230,1,1,0.6380618814052215
15,2014-2015,231,1,0,0.4915846649343999
15,2014-2015,232,0,1,0.7564267316984881
15,2014-2015,233,1,1,0.5679324711002114
15,2014-2015,234,1,1,0.6388945260394034
15,2014-2015,235,1,1,0.628190494333542
15,2014-2015,236,1,1,0.6111194492792934
15,2014-2015,237,1,1,0.7119967297658957
15,2014-2015,238,1,1,0.732517325096982
15,2014-2015,239,1,1,0.6932877016808231
15,2014-2015,240,1,1,0.6893659157718499
15,2014-2015,241,1,1,0.7062238907653211
15,2014-2015,242,1,1,0.7340261551516571
15,2014-2015,243,1,1,0.8680854521587643
15,2014-2015,244,1,1,0.7954149027989899
15,2014-2015,245,1,1,0.8957031464917047
15,2014-2015,246,0,1,0.7876799209783777
15,2014-2015,247,0,1,0.866172305810189
15,2014-2015,248,0,1,0.7814647183051773
15,2014-2015,249,0,1,0.8667253826852989
15,2014-2015,250,0,1,0.6596182699631868
15,2014-2015,251,0,0,0.44291970723609086
15,2014-2015,252,1,0,0.4966700283640292
15,2014-2015,253,0,1,0.5169856848384967
15,2014-2015,254,0,0,0.32047421218224276
15,2014-2015,255,1,0,0.35333853031468243
15,2014-2015,256,0,1,0.6231274666121871
15,2014-2015,257,1,0,0.3137930649817859
15,2014-2015,258,1,1,0.5934267102386881
15,2014-2015,259,1,1,0.7671979267596521
15,2014-2015,260,1,1,0.7481524438782436
15,2014-2015,261,0,1,0.630313006986696
15,2014-2015,262,0,1,0.7938186747214149
15,2014-2015,263,0,0,0.4708172612080439
15,2014-2015,264,1,1,0.6943609929589506
15,2014-2015,265,1,1,0.6970740731421528
15,2014-2015,266,1,0,0.4606426863078843
15,2014-2015,267,0,1,0.525893837861548
15,2014-2015,268,1,1,0.7642220132227443
15,2014-2015,269,1,1,0.642999790272292
15,2015-2016,16,0,1,0.6402575921160693
15,2015-2016,17,0,1,0.6141652592610294
15,2015-2016,18,0,1,0.5665055455097829
15,2015-2016,19,1,1,0.5140616952687311
15,2015-2016,20,1,1,0.5506181922953749
15,2015-2016,21,1,1,0.6021263876271037
15,2015-2016,22,1,1,0.6245683150886017
15,2015-2016,23,0,1,0.621561906488694
15,2015-2016,24,0,1,0.5708795412349393
15,2015-2016,25,1,1,0.5709023049646591
15,2015-2016,26,1,1,0.5856715732488346
15,2015-2016,27,0,1,0.5742124668380947
15,2015-2016,28,0,1,0.5893847236226583
15,2015-2016,29,0,0,0.4930449215651308
15,2015-2016,30,1,1,0.610215507239999
15,2015-2016,31,1,1,0.5622707625150952
15,2015-2016,32,1,1,0.5813317944149411
15,2015-2016,33,0,1,0.606739548019571
15,2015-2016,34,1,1,0.5562494160408799
15,2015-2016,35,1,1,0.5810706420785112
15,2015-2016,36,0,1,0.5959300627470461
15,2015-2016,37,1,1,0.6059844995618775
15,2015-2016,38,1,1,0.625893055095127
15,2015-2016,39,1,1,0.5469870571193601
15,2015-2016,40,1,1,0.6224368152008329
15,2015-2016,41,1,1,0.6846021050842357
15,2015-2016,42,1,1,0.5799876850758887
15,2015-2016,43,1,1,0.6104162676251651
15,2015-2016,44,1,1,0.6337194990820907
15,2015-2016,45,0,1,0.6905102112708148
15,2015-2016,46,0,1,0.7049693222388728
15,2015-2016,47,0,1,0.626154190382344
15,2015-2016,48,1,1,0.6868073113753477
15,2015-2016,49,1,1,0.638379236171843
15,2015-2016,50,1,1,0.6546692693332757
15,2015-2016,51,0,1,0.6001279368465391
15,2015-2016,52,0,1,0.5831516724695716
15,2015-2016,53,0,1,0.5791809537726705
15,2015-2016,54,1,1,0.6330312019892872
15,2015-2016,55,1,1,0.6707822742474512
15,2015-2016,56,1,1,0.5346388179306055
15,2015-2016,57,1,1,0.6987861437693269
15,2015-2016,58,1,1,0.6503016620164306
15,2015-2016,59,1,1,0.6495468793450763
15,2015-2016,60,0,1,0.6327797837331537
15,2015-2016,61,1,1,0.6858611446762929
15,2015-2016,62,1,1,0.6680436390930294
15,2015-2016,63,1,1,0.7011739767138402
15,2015-2016,64,0,1,0.6694845794899407
15,2015-2016,65,0,1,0.5506626020515142
15,2015-2016,66,1,1,0.5880460197089538
15,2015-2016,67,0,1,0.6294262427018544
15,2015-2016,68,1,1,0.7373668217174023
15,2015-2016,69,1,1,0.6673284925108692
15,2015-2016,70,0,1,0.653689000024641
15,2015-2016,71,0,1,0.6320489799926782
15,2015-2016,72,1,1,0.5617671813773243
15,2015-2016,73,0,1,0.6822131825074614
15,2015-2016,74,1,1,0.6234672112945676
15,2015-2016,75,1,1,0.5503567360469279
15,2015-2016,76,1,1,0.6385361085116869
15,2015-2016,77,1,1,0.5489926805468749
15,2015-2016,78,1,1,0.7204338286327058
15,2015-2016,79,0,1,0.608385111339181
15,2015-2016,80,0,1,0.6549498561548318
15,2015-2016,81,1,1,0.7123830877326844
15,2015-2016,82,0,1,0.5400677351621339
15,2015-2016,83,1,1,0.6732654078098173
15,2015-2016,84,1,1,0.7194112292401462
15,2015-2016,85,0,1,0.6254637384619778
15,2015-2016,86,1,1,0.5575645537026744
15,2015-2016,87,0,1,0.5456636889364647
15,2015-2016,88,1,1,0.6599680480423384
15,2015-2016,89,1,1,0.6523767998250994
15,2015-2016,90,0,1,0.5876711112089688
15,2015-2016,91,1,1,0.5922690759416754
15,2015-2016,92,1,1,0.6195238313673282
15,2015-2016,93,1,1,0.7192513483320132
15,2015-2016,94,0,1,0.6667073122810898
15,2015-2016,95,1,1,0.563510011630929
15,2015-2016,96,0,1,0.5603517917171972
15,2015-2016,97,0,1,0.7168241317142502
15,2015-2016,98,1,1,0.642950719083307
15,2015-2016,99,0,1,0.5422471688143711
15,2015-2016,100,0,1,0.6138431158577196
15,2015-2016,101,0,1,0.5003270827028921
15,2015-2016,102,1,1,0.6046757788272973
15,2015-2016,103,1,1,0.6610230458138634
15,2015-2016,104,1,1,0.7447136202268978
15,2015-2016,105,1,1,0.67606252623695
15,2015-2016,106,1,1,0.5940230339754888
15,2015-2016,107,0,1,0.6855525551291245
15,2015-2016,108,1,1,0.5360034693761169
15,2015-2016,109,1,1,0.5410795973690083
15,2015-2016,110,0,1,0.5599998621869989
15,2015-2016,111,0,1,0.5367978562225031
15,2015-2016,112,0,1,0.5276569692655961
15,2015-2016,113,0,0,0.4597988909966026
15,2015-2016,114,1,1,0.7002622709977535
15,2015-2016,115,0,1,0.6221084828829958
15,2015-2016,116,1,1,0.6834735648139026
15,2015-2016,117,1,1,0.6189195539683975
15,2015-2016,118,0,0,0.4846430570474503
15,2015-2016,119,1,1,0.622967355939816
15,2015-2016,120,0,1,0.6103920100811064
15,2015-2016,121,1,1,0.5175665126312028
15,2015-2016,122,0,0,0.41266925899144535
15,2015-2016,123,0,1,0.6119700479132454
15,2015-2016,124,1,1,0.5364226173226638
15,2015-2016,125,1,1,0.640680049395974
15,2015-2016,126,0,0,0.4868099960207387
15,2015-2016,127,0,0,0.49036983154978453
15,2015-2016,128,0,0,0.468161168463729
15,2015-2016,129,1,1,0.6119279401156045
15,2015-2016,130,0,1,0.6854160775167093
15,2015-2016,131,0,0,0.43408693118097313
15,2015-2016,132,1,1,0.549469928951976
15,2015-2016,133,1,1,0.7018499396943896
15,2015-2016,134,1,1,0.7348022876455533
15,2015-2016,135,1,1,0.7075540132144692
15,2015-2016,136,0,1,0.6861956499935812
15,2015-2016,137,1,1,0.5016757720796029
15,2015-2016,138,0,0,0.4715722771594769
15,2015-2016,139,0,0,0.4107119453000007
15,2015-2016,140,0,0,0.44619582450948886
15,2015-2016,141,0,1,0.539235131784235
15,2015-2016,142,0,0,0.4502417552288352
15,2015-2016,143,0,1,0.5449371821875768
15,2015-2016,144,1,1,0.7092451060604159
15,2015-2016,145,1,1,0.7029265057968918
15,2015-2016,146,0,1,0.5497098609251153
15,2015-2016,147,1,1,0.538430844554546
15,2015-2016,148,0,1,0.5248375692593794
15,2015-2016,149,0,0,0.3213890463401654
15,2015-2016,150,0,1,0.5458259003329125
15,2015-2016,151,0,0,0.37481691875730716
15,2015-2016,152,1,1,0.5169968536570576
15,2015-2016,153,1,1,0.5777469030005916
15,2015-2016,154,0,0,0.4466959100981815
15,2015-2016,155,0,0,0.31634988885110543
15,2015-2016,156,1,0,0.4694763288559848
15,2015-2016,157,1,1,0.6426012372109382
15,2015-2016,158,1,0,0.2810581518454714
15,2015-2016,159,0,0,0.3246111582155426
15,2015-2016,160,1,1,0.5497100929263049
15,2015-2016,161,0,0,0.37892563354428543
15,2015-2016,162,1,1,0.5380201259277427
15,2015-2016,163,0,0,0.34043682815784976
15,2015-2016,164,0,1,0.565172203636201
15,2015-2016,165,1,1,0.6747064467526951
15,2015-2016,166,0,0,0.45220814174447665
15,2015-2016,167,0,0,0.4156832574906184
15,2015-2016,168,1,0,0.44651167213556786
15,2015-2016,169,0,1,0.5022324666705431
15,2015-2016,170,1,1,0.6094671954298139
15,2015-2016,171,0,1,0.5914724983744652
15,2015-2016,172,1,1,0.5330814334607082
15,2015-2016,173,0,1,0.5900572447713313
15,2015-2016,174,1,0,0.32711279439348456
15,2015-2016,175,1,0,0.46274501682070046
15,2015-2016,176,0,0,0.32928993776616095
15,2015-2016,177,1,1,0.69231976698277
15,2015-2016,178,0,1,0.617193909349207
15,2015-2016,179,0,0,0.32321650022904225
15,2015-2016,180,1,1,0.6598163671299835
15,2015-2016,181,1,0,0.4318876001924463
15,2015-2016,182,0,1,0.6335699184479413
15,2015-2016,183,0,0,0.43313134959959904
15,2015-2016,184,1,1,0.5659668737085757
15,2015-2016,185,0,1,0.5747841964360718
15,2015-2016,186,1,1,0.5340797854498947
15,2015-2016,187,1,1,0.6319692379953338
15,2015-2016,188,0,0,0.37218974323401477
15,2015-2016,189,1,1,0.6524939122489418
15,2015-2016,190,1,0,0.473289244975955
15,2015-2016,191,1,0,0.26911863417384857
15,2015-2016,192,0,0,0.45044631020728526
15,2015-2016,193,0,0,0.3538991626131077
15,2015-2016,194,1,1,0.6764259007286608
15,2015-2016,195,0,0,0.2869474030060576
15,2015-2016,196,1,0,0.36356084817214196
15,2015-2016,197,1,0,0.4812304090422362
15,2015-2016,198,1,0,0.37543639536242185
15,2015-2016,199,0,0,0.3960126658147135
15,2015-2016,200,1,1,0.5505891047632807
15,2015-2016,201,1,1,0.6765601315241252
15,2015-2016,202,1,1,0.743857214203835
15,2015-2016,203,0,1,0.6277854445593194
15,2015-2016,204,1,1,0.6089222279393963
15,2015-2016,205,1,1,0.7148776854133341
15,2015-2016,206,1,1,0.7246190017510722
15,2015-2016,207,1,1,0.5792006688760507
15,2015-2016,208,1,0,0.4904295296646033
15,2015-2016,209,0,1,0.5503657158447602
15,2015-2016,210,0,0,0.4758632684998095
15,2015-2016,211,1,1,0.5874441400006292
15,2015-2016,212,1,1,0.5726827974011658
15,2015-2016,213,1,1,0.6872176897600103
15,2015-2016,214,1,1,0.640381807888691
15,2015-2016,215,0,0,0.3759842505388683
15,2015-2016,216,0,1,0.5751452434674038
15,2015-2016,217,1,1,0.5969017221977891
15,2015-2016,218,1,1,0.6096174979498298
15,2015-2016,219,1,1,0.7481104227155612
15,2015-2016,220,0,1,0.6710612617040388
15,2015-2016,221,1,1,0.7733094889526987
15,2015-2016,222,0,1,0.633236689163395
15,2015-2016,223,1,1,0.7677478124315564
15,2015-2016,224,0,1,0.7807058558364773
15,2015-2016,225,1,1,0.6140325896870369
15,2015-2016,226,1,1,0.5769468029601328
15,2015-2016,227,0,1,0.5102489150091156
15,2015-2016,228,1,0,0.46562984429333565
15,2015-2016,229,0,1,0.6148398686369231
15,2015-2016,230,1,1,0.6281427952884167
15,2015-2016,231,1,1,0.6911310160406957
15,2015-2016,232,0,1,0.6851624351744176
15,2015-2016,233,1,1,0.6903250830857115
15,2015-2016,234,0,0,0.4722222368948503
15,2015-2016,235,1,1,0.6304313675804125
15,2015-2016,236,0,1,0.671636337689599
15,2015-2016,237,0,1,0.5160334094311217
15,2015-2016,238,1,0,0.46498525080119396
15,2015-2016,239,1,1,0.6448938228982247
15,2016-2017,16,0,0,0.4971629938056145
15,2016-2017,17,0,1,0.5070615380075129
15,2016-2017,18,0,0,0.4010804852619371
15,2016-2017,19,0,0,0.36281121937508864
15,2016-2017,20,1,0,0.35846641304110466
15,2016-2017,21,0,0,0.3496243508883551
15,2016-2017,22,1,0,0.3680812939487966
15,2016-2017,23,1,0,0.36241152675449945
15,2016-2017,24,1,0,0.43059727611244397
15,2016-2017,25,1,1,0.5108388847594444
15,2016-2017,26,1,1,0.525934309637804
15,2016-2017,27,1,1,0.5404288083307004
15,2016-2017,28,0,0,0.453450096885413
15,2016-2017,29,1,1,0.6364552369853922
15,2016-2017,30,1,1,0.5686421264518569
15,2016-2017,31,0,1,0.626190348835725
15,2016-2017,32,0,1,0.5139990839567598
15,2016-2017,33,0,1,0.5494913324448264
15,2016-2017,34,1,1,0.5777993584902311
15,2016-2017,35,1,0,0.443040053021488
15,2016-2017,36,1,1,0.5052264784245604
15,2016-2017,37,0,1,0.5111058780477928
15,2016-2017,38,1,1,0.5558362135397052
15,2016-2017,39,1,1,0.6618330154760097
15,2016-2017,40,1,1,0.6627332463089424
15,2016-2017,41,1,1,0.5620223812072077
15,2016-2017,42,1,1,0.6000365563706868
15,2016-2017,43,0,0,0.45458670835582543
15,2016-2017,44,0,1,0.6453164754713331
15,2016-2017,45,1,0,0.47025119268238286
15,2016-2017,46,0,1,0.5812468378086737
15,2016-2017,47,0,1,0.5145703798771581
15,2016-2017,48,0,1,0.6401726260936961
15,2016-2017,49,1,1,0.505077806562934
15,2016-2017,50,0,0,0.4948700997205306
15,2016-2017,51,0,1,0.5125399417331551
15,2016-2017,52,0,1,0.5546985364838086
15,2016-2017,53,0,0,0.4496663413362124
15,2016-2017,54,0,1,0.5904528863446775
15,2016-2017,55,1,1,0.5168355271130342
15,2016-2017,56,0,1,0.5359134323116312
15,2016-2017,57,1,0,0.4282435776362788
15,2016-2017,58,1,0,0.4188557572377605
15,2016-2017,59,1,0,0.4770882705330229
15,2016-2017,60,1,0,0.45681876991862824
15,2016-2017,61,0,1,0.5032970314640149
15,2016-2017,62,1,0,0.47728804103848266
15,2016-2017,63,1,1,0.5313125979157747
15,2016-2017,64,1,1,0.6085056801675134
15,2016-2017,65,1,1,0.6625422170201439
15,2016-2017,66,0,1,0.5678896854123278
15,2016-2017,67,1,0,0.461292608325738
15,2016-2017,68,1,1,0.529719575233112
15,2016-2017,69,1,1,0.5204290209083323
15,2016-2017,70,0,0,0.4809472135071837
15,2016-2017,71,1,1,0.5866626418273349
15,2016-2017,72,0,1,0.5375409871473771
15,2016-2017,73,1,1,0.5946113313503731
15,2016-2017,74,1,1,0.590233020378365
15,2016-2017,75,0,1,0.5483583506521587
15,2016-2017,76,0,0,0.4731650577154851
15,2016-2017,77,0,0,0.48392072982191253
15,2016-2017,78,1,1,0.5987657238659982
15,2016-2017,79,0,0,0.47736956074799747
15,2016-2017,80,1,1,0.6271821520908336
15,2016-2017,81,1,1,0.6044331384472258
15,2016-2017,82,0,1,0.5324855971103057
15,2016-2017,83,1,0,0.48080705209357266
15,2016-2017,84,1,1,0.550329984646803
15,2016-2017,85,1,1,0.5382582260284772
15,2016-2017,86,1,1,0.5146917561483921
15,2016-2017,87,0,1,0.5336553414506418
15,2016-2017,88,0,1,0.571500679349313
15,2016-2017,89,0,1,0.6481625496673914
15,2016-2017,90,1,0,0.4912878814647387
15,2016-2017,91,0,1,0.6393465621455471
15,2016-2017,92,1,1,0.5848683025086155
15,2016-2017,93,0,1,0.5272953823707887
15,2016-2017,94,0,1,0.6019541213124554
15,2016-2017,95,0,1,0.5349925097281298
15,2016-2017,96,0,0,0.44828759909546295
15,2016-2017,97,0,0,0.4518666745844258
15,2016-2017,98,0,0,0.45396599883057603
15,2016-2017,99,0,1,0.524376089056699
15,2016-2017,100,0,0,0.4400773193044974
15,2016-2017,101,0,0,0.4590278914577173
15,2016-2017,102,0,0,0.4441465947777969
15,2016-2017,103,0,0,0.4638863647603502
15,2016-2017,104,1,0,0.4274354072725258
15,2016-2017,105,1,0,0.4771908737273023
15,2016-2017,106,1,1,0.6008085447768067
15,2016-2017,107,1,0,0.462522186579301
15,2016-2017,108,1,1,0.5961070069506574
15,2016-2017,109,0,1,0.5141523043115407
15,2016-2017,110,0,1,0.5635063988236909
15,2016-2017,111,1,1,0.5672728869522641
15,2016-2017,112,0,0,0.48110034125176887
15,2016-2017,113,1,1,0.6100728257962011
15,2016-2017,114,1,0,0.4953739260769774
15,2016-2017,115,0,1,0.5290026310635885
15,2016-2017,116,1,1,0.5306147682042089
15,2016-2017,117,1,1,0.5662516785707427
15,2016-2017,118,1,1,0.5181259469487618
15,2016-2017,119,1,1,0.6130743946642426
15,2016-2017,120,0,1,0.5255675291590584
15,2016-2017,121,1,1,0.6082844414122757
15,2016-2017,122,0,0,0.4902042781818861
15,2016-2017,123,1,1,0.5398637074313071
15,2016-2017,124,1,1,0.5236701519024285
15,2016-2017,125,1,1,0.5460814402557658
15,2016-2017,126,1,1,0.5209276525934444
15,2016-2017,127,1,1,0.5947583152382465
15,2016-2017,128,0,1,0.5033868254232269
15,2016-2017,129,0,0,0.4742456950275586
15,2016-2017,130,1,1,0.5990544466601114
15,2016-2017,131,1,1,0.7081308965447408
15,2016-2017,132,1,1,0.5319942700734819
15,2016-2017,133,1,1,0.548991970728567
15,2016-2017,134,1,1,0.6584819454816592
15,2016-2017,135,0,0,0.49092608785104913
15,2016-2017,136,1,1,0.6366684441892945
15,2016-2017,137,0,0,0.3484393353942504
15,2016-2017,138,0,1,0.5170611587767554
15,2016-2017,139,1,1,0.5327254827183968
15,2016-2017,140,0,0,0.464640416261345
15,2016-2017,141,1,1,0.5683146805771075
15,2016-2017,142,1,0,0.4684443655192286
15,2016-2017,143,0,1,0.5347566229927518
15,2016-2017,144,1,0,0.39725753777371636
15,2016-2017,145,1,1,0.5488322377646628
15,2016-2017,146,1,1,0.6515895876940835
15,2016-2017,147,0,1,0.526830998967057
15,2016-2017,148,0,1,0.5447929882490143
15,2016-2017,149,1,1,0.5120631676852669
15,2016-2017,150,1,1,0.564409898346954
15,2016-2017,151,1,1,0.6770007224264606
15,2016-2017,152,0,1,0.6359100236942139
15,2016-2017,153,1,1,0.57910718385178
15,2016-2017,154,1,0,0.4407080022808621
15,2016-2017,155,1,1,0.6429880572136478
15,2016-2017,156,1,1,0.6941262590263327
15,2016-2017,157,1,1,0.6612431560098695
15,2016-2017,158,0,1,0.5907896201772891
15,2016-2017,159,0,1,0.6488729020463541
15,2016-2017,160,1,1,0.7316272506236646
15,2016-2017,161,1,1,0.6269563318451054
15,2016-2017,162,0,1,0.5383837927322018
15,2016-2017,163,1,1,0.732714391797617
15,2016-2017,164,1,1,0.6385292196748125
15,2016-2017,165,0,0,0.4534827860365007
15,2016-2017,166,1,1,0.6120335186402962
15,2016-2017,167,0,1,0.6960344063481367
15,2016-2017,168,1,1,0.7158291531623059
15,2016-2017,169,0,0,0.44617448560576933
15,2016-2017,170,0,1,0.6967797299200291
15,2016-2017,171,0,0,0.49659062711268737
15,2016-2017,172,0,1,0.5748815875975143
15,2016-2017,173,0,0,0.42400637403188907
15,2016-2017,174,0,1,0.6064677169826383
15,2016-2017,175,1,1,0.5970655646986295
15,2016-2017,176,0,0,0.45296569712076484
15,2016-2017,177,1,1,0.6125247100097707
15,2016-2017,178,0,1,0.7054067541512261
15,2016-2017,179,0,1,0.5082468455066773
15,2016-2017,180,1,1,0.5055271738379241
15,2016-2017,181,0,0,0.45968706648120844
15,2016-2017,182,1,0,0.4355981945441015
15,2016-2017,183,1,1,0.7199258865066629
15,2016-2017,184,1,1,0.6480156806602932
15,2016-2017,185,1,1,0.602729826225354
15,2016-2017,186,0,1,0.6205985428053518
15,2016-2017,187,0,0,0.4431878330027719
15,2016-2017,188,1,1,0.6162438322365067
15,2016-2017,189,0,1,0.6623881118501038
15,2016-2017,190,1,1,0.607718110162615
15,2016-2017,191,0,1,0.656158073437595
15,2016-2017,192,0,0,0.4128159816360807
15,2016-2017,193,1,1,0.6066924506341425
15,2016-2017,194,1,1,0.670659022376772
15,2016-2017,195,1,1,0.5151433920453676
15,2016-2017,196,0,1,0.543616217369163
15,2016-2017,197,0,0,0.4050343762149639
15,2016-2017,198,1,0,0.39936749835555874
15,2016-2017,199,0,1,0.5249096573891243
15,2016-2017,200,0,1,0.5698854999939831
15,2016-2017,201,1,1,0.6471506844949061
15,2016-2017,202,1,1,0.5672190987069938
15,2016-2017,203,1,1,0.5480937121872729
15,2016-2017,204,1,1,0.7164055521856697
15,2016-2017,205,1,1,0.5356937297982566
15,2016-2017,206,0,1,0.6429194307777022
15,2016-2017,207,0,1,0.5565103240745172
15,2016-2017,208,0,0,0.46405390831264676
15,2016-2017,209,1,0,0.49638528293712486
15,2016-2017,210,1,1,0.5381279667216892
15,2016-2017,211,1,1,0.588163994241594
15,2016-2017,212,1,1,0.5909848362693365
15,2016-2017,213,1,1,0.5279951284809612
15,2016-2017,214,0,1,0.6889966739078491
15,2016-2017,215,0,0,0.4508830012039844
15,2016-2017,216,1,1,0.5593255898686671
15,2016-2017,217,0,0,0.40445310430635023
15,2016-2017,218,0,0,0.4558794837263234
15,2016-2017,219,1,1,0.6495619509730401
15,2016-2017,220,1,1,0.5088949877714702
15,2016-2017,221,0,0,0.46756797698441904
15,2016-2017,222,0,1,0.6896929018766723
15,2016-2017,223,0,1,0.6454565226373722
15,2016-2017,224,0,0,0.4939403804432533
15,2016-2017,225,1,1,0.610698697630284
15,2016-2017,226,1,1,0.602360516182373
15,2016-2017,227,1,0,0.3875865975762587
15,2016-2017,228,0,1,0.5554225717867716
15,2016-2017,229,1,0,0.35505215165434556
15,2016-2017,230,0,1,0.6406564722992388
15,2016-2017,231,0,1,0.6290892305529008
15,2016-2017,232,0,0,0.4852183202547314
15,2016-2017,233,1,0,0.4092843598106376
15,2016-2017,234,0,0,0.4327288154960637
15,2016-2017,235,1,1,0.5590838790426189
15,2016-2017,236,0,1,0.5648571548003942
15,2016-2017,237,1,1,0.5773281795844258
15,2016-2017,238,1,1,0.5438368233146793
15,2016-2017,239,0,0,0.4791688743125193
15,2016-2017,240,1,1,0.55604165558325
15,2016-2017,241,1,0,0.4855680725979514
15,2016-2017,242,0,1,0.5224239000989843
15,2016-2017,243,1,0,0.49940356034701006
15,2016-2017,244,0,1,0.5103946207784226
15,2018-2019,16,0,1,0.711139545015253
15,2018-2019,17,0,1,0.6503105041839506
15,2018-2019,18,0,1,0.5094471477980972
15,2018-2019,19,1,1,0.6125032328404785
15,2018-2019,20,0,1,0.5878869781599442
15,2018-2019,21,0,1,0.5314350418388185
15,2018-2019,22,1,0,0.4941770528730085
15,2018-2019,23,0,1,0.5642966193031111
15,2018-2019,24,1,1,0.5146044924578411
15,2018-2019,25,1,1,0.5225244530126596
15,2018-2019,26,0,1,0.561294863333145
15,2018-2019,27,0,1,0.5003144463854158
15,2018-2019,28,1,1,0.517582924684387
15,2018-2019,29,1,0,0.41849280227672714
15,2018-2019,30,0,1,0.5694106755661176
15,2018-2019,31,1,1,0.5163007822037707
15,2018-2019,32,1,1,0.5650871910553232
15,2018-2019,33,1,1,0.5943996284163613
15,2018-2019,34,1,1,0.5904974885888719
15,2018-2019,35,0,1,0.5891426939694321
15,2018-2019,36,1,1,0.5766299961999717
15,2018-2019,37,1,1,0.6281777222407925
15,2018-2019,38,1,1,0.5394488610546339
15,2018-2019,39,0,1,0.6650941683610322
15,2018-2019,40,0,1,0.581475409904672
15,2018-2019,41,1,1,0.5733391059980141
15,2018-2019,42,1,1,0.6090331270411845
15,2018-2019,43,1,1,0.6381911254318453
15,2018-2019,44,1,1,0.6425308409286093
15,2018-2019,45,1,1,0.6105282375822499
15,2018-2019,46,0,1,0.6402586332049561
15,2018-2019,47,1,1,0.665430683943387
15,2018-2019,48,1,1,0.6292797969483858
15,2018-2019,49,1,1,0.6966862316132553
15,2018-2019,50,0,1,0.6277786865971554
15,2018-2019,51,1,1,0.6778330897067808
15,2018-2019,52,1,1,0.6660493592867619
15,2018-2019,53,1,1,0.6772599222087716
15,2018-2019,54,1,1,0.6796688975851854
15,2018-2019,55,0,1,0.706203101385486
15,2018-2019,56,1,1,0.6822768663007834
15,2018-2019,57,1,1,0.6114813430362004
15,2018-2019,58,0,1,0.7066366519014246
15,2018-2019,59,1,1,0.6575388064440714
15,2018-2019,60,1,1,0.626857777339914
15,2018-2019,61,1,1,0.6812407375837335
15,2018-2019,62,1,1,0.7018295088644488
15,2018-2019,63,1,1,0.7250818932362504
15,2018-2019,64,1,1,0.7296078278869025
15,2018-2019,65,1,1,0.6935214816330435
15,2018-2019,66,1,1,0.6753160828443058
15,2018-2019,67,1,1,0.7501601721332459
15,2018-2019,68,0,1,0.675642501386042
15,2018-2019,69,1,1,0.7190099447489265
15,2018-2019,70,1,1,0.7072759201950993
15,2018-2019,71,0,1,0.6866690029524354
15,2018-2019,72,0,1,0.662623575168116
15,2018-2019,73,1,1,0.707296376921469
15,2018-2019,74,0,1,0.6732885276124841
15,2018-2019,75,1,1,0.7444762764265738
15,2018-2019,76,0,1,0.5865723444578271
15,2018-2019,77,1,1,0.7405797917324349
15,2018-2019,78,1,1,0.7411301859969637
15,2018-2019,79,1,1,0.6964323015320592
15,2018-2019,80,0,1,0.6785176343654301
15,2018-2019,81,0,1,0.6740932853790802
15,2018-2019,82,0,1,0.5363213806008539
15,2018-2019,83,1,1,0.6278755518967648
15,2018-2019,84,0,1,0.6056337634962524
15,2018-2019,85,0,1,0.6035027730897271
15,2018-2019,86,0,1,0.5488231856048411
15,2018-2019,87,1,1,0.7425473602262922
15,2018-2019,88,0,1,0.5523770691295566
15,2018-2019,89,1,0,0.495535330337647
15,2018-2019,90,1,1,0.603010582954556
15,2018-2019,91,0,1,0.5152747738378743
15,2018-2019,92,0,1,0.545924642417048
15,2018-2019,93,0,0,0.4961852372472349
15,2018-2019,94,0,0,0.38349459977991435
15,2018-2019,95,0,0,0.4501683064247334
15,2018-2019,96,1,1,0.603151228237004
15,2018-2019,97,0,0,0.3623293070200062
15,2018-2019,98,0,0,0.41742828402064097
15,2018-2019,99,1,1,0.6390546460550103
15,2018-2019,100,0,0,0.48328798038666043
15,2018-2019,101,1,1,0.5302236164003696
15,2018-2019,102,0,1,0.6179187848450165
15,2018-2019,103,0,1,0.5404743348512258
15,2018-2019,104,0,0,0.3827080634583319
15,2018-2019,105,0,1,0.5890460555180294
15,2018-2019,106,1,1,0.5250534585351925
15,2018-2019,107,1,1,0.597056146711611
15,2018-2019,108,0,1,0.5094682270601121
15,2018-2019,109,1,0,0.39899868828514673
15,2018-2019,110,1,1,0.5108954297442743
15,2018-2019,111,1,1,0.6432571519235109
15,2018-2019,112,1,1,0.7046827338569278
15,2018-2019,113,0,1,0.5351352629794863
15,2018-2019,114,0,0,0.45493080911042844
15,2018-2019,115,0,1,0.6146711457991847
15,2018-2019,116,1,1,0.5469399722645185
15,2018-2019,117,1,1,0.7032777741258055
15,2018-2019,118,1,1,0.6661965598832598
15,2018-2019,119,1,0,0.47561789362013723
15,2018-2019,120,0,0,0.42318220033740306
15,2018-2019,121,1,1,0.5115775736430662
15,2018-2019,122,1,1,0.5770018128407054
15,2018-2019,123,1,0,0.49762948259914075
15,2018-2019,124,0,1,0.7334403524729256
15,2018-2019,125,0,0,0.42931598279873107
15,2018-2019,126,0,1,0.5969581981897218
15,2018-2019,127,1,0,0.4560416526550731
15,2018-2019,128,1,1,0.6363177003341715
15,2018-2019,129,1,0,0.44124335420035293
15,2018-2019,130,1,1,0.7111559411961129
15,2018-2019,131,0,1,0.5232334421456087
15,2018-2019,132,1,1,0.5413690863996665
15,2018-2019,133,1,1,0.5352763636785944
15,2018-2019,134,0,0,0.43283491945173425
15,2018-2019,135,1,1,0.7325605725588202
15,2018-2019,136,1,1,0.7841557186694419
15,2018-2019,137,1,1,0.5375389321472629
15,2018-2019,138,0,1,0.588552934389569
15,2018-2019,139,1,1,0.6261423349739734
15,2018-2019,140,1,1,0.5628266964537647
15,2018-2019,141,1,1,0.5856853065202634
15,2018-2019,142,1,1,0.8051541716241094
15,2018-2019,143,1,1,0.59533759218896
15,2018-2019,144,1,1,0.8033787392429896
15,2018-2019,145,0,0,0.48032944102161007
15,2018-2019,146,0,1,0.7112501010954476
15,2018-2019,147,0,1,0.5517926475137285
15,2018-2019,148,1,1,0.7443046768158491
15,2018-2019,149,0,0,0.4330090725354989
15,2018-2019,150,0,1,0.5343912515736243
15,2018-2019,151,1,0,0.49624282227468347
15,2018-2019,152,0,1,0.6962047327958257
15,2018-2019,153,0,1,0.6469684740565256
15,2018-2019,154,0,1,0.6809311442747217
15,2018-2019,155,1,1,0.7004631361817161
15,2018-2019,156,1,1,0.6604416116146659
15,2018-2019,157,1,1,0.6960663401588464
15,2018-2019,158,0,1,0.6832318126965032
15,2018-2019,159,1,1,0.583634433049338
15,2018-2019,160,1,1,0.7661358129847955
15,2018-2019,161,0,1,0.6261381588527812
15,2018-2019,162,1,1,0.7661423992817441
15,2018-2019,163,1,1,0.6961698523247033
15,2018-2019,164,1,1,0.6279313289150596
15,2018-2019,165,1,1,0.7928124740200805
15,2018-2019,166,0,1,0.6237504147424258
15,2018-2019,167,0,1,0.5181322081548517
15,2018-2019,168,1,0,0.3433361507465141
15,2018-2019,169,0,1,0.5601162976095649
15,2018-2019,170,1,0,0.4025566487884804
15,2018-2019,171,1,1,0.6807154214718705
15,2018-2019,172,1,0,0.38712879488719576
15,2018-2019,173,1,1,0.5675320657178802
15,2018-2019,174,1,1,0.6870057394518102
15,2018-2019,175,1,1,0.7335515423920614
15,2018-2019,176,0,1,0.6552663771385059
15,2018-2019,177,1,1,0.6824703019030708
15,2018-2019,178,1,1,0.5832561818506062
15,2018-2019,179,0,1,0.5649590173836272
15,2018-2019,180,0,1,0.524831005341369
15,2018-2019,181,0,1,0.5824096169156701
15,2018-2019,182,1,1,0.701490787028624
15,2018-2019,183,1,1,0.5263067353739591
15,2018-2019,184,1,1,0.7082192839476302
15,2018-2019,185,1,1,0.7389289008378612
15,2018-2019,186,1,1,0.5772178725705519
15,2018-2019,187,1,1,0.7579952095405501
15,2018-2019,188,1,1,0.7369249672634038
15,2018-2019,189,1,1,0.7614754025341514
15,2018-2019,190,1,1,0.6560408069107415
15,2018-2019,191,0,1,0.667336869389497
15,2018-2019,192,0,0,0.47290079018764164
15,2018-2019,193,0,1,0.6197981095336976
15,2018-2019,194,1,1,0.7032467953777184
15,2018-2019,195,1,1,0.7499440183843608
15,2018-2019,196,1,1,0.760834670467684
15,2018-2019,197,0,1,0.7795114481458408
15,2018-2019,198,0,0,0.40870275965125497
15,2018-2019,199,1,1,0.5014605711378932
15,2018-2019,200,1,1,0.6945924231932615
15,2018-2019,201,1,1,0.7371712282574389
15,2018-2019,202,1,1,0.6777324578004337
15,2019-2020,16,0,0,0.35834278005841724
15,2019-2020,17,1,0,0.2990959310114858
15,2019-2020,18,1,0,0.43806507195936156
15,2019-2020,19,1,0,0.38117946067699965
15,2019-2020,20,0,0,0.42736392329576633
15,2019-2020,21,1,0,0.4437911393781275
15,2019-2020,22,1,1,0.5090325221048994
15,2019-2020,23,0,0,0.3395186205660583
15,2019-2020,24,0,0,0.4206704070113215
15,2019-2020,25,0,0,0.423443282185309
15,2019-2020,26,0,0,0.4673243773276328
15,2019-2020,27,0,0,0.42774303430218863
15,2019-2020,28,1,0,0.35711849934886936
15,2019-2020,29,0,0,0.2920741989511425
15,2019-2020,30,0,0,0.3097490034666661
15,2019-2020,31,1,0,0.40014131135266323
15,2019-2020,32,1,0,0.4647477363127542
15,2019-2020,33,1,0,0.45136493007119033
15,2019-2020,34,1,1,0.5406017438485933
15,2019-2020,35,0,0,0.3211578721474998
15,2019-2020,36,1,1,0.5952751432920202
15,2019-2020,37,0,0,0.4318763112036085
15,2019-2020,38,0,0,0.3369503500633545
15,2019-2020,39,1,0,0.45082834079196293
15,2019-2020,40,0,1,0.5595625021554176
15,2019-2020,41,0,0,0.46282177834195387
15,2019-2020,42,1,0,0.42451146373228155
15,2019-2020,43,0,0,0.4199094793266085
15,2019-2020,44,1,1,0.6036940325736605
15,2019-2020,45,1,0,0.3977088648835354
15,2019-2020,46,1,0,0.4389696233867467
15,2019-2020,47,0,0,0.38150061940809127
15,2019-2020,48,1,1,0.5888672941317233
15,2019-2020,49,0,1,0.5297048124962493
15,2019-2020,50,0,0,0.31306844048052523
15,2019-2020,51,0,1,0.606302692560607
15,2019-2020,52,0,0,0.3270562062037983
15,2019-2020,53,0,0,0.3634447650757922
15,2019-2020,54,0,0,0.36086002208642504
15,2019-2020,55,1,0,0.4981673318645734
15,2019-2020,56,0,0,0.32609799367322767
15,2019-2020,57,1,0,0.4910760236307359
15,2019-2020,58,1,0,0.4335214013199676
15,2019-2020,59,0,0,0.45213646851137956
15,2019-2020,60,1,0,0.43692113847200026
15,2019-2020,61,1,0,0.46725182496610007
15,2019-2020,62,0,0,0.2302485559616343
15,2019-2020,63,1,1,0.5861337317548486
15,2019-2020,64,0,1,0.5463859517926964
15,2019-2020,65,0,0,0.4902634651886826
15,2019-2020,66,1,0,0.3687845942379849
15,2019-2020,67,1,1,0.5161520191597044
15,2019-2020,68,1,1,0.6295511578736618
15,2019-2020,69,0,1,0.510874410781668
15,2019-2020,70,0,1,0.5696766929409359
15,2019-2020,71,1,0,0.47106031816221755
15,2019-2020,72,0,0,0.3776849994217142
15,2019-2020,73,1,0,0.4340134244642065
15,2019-2020,74,0,0,0.3959526326577872
15,2019-2020,75,0,1,0.5053258285354328
15,2019-2020,76,1,0,0.318371781708842
15,2019-2020,77,1,1,0.5727705489264319
15,2019-2020,78,0,0,0.3096689710475309
15,2019-2020,79,0,0,0.3886236131261412
15,2019-2020,80,0,1,0.5658285756357528
15,2019-2020,81,0,0,0.39355218505286743
15,2019-2020,82,1,0,0.4153380237783671
15,2019-2020,83,1,0,0.46887464773179066
15,2019-2020,84,0,0,0.329240530823161
15,2019-2020,85,1,0,0.34336681719961604
15,2019-2020,86,0,0,0.38879070505482616
15,2019-2020,87,0,0,0.4348142698174704
15,2019-2020,88,1,1,0.5049448289852402
15,2019-2020,89,0,0,0.2965653417581525
15,2019-2020,90,0,1,0.5278671395951328
15,2019-2020,91,1,0,0.44482210971685743
15,2019-2020,92,0,1,0.5815919076615479
15,2019-2020,93,1,0,0.314303949601518
15,2019-2020,94,1,0,0.290565752058579
15,2019-2020,95,0,0,0.47199939900389054
15,2019-2020,96,1,0,0.4654444531236801
15,2019-2020,97,0,0,0.44946900589688427
15,2019-2020,98,0,1,0.6897781445313818
15,2019-2020,99,0,0,0.4502451300309351
15,2019-2020,100,0,0,0.3281310765435566
15,2019-2020,101,0,0,0.378773132136608
15,2019-2020,102,1,1,0.5319873296291563
15,2019-2020,103,1,1,0.5315633119253793
15,2019-2020,104,1,1,0.6448378783788709
15,2019-2020,105,1,1,0.5528057672682498
15,2019-2020,106,1,1,0.5039101866963357
15,2019-2020,107,1,0,0.34222607577435277
15,2019-2020,108,1,1,0.560726820988241
15,2019-2020,109,0,0,0.46999748225707505
15,2019-2020,110,1,1,0.6767877395340925
15,2019-2020,111,1,1,0.5351888783370117
15,2019-2020,112,0,1,0.5912832624417861
15,2019-2020,113,0,0,0.4959196860116855
15,2019-2020,114,1,1,0.5717635568178496
15,2019-2020,115,0,0,0.3742998729324806
15,2019-2020,116,0,0,0.34371659601511373
15,2019-2020,117,1,1,0.5157581222122966
15,2019-2020,118,1,0,0.47266947735710074
15,2019-2020,119,0,0,0.38431659726643114
15,2019-2020,120,1,1,0.612303821243126
15,2019-2020,121,1,1,0.6357246627469085
15,2019-2020,122,0,0,0.4414386736903405
15,2019-2020,123,1,0,0.41640866703765794
15,2019-2020,124,0,0,0.4660350840642766
15,2019-2020,125,1,1,0.6311471263652321
15,2019-2020,126,1,0,0.48899416586021893
15,2019-2020,127,0,0,0.46860918586375344
15,2019-2020,128,1,0,0.3890600908226875
15,2019-2020,129,1,0,0.4804902628562279
15,2019-2020,130,0,0,0.48149147003324466
15,2019-2020,131,0,1,0.6188180533127569
15,2019-2020,132,1,0,0.46614700166842304
15,2019-2020,133,0,1,0.5366776855766954
15,2019-2020,134,1,1,0.5951481539968481
15,2019-2020,135,1,1,0.5841241087327382
15,2019-2020,136,1,1,0.5248394032324905
15,2019-2020,137,1,1,0.6523235334751675
15,2019-2020,138,0,0,0.2922667488329531
15,2019-2020,139,1,1,0.5664522545574535
15,2019-2020,140,1,0,0.48575562496661406
15,2019-2020,141,1,1,0.6617771764035535
15,2019-2020,142,0,0,0.3821059290478038
15,2019-2020,143,0,0,0.40169286635789186
15,2019-2020,144,1,1,0.5680182105060538
15,2019-2020,145,1,1,0.6978398620167343
15,2019-2020,146,0,0,0.3236603272168085
15,2019-2020,147,0,0,0.46718356002173456
15,2019-2020,148,0,1,0.5328758372463654
15,2019-2020,149,0,0,0.4291772137100032
15,2019-2020,150,0,0,0.45410179035760284
15,2019-2020,151,1,1,0.5546866850244676
15,2019-2020,152,1,1,0.5469771434800784
15,2019-2020,153,0,1,0.6178250206059294
15,2019-2020,154,1,1,0.5560746584808164
15,2019-2020,155,0,0,0.39408517575875207
15,2019-2020,156,0,1,0.5040674215654556
15,2019-2020,157,0,0,0.22863396489951576
15,2019-2020,158,0,0,0.4222284607541621
15,2019-2020,159,0,1,0.5606211432595767
15,2019-2020,160,1,0,0.4883544940012417
15,2019-2020,161,1,0,0.27813758194895016
15,2019-2020,162,1,0,0.48282985196181244
15,2019-2020,163,1,1,0.6403413386628422
15,2019-2020,164,1,0,0.3850228113835147
15,2019-2020,165,1,1,0.6602930321331676
15,2019-2020,166,0,1,0.5333210122357492
15,2019-2020,167,1,1,0.654427360420629
15,2019-2020,168,1,1,0.6241241383105341
15,2019-2020,169,1,1,0.5696801340003543
15,2019-2020,170,0,1,0.5505454582508805
15,2019-2020,171,1,1,0.6867032508953088
15,2019-2020,172,1,1,0.7633490231770689
15,2019-2020,173,0,1,0.5181513002431817
15,2019-2020,174,1,1,0.7433820408058105
15,2019-2020,175,0,1,0.5993830703643184
15,2019-2020,176,0,0,0.49156303791277056
15,2019-2020,177,1,1,0.6332070697798912
15,2019-2020,178,1,1,0.5002461294520849
15,2019-2020,179,1,0,0.3231977125943542
15,2019-2020,180,1,1,0.7218799534053493
15,2019-2020,181,0,0,0.4896324830345744
15,2019-2020,182,1,1,0.6697199200873543
15,2019-2020,183,1,1,0.5261816855988354
15,2019-2020,184,0,0,0.437807476375092
15,2019-2020,185,1,1,0.6905788268638987
15,2019-2020,186,1,1,0.5414714875876104
15,2019-2020,187,0,1,0.5334352192023468
15,2019-2020,188,1,1,0.5956045555069637
15,2019-2020,189,1,1,0.7774339806435774
15,2019-2020,190,0,1,0.6170137614916951
15,2019-2020,191,1,1,0.6380845386277718
15,2020-2021,16,1,1,0.5677794093821695
15,2020-2021,17,1,1,0.6663688663442641
15,2020-2021,18,0,1,0.6069081214493319
15,2020-2021,19,1,1,0.6144191653783466
15,2020-2021,20,0,1,0.6338430400684538
15,2020-2021,21,1,1,0.6088028764133719
15,2020-2021,22,1,1,0.6739210899273368
15,2020-2021,23,0,1,0.6571476012658839
15,2020-2021,24,0,1,0.5863055598483033
15,2020-2021,25,1,1,0.6148047442298143
15,2020-2021,26,1,1,0.8472206964319215
15,2020-2021,27,0,1,0.5581942976986298
15,2020-2021,28,0,0,0.4969261637250817
15,2020-2021,29,1,1,0.6094833209138026
15,2020-2021,30,0,0,0.4896744720735286
15,2020-2021,31,1,1,0.5468787989588898
15,2020-2021,32,1,1,0.5771543763002172
15,2020-2021,33,0,1,0.5969773536923978
15,2020-2021,34,1,1,0.5935053271827323
15,2020-2021,35,0,0,0.422225766441164
15,2020-2021,36,1,1,0.528734168220424
15,2020-2021,37,1,1,0.5660062516343775
15,2020-2021,38,1,1,0.5906949502220585
15,2020-2021,39,1,1,0.6620206192141947
15,2020-2021,40,0,1,0.555439607981622
15,2020-2021,41,1,1,0.6019914134243971
15,2020-2021,42,1,1,0.6880052343345351
15,2020-2021,43,1,1,0.6349372670458359
15,2020-2021,44,1,1,0.6097818076586671
15,2020-2021,45,1,1,0.6743231988746172
15,2020-2021,46,1,1,0.5674567147158858
15,2020-2021,47,1,1,0.7297655391700754
15,2020-2021,48,1,1,0.6546674905174358
15,2020-2021,49,1,1,0.7458253842102212
15,2020-2021,50,0,1,0.5078060677688757
15,2020-2021,51,0,1,0.6923298274807667
15,2020-2021,52,1,1,0.736749103120939
15,2020-2021,53,0,1,0.748135953822979
15,2020-2021,54,1,1,0.6909627057826145
15,2020-2021,55,0,0,0.43707156287656085
15,2020-2021,56,0,1,0.6200498855447125
15,2020-2021,57,1,1,0.7382603598152081
15,2020-2021,58,0,1,0.5981348721710057
15,2020-2021,59,1,1,0.7501589739318243
15,2020-2021,60,0,1,0.5750316458550377
15,2020-2021,61,1,1,0.709369411523136
15,2020-2021,62,0,0,0.4781229936620346
15,2020-2021,63,1,1,0.571019100156905
15,2020-2021,64,1,0,0.4580133548712744
15,2020-2021,65,1,1,0.7064221462379688
15,2020-2021,66,0,1,0.7008135801956215
15,2020-2021,67,0,0,0.46213070580564297
15,2020-2021,68,0,1,0.6206029736332916
15,2020-2021,69,0,0,0.4643109839907967
15,2020-2021,70,1,1,0.671344792830206
15,2020-2021,71,1,1,0.7223454613884559
15,2020-2021,72,1,1,0.6775423761552651
15,2020-2021,73,1,1,0.5530462892036171
15,2020-2021,74,1,1,0.785271093461802
15,2020-2021,75,0,1,0.75794389555917
15,2020-2021,76,1,1,0.6016669758736343
15,2020-2021,77,1,0,0.4601184324641435
15,2020-2021,78,1,1,0.6859024243796084
15,2020-2021,79,1,1,0.6145739981779983
15,2020-2021,80,1,1,0.6059373259442533
15,2020-2021,81,1,1,0.7220779802564951
15,2020-2021,82,1,0,0.49300280536592545
15,2020-2021,83,0,1,0.7195963787339309
15,2020-2021,84,1,1,0.7689571471079854
15,2020-2021,85,0,1,0.6819859657927878
15,2020-2021,86,1,1,0.6691786749032639
15,2020-2021,87,0,1,0.6413193348835685
15,2020-2021,88,1,1,0.696967766591964
15,2020-2021,89,1,1,0.6193809975382414
15,2020-2021,90,1,1,0.6874170305253795
15,2020-2021,91,1,1,0.71869014883109
15,2020-2021,92,1,1,0.6559779997153735
15,2020-2021,93,1,1,0.7379360055610055
15,2020-2021,94,0,1,0.7457678477244419
15,2020-2021,95,0,1,0.7334438334825272
15,2020-2021,96,0,1,0.6198700884955441
15,2020-2021,97,1,1,0.6860637523109082
15,2020-2021,98,1,1,0.7285547103323006
15,2020-2021,99,0,1,0.5291624672712241
15,2020-2021,100,0,1,0.5803192816290097
15,2020-2021,101,1,1,0.672708823120197
15,2020-2021,102,0,1,0.5442371732348187
15,2020-2021,103,0,1,0.659241808860099
15,2020-2021,104,1,1,0.7744996314919476
15,2020-2021,105,0,1,0.742904302029934
15,2020-2021,106,1,1,0.6160306661824555
15,2020-2021,107,1,1,0.5890877860435326
15,2020-2021,108,0,1,0.5994307209298388
15,2020-2021,109,0,0,0.4698650753280663
15,2020-2021,110,1,1,0.7003780872865496
15,2020-2021,111,0,0,0.44229870611162264
15,2020-2021,112,1,0,0.4559162696171168
15,2020-2021,113,1,1,0.730062383660321
15,2020-2021,114,0,1,0.6878999492946607
15,2020-2021,115,1,1,0.5832229455181148
15,2020-2021,116,0,0,0.43575163275862505
15,2020-2021,117,0,1,0.5382524499582985
15,2020-2021,118,1,1,0.6639555133654517
15,2020-2021,119,1,1,0.5520075905846602
15,2020-2021,120,0,1,0.5670699754467017
15,2020-2021,121,1,1,0.7140840699264737
15,2020-2021,122,1,1,0.5447623262029682
15,2020-2021,123,0,1,0.5113852151833339
15,2020-2021,124,0,1,0.6597910706190696
15,2020-2021,125,0,1,0.6428653026697875
15,2020-2021,126,0,1,0.520703336921151
15,2020-2021,127,1,1,0.6069542889551915
15,2020-2021,128,0,0,0.4664868119312409
15,2020-2021,129,1,1,0.535937288108503
15,2020-2021,130,1,1,0.6469772067462533
15,2020-2021,131,0,1,0.5701860108332552
15,2020-2021,132,1,1,0.6249431479112383
15,2020-2021,133,1,1,0.7213528917772949
15,2020-2021,134,1,1,0.624512880094042
15,2020-2021,135,0,1,0.6450068035196391
15,2020-2021,136,0,1,0.5510627004143839
15,2020-2021,137,1,0,0.4386635637668981
15,2020-2021,138,1,1,0.5441513513184235
15,2020-2021,139,1,1,0.7359288615570994
15,2020-2021,140,1,0,0.42724472684874426
15,2020-2021,141,0,1,0.6002897967829881
15,2020-2021,142,0,1,0.5195629755746644
15,2020-2021,143,0,0,0.4226167224271253
15,2020-2021,144,1,1,0.6596628472626827
15,2020-2021,145,1,1,0.5510764771773509
15,2020-2021,146,0,1,0.5368133325408292
15,2020-2021,147,1,1,0.5837795624437447
15,2020-2021,148,0,0,0.41100646769450594
15,2020-2021,149,0,0,0.4094981881586605
15,2020-2021,150,1,1,0.6044983010777445
15,2020-2021,151,0,1,0.5997369359905841
15,2020-2021,152,0,0,0.4808337361982326
15,2020-2021,153,1,1,0.6217903388962229
15,2020-2021,154,0,1,0.6020026378489712
15,2020-2021,155,0,0,0.3974336489548625
15,2020-2021,156,0,0,0.4694279121667941
15,2020-2021,157,0,0,0.43710137630270174
15,2020-2021,158,1,1,0.5469847141648116
15,2020-2021,159,0,1,0.6435994093271143
15,2020-2021,160,1,1,0.5960122063224012
15,2020-2021,161,0,1,0.5269391441832417
15,2020-2021,162,1,1,0.5102541486666617
15,2020-2021,163,0,0,0.454675949266307
15,2020-2021,164,1,1,0.5242724944350516
15,2020-2021,165,1,1,0.6028864725643202
15,2020-2021,166,1,1,0.5269971203506509
15,2020-2021,167,0,0,0.462925748084777
15,2020-2021,168,0,1,0.6985984107658401
15,2020-2021,169,1,0,0.4275101574862261
15,2020-2021,170,1,1,0.6335265782822751
15,2020-2021,171,0,0,0.4641820590489594
15,2020-2021,172,0,1,0.5223570306067249
15,2020-2021,173,0,0,0.4264820426463485
15,2020-2021,174,1,1,0.6657921353025844
15,2020-2021,175,0,1,0.5465076374699157
15,2020-2021,176,0,1,0.5070337286205032
15,2020-2021,177,1,1,0.6136121243793682
15,2020-2021,178,1,1,0.6081654410848891
15,2020-2021,179,1,1,0.5587807557983518
15,2020-2021,180,1,1,0.5598800130101073
15,2020-2021,181,1,1,0.6195154038325501
15,2020-2021,182,0,0,0.4180008824250091
15,2020-2021,183,1,1,0.6245994916875887
15,2020-2021,184,0,0,0.48576613871426344
15,2020-2021,185,1,1,0.5810149476733598
15,2020-2021,186,1,1,0.6219430254205223
15,2020-2021,187,1,1,0.7461567313049505
15,2020-2021,188,0,0,0.3495261184225806
15,2020-2021,189,0,0,0.4704002327327032
15,2020-2021,190,0,0,0.33838334486291627
15,2020-2021,191,1,1,0.56401415856207
15,2020-2021,192,1,1,0.6288007689346076
15,2020-2021,193,1,1,0.6966274620118991
15,2020-2021,194,0,0,0.368113040195234
15,2020-2021,195,1,1,0.6076050661177984
15,2020-2021,196,0,1,0.5022728701530587
15,2020-2021,197,1,0,0.38729532209706985
15,2020-2021,198,1,1,0.6417468305721791
15,2020-2021,199,1,0,0.4785103306239506
15,2020-2021,200,0,0,0.4975008278816494
15,2020-2021,201,1,1,0.716191034308075
15,2020-2021,202,1,0,0.4305588297245137
15,2020-2021,203,1,1,0.7025981060521079
15,2020-2021,204,1,1,0.7039584286481274
15,2020-2021,205,1,1,0.6715927129822382
15,2020-2021,206,0,0,0.3224644797234901
15,2020-2021,207,1,1,0.6726955317282328
15,2020-2021,208,0,0,0.3129829868664748
15,2020-2021,209,1,0,0.45638933704961754
15,2020-2021,210,0,1,0.6165053892546764
15,2020-2021,211,1,1,0.7773430394423376
15,2020-2021,212,0,0,0.391689869936651
15,2020-2021,213,1,1,0.6920137763766805
15,2020-2021,214,0,1,0.5798087527640683
15,2020-2021,215,0,0,0.3875834837652872
15,2020-2021,216,0,1,0.685009458685515
15,2020-2021,217,1,1,0.6145105893267722
15,2020-2021,218,0,1,0.6375048421821916
15,2020-2021,219,0,1,0.6417444505227253
15,2020-2021,220,0,0,0.40968303902333114
15,2020-2021,221,1,0,0.49271425433943145
15,2020-2021,222,1,1,0.6397329708833994
15,2020-2021,223,0,0,0.39541585395595424
15,2020-2021,224,0,0,0.38729887975170585
15,2020-2021,225,0,0,0.45713071004637557
15,2020-2021,226,0,0,0.37847322719467963
15,2020-2021,227,0,0,0.4021556478639972
15,2020-2021,228,1,1,0.5512498302267899
15,2020-2021,229,0,1,0.5586761930187377
15,2020-2021,230,1,1,0.6941953288737885
15,2020-2021,231,1,1,0.6778354763075312
15,2020-2021,232,1,0,0.4723684931897519
15,2020-2021,233,0,0,0.2689635193849561
15,2020-2021,234,0,1,0.5025031072774474
15,2020-2021,235,0,0,0.3430056083496034
15,2020-2021,236,0,1,0.559507534447034
15,2020-2021,237,0,0,0.4519294428615412
15,2020-2021,238,1,1,0.6770376423554266
15,2020-2021,239,1,1,0.5746689649879427
15,2020-2021,240,0,0,0.4077291519779973
15,2020-2021,241,1,0,0.3863289972114758
15,2020-2021,242,1,0,0.3437293454211134
15,2020-2021,243,0,0,0.28298169554118735
15,2020-2021,244,1,1,0.6958505202510853
15,2020-2021,245,1,1,0.666688537700838
15,2020-2021,246,0,0,0.2614960030005781
15,2020-2021,247,0,0,0.2514452692009269
15,2020-2021,248,1,1,0.6999873759513163
15,2020-2021,249,1,1,0.5428718319634974
15,2020-2021,250,0,1,0.5012853639543308
15,2021-2022,16,0,0,0.4592317495448138
15,2021-2022,17,1,1,0.5353632301837778
15,2021-2022,18,0,0,0.4672100439885968
15,2021-2022,19,0,0,0.41778420650507136
15,2021-2022,20,1,0,0.39124749404255643
15,2021-2022,21,1,1,0.5930701423180741
15,2021-2022,22,0,1,0.6691022166945633
15,2021-2022,23,1,0,0.48912737942376083
15,2021-2022,24,1,0,0.480143767810643
15,2021-2022,25,0,0,0.4835033714766222
15,2021-2022,26,0,0,0.38753966429222875
15,2021-2022,27,1,1,0.5461670824221201
15,2021-2022,28,1,1,0.6047995159082235
15,2021-2022,29,1,1,0.6185031747940068
15,2021-2022,30,0,1,0.5344298278870669
15,2021-2022,31,0,0,0.41508388008995734
15,2021-2022,32,0,1,0.5381093992903636
15,2021-2022,33,1,1,0.5493180523108632
15,2021-2022,34,1,0,0.48187020458349505
15,2021-2022,35,1,1,0.6001624827007994
15,2021-2022,36,1,1,0.5498405733663367
15,2021-2022,37,1,1,0.6525895847320956
15,2021-2022,38,1,1,0.7927350715299564
15,2021-2022,39,0,1,0.6218095626812212
15,2021-2022,40,1,1,0.6535085699478538
15,2021-2022,41,1,1,0.6124632165119644
15,2021-2022,42,0,1,0.663024868477149
15,2021-2022,43,1,1,0.6074750716383236
15,2021-2022,44,0,1,0.6721145522297769
15,2021-2022,45,1,1,0.7619215173306259
15,2021-2022,46,0,1,0.6260294356391566
15,2021-2022,47,0,1,0.5982097114710914
15,2021-2022,48,1,1,0.5074823487299608
15,2021-2022,49,1,1,0.5849165716608087
15,2021-2022,50,0,1,0.5972531608637858
15,2021-2022,51,1,1,0.5513341889833768
15,2021-2022,52,1,1,0.6646855512060148
15,2021-2022,53,0,1,0.5569396826260467
15,2021-2022,54,1,1,0.6758467258642055
15,2021-2022,55,1,0,0.4652298283587963
15,2021-2022,56,0,1,0.571439929942153
15,2021-2022,57,0,1,0.6545165214644713
15,2021-2022,58,1,1,0.6109608939891479
15,2021-2022,59,0,1,0.5076406897337248
15,2021-2022,60,0,1,0.5294055897448935
15,2021-2022,61,1,1,0.6663528471116559
15,2021-2022,62,0,1,0.5799233153194848
15,2021-2022,63,1,1,0.6715984841456959
15,2021-2022,64,0,0,0.4624967549622947
15,2021-2022,65,0,1,0.5980358817537483
15,2021-2022,66,0,0,0.48361889655567125
15,2021-2022,67,1,1,0.7213453727762267
15,2021-2022,68,1,1,0.5512012489530507
15,2021-2022,69,0,0,0.4131885763488829
15,2021-2022,70,1,1,0.6364324958863061
15,2021-2022,71,1,1,0.6187255939845204
15,2021-2022,72,1,1,0.574542650576474
15,2021-2022,73,0,1,0.6016856581320453
15,2021-2022,74,0,1,0.5081988561668435
15,2021-2022,75,1,1,0.5861276004941888
15,2021-2022,76,1,1,0.5936228298249184
15,2021-2022,77,1,0,0.4927307190318363
15,2021-2022,78,1,1,0.6685445093618114
15,2021-2022,79,1,1,0.705385421415949
15,2021-2022,80,1,1,0.5603988391073044
15,2021-2022,81,0,0,0.42014096423554675
15,2021-2022,82,1,0,0.4193588489244169
15,2021-2022,83,1,1,0.7316680312180792
15,2021-2022,84,1,1,0.632255241799843
15,2021-2022,85,1,1,0.7389208802051925
15,2021-2022,86,1,1,0.6614986075499659
15,2021-2022,87,0,1,0.6105968434814276
15,2021-2022,88,1,1,0.7048740698564907
15,2021-2022,89,1,1,0.7267828630630115
15,2021-2022,90,1,1,0.8182484657446824
15,2021-2022,91,0,1,0.6813225540719994
15,2021-2022,92,0,0,0.4920186106373742
15,2021-2022,93,1,1,0.5897024263268792
15,2021-2022,94,1,1,0.7485376849112786
15,2021-2022,95,1,1,0.7491713518881438
15,2021-2022,96,1,1,0.6983543930755841
15,2021-2022,97,0,0,0.49517999446900446
15,2021-2022,98,0,1,0.7088470660465777
15,2021-2022,99,0,0,0.38652645099674865
15,2021-2022,100,1,1,0.6207867886477318
15,2021-2022,101,0,0,0.34514620277700153
15,2021-2022,102,0,1,0.7516627332802334
15,2021-2022,103,1,1,0.6724374415728414
15,2021-2022,104,1,1,0.6450471493953538
15,2021-2022,105,1,1,0.6764264458283302
15,2021-2022,106,0,0,0.45622224504893505
15,2021-2022,107,0,1,0.633655479558572
15,2021-2022,108,1,1,0.7058349708326559
15,2021-2022,109,1,1,0.6592142879111559
15,2021-2022,110,1,0,0.46720185412906146
15,2021-2022,111,1,0,0.4836195873254391
15,2021-2022,112,0,1,0.7016391360052434
15,2021-2022,113,1,1,0.7418589699383615
15,2021-2022,114,1,1,0.6893746333626717
15,2021-2022,115,1,0,0.4410302323866517
15,2021-2022,116,0,1,0.5887914418438484
15,2021-2022,117,1,1,0.6343735212510832
15,2021-2022,118,1,1,0.6403768904142116
15,2021-2022,119,1,1,0.8002377854121757
15,2021-2022,120,1,1,0.6517388918280386
15,2021-2022,121,0,0,0.35201986305256794
15,2021-2022,122,1,1,0.5191129915507045
15,2021-2022,123,1,1,0.7557179683585711
15,2021-2022,124,0,1,0.71147448585743
15,2021-2022,125,1,1,0.6255002194172938
15,2021-2022,126,1,1,0.7769805791032192
15,2021-2022,127,0,1,0.6103012143419031
15,2021-2022,128,1,1,0.8079886141203285
15,2021-2022,129,1,0,0.4055125260831539
15,2021-2022,130,1,1,0.6239025630547412
15,2021-2022,131,0,1,0.6995136085684286
15,2021-2022,132,1,1,0.7541676884591055
15,2021-2022,133,1,1,0.8067894355740578
15,2021-2022,134,1,1,0.6885680539590292
15,2021-2022,135,1,1,0.6914188523610596
15,2021-2022,136,1,1,0.7780824624874102
15,2021-2022,137,1,1,0.6793501683175591
15,2021-2022,138,0,0,0.43750016352134036
15,2021-2022,139,0,0,0.4815028883070948
15,2021-2022,140,1,1,0.7013559750106731
15,2021-2022,141,1,1,0.6283514251648843
15,2021-2022,142,1,1,0.7670302085615395
15,2021-2022,143,0,0,0.3950967746322703
15,2021-2022,144,1,1,0.7566480221882157
15,2021-2022,145,1,0,0.4566572977534214
15,2021-2022,146,0,0,0.44185217765388857
15,2021-2022,147,1,1,0.8258950514086244
15,2021-2022,148,0,1,0.5861188290531553
15,2021-2022,149,0,0,0.4368893341436506
15,2021-2022,150,1,1,0.7466866391569003
15,2021-2022,151,1,1,0.5623828822617508
15,2021-2022,152,1,1,0.7000206052082268
15,2021-2022,153,1,1,0.7236252836121999
15,2021-2022,154,1,1,0.6641907886589281
15,2021-2022,155,0,1,0.6705752801269025
15,2021-2022,156,0,1,0.7183958067057358
15,2021-2022,157,1,1,0.8123593090376376
15,2021-2022,158,1,1,0.6817104751501476
15,2021-2022,159,1,1,0.8519506697818322
15,2021-2022,160,1,1,0.5229304958683099
15,2021-2022,161,1,1,0.8372179558035948
15,2021-2022,162,1,1,0.8320240262645587
15,2021-2022,163,0,1,0.6024329369173158
15,2021-2022,164,1,1,0.6548829941079182
15,2021-2022,165,1,1,0.7163273868232926
15,2021-2022,166,1,1,0.6462788390978718
15,2021-2022,167,1,1,0.6154226134682659
15,2021-2022,168,1,1,0.7534264897271439
15,2021-2022,169,0,1,0.6708142807959062
15,2021-2022,170,0,0,0.4708602441852289
15,2021-2022,171,1,1,0.6989566187508641
15,2021-2022,172,0,1,0.6720934561438165
15,2021-2022,173,1,1,0.6330088417842219
15,2021-2022,174,1,1,0.7168062560991243
15,2021-2022,175,0,1,0.6249680372160871
15,2021-2022,176,0,1,0.7413302991131301
15,2021-2022,177,1,1,0.7852104920091226
15,2021-2022,178,1,1,0.8507538678970193
15,2021-2022,179,1,1,0.8374007253961561
15,2021-2022,180,0,1,0.6825178761568499
15,2021-2022,181,1,1,0.7231872926904586
15,2021-2022,182,0,1,0.5889477894967017
15,2021-2022,183,1,1,0.7869644753536141
15,2021-2022,184,1,1,0.8578220251615604
15,2021-2022,185,1,1,0.6396275849787372
15,2021-2022,186,1,1,0.738927764211813
15,2021-2022,187,0,0,0.44246750739173807
15,2021-2022,188,0,1,0.6323499786416453
15,2021-2022,189,1,1,0.593216386638832
15,2021-2022,190,0,0,0.415006560881483
15,2021-2022,191,1,1,0.8745751807016606
15,2021-2022,192,0,1,0.500362009068495
15,2021-2022,193,1,1,0.8482659754385379
15,2021-2022,194,1,1,0.6726740935048735
15,2021-2022,195,0,0,0.3549108827400184
15,2021-2022,196,1,1,0.8651254884271307
15,2021-2022,197,1,1,0.6783300195727368
15,2021-2022,198,1,1,0.7573887584406865
15,2021-2022,199,0,1,0.6103372837055824
15,2021-2022,200,1,1,0.5045129473398338
15,2021-2022,201,0,1,0.5557030683416707
15,2021-2022,202,0,1,0.674995661370993
15,2021-2022,203,0,0,0.444346599630362
15,2021-2022,204,0,1,0.6165720869932972
15,2021-2022,205,1,0,0.2779335567727828
15,2021-2022,206,0,0,0.35744187007815875
15,2021-2022,207,1,1,0.8610862686266227
15,2021-2022,208,1,1,0.8401985573926245
15,2021-2022,209,0,0,0.36335601192471656
15,2021-2022,210,1,1,0.8649383180932919
15,2021-2022,211,1,1,0.8051507607721666
15,2021-2022,212,1,1,0.6078679731272266
15,2021-2022,213,0,1,0.6415712002265801
15,2021-2022,214,1,1,0.5610847683259962
15,2021-2022,215,1,1,0.8467265284020475
15,2021-2022,216,0,0,0.3248605352833483
15,2021-2022,217,0,1,0.5136206175721089
15,2021-2022,218,0,0,0.3554463330898602
15,2021-2022,219,1,1,0.52950025336165
15,2021-2022,220,1,0,0.2301274555411686
15,2021-2022,221,0,0,0.3711265316611957
15,2021-2022,222,1,1,0.7074913053170021
15,2021-2022,223,0,1,0.6308889567358871
15,2021-2022,224,1,1,0.7983581559260905
15,2021-2022,225,1,1,0.7004879353931074
15,2021-2022,226,0,1,0.5765631263741301
15,2021-2022,227,1,1,0.6846532962297234
15,2021-2022,228,1,1,0.6058459182710052
15,2021-2022,229,0,1,0.5647768880853863
15,2021-2022,230,0,1,0.6532858743962267
15,2021-2022,231,1,1,0.8345100184776757
15,2021-2022,232,1,1,0.6167884985687837
15,2021-2022,233,1,1,0.6282387585840357
15,2021-2022,234,1,1,0.7363460504771762
15,2021-2022,235,1,1,0.5367328239928504
15,2021-2022,236,1,1,0.8850581943166274
15,2021-2022,237,0,1,0.7514634839656965
15,2021-2022,238,0,1,0.5654946776801927
15,2021-2022,239,1,1,0.57360529982694
15,2021-2022,240,0,1,0.7411698069001798
15,2021-2022,241,1,1,0.5819032917842383
15,2021-2022,242,0,1,0.5683029520687752
15,2021-2022,243,0,1,0.7188787142181423
15,2021-2022,244,1,1,0.8273876203075842
15,2021-2022,245,0,1,0.571338796270382
15,2021-2022,246,0,1,0.5890584015036556
15,2021-2022,247,0,1,0.5614769736226215
15,2021-2022,248,1,0,0.4558731801588916
15,2021-2022,249,0,1,0.5069435093394733
15,2021-2022,250,1,1,0.6977117946177449
15,2021-2022,251,1,0,0.4573689169503517
15,2021-2022,252,0,1,0.6165953963511154
15,2021-2022,253,0,0,0.4812660794945575
15,2021-2022,254,1,0,0.41759729493784387
15,2021-2022,255,1,1,0.8016183545852185
15,2021-2022,256,0,0,0.4885717350252512
15,2021-2022,257,1,0,0.41965896726516694
15,2021-2022,258,1,1,0.5920480229219989
15,2021-2022,259,0,1,0.5006375803784033
15,2021-2022,260,1,1,0.7766983980007407
15,2021-2022,261,1,1,0.790949910245186
15,2021-2022,262,1,1,0.7143645223349419
15,2021-2022,263,1,1,0.6747658916673912
15,2021-2022,264,1,1,0.814919063708846
15,2021-2022,265,1,1,0.725670055778931
15,2021-2022,266,1,1,0.8078013070908219
15,2021-2022,267,1,1,0.8157172076430185
15,2021-2022,268,1,1,0.8193315010409308
15,2021-2022,269,1,1,0.8702855971809277
15,2021-2022,270,0,0,0.45087409146682883
15,2021-2022,271,1,1,0.5444917968670411
15,2021-2022,272,0,1,0.5097627444068314
15,2021-2022,273,0,1,0.579107324186293
15,2021-2022,274,0,0,0.38412559765202364
15,2021-2022,275,0,1,0.6081621549907346
15,2021-2022,276,0,1,0.5014575272560196
15,2021-2022,277,0,0,0.4759029423876612
15,2021-2022,278,1,1,0.7688160838181436
15,2021-2022,279,1,1,0.6147696441184113
15,2021-2022,280,1,1,0.7737544749475781
15,2021-2022,281,1,1,0.5853371212606171
15,2021-2022,282,0,1,0.5198543949699942
15,2021-2022,283,0,1,0.6678140160669116
15,2021-2022,284,0,0,0.38549525539268026
15,2021-2022,285,1,1,0.5825068974325496
15,2021-2022,286,1,1,0.5931850195602655
15,2021-2022,287,0,1,0.6784124523253131
15,2021-2022,288,1,1,0.6066082708031902
15,2022-2023,16,0,1,0.6681198546538506
15,2022-2023,17,1,1,0.5633031857639876
15,2022-2023,18,0,1,0.6072475580433065
15,2022-2023,19,1,0,0.4360645136342377
15,2022-2023,20,1,1,0.5656100362075428
15,2022-2023,21,0,1,0.6078497316460917
15,2022-2023,22,0,1,0.5466173876504711
15,2022-2023,23,0,0,0.4874592729772432
15,2022-2023,24,1,0,0.48472291021504615
15,2022-2023,25,1,1,0.5365903120841228
15,2022-2023,26,1,1,0.5010433081454186
15,2022-2023,27,0,1,0.5974741954574933
15,2022-2023,28,1,1,0.5938874054519546
15,2022-2023,29,1,1,0.5733986132357961
15,2022-2023,30,1,1,0.57896163847685
15,2022-2023,31,0,1,0.5166473070969995
15,2022-2023,32,0,1,0.6015422660834566
15,2022-2023,33,0,1,0.5278732058175635
15,2022-2023,34,1,1,0.5490038696970493
15,2022-2023,35,1,1,0.5900109811361509
15,2022-2023,36,1,1,0.6277413162883777
15,2022-2023,37,0,1,0.5967062811556549
15,2022-2023,38,1,1,0.6458070083045547
15,2022-2023,39,0,1,0.5378781594309278
15,2022-2023,40,1,1,0.6638772381205927
15,2022-2023,41,1,1,0.6461600366011787
15,2022-2023,42,1,1,0.5654602050144449
15,2022-2023,43,0,0,0.4941930362368888
15,2022-2023,44,1,1,0.7194586089472024
15,2022-2023,45,1,1,0.6081815787014722
15,2022-2023,46,1,1,0.7330443342352961
15,2022-2023,47,1,1,0.722669479348048
15,2022-2023,48,0,1,0.5588857296078655
15,2022-2023,49,1,1,0.6550376611742372
15,2022-2023,50,1,1,0.6966224138147464
15,2022-2023,51,0,1,0.6373915918581813
15,2022-2023,52,0,0,0.4555426302245871
15,2022-2023,53,0,1,0.6497081182203395
15,2022-2023,54,1,1,0.6951125731523804
15,2022-2023,55,0,0,0.46931544142052484
15,2022-2023,56,1,1,0.5979858319028325
15,2022-2023,57,0,0,0.48994141089300924
15,2022-2023,58,0,1,0.6539315560436262
15,2022-2023,59,0,1,0.6319735644689187
15,2022-2023,60,1,1,0.7084920682349737
15,2022-2023,61,1,1,0.6628073164909143
15,2022-2023,62,1,0,0.3670003299201486
15,2022-2023,63,1,1,0.7076930459633071
15,2022-2023,64,1,1,0.6443907185797217
15,2022-2023,65,0,1,0.5782806080947304
15,2022-2023,66,1,1,0.7562352404215121
15,2022-2023,67,1,0,0.4567517687286126
15,2022-2023,68,0,1,0.6918232639575723
15,2022-2023,69,1,1,0.742787270559077
15,2022-2023,70,1,1,0.6007949454950074
15,2022-2023,71,0,1,0.5494247814057567
15,2022-2023,72,0,1,0.5771305155187842
15,2022-2023,73,0,1,0.666423252233144
15,2022-2023,74,1,1,0.7526000157395083
15,2022-2023,75,0,0,0.43060483737235755
15,2022-2023,76,0,1,0.5876800924062956
15,2022-2023,77,0,0,0.43908339806411284
15,2022-2023,78,1,1,0.5386636280445644
15,2022-2023,79,0,0,0.40046571422922805
15,2022-2023,80,0,0,0.39554913276315284
15,2022-2023,81,1,1,0.6546692958215912
15,2022-2023,82,0,1,0.5870808429386262
15,2022-2023,83,0,1,0.6285258952426095
15,2022-2023,84,0,0,0.4759203023779585
15,2022-2023,85,1,1,0.5968021560293272
15,2022-2023,86,1,1,0.6419171322773498
15,2022-2023,87,1,0,0.3887550305492749
15,2022-2023,88,0,0,0.3761591314763784
15,2022-2023,89,0,0,0.4295674501911521
15,2022-2023,90,1,0,0.4633144562521776
15,2022-2023,91,0,0,0.46335262083960416
15,2022-2023,92,0,1,0.5553797909668294
15,2022-2023,93,1,0,0.4448401226657356
15,2022-2023,94,0,0,0.4858974171281728
15,2022-2023,95,1,1,0.6597921837895139
15,2022-2023,96,0,0,0.40094376367600093
15,2022-2023,97,0,0,0.30116299932135576
15,2022-2023,98,1,0,0.4247038753276033
15,2022-2023,99,1,1,0.5799567806386107
15,2022-2023,100,1,0,0.47386060880593206
15,2022-2023,101,0,0,0.4021059251920624
15,2022-2023,102,1,0,0.36714575286496615
15,2022-2023,103,1,1,0.7244942693875492
15,2022-2023,104,1,1,0.6033218714606383
15,2022-2023,105,1,1,0.676436159573999
15,2022-2023,106,0,0,0.3873919640895441
15,2022-2023,107,1,0,0.46933432743925346
15,2022-2023,108,1,1,0.7901202303220926
15,2022-2023,109,0,1,0.5459296012234968
15,2022-2023,110,1,1,0.7096076478891583
15,2022-2023,111,1,1,0.5977624107962207
15,2022-2023,112,1,0,0.444600924362974
15,2022-2023,113,0,1,0.5314993204057643
15,2022-2023,114,1,1,0.564754972042976
15,2022-2023,115,0,0,0.453330642520741
15,2022-2023,116,0,1,0.6948075810564933
15,2022-2023,117,0,0,0.44722629993069835
15,2022-2023,118,0,1,0.6646385136057329
15,2022-2023,119,1,1,0.7439466456500059
15,2022-2023,120,0,0,0.39758932206055314
15,2022-2023,121,0,0,0.4738062765327655
15,2022-2023,122,1,1,0.7791682721577272
15,2022-2023,123,0,0,0.37286462235407253
15,2022-2023,124,0,1,0.6159078482992467
15,2022-2023,125,1,1,0.7408665159902966
15,2022-2023,126,1,1,0.6684618682332129
15,2022-2023,127,1,1,0.7298114841564373
15,2022-2023,128,1,1,0.6950050013049458
15,2022-2023,129,0,1,0.6328088224646983
15,2022-2023,130,1,1,0.6116263747997314
15,2022-2023,131,1,1,0.7296005784383419
15,2022-2023,132,1,1,0.5245980143443547
15,2022-2023,133,1,1,0.7184291288008762
15,2022-2023,134,0,1,0.6992612958747416
15,2022-2023,135,0,0,0.36671140703405564
15,2022-2023,136,1,1,0.5895012317174945
15,2022-2023,137,1,1,0.507981457012527
15,2022-2023,138,0,1,0.5186402640616806
15,2022-2023,139,0,1,0.5667140619889782
15,2022-2023,140,0,0,0.4391068690919677
15,2022-2023,141,0,1,0.5562169292531144
15,2022-2023,142,1,1,0.6120323397171308
15,2022-2023,143,1,1,0.5096130904827416
15,2022-2023,144,0,0,0.41933867258063967
15,2022-2023,145,1,1,0.701200392566631
15,2022-2023,146,1,1,0.8250296695504199
15,2022-2023,147,0,1,0.5315002886528719
15,2022-2023,148,0,1,0.5129723619289903
15,2022-2023,149,0,1,0.6636564800611462
15,2022-2023,150,0,1,0.5255991207862689
15,2022-2023,151,0,0,0.26966966037925555
15,2022-2023,152,1,1,0.7772768997584564
15,2022-2023,153,0,1,0.5402622170229218
15,2022-2023,154,0,0,0.2553280802172065
15,2022-2023,155,1,0,0.45372906685887776
15,2022-2023,156,0,1,0.5392461748378242
15,2022-2023,157,0,1,0.5868510255576399
15,2022-2023,158,1,1,0.6798135591891294
15,2022-2023,159,0,0,0.46423636384766404
15,2022-2023,160,1,1,0.576010880524429
15,2022-2023,161,1,1,0.5342565856357646
15,2022-2023,162,1,0,0.4420361041029932
15,2022-2023,163,0,0,0.3287680739427629
15,2022-2023,164,1,1,0.5198195086729309
15,2022-2023,165,1,1,0.6561901056997571
15,2022-2023,166,1,0,0.23970541756146493
15,2022-2023,167,1,1,0.5113306243495993
15,2022-2023,168,0,0,0.35724089690870636
15,2022-2023,169,0,0,0.2861346477431373
15,2022-2023,170,1,1,0.6904352830985843
15,2022-2023,171,1,1,0.6479063969197912
15,2022-2023,172,0,1,0.6355555984625907
15,2022-2023,173,0,0,0.262200471194616
15,2022-2023,174,1,0,0.33677035141955053
15,2022-2023,175,1,1,0.688911350352785
15,2022-2023,176,1,1,0.641491447246054
15,2022-2023,177,0,0,0.2731648118802977
15,2022-2023,178,1,0,0.3961541683574364
15,2022-2023,179,0,1,0.6117693351026937
15,2022-2023,180,0,1,0.6699871535412674
15,2022-2023,181,1,1,0.7409998604937719
15,2022-2023,182,1,1,0.7160184872219595
15,2022-2023,183,1,0,0.2978240571367729
15,2022-2023,184,1,1,0.62928428873332
15,2022-2023,185,1,1,0.7605399095072748
15,2022-2023,186,0,0,0.4168167596410301
15,2022-2023,187,0,1,0.6029315348637119
15,2022-2023,188,0,1,0.5680380078346924
15,2022-2023,189,1,0,0.4414244337056011
15,2022-2023,190,0,0,0.3702652394194082
15,2022-2023,191,0,1,0.6501307622459468
15,2022-2023,192,1,1,0.6441674505152295
15,2022-2023,193,0,0,0.4423398565522835
15,2022-2023,194,1,0,0.36520788593919484
15,2022-2023,195,1,1,0.6106598431491082
15,2022-2023,196,1,0,0.40375111142098097
15,2022-2023,197,0,0,0.4318661056043337
15,2022-2023,198,1,1,0.5714621137967673
15,2022-2023,199,1,1,0.711238381230071
15,2022-2023,200,1,1,0.5757616243978403
15,2022-2023,201,1,0,0.49387710123643364
15,2022-2023,202,1,1,0.6430184337104067
15,2022-2023,203,1,1,0.5922671214435423
15,2022-2023,204,1,0,0.49453253798016006
15,2022-2023,205,1,1,0.6362015045711623
15,2022-2023,206,1,1,0.685831666593549
15,2022-2023,207,1,1,0.638177593151863
15,2022-2023,208,1,1,0.7097310785573615
15,2022-2023,209,1,1,0.6377337305608175
15,2022-2023,210,0,0,0.32823095806950364
15,2022-2023,211,1,1,0.7009891599855564
15,2022-2023,212,0,1,0.5499036151070944
15,2022-2023,213,0,0,0.4379423363301389
15,2022-2023,214,1,0,0.4466934192591143
15,2022-2023,215,0,0,0.36293664165024975
15,2022-2023,216,0,1,0.6836118009526069
15,2022-2023,217,0,0,0.3388198695762633
15,2022-2023,218,0,1,0.5741279435403601
15,2022-2023,219,0,0,0.40425232217429663
15,2022-2023,220,1,0,0.46402581022433553
15,2022-2023,221,0,0,0.2750357618929591
15,2022-2023,222,0,0,0.3870112560055413
15,2022-2023,223,1,1,0.7271215166764418
15,2022-2023,224,1,1,0.7213535523505878
15,2022-2023,225,1,1,0.5493017201869669
15,2022-2023,226,1,1,0.5367005557662154
15,2022-2023,227,1,1,0.6224918124514623
15,2022-2023,228,0,1,0.6478779378893191
15,2022-2023,229,0,0,0.44294364762670063
15,2022-2023,230,0,1,0.7864208938294769
15,2022-2023,231,1,1,0.757568492502458
15,2022-2023,232,1,1,0.7327264539091554
15,2022-2023,233,0,1,0.6161433140485261
15,2022-2023,234,1,1,0.6561210246039003
15,2022-2023,235,0,1,0.6234955955150017
15,2022-2023,236,0,0,0.27671252501520277
15,2022-2023,237,1,1,0.6716204854900629
15,2022-2023,238,1,1,0.8026434458339605
15,2022-2023,239,1,0,0.3596783830853726
15,2022-2023,240,0,0,0.3121405106489
15,2022-2023,241,1,0,0.49707024422424784
15,2022-2023,242,1,1,0.5594508260395465
15,2022-2023,243,0,0,0.3264370312918705
15,2022-2023,244,0,0,0.27769053649906406
15,2022-2023,245,1,1,0.6570549368399009
15,2022-2023,246,1,1,0.5688668804196089
15,2022-2023,247,1,1,0.5771827662498826
15,2022-2023,248,1,1,0.6701186124388342
15,2022-2023,249,1,0,0.478827555915833
15,2022-2023,250,0,1,0.5004274144258148
15,2022-2023,251,0,0,0.3934369046158498
15,2022-2023,252,1,1,0.6665013427731427
15,2022-2023,253,1,1,0.624476977212143
15,2022-2023,254,1,1,0.6847808100196754
15,2022-2023,255,1,1,0.6908537461408615
15,2022-2023,256,1,1,0.7152409647731229
15,2022-2023,257,0,1,0.6877936350351187
15,2022-2023,258,1,0,0.4811663316718933
15,2022-2023,259,0,0,0.3147381940462017
15,2022-2023,260,1,0,0.4980184139431569
15,2022-2023,261,0,1,0.558490292983429
15,2022-2023,262,1,1,0.5868425021698463
15,2022-2023,263,1,0,0.4799965190921792
15,2022-2023,264,1,1,0.8032021422694186
15,2022-2023,265,0,1,0.5890323575409072
15,2022-2023,266,1,1,0.6539900361927097
15,2022-2023,267,1,1,0.811944966250324
15,2022-2023,268,1,1,0.7438043218520142
15,2022-2023,269,1,1,0.594101652501048
15,2022-2023,270,0,1,0.8245975332654322
15,2022-2023,271,1,0,0.46475892156041987
15,2022-2023,272,1,1,0.6973243700144333
15,2022-2023,273,0,0,0.3519115112148232
15,2022-2023,274,0,0,0.3327340065950642
15,2022-2023,275,0,1,0.5721731885449042
15,2022-2023,276,1,0,0.33151104738474396
15,2022-2023,277,0,1,0.6962539590049716
15,2022-2023,278,1,0,0.33249056135100835
15,2022-2023,279,1,1,0.6275027326797421
15,2022-2023,280,1,1,0.7833007444440976
15,2022-2023,281,0,1,0.7667361613328088
15,2022-2023,282,1,1,0.7474105752010199
15,2022-2023,283,1,1,0.6497360704405595
15,2022-2023,284,1,1,0.7775143111658391
15,2022-2023,285,0,1,0.7508083874139593
15,2022-2023,286,1,1,0.7111437005904669
15,2022-2023,287,1,1,0.5020289968538342
15,2022-2023,288,1,0,0.4367057084819811
15,2022-2023,289,1,1,0.6066659911318346
15,2022-2023,290,0,1,0.6069670919305997
15,2022-2023,291,0,1,0.7212422923681502
15,2022-2023,292,1,1,0.6217370995954676
15,2022-2023,293,0,1,0.7306079661124519
15,2022-2023,294,0,0,0.4404500470366538
15,2022-2023,295,0,0,0.3976137297977755
15,2022-2023,296,0,1,0.6459814422676876
15,2023-2024,16,1,1,0.6157600578160607
15,2023-2024,17,1,1,0.6304727891446061
15,2023-2024,18,0,1,0.5729055493262348
15,2023-2024,19,1,1,0.6412350906195375
15,2023-2024,20,1,1,0.6704385334051864
15,2023-2024,21,1,1,0.682637701241669
15,2023-2024,22,0,1,0.6633468183347553
15,2023-2024,23,0,1,0.5503625215621399
15,2023-2024,24,1,0,0.4891745072369802
15,2023-2024,25,0,1,0.6535672051490525
15,2023-2024,26,1,1,0.5951795895540799
15,2023-2024,27,0,1,0.6125949042673817
15,2023-2024,28,0,1,0.6033720692047795
15,2023-2024,29,0,1,0.5320478470703943
15,2023-2024,30,0,0,0.46269899386512575
15,2023-2024,31,0,0,0.44855281326200896
15,2023-2024,32,0,0,0.4620063928478462
15,2023-2024,33,1,0,0.4922385540571775
15,2023-2024,34,1,1,0.5264808477196381
15,2023-2024,35,1,1,0.5846227892705386
15,2023-2024,36,0,1,0.6920214903638053
15,2023-2024,37,1,1,0.6166348533050812
15,2023-2024,38,1,1,0.5614987542712921
15,2023-2024,39,1,1,0.5860189391577177
15,2023-2024,40,1,1,0.5503244099081942
15,2023-2024,41,1,1,0.6451556335220852
15,2023-2024,42,0,1,0.5850089293905963
15,2023-2024,43,1,1,0.5328362703703511
15,2023-2024,44,1,1,0.6813727891495993
15,2023-2024,45,1,1,0.6754608281323998
15,2023-2024,46,1,0,0.4846303654698446
15,2023-2024,47,0,1,0.5856779776315132
15,2023-2024,48,0,1,0.6217432156174073
15,2023-2024,49,0,1,0.6290115600416617
15,2023-2024,50,1,1,0.5778124900819792
15,2023-2024,51,0,1,0.5422950877144453
15,2023-2024,52,1,1,0.5703201561958536
15,2023-2024,53,1,1,0.5469902779546287
15,2023-2024,54,1,1,0.5642679125490538
15,2023-2024,55,1,1,0.6274634259660142
15,2023-2024,56,1,1,0.6348098196946842
15,2023-2024,57,1,1,0.5395752524320613
15,2023-2024,58,1,1,0.6943126970775921
15,2023-2024,59,1,1,0.5833873078403157
15,2023-2024,60,1,1,0.6682411030493269
15,2023-2024,61,1,1,0.6652501818967758
15,2023-2024,62,1,1,0.6842692275746998
15,2023-2024,63,0,1,0.5685898797505096
15,2023-2024,64,0,1,0.6011711076758323
15,2023-2024,65,1,1,0.6269212809897107
15,2023-2024,66,1,1,0.7095915714073989
15,2023-2024,67,1,1,0.6692892687998047
15,2023-2024,68,1,1,0.6620045177707006
15,2023-2024,69,0,1,0.546567481921786
15,2023-2024,70,0,1,0.6693414747721596
15,2023-2024,71,1,1,0.7699246232013145
15,2023-2024,72,1,1,0.6427082785533664
15,2023-2024,73,1,1,0.7332972430224013
15,2023-2024,74,0,1,0.6188551536768644
15,2023-2024,75,0,1,0.7262347265033293
15,2023-2024,76,1,1,0.6642755614578231
15,2023-2024,77,1,1,0.6871511890857014
15,2023-2024,78,0,1,0.6354088404727938
15,2023-2024,79,1,1,0.6414786779955086
15,2023-2024,80,1,1,0.7582254172872519
15,2023-2024,81,0,1,0.6512971965096278
15,2023-2024,82,0,1,0.5796953430786803
15,2023-2024,83,1,1,0.6114154550792734
15,2023-2024,84,0,1,0.6574631050989962
15,2023-2024,85,0,1,0.6056216216654389
15,2023-2024,86,1,1,0.6656776407047555
15,2023-2024,87,1,1,0.6173866349818496
15,2023-2024,88,0,0,0.4907273920871285
15,2023-2024,89,0,1,0.5062504226119112
15,2023-2024,90,1,1,0.6855731128225389
15,2023-2024,91,0,1,0.5345780823634475
15,2023-2024,92,0,1,0.7668022257621355
15,2023-2024,93,0,1,0.6647137114407509
15,2023-2024,94,1,1,0.583633956301472
15,2023-2024,95,0,1,0.6643110500417541
15,2023-2024,96,0,1,0.5125735723225133
15,2023-2024,97,1,1,0.7490016757716668
15,2023-2024,98,1,1,0.6276253803544314
15,2023-2024,99,1,1,0.6322053449931981
15,2023-2024,100,0,1,0.566691309507793
15,2023-2024,101,1,1,0.668840087286212
15,2023-2024,102,0,1,0.5807724019467868
15,2023-2024,103,1,0,0.4480649539330693
15,2023-2024,104,1,1,0.6718137491990827
15,2023-2024,105,1,1,0.7001465351697589
15,2023-2024,106,0,1,0.6736926790703315
15,2023-2024,107,0,1,0.576165871060916
15,2023-2024,108,1,1,0.6431025720220074
15,2023-2024,109,1,1,0.7155139777856029
15,2023-2024,110,1,1,0.5179303656367139
15,2023-2024,111,1,1,0.5871471809720399
15,2023-2024,112,0,0,0.49032816934834084
15,2023-2024,113,1,1,0.7259716573045184
15,2023-2024,114,0,1,0.5698174566063954
15,2023-2024,115,0,1,0.5656313210734606
15,2023-2024,116,1,1,0.5105165023163774
15,2023-2024,117,1,1,0.566324454715332
15,2023-2024,118,1,1,0.671236516701891
15,2023-2024,119,0,1,0.5899440505852372
15,2023-2024,120,0,1,0.536629507769464
15,2023-2024,121,1,1,0.7225868220589633
15,2023-2024,122,0,1,0.6984951856259783
15,2023-2024,123,0,1,0.5583359622455626
15,2023-2024,124,1,1,0.5398692658816423
15,2023-2024,125,0,0,0.4395035537511528
15,2023-2024,126,0,0,0.3306449292445103
15,2023-2024,127,1,1,0.6251114853286788
15,2023-2024,128,1,1,0.6905356003032886
15,2023-2024,129,1,1,0.7138766086961261
15,2023-2024,130,1,1,0.5649034414233438
15,2023-2024,131,0,0,0.48806717121903687
15,2023-2024,132,1,1,0.6852540058826077
15,2023-2024,133,0,0,0.49756069499108657
15,2023-2024,134,0,1,0.5449473387862938
15,2023-2024,135,1,1,0.7004859550491812
15,2023-2024,136,1,1,0.605418821085844
15,2023-2024,137,1,1,0.6747248545455335
15,2023-2024,138,1,1,0.6211363195533817
15,2023-2024,139,1,1,0.7853273753611655
15,2023-2024,140,0,1,0.638935756626969
15,2023-2024,141,0,0,0.3830644629070467
15,2023-2024,142,1,0,0.4817969890694769
15,2023-2024,143,1,1,0.7196665872338266
15,2023-2024,144,1,1,0.5236119517248631
15,2023-2024,145,0,0,0.4580236370065174
15,2023-2024,146,1,1,0.7508288516275982
15,2023-2024,147,1,1,0.6250541439773054
15,2023-2024,148,1,1,0.785337641349672
15,2023-2024,149,1,1,0.718896585948397
15,2023-2024,150,0,1,0.5673022568628899
15,2023-2024,151,0,1,0.6988119880309606
15,2023-2024,152,0,0,0.4600783102131732
15,2023-2024,153,0,0,0.34257970665883586
15,2023-2024,154,1,1,0.5201199474677335
15,2023-2024,155,0,0,0.25781964260945506
15,2023-2024,156,0,1,0.564115820228491
15,2023-2024,157,0,1,0.5239555013290386
15,2023-2024,158,0,1,0.569437780178258
15,2023-2024,159,0,1,0.5465636105415168
15,2023-2024,160,0,1,0.5361586887807606
15,2023-2024,161,1,1,0.5238476966705533
15,2023-2024,162,1,1,0.6180261795190113
15,2023-2024,163,0,0,0.41362399134009437
15,2023-2024,164,1,0,0.4926889533024937
15,2023-2024,165,0,0,0.454706658772505
15,2023-2024,166,0,0,0.4269514310210865
15,2023-2024,167,1,0,0.4060938219843819
15,2023-2024,168,1,1,0.5599352523327477
15,2023-2024,169,1,0,0.4028646411551104
15,2023-2024,170,0,1,0.5246286210326773
15,2023-2024,171,1,0,0.3860893958444256
15,2023-2024,172,1,1,0.6595566051031813
15,2023-2024,173,0,0,0.4894446363543478
15,2023-2024,174,1,1,0.6527809670953296
15,2023-2024,175,0,1,0.6132583797994966
15,2023-2024,176,0,1,0.6224180836374261
15,2023-2024,177,1,1,0.5656165920479226
15,2023-2024,178,1,1,0.6408056739566715
15,2023-2024,179,0,0,0.261862422744687
15,2023-2024,180,1,1,0.6363130515620683
15,2023-2024,181,0,1,0.5791418580549441
15,2023-2024,182,0,0,0.36201249292490467
15,2023-2024,183,0,0,0.3717899706232079
15,2023-2024,184,0,1,0.6307949741816373
15,2023-2024,185,1,1,0.5594376833218463
15,2023-2024,186,1,0,0.44109765848900523
15,2023-2024,187,1,1,0.7433450218455593
15,2023-2024,188,1,1,0.7866753703513831
15,2023-2024,189,1,1,0.6010813969645586
15,2023-2024,190,1,1,0.722095884218061
15,2023-2024,191,1,1,0.6820549846472812
15,2023-2024,192,1,0,0.4562753044344658
15,2023-2024,193,1,1,0.713012715941216
15,2023-2024,194,1,1,0.617315292038791
15,2023-2024,195,1,1,0.6715907207805589
15,2023-2024,196,1,1,0.7425316280600758
15,2023-2024,197,0,1,0.8114570166328936
15,2023-2024,198,1,1,0.8082455751070329
15,2023-2024,199,0,1,0.5967825047905855
15,2023-2024,200,0,1,0.5236391033896484
15,2023-2024,201,0,1,0.656763245620371
15,2023-2024,202,0,0,0.27814420893160113
15,2023-2024,203,0,1,0.5007578202992609
15,2023-2024,204,1,1,0.5922868824126396
15,2023-2024,205,0,1,0.509750603011494
15,2023-2024,206,0,1,0.575689253077363
15,2023-2024,207,1,1,0.8046161359380695
15,2023-2024,208,1,0,0.35938070861952365
15,2023-2024,209,0,1,0.630802477365709
15,2023-2024,210,1,1,0.6389517520521163
15,2023-2024,211,1,1,0.626123496052613
15,2023-2024,212,0,1,0.5088394237348975
15,2023-2024,213,0,0,0.3772431620080082
15,2023-2024,214,0,0,0.41344660548922874
15,2023-2024,215,1,1,0.6708407298496627
15,2023-2024,216,1,0,0.4280079016959823
15,2023-2024,217,1,1,0.5859602818569453
15,2023-2024,218,0,0,0.27106723766597973
15,2023-2024,219,0,1,0.7009808335486671
15,2023-2024,220,1,1,0.6721104185495095
15,2023-2024,221,1,1,0.50825645302088
15,2023-2024,222,1,1,0.622447684183086
15,2023-2024,223,1,1,0.6760938126971487
15,2023-2024,224,0,1,0.5069301727043259
15,2023-2024,225,0,1,0.5189881484437004
15,2023-2024,226,0,0,0.19004517141316965
15,2023-2024,227,0,1,0.5811357331168946
15,2023-2024,228,1,1,0.700153270179645
15,2023-2024,229,1,0,0.33179270169255015
15,2023-2024,230,0,0,0.3673336399289533
15,2023-2024,231,1,0,0.41412633313052466
15,2023-2024,232,1,1,0.5174187805516648
15,2023-2024,233,1,1,0.8167401231388419
15,2023-2024,234,0,0,0.47351634632781103
15,2023-2024,235,0,0,0.4504985410896244
15,2023-2024,236,1,1,0.6355333731158914
15,2023-2024,237,0,1,0.5527459471553196
15,2023-2024,238,1,0,0.4096823207163573
15,2023-2024,239,1,1,0.7490762145381192
15,2023-2024,240,1,1,0.7155228670990539
15,2023-2024,241,0,1,0.6522871228163594
15,2023-2024,242,1,1,0.5160472761766343
15,2023-2024,243,1,1,0.5570257893018281
15,2023-2024,244,0,0,0.323151685732164
15,2023-2024,245,1,0,0.4158149158344471
15,2023-2024,246,0,1,0.5266554107927186
15,2023-2024,247,0,0,0.24225800817009951
15,2023-2024,248,0,0,0.27288989794236135
15,2023-2024,249,1,0,0.4663240201706696
15,2023-2024,250,1,1,0.524220603433433
15,2023-2024,251,1,0,0.419992659492261
15,2023-2024,252,1,0,0.3505710896550156
15,2023-2024,253,0,0,0.3451497116759816
15,2023-2024,254,0,0,0.3432520021994827
15,2023-2024,255,0,1,0.6007904019750779
15,2023-2024,256,1,1,0.7046616363285878
15,2023-2024,257,0,1,0.5473724673067482
15,2023-2024,258,1,1,0.6041629993238167
15,2023-2024,259,1,0,0.4407274492665225
15,2023-2024,260,1,1,0.7260803341290109
15,2023-2024,261,1,0,0.45958015791376333
15,2023-2024,262,1,1,0.6211424020999413
15,2023-2024,263,1,1,0.5763133516736635
15,2023-2024,264,1,1,0.6219880685029462
15,2023-2024,265,1,1,0.6592451064292691
15,2023-2024,266,1,1,0.7138128910894099
15,2023-2024,267,0,1,0.6290476690211202
15,2023-2024,268,1,1,0.7697875605929891
15,2023-2024,269,1,0,0.4997569795499538
15,2023-2024,270,1,1,0.5328206179723258
15,2023-2024,271,1,1,0.6674171929989784
15,2023-2024,272,0,1,0.5722389391701568
15,2023-2024,273,1,1,0.5580036332606572
15,2023-2024,274,1,1,0.7561753025831985
15,2023-2024,275,1,1,0.737450311807796
15,2023-2024,276,1,0,0.4551808652421075
15,2023-2024,277,0,1,0.5009352581885186
15,2023-2024,278,0,0,0.3736127100822676
15,2023-2024,279,1,1,0.6865299141134444
15,2023-2024,280,1,1,0.7297099080652852
15,2023-2024,281,0,0,0.46981368169546567
15,2023-2024,282,0,0,0.3145512591784737
15,2023-2024,283,0,0,0.26413097047133705
15,2023-2024,284,1,1,0.5616946130816014
15,2023-2024,285,1,1,0.6689385955135163
15,2023-2024,286,1,1,0.7374662473031481
15,2023-2024,287,0,0,0.3363372234521856
15,2023-2024,288,1,1,0.7543413425602931
15,2023-2024,289,1,1,0.6375328380119999
15,2023-2024,290,0,1,0.6964105181651358
15,2023-2024,291,1,1,0.7867638649966551
15,2023-2024,292,0,1,0.573364854823088
15,2023-2024,293,1,1,0.7854307165324108
15,2023-2024,294,1,1,0.7431809716822022
15,2023-2024,295,0,1,0.5105808909519606
15,2023-2024,296,1,1,0.7876975655721793
15,2023-2024,297,0,1,0.7768901578287816
15,2023-2024,298,1,1,0.7017066439892085
15,2023-2024,299,1,1,0.8693777041925644
15,2023-2024,300,1,1,0.5609762526740218
15,2023-2024,301,1,1,0.5604702787693262
15,2023-2024,302,1,1,0.7638737418442837
15,2023-2024,303,1,1,0.6815525792257741
15,2023-2024,304,0,1,0.5435371489672363
15,2023-2024,305,1,1,0.5279728474577519
15,2023-2024,306,0,0,0.23050734474263024
15,2023-2024,307,1,1,0.7628396950909435
15,2023-2024,308,1,0,0.4423782868354882
15,2023-2024,309,0,0,0.30563672958976223
15,2023-2024,310,0,0,0.3710438130405419
15,2023-2024,311,0,0,0.4746467107155956
15,2023-2024,312,1,1,0.8187346939236718
15,2023-2024,313,1,0,0.4694791400469956
15,2023-2024,314,1,1,0.6279503659979047
15,2023-2024,315,0,0,0.42756251305005816
15,2023-2024,316,0,1,0.5758755301073376
15,2023-2024,317,1,1,0.5164539811183227
15,2023-2024,318,0,0,0.34363662869764977
15,2023-2024,319,1,1,0.615556733900935
15,2023-2024,320,1,0,0.37794304242815985
15,2023-2024,321,0,1,0.6316939427141447
15,2023-2024,322,0,0,0.3498902061849895
15,2023-2024,323,0,0,0.4746531774944219
15,2023-2024,324,0,0,0.4618906414152625
15,2023-2024,325,0,1,0.7258226510905474
15,2023-2024,326,1,1,0.8164260273420121
15,2023-2024,327,0,1,0.7099399610684048
15,2023-2024,328,0,0,0.22073961647195506
15,2023-2024,329,0,0,0.2976079671034262
15,2023-2024,330,1,1,0.5244944374161759
15,2023-2024,331,0,0,0.3891098363508085
15,2023-2024,332,0,0,0.2822035306046832
15,2023-2024,333,0,0,0.35642346182782114
15,2023-2024,334,0,0,0.44805273690364933
15,2023-2024,335,1,0,0.4320408825020098
15,2023-2024,336,1,1,0.8660468144895425
15,2023-2024,337,1,1,0.7361909380472412
15,2023-2024,338,1,1,0.676048015833073
15,2023-2024,339,0,1,0.7011742480509203
15,2023-2024,340,1,1,0.6966434730482783
15,2023-2024,341,1,1,0.7800822038195735
15,2023-2024,342,1,1,0.5615565729552014
15,2023-2024,343,1,1,0.6774272448088716
15,2023-2024,344,1,1,0.7788701158201887
15,2023-2024,345,1,1,0.6984817485286429
15,2023-2024,346,1,1,0.735777914490746
15,2023-2024,347,1,1,0.50927711061016
15,2023-2024,348,0,0,0.35846884948394525
15,2023-2024,349,1,1,0.5101257206241071
15,2023-2024,350,0,1,0.5077032710143381
15,2023-2024,351,1,1,0.6516959113081036
15,2023-2024,352,0,0,0.33257468080544583
15,2023-2024,353,1,1,0.6535327590433517
15,2023-2024,354,0,0,0.4770638722182188
15,2023-2024,355,1,1,0.7119994511396347
15,2023-2024,356,1,1,0.7187558309416233
15,2023-2024,357,1,1,0.5408275784653834
15,2023-2024,358,1,1,0.7714784688475629
15,2023-2024,359,0,1,0.5586674791305974
15,2023-2024,360,1,1,0.7019014284128334
15,2023-2024,361,1,1,0.6726862607758437
15,2023-2024,362,1,1,0.5044892600956414
15,2023-2024,363,0,1,0.5644600693820067
15,2023-2024,364,0,1,0.6100020373582801
15,2023-2024,365,0,0,0.4605136826417406
15,2023-2024,366,0,1,0.6961189283555443
15,2023-2024,367,1,1,0.5872849449124397
15,2023-2024,368,0,1,0.6189194460323157
15,2023-2024,369,0,1,0.5536795049663932
15,2023-2024,370,1,0,0.41668234716162206
