Janela Incremental,Temporada,Ordem Jogo Temporada,Resultado Real,Previsao,Probabilidade Classe 1
5,2008-2009,6,1,1,0.6000000238418579
5,2008-2009,7,0,1,0.6666666865348816
5,2008-2009,8,0,1,0.5714285969734192
5,2008-2009,9,0,1,0.5124973654747009
5,2008-2009,10,1,0,0.4444444477558136
5,2008-2009,11,1,1,0.7223163843154907
5,2008-2009,12,0,1,0.8383654952049255
5,2008-2009,13,0,1,0.6598445773124695
5,2008-2009,14,1,1,0.6315343976020813
5,2008-2009,15,0,1,0.6643655896186829
5,2008-2009,16,1,1,0.6917903423309326
5,2008-2009,17,1,1,0.5364920496940613
5,2008-2009,18,0,0,0.15974316000938416
5,2008-2009,19,0,1,0.7916485667228699
5,2008-2009,20,0,1,0.8139220476150513
5,2008-2009,21,0,1,0.5629191994667053
5,2008-2009,22,1,1,0.5293505191802979
5,2008-2009,23,1,1,0.6671110391616821
5,2008-2009,24,0,1,0.6106196641921997
5,2008-2009,25,1,1,0.5952732563018799
5,2008-2009,26,0,0,0.23419994115829468
5,2008-2009,27,1,0,0.30706384778022766
5,2008-2009,28,0,0,0.27273809909820557
5,2008-2009,29,1,0,0.3686929941177368
5,2008-2009,30,1,0,0.3885422945022583
5,2008-2009,31,1,0,0.21597996354103088
5,2008-2009,32,1,1,0.823803186416626
5,2008-2009,33,1,1,0.5588611960411072
5,2008-2009,34,1,0,0.46827399730682373
5,2008-2009,35,1,0,0.23904654383659363
5,2008-2009,36,1,0,0.4652360677719116
5,2008-2009,37,1,1,0.602322518825531
5,2008-2009,38,1,1,0.86034095287323
5,2008-2009,39,1,1,0.9383088946342468
5,2008-2009,40,1,1,0.7849704623222351
5,2008-2009,41,1,0,0.4633481204509735
5,2008-2009,42,1,1,0.5767415761947632
5,2008-2009,43,1,1,0.6633695363998413
5,2008-2009,44,0,1,0.7131023406982422
5,2008-2009,45,0,1,0.752056360244751
5,2008-2009,46,1,1,0.8840018510818481
5,2008-2009,47,1,1,0.5151004195213318
5,2008-2009,48,1,0,0.42826664447784424
5,2008-2009,49,1,0,0.3903138339519501
5,2008-2009,50,1,1,0.8337196111679077
5,2008-2009,51,1,1,0.927613377571106
5,2008-2009,52,1,1,0.9328252077102661
5,2008-2009,53,1,1,0.5814878940582275
5,2008-2009,54,1,1,0.512959361076355
5,2008-2009,55,1,1,0.936756432056427
5,2008-2009,56,1,1,0.6751132607460022
5,2008-2009,57,0,1,0.9037208557128906
5,2008-2009,58,1,1,0.7043571472167969
5,2008-2009,59,0,1,0.602445125579834
5,2008-2009,60,0,1,0.9650170803070068
5,2008-2009,61,0,1,0.7720532417297363
5,2008-2009,62,0,1,0.8847492933273315
5,2008-2009,63,1,1,0.9477235078811646
5,2008-2009,64,0,0,0.4414629340171814
5,2008-2009,65,1,1,0.8545594215393066
5,2008-2009,66,0,1,0.811417818069458
5,2008-2009,67,0,1,0.8429921269416809
5,2008-2009,68,1,1,0.6194661855697632
5,2008-2009,69,0,1,0.6759440898895264
5,2008-2009,70,0,1,0.5832989811897278
5,2008-2009,71,1,1,0.7922883629798889
5,2008-2009,72,1,1,0.7168081998825073
5,2008-2009,73,0,1,0.8041775822639465
5,2008-2009,74,1,1,0.8879038095474243
5,2008-2009,75,0,1,0.6910030841827393
5,2008-2009,76,0,1,0.6645501255989075
5,2008-2009,77,0,0,0.4952091872692108
5,2008-2009,78,1,1,0.7421565651893616
5,2008-2009,79,0,1,0.5104855895042419
5,2008-2009,80,0,0,0.24043233692646027
5,2008-2009,81,1,1,0.8354212045669556
5,2008-2009,82,1,1,0.8245255351066589
5,2008-2009,83,0,0,0.2258271723985672
5,2008-2009,84,1,1,0.7118754386901855
5,2008-2009,85,0,1,0.8878474235534668
5,2008-2009,86,1,0,0.09861800074577332
5,2008-2009,87,0,0,0.43872302770614624
5,2008-2009,88,1,0,0.35316935181617737
5,2008-2009,89,1,1,0.6134710311889648
5,2008-2009,90,1,1,0.9504032731056213
5,2008-2009,91,1,1,0.8547655940055847
5,2008-2009,92,0,1,0.6165623068809509
5,2008-2009,93,1,1,0.5898934006690979
5,2008-2009,94,1,1,0.776107132434845
5,2008-2009,95,1,1,0.8670688271522522
5,2008-2009,96,1,1,0.6545432806015015
5,2008-2009,97,1,0,0.28502556681632996
5,2008-2009,98,1,1,0.965111255645752
5,2008-2009,99,1,1,0.7173040509223938
5,2008-2009,100,1,0,0.40206119418144226
5,2008-2009,101,0,0,0.4640069901943207
5,2008-2009,102,1,1,0.9155678749084473
5,2008-2009,103,0,0,0.27104881405830383
5,2008-2009,104,1,1,0.9205973148345947
5,2008-2009,105,1,1,0.8678660988807678
5,2008-2009,106,1,1,0.9639333486557007
5,2008-2009,107,1,0,0.3984813690185547
5,2008-2009,108,1,1,0.876549243927002
5,2008-2009,109,1,1,0.90775465965271
5,2008-2009,110,0,1,0.5648398995399475
5,2008-2009,111,1,1,0.8992534875869751
5,2008-2009,112,1,1,0.8180163502693176
5,2008-2009,113,0,1,0.5416466593742371
5,2008-2009,114,1,1,0.9388241767883301
5,2008-2009,115,1,1,0.5622836351394653
5,2008-2009,116,1,1,0.5093190670013428
5,2008-2009,117,1,1,0.9716262221336365
5,2008-2009,118,1,1,0.9459404945373535
5,2008-2009,119,1,1,0.9718404412269592
5,2008-2009,120,1,0,0.36086758971214294
5,2008-2009,121,1,1,0.9467237591743469
5,2008-2009,122,1,1,0.9554970860481262
5,2008-2009,123,1,1,0.8953972458839417
5,2008-2009,124,1,1,0.9016461372375488
5,2008-2009,125,0,1,0.6114720702171326
5,2008-2009,126,1,1,0.9475985765457153
5,2008-2009,127,0,0,0.45671898126602173
5,2008-2009,128,1,1,0.953295111656189
5,2008-2009,129,1,1,0.9056957364082336
5,2008-2009,130,0,1,0.7540088891983032
5,2008-2009,131,0,0,0.33592092990875244
5,2008-2009,132,0,1,0.6695895791053772
5,2008-2009,133,1,1,0.9631831645965576
5,2008-2009,134,0,0,0.3029839098453522
5,2008-2009,135,1,1,0.964862585067749
5,2008-2009,136,0,0,0.2002515196800232
5,2008-2009,137,0,0,0.23150648176670074
5,2008-2009,138,1,1,0.8173732161521912
5,2008-2009,139,1,1,0.8083298802375793
5,2008-2009,140,1,1,0.9764562845230103
5,2008-2009,141,0,0,0.3349319100379944
5,2008-2009,142,0,0,0.15958844125270844
5,2008-2009,143,1,1,0.9803228378295898
5,2008-2009,144,0,0,0.12778671085834503
5,2008-2009,145,1,1,0.9836979508399963
5,2008-2009,146,0,0,0.18606474995613098
5,2008-2009,147,0,0,0.06151227280497551
5,2008-2009,148,1,0,0.46446511149406433
5,2008-2009,149,1,1,0.7545202374458313
5,2008-2009,150,1,0,0.16093756258487701
5,2008-2009,151,1,0,0.18809300661087036
5,2008-2009,152,0,0,0.12613074481487274
5,2008-2009,153,0,0,0.19378790259361267
5,2008-2009,154,1,0,0.09822667390108109
5,2008-2009,155,0,0,0.4583284556865692
5,2008-2009,156,1,1,0.7604198455810547
5,2008-2009,157,1,1,0.9715027809143066
5,2008-2009,158,0,1,0.8728418350219727
5,2008-2009,159,1,1,0.9794110655784607
5,2008-2009,160,0,1,0.9494714736938477
5,2008-2009,161,1,1,0.9703451991081238
5,2008-2009,162,1,1,0.9756935238838196
5,2008-2009,163,1,0,0.10559586435556412
5,2008-2009,164,0,0,0.2455037534236908
5,2008-2009,165,1,1,0.9612794518470764
5,2008-2009,166,1,1,0.9793206453323364
5,2008-2009,167,0,1,0.5934266448020935
5,2008-2009,168,1,1,0.965377688407898
5,2008-2009,169,1,1,0.8475825786590576
5,2008-2009,170,1,1,0.9653919339179993
5,2008-2009,171,1,1,0.8676899671554565
5,2008-2009,172,1,1,0.9715107679367065
5,2008-2009,173,1,1,0.9365195631980896
5,2008-2009,174,1,1,0.875634491443634
5,2008-2009,175,1,1,0.9698961973190308
5,2008-2009,176,0,0,0.20145907998085022
5,2008-2009,177,1,1,0.9714860320091248
5,2008-2009,178,0,0,0.14660224318504333
5,2008-2009,179,1,1,0.9705771207809448
5,2008-2009,180,0,1,0.9744337797164917
5,2008-2009,181,1,1,0.847915768623352
5,2008-2009,182,0,1,0.514487624168396
5,2008-2009,183,1,1,0.9568052291870117
5,2008-2009,184,1,1,0.8801232576370239
5,2008-2009,185,1,0,0.1167258694767952
5,2008-2009,186,1,0,0.4436160922050476
5,2008-2009,187,1,1,0.9179384708404541
5,2008-2009,188,0,0,0.40579095482826233
5,2008-2009,189,1,1,0.831095814704895
5,2008-2009,190,1,1,0.9387433528900146
5,2008-2009,191,0,0,0.35434022545814514
5,2008-2009,192,0,0,0.398792028427124
5,2008-2009,193,0,0,0.1425984501838684
5,2008-2009,194,0,0,0.4737667143344879
5,2008-2009,195,0,0,0.4318796694278717
5,2008-2009,196,0,0,0.3293199837207794
5,2008-2009,197,1,1,0.9403197765350342
5,2008-2009,198,0,1,0.6732038855552673
5,2008-2009,199,1,1,0.9098343253135681
5,2008-2009,200,0,0,0.18729515373706818
5,2008-2009,201,1,1,0.8738884329795837
5,2008-2009,202,1,1,0.7051295638084412
5,2008-2009,203,1,1,0.9577020406723022
5,2008-2009,204,0,0,0.1310734897851944
5,2008-2009,205,1,1,0.953383207321167
5,2008-2009,206,1,1,0.9732683897018433
5,2008-2009,207,0,1,0.9477027654647827
5,2008-2009,208,0,1,0.8808770775794983
5,2008-2009,209,0,1,0.9478392601013184
5,2008-2009,210,1,0,0.30710193514823914
5,2008-2009,211,1,0,0.43469515442848206
5,2008-2009,212,0,0,0.49982696771621704
5,2008-2009,213,1,1,0.6405356526374817
5,2008-2009,214,1,1,0.8028201460838318
5,2008-2009,215,1,1,0.9178807735443115
5,2008-2009,216,1,1,0.7895553112030029
5,2008-2009,217,1,1,0.5729747414588928
5,2008-2009,218,0,1,0.6807677149772644
5,2008-2009,219,1,0,0.47162821888923645
5,2008-2009,220,1,1,0.854811429977417
5,2008-2009,221,0,0,0.38959401845932007
5,2008-2009,222,1,1,0.6632236838340759
5,2008-2009,223,1,1,0.7971785068511963
5,2008-2009,224,1,0,0.4090501666069031
5,2008-2009,225,1,1,0.9218144416809082
5,2008-2009,226,1,1,0.9126576781272888
5,2008-2009,227,0,1,0.7973198294639587
5,2008-2009,228,0,1,0.7006133198738098
5,2008-2009,229,0,1,0.7629520893096924
5,2008-2009,230,1,1,0.5064247846603394
5,2008-2009,231,1,1,0.7966941595077515
5,2009-2010,6,1,1,1.0
5,2009-2010,7,1,1,1.0
5,2009-2010,8,0,1,1.0
5,2009-2010,9,1,1,0.8749999403953552
5,2009-2010,10,0,1,0.8888888955116272
5,2009-2010,11,1,1,0.800000011920929
5,2009-2010,12,1,1,0.8181818127632141
5,2009-2010,13,1,1,0.8333333134651184
5,2009-2010,14,1,1,0.8461538553237915
5,2009-2010,15,1,1,0.8571428656578064
5,2009-2010,16,0,1,0.8666666746139526
5,2009-2010,17,0,1,0.9138810038566589
5,2009-2010,18,0,1,0.9180527925491333
5,2009-2010,19,0,1,0.768108069896698
5,2009-2010,20,1,1,0.7362379431724548
5,2009-2010,21,1,1,0.9105916619300842
5,2009-2010,22,1,1,0.9212985038757324
5,2009-2010,23,1,1,0.5871335864067078
5,2009-2010,24,0,1,0.7969917058944702
5,2009-2010,25,0,1,0.8783623576164246
5,2009-2010,26,1,1,0.8716118931770325
5,2009-2010,27,0,1,0.9116891622543335
5,2009-2010,28,1,1,0.9329249262809753
5,2009-2010,29,0,1,0.7385812401771545
5,2009-2010,30,0,1,0.8266306519508362
5,2009-2010,31,1,1,0.9455752968788147
5,2009-2010,32,1,1,0.894325315952301
5,2009-2010,33,1,1,0.5189577341079712
5,2009-2010,34,1,1,0.9682291746139526
5,2009-2010,35,1,1,0.967276394367218
5,2009-2010,36,1,1,0.9643393754959106
5,2009-2010,37,1,1,0.9726637005805969
5,2009-2010,38,1,1,0.5509840250015259
5,2009-2010,39,0,1,0.668830156326294
5,2009-2010,40,1,1,0.6552227735519409
5,2009-2010,41,0,1,0.9053268432617188
5,2009-2010,42,1,1,0.9454061985015869
5,2009-2010,43,1,1,0.6442365646362305
5,2009-2010,44,1,1,0.679581344127655
5,2009-2010,45,1,1,0.829275369644165
5,2009-2010,46,1,0,0.38972362875938416
5,2009-2010,47,0,1,0.9433546662330627
5,2009-2010,48,1,1,0.849712073802948
5,2009-2010,49,1,1,0.504540741443634
5,2009-2010,50,1,1,0.950739860534668
5,2009-2010,51,0,1,0.6284239292144775
5,2009-2010,52,1,1,0.7602818608283997
5,2009-2010,53,1,1,0.9722442626953125
5,2009-2010,54,1,0,0.4277662932872772
5,2009-2010,55,0,0,0.46825528144836426
5,2009-2010,56,1,0,0.4463774859905243
5,2009-2010,57,1,1,0.6434754729270935
5,2009-2010,58,1,0,0.3512103259563446
5,2009-2010,59,0,1,0.8600250482559204
5,2009-2010,60,1,1,0.7789807319641113
5,2009-2010,61,0,1,0.557335615158081
5,2009-2010,62,1,1,0.8532787561416626
5,2009-2010,63,0,1,0.8554674983024597
5,2009-2010,64,1,1,0.9704239964485168
5,2009-2010,65,0,0,0.1711176037788391
5,2009-2010,66,1,0,0.3498111367225647
5,2009-2010,67,0,1,0.8248626589775085
5,2009-2010,68,1,1,0.8916318416595459
5,2009-2010,69,0,0,0.18011796474456787
5,2009-2010,70,1,0,0.35493946075439453
5,2009-2010,71,1,1,0.9764053821563721
5,2009-2010,72,1,1,0.5155501365661621
5,2009-2010,73,1,1,0.8428750038146973
5,2009-2010,74,1,1,0.6048513054847717
5,2009-2010,75,0,1,0.5864450931549072
5,2009-2010,76,0,1,0.9577429294586182
5,2009-2010,77,1,1,0.7044832706451416
5,2009-2010,78,0,0,0.22513636946678162
5,2009-2010,79,1,0,0.48603975772857666
5,2009-2010,80,1,0,0.3895912170410156
5,2009-2010,81,1,1,0.5356500744819641
5,2009-2010,82,1,1,0.8870746493339539
5,2009-2010,83,1,1,0.909130871295929
5,2009-2010,84,1,0,0.19393593072891235
5,2009-2010,85,1,1,0.9218286275863647
5,2009-2010,86,1,1,0.5181728005409241
5,2009-2010,87,1,1,0.5948668122291565
5,2009-2010,88,1,1,0.8770303726196289
5,2009-2010,89,1,1,0.8484572172164917
5,2009-2010,90,0,1,0.8685595393180847
5,2009-2010,91,1,1,0.9440321922302246
5,2009-2010,92,1,1,0.7594056129455566
5,2009-2010,93,0,0,0.22767047584056854
5,2009-2010,94,0,1,0.8101705312728882
5,2009-2010,95,1,1,0.7017263770103455
5,2009-2010,96,1,0,0.4180886745452881
5,2009-2010,97,1,1,0.5904350876808167
5,2009-2010,98,0,1,0.963740885257721
5,2009-2010,99,1,1,0.8376426100730896
5,2009-2010,100,0,1,0.9369071125984192
5,2009-2010,101,0,0,0.26616623997688293
5,2009-2010,102,0,0,0.325282484292984
5,2009-2010,103,1,0,0.3876224756240845
5,2009-2010,104,1,1,0.8481455445289612
5,2009-2010,105,1,1,0.8200438022613525
5,2009-2010,106,0,1,0.7259011268615723
5,2009-2010,107,1,1,0.9149327874183655
5,2009-2010,108,1,1,0.7562288045883179
5,2009-2010,109,1,1,0.7828112840652466
5,2009-2010,110,1,0,0.4607619345188141
5,2009-2010,111,0,1,0.9561022520065308
5,2009-2010,112,0,1,0.6438711285591125
5,2009-2010,113,1,1,0.8752261996269226
5,2009-2010,114,1,0,0.4668562114238739
5,2009-2010,115,1,1,0.8205770254135132
5,2009-2010,116,0,1,0.7928454875946045
5,2009-2010,117,1,1,0.8662455081939697
5,2009-2010,118,0,1,0.7297222018241882
5,2009-2010,119,1,1,0.6570169925689697
5,2009-2010,120,0,0,0.16579017043113708
5,2009-2010,121,1,1,0.9046454429626465
5,2009-2010,122,1,1,0.5956524610519409
5,2009-2010,123,1,1,0.9123862981796265
5,2009-2010,124,0,0,0.30121755599975586
5,2009-2010,125,0,1,0.8985460996627808
5,2009-2010,126,1,1,0.8715505599975586
5,2009-2010,127,1,0,0.07188715785741806
5,2009-2010,128,1,1,0.6718907356262207
5,2009-2010,129,0,0,0.4014107584953308
5,2009-2010,130,1,1,0.8831840753555298
5,2009-2010,131,0,1,0.8098633885383606
5,2009-2010,132,1,1,0.893669068813324
5,2009-2010,133,1,1,0.8985397219657898
5,2009-2010,134,1,1,0.8039380311965942
5,2009-2010,135,1,1,0.6650278568267822
5,2009-2010,136,1,1,0.9562081098556519
5,2009-2010,137,1,1,0.9046775102615356
5,2009-2010,138,0,1,0.8011346459388733
5,2009-2010,139,0,1,0.8869165182113647
5,2009-2010,140,1,1,0.9198493957519531
5,2009-2010,141,0,1,0.7692824602127075
5,2009-2010,142,0,1,0.9195263385772705
5,2009-2010,143,0,1,0.8383782505989075
5,2009-2010,144,1,1,0.8611733913421631
5,2009-2010,145,1,1,0.9465903639793396
5,2009-2010,146,1,1,0.6497797966003418
5,2009-2010,147,0,1,0.7293816208839417
5,2009-2010,148,0,1,0.8543402552604675
5,2009-2010,149,1,1,0.7759348154067993
5,2009-2010,150,1,1,0.9186346530914307
5,2009-2010,151,1,1,0.7839413285255432
5,2009-2010,152,1,1,0.5841323733329773
5,2009-2010,153,1,1,0.6958038210868835
5,2009-2010,154,0,1,0.7458342909812927
5,2009-2010,155,1,1,0.8074700832366943
5,2009-2010,156,1,1,0.5866418480873108
5,2011-2012,6,0,1,0.6000000238418579
5,2011-2012,7,1,0,0.5
5,2011-2012,8,0,1,0.5714285969734192
5,2011-2012,9,1,1,0.5124973654747009
5,2011-2012,10,0,1,0.5555555820465088
5,2011-2012,11,1,0,0.37930020689964294
5,2011-2012,12,1,1,0.6068233847618103
5,2011-2012,13,1,0,0.4703943431377411
5,2011-2012,14,1,1,0.6626452803611755
5,2011-2012,15,0,1,0.7283598780632019
5,2011-2012,16,1,0,0.46512648463249207
5,2011-2012,17,1,0,0.29669180512428284
5,2011-2012,18,0,0,0.31788286566734314
5,2011-2012,19,1,0,0.4785650670528412
5,2011-2012,20,1,1,0.6907196640968323
5,2011-2012,21,0,0,0.32015836238861084
5,2011-2012,22,1,1,0.9036651849746704
5,2011-2012,23,1,0,0.46963006258010864
5,2011-2012,24,0,1,0.5344600677490234
5,2011-2012,25,1,1,0.8307634592056274
5,2011-2012,26,1,0,0.1286507248878479
5,2011-2012,27,0,0,0.2944645285606384
5,2011-2012,28,1,1,0.8842769265174866
5,2011-2012,29,0,0,0.17572706937789917
5,2011-2012,30,0,1,0.9687860608100891
5,2011-2012,31,1,1,0.861989438533783
5,2011-2012,32,1,1,0.9137240648269653
5,2011-2012,33,1,1,0.7387770414352417
5,2011-2012,34,1,1,0.694320797920227
5,2011-2012,35,0,0,0.22883525490760803
5,2011-2012,36,1,0,0.36607417464256287
5,2011-2012,37,1,0,0.48975810408592224
5,2011-2012,38,0,1,0.8211140632629395
5,2011-2012,39,1,1,0.7121554017066956
5,2011-2012,40,0,1,0.8059092164039612
5,2011-2012,41,0,1,0.6732985377311707
5,2011-2012,42,0,1,0.8814165592193604
5,2011-2012,43,1,0,0.021941591054201126
5,2011-2012,44,0,0,0.13913512229919434
5,2011-2012,45,1,0,0.4059072732925415
5,2011-2012,46,1,0,0.08640599250793457
5,2011-2012,47,0,0,0.1612326055765152
5,2011-2012,48,1,1,0.8484067320823669
5,2011-2012,49,1,1,0.5938745141029358
5,2011-2012,50,1,1,0.9462617039680481
5,2011-2012,51,1,0,0.46067145466804504
5,2011-2012,52,1,1,0.8427170515060425
5,2011-2012,53,1,0,0.30504828691482544
5,2011-2012,54,1,1,0.7443512678146362
5,2011-2012,55,0,1,0.9136033058166504
5,2011-2012,56,0,1,0.8777886033058167
5,2011-2012,57,0,0,0.20195305347442627
5,2011-2012,58,1,1,0.7480044364929199
5,2011-2012,59,1,1,0.5581050515174866
5,2011-2012,60,1,1,0.515380322933197
5,2011-2012,61,1,1,0.829186737537384
5,2011-2012,62,0,1,0.7822186350822449
5,2011-2012,63,1,1,0.7845007181167603
5,2011-2012,64,1,0,0.09000334143638611
5,2011-2012,65,1,1,0.8600847721099854
5,2011-2012,66,0,1,0.6954634785652161
5,2011-2012,67,1,1,0.6598055958747864
5,2011-2012,68,1,1,0.7185848951339722
5,2011-2012,69,1,1,0.8300884366035461
5,2011-2012,70,0,1,0.5089178085327148
5,2011-2012,71,1,1,0.6750133037567139
5,2011-2012,72,1,1,0.9246465563774109
5,2011-2012,73,1,1,0.5043227076530457
5,2011-2012,74,1,1,0.7070932984352112
5,2011-2012,75,0,0,0.47241663932800293
5,2011-2012,76,0,1,0.6008452773094177
5,2011-2012,77,0,1,0.9275450706481934
5,2011-2012,78,0,1,0.5919556617736816
5,2011-2012,79,1,1,0.7824293971061707
5,2011-2012,80,1,1,0.7859504818916321
5,2011-2012,81,0,0,0.38665446639060974
5,2011-2012,82,1,1,0.6778759956359863
5,2011-2012,83,1,1,0.8968528509140015
5,2011-2012,84,0,1,0.7941808104515076
5,2011-2012,85,0,1,0.8374005556106567
5,2011-2012,86,1,0,0.14712095260620117
5,2011-2012,87,1,0,0.37023183703422546
5,2011-2012,88,1,1,0.5245366096496582
5,2011-2012,89,1,1,0.8782107830047607
5,2011-2012,90,1,1,0.8687871098518372
5,2011-2012,91,1,1,0.6690406203269958
5,2011-2012,92,1,1,0.7411558628082275
5,2011-2012,93,1,1,0.9480983018875122
5,2011-2012,94,1,1,0.9555574655532837
5,2011-2012,95,1,1,0.8279628753662109
5,2011-2012,96,1,1,0.9635136723518372
5,2011-2012,97,1,0,0.4842122793197632
5,2011-2012,98,1,1,0.9269216060638428
5,2011-2012,99,0,0,0.48932692408561707
5,2011-2012,100,0,1,0.5850018858909607
5,2011-2012,101,1,0,0.20065581798553467
5,2011-2012,102,0,1,0.8475674986839294
5,2011-2012,103,1,1,0.9612721800804138
5,2011-2012,104,1,1,0.9681069254875183
5,2011-2012,105,0,1,0.8652652502059937
5,2011-2012,106,0,0,0.4820784330368042
5,2011-2012,107,1,0,0.4036700427532196
5,2011-2012,108,1,1,0.9308221936225891
5,2011-2012,109,0,0,0.4946673810482025
5,2011-2012,110,1,1,0.9496621489524841
5,2011-2012,111,1,1,0.901639997959137
5,2011-2012,112,1,1,0.967329204082489
5,2011-2012,113,0,1,0.8906113505363464
5,2011-2012,114,0,1,0.9623489379882812
5,2011-2012,115,1,1,0.6469314098358154
5,2011-2012,116,1,1,0.9486045837402344
5,2011-2012,117,0,1,0.7464872002601624
5,2011-2012,118,0,0,0.4723353683948517
5,2011-2012,119,1,1,0.9632394909858704
5,2011-2012,120,0,1,0.9718523621559143
5,2011-2012,121,0,1,0.5539212822914124
5,2011-2012,122,1,0,0.4724108576774597
5,2011-2012,123,1,1,0.8288331031799316
5,2011-2012,124,0,0,0.22848287224769592
5,2011-2012,125,1,1,0.8366954922676086
5,2011-2012,126,1,1,0.7885736227035522
5,2011-2012,127,1,1,0.9098851680755615
5,2011-2012,128,1,1,0.7214532494544983
5,2011-2012,129,1,0,0.4041459262371063
5,2011-2012,130,1,1,0.8591049313545227
5,2011-2012,131,1,1,0.8179178237915039
5,2011-2012,132,0,1,0.9214282035827637
5,2011-2012,133,1,1,0.8980966210365295
5,2011-2012,134,1,1,0.9166175723075867
5,2011-2012,135,0,0,0.37910082936286926
5,2011-2012,136,1,1,0.9210208058357239
5,2011-2012,137,1,0,0.23829837143421173
5,2011-2012,138,0,1,0.5025956630706787
5,2011-2012,139,1,1,0.8658064007759094
5,2011-2012,140,1,1,0.9518386125564575
5,2011-2012,141,1,1,0.899019718170166
5,2011-2012,142,1,1,0.8750117421150208
5,2011-2012,143,0,0,0.47064462304115295
5,2011-2012,144,1,1,0.8839178085327148
5,2011-2012,145,1,1,0.7530208826065063
5,2011-2012,146,0,1,0.5168122053146362
5,2011-2012,147,0,1,0.7824656367301941
5,2011-2012,148,1,1,0.9553501009941101
5,2011-2012,149,0,1,0.792559027671814
5,2011-2012,150,1,1,0.9432981610298157
5,2011-2012,151,1,0,0.45885393023490906
5,2011-2012,152,1,1,0.9639161825180054
5,2011-2012,153,0,1,0.8849772214889526
5,2011-2012,154,0,1,0.8269088268280029
5,2011-2012,155,1,1,0.8951704502105713
5,2011-2012,156,1,1,0.7440164089202881
5,2011-2012,157,0,1,0.850566565990448
5,2011-2012,158,1,1,0.5979508757591248
5,2011-2012,159,1,1,0.7612305879592896
5,2011-2012,160,1,1,0.8065013885498047
5,2011-2012,161,1,1,0.7393155694007874
5,2011-2012,162,1,1,0.9588489532470703
5,2011-2012,163,1,1,0.9284624457359314
5,2011-2012,164,1,1,0.7856574654579163
5,2011-2012,165,1,1,0.9648630619049072
5,2011-2012,166,0,1,0.6866797804832458
5,2011-2012,167,0,1,0.9348751902580261
5,2011-2012,168,1,1,0.7040082216262817
5,2011-2012,169,0,1,0.8587819933891296
5,2011-2012,170,1,1,0.597204864025116
5,2012-2013,6,1,1,0.6000000238418579
5,2012-2013,7,1,1,0.6666666865348816
5,2012-2013,8,1,1,0.7142857313156128
5,2012-2013,9,1,1,0.75
5,2012-2013,10,1,1,0.7777777910232544
5,2012-2013,11,0,1,0.800000011920929
5,2012-2013,12,1,1,0.7272727489471436
5,2012-2013,13,1,1,0.6379903554916382
5,2012-2013,14,0,1,0.6066569089889526
5,2012-2013,15,0,1,0.8993716239929199
5,2012-2013,16,1,1,0.8357021808624268
5,2012-2013,17,1,1,0.8988173007965088
5,2012-2013,18,1,1,0.8899226784706116
5,2012-2013,19,0,1,0.8504160046577454
5,2012-2013,20,0,1,0.9517824649810791
5,2012-2013,21,1,0,0.31650203466415405
5,2012-2013,22,1,1,0.8694353699684143
5,2012-2013,23,0,1,0.8321198225021362
5,2012-2013,24,1,0,0.45573875308036804
5,2012-2013,25,1,1,0.9458480477333069
5,2012-2013,26,1,1,0.93226158618927
5,2012-2013,27,1,1,0.6302518248558044
5,2012-2013,28,0,1,0.8589293360710144
5,2012-2013,29,1,1,0.8166627883911133
5,2012-2013,30,1,1,0.8796902894973755
5,2012-2013,31,1,1,0.5194591283798218
5,2012-2013,32,1,1,0.8567733764648438
5,2012-2013,33,0,0,0.19353891909122467
5,2012-2013,34,1,1,0.7887382507324219
5,2012-2013,35,1,1,0.8647415041923523
5,2012-2013,36,0,1,0.556281328201294
5,2012-2013,37,0,0,0.2544810175895691
5,2012-2013,38,1,1,0.9306524395942688
5,2012-2013,39,1,1,0.5955953598022461
5,2012-2013,40,1,1,0.9830858707427979
5,2012-2013,41,1,1,0.9795732498168945
5,2012-2013,42,0,0,0.363323837518692
5,2012-2013,43,0,1,0.9847041368484497
5,2012-2013,44,0,1,0.9638056755065918
5,2012-2013,45,1,1,0.658693253993988
5,2012-2013,46,0,0,0.43178656697273254
5,2012-2013,47,1,1,0.5478582978248596
5,2012-2013,48,0,1,0.8401288986206055
5,2012-2013,49,0,1,0.7513512372970581
5,2012-2013,50,1,1,0.8909738659858704
5,2012-2013,51,1,1,0.7288914322853088
5,2012-2013,52,1,1,0.8903812170028687
5,2012-2013,53,1,1,0.8215944170951843
5,2012-2013,54,0,1,0.9360863566398621
5,2012-2013,55,0,0,0.24608191847801208
5,2012-2013,56,1,1,0.703508734703064
5,2012-2013,57,1,1,0.5504378080368042
5,2012-2013,58,1,1,0.9402108192443848
5,2012-2013,59,0,1,0.5185534358024597
5,2012-2013,60,1,0,0.47431039810180664
5,2012-2013,61,1,1,0.9064805507659912
5,2012-2013,62,1,1,0.8206546306610107
5,2012-2013,63,1,1,0.9639042615890503
5,2012-2013,64,0,0,0.2139590084552765
5,2012-2013,65,1,1,0.8106527328491211
5,2012-2013,66,1,1,0.7229654788970947
5,2012-2013,67,0,1,0.8537750840187073
5,2012-2013,68,1,0,0.10048264265060425
5,2012-2013,69,0,1,0.9479085803031921
5,2012-2013,70,0,1,0.6259037256240845
5,2012-2013,71,1,0,0.21232983469963074
5,2012-2013,72,1,0,0.4083234965801239
5,2012-2013,73,0,1,0.8031684756278992
5,2012-2013,74,0,0,0.3517000079154968
5,2012-2013,75,0,0,0.32484108209609985
5,2012-2013,76,1,1,0.6629008054733276
5,2012-2013,77,0,0,0.4527750611305237
5,2012-2013,78,0,1,0.7189826369285583
5,2012-2013,79,0,0,0.16934512555599213
5,2012-2013,80,0,0,0.09754042327404022
5,2012-2013,81,1,1,0.8220202922821045
5,2012-2013,82,1,1,0.6526516079902649
5,2012-2013,83,1,0,0.14133837819099426
5,2012-2013,84,0,0,0.4073885679244995
5,2012-2013,85,0,0,0.480377197265625
5,2012-2013,86,0,1,0.760656476020813
5,2012-2013,87,0,0,0.21863095462322235
5,2012-2013,88,0,0,0.44279950857162476
5,2012-2013,89,0,0,0.4240151047706604
5,2012-2013,90,0,0,0.15305285155773163
5,2012-2013,91,1,0,0.3836098909378052
5,2012-2013,92,1,0,0.11421837657690048
5,2012-2013,93,1,1,0.7728707790374756
5,2012-2013,94,1,0,0.33618947863578796
5,2012-2013,95,0,0,0.3890243470668793
5,2012-2013,96,0,0,0.19527529180049896
5,2012-2013,97,1,0,0.47315752506256104
5,2012-2013,98,1,1,0.7234673500061035
5,2012-2013,99,1,1,0.7113150358200073
5,2012-2013,100,0,0,0.4071462154388428
5,2012-2013,101,0,0,0.20307037234306335
5,2012-2013,102,1,1,0.605414092540741
5,2012-2013,103,1,0,0.3342173397541046
5,2012-2013,104,1,1,0.8738868832588196
5,2012-2013,105,1,1,0.7979468107223511
5,2012-2013,106,1,0,0.38610169291496277
5,2012-2013,107,1,1,0.6357476711273193
5,2012-2013,108,1,1,0.5369278788566589
5,2012-2013,109,1,1,0.643921971321106
5,2012-2013,110,0,0,0.3164132535457611
5,2012-2013,111,0,1,0.7278937697410583
5,2012-2013,112,1,0,0.2203865647315979
5,2012-2013,113,1,0,0.15834738314151764
5,2012-2013,114,0,0,0.1704966127872467
5,2012-2013,115,0,1,0.6795953512191772
5,2012-2013,116,1,0,0.2836100161075592
5,2012-2013,117,0,0,0.3796861469745636
5,2012-2013,118,0,1,0.5334559082984924
5,2012-2013,119,1,1,0.5244969725608826
5,2012-2013,120,0,1,0.7180518507957458
5,2012-2013,121,0,1,0.5286515355110168
5,2012-2013,122,0,1,0.5208184123039246
5,2012-2013,123,1,1,0.6497847437858582
5,2012-2013,124,1,0,0.08240049332380295
5,2012-2013,125,0,1,0.7621426582336426
5,2012-2013,126,1,1,0.7771050930023193
5,2012-2013,127,1,0,0.3265831172466278
5,2012-2013,128,0,0,0.4243181347846985
5,2012-2013,129,1,0,0.3868020176887512
5,2012-2013,130,0,0,0.33848804235458374
5,2012-2013,131,1,0,0.48262813687324524
5,2012-2013,132,1,0,0.2674843370914459
5,2012-2013,133,1,1,0.8412706255912781
5,2012-2013,134,1,1,0.8488985896110535
5,2012-2013,135,0,1,0.7759794592857361
5,2012-2013,136,1,1,0.7064031362533569
5,2012-2013,137,1,0,0.40580594539642334
5,2012-2013,138,1,1,0.5012142658233643
5,2012-2013,139,0,0,0.3667398989200592
5,2012-2013,140,1,1,0.8626580238342285
5,2012-2013,141,1,1,0.9402368664741516
5,2012-2013,142,1,1,0.890725314617157
5,2012-2013,143,1,1,0.6173732280731201
5,2012-2013,144,1,1,0.7829306125640869
5,2012-2013,145,1,1,0.7353930473327637
5,2012-2013,146,0,1,0.9317359328269958
5,2012-2013,147,1,1,0.8572521209716797
5,2012-2013,148,0,0,0.4083697497844696
5,2012-2013,149,0,1,0.7104230523109436
5,2012-2013,150,1,1,0.8708487153053284
5,2012-2013,151,1,0,0.4780082106590271
5,2012-2013,152,1,1,0.8368590474128723
5,2012-2013,153,1,1,0.5504106879234314
5,2012-2013,154,0,1,0.7022522687911987
5,2012-2013,155,0,1,0.708535373210907
5,2012-2013,156,1,0,0.3743732273578644
5,2012-2013,157,0,1,0.7593569755554199
5,2012-2013,158,1,0,0.47174662351608276
5,2012-2013,159,1,0,0.4938899278640747
5,2012-2013,160,1,1,0.6286956667900085
5,2012-2013,161,1,1,0.6073071360588074
5,2012-2013,162,0,0,0.4875885546207428
5,2012-2013,163,1,1,0.8791680932044983
5,2012-2013,164,1,1,0.6659470796585083
5,2012-2013,165,1,0,0.2620505392551422
5,2012-2013,166,0,1,0.551618218421936
5,2012-2013,167,0,0,0.19130127131938934
5,2012-2013,168,1,0,0.4366108179092407
5,2012-2013,169,1,1,0.7832257747650146
5,2012-2013,170,1,0,0.3907957673072815
5,2012-2013,171,1,1,0.7586270570755005
5,2012-2013,172,0,1,0.634995698928833
5,2012-2013,173,1,1,0.60423743724823
5,2012-2013,174,1,1,0.632050096988678
5,2012-2013,175,1,1,0.7255915999412537
5,2012-2013,176,0,0,0.3327364921569824
5,2012-2013,177,1,1,0.9558424353599548
5,2012-2013,178,0,1,0.5952545404434204
5,2012-2013,179,1,1,0.7641085386276245
5,2012-2013,180,0,1,0.7373418211936951
5,2012-2013,181,0,1,0.6951646208763123
5,2012-2013,182,0,1,0.6282248497009277
5,2012-2013,183,1,0,0.4142100214958191
5,2012-2013,184,0,1,0.5505552887916565
5,2012-2013,185,0,0,0.16147077083587646
5,2012-2013,186,0,0,0.23250597715377808
5,2012-2013,187,1,1,0.5195675492286682
5,2012-2013,188,0,0,0.16568754613399506
5,2012-2013,189,0,0,0.299887090921402
5,2012-2013,190,1,0,0.23741550743579865
5,2012-2013,191,0,1,0.8950930237770081
5,2012-2013,192,0,1,0.5456017851829529
5,2012-2013,193,1,1,0.7041370272636414
5,2012-2013,194,0,0,0.4528671205043793
5,2012-2013,195,1,0,0.2948743402957916
5,2012-2013,196,1,1,0.5748376250267029
5,2012-2013,197,0,1,0.8187202215194702
5,2012-2013,198,0,0,0.47872334718704224
5,2012-2013,199,1,1,0.6342841386795044
5,2012-2013,200,1,1,0.6348369121551514
5,2012-2013,201,0,1,0.9535841345787048
5,2012-2013,202,1,1,0.786602258682251
5,2012-2013,203,0,1,0.7703075408935547
5,2012-2013,204,1,1,0.8104533553123474
5,2012-2013,205,0,0,0.18537329137325287
5,2012-2013,206,1,1,0.828784704208374
5,2012-2013,207,1,1,0.7841368317604065
5,2012-2013,208,0,1,0.7274297475814819
5,2012-2013,209,1,1,0.670941948890686
5,2012-2013,210,1,1,0.5844483375549316
5,2012-2013,211,1,1,0.7580564618110657
5,2012-2013,212,0,0,0.27831488847732544
5,2012-2013,213,1,0,0.3981287479400635
5,2012-2013,214,0,0,0.44197672605514526
5,2012-2013,215,0,1,0.6518304944038391
5,2012-2013,216,1,1,0.7170120477676392
5,2012-2013,217,0,0,0.26682791113853455
5,2012-2013,218,0,1,0.5899518728256226
5,2012-2013,219,1,1,0.8617321848869324
5,2012-2013,220,1,1,0.8215557336807251
5,2012-2013,221,0,0,0.17159684002399445
5,2012-2013,222,1,1,0.5007503628730774
5,2012-2013,223,1,1,0.627608060836792
5,2012-2013,224,1,0,0.481568306684494
5,2012-2013,225,0,1,0.8394967317581177
5,2012-2013,226,0,1,0.8162088990211487
5,2012-2013,227,0,0,0.30809473991394043
5,2012-2013,228,1,1,0.5494197010993958
5,2012-2013,229,0,1,0.712629497051239
5,2012-2013,230,0,0,0.35789352655410767
5,2012-2013,231,1,0,0.4277620017528534
5,2012-2013,232,1,1,0.6403337717056274
5,2012-2013,233,1,1,0.6044127941131592
5,2012-2013,234,0,1,0.5555450916290283
5,2012-2013,235,1,0,0.1943829357624054
5,2012-2013,236,1,0,0.3119772672653198
5,2012-2013,237,1,1,0.8012238144874573
5,2012-2013,238,1,1,0.672218918800354
5,2012-2013,239,1,0,0.4372100830078125
5,2012-2013,240,1,1,0.8271629810333252
5,2012-2013,241,1,1,0.5634943842887878
5,2012-2013,242,1,1,0.6563111543655396
5,2012-2013,243,1,1,0.7058621644973755
5,2012-2013,244,1,1,0.7425455451011658
5,2012-2013,245,1,0,0.2910688519477844
5,2012-2013,246,1,1,0.6573821902275085
5,2012-2013,247,0,1,0.65574711561203
5,2012-2013,248,0,1,0.7331636548042297
5,2012-2013,249,0,0,0.48940160870552063
5,2012-2013,250,1,1,0.5870185494422913
5,2012-2013,251,1,0,0.49286380410194397
5,2012-2013,252,0,1,0.5971499681472778
5,2012-2013,253,0,1,0.7032543420791626
5,2012-2013,254,1,1,0.6850305795669556
5,2012-2013,255,0,0,0.39889541268348694
5,2012-2013,256,1,1,0.7540959119796753
5,2012-2013,257,1,1,0.7633908987045288
5,2012-2013,258,1,1,0.503074586391449
5,2012-2013,259,0,1,0.7041290402412415
5,2012-2013,260,0,1,0.6462158560752869
5,2012-2013,261,0,0,0.30431392788887024
5,2012-2013,262,0,0,0.4056205749511719
5,2012-2013,263,1,1,0.6330500841140747
5,2012-2013,264,0,1,0.7009643912315369
5,2012-2013,265,0,1,0.7467342615127563
5,2012-2013,266,1,1,0.6495444178581238
5,2012-2013,267,1,1,0.9330261945724487
5,2012-2013,268,1,1,0.7529066205024719
5,2012-2013,269,1,0,0.4439142644405365
5,2012-2013,270,0,0,0.3061000406742096
5,2012-2013,271,1,0,0.23866496980190277
5,2012-2013,272,1,1,0.6769293546676636
5,2012-2013,273,1,0,0.4872994124889374
5,2012-2013,274,1,1,0.5428923964500427
5,2012-2013,275,1,0,0.4838917553424835
5,2012-2013,276,1,0,0.45443621277809143
5,2012-2013,277,1,1,0.521949291229248
5,2012-2013,278,1,1,0.6185438632965088
5,2012-2013,279,0,1,0.6198164224624634
5,2012-2013,280,1,1,0.5777726173400879
5,2012-2013,281,0,0,0.29676663875579834
5,2012-2013,282,0,0,0.3807491362094879
5,2012-2013,283,0,1,0.6528548002243042
5,2012-2013,284,1,1,0.7631461024284363
5,2012-2013,285,1,1,0.7374760508537292
5,2012-2013,286,0,0,0.370968222618103
5,2012-2013,287,1,1,0.7325688600540161
5,2012-2013,288,1,0,0.4471205770969391
5,2012-2013,289,0,0,0.4879094660282135
5,2012-2013,290,0,1,0.6912080645561218
5,2012-2013,291,1,1,0.864169180393219
5,2012-2013,292,1,1,0.5766687989234924
5,2012-2013,293,1,1,0.5480092763900757
5,2012-2013,294,1,1,0.9177296757698059
5,2012-2013,295,1,1,0.8991736769676208
5,2012-2013,296,1,1,0.6835023760795593
5,2012-2013,297,1,1,0.9586450457572937
5,2012-2013,298,0,0,0.1631365567445755
5,2012-2013,299,0,1,0.7400767207145691
5,2012-2013,300,1,1,0.9407199621200562
5,2012-2013,301,1,0,0.3396928012371063
5,2012-2013,302,0,1,0.5226854085922241
5,2012-2013,303,1,1,0.6640899777412415
5,2012-2013,304,1,1,0.8463897705078125
5,2012-2013,305,1,1,0.6491216421127319
5,2012-2013,306,1,1,0.6845829486846924
5,2012-2013,307,1,1,0.9522650837898254
5,2012-2013,308,1,1,0.9033409357070923
5,2012-2013,309,1,1,0.7462970018386841
5,2012-2013,310,1,1,0.8826058506965637
5,2012-2013,311,1,1,0.7084922790527344
5,2012-2013,312,0,1,0.6513141393661499
5,2012-2013,313,1,0,0.30713894963264465
5,2012-2013,314,0,0,0.25380200147628784
5,2012-2013,315,1,1,0.7609807848930359
5,2012-2013,316,0,1,0.903621256351471
5,2012-2013,317,0,1,0.5398483276367188
5,2012-2013,318,1,1,0.7085269689559937
5,2012-2013,319,1,1,0.6404281258583069
5,2012-2013,320,0,1,0.7308437824249268
5,2012-2013,321,0,0,0.48918813467025757
5,2012-2013,322,1,0,0.29838433861732483
5,2012-2013,323,1,1,0.9304341077804565
5,2012-2013,324,1,1,0.7943434119224548
5,2012-2013,325,0,1,0.6605684757232666
5,2012-2013,326,1,1,0.9286542534828186
5,2012-2013,327,1,1,0.7936012744903564
5,2012-2013,328,1,1,0.9450916647911072
5,2012-2013,329,0,0,0.3937540054321289
5,2012-2013,330,1,0,0.33605465292930603
5,2012-2013,331,1,1,0.5225517749786377
5,2012-2013,332,1,1,0.595920741558075
5,2012-2013,333,0,1,0.7896531820297241
5,2012-2013,334,0,0,0.3963911235332489
5,2012-2013,335,1,0,0.35241058468818665
5,2012-2013,336,1,1,0.7821694016456604
5,2012-2013,337,0,1,0.5840290784835815
5,2012-2013,338,1,1,0.6317645907402039
5,2012-2013,339,1,1,0.5568810105323792
5,2012-2013,340,1,1,0.7702754735946655
5,2012-2013,341,1,1,0.6024633646011353
5,2012-2013,342,1,1,0.6979668140411377
5,2012-2013,343,1,1,0.7829855680465698
5,2012-2013,344,1,1,0.942139744758606
5,2013-2014,6,1,0,0.4000000059604645
5,2013-2014,7,1,0,0.5
5,2013-2014,8,1,1,0.5714285969734192
5,2013-2014,9,0,1,0.625
5,2013-2014,10,0,1,0.5555555820465088
5,2013-2014,11,1,0,0.3312043845653534
5,2013-2014,12,0,1,0.6247960925102234
5,2013-2014,13,0,1,0.8503039479255676
5,2013-2014,14,0,0,0.40591859817504883
5,2013-2014,15,0,0,0.4748542606830597
5,2013-2014,16,1,0,0.3068119287490845
5,2013-2014,17,1,0,0.30739715695381165
5,2013-2014,18,1,1,0.5898810625076294
5,2013-2014,19,1,0,0.3969491124153137
5,2013-2014,20,1,1,0.7134254574775696
5,2013-2014,21,0,1,0.8140976428985596
5,2013-2014,22,1,1,0.8188953995704651
5,2013-2014,23,0,1,0.8147671818733215
5,2013-2014,24,1,1,0.5592343211174011
5,2013-2014,25,0,1,0.8906348347663879
5,2013-2014,26,0,1,0.8336515426635742
5,2013-2014,27,1,1,0.6913005113601685
5,2013-2014,28,0,1,0.784940242767334
5,2013-2014,29,1,0,0.44217121601104736
5,2013-2014,30,1,1,0.7328326106071472
5,2013-2014,31,0,1,0.8062857389450073
5,2013-2014,32,1,1,0.9046046733856201
5,2013-2014,33,1,1,0.8779814839363098
5,2013-2014,34,1,1,0.6094566583633423
5,2013-2014,35,0,0,0.07359480857849121
5,2013-2014,36,1,1,0.8691143989562988
5,2013-2014,37,1,1,0.8422510027885437
5,2013-2014,38,0,0,0.28954023122787476
5,2013-2014,39,0,1,0.795928418636322
5,2013-2014,40,0,0,0.2056114226579666
5,2013-2014,41,1,1,0.8842918276786804
5,2013-2014,42,1,1,0.7336064577102661
5,2013-2014,43,1,0,0.18960456550121307
5,2013-2014,44,1,1,0.898422360420227
5,2013-2014,45,1,0,0.14293161034584045
5,2013-2014,46,0,1,0.8005625009536743
5,2013-2014,47,0,1,0.5756254196166992
5,2013-2014,48,1,0,0.12762808799743652
5,2013-2014,49,1,1,0.5154113173484802
5,2013-2014,50,1,0,0.13284067809581757
5,2013-2014,51,1,1,0.5938776731491089
5,2013-2014,52,0,0,0.11496265977621078
5,2013-2014,53,1,1,0.5471423268318176
5,2013-2014,54,1,0,0.4149569869041443
5,2013-2014,55,1,1,0.6330610513687134
5,2013-2014,56,0,1,0.8349945545196533
5,2013-2014,57,0,0,0.4653507471084595
5,2013-2014,58,1,0,0.38944584131240845
5,2013-2014,59,1,1,0.8141900300979614
5,2013-2014,60,0,1,0.8152015209197998
5,2013-2014,61,1,1,0.5584186315536499
5,2013-2014,62,0,0,0.37591877579689026
5,2013-2014,63,0,0,0.2545848488807678
5,2013-2014,64,0,0,0.2734748125076294
5,2013-2014,65,0,1,0.6866725087165833
5,2013-2014,66,0,0,0.30762815475463867
5,2013-2014,67,1,0,0.360715389251709
5,2013-2014,68,1,0,0.4646558165550232
5,2013-2014,69,0,1,0.7447477579116821
5,2013-2014,70,0,1,0.783592700958252
5,2013-2014,71,1,1,0.7544728517532349
5,2013-2014,72,1,0,0.4674977660179138
5,2013-2014,73,0,1,0.7098281383514404
5,2013-2014,74,1,0,0.18976779282093048
5,2013-2014,75,0,1,0.688675045967102
5,2013-2014,76,1,1,0.647341251373291
5,2013-2014,77,0,1,0.8203223347663879
5,2013-2014,78,0,1,0.5164061784744263
5,2013-2014,79,0,1,0.7532236576080322
5,2013-2014,80,1,1,0.6677801609039307
5,2013-2014,81,0,1,0.801367461681366
5,2013-2014,82,1,0,0.3214559853076935
5,2013-2014,83,1,1,0.677475094795227
5,2013-2014,84,0,0,0.29546868801116943
5,2013-2014,85,1,0,0.16735656559467316
5,2013-2014,86,1,1,0.7922850847244263
5,2013-2014,87,1,1,0.5753148794174194
5,2013-2014,88,1,1,0.5900118350982666
5,2013-2014,89,0,1,0.6289861798286438
5,2013-2014,90,1,0,0.4979444444179535
5,2013-2014,91,1,1,0.7545897960662842
5,2013-2014,92,1,0,0.3180510699748993
5,2013-2014,93,0,1,0.8502759337425232
5,2013-2014,94,0,0,0.45273327827453613
5,2013-2014,95,1,1,0.566741943359375
5,2013-2014,96,0,1,0.5457539558410645
5,2013-2014,97,0,0,0.49150994420051575
5,2013-2014,98,0,1,0.7427175045013428
5,2013-2014,99,1,0,0.44258543848991394
5,2013-2014,100,0,0,0.38922855257987976
5,2013-2014,101,0,0,0.38564419746398926
5,2013-2014,102,1,1,0.7297726273536682
5,2013-2014,103,0,0,0.41528329253196716
5,2013-2014,104,0,1,0.5016153454780579
5,2013-2014,105,1,1,0.7070172429084778
5,2013-2014,106,1,1,0.5984466671943665
5,2013-2014,107,1,0,0.24844175577163696
5,2013-2014,108,0,0,0.44419944286346436
5,2013-2014,109,1,1,0.9415180087089539
5,2013-2014,110,0,0,0.36387184262275696
5,2013-2014,111,1,1,0.609794020652771
5,2013-2014,112,1,0,0.33727970719337463
5,2013-2014,113,0,0,0.4000108242034912
5,2013-2014,114,1,0,0.3944535255432129
5,2013-2014,115,1,0,0.35666462779045105
5,2013-2014,116,1,1,0.5307807922363281
5,2013-2014,117,1,1,0.5935062766075134
5,2013-2014,118,1,1,0.7861760258674622
5,2013-2014,119,0,1,0.9469944834709167
5,2013-2014,120,0,1,0.6712823510169983
5,2013-2014,121,1,1,0.7897133231163025
5,2013-2014,122,1,1,0.8565370440483093
5,2013-2014,123,0,1,0.8431187868118286
5,2013-2014,124,1,1,0.5490177273750305
5,2013-2014,125,1,1,0.7188959121704102
5,2013-2014,126,0,1,0.8585831522941589
5,2013-2014,127,1,1,0.6221352815628052
5,2013-2014,128,1,1,0.5236329436302185
5,2013-2014,129,0,1,0.7844521403312683
5,2013-2014,130,0,0,0.46935907006263733
5,2013-2014,131,1,1,0.7086769342422485
5,2013-2014,132,0,0,0.19007402658462524
5,2013-2014,133,0,1,0.6927834153175354
5,2013-2014,134,1,1,0.6009616851806641
5,2013-2014,135,0,0,0.25744712352752686
5,2013-2014,136,0,1,0.6607390642166138
5,2013-2014,137,0,0,0.2887558341026306
5,2013-2014,138,1,0,0.38702040910720825
5,2013-2014,139,1,0,0.47298070788383484
5,2013-2014,140,1,1,0.6903340220451355
5,2013-2014,141,1,1,0.5868526697158813
5,2013-2014,142,1,1,0.5984805226325989
5,2013-2014,143,1,0,0.34353557229042053
5,2013-2014,144,1,0,0.37640583515167236
5,2013-2014,145,1,1,0.7911527156829834
5,2013-2014,146,1,0,0.38807034492492676
5,2013-2014,147,1,1,0.7594308853149414
5,2013-2014,148,1,1,0.8860743045806885
5,2013-2014,149,1,1,0.8689858317375183
5,2013-2014,150,1,1,0.7296186089515686
5,2013-2014,151,1,1,0.6584414839744568
5,2013-2014,152,0,0,0.38575661182403564
5,2013-2014,153,0,1,0.8326708674430847
5,2013-2014,154,1,1,0.7076301574707031
5,2013-2014,155,1,1,0.8171581625938416
5,2013-2014,156,0,1,0.7384843826293945
5,2013-2014,157,0,0,0.16503094136714935
5,2013-2014,158,0,1,0.5350655317306519
5,2013-2014,159,1,1,0.7491394877433777
5,2013-2014,160,1,1,0.857314944267273
5,2013-2014,161,0,0,0.07450614124536514
5,2013-2014,162,0,1,0.7231807112693787
5,2013-2014,163,0,0,0.06971559673547745
5,2013-2014,164,1,1,0.7890312671661377
5,2013-2014,165,0,1,0.6624282002449036
5,2013-2014,166,0,1,0.6343109607696533
5,2013-2014,167,1,1,0.9074499607086182
5,2013-2014,168,1,1,0.7944900393486023
5,2013-2014,169,1,0,0.3792993128299713
5,2013-2014,170,0,0,0.13575975596904755
5,2013-2014,171,1,1,0.6582138538360596
5,2013-2014,172,0,0,0.06858158111572266
5,2013-2014,173,1,0,0.08352428674697876
5,2013-2014,174,1,0,0.42648211121559143
5,2013-2014,175,0,1,0.5797387361526489
5,2013-2014,176,1,1,0.5796758532524109
5,2013-2014,177,1,0,0.10502546280622482
5,2013-2014,178,0,1,0.6198391318321228
5,2013-2014,179,0,0,0.24761544167995453
5,2013-2014,180,1,1,0.8298083543777466
5,2013-2014,181,1,1,0.839233934879303
5,2013-2014,182,1,0,0.24624428153038025
5,2013-2014,183,1,1,0.9053531885147095
5,2013-2014,184,1,1,0.8064529299736023
5,2013-2014,185,0,1,0.8182007670402527
5,2013-2014,186,1,1,0.9123147130012512
5,2013-2014,187,1,1,0.6020593047142029
5,2013-2014,188,1,1,0.8129498958587646
5,2013-2014,189,0,0,0.27875280380249023
5,2013-2014,190,1,1,0.517013669013977
5,2013-2014,191,0,0,0.31945449113845825
5,2013-2014,192,0,0,0.4778986871242523
5,2013-2014,193,1,1,0.9339736700057983
5,2013-2014,194,0,1,0.6445721983909607
5,2013-2014,195,1,1,0.6472827196121216
5,2013-2014,196,0,1,0.5081860423088074
5,2013-2014,197,0,1,0.7356311678886414
5,2013-2014,198,1,1,0.6013669967651367
5,2013-2014,199,1,1,0.6224268078804016
5,2013-2014,200,1,1,0.8535112142562866
5,2013-2014,201,0,0,0.24815189838409424
5,2013-2014,202,1,1,0.8710500001907349
5,2013-2014,203,1,1,0.5568146109580994
5,2013-2014,204,0,1,0.5473547577857971
5,2013-2014,205,1,0,0.12106209993362427
5,2013-2014,206,1,1,0.8323380947113037
5,2013-2014,207,1,1,0.9350486993789673
5,2013-2014,208,1,1,0.5019691586494446
5,2013-2014,209,1,1,0.5776641964912415
5,2013-2014,210,0,0,0.4506223797798157
5,2013-2014,211,1,1,0.8338007926940918
5,2013-2014,212,1,1,0.693367600440979
5,2013-2014,213,1,1,0.9227019548416138
5,2013-2014,214,1,1,0.935030996799469
5,2013-2014,215,0,0,0.3967113792896271
5,2013-2014,216,1,1,0.9119036197662354
5,2013-2014,217,1,1,0.9272187948226929
5,2013-2014,218,1,1,0.8836765289306641
5,2013-2014,219,1,0,0.28815197944641113
5,2013-2014,220,1,1,0.9626381397247314
5,2013-2014,221,1,1,0.6178224086761475
5,2013-2014,222,0,0,0.07696831971406937
5,2013-2014,223,0,1,0.5241004824638367
5,2013-2014,224,1,1,0.9289596676826477
5,2013-2014,225,0,1,0.5040769577026367
5,2013-2014,226,0,1,0.9651135802268982
5,2013-2014,227,1,1,0.80172199010849
5,2013-2014,228,0,0,0.2064274251461029
5,2013-2014,229,1,1,0.7122217416763306
5,2013-2014,230,1,1,0.7252253890037537
5,2013-2014,231,1,0,0.43860700726509094
5,2013-2014,232,1,0,0.2859439253807068
5,2013-2014,233,0,1,0.8957171440124512
5,2013-2014,234,0,1,0.8802556395530701
5,2013-2014,235,1,1,0.6760215163230896
5,2013-2014,236,0,1,0.6667313575744629
5,2013-2014,237,0,1,0.9368866086006165
5,2013-2014,238,0,1,0.6502780914306641
5,2013-2014,239,1,0,0.48475074768066406
5,2013-2014,240,0,1,0.6326285600662231
5,2013-2014,241,1,1,0.5633040070533752
5,2013-2014,242,1,1,0.6503275036811829
5,2013-2014,243,1,1,0.7952205538749695
5,2013-2014,244,0,1,0.6667561531066895
5,2013-2014,245,1,1,0.642365038394928
5,2013-2014,246,1,1,0.5925307273864746
5,2013-2014,247,1,1,0.8271359801292419
5,2013-2014,248,1,1,0.8002816438674927
5,2013-2014,249,0,1,0.7481587529182434
5,2013-2014,250,1,1,0.6174736618995667
5,2013-2014,251,1,1,0.5349606275558472
5,2013-2014,252,1,1,0.549705445766449
5,2013-2014,253,1,1,0.7140708565711975
5,2013-2014,254,1,1,0.6726427674293518
5,2013-2014,255,1,1,0.9074112772941589
5,2013-2014,256,0,1,0.7954601645469666
5,2013-2014,257,1,1,0.591742753982544
5,2013-2014,258,1,1,0.7314079999923706
5,2013-2014,259,0,0,0.4535667300224304
5,2013-2014,260,1,1,0.8225927948951721
5,2013-2014,261,0,1,0.685043215751648
5,2013-2014,262,1,1,0.7170730829238892
5,2013-2014,263,1,0,0.3978309631347656
5,2013-2014,264,1,1,0.9259894490242004
5,2013-2014,265,1,1,0.9273054003715515
5,2013-2014,266,0,0,0.2786828577518463
5,2013-2014,267,1,1,0.9195253252983093
5,2013-2014,268,0,0,0.384316623210907
5,2013-2014,269,1,0,0.49279552698135376
5,2013-2014,270,1,1,0.5411073565483093
5,2013-2014,271,1,1,0.9120409488677979
5,2013-2014,272,1,1,0.7254223227500916
5,2013-2014,273,1,1,0.7665359973907471
5,2013-2014,274,0,1,0.6265824437141418
5,2013-2014,275,1,1,0.9198721051216125
5,2013-2014,276,0,1,0.8826802372932434
5,2013-2014,277,1,1,0.5583072900772095
5,2013-2014,278,0,1,0.7438603043556213
5,2013-2014,279,1,1,0.8188396096229553
5,2013-2014,280,1,0,0.4363557696342468
5,2013-2014,281,1,1,0.929938018321991
5,2013-2014,282,1,1,0.5767619609832764
5,2013-2014,283,0,1,0.8277302980422974
5,2013-2014,284,1,1,0.9063230752944946
5,2013-2014,285,1,1,0.8106172680854797
5,2013-2014,286,0,1,0.6350498199462891
5,2013-2014,287,0,1,0.6182309985160828
5,2013-2014,288,1,1,0.8973916172981262
5,2013-2014,289,1,1,0.6040769219398499
5,2013-2014,290,0,0,0.4196470081806183
5,2013-2014,291,1,1,0.5218859314918518
5,2013-2014,292,0,1,0.8927290439605713
5,2013-2014,293,1,1,0.510125994682312
5,2013-2014,294,1,1,0.5453090071678162
5,2013-2014,295,0,0,0.4997768700122833
5,2013-2014,296,0,1,0.6648612022399902
5,2013-2014,297,0,1,0.5407703518867493
5,2013-2014,298,1,0,0.4028313457965851
5,2013-2014,299,1,1,0.8113895654678345
5,2013-2014,300,1,1,0.5332167744636536
5,2013-2014,301,0,1,0.7092520594596863
5,2013-2014,302,1,1,0.7571911215782166
5,2013-2014,303,1,1,0.5981056094169617
5,2013-2014,304,0,1,0.7315492033958435
5,2013-2014,305,0,1,0.670122504234314
5,2013-2014,306,0,1,0.5161309242248535
5,2013-2014,307,0,1,0.7702913284301758
5,2013-2014,308,0,1,0.6243896484375
5,2013-2014,309,1,0,0.37657350301742554
5,2013-2014,310,1,0,0.4762585163116455
5,2014-2015,6,1,1,0.6000000238418579
5,2014-2015,7,1,1,0.6666666865348816
5,2014-2015,8,0,1,0.7142857313156128
5,2014-2015,9,0,1,0.625
5,2014-2015,10,1,1,0.5555555820465088
5,2014-2015,11,1,0,0.39527761936187744
5,2014-2015,12,1,1,0.7186874747276306
5,2014-2015,13,0,1,0.7503072619438171
5,2014-2015,14,1,0,0.16427099704742432
5,2014-2015,15,1,0,0.18724989891052246
5,2014-2015,16,0,0,0.41563382744789124
5,2014-2015,17,0,0,0.3640146851539612
5,2014-2015,18,1,1,0.7106917500495911
5,2014-2015,19,1,1,0.7917689085006714
5,2014-2015,20,1,0,0.4384693503379822
5,2014-2015,21,1,1,0.5261484980583191
5,2014-2015,22,1,0,0.3626250624656677
5,2014-2015,23,1,1,0.6093615889549255
5,2014-2015,24,1,1,0.750169575214386
5,2014-2015,25,1,1,0.827909529209137
5,2014-2015,26,1,1,0.8309375047683716
5,2014-2015,27,1,1,0.8568743467330933
5,2014-2015,28,1,1,0.9133012294769287
5,2014-2015,29,1,1,0.7893966436386108
5,2014-2015,30,1,1,0.8548336029052734
5,2014-2015,31,0,1,0.9386730790138245
5,2014-2015,32,1,1,0.9046440720558167
5,2014-2015,33,1,1,0.8499026298522949
5,2014-2015,34,1,1,0.960440993309021
5,2014-2015,35,0,1,0.6808151602745056
5,2014-2015,36,1,1,0.8992336392402649
5,2014-2015,37,0,1,0.9555293917655945
5,2014-2015,38,1,1,0.6990581750869751
5,2014-2015,39,1,1,0.954180121421814
5,2014-2015,40,1,1,0.932510495185852
5,2014-2015,41,1,1,0.9604485034942627
5,2014-2015,42,0,1,0.9558096528053284
5,2014-2015,43,0,0,0.30845049023628235
5,2014-2015,44,1,1,0.7673019766807556
5,2014-2015,45,1,1,0.5063254833221436
5,2014-2015,46,0,1,0.6528675556182861
5,2014-2015,47,0,0,0.38086044788360596
5,2014-2015,48,0,0,0.1806246042251587
5,2014-2015,49,0,1,0.8509374856948853
5,2014-2015,50,1,0,0.14367225766181946
5,2014-2015,51,0,0,0.4060106575489044
5,2014-2015,52,0,1,0.7124488949775696
5,2014-2015,53,1,1,0.5498571991920471
5,2014-2015,54,0,1,0.7220180630683899
5,2014-2015,55,0,1,0.9682185649871826
5,2014-2015,56,1,1,0.7905474305152893
5,2014-2015,57,0,1,0.7359470725059509
5,2014-2015,58,1,1,0.7493556141853333
5,2014-2015,59,1,1,0.7414602637290955
5,2014-2015,60,0,0,0.33769699931144714
5,2014-2015,61,0,1,0.7197628021240234
5,2014-2015,62,1,0,0.13563308119773865
5,2014-2015,63,0,1,0.6149347424507141
5,2014-2015,64,0,1,0.6219403147697449
5,2014-2015,65,1,1,0.6123309135437012
5,2014-2015,66,0,1,0.9114061594009399
5,2014-2015,67,0,1,0.5799419283866882
5,2014-2015,68,0,0,0.49452489614486694
5,2014-2015,69,1,1,0.8486341834068298
5,2014-2015,70,1,1,0.8341955542564392
5,2014-2015,71,0,0,0.36584532260894775
5,2014-2015,72,1,1,0.5898754596710205
5,2014-2015,73,1,1,0.7366008758544922
5,2014-2015,74,0,0,0.31546327471733093
5,2014-2015,75,1,0,0.45119935274124146
5,2014-2015,76,0,1,0.6485170125961304
5,2014-2015,77,1,1,0.8106127381324768
5,2014-2015,78,1,1,0.6944850087165833
5,2014-2015,79,0,1,0.562014102935791
5,2014-2015,80,0,1,0.7476910948753357
5,2014-2015,81,0,0,0.0796690434217453
5,2014-2015,82,1,1,0.8899169564247131
5,2014-2015,83,1,1,0.6465403437614441
5,2014-2015,84,1,1,0.7313640713691711
5,2014-2015,85,0,1,0.768897294998169
5,2014-2015,86,0,1,0.8789821863174438
5,2014-2015,87,1,0,0.4066356122493744
5,2014-2015,88,1,1,0.541020929813385
5,2014-2015,89,1,1,0.6901919841766357
5,2014-2015,90,1,0,0.08123315125703812
5,2014-2015,91,0,1,0.7506968975067139
5,2014-2015,92,0,1,0.8865090608596802
5,2014-2015,93,0,1,0.8586311936378479
5,2014-2015,94,0,1,0.5977843999862671
5,2014-2015,95,0,1,0.530776858329773
5,2014-2015,96,1,1,0.8216406106948853
5,2014-2015,97,1,1,0.5011799335479736
5,2014-2015,98,0,0,0.3532138764858246
5,2014-2015,99,1,1,0.8155624866485596
5,2014-2015,100,1,0,0.42610958218574524
5,2014-2015,101,0,1,0.8909525871276855
5,2014-2015,102,0,0,0.3850972354412079
5,2014-2015,103,0,1,0.7851134538650513
5,2014-2015,104,1,1,0.6530725955963135
5,2014-2015,105,1,1,0.5655671954154968
5,2014-2015,106,1,1,0.7396777868270874
5,2014-2015,107,0,1,0.7527714967727661
5,2014-2015,108,0,1,0.7147380113601685
5,2014-2015,109,1,1,0.660240650177002
5,2014-2015,110,1,1,0.5329886674880981
5,2014-2015,111,1,1,0.5830138325691223
5,2014-2015,112,0,1,0.6168881058692932
5,2014-2015,113,0,1,0.6046856045722961
5,2014-2015,114,1,1,0.7799227833747864
5,2014-2015,115,0,0,0.3934037983417511
5,2014-2015,116,0,0,0.4979088604450226
5,2014-2015,117,1,1,0.6788330674171448
5,2014-2015,118,1,1,0.7476377487182617
5,2014-2015,119,0,0,0.33804941177368164
5,2014-2015,120,0,1,0.819612979888916
5,2014-2015,121,0,0,0.489071786403656
5,2014-2015,122,1,0,0.4242282509803772
5,2014-2015,123,0,1,0.6750524640083313
5,2014-2015,124,1,1,0.8135252594947815
5,2014-2015,125,1,0,0.351368248462677
5,2014-2015,126,1,1,0.777878999710083
5,2014-2015,127,0,1,0.7609410881996155
5,2014-2015,128,0,0,0.4198974072933197
5,2014-2015,129,1,1,0.5945479869842529
5,2014-2015,130,1,0,0.4816567897796631
5,2014-2015,131,0,1,0.5555524230003357
5,2014-2015,132,0,0,0.4219398498535156
5,2014-2015,133,1,1,0.698049008846283
5,2014-2015,134,0,1,0.7209539413452148
5,2014-2015,135,1,1,0.5409852266311646
5,2014-2015,136,1,1,0.5859113931655884
5,2014-2015,137,1,1,0.8945420384407043
5,2014-2015,138,1,1,0.5230575203895569
5,2014-2015,139,0,0,0.3882679343223572
5,2014-2015,140,0,1,0.6058997511863708
5,2014-2015,141,1,1,0.7054300904273987
5,2014-2015,142,1,1,0.7958427667617798
5,2014-2015,143,1,0,0.4497773349285126
5,2014-2015,144,1,1,0.8466610908508301
5,2014-2015,145,1,0,0.23757672309875488
5,2014-2015,146,1,0,0.36540573835372925
5,2014-2015,147,1,1,0.6578342914581299
5,2014-2015,148,1,0,0.351764053106308
5,2014-2015,149,1,1,0.5326185822486877
5,2014-2015,150,1,1,0.6979682445526123
5,2014-2015,151,0,1,0.5484678745269775
5,2014-2015,152,1,0,0.40489742159843445
5,2014-2015,153,0,1,0.7452014684677124
5,2014-2015,154,1,1,0.788765013217926
5,2014-2015,155,1,1,0.5044910907745361
5,2014-2015,156,0,1,0.7630192637443542
5,2014-2015,157,1,1,0.9045727849006653
5,2014-2015,158,1,1,0.6307893991470337
5,2014-2015,159,1,1,0.7127456068992615
5,2014-2015,160,0,0,0.3319893181324005
5,2014-2015,161,0,1,0.6145114898681641
5,2014-2015,162,1,0,0.4268050789833069
5,2014-2015,163,0,0,0.154750794172287
5,2014-2015,164,0,1,0.725260853767395
5,2014-2015,165,0,0,0.4862027168273926
5,2014-2015,166,0,0,0.4184209108352661
5,2014-2015,167,1,1,0.8218388557434082
5,2014-2015,168,1,0,0.25795742869377136
5,2014-2015,169,0,1,0.5495754480361938
5,2014-2015,170,1,0,0.31298497319221497
5,2014-2015,171,0,1,0.663939356803894
5,2014-2015,172,1,1,0.5980051159858704
5,2014-2015,173,1,1,0.5406557321548462
5,2014-2015,174,1,0,0.4495358169078827
5,2014-2015,175,0,1,0.7177574038505554
5,2014-2015,176,1,1,0.8855217695236206
5,2014-2015,177,0,0,0.41393139958381653
5,2014-2015,178,1,1,0.5560680627822876
5,2014-2015,179,1,0,0.43841031193733215
5,2014-2015,180,1,1,0.6429041028022766
5,2014-2015,181,1,1,0.5162861943244934
5,2014-2015,182,1,0,0.3596136271953583
5,2014-2015,183,1,1,0.6556047201156616
5,2014-2015,184,1,0,0.2549886703491211
5,2014-2015,185,1,1,0.6607296466827393
5,2014-2015,186,0,1,0.6406500935554504
5,2014-2015,187,1,1,0.579537570476532
5,2014-2015,188,0,1,0.8087372779846191
5,2014-2015,189,1,1,0.7112683653831482
5,2014-2015,190,1,1,0.8488582968711853
5,2014-2015,191,0,0,0.19338496029376984
5,2014-2015,192,0,1,0.5795387029647827
5,2014-2015,193,1,1,0.738530695438385
5,2014-2015,194,0,0,0.31441012024879456
5,2014-2015,195,1,0,0.10804399847984314
5,2014-2015,196,1,0,0.3482630252838135
5,2014-2015,197,0,0,0.22592641413211823
5,2014-2015,198,0,0,0.19650064408779144
5,2014-2015,199,1,1,0.815891683101654
5,2014-2015,200,0,1,0.7404870986938477
5,2014-2015,201,0,1,0.9167436957359314
5,2014-2015,202,1,1,0.8888277411460876
5,2014-2015,203,1,1,0.6949400305747986
5,2014-2015,204,0,0,0.24688898026943207
5,2014-2015,205,1,1,0.6858158111572266
5,2014-2015,206,1,0,0.21657401323318481
5,2014-2015,207,1,1,0.8120191097259521
5,2014-2015,208,1,1,0.5949971675872803
5,2014-2015,209,1,1,0.8318187594413757
5,2014-2015,210,1,1,0.6982751488685608
5,2014-2015,211,0,0,0.2142835110425949
5,2014-2015,212,0,1,0.5349385142326355
5,2014-2015,213,1,1,0.760850727558136
5,2014-2015,214,0,0,0.31968194246292114
5,2014-2015,215,1,0,0.19913657009601593
5,2014-2015,216,0,0,0.1491047739982605
5,2014-2015,217,0,0,0.08735743910074234
5,2014-2015,218,1,1,0.8490095138549805
5,2014-2015,219,1,1,0.89527428150177
5,2014-2015,220,1,1,0.5770750641822815
5,2014-2015,221,0,1,0.7605424523353577
5,2014-2015,222,1,1,0.7373235821723938
5,2014-2015,223,1,1,0.6487393379211426
5,2014-2015,224,1,0,0.4320632815361023
5,2014-2015,225,0,1,0.7059471607208252
5,2014-2015,226,0,1,0.5672948956489563
5,2014-2015,227,0,1,0.6255221366882324
5,2014-2015,228,1,1,0.7742475271224976
5,2014-2015,229,1,1,0.5056247115135193
5,2014-2015,230,1,1,0.8304089903831482
5,2014-2015,231,0,1,0.6952112913131714
5,2014-2015,232,1,1,0.6932404637336731
5,2014-2015,233,0,0,0.4203019440174103
5,2014-2015,234,1,0,0.10161101818084717
5,2014-2015,235,0,1,0.5786721110343933
5,2014-2015,236,1,0,0.4343261420726776
5,2014-2015,237,0,1,0.7383980751037598
5,2014-2015,238,1,0,0.4644003212451935
5,2014-2015,239,1,0,0.4096953868865967
5,2014-2015,240,1,1,0.5853822827339172
5,2014-2015,241,1,1,0.666558027267456
5,2014-2015,242,0,0,0.48544174432754517
5,2014-2015,243,1,1,0.5779480338096619
5,2014-2015,244,1,1,0.5941640734672546
5,2014-2015,245,1,0,0.4946010410785675
5,2014-2015,246,1,0,0.4100741147994995
5,2014-2015,247,1,1,0.7858993411064148
5,2014-2015,248,1,1,0.571110725402832
5,2014-2015,249,1,1,0.7465260028839111
5,2014-2015,250,1,1,0.594277024269104
5,2014-2015,251,1,1,0.7077057957649231
5,2014-2015,252,1,1,0.8079771399497986
5,2014-2015,253,1,1,0.8396575450897217
5,2014-2015,254,1,1,0.7269200682640076
5,2014-2015,255,1,1,0.6673725247383118
5,2014-2015,256,0,1,0.7758070230484009
5,2014-2015,257,0,1,0.8271811604499817
5,2014-2015,258,0,1,0.8946502804756165
5,2014-2015,259,0,1,0.6763396263122559
5,2014-2015,260,0,1,0.7922236323356628
5,2014-2015,261,0,0,0.32293349504470825
5,2014-2015,262,1,0,0.47982096672058105
5,2014-2015,263,0,1,0.7633993625640869
5,2014-2015,264,0,0,0.22512036561965942
5,2014-2015,265,1,0,0.1768317073583603
5,2014-2015,266,0,1,0.6906126737594604
5,2014-2015,267,1,0,0.22549408674240112
5,2014-2015,268,1,0,0.47559449076652527
5,2014-2015,269,1,1,0.7330572009086609
5,2014-2015,270,1,1,0.7120850086212158
5,2014-2015,271,0,1,0.6252524256706238
5,2014-2015,272,0,1,0.6189867854118347
5,2014-2015,273,0,0,0.4088701903820038
5,2014-2015,274,1,0,0.2747170925140381
5,2014-2015,275,1,1,0.6349616646766663
5,2014-2015,276,1,0,0.41644740104675293
5,2014-2015,277,0,1,0.6533359885215759
5,2014-2015,278,1,1,0.5111461281776428
5,2014-2015,279,1,1,0.6368904709815979
5,2015-2016,6,0,0,0.4000000059604645
5,2015-2016,7,0,0,0.3333333432674408
5,2015-2016,8,0,0,0.2857142984867096
5,2015-2016,9,0,0,0.25
5,2015-2016,10,0,0,0.2222222238779068
5,2015-2016,11,1,0,0.20000000298023224
5,2015-2016,12,0,0,0.27272728085517883
5,2015-2016,13,1,0,0.15560460090637207
5,2015-2016,14,1,0,0.43887823820114136
5,2015-2016,15,1,0,0.46062546968460083
5,2015-2016,16,0,0,0.28316593170166016
5,2015-2016,17,1,1,0.6689199805259705
5,2015-2016,18,0,0,0.15105555951595306
5,2015-2016,19,1,0,0.11649776250123978
5,2015-2016,20,0,0,0.45734602212905884
5,2015-2016,21,1,0,0.261537104845047
5,2015-2016,22,1,0,0.12960362434387207
5,2015-2016,23,0,0,0.4012431800365448
5,2015-2016,24,1,0,0.1388763040304184
5,2015-2016,25,1,0,0.2583290934562683
5,2015-2016,26,0,0,0.3808269500732422
5,2015-2016,27,0,0,0.4922167658805847
5,2015-2016,28,0,0,0.16838182508945465
5,2015-2016,29,1,1,0.5984326004981995
5,2015-2016,30,1,0,0.342663437128067
5,2015-2016,31,1,0,0.42288196086883545
5,2015-2016,32,1,0,0.21774154901504517
5,2015-2016,33,0,0,0.2153034508228302
5,2015-2016,34,0,0,0.29962998628616333
5,2015-2016,35,1,1,0.6383138298988342
5,2015-2016,36,1,0,0.09684786200523376
5,2015-2016,37,0,1,0.5819008946418762
5,2015-2016,38,0,0,0.4410959780216217
5,2015-2016,39,0,1,0.5796017050743103
5,2015-2016,40,1,0,0.19222493469715118
5,2015-2016,41,1,0,0.17020100355148315
5,2015-2016,42,1,0,0.2648840546607971
5,2015-2016,43,0,1,0.5170655250549316
5,2015-2016,44,1,1,0.6037734150886536
5,2015-2016,45,1,1,0.55562424659729
5,2015-2016,46,0,1,0.7787163257598877
5,2015-2016,47,1,1,0.5232194066047668
5,2015-2016,48,1,1,0.6731011867523193
5,2015-2016,49,1,0,0.2232484519481659
5,2015-2016,50,1,1,0.8146486282348633
5,2015-2016,51,1,1,0.6762837767601013
5,2015-2016,52,1,0,0.2646660804748535
5,2015-2016,53,1,1,0.7485480308532715
5,2015-2016,54,1,1,0.6135265827178955
5,2015-2016,55,0,0,0.43226611614227295
5,2015-2016,56,0,1,0.8350786566734314
5,2015-2016,57,0,1,0.9161771535873413
5,2015-2016,58,1,1,0.9454351663589478
5,2015-2016,59,1,1,0.8733082413673401
5,2015-2016,60,1,1,0.8870882391929626
5,2015-2016,61,0,1,0.8799436092376709
5,2015-2016,62,0,0,0.4097028970718384
5,2015-2016,63,0,0,0.1034494936466217
5,2015-2016,64,1,1,0.8729801774024963
5,2015-2016,65,1,1,0.8239750862121582
5,2015-2016,66,1,0,0.3048878312110901
5,2015-2016,67,1,1,0.9080898761749268
5,2015-2016,68,1,1,0.8260688781738281
5,2015-2016,69,1,1,0.9317871928215027
5,2015-2016,70,0,0,0.13991163671016693
5,2015-2016,71,1,0,0.17922061681747437
5,2015-2016,72,1,1,0.9523616433143616
5,2015-2016,73,1,1,0.7291443943977356
5,2015-2016,74,0,1,0.9289072155952454
5,2015-2016,75,0,1,0.6093613505363464
5,2015-2016,76,1,0,0.46356984972953796
5,2015-2016,77,0,0,0.3753490447998047
5,2015-2016,78,1,1,0.8104568719863892
5,2015-2016,79,1,1,0.5689772367477417
5,2015-2016,80,0,1,0.6798216700553894
5,2015-2016,81,0,1,0.9189379811286926
5,2015-2016,82,1,0,0.27614206075668335
5,2015-2016,83,0,1,0.8516136407852173
5,2015-2016,84,1,1,0.6506945490837097
5,2015-2016,85,1,0,0.13761451840400696
5,2015-2016,86,1,1,0.7685601711273193
5,2015-2016,87,1,1,0.6960354447364807
5,2015-2016,88,1,1,0.7525591850280762
5,2015-2016,89,0,0,0.1435740739107132
5,2015-2016,90,0,0,0.3345840275287628
5,2015-2016,91,1,1,0.5909379720687866
5,2015-2016,92,0,1,0.8400794863700867
5,2015-2016,93,1,1,0.7919296026229858
5,2015-2016,94,1,1,0.8164798617362976
5,2015-2016,95,0,0,0.38173046708106995
5,2015-2016,96,1,0,0.39602258801460266
5,2015-2016,97,0,1,0.5969301462173462
5,2015-2016,98,1,0,0.3772290050983429
5,2015-2016,99,1,1,0.6095740795135498
5,2015-2016,100,0,0,0.36116236448287964
5,2015-2016,101,1,0,0.34005579352378845
5,2015-2016,102,1,0,0.10945795476436615
5,2015-2016,103,1,1,0.7120399475097656
5,2015-2016,104,0,1,0.7837520837783813
5,2015-2016,105,1,0,0.42790862917900085
5,2015-2016,106,0,0,0.4421940743923187
5,2015-2016,107,0,1,0.5726515650749207
5,2015-2016,108,1,1,0.753095269203186
5,2015-2016,109,0,1,0.691690981388092
5,2015-2016,110,0,1,0.5420050024986267
5,2015-2016,111,0,1,0.7389695644378662
5,2015-2016,112,1,1,0.6934950947761536
5,2015-2016,113,1,1,0.5139782428741455
5,2015-2016,114,1,1,0.7652109861373901
5,2015-2016,115,1,1,0.6293228268623352
5,2015-2016,116,1,1,0.5606167316436768
5,2015-2016,117,0,1,0.803199827671051
5,2015-2016,118,1,1,0.8095338344573975
5,2015-2016,119,1,1,0.687314510345459
5,2015-2016,120,0,1,0.5097905993461609
5,2015-2016,121,0,0,0.22742684185504913
5,2015-2016,122,0,1,0.872916579246521
5,2015-2016,123,0,1,0.5184861421585083
5,2015-2016,124,1,0,0.3604963719844818
5,2015-2016,125,0,1,0.587807297706604
5,2015-2016,126,1,0,0.31369447708129883
5,2015-2016,127,1,1,0.6221035718917847
5,2015-2016,128,0,1,0.5258777141571045
5,2015-2016,129,1,1,0.6865744590759277
5,2015-2016,130,0,1,0.5877624750137329
5,2015-2016,131,1,1,0.6026123762130737
5,2015-2016,132,0,0,0.10064802318811417
5,2015-2016,133,0,1,0.6468949913978577
5,2015-2016,134,1,0,0.20681209862232208
5,2015-2016,135,1,1,0.5031569004058838
5,2015-2016,136,0,1,0.6156108379364014
5,2015-2016,137,0,1,0.5398794412612915
5,2015-2016,138,0,1,0.6614754796028137
5,2015-2016,139,1,1,0.6219668984413147
5,2015-2016,140,0,1,0.6668569445610046
5,2015-2016,141,0,0,0.4550367593765259
5,2015-2016,142,1,0,0.3133430480957031
5,2015-2016,143,1,0,0.4872179627418518
5,2015-2016,144,1,0,0.44916483759880066
5,2015-2016,145,1,1,0.6399367451667786
5,2015-2016,146,0,1,0.7167258262634277
5,2015-2016,147,1,1,0.617578387260437
5,2015-2016,148,0,1,0.5871527791023254
5,2015-2016,149,0,0,0.4616890847682953
5,2015-2016,150,0,0,0.47818803787231445
5,2015-2016,151,0,1,0.6811257600784302
5,2015-2016,152,0,0,0.29413723945617676
5,2015-2016,153,0,1,0.5426336526870728
5,2015-2016,154,1,1,0.7832996845245361
5,2015-2016,155,1,1,0.7127770185470581
5,2015-2016,156,0,0,0.3139343857765198
5,2015-2016,157,1,1,0.5605372190475464
5,2015-2016,158,0,1,0.5592917799949646
5,2015-2016,159,0,0,0.3170085549354553
5,2015-2016,160,0,1,0.5463863015174866
5,2015-2016,161,0,0,0.2504482567310333
5,2015-2016,162,1,1,0.6671417951583862
5,2015-2016,163,1,0,0.27039194107055664
5,2015-2016,164,0,0,0.25145289301872253
5,2015-2016,165,0,0,0.1950102001428604
5,2015-2016,166,1,1,0.6662448644638062
5,2015-2016,167,1,1,0.8541954755783081
5,2015-2016,168,1,1,0.6812697649002075
5,2015-2016,169,0,0,0.14178967475891113
5,2015-2016,170,1,1,0.6548731327056885
5,2015-2016,171,0,0,0.39324691891670227
5,2015-2016,172,1,0,0.24969816207885742
5,2015-2016,173,0,0,0.27143537998199463
5,2015-2016,174,0,0,0.23775537312030792
5,2015-2016,175,1,1,0.8630333542823792
5,2015-2016,176,0,0,0.28190284967422485
5,2015-2016,177,0,0,0.3270622491836548
5,2015-2016,178,1,0,0.4195408225059509
5,2015-2016,179,0,1,0.6351872682571411
5,2015-2016,180,1,0,0.3070579171180725
5,2015-2016,181,0,1,0.8223512172698975
5,2015-2016,182,1,1,0.5524902939796448
5,2015-2016,183,0,0,0.49149566888809204
5,2015-2016,184,1,0,0.4713909924030304
5,2015-2016,185,1,1,0.5118370056152344
5,2015-2016,186,0,1,0.5340774655342102
5,2015-2016,187,1,1,0.7963529229164124
5,2015-2016,188,0,0,0.34284359216690063
5,2015-2016,189,0,0,0.1995307356119156
5,2015-2016,190,1,0,0.44282129406929016
5,2015-2016,191,1,0,0.08428482711315155
5,2015-2016,192,0,1,0.5844342112541199
5,2015-2016,193,0,0,0.24290692806243896
5,2015-2016,194,1,0,0.46735328435897827
5,2015-2016,195,0,1,0.5231930613517761
5,2015-2016,196,1,0,0.15961609780788422
5,2015-2016,197,1,1,0.5232565402984619
5,2015-2016,198,0,0,0.4230071008205414
5,2015-2016,199,1,1,0.6583362817764282
5,2015-2016,200,1,0,0.3872450292110443
5,2015-2016,201,1,0,0.3594360053539276
5,2015-2016,202,0,0,0.30569854378700256
5,2015-2016,203,0,0,0.45732295513153076
5,2015-2016,204,1,0,0.45341238379478455
5,2015-2016,205,0,1,0.8631287813186646
5,2015-2016,206,1,0,0.3099807798862457
5,2015-2016,207,1,0,0.2560895085334778
5,2015-2016,208,1,0,0.2594622075557709
5,2015-2016,209,0,0,0.16613060235977173
5,2015-2016,210,1,0,0.3407052755355835
5,2015-2016,211,1,0,0.26533886790275574
5,2015-2016,212,1,1,0.8461884260177612
5,2015-2016,213,0,0,0.47736603021621704
5,2015-2016,214,1,1,0.6186147928237915
5,2015-2016,215,1,1,0.8184802532196045
5,2015-2016,216,1,0,0.34781473875045776
5,2015-2016,217,1,0,0.43022748827934265
5,2015-2016,218,1,1,0.5789603590965271
5,2015-2016,219,0,1,0.6099777817726135
5,2015-2016,220,0,0,0.23806768655776978
5,2015-2016,221,1,0,0.23741258680820465
5,2015-2016,222,1,1,0.538279116153717
5,2015-2016,223,1,0,0.44018301367759705
5,2015-2016,224,1,1,0.6953059434890747
5,2015-2016,225,0,0,0.4224061965942383
5,2015-2016,226,0,0,0.2962307035923004
5,2015-2016,227,1,1,0.6444792747497559
5,2015-2016,228,1,0,0.43322962522506714
5,2015-2016,229,1,1,0.9164161086082458
5,2015-2016,230,0,1,0.9005955457687378
5,2015-2016,231,1,1,0.6231144666671753
5,2015-2016,232,0,1,0.6341075897216797
5,2015-2016,233,1,1,0.8469908237457275
5,2015-2016,234,0,0,0.48578041791915894
5,2015-2016,235,1,0,0.47077998518943787
5,2015-2016,236,1,1,0.6427696943283081
5,2015-2016,237,0,0,0.42192625999450684
5,2015-2016,238,1,0,0.33908525109291077
5,2015-2016,239,0,1,0.6903048753738403
5,2015-2016,240,1,1,0.6683701276779175
5,2015-2016,241,1,1,0.671431839466095
5,2015-2016,242,0,1,0.736483097076416
5,2015-2016,243,1,1,0.584490954875946
5,2015-2016,244,0,0,0.2412431240081787
5,2015-2016,245,1,0,0.2851129472255707
5,2015-2016,246,0,1,0.8326952457427979
5,2015-2016,247,0,1,0.5345479249954224
5,2015-2016,248,1,1,0.6996586322784424
5,2015-2016,249,1,0,0.3014032542705536
5,2016-2017,6,0,1,0.800000011920929
5,2016-2017,7,1,1,0.6666666865348816
5,2016-2017,8,1,1,0.7142857313156128
5,2016-2017,9,0,1,0.75
5,2016-2017,10,1,1,0.6666666865348816
5,2016-2017,11,1,1,0.7330342531204224
5,2016-2017,12,1,1,0.7272727489471436
5,2016-2017,13,0,1,0.6087290048599243
5,2016-2017,14,0,1,0.7563082575798035
5,2016-2017,15,0,1,0.9325854778289795
5,2016-2017,16,1,1,0.9027590751647949
5,2016-2017,17,1,1,0.9285567998886108
5,2016-2017,18,0,1,0.6663724184036255
5,2016-2017,19,0,1,0.9185489416122437
5,2016-2017,20,1,0,0.4635845124721527
5,2016-2017,21,0,1,0.7742324471473694
5,2016-2017,22,1,1,0.9217793941497803
5,2016-2017,23,0,1,0.7655901312828064
5,2016-2017,24,1,1,0.9202782511711121
5,2016-2017,25,0,1,0.6514105200767517
5,2016-2017,26,0,1,0.8424183130264282
5,2016-2017,27,0,1,0.6185489892959595
5,2016-2017,28,0,1,0.5735208988189697
5,2016-2017,29,0,0,0.48809581995010376
5,2016-2017,30,1,0,0.2054203897714615
5,2016-2017,31,0,1,0.5202173590660095
5,2016-2017,32,1,0,0.08685437589883804
5,2016-2017,33,1,0,0.37253740429878235
5,2016-2017,34,1,1,0.5485845804214478
5,2016-2017,35,1,0,0.46039879322052
5,2016-2017,36,1,1,0.8239397406578064
5,2016-2017,37,1,0,0.3926699459552765
5,2016-2017,38,0,1,0.743339478969574
5,2016-2017,39,1,1,0.600080132484436
5,2016-2017,40,1,0,0.2967851161956787
5,2016-2017,41,0,0,0.12448606640100479
5,2016-2017,42,0,1,0.7555652856826782
5,2016-2017,43,0,0,0.09177549928426743
5,2016-2017,44,1,0,0.15112349390983582
5,2016-2017,45,1,1,0.6605599522590637
5,2016-2017,46,1,1,0.9430680274963379
5,2016-2017,47,0,1,0.6252886056900024
5,2016-2017,48,1,1,0.55796217918396
5,2016-2017,49,1,0,0.47403356432914734
5,2016-2017,50,1,1,0.5840533971786499
5,2016-2017,51,1,1,0.5663378238677979
5,2016-2017,52,1,1,0.7582458257675171
5,2016-2017,53,0,0,0.4630042016506195
5,2016-2017,54,0,1,0.9515064358711243
5,2016-2017,55,1,0,0.3053322434425354
5,2016-2017,56,0,0,0.14256563782691956
5,2016-2017,57,0,1,0.5667993426322937
5,2016-2017,58,0,0,0.31437304615974426
5,2016-2017,59,1,0,0.08972728252410889
5,2016-2017,60,0,0,0.36312660574913025
5,2016-2017,61,0,1,0.5868987441062927
5,2016-2017,62,0,0,0.1640891134738922
5,2016-2017,63,0,0,0.21974791586399078
5,2016-2017,64,0,1,0.9148414134979248
5,2016-2017,65,1,1,0.8898419141769409
5,2016-2017,66,0,1,0.8525899648666382
5,2016-2017,67,1,0,0.4908314645290375
5,2016-2017,68,1,1,0.9073877334594727
5,2016-2017,69,1,1,0.8336272835731506
5,2016-2017,70,1,1,0.9081596732139587
5,2016-2017,71,0,1,0.6212431788444519
5,2016-2017,72,1,1,0.651825487613678
5,2016-2017,73,1,0,0.06912865489721298
5,2016-2017,74,1,1,0.5854359269142151
5,2016-2017,75,1,0,0.4780784845352173
5,2016-2017,76,0,0,0.28190410137176514
5,2016-2017,77,1,0,0.41545581817626953
5,2016-2017,78,1,0,0.21190297603607178
5,2016-2017,79,1,1,0.5363269448280334
5,2016-2017,80,0,1,0.9227582812309265
5,2016-2017,81,1,0,0.13688376545906067
5,2016-2017,82,0,0,0.363739550113678
5,2016-2017,83,1,1,0.695616602897644
5,2016-2017,84,1,1,0.6334107518196106
5,2016-2017,85,0,1,0.6969974637031555
5,2016-2017,86,0,0,0.09610430151224136
5,2016-2017,87,0,0,0.4830719530582428
5,2016-2017,88,1,0,0.41937729716300964
5,2016-2017,89,0,1,0.5910112261772156
5,2016-2017,90,1,1,0.6820686459541321
5,2016-2017,91,1,1,0.5111371278762817
5,2016-2017,92,0,0,0.3329169750213623
5,2016-2017,93,1,1,0.6454556584358215
5,2016-2017,94,1,1,0.9369637370109558
5,2016-2017,95,1,0,0.35191094875335693
5,2016-2017,96,1,0,0.42762017250061035
5,2016-2017,97,0,1,0.8308461308479309
5,2016-2017,98,0,1,0.5296705365180969
5,2016-2017,99,0,1,0.5385056138038635
5,2016-2017,100,1,1,0.8840171098709106
5,2016-2017,101,0,1,0.5670399069786072
5,2016-2017,102,1,0,0.4670720398426056
5,2016-2017,103,0,1,0.5436782836914062
5,2016-2017,104,0,1,0.7771894335746765
5,2016-2017,105,0,0,0.39039456844329834
5,2016-2017,106,0,1,0.6413942575454712
5,2016-2017,107,0,1,0.761954665184021
5,2016-2017,108,0,0,0.21089762449264526
5,2016-2017,109,0,0,0.3544630706310272
5,2016-2017,110,0,1,0.783806562423706
5,2016-2017,111,0,0,0.3992079496383667
5,2016-2017,112,0,0,0.25328847765922546
5,2016-2017,113,0,1,0.8525209426879883
5,2016-2017,114,1,0,0.4137076139450073
5,2016-2017,115,1,0,0.2858963906764984
5,2016-2017,116,1,0,0.4030284285545349
5,2016-2017,117,1,1,0.6861720681190491
5,2016-2017,118,1,1,0.6812211871147156
5,2016-2017,119,0,1,0.7671143412590027
5,2016-2017,120,0,0,0.25535181164741516
5,2016-2017,121,1,0,0.43960097432136536
5,2016-2017,122,0,1,0.8892502784729004
5,2016-2017,123,1,1,0.7721677422523499
5,2016-2017,124,1,1,0.8172884583473206
5,2016-2017,125,0,0,0.17928478121757507
5,2016-2017,126,1,1,0.8541613817214966
5,2016-2017,127,1,0,0.3719717860221863
5,2016-2017,128,1,1,0.6306214928627014
5,2016-2017,129,1,1,0.7248852252960205
5,2016-2017,130,0,1,0.7788313627243042
5,2016-2017,131,1,0,0.4855070412158966
5,2016-2017,132,0,0,0.41183197498321533
5,2016-2017,133,1,0,0.4533398449420929
5,2016-2017,134,1,0,0.4237619638442993
5,2016-2017,135,1,1,0.6319385766983032
5,2016-2017,136,1,1,0.6650345921516418
5,2016-2017,137,1,0,0.3151538074016571
5,2016-2017,138,0,0,0.25800278782844543
5,2016-2017,139,0,1,0.7074332237243652
5,2016-2017,140,1,0,0.3512363135814667
5,2016-2017,141,1,0,0.42040735483169556
5,2016-2017,142,1,1,0.7312310934066772
5,2016-2017,143,1,0,0.42416325211524963
5,2016-2017,144,1,1,0.6407372951507568
5,2016-2017,145,0,0,0.4325448274612427
5,2016-2017,146,1,1,0.5955735445022583
5,2016-2017,147,0,0,0.4556073546409607
5,2016-2017,148,0,0,0.42594394087791443
5,2016-2017,149,1,1,0.8214778304100037
5,2016-2017,150,0,0,0.4260258674621582
5,2016-2017,151,1,1,0.8396109938621521
5,2016-2017,152,1,1,0.6131880879402161
5,2016-2017,153,0,1,0.7935724258422852
5,2016-2017,154,1,0,0.16451595723628998
5,2016-2017,155,1,0,0.381011039018631
5,2016-2017,156,1,1,0.5810012817382812
5,2016-2017,157,0,1,0.5410276651382446
5,2016-2017,158,0,1,0.5079694390296936
5,2016-2017,159,1,1,0.5932447910308838
5,2016-2017,160,1,1,0.6290845274925232
5,2016-2017,161,1,1,0.5300994515419006
5,2016-2017,162,0,1,0.8793874382972717
5,2016-2017,163,1,0,0.4531383514404297
5,2016-2017,164,1,0,0.45937246084213257
5,2016-2017,165,1,1,0.7724136710166931
5,2016-2017,166,1,1,0.8443902730941772
5,2016-2017,167,1,1,0.786225438117981
5,2016-2017,168,0,1,0.6476036310195923
5,2016-2017,169,0,1,0.6057078838348389
5,2016-2017,170,1,1,0.7666605710983276
5,2016-2017,171,1,1,0.797383189201355
5,2016-2017,172,0,1,0.6415184140205383
5,2016-2017,173,1,1,0.7167081832885742
5,2016-2017,174,1,1,0.900848925113678
5,2016-2017,175,0,1,0.6337797045707703
5,2016-2017,176,1,1,0.6320536136627197
5,2016-2017,177,0,1,0.8099732398986816
5,2016-2017,178,1,1,0.858031690120697
5,2016-2017,179,0,1,0.7270447015762329
5,2016-2017,180,0,1,0.7439218759536743
5,2016-2017,181,0,1,0.8521772027015686
5,2016-2017,182,0,0,0.41269806027412415
5,2016-2017,183,0,0,0.3775317966938019
5,2016-2017,184,0,0,0.49495843052864075
5,2016-2017,185,1,0,0.2828318774700165
5,2016-2017,186,0,1,0.7531030774116516
5,2016-2017,187,1,0,0.47320905327796936
5,2016-2017,188,0,1,0.8502481579780579
5,2016-2017,189,0,1,0.83651202917099
5,2016-2017,190,1,0,0.419673889875412
5,2016-2017,191,0,0,0.3007613718509674
5,2016-2017,192,1,0,0.3218415379524231
5,2016-2017,193,1,1,0.5384625792503357
5,2016-2017,194,1,0,0.47182878851890564
5,2016-2017,195,1,0,0.40797099471092224
5,2016-2017,196,0,1,0.682539165019989
5,2016-2017,197,0,0,0.2733732759952545
5,2016-2017,198,1,0,0.31580138206481934
5,2016-2017,199,0,1,0.550645112991333
5,2016-2017,200,1,0,0.3398755192756653
5,2016-2017,201,0,1,0.7327025532722473
5,2016-2017,202,0,1,0.7662004828453064
5,2016-2017,203,1,1,0.547631561756134
5,2016-2017,204,1,1,0.5632017850875854
5,2016-2017,205,1,1,0.6478158831596375
5,2016-2017,206,0,1,0.7363213896751404
5,2016-2017,207,0,1,0.7786027193069458
5,2016-2017,208,1,0,0.40475520491600037
5,2016-2017,209,0,0,0.254045307636261
5,2016-2017,210,0,1,0.6429217457771301
5,2016-2017,211,1,0,0.28012600541114807
5,2016-2017,212,1,0,0.4992034137248993
5,2016-2017,213,1,0,0.3535894453525543
5,2016-2017,214,1,1,0.6182772517204285
5,2016-2017,215,1,0,0.4613637626171112
5,2016-2017,216,0,1,0.5793741941452026
5,2016-2017,217,0,1,0.5089821219444275
5,2016-2017,218,0,1,0.7825571894645691
5,2016-2017,219,1,0,0.357075572013855
5,2016-2017,220,1,0,0.44096463918685913
5,2016-2017,221,1,1,0.6867895722389221
5,2016-2017,222,1,0,0.4988199472427368
5,2016-2017,223,1,0,0.4323025643825531
5,2016-2017,224,0,0,0.4056156873703003
5,2016-2017,225,0,1,0.5015271306037903
5,2016-2017,226,1,0,0.3712109923362732
5,2016-2017,227,0,1,0.5368757843971252
5,2016-2017,228,0,0,0.25272464752197266
5,2016-2017,229,1,1,0.6035814881324768
5,2016-2017,230,1,1,0.5064705014228821
5,2016-2017,231,0,1,0.5260767936706543
5,2016-2017,232,0,1,0.7905065417289734
5,2016-2017,233,0,1,0.7030198574066162
5,2016-2017,234,0,0,0.4590575397014618
5,2016-2017,235,1,1,0.706238865852356
5,2016-2017,236,1,1,0.7949615120887756
5,2016-2017,237,1,1,0.5193670392036438
5,2016-2017,238,0,1,0.7364076375961304
5,2016-2017,239,1,1,0.7448437809944153
5,2016-2017,240,0,1,0.5514326095581055
5,2016-2017,241,0,1,0.7873660922050476
5,2016-2017,242,0,0,0.26819148659706116
5,2016-2017,243,1,0,0.4523577094078064
5,2016-2017,244,0,1,0.5352776646614075
5,2016-2017,245,1,0,0.42466971278190613
5,2016-2017,246,0,1,0.51710045337677
5,2016-2017,247,1,1,0.6517695188522339
5,2016-2017,248,1,0,0.2555229663848877
5,2016-2017,249,0,1,0.5258469581604004
5,2016-2017,250,1,0,0.2668136656284332
5,2016-2017,251,1,0,0.4272938072681427
5,2016-2017,252,0,1,0.5877360701560974
5,2016-2017,253,1,1,0.5266163945198059
5,2016-2017,254,0,1,0.5805854797363281
5,2018-2019,6,0,1,0.6000000238418579
5,2018-2019,7,0,0,0.5
5,2018-2019,8,0,0,0.4285714328289032
5,2018-2019,9,0,0,0.375
5,2018-2019,10,1,0,0.3333333432674408
5,2018-2019,11,0,0,0.1883009970188141
5,2018-2019,12,1,0,0.22155992686748505
5,2018-2019,13,0,0,0.35309961438179016
5,2018-2019,14,0,0,0.1150081530213356
5,2018-2019,15,1,0,0.23313464224338531
5,2018-2019,16,1,0,0.15504126250743866
5,2018-2019,17,1,0,0.2191554456949234
5,2018-2019,18,1,0,0.3784177899360657
5,2018-2019,19,0,0,0.3267284035682678
5,2018-2019,20,1,0,0.21309709548950195
5,2018-2019,21,0,1,0.6665850281715393
5,2018-2019,22,1,0,0.3945388197898865
5,2018-2019,23,1,1,0.8835791945457458
5,2018-2019,24,1,1,0.8451384902000427
5,2018-2019,25,1,1,0.5270053744316101
5,2018-2019,26,0,0,0.27557963132858276
5,2018-2019,27,0,1,0.6615696549415588
5,2018-2019,28,0,0,0.4756971001625061
5,2018-2019,29,1,0,0.48462024331092834
5,2018-2019,30,0,1,0.5973089337348938
5,2018-2019,31,0,0,0.4519931674003601
5,2018-2019,32,1,0,0.43617263436317444
5,2018-2019,33,0,0,0.43795448541641235
5,2018-2019,34,1,0,0.46735671162605286
5,2018-2019,35,1,0,0.40320277214050293
5,2018-2019,36,0,1,0.597031831741333
5,2018-2019,37,0,0,0.28726625442504883
5,2018-2019,38,1,0,0.2593909502029419
5,2018-2019,39,1,1,0.8219725489616394
5,2018-2019,40,0,1,0.5326258540153503
5,2018-2019,41,1,1,0.5373287200927734
5,2018-2019,42,1,0,0.28550970554351807
5,2018-2019,43,1,1,0.5156433582305908
5,2018-2019,44,1,1,0.5058451294898987
5,2018-2019,45,0,0,0.47265204787254333
5,2018-2019,46,1,0,0.18365874886512756
5,2018-2019,47,1,1,0.7083665132522583
5,2018-2019,48,1,1,0.5062593221664429
5,2018-2019,49,0,1,0.7839952707290649
5,2018-2019,50,0,1,0.5591506361961365
5,2018-2019,51,1,1,0.8761624693870544
5,2018-2019,52,1,1,0.7350427508354187
5,2018-2019,53,1,1,0.7402061223983765
5,2018-2019,54,1,1,0.5967090725898743
5,2018-2019,55,1,0,0.06622661650180817
5,2018-2019,56,0,1,0.8497464656829834
5,2018-2019,57,1,1,0.7904587984085083
5,2018-2019,58,1,0,0.13997454941272736
5,2018-2019,59,1,1,0.6983698010444641
5,2018-2019,60,0,1,0.886647641658783
5,2018-2019,61,1,1,0.5751824378967285
5,2018-2019,62,1,1,0.7674334645271301
5,2018-2019,63,1,1,0.702825665473938
5,2018-2019,64,1,1,0.7589808106422424
5,2018-2019,65,0,1,0.8252032995223999
5,2018-2019,66,1,1,0.5534884929656982
5,2018-2019,67,1,1,0.6936074495315552
5,2018-2019,68,0,1,0.8284987807273865
5,2018-2019,69,1,0,0.24408069252967834
5,2018-2019,70,1,1,0.7794246673583984
5,2018-2019,71,1,1,0.6908794641494751
5,2018-2019,72,1,1,0.6494559049606323
5,2018-2019,73,1,1,0.6274041533470154
5,2018-2019,74,1,1,0.8166974186897278
5,2018-2019,75,1,1,0.7967587113380432
5,2018-2019,76,1,1,0.9041504859924316
5,2018-2019,77,1,1,0.9095224142074585
5,2018-2019,78,0,1,0.7993291616439819
5,2018-2019,79,1,1,0.5290286540985107
5,2018-2019,80,1,1,0.64430832862854
5,2018-2019,81,0,1,0.9090102314949036
5,2018-2019,82,0,1,0.6782470345497131
5,2018-2019,83,1,1,0.7991200685501099
5,2018-2019,84,0,1,0.6467106938362122
5,2018-2019,85,1,1,0.9263908267021179
5,2018-2019,86,0,0,0.2236717790365219
5,2018-2019,87,1,1,0.9525467753410339
5,2018-2019,88,1,1,0.8119005560874939
5,2018-2019,89,1,1,0.6123777031898499
5,2018-2019,90,0,1,0.544105052947998
5,2018-2019,91,0,0,0.41055694222450256
5,2018-2019,92,0,1,0.7384680509567261
5,2018-2019,93,1,1,0.74228435754776
5,2018-2019,94,0,1,0.5115802884101868
5,2018-2019,95,0,1,0.8660876750946045
5,2018-2019,96,0,0,0.2845233380794525
5,2018-2019,97,1,1,0.7704243659973145
5,2018-2019,98,0,0,0.20447054505348206
5,2018-2019,99,1,0,0.4446428120136261
5,2018-2019,100,1,1,0.8812205195426941
5,2018-2019,101,0,1,0.7643020749092102
5,2018-2019,102,0,0,0.40052545070648193
5,2018-2019,103,0,0,0.44615206122398376
5,2018-2019,104,0,1,0.7312389612197876
5,2018-2019,105,0,1,0.6159484386444092
5,2018-2019,106,1,1,0.5157972574234009
5,2018-2019,107,0,0,0.3043743073940277
5,2018-2019,108,0,1,0.5084238648414612
5,2018-2019,109,1,1,0.5633900761604309
5,2018-2019,110,0,1,0.5855199694633484
5,2018-2019,111,1,1,0.5557196140289307
5,2018-2019,112,0,1,0.9582690000534058
5,2018-2019,113,0,1,0.6154799461364746
5,2018-2019,114,0,0,0.4671486020088196
5,2018-2019,115,0,0,0.33418968319892883
5,2018-2019,116,1,0,0.4084109961986542
5,2018-2019,117,1,1,0.8501948118209839
5,2018-2019,118,0,1,0.5650221705436707
5,2018-2019,119,1,1,0.5213194489479065
5,2018-2019,120,1,1,0.6179313659667969
5,2018-2019,121,1,0,0.36806565523147583
5,2018-2019,122,1,1,0.5414814949035645
5,2018-2019,123,0,1,0.8635172247886658
5,2018-2019,124,0,1,0.5156897306442261
5,2018-2019,125,0,0,0.28212958574295044
5,2018-2019,126,1,1,0.5726819634437561
5,2018-2019,127,1,1,0.732033908367157
5,2018-2019,128,1,1,0.6825377345085144
5,2018-2019,129,1,0,0.4101193845272064
5,2018-2019,130,0,1,0.7894304990768433
5,2018-2019,131,1,1,0.5603909492492676
5,2018-2019,132,1,1,0.6830512285232544
5,2018-2019,133,1,1,0.5480138063430786
5,2018-2019,134,0,1,0.565437912940979
5,2018-2019,135,0,1,0.8572583198547363
5,2018-2019,136,0,1,0.7159013748168945
5,2018-2019,137,1,1,0.5899459719657898
5,2018-2019,138,1,1,0.570167601108551
5,2018-2019,139,1,1,0.6713566184043884
5,2018-2019,140,1,1,0.7554336786270142
5,2018-2019,141,0,1,0.7251439690589905
5,2018-2019,142,1,0,0.3709070682525635
5,2018-2019,143,1,1,0.5256028175354004
5,2018-2019,144,0,0,0.4626648724079132
5,2018-2019,145,1,1,0.6108353734016418
5,2018-2019,146,1,1,0.7386065125465393
5,2018-2019,147,1,1,0.7459258437156677
5,2018-2019,148,0,1,0.7569707632064819
5,2018-2019,149,1,0,0.4753057360649109
5,2018-2019,150,1,1,0.7098089456558228
5,2018-2019,151,1,1,0.8945953249931335
5,2018-2019,152,1,1,0.8422556519508362
5,2018-2019,153,1,0,0.3384033143520355
5,2018-2019,154,1,1,0.9445343613624573
5,2018-2019,155,0,1,0.6097421646118164
5,2018-2019,156,0,1,0.9527062177658081
5,2018-2019,157,0,0,0.3966025114059448
5,2018-2019,158,1,1,0.74188631772995
5,2018-2019,159,0,0,0.440056174993515
5,2018-2019,160,0,1,0.660147488117218
5,2018-2019,161,1,1,0.6040605902671814
5,2018-2019,162,0,1,0.7822682857513428
5,2018-2019,163,0,1,0.6669414043426514
5,2018-2019,164,0,1,0.7874423861503601
5,2018-2019,165,1,0,0.16003209352493286
5,2018-2019,166,1,0,0.34731483459472656
5,2018-2019,167,1,1,0.7664302587509155
5,2018-2019,168,0,1,0.8348174691200256
5,2018-2019,169,1,1,0.6977213621139526
5,2018-2019,170,1,1,0.6852877736091614
5,2018-2019,171,0,0,0.3451981544494629
5,2018-2019,172,1,1,0.8410001397132874
5,2018-2019,173,1,1,0.702764630317688
5,2018-2019,174,1,1,0.9211184978485107
5,2018-2019,175,1,1,0.6370983719825745
5,2018-2019,176,0,1,0.9472948908805847
5,2018-2019,177,0,0,0.3313358426094055
5,2018-2019,178,1,0,0.3472941219806671
5,2018-2019,179,0,1,0.725799024105072
5,2018-2019,180,1,1,0.5841199159622192
5,2018-2019,181,1,1,0.7990596890449524
5,2018-2019,182,1,0,0.2754761874675751
5,2018-2019,183,1,0,0.2860383689403534
5,2018-2019,184,1,1,0.6205535531044006
5,2018-2019,185,1,1,0.8111799955368042
5,2018-2019,186,0,1,0.6629155874252319
5,2018-2019,187,1,1,0.6469742059707642
5,2018-2019,188,1,1,0.5953314304351807
5,2018-2019,189,0,1,0.7311546802520752
5,2018-2019,190,0,0,0.3593800663948059
5,2018-2019,191,0,1,0.6063365340232849
5,2018-2019,192,1,0,0.4747574031352997
5,2018-2019,193,1,1,0.6798666715621948
5,2018-2019,194,1,1,0.7147191166877747
5,2018-2019,195,1,1,0.8732408881187439
5,2018-2019,196,1,1,0.8078122138977051
5,2018-2019,197,1,1,0.7888205647468567
5,2018-2019,198,1,1,0.5400927662849426
5,2018-2019,199,1,1,0.6995861530303955
5,2018-2019,200,1,0,0.4567869007587433
5,2018-2019,201,0,1,0.9086114764213562
5,2018-2019,202,0,0,0.4622329771518707
5,2018-2019,203,0,1,0.7658617496490479
5,2018-2019,204,1,0,0.20146988332271576
5,2018-2019,205,1,1,0.6638737916946411
5,2018-2019,206,1,1,0.7642250061035156
5,2018-2019,207,0,1,0.6175076365470886
5,2018-2019,208,0,1,0.5073153972625732
5,2018-2019,209,1,0,0.35402780771255493
5,2018-2019,210,1,0,0.2357177883386612
5,2018-2019,211,1,1,0.5711475610733032
5,2018-2019,212,1,0,0.3133663833141327
5,2019-2020,6,0,1,0.6000000238418579
5,2019-2020,7,1,0,0.5
5,2019-2020,8,0,1,0.5714285969734192
5,2019-2020,9,0,1,0.5124973654747009
5,2019-2020,10,1,0,0.4444444477558136
5,2019-2020,11,1,1,0.5001311302185059
5,2019-2020,12,0,0,0.26216915249824524
5,2019-2020,13,0,0,0.1885731816291809
5,2019-2020,14,1,0,0.16008037328720093
5,2019-2020,15,0,0,0.19599661231040955
5,2019-2020,16,1,0,0.4422731399536133
5,2019-2020,17,1,0,0.22645869851112366
5,2019-2020,18,0,0,0.43613630533218384
5,2019-2020,19,0,0,0.28005239367485046
5,2019-2020,20,0,1,0.804402232170105
5,2019-2020,21,0,1,0.7489420771598816
5,2019-2020,22,0,1,0.7174612879753113
5,2019-2020,23,1,1,0.6800242066383362
5,2019-2020,24,0,0,0.3205774426460266
5,2019-2020,25,0,1,0.8163502812385559
5,2019-2020,26,0,0,0.4763960838317871
5,2019-2020,27,1,0,0.4765588045120239
5,2019-2020,28,1,0,0.41912978887557983
5,2019-2020,29,1,1,0.7951610684394836
5,2019-2020,30,0,1,0.8642106056213379
5,2019-2020,31,1,0,0.3368043601512909
5,2019-2020,32,1,0,0.362169474363327
5,2019-2020,33,0,0,0.2790512144565582
5,2019-2020,34,0,1,0.8710699081420898
5,2019-2020,35,0,1,0.8648383617401123
5,2019-2020,36,0,0,0.30290135741233826
5,2019-2020,37,0,1,0.7618848085403442
5,2019-2020,38,1,1,0.6508010625839233
5,2019-2020,39,0,1,0.7061169147491455
5,2019-2020,40,0,0,0.41838085651397705
5,2019-2020,41,1,0,0.4533948004245758
5,2019-2020,42,1,0,0.07209086418151855
5,2019-2020,43,1,0,0.39989280700683594
5,2019-2020,44,1,0,0.24165955185890198
5,2019-2020,45,0,0,0.1738145798444748
5,2019-2020,46,1,1,0.5689570307731628
5,2019-2020,47,0,0,0.4883095920085907
5,2019-2020,48,0,0,0.12252407521009445
5,2019-2020,49,1,0,0.4590938091278076
5,2019-2020,50,0,1,0.7020124197006226
5,2019-2020,51,0,1,0.5003506541252136
5,2019-2020,52,1,1,0.7760716080665588
5,2019-2020,53,0,1,0.5228193402290344
5,2019-2020,54,1,0,0.25866541266441345
5,2019-2020,55,1,0,0.42474988102912903
5,2019-2020,56,1,0,0.16457034647464752
5,2019-2020,57,0,1,0.8335149884223938
5,2019-2020,58,1,1,0.6415544748306274
5,2019-2020,59,0,0,0.08078644424676895
5,2019-2020,60,0,0,0.09279289841651917
5,2019-2020,61,0,1,0.6789221167564392
5,2019-2020,62,0,0,0.11559759825468063
5,2019-2020,63,0,1,0.6186472177505493
5,2019-2020,64,0,1,0.8059205412864685
5,2019-2020,65,1,0,0.35651108622550964
5,2019-2020,66,0,0,0.08355838060379028
5,2019-2020,67,1,1,0.595524787902832
5,2019-2020,68,1,1,0.6557317972183228
5,2019-2020,69,0,0,0.4542904794216156
5,2019-2020,70,1,0,0.27251315116882324
5,2019-2020,71,1,0,0.3325304687023163
5,2019-2020,72,0,0,0.10952513664960861
5,2019-2020,73,1,1,0.8462205529212952
5,2019-2020,74,0,1,0.8428202867507935
5,2019-2020,75,0,1,0.5412042140960693
5,2019-2020,76,1,1,0.894085705280304
5,2019-2020,77,1,1,0.776849627494812
5,2019-2020,78,1,1,0.8643211126327515
5,2019-2020,79,0,1,0.6566097140312195
5,2019-2020,80,0,1,0.8580678105354309
5,2019-2020,81,1,1,0.6300442218780518
5,2019-2020,82,0,0,0.3082050383090973
5,2019-2020,83,1,0,0.38585713505744934
5,2019-2020,84,0,1,0.7962021231651306
5,2019-2020,85,0,1,0.5320249795913696
5,2019-2020,86,1,0,0.33697840571403503
5,2019-2020,87,1,1,0.7032368779182434
5,2019-2020,88,0,0,0.05471828579902649
5,2019-2020,89,0,0,0.4361605942249298
5,2019-2020,90,0,0,0.2895885705947876
5,2019-2020,91,0,0,0.05048966035246849
5,2019-2020,92,1,1,0.7047284841537476
5,2019-2020,93,1,0,0.4292701780796051
5,2019-2020,94,0,1,0.5387349724769592
5,2019-2020,95,1,1,0.8598480820655823
5,2019-2020,96,0,0,0.4719688892364502
5,2019-2020,97,0,1,0.7263143658638
5,2019-2020,98,1,1,0.5603362321853638
5,2019-2020,99,0,0,0.12219864875078201
5,2019-2020,100,0,1,0.5383716225624084
5,2019-2020,101,1,1,0.7182614207267761
5,2019-2020,102,0,1,0.7246991395950317
5,2019-2020,103,1,0,0.17353299260139465
5,2019-2020,104,1,0,0.039373088628053665
5,2019-2020,105,0,1,0.7962775230407715
5,2019-2020,106,1,1,0.5255897641181946
5,2019-2020,107,0,0,0.4935498535633087
5,2019-2020,108,0,1,0.6750409007072449
5,2019-2020,109,0,0,0.46261414885520935
5,2019-2020,110,0,0,0.24628913402557373
5,2019-2020,111,0,0,0.15348906815052032
5,2019-2020,112,1,0,0.27383190393447876
5,2019-2020,113,1,1,0.7677086591720581
5,2019-2020,114,1,1,0.6393389105796814
5,2019-2020,115,1,1,0.6053579449653625
5,2019-2020,116,1,0,0.4776935279369354
5,2019-2020,117,1,0,0.10850663483142853
5,2019-2020,118,1,0,0.35448870062828064
5,2019-2020,119,0,1,0.7632575035095215
5,2019-2020,120,1,1,0.8191288113594055
5,2019-2020,121,1,0,0.45379433035850525
5,2019-2020,122,0,0,0.4330982565879822
5,2019-2020,123,0,1,0.8087028861045837
5,2019-2020,124,1,1,0.7651458382606506
5,2019-2020,125,0,0,0.21968726813793182
5,2019-2020,126,0,1,0.8192936778068542
5,2019-2020,127,1,1,0.5287370681762695
5,2019-2020,128,1,1,0.8237470984458923
5,2019-2020,129,0,0,0.4781183898448944
5,2019-2020,130,1,1,0.6788896918296814
5,2019-2020,131,1,1,0.8800949454307556
5,2019-2020,132,0,0,0.3187962472438812
5,2019-2020,133,1,0,0.24565330147743225
5,2019-2020,134,0,1,0.7274087071418762
5,2019-2020,135,1,1,0.8365980386734009
5,2019-2020,136,1,0,0.33457762002944946
5,2019-2020,137,0,1,0.5636723041534424
5,2019-2020,138,1,0,0.2720068395137787
5,2019-2020,139,1,1,0.7386840581893921
5,2019-2020,140,0,0,0.46348533034324646
5,2019-2020,141,0,1,0.7495228052139282
5,2019-2020,142,1,1,0.9038886427879333
5,2019-2020,143,0,1,0.5007677674293518
5,2019-2020,144,1,0,0.2795732021331787
5,2019-2020,145,1,1,0.7755431532859802
5,2019-2020,146,1,1,0.711681067943573
5,2019-2020,147,1,1,0.909473180770874
5,2019-2020,148,0,1,0.5369647145271301
5,2019-2020,149,1,0,0.27038413286209106
5,2019-2020,150,1,0,0.24905504286289215
5,2019-2020,151,1,1,0.7111133337020874
5,2019-2020,152,0,1,0.505934476852417
5,2019-2020,153,0,1,0.6118941307067871
5,2019-2020,154,1,1,0.5917804837226868
5,2019-2020,155,1,0,0.36025476455688477
5,2019-2020,156,0,0,0.2838863730430603
5,2019-2020,157,0,0,0.4343925416469574
5,2019-2020,158,0,0,0.4884030818939209
5,2019-2020,159,0,1,0.73982834815979
5,2019-2020,160,0,0,0.24401433765888214
5,2019-2020,161,1,1,0.5810415148735046
5,2019-2020,162,1,0,0.3291928768157959
5,2019-2020,163,0,1,0.5661874413490295
5,2019-2020,164,1,1,0.7701993584632874
5,2019-2020,165,0,0,0.2711457908153534
5,2019-2020,166,0,0,0.49367624521255493
5,2019-2020,167,0,0,0.19779455661773682
5,2019-2020,168,0,1,0.6823439598083496
5,2019-2020,169,0,1,0.6215780377388
5,2019-2020,170,1,0,0.3983984589576721
5,2019-2020,171,1,0,0.3414210081100464
5,2019-2020,172,1,0,0.43238213658332825
5,2019-2020,173,1,0,0.4290173053741455
5,2019-2020,174,1,0,0.23829355835914612
5,2019-2020,175,1,0,0.3099091053009033
5,2019-2020,176,0,0,0.4636901319026947
5,2019-2020,177,1,1,0.5141823291778564
5,2019-2020,178,1,0,0.48514941334724426
5,2019-2020,179,1,1,0.5105403065681458
5,2019-2020,180,0,1,0.6119564175605774
5,2019-2020,181,1,0,0.4745427370071411
5,2019-2020,182,1,0,0.3596228361129761
5,2019-2020,183,0,1,0.7898039221763611
5,2019-2020,184,1,0,0.494584321975708
5,2019-2020,185,0,0,0.45233866572380066
5,2019-2020,186,0,1,0.6783262491226196
5,2019-2020,187,1,1,0.5711421966552734
5,2019-2020,188,1,0,0.42425090074539185
5,2019-2020,189,1,0,0.2707376480102539
5,2019-2020,190,1,1,0.7458716034889221
5,2019-2020,191,0,0,0.30084335803985596
5,2019-2020,192,1,1,0.5638748407363892
5,2019-2020,193,1,1,0.6493637561798096
5,2019-2020,194,0,1,0.5148953199386597
5,2019-2020,195,1,1,0.5753799676895142
5,2019-2020,196,1,0,0.4514606297016144
5,2019-2020,197,0,1,0.8796058297157288
5,2019-2020,198,1,1,0.7189168334007263
5,2019-2020,199,1,1,0.7394890189170837
5,2019-2020,200,0,1,0.6154872179031372
5,2019-2020,201,1,1,0.6072237491607666
5,2020-2021,6,0,1,0.6000000238418579
5,2020-2021,7,1,0,0.5
5,2020-2021,8,0,1,0.5714285969734192
5,2020-2021,9,0,0,0.47502079606056213
5,2020-2021,10,1,0,0.4444444477558136
5,2020-2021,11,1,0,0.2742612659931183
5,2020-2021,12,0,0,0.26037219166755676
5,2020-2021,13,1,0,0.16634181141853333
5,2020-2021,14,0,1,0.5099456906318665
5,2020-2021,15,1,1,0.755734384059906
5,2020-2021,16,0,1,0.5227603912353516
5,2020-2021,17,1,0,0.2989892363548279
5,2020-2021,18,1,1,0.8750790953636169
5,2020-2021,19,0,0,0.4208640456199646
5,2020-2021,20,0,1,0.8256434798240662
5,2020-2021,21,1,1,0.7278494238853455
5,2020-2021,22,1,0,0.1879228800535202
5,2020-2021,23,1,0,0.37363895773887634
5,2020-2021,24,1,1,0.5741666555404663
5,2020-2021,25,0,0,0.11550216376781464
5,2020-2021,26,1,1,0.7275597453117371
5,2020-2021,27,1,0,0.07136988639831543
5,2020-2021,28,0,0,0.3628397285938263
5,2020-2021,29,1,1,0.9326441287994385
5,2020-2021,30,0,1,0.8465108871459961
5,2020-2021,31,1,0,0.3432682752609253
5,2020-2021,32,1,1,0.9449117183685303
5,2020-2021,33,0,1,0.9274539947509766
5,2020-2021,34,0,1,0.501092791557312
5,2020-2021,35,1,0,0.43924158811569214
5,2020-2021,36,1,1,0.5035595893859863
5,2020-2021,37,0,1,0.7145935297012329
5,2020-2021,38,0,1,0.7171500325202942
5,2020-2021,39,1,0,0.15833529829978943
5,2020-2021,40,0,1,0.6119197010993958
5,2020-2021,41,1,0,0.11681833863258362
5,2020-2021,42,1,1,0.6031224131584167
5,2020-2021,43,0,1,0.7264612317085266
5,2020-2021,44,1,1,0.8604825735092163
5,2020-2021,45,0,1,0.5190946459770203
5,2020-2021,46,1,1,0.8184753656387329
5,2020-2021,47,1,0,0.20004777610301971
5,2020-2021,48,1,1,0.7175760865211487
5,2020-2021,49,1,1,0.830147922039032
5,2020-2021,50,0,1,0.6376294493675232
5,2020-2021,51,1,0,0.3275706470012665
5,2020-2021,52,1,1,0.9046974182128906
5,2020-2021,53,1,1,0.8670375347137451
5,2020-2021,54,1,1,0.6240256428718567
5,2020-2021,55,1,1,0.9318421483039856
5,2020-2021,56,1,0,0.11327957361936569
5,2020-2021,57,1,1,0.9288548827171326
5,2020-2021,58,1,1,0.7750232219696045
5,2020-2021,59,1,1,0.9323087334632874
5,2020-2021,60,0,1,0.5732541680335999
5,2020-2021,61,0,1,0.8898255825042725
5,2020-2021,62,1,1,0.9337682723999023
5,2020-2021,63,0,1,0.9454076886177063
5,2020-2021,64,1,0,0.4150387644767761
5,2020-2021,65,0,0,0.17666596174240112
5,2020-2021,66,0,1,0.7479770183563232
5,2020-2021,67,1,1,0.8150662183761597
5,2020-2021,68,0,1,0.9022040963172913
5,2020-2021,69,1,1,0.8453885316848755
5,2020-2021,70,0,1,0.841143012046814
5,2020-2021,71,1,1,0.7842509150505066
5,2020-2021,72,0,0,0.3345176577568054
5,2020-2021,73,1,0,0.328718900680542
5,2020-2021,74,1,1,0.7638043165206909
5,2020-2021,75,1,1,0.7332983613014221
5,2020-2021,76,0,1,0.9590662121772766
5,2020-2021,77,0,0,0.1340770423412323
5,2020-2021,78,0,0,0.1526724249124527
5,2020-2021,79,0,1,0.5610514283180237
5,2020-2021,80,1,1,0.7962621450424194
5,2020-2021,81,1,1,0.7675749063491821
5,2020-2021,82,1,1,0.9326239228248596
5,2020-2021,83,1,1,0.7671979069709778
5,2020-2021,84,1,1,0.7329320311546326
5,2020-2021,85,0,1,0.8341228365898132
5,2020-2021,86,1,1,0.8457750082015991
5,2020-2021,87,1,1,0.6243966817855835
5,2020-2021,88,1,1,0.7632092833518982
5,2020-2021,89,1,0,0.44295361638069153
5,2020-2021,90,1,0,0.41500142216682434
5,2020-2021,91,1,1,0.5914295315742493
5,2020-2021,92,1,0,0.12791790068149567
5,2020-2021,93,0,1,0.6705966591835022
5,2020-2021,94,1,1,0.6956183910369873
5,2020-2021,95,0,1,0.808440625667572
5,2020-2021,96,1,0,0.45337533950805664
5,2020-2021,97,0,1,0.7359128594398499
5,2020-2021,98,1,1,0.8511136174201965
5,2020-2021,99,1,1,0.7189037203788757
5,2020-2021,100,1,1,0.9212157130241394
5,2020-2021,101,1,1,0.90040123462677
5,2020-2021,102,1,1,0.8286609649658203
5,2020-2021,103,1,1,0.858568549156189
5,2020-2021,104,0,1,0.9133427143096924
5,2020-2021,105,0,1,0.6900272965431213
5,2020-2021,106,0,1,0.7389130592346191
5,2020-2021,107,1,1,0.9045875072479248
5,2020-2021,108,1,1,0.7524123787879944
5,2020-2021,109,0,1,0.8565261363983154
5,2020-2021,110,0,1,0.8544880151748657
5,2020-2021,111,1,0,0.4843525290489197
5,2020-2021,112,0,0,0.4374566674232483
5,2020-2021,113,0,1,0.5797034502029419
5,2020-2021,114,1,1,0.5674334168434143
5,2020-2021,115,0,0,0.4581538438796997
5,2020-2021,116,1,1,0.8533521890640259
5,2020-2021,117,1,1,0.8209882974624634
5,2020-2021,118,0,1,0.5965894460678101
5,2020-2021,119,0,1,0.7617559432983398
5,2020-2021,120,1,1,0.6754655838012695
5,2020-2021,121,0,0,0.4268004894256592
5,2020-2021,122,1,1,0.703654408454895
5,2020-2021,123,1,1,0.8824247121810913
5,2020-2021,124,0,1,0.7450584769248962
5,2020-2021,125,1,1,0.5542008280754089
5,2020-2021,126,0,1,0.5254473090171814
5,2020-2021,127,0,0,0.44846922159194946
5,2020-2021,128,1,1,0.894743800163269
5,2020-2021,129,1,0,0.27750182151794434
5,2020-2021,130,0,1,0.9155840873718262
5,2020-2021,131,1,1,0.5867695808410645
5,2020-2021,132,1,1,0.5818971395492554
5,2020-2021,133,0,0,0.3278828561306
5,2020-2021,134,0,1,0.7421760559082031
5,2020-2021,135,0,1,0.5465500354766846
5,2020-2021,136,0,1,0.6470430493354797
5,2020-2021,137,1,1,0.8532034754753113
5,2020-2021,138,0,1,0.8261645436286926
5,2020-2021,139,1,0,0.46635618805885315
5,2020-2021,140,1,0,0.40786588191986084
5,2020-2021,141,0,1,0.7250198125839233
5,2020-2021,142,1,0,0.4886609613895416
5,2020-2021,143,1,0,0.3651564121246338
5,2020-2021,144,1,1,0.7325320839881897
5,2020-2021,145,0,1,0.8234840631484985
5,2020-2021,146,0,0,0.4598945379257202
5,2020-2021,147,1,0,0.41935181617736816
5,2020-2021,148,1,0,0.2060868740081787
5,2020-2021,149,1,1,0.9444063305854797
5,2020-2021,150,1,0,0.30302107334136963
5,2020-2021,151,0,1,0.6821569204330444
5,2020-2021,152,0,0,0.37650930881500244
5,2020-2021,153,0,0,0.3618726134300232
5,2020-2021,154,1,1,0.5540834069252014
5,2020-2021,155,1,0,0.18196575343608856
5,2020-2021,156,0,1,0.592803418636322
5,2020-2021,157,1,1,0.5282912850379944
5,2020-2021,158,0,1,0.5690590739250183
5,2020-2021,159,0,0,0.12255097180604935
5,2020-2021,160,1,0,0.39883893728256226
5,2020-2021,161,0,1,0.8104534149169922
5,2020-2021,162,0,1,0.5178370475769043
5,2020-2021,163,1,0,0.3699977695941925
5,2020-2021,164,0,1,0.5858931541442871
5,2020-2021,165,0,1,0.5483883619308472
5,2020-2021,166,0,0,0.3154931366443634
5,2020-2021,167,0,0,0.3035261631011963
5,2020-2021,168,1,1,0.577160656452179
5,2020-2021,169,0,1,0.5159337520599365
5,2020-2021,170,1,0,0.486225426197052
5,2020-2021,171,0,0,0.2782096564769745
5,2020-2021,172,1,1,0.5532071590423584
5,2020-2021,173,0,0,0.4999554753303528
5,2020-2021,174,1,0,0.38502058386802673
5,2020-2021,175,1,1,0.6243605613708496
5,2020-2021,176,1,0,0.21174392104148865
5,2020-2021,177,0,0,0.1836913824081421
5,2020-2021,178,0,1,0.6244902610778809
5,2020-2021,179,1,0,0.363919198513031
5,2020-2021,180,1,1,0.7078053951263428
5,2020-2021,181,0,1,0.5366228222846985
5,2020-2021,182,0,1,0.6969887018203735
5,2020-2021,183,0,0,0.4426904022693634
5,2020-2021,184,1,1,0.7971346974372864
5,2020-2021,185,0,1,0.5693472623825073
5,2020-2021,186,0,0,0.470338374376297
5,2020-2021,187,1,1,0.5578746795654297
5,2020-2021,188,1,1,0.5412512421607971
5,2020-2021,189,1,1,0.6210048794746399
5,2020-2021,190,1,0,0.4020455479621887
5,2020-2021,191,1,1,0.5740382671356201
5,2020-2021,192,0,0,0.10134457796812057
5,2020-2021,193,1,1,0.602082371711731
5,2020-2021,194,0,0,0.4063403904438019
5,2020-2021,195,1,1,0.5680269002914429
5,2020-2021,196,1,1,0.869883120059967
5,2020-2021,197,1,0,0.2530880868434906
5,2020-2021,198,0,0,0.13820365071296692
5,2020-2021,199,0,0,0.3212752640247345
5,2020-2021,200,0,0,0.09441807866096497
5,2020-2021,201,1,1,0.7576809525489807
5,2020-2021,202,1,1,0.8893128633499146
5,2020-2021,203,1,1,0.6539441347122192
5,2020-2021,204,0,0,0.05649504065513611
5,2020-2021,205,1,1,0.5110889077186584
5,2020-2021,206,0,0,0.47355204820632935
5,2020-2021,207,1,0,0.0609409399330616
5,2020-2021,208,1,0,0.31011638045310974
5,2020-2021,209,1,0,0.3639112412929535
5,2020-2021,210,0,0,0.36960533261299133
5,2020-2021,211,1,1,0.7458280324935913
5,2020-2021,212,1,0,0.34907102584838867
5,2020-2021,213,1,1,0.8956781625747681
5,2020-2021,214,1,1,0.9180604219436646
5,2020-2021,215,1,1,0.7036380171775818
5,2020-2021,216,0,0,0.11037284135818481
5,2020-2021,217,1,0,0.4703960120677948
5,2020-2021,218,0,0,0.26911115646362305
5,2020-2021,219,1,0,0.27902650833129883
5,2020-2021,220,0,1,0.7255843281745911
5,2020-2021,221,1,1,0.8587879538536072
5,2020-2021,222,0,0,0.2233620434999466
5,2020-2021,223,1,1,0.8797292113304138
5,2020-2021,224,0,0,0.38986098766326904
5,2020-2021,225,0,1,0.6719182729721069
5,2020-2021,226,0,1,0.5633592009544373
5,2020-2021,227,1,0,0.452409029006958
5,2020-2021,228,0,0,0.4426887333393097
5,2020-2021,229,0,1,0.78399658203125
5,2020-2021,230,0,0,0.46271345019340515
5,2020-2021,231,1,1,0.51578688621521
5,2020-2021,232,1,0,0.2959268391132355
5,2020-2021,233,0,0,0.1883840262889862
5,2020-2021,234,0,0,0.20108632743358612
5,2020-2021,235,0,0,0.2250204086303711
5,2020-2021,236,0,0,0.3877864181995392
5,2020-2021,237,0,0,0.2070702463388443
5,2020-2021,238,1,0,0.4516063630580902
5,2020-2021,239,0,1,0.6188167333602905
5,2020-2021,240,1,1,0.7745050191879272
5,2020-2021,241,1,1,0.7201027870178223
5,2020-2021,242,1,0,0.48623859882354736
5,2020-2021,243,0,0,0.42338380217552185
5,2020-2021,244,0,0,0.47788989543914795
5,2020-2021,245,0,0,0.2727178931236267
5,2020-2021,246,0,1,0.6962343454360962
5,2020-2021,247,0,1,0.7333356738090515
5,2020-2021,248,1,1,0.5434738397598267
5,2020-2021,249,1,1,0.7627313733100891
5,2020-2021,250,0,0,0.21151962876319885
5,2020-2021,251,1,0,0.15422941744327545
5,2020-2021,252,1,0,0.0684514194726944
5,2020-2021,253,0,0,0.14014147222042084
5,2020-2021,254,1,1,0.8035632967948914
5,2020-2021,255,1,1,0.6950217485427856
5,2020-2021,256,0,0,0.2326323539018631
5,2020-2021,257,0,0,0.09460724890232086
5,2020-2021,258,1,1,0.733501136302948
5,2020-2021,259,1,1,0.7737060189247131
5,2020-2021,260,0,1,0.8684762716293335
5,2021-2022,6,0,0,0.20000000298023224
5,2021-2022,7,1,0,0.1666666716337204
5,2021-2022,8,0,0,0.2857142984867096
5,2021-2022,9,1,0,0.25
5,2021-2022,10,1,0,0.3333333432674408
5,2021-2022,11,0,0,0.4000000059604645
5,2021-2022,12,1,0,0.2708607614040375
5,2021-2022,13,1,1,0.5038437247276306
5,2021-2022,14,1,1,0.6016797423362732
5,2021-2022,15,1,1,0.7094258666038513
5,2021-2022,16,0,1,0.7573287487030029
5,2021-2022,17,1,1,0.6444646120071411
5,2021-2022,18,1,1,0.6901086568832397
5,2021-2022,19,0,1,0.7279167175292969
5,2021-2022,20,0,1,0.7626631259918213
5,2021-2022,21,0,1,0.7154068946838379
5,2021-2022,22,1,1,0.7084394097328186
5,2021-2022,23,1,0,0.4108273386955261
5,2021-2022,24,1,1,0.7995650768280029
5,2021-2022,25,0,0,0.46929827332496643
5,2021-2022,26,0,0,0.08653300255537033
5,2021-2022,27,1,0,0.14234590530395508
5,2021-2022,28,0,0,0.21324887871742249
5,2021-2022,29,0,0,0.06450963020324707
5,2021-2022,30,1,0,0.3759267330169678
5,2021-2022,31,1,0,0.31898370385169983
5,2021-2022,32,0,1,0.817020058631897
5,2021-2022,33,1,0,0.3777966797351837
5,2021-2022,34,1,0,0.06877736002206802
5,2021-2022,35,0,0,0.3888099789619446
5,2021-2022,36,0,0,0.3339458107948303
5,2021-2022,37,1,0,0.43663227558135986
5,2021-2022,38,1,1,0.6954178810119629
5,2021-2022,39,1,1,0.6600712537765503
5,2021-2022,40,0,1,0.5206589102745056
5,2021-2022,41,0,0,0.1336202323436737
5,2021-2022,42,0,0,0.29474306106567383
5,2021-2022,43,1,0,0.16156591475009918
5,2021-2022,44,1,1,0.8307129144668579
5,2021-2022,45,1,1,0.8218618035316467
5,2021-2022,46,1,1,0.8545120358467102
5,2021-2022,47,1,1,0.9218583703041077
5,2021-2022,48,1,1,0.9232364892959595
5,2021-2022,49,0,0,0.3957968056201935
5,2021-2022,50,1,1,0.8636091351509094
5,2021-2022,51,1,1,0.9538876414299011
5,2021-2022,52,0,0,0.07022969424724579
5,2021-2022,53,1,1,0.775604784488678
5,2021-2022,54,0,1,0.9556711316108704
5,2021-2022,55,1,1,0.8167906403541565
5,2021-2022,56,0,0,0.19766181707382202
5,2021-2022,57,0,0,0.4791938364505768
5,2021-2022,58,1,0,0.13830697536468506
5,2021-2022,59,1,0,0.2869228422641754
5,2021-2022,60,0,1,0.9551538228988647
5,2021-2022,61,1,1,0.5957013368606567
5,2021-2022,62,1,1,0.8534123301506042
5,2021-2022,63,0,0,0.19925765693187714
5,2021-2022,64,1,1,0.8686088919639587
5,2021-2022,65,1,1,0.6981135010719299
5,2021-2022,66,0,1,0.79533851146698
5,2021-2022,67,0,1,0.6908441781997681
5,2021-2022,68,1,0,0.1798194944858551
5,2021-2022,69,0,1,0.8591313362121582
5,2021-2022,70,0,0,0.368304044008255
5,2021-2022,71,1,0,0.3843623399734497
5,2021-2022,72,0,1,0.8528990149497986
5,2021-2022,73,1,1,0.7424887418746948
5,2021-2022,74,0,0,0.41963088512420654
5,2021-2022,75,0,0,0.16830305755138397
5,2021-2022,76,0,1,0.8737019300460815
5,2021-2022,77,1,1,0.6145884990692139
5,2021-2022,78,1,1,0.5601276159286499
5,2021-2022,79,0,0,0.15583431720733643
5,2021-2022,80,1,1,0.8443042635917664
5,2021-2022,81,1,0,0.38845643401145935
5,2021-2022,82,1,1,0.7745324969291687
5,2021-2022,83,0,1,0.7958341240882874
5,2021-2022,84,0,0,0.18380796909332275
5,2021-2022,85,1,1,0.7371296882629395
5,2021-2022,86,1,0,0.11150459200143814
5,2021-2022,87,1,0,0.30641090869903564
5,2021-2022,88,1,1,0.5494288802146912
5,2021-2022,89,1,1,0.7758908867835999
5,2021-2022,90,1,1,0.7243750691413879
5,2021-2022,91,0,0,0.37943312525749207
5,2021-2022,92,1,0,0.3459292948246002
5,2021-2022,93,1,1,0.8705527782440186
5,2021-2022,94,1,0,0.11674777418375015
5,2021-2022,95,1,0,0.46154317259788513
5,2021-2022,96,1,0,0.192191481590271
5,2021-2022,97,0,0,0.20826442539691925
5,2021-2022,98,1,1,0.9239688515663147
5,2021-2022,99,1,1,0.9031392931938171
5,2021-2022,100,1,1,0.9143967628479004
5,2021-2022,101,0,1,0.8843951225280762
5,2021-2022,102,0,1,0.6175963282585144
5,2021-2022,103,1,1,0.5775414109230042
5,2021-2022,104,1,1,0.9334908127784729
5,2021-2022,105,1,1,0.9318356513977051
5,2021-2022,106,1,1,0.6250009536743164
5,2021-2022,107,0,0,0.19819515943527222
5,2021-2022,108,0,1,0.8733007311820984
5,2021-2022,109,0,1,0.6242893934249878
5,2021-2022,110,1,1,0.717032253742218
5,2021-2022,111,0,1,0.509988009929657
5,2021-2022,112,0,1,0.9209920167922974
5,2021-2022,113,1,1,0.7720796465873718
5,2021-2022,114,1,1,0.7584092617034912
5,2021-2022,115,1,1,0.8062527775764465
5,2021-2022,116,0,0,0.4937271475791931
5,2021-2022,117,0,1,0.6314334273338318
5,2021-2022,118,1,1,0.7040354013442993
5,2021-2022,119,1,1,0.5684158205986023
5,2021-2022,120,1,0,0.19941362738609314
5,2021-2022,121,1,0,0.41500043869018555
5,2021-2022,122,0,1,0.8322082161903381
5,2021-2022,123,1,1,0.7564352750778198
5,2021-2022,124,1,1,0.7099992036819458
5,2021-2022,125,1,0,0.15994776785373688
5,2021-2022,126,0,1,0.7589184641838074
5,2021-2022,127,1,1,0.769615113735199
5,2021-2022,128,1,1,0.6250671744346619
5,2021-2022,129,1,1,0.6599488258361816
5,2021-2022,130,1,1,0.6546111702919006
5,2021-2022,131,0,1,0.6341726779937744
5,2021-2022,132,1,0,0.33682411909103394
5,2021-2022,133,1,1,0.8792259693145752
5,2021-2022,134,0,0,0.475581556558609
5,2021-2022,135,1,1,0.8391109108924866
5,2021-2022,136,1,1,0.7491175532341003
5,2021-2022,137,0,1,0.7318815588951111
5,2021-2022,138,1,1,0.9498035311698914
5,2021-2022,139,1,1,0.6343914270401001
5,2021-2022,140,1,1,0.6539521217346191
5,2021-2022,141,0,1,0.6795897483825684
5,2021-2022,142,1,1,0.9022598266601562
5,2021-2022,143,1,1,0.508856475353241
5,2021-2022,144,1,1,0.6652433276176453
5,2021-2022,145,1,1,0.8737518191337585
5,2021-2022,146,1,1,0.7698212265968323
5,2021-2022,147,1,1,0.671515166759491
5,2021-2022,148,0,1,0.6611915826797485
5,2021-2022,149,0,0,0.3067457377910614
5,2021-2022,150,1,1,0.6985819935798645
5,2021-2022,151,1,0,0.32548022270202637
5,2021-2022,152,1,1,0.779654324054718
5,2021-2022,153,0,0,0.2773233950138092
5,2021-2022,154,1,1,0.7095481157302856
5,2021-2022,155,1,0,0.21887663006782532
5,2021-2022,156,0,0,0.1018521785736084
5,2021-2022,157,1,1,0.9323634505271912
5,2021-2022,158,0,1,0.798751711845398
5,2021-2022,159,0,0,0.15455353260040283
5,2021-2022,160,1,1,0.7814047336578369
5,2021-2022,161,1,1,0.909111499786377
5,2021-2022,162,1,1,0.7181248068809509
5,2021-2022,163,1,1,0.9543174505233765
5,2021-2022,164,1,1,0.8550194501876831
5,2021-2022,165,0,1,0.5466447472572327
5,2021-2022,166,0,1,0.8348262310028076
5,2021-2022,167,1,1,0.9390271902084351
5,2021-2022,168,1,1,0.7330222725868225
5,2021-2022,169,1,1,0.8840548396110535
5,2021-2022,170,1,1,0.662307620048523
5,2021-2022,171,1,1,0.8710136413574219
5,2021-2022,172,1,1,0.8885512351989746
5,2021-2022,173,0,0,0.4952225089073181
5,2021-2022,174,1,1,0.5313262343406677
5,2021-2022,175,1,1,0.8147576451301575
5,2021-2022,176,1,0,0.2471102476119995
5,2021-2022,177,1,1,0.5209184885025024
5,2021-2022,178,1,1,0.8494718074798584
5,2021-2022,179,0,0,0.4816987216472626
5,2021-2022,180,0,1,0.6592427492141724
5,2021-2022,181,1,0,0.282842755317688
5,2021-2022,182,0,1,0.8509905934333801
5,2021-2022,183,1,1,0.693213701248169
5,2021-2022,184,1,1,0.9057049751281738
5,2021-2022,185,0,1,0.6675644516944885
5,2021-2022,186,0,1,0.7462942004203796
5,2021-2022,187,1,1,0.9665727019309998
5,2021-2022,188,1,1,0.7408658862113953
5,2021-2022,189,1,1,0.918778657913208
5,2021-2022,190,0,1,0.6705135107040405
5,2021-2022,191,1,1,0.7988598346710205
5,2021-2022,192,0,1,0.6613485217094421
5,2021-2022,193,1,1,0.8124076724052429
5,2021-2022,194,1,1,0.9546180963516235
5,2021-2022,195,1,1,0.5278130769729614
5,2021-2022,196,1,1,0.9790549278259277
5,2021-2022,197,0,1,0.7646409273147583
5,2021-2022,198,0,1,0.6792997121810913
5,2021-2022,199,1,0,0.369052916765213
5,2021-2022,200,0,1,0.6077263355255127
5,2021-2022,201,1,1,0.9589914679527283
5,2021-2022,202,0,1,0.6390195488929749
5,2021-2022,203,1,1,0.9841511249542236
5,2021-2022,204,1,1,0.608582615852356
5,2021-2022,205,0,0,0.17084304988384247
5,2021-2022,206,1,1,0.9596851468086243
5,2021-2022,207,1,0,0.4727408289909363
5,2021-2022,208,1,1,0.7114775776863098
5,2021-2022,209,0,0,0.342337042093277
5,2021-2022,210,1,0,0.42344337701797485
5,2021-2022,211,0,0,0.4632304012775421
5,2021-2022,212,0,1,0.5234044194221497
5,2021-2022,213,0,1,0.5271344184875488
5,2021-2022,214,0,1,0.7151990532875061
5,2021-2022,215,1,0,0.1765524446964264
5,2021-2022,216,0,0,0.45109161734580994
5,2021-2022,217,1,1,0.8983592391014099
5,2021-2022,218,1,1,0.9169156551361084
5,2021-2022,219,0,0,0.4054311215877533
5,2021-2022,220,1,1,0.945824146270752
5,2021-2022,221,1,1,0.6148083209991455
5,2021-2022,222,1,1,0.6335563659667969
5,2021-2022,223,0,1,0.5596897006034851
5,2021-2022,224,1,1,0.5850033164024353
5,2021-2022,225,1,1,0.9566322565078735
5,2021-2022,226,0,0,0.4274185597896576
5,2021-2022,227,0,1,0.5302440524101257
5,2021-2022,228,0,0,0.45844733715057373
5,2021-2022,229,1,0,0.4275084137916565
5,2021-2022,230,1,0,0.23690615594387054
5,2021-2022,231,0,0,0.4016934633255005
5,2021-2022,232,1,0,0.4718570113182068
5,2021-2022,233,0,1,0.5161530375480652
5,2021-2022,234,1,1,0.9199100136756897
5,2021-2022,235,1,1,0.6513069272041321
5,2021-2022,236,0,1,0.7135881781578064
5,2021-2022,237,1,1,0.7328120470046997
5,2021-2022,238,1,1,0.9567475914955139
5,2021-2022,239,0,1,0.6688466668128967
5,2021-2022,240,0,1,0.5746690630912781
5,2021-2022,241,1,1,0.937082827091217
5,2021-2022,242,1,1,0.7076160311698914
5,2021-2022,243,1,1,0.5200216174125671
5,2021-2022,244,1,1,0.8545560240745544
5,2021-2022,245,1,1,0.9063083529472351
5,2021-2022,246,1,1,0.8542015552520752
5,2021-2022,247,0,1,0.6109533905982971
5,2021-2022,248,0,0,0.41985175013542175
5,2021-2022,249,1,0,0.4453301727771759
5,2021-2022,250,0,1,0.5142214894294739
5,2021-2022,251,1,1,0.5750108361244202
5,2021-2022,252,0,0,0.24107494950294495
5,2021-2022,253,0,0,0.49022507667541504
5,2021-2022,254,1,1,0.9585162401199341
5,2021-2022,255,0,0,0.31177809834480286
5,2021-2022,256,0,0,0.4134634733200073
5,2021-2022,257,0,1,0.8805992007255554
5,2021-2022,258,1,1,0.6301870942115784
5,2021-2022,259,0,0,0.41005057096481323
5,2021-2022,260,1,1,0.6070900559425354
5,2021-2022,261,1,1,0.7115795016288757
5,2021-2022,262,0,1,0.5783879160881042
5,2021-2022,263,0,0,0.48725730180740356
5,2021-2022,264,1,1,0.6982190012931824
5,2021-2022,265,1,1,0.9330866932868958
5,2021-2022,266,0,0,0.3075954020023346
5,2021-2022,267,1,0,0.44468098878860474
5,2021-2022,268,1,0,0.44584032893180847
5,2021-2022,269,0,0,0.46058931946754456
5,2021-2022,270,1,1,0.6581417918205261
5,2021-2022,271,1,1,0.8798412680625916
5,2021-2022,272,1,1,0.9416971206665039
5,2021-2022,273,1,1,0.8725197315216064
5,2021-2022,274,1,1,0.9653879404067993
5,2021-2022,275,1,1,0.778113067150116
5,2021-2022,276,1,1,0.8935896754264832
5,2021-2022,277,1,1,0.8450139164924622
5,2021-2022,278,1,1,0.5055183172225952
5,2021-2022,279,1,1,0.9513354897499084
5,2021-2022,280,0,1,0.5081514120101929
5,2021-2022,281,1,1,0.6914434432983398
5,2021-2022,282,0,1,0.5621357560157776
5,2021-2022,283,0,1,0.8584636449813843
5,2021-2022,284,0,0,0.11721134930849075
5,2021-2022,285,0,0,0.20057052373886108
5,2021-2022,286,0,1,0.5216526389122009
5,2021-2022,287,0,0,0.2481248825788498
5,2021-2022,288,1,1,0.9369989633560181
5,2021-2022,289,1,1,0.6938189268112183
5,2021-2022,290,1,1,0.7633777260780334
5,2021-2022,291,1,1,0.5030540227890015
5,2021-2022,292,0,0,0.3952839970588684
5,2021-2022,293,0,0,0.22245195508003235
5,2021-2022,294,0,0,0.4864755868911743
5,2021-2022,295,1,0,0.45560044050216675
5,2021-2022,296,1,0,0.42866000533103943
5,2021-2022,297,0,1,0.9804098010063171
5,2021-2022,298,1,1,0.5443475246429443
5,2022-2023,6,0,1,0.6000000238418579
5,2022-2023,7,0,0,0.5
5,2022-2023,8,0,0,0.4285714328289032
5,2022-2023,9,1,0,0.375
5,2022-2023,10,0,0,0.4444444477558136
5,2022-2023,11,1,1,0.5776699781417847
5,2022-2023,12,0,1,0.646633505821228
5,2022-2023,13,0,0,0.4089844822883606
5,2022-2023,14,1,0,0.3289075493812561
5,2022-2023,15,0,0,0.3656098544597626
5,2022-2023,16,0,0,0.2147568315267563
5,2022-2023,17,1,0,0.3006928563117981
5,2022-2023,18,1,1,0.5961283445358276
5,2022-2023,19,0,0,0.3010384142398834
5,2022-2023,20,1,1,0.6380202770233154
5,2022-2023,21,1,1,0.5238370895385742
5,2022-2023,22,1,0,0.18693841993808746
5,2022-2023,23,1,0,0.35107421875
5,2022-2023,24,0,1,0.5384368300437927
5,2022-2023,25,1,0,0.3136424124240875
5,2022-2023,26,0,1,0.5325383543968201
5,2022-2023,27,1,0,0.4621816575527191
5,2022-2023,28,0,1,0.6952746510505676
5,2022-2023,29,1,0,0.15286849439144135
5,2022-2023,30,1,1,0.5631238222122192
5,2022-2023,31,0,0,0.21489055454730988
5,2022-2023,32,0,1,0.7955194115638733
5,2022-2023,33,0,1,0.873291015625
5,2022-2023,34,1,1,0.8189796805381775
5,2022-2023,35,1,1,0.8708111047744751
5,2022-2023,36,1,0,0.18364869058132172
5,2022-2023,37,0,0,0.1673257201910019
5,2022-2023,38,1,0,0.1345575898885727
5,2022-2023,39,1,0,0.11311221122741699
5,2022-2023,40,1,1,0.8064442276954651
5,2022-2023,41,0,1,0.8800896406173706
5,2022-2023,42,0,0,0.4725204408168793
5,2022-2023,43,0,1,0.8761151432991028
5,2022-2023,44,1,0,0.24666137993335724
5,2022-2023,45,1,1,0.6637565493583679
5,2022-2023,46,1,0,0.3007785975933075
5,2022-2023,47,0,0,0.369764506816864
5,2022-2023,48,1,1,0.5070465803146362
5,2022-2023,49,0,1,0.8893325328826904
5,2022-2023,50,1,1,0.762013852596283
5,2022-2023,51,1,1,0.5192204117774963
5,2022-2023,52,1,1,0.6984445452690125
5,2022-2023,53,0,1,0.6862171292304993
5,2022-2023,54,1,1,0.7374843955039978
5,2022-2023,55,1,0,0.24723370373249054
5,2022-2023,56,1,1,0.8889774084091187
5,2022-2023,57,1,1,0.8860042095184326
5,2022-2023,58,0,1,0.6985666155815125
5,2022-2023,59,1,1,0.5891469717025757
5,2022-2023,60,1,1,0.7982461452484131
5,2022-2023,61,0,0,0.41541266441345215
5,2022-2023,62,0,0,0.38775020837783813
5,2022-2023,63,0,1,0.9399777054786682
5,2022-2023,64,1,1,0.9033986926078796
5,2022-2023,65,0,0,0.07609879225492477
5,2022-2023,66,1,0,0.1430479735136032
5,2022-2023,67,0,0,0.17020933330059052
5,2022-2023,68,0,1,0.9082292914390564
5,2022-2023,69,0,1,0.6746553182601929
5,2022-2023,70,1,1,0.8571620583534241
5,2022-2023,71,1,1,0.5760701298713684
5,2022-2023,72,1,0,0.10222065448760986
5,2022-2023,73,1,1,0.8851940631866455
5,2022-2023,74,1,1,0.9107322096824646
5,2022-2023,75,0,0,0.1156633049249649
5,2022-2023,76,1,1,0.927142858505249
5,2022-2023,77,1,0,0.3081831932067871
5,2022-2023,78,0,1,0.9066279530525208
5,2022-2023,79,1,0,0.4784613847732544
5,2022-2023,80,1,1,0.7471322417259216
5,2022-2023,81,0,0,0.2679501473903656
5,2022-2023,82,0,1,0.5081930160522461
5,2022-2023,83,0,0,0.2201659083366394
5,2022-2023,84,1,1,0.8932169675827026
5,2022-2023,85,0,0,0.34567901492118835
5,2022-2023,86,0,0,0.39675673842430115
5,2022-2023,87,0,0,0.33764979243278503
5,2022-2023,88,1,1,0.5514402389526367
5,2022-2023,89,0,0,0.13563880324363708
5,2022-2023,90,0,0,0.2739267647266388
5,2022-2023,91,1,0,0.07420335710048676
5,2022-2023,92,0,0,0.2287815809249878
5,2022-2023,93,0,1,0.7301545143127441
5,2022-2023,94,0,1,0.6555929183959961
5,2022-2023,95,1,1,0.8867741823196411
5,2022-2023,96,1,0,0.31299322843551636
5,2022-2023,97,1,0,0.1498187631368637
5,2022-2023,98,0,0,0.17662252485752106
5,2022-2023,99,0,0,0.3256845772266388
5,2022-2023,100,1,1,0.5637455582618713
5,2022-2023,101,0,0,0.3223588168621063
5,2022-2023,102,0,1,0.7341639399528503
5,2022-2023,103,1,1,0.5529586672782898
5,2022-2023,104,0,0,0.2690570652484894
5,2022-2023,105,1,1,0.7489791512489319
5,2022-2023,106,0,0,0.23859666287899017
5,2022-2023,107,0,1,0.5496882200241089
5,2022-2023,108,1,1,0.6903927326202393
5,2022-2023,109,1,0,0.42601099610328674
5,2022-2023,110,1,0,0.39774537086486816
5,2022-2023,111,0,0,0.32548022270202637
5,2022-2023,112,1,0,0.45293107628822327
5,2022-2023,113,1,1,0.9302429556846619
5,2022-2023,114,1,1,0.742499828338623
5,2022-2023,115,1,1,0.7611724734306335
5,2022-2023,116,0,0,0.1465366929769516
5,2022-2023,117,1,0,0.40016883611679077
5,2022-2023,118,1,1,0.91294926404953
5,2022-2023,119,0,0,0.21740899980068207
5,2022-2023,120,1,0,0.4935506582260132
5,2022-2023,121,1,0,0.3999411463737488
5,2022-2023,122,1,1,0.6359227299690247
5,2022-2023,123,0,1,0.9221885800361633
5,2022-2023,124,1,1,0.579285740852356
5,2022-2023,125,0,0,0.15820108354091644
5,2022-2023,126,0,0,0.39158546924591064
5,2022-2023,127,0,1,0.7086525559425354
5,2022-2023,128,0,1,0.6462457180023193
5,2022-2023,129,1,1,0.903500497341156
5,2022-2023,130,0,0,0.12981465458869934
5,2022-2023,131,0,1,0.5471267700195312
5,2022-2023,132,1,1,0.8163824677467346
5,2022-2023,133,0,0,0.2139747142791748
5,2022-2023,134,0,1,0.8277542591094971
5,2022-2023,135,1,1,0.9138076305389404
5,2022-2023,136,1,0,0.4725974202156067
5,2022-2023,137,1,1,0.932027280330658
5,2022-2023,138,1,0,0.25599193572998047
5,2022-2023,139,0,0,0.37439823150634766
5,2022-2023,140,1,1,0.6172518134117126
5,2022-2023,141,1,0,0.27890709042549133
5,2022-2023,142,1,1,0.7642992734909058
5,2022-2023,143,1,1,0.9215389490127563
5,2022-2023,144,0,1,0.6298061013221741
5,2022-2023,145,0,0,0.276972234249115
5,2022-2023,146,1,0,0.48923516273498535
5,2022-2023,147,1,1,0.6438295841217041
5,2022-2023,148,0,0,0.22737736999988556
5,2022-2023,149,0,1,0.9149499535560608
5,2022-2023,150,0,0,0.4608716070652008
5,2022-2023,151,0,1,0.6907317042350769
5,2022-2023,152,1,0,0.24638554453849792
5,2022-2023,153,1,1,0.621052086353302
5,2022-2023,154,0,0,0.15689779818058014
5,2022-2023,155,1,1,0.8025357723236084
5,2022-2023,156,1,1,0.9390961527824402
5,2022-2023,157,0,0,0.07119922339916229
5,2022-2023,158,0,1,0.5850707292556763
5,2022-2023,159,0,1,0.5541654229164124
5,2022-2023,160,0,0,0.2421434372663498
5,2022-2023,161,0,0,0.4097725450992584
5,2022-2023,162,1,1,0.7848977446556091
5,2022-2023,163,0,1,0.7412344813346863
5,2022-2023,164,0,0,0.16292232275009155
5,2022-2023,165,1,1,0.5045526623725891
5,2022-2023,166,0,1,0.7808354496955872
5,2022-2023,167,0,1,0.6287012696266174
5,2022-2023,168,1,1,0.7338624596595764
5,2022-2023,169,0,1,0.6665481328964233
5,2022-2023,170,1,1,0.6084471940994263
5,2022-2023,171,1,1,0.781275749206543
5,2022-2023,172,1,0,0.4720331132411957
5,2022-2023,173,0,0,0.42757928371429443
5,2022-2023,174,1,0,0.09899193048477173
5,2022-2023,175,1,0,0.371114581823349
5,2022-2023,176,1,0,0.26388561725616455
5,2022-2023,177,1,1,0.7709254622459412
5,2022-2023,178,0,1,0.5560585856437683
5,2022-2023,179,0,1,0.674109697341919
5,2022-2023,180,1,0,0.4069913625717163
5,2022-2023,181,1,1,0.6993286609649658
5,2022-2023,182,0,0,0.32296812534332275
5,2022-2023,183,0,0,0.32291996479034424
5,2022-2023,184,1,0,0.35272088646888733
5,2022-2023,185,1,0,0.2839462161064148
5,2022-2023,186,1,1,0.6629763841629028
5,2022-2023,187,0,0,0.13770388066768646
5,2022-2023,188,1,0,0.16217757761478424
5,2022-2023,189,0,0,0.26138466596603394
5,2022-2023,190,0,1,0.8421880602836609
5,2022-2023,191,1,1,0.8669134378433228
5,2022-2023,192,1,1,0.561090350151062
5,2022-2023,193,1,1,0.5631959438323975
5,2022-2023,194,1,1,0.5160027146339417
5,2022-2023,195,1,0,0.4329648017883301
5,2022-2023,196,0,1,0.7749723792076111
5,2022-2023,197,0,0,0.3497929275035858
5,2022-2023,198,0,1,0.8593955636024475
5,2022-2023,199,1,1,0.8119687438011169
5,2022-2023,200,0,1,0.6066606044769287
5,2022-2023,201,0,1,0.857093334197998
5,2022-2023,202,1,1,0.5340554118156433
5,2022-2023,203,0,0,0.31263959407806396
5,2022-2023,204,1,0,0.28837233781814575
5,2022-2023,205,1,1,0.6674417853355408
5,2022-2023,206,1,1,0.5976992249488831
5,2022-2023,207,0,0,0.17407725751399994
5,2022-2023,208,1,1,0.7735452055931091
5,2022-2023,209,1,1,0.7595059275627136
5,2022-2023,210,1,1,0.7837205529212952
5,2022-2023,211,1,0,0.49992358684539795
5,2022-2023,212,1,1,0.5042431354522705
5,2022-2023,213,1,1,0.5246289968490601
5,2022-2023,214,1,0,0.29023441672325134
5,2022-2023,215,1,0,0.14032703638076782
5,2022-2023,216,1,0,0.32075321674346924
5,2022-2023,217,1,1,0.6050167679786682
5,2022-2023,218,1,0,0.4434375762939453
5,2022-2023,219,1,0,0.42748209834098816
5,2022-2023,220,0,0,0.3754420578479767
5,2022-2023,221,1,1,0.6956551671028137
5,2022-2023,222,0,1,0.8206174969673157
5,2022-2023,223,0,1,0.6212044954299927
5,2022-2023,224,1,0,0.3826028108596802
5,2022-2023,225,0,1,0.5212680101394653
5,2022-2023,226,0,0,0.17231421172618866
5,2022-2023,227,0,1,0.6205252408981323
5,2022-2023,228,0,1,0.6686882972717285
5,2022-2023,229,0,1,0.5123617053031921
5,2022-2023,230,1,1,0.6139404773712158
5,2022-2023,231,0,0,0.315315306186676
5,2022-2023,232,0,0,0.39478644728660583
5,2022-2023,233,1,1,0.730018675327301
5,2022-2023,234,1,0,0.2970430552959442
5,2022-2023,235,1,1,0.5902959108352661
5,2022-2023,236,1,0,0.27582305669784546
5,2022-2023,237,1,0,0.3903072476387024
5,2022-2023,238,0,0,0.4905675947666168
5,2022-2023,239,0,1,0.7771122455596924
5,2022-2023,240,0,1,0.8409453630447388
5,2022-2023,241,1,1,0.9264015555381775
5,2022-2023,242,1,1,0.9746668934822083
5,2022-2023,243,0,0,0.22079500555992126
5,2022-2023,244,1,1,0.6800535917282104
5,2022-2023,245,0,0,0.3679577708244324
5,2022-2023,246,0,1,0.63277268409729
5,2022-2023,247,1,1,0.5121327042579651
5,2022-2023,248,1,1,0.9701178669929504
5,2022-2023,249,1,1,0.5979480147361755
5,2022-2023,250,0,0,0.37144821882247925
5,2022-2023,251,1,0,0.3715079128742218
5,2022-2023,252,1,0,0.4101939797401428
5,2022-2023,253,0,1,0.6347459554672241
5,2022-2023,254,0,0,0.20296725630760193
5,2022-2023,255,1,1,0.812789261341095
5,2022-2023,256,1,1,0.9000698924064636
5,2022-2023,257,1,0,0.41782987117767334
5,2022-2023,258,1,1,0.7041008472442627
5,2022-2023,259,1,1,0.7712386846542358
5,2022-2023,260,0,0,0.17012007534503937
5,2022-2023,261,0,0,0.2775999903678894
5,2022-2023,262,1,1,0.9263735413551331
5,2022-2023,263,1,1,0.6022525429725647
5,2022-2023,264,1,0,0.07597571611404419
5,2022-2023,265,1,0,0.4379366338253021
5,2022-2023,266,1,1,0.7868537306785583
5,2022-2023,267,0,0,0.2426038384437561
5,2022-2023,268,1,1,0.5685259103775024
5,2022-2023,269,0,0,0.3526439666748047
5,2022-2023,270,1,1,0.6621198058128357
5,2022-2023,271,0,0,0.43304896354675293
5,2022-2023,272,1,1,0.7289208769798279
5,2022-2023,273,1,1,0.5977965593338013
5,2022-2023,274,1,1,0.9221669435501099
5,2022-2023,275,0,0,0.3101060390472412
5,2022-2023,276,1,1,0.865986168384552
5,2022-2023,277,1,0,0.29922357201576233
5,2022-2023,278,1,1,0.6517497897148132
5,2022-2023,279,1,0,0.2666192352771759
5,2022-2023,280,0,1,0.7859175205230713
5,2022-2023,281,1,1,0.652174711227417
5,2022-2023,282,1,1,0.6315006017684937
5,2022-2023,283,0,0,0.44797587394714355
5,2022-2023,284,0,1,0.6428258419036865
5,2022-2023,285,0,0,0.3774093985557556
5,2022-2023,286,1,0,0.13734614849090576
5,2022-2023,287,0,1,0.9141377806663513
5,2022-2023,288,1,1,0.5660955905914307
5,2022-2023,289,1,1,0.7225974798202515
5,2022-2023,290,1,1,0.8609820008277893
5,2022-2023,291,0,1,0.9691805839538574
5,2022-2023,292,1,1,0.8365586996078491
5,2022-2023,293,1,1,0.8375556468963623
5,2022-2023,294,1,0,0.4954785108566284
5,2022-2023,295,0,1,0.5946778059005737
5,2022-2023,296,1,0,0.3950716555118561
5,2022-2023,297,1,1,0.6481358408927917
5,2022-2023,298,1,1,0.695426344871521
5,2022-2023,299,1,1,0.5799309015274048
5,2022-2023,300,0,1,0.8513144850730896
5,2022-2023,301,0,1,0.8690064549446106
5,2022-2023,302,1,1,0.7112554311752319
5,2022-2023,303,0,1,0.6851106286048889
5,2022-2023,304,0,1,0.5925667881965637
5,2022-2023,305,0,1,0.6805269718170166
5,2022-2023,306,0,1,0.6546911597251892
5,2023-2024,6,1,0,0.4000000059604645
5,2023-2024,7,0,0,0.5
5,2023-2024,8,0,0,0.4285714328289032
5,2023-2024,9,0,0,0.375
5,2023-2024,10,0,0,0.3333333432674408
5,2023-2024,11,1,0,0.27727067470550537
5,2023-2024,12,1,0,0.322458416223526
5,2023-2024,13,0,0,0.2796851098537445
5,2023-2024,14,0,0,0.13243405520915985
5,2023-2024,15,1,0,0.3403571546077728
5,2023-2024,16,0,0,0.18473821878433228
5,2023-2024,17,1,1,0.6504119634628296
5,2023-2024,18,1,0,0.14308790862560272
5,2023-2024,19,1,0,0.21552173793315887
5,2023-2024,20,0,0,0.32629862427711487
5,2023-2024,21,1,0,0.20321248471736908
5,2023-2024,22,1,0,0.39655107259750366
5,2023-2024,23,0,1,0.6650824546813965
5,2023-2024,24,0,0,0.2581544816493988
5,2023-2024,25,1,0,0.0762387290596962
5,2023-2024,26,1,1,0.575140118598938
5,2023-2024,27,1,1,0.7502491474151611
5,2023-2024,28,0,0,0.29445478320121765
5,2023-2024,29,1,1,0.5664305090904236
5,2023-2024,30,1,0,0.27857446670532227
5,2023-2024,31,1,1,0.8348681330680847
5,2023-2024,32,0,1,0.7279953956604004
5,2023-2024,33,0,0,0.3989998400211334
5,2023-2024,34,1,0,0.16716575622558594
5,2023-2024,35,0,0,0.42905163764953613
5,2023-2024,36,1,0,0.1609545201063156
5,2023-2024,37,0,1,0.7359076142311096
5,2023-2024,38,0,1,0.5376946330070496
5,2023-2024,39,0,0,0.3022063076496124
5,2023-2024,40,0,0,0.4771937429904938
5,2023-2024,41,0,0,0.12710262835025787
5,2023-2024,42,0,0,0.32291972637176514
5,2023-2024,43,1,0,0.1788492202758789
5,2023-2024,44,1,0,0.4054974913597107
5,2023-2024,45,1,1,0.8741008043289185
5,2023-2024,46,0,1,0.8718504905700684
5,2023-2024,47,1,1,0.8523823022842407
5,2023-2024,48,1,1,0.6684425473213196
5,2023-2024,49,1,0,0.4280996024608612
5,2023-2024,50,1,1,0.789434552192688
5,2023-2024,51,1,0,0.2382390946149826
5,2023-2024,52,0,1,0.8789204359054565
5,2023-2024,53,1,1,0.6805652976036072
5,2023-2024,54,1,0,0.29138699173927307
5,2023-2024,55,1,1,0.6224444508552551
5,2023-2024,56,1,0,0.47929951548576355
5,2023-2024,57,0,1,0.8507301807403564
5,2023-2024,58,0,0,0.28852617740631104
5,2023-2024,59,0,1,0.9155793190002441
5,2023-2024,60,1,1,0.5338211059570312
5,2023-2024,61,0,1,0.5652869939804077
5,2023-2024,62,1,1,0.698613166809082
5,2023-2024,63,1,1,0.8994534611701965
5,2023-2024,64,1,1,0.8077519536018372
5,2023-2024,65,1,1,0.7419070601463318
5,2023-2024,66,1,1,0.6660889387130737
5,2023-2024,67,1,0,0.286210298538208
5,2023-2024,68,1,1,0.7584708333015442
5,2023-2024,69,1,0,0.4318622350692749
5,2023-2024,70,1,1,0.8228395581245422
5,2023-2024,71,1,1,0.7325631380081177
5,2023-2024,72,1,1,0.772943913936615
5,2023-2024,73,0,1,0.7492594122886658
5,2023-2024,74,0,1,0.7351378202438354
5,2023-2024,75,1,1,0.9055026173591614
5,2023-2024,76,1,1,0.8265773057937622
5,2023-2024,77,1,1,0.8720867037773132
5,2023-2024,78,1,0,0.3890519142150879
5,2023-2024,79,0,0,0.1915450096130371
5,2023-2024,80,0,0,0.4499438405036926
5,2023-2024,81,1,1,0.5498971343040466
5,2023-2024,82,1,1,0.8445970416069031
5,2023-2024,83,1,1,0.9205051064491272
5,2023-2024,84,0,1,0.5910468697547913
5,2023-2024,85,0,1,0.9038128852844238
5,2023-2024,86,1,0,0.25571754574775696
5,2023-2024,87,1,1,0.8566553592681885
5,2023-2024,88,0,0,0.27369925379753113
5,2023-2024,89,1,0,0.11132363229990005
5,2023-2024,90,1,1,0.8271114230155945
5,2023-2024,91,0,1,0.8042464256286621
5,2023-2024,92,0,1,0.5089989304542542
5,2023-2024,93,1,1,0.6688020825386047
5,2023-2024,94,0,1,0.8681912422180176
5,2023-2024,95,0,1,0.5463111400604248
5,2023-2024,96,1,1,0.7116050124168396
5,2023-2024,97,1,1,0.8592259287834167
5,2023-2024,98,0,0,0.10219328850507736
5,2023-2024,99,0,1,0.7555774450302124
5,2023-2024,100,1,1,0.8542976379394531
5,2023-2024,101,0,1,0.6513826847076416
5,2023-2024,102,0,1,0.8252553343772888
5,2023-2024,103,0,0,0.47876423597335815
5,2023-2024,104,1,1,0.8969519138336182
5,2023-2024,105,0,1,0.6967016458511353
5,2023-2024,106,0,1,0.6653910875320435
5,2023-2024,107,1,1,0.812656819820404
5,2023-2024,108,1,1,0.7754042148590088
5,2023-2024,109,1,1,0.5665020942687988
5,2023-2024,110,0,1,0.8276151418685913
5,2023-2024,111,1,1,0.9159712195396423
5,2023-2024,112,0,0,0.4358874261379242
5,2023-2024,113,1,1,0.8187301754951477
5,2023-2024,114,1,1,0.7565901279449463
5,2023-2024,115,1,1,0.7294163107872009
5,2023-2024,116,0,1,0.8005818724632263
5,2023-2024,117,0,1,0.5673907399177551
5,2023-2024,118,1,0,0.35413119196891785
5,2023-2024,119,1,1,0.8012638688087463
5,2023-2024,120,1,0,0.2800767123699188
5,2023-2024,121,1,1,0.7408632636070251
5,2023-2024,122,0,1,0.7041375637054443
5,2023-2024,123,1,1,0.7888842225074768
5,2023-2024,124,0,1,0.8675392270088196
5,2023-2024,125,0,0,0.39206254482269287
5,2023-2024,126,1,1,0.5552453994750977
5,2023-2024,127,1,1,0.5943078398704529
5,2023-2024,128,1,1,0.8021080493927002
5,2023-2024,129,0,1,0.7679070830345154
5,2023-2024,130,0,0,0.3176492750644684
5,2023-2024,131,1,1,0.801350474357605
5,2023-2024,132,0,1,0.7530925869941711
5,2023-2024,133,0,0,0.4082176387310028
5,2023-2024,134,1,1,0.791067361831665
5,2023-2024,135,0,1,0.6720592975616455
5,2023-2024,136,0,1,0.6995474100112915
5,2023-2024,137,1,0,0.4675753712654114
5,2023-2024,138,1,1,0.7655173540115356
5,2023-2024,139,1,0,0.3229803442955017
5,2023-2024,140,1,1,0.5704089403152466
5,2023-2024,141,0,1,0.8720025420188904
5,2023-2024,142,1,1,0.5769090056419373
5,2023-2024,143,0,0,0.3557511866092682
5,2023-2024,144,0,1,0.7479099631309509
5,2023-2024,145,1,1,0.8889476656913757
5,2023-2024,146,1,0,0.24848181009292603
5,2023-2024,147,1,1,0.8102867603302002
5,2023-2024,148,1,1,0.8956083059310913
5,2023-2024,149,1,1,0.5419138669967651
5,2023-2024,150,0,1,0.8001141548156738
5,2023-2024,151,0,1,0.7202467918395996
5,2023-2024,152,1,1,0.5773329138755798
5,2023-2024,153,1,0,0.4932025671005249
5,2023-2024,154,1,1,0.7044653296470642
5,2023-2024,155,0,0,0.3830063045024872
5,2023-2024,156,1,1,0.7225400805473328
5,2023-2024,157,1,0,0.4933542013168335
5,2023-2024,158,1,0,0.45249560475349426
5,2023-2024,159,1,1,0.916117250919342
5,2023-2024,160,0,0,0.29600751399993896
5,2023-2024,161,0,1,0.517527163028717
5,2023-2024,162,0,1,0.8474371433258057
5,2023-2024,163,0,0,0.4226718246936798
5,2023-2024,164,1,1,0.515415608882904
5,2023-2024,165,0,1,0.5932588577270508
5,2023-2024,166,0,1,0.8385670781135559
5,2023-2024,167,0,1,0.5359216332435608
5,2023-2024,168,0,1,0.668307363986969
5,2023-2024,169,0,1,0.5390093326568604
5,2023-2024,170,0,0,0.3029264509677887
5,2023-2024,171,1,0,0.30357104539871216
5,2023-2024,172,1,0,0.45962220430374146
5,2023-2024,173,0,0,0.2790984511375427
5,2023-2024,174,1,0,0.1808798909187317
5,2023-2024,175,0,0,0.3345032334327698
5,2023-2024,176,0,0,0.2980806827545166
5,2023-2024,177,1,1,0.5737084746360779
5,2023-2024,178,1,1,0.5177835822105408
5,2023-2024,179,1,1,0.5215144157409668
5,2023-2024,180,0,0,0.3442653715610504
5,2023-2024,181,1,0,0.491914838552475
5,2023-2024,182,1,1,0.85066157579422
5,2023-2024,183,0,1,0.5711190700531006
5,2023-2024,184,1,1,0.6749918460845947
5,2023-2024,185,0,0,0.4926414489746094
5,2023-2024,186,0,0,0.2264675498008728
5,2023-2024,187,1,1,0.6775750517845154
5,2023-2024,188,1,0,0.29335054755210876
5,2023-2024,189,0,0,0.28209105134010315
5,2023-2024,190,1,1,0.6087952256202698
5,2023-2024,191,0,1,0.5263735055923462
5,2023-2024,192,0,0,0.14789170026779175
5,2023-2024,193,0,0,0.10596963763237
5,2023-2024,194,0,1,0.5672401189804077
5,2023-2024,195,1,0,0.28450924158096313
5,2023-2024,196,1,0,0.23701579868793488
5,2023-2024,197,1,1,0.7000381350517273
5,2023-2024,198,1,0,0.25486233830451965
5,2023-2024,199,1,0,0.43540140986442566
5,2023-2024,200,1,1,0.5106077194213867
5,2023-2024,201,1,1,0.6992221474647522
5,2023-2024,202,1,0,0.17184314131736755
5,2023-2024,203,1,1,0.8944011330604553
5,2023-2024,204,1,1,0.8310958743095398
5,2023-2024,205,1,0,0.4922410249710083
5,2023-2024,206,1,1,0.8515658974647522
5,2023-2024,207,0,1,0.8803514242172241
5,2023-2024,208,1,1,0.6725434064865112
5,2023-2024,209,0,1,0.9013270735740662
5,2023-2024,210,0,1,0.8119382858276367
5,2023-2024,211,0,1,0.7687004208564758
5,2023-2024,212,0,0,0.11189492046833038
5,2023-2024,213,0,1,0.5611953139305115
5,2023-2024,214,1,1,0.5319088101387024
5,2023-2024,215,0,1,0.5153270363807678
5,2023-2024,216,0,1,0.8048542737960815
5,2023-2024,217,1,1,0.7868659496307373
5,2023-2024,218,1,0,0.08964881300926208
5,2023-2024,219,0,0,0.3024463653564453
5,2023-2024,220,1,1,0.7633552551269531
5,2023-2024,221,1,0,0.4211750626564026
5,2023-2024,222,0,1,0.6901422142982483
5,2023-2024,223,0,1,0.5400516986846924
5,2023-2024,224,0,0,0.1601482331752777
5,2023-2024,225,1,1,0.52978515625
5,2023-2024,226,1,0,0.20219367742538452
5,2023-2024,227,1,1,0.7690969109535217
5,2023-2024,228,0,0,0.28574204444885254
5,2023-2024,229,0,0,0.48576658964157104
5,2023-2024,230,1,1,0.6274831891059875
5,2023-2024,231,1,0,0.3183492124080658
5,2023-2024,232,1,1,0.6391813158988953
5,2023-2024,233,1,1,0.6186754703521729
5,2023-2024,234,0,1,0.5567345023155212
5,2023-2024,235,0,1,0.6464903950691223
5,2023-2024,236,0,0,0.248453289270401
5,2023-2024,237,0,0,0.19732113182544708
5,2023-2024,238,1,1,0.6368978023529053
5,2023-2024,239,1,1,0.6301055550575256
5,2023-2024,240,0,0,0.3539227545261383
5,2023-2024,241,1,0,0.3923393785953522
5,2023-2024,242,1,1,0.7167127132415771
5,2023-2024,243,1,1,0.8372133374214172
5,2023-2024,244,0,1,0.551382839679718
5,2023-2024,245,0,0,0.3064761161804199
5,2023-2024,246,1,1,0.5786659121513367
5,2023-2024,247,0,0,0.42344793677330017
5,2023-2024,248,1,0,0.38371098041534424
5,2023-2024,249,1,1,0.7556307911872864
5,2023-2024,250,1,1,0.8029665946960449
5,2023-2024,251,0,1,0.6350730061531067
5,2023-2024,252,1,0,0.19622153043746948
5,2023-2024,253,1,1,0.6531733274459839
5,2023-2024,254,0,1,0.5558596253395081
5,2023-2024,255,1,0,0.4277968108654022
5,2023-2024,256,0,1,0.5247625708580017
5,2023-2024,257,0,0,0.1747920662164688
5,2023-2024,258,0,0,0.1972343921661377
5,2023-2024,259,1,1,0.7035650014877319
5,2023-2024,260,1,1,0.5193135142326355
5,2023-2024,261,1,0,0.41867440938949585
5,2023-2024,262,1,0,0.21560093760490417
5,2023-2024,263,0,0,0.48493093252182007
5,2023-2024,264,0,0,0.39964836835861206
5,2023-2024,265,0,0,0.49765831232070923
5,2023-2024,266,1,1,0.8315339088439941
5,2023-2024,267,0,1,0.6373391151428223
5,2023-2024,268,1,0,0.37949082255363464
5,2023-2024,269,1,0,0.4067608714103699
5,2023-2024,270,1,0,0.373321533203125
5,2023-2024,271,1,1,0.570073664188385
5,2023-2024,272,1,0,0.08039391040802002
5,2023-2024,273,1,0,0.3939369320869446
5,2023-2024,274,1,1,0.6787896752357483
5,2023-2024,275,1,0,0.3768039345741272
5,2023-2024,276,1,1,0.5727266073226929
5,2023-2024,277,0,1,0.7226002216339111
5,2023-2024,278,1,1,0.5458939075469971
5,2023-2024,279,1,1,0.6181948184967041
5,2023-2024,280,1,1,0.5366941690444946
5,2023-2024,281,1,1,0.7529011964797974
5,2023-2024,282,0,1,0.6996765732765198
5,2023-2024,283,1,0,0.29134273529052734
5,2023-2024,284,1,1,0.7471469044685364
5,2023-2024,285,1,1,0.5504181981086731
5,2023-2024,286,1,1,0.6875215768814087
5,2023-2024,287,0,1,0.6733245253562927
5,2023-2024,288,0,1,0.8602851629257202
5,2023-2024,289,1,0,0.4912681579589844
5,2023-2024,290,1,0,0.4102572202682495
5,2023-2024,291,0,0,0.4543458819389343
5,2023-2024,292,0,0,0.4461456537246704
5,2023-2024,293,0,0,0.48852846026420593
5,2023-2024,294,1,0,0.3520117700099945
5,2023-2024,295,1,1,0.6654450297355652
5,2023-2024,296,1,1,0.6825645565986633
5,2023-2024,297,0,0,0.08205918967723846
5,2023-2024,298,1,1,0.8043052554130554
5,2023-2024,299,1,1,0.6501817107200623
5,2023-2024,300,0,1,0.7236008644104004
5,2023-2024,301,1,1,0.7390792369842529
5,2023-2024,302,0,1,0.5424992442131042
5,2023-2024,303,1,1,0.6457228660583496
5,2023-2024,304,1,1,0.5776671171188354
5,2023-2024,305,0,1,0.7024313807487488
5,2023-2024,306,1,1,0.7280346155166626
5,2023-2024,307,0,1,0.8569068312644958
5,2023-2024,308,1,1,0.7897560596466064
5,2023-2024,309,1,1,0.724852979183197
5,2023-2024,310,1,1,0.7255157828330994
5,2023-2024,311,1,1,0.7421517968177795
5,2023-2024,312,1,1,0.6120458245277405
5,2023-2024,313,1,1,0.8065301775932312
5,2023-2024,314,0,1,0.5342010855674744
5,2023-2024,315,1,1,0.70619797706604
5,2023-2024,316,0,0,0.17797189950942993
5,2023-2024,317,1,1,0.7407850027084351
5,2023-2024,318,1,1,0.7270439267158508
5,2023-2024,319,0,0,0.42901626229286194
5,2023-2024,320,0,0,0.2827490568161011
5,2023-2024,321,0,1,0.7197259068489075
5,2023-2024,322,1,1,0.8405930995941162
5,2023-2024,323,1,1,0.7407242059707642
5,2023-2024,324,1,1,0.6829739212989807
5,2023-2024,325,0,0,0.15033774077892303
5,2023-2024,326,0,0,0.24207663536071777
5,2023-2024,327,1,1,0.7478352189064026
5,2023-2024,328,0,1,0.5959782004356384
5,2023-2024,329,1,0,0.23400914669036865
5,2023-2024,330,1,0,0.43744125962257385
5,2023-2024,331,0,1,0.7147350311279297
5,2023-2024,332,0,1,0.5525829195976257
5,2023-2024,333,0,0,0.35348808765411377
5,2023-2024,334,0,0,0.49054834246635437
5,2023-2024,335,0,1,0.6856595873832703
5,2023-2024,336,1,1,0.8502681851387024
5,2023-2024,337,0,1,0.7015904188156128
5,2023-2024,338,0,0,0.43073609471321106
5,2023-2024,339,0,0,0.1495511382818222
5,2023-2024,340,1,0,0.25775158405303955
5,2023-2024,341,0,1,0.5288282632827759
5,2023-2024,342,0,1,0.5677656531333923
5,2023-2024,343,0,1,0.5698875188827515
5,2023-2024,344,0,1,0.7010178565979004
5,2023-2024,345,1,1,0.5376955270767212
5,2023-2024,346,1,1,0.9245964288711548
5,2023-2024,347,1,1,0.9159010648727417
5,2023-2024,348,1,1,0.5464708209037781
5,2023-2024,349,0,1,0.7644989490509033
5,2023-2024,350,1,0,0.4758962392807007
5,2023-2024,351,1,1,0.7837123870849609
5,2023-2024,352,1,1,0.6317752599716187
5,2023-2024,353,1,1,0.8241603374481201
5,2023-2024,354,1,1,0.8796181082725525
5,2023-2024,355,1,0,0.4862716495990753
5,2023-2024,356,1,1,0.8748769760131836
5,2023-2024,357,1,0,0.42815330624580383
5,2023-2024,358,0,0,0.34364423155784607
5,2023-2024,359,1,1,0.5862487554550171
5,2023-2024,360,0,1,0.50583416223526
5,2023-2024,361,1,1,0.704774796962738
5,2023-2024,362,0,0,0.21155351400375366
5,2023-2024,363,1,1,0.7320464849472046
5,2023-2024,364,0,0,0.3306937515735626
5,2023-2024,365,1,1,0.6655871868133545
5,2023-2024,366,1,1,0.639606773853302
5,2023-2024,367,1,0,0.48069193959236145
5,2023-2024,368,1,1,0.8141864538192749
5,2023-2024,369,0,1,0.537531316280365
5,2023-2024,370,1,1,0.6754512190818787
5,2023-2024,371,1,1,0.8474286198616028
5,2023-2024,372,1,1,0.704169750213623
5,2023-2024,373,0,0,0.4833477735519409
5,2023-2024,374,0,1,0.6507975459098816
5,2023-2024,375,0,0,0.22532911598682404
5,2023-2024,376,0,1,0.7392943501472473
5,2023-2024,377,1,1,0.5387363433837891
5,2023-2024,378,0,1,0.5136969685554504
5,2023-2024,379,0,0,0.2854894697666168
5,2023-2024,380,1,0,0.18669946491718292
10,2008-2009,11,1,1,0.7264330983161926
10,2008-2009,12,1,1,0.58664870262146
10,2008-2009,13,0,0,0.1623740941286087
10,2008-2009,14,0,1,0.8401027917861938
10,2008-2009,15,0,1,0.8042795658111572
10,2008-2009,16,0,1,0.6087186336517334
10,2008-2009,17,1,1,0.5072780847549438
10,2008-2009,18,1,1,0.6842091083526611
10,2008-2009,19,0,1,0.5088832974433899
10,2008-2009,20,1,1,0.5254318714141846
10,2008-2009,21,0,0,0.26846247911453247
10,2008-2009,22,1,0,0.22099672257900238
10,2008-2009,23,0,0,0.2938314974308014
10,2008-2009,24,1,0,0.22286972403526306
10,2008-2009,25,1,0,0.14692102372646332
10,2008-2009,26,1,0,0.3640062212944031
10,2008-2009,27,1,1,0.786399781703949
10,2008-2009,28,1,1,0.8292083144187927
10,2008-2009,29,1,1,0.513092577457428
10,2008-2009,30,1,0,0.3425135612487793
10,2008-2009,31,1,1,0.7145308256149292
10,2008-2009,32,1,0,0.48032599687576294
10,2008-2009,33,1,1,0.7728420495986938
10,2008-2009,34,1,1,0.9012857675552368
10,2008-2009,35,1,1,0.7267653942108154
10,2008-2009,36,1,1,0.7540176510810852
10,2008-2009,37,1,1,0.8287835121154785
10,2008-2009,38,1,1,0.84909588098526
10,2008-2009,39,0,1,0.8882945775985718
10,2008-2009,40,0,0,0.4286903738975525
10,2008-2009,41,1,1,0.7240926027297974
10,2008-2009,42,1,1,0.9533233046531677
10,2008-2009,43,1,1,0.7547655701637268
10,2008-2009,44,1,1,0.8591620922088623
10,2008-2009,45,1,1,0.8011159300804138
10,2008-2009,46,1,1,0.7699389457702637
10,2008-2009,47,1,1,0.9633018970489502
10,2008-2009,48,1,1,0.7521461844444275
10,2008-2009,49,1,1,0.8493635058403015
10,2008-2009,50,1,1,0.8808868527412415
10,2008-2009,51,1,1,0.8989644646644592
10,2008-2009,52,0,1,0.8392941951751709
10,2008-2009,53,1,1,0.9509577751159668
10,2008-2009,54,0,0,0.4569418430328369
10,2008-2009,55,0,1,0.8686946630477905
10,2008-2009,56,0,1,0.5992288589477539
10,2008-2009,57,0,1,0.9576019048690796
10,2008-2009,58,1,1,0.9477357268333435
10,2008-2009,59,0,1,0.9588055610656738
10,2008-2009,60,1,1,0.8662219643592834
10,2008-2009,61,0,1,0.6274497509002686
10,2008-2009,62,0,1,0.8514633178710938
10,2008-2009,63,1,1,0.600016176700592
10,2008-2009,64,0,1,0.7269812226295471
10,2008-2009,65,0,1,0.944573700428009
10,2008-2009,66,1,1,0.9144850373268127
10,2008-2009,67,1,1,0.9485065340995789
10,2008-2009,68,0,0,0.28763100504875183
10,2008-2009,69,1,1,0.715024471282959
10,2008-2009,70,0,0,0.3482702970504761
10,2008-2009,71,0,1,0.7885918021202087
10,2008-2009,72,0,1,0.7957161068916321
10,2008-2009,73,1,1,0.9356126189231873
10,2008-2009,74,0,1,0.7718685269355774
10,2008-2009,75,0,0,0.18412789702415466
10,2008-2009,76,1,0,0.09471575915813446
10,2008-2009,77,1,1,0.5500456094741821
10,2008-2009,78,0,1,0.8025824427604675
10,2008-2009,79,1,0,0.35193780064582825
10,2008-2009,80,0,1,0.5472999811172485
10,2008-2009,81,1,0,0.15991036593914032
10,2008-2009,82,0,1,0.7570116519927979
10,2008-2009,83,1,0,0.37496405839920044
10,2008-2009,84,1,1,0.7218335270881653
10,2008-2009,85,1,0,0.32240739464759827
10,2008-2009,86,1,1,0.9011145830154419
10,2008-2009,87,0,0,0.4193781018257141
10,2008-2009,88,1,1,0.7284780144691467
10,2008-2009,89,1,1,0.6228461861610413
10,2008-2009,90,1,1,0.5635040998458862
10,2008-2009,91,1,0,0.3159063458442688
10,2008-2009,92,1,1,0.6829988956451416
10,2008-2009,93,1,1,0.9206188321113586
10,2008-2009,94,1,1,0.9510014653205872
10,2008-2009,95,1,1,0.6014978885650635
10,2008-2009,96,0,0,0.3919452428817749
10,2008-2009,97,1,1,0.9577950835227966
10,2008-2009,98,0,1,0.6968335509300232
10,2008-2009,99,1,1,0.9175207018852234
10,2008-2009,100,1,0,0.39695557951927185
10,2008-2009,101,1,1,0.9076763987541199
10,2008-2009,102,1,0,0.49147486686706543
10,2008-2009,103,1,1,0.9576923251152039
10,2008-2009,104,1,1,0.9190108776092529
10,2008-2009,105,0,0,0.4053233563899994
10,2008-2009,106,1,1,0.9577312469482422
10,2008-2009,107,1,1,0.7683796286582947
10,2008-2009,108,0,0,0.13756603002548218
10,2008-2009,109,1,1,0.9342399835586548
10,2008-2009,110,1,1,0.8649817109107971
10,2008-2009,111,1,1,0.6491801142692566
10,2008-2009,112,1,1,0.6373122334480286
10,2008-2009,113,1,1,0.9560379981994629
10,2008-2009,114,1,1,0.823631763458252
10,2008-2009,115,1,1,0.8152378797531128
10,2008-2009,116,1,1,0.9360463619232178
10,2008-2009,117,1,1,0.9407219886779785
10,2008-2009,118,1,1,0.9488714337348938
10,2008-2009,119,1,1,0.8496586680412292
10,2008-2009,120,0,0,0.2895207107067108
10,2008-2009,121,1,1,0.638201892375946
10,2008-2009,122,0,0,0.4439701437950134
10,2008-2009,123,1,1,0.954480767250061
10,2008-2009,124,1,0,0.17794831097126007
10,2008-2009,125,0,1,0.5781190395355225
10,2008-2009,126,0,0,0.19720225036144257
10,2008-2009,127,0,1,0.9337795972824097
10,2008-2009,128,1,1,0.9513596296310425
10,2008-2009,129,0,0,0.3169897496700287
10,2008-2009,130,1,1,0.9503035545349121
10,2008-2009,131,0,0,0.33934327960014343
10,2008-2009,132,0,0,0.16534963250160217
10,2008-2009,133,1,0,0.3695010542869568
10,2008-2009,134,1,1,0.9552437663078308
10,2008-2009,135,1,1,0.9585945010185242
10,2008-2009,136,0,0,0.14927072823047638
10,2008-2009,137,0,0,0.07589881867170334
10,2008-2009,138,1,1,0.9613292217254639
10,2008-2009,139,0,1,0.9094902873039246
10,2008-2009,140,1,1,0.9568474888801575
10,2008-2009,141,0,0,0.1346411108970642
10,2008-2009,142,0,1,0.57828289270401
10,2008-2009,143,1,0,0.47025805711746216
10,2008-2009,144,1,1,0.885542631149292
10,2008-2009,145,1,1,0.9624442458152771
10,2008-2009,146,1,0,0.3648446202278137
10,2008-2009,147,0,0,0.10609123855829239
10,2008-2009,148,0,0,0.1012318953871727
10,2008-2009,149,1,0,0.30081707239151
10,2008-2009,150,0,0,0.12877099215984344
10,2008-2009,151,1,1,0.9671165943145752
10,2008-2009,152,1,1,0.9597381949424744
10,2008-2009,153,0,1,0.9657490253448486
10,2008-2009,154,1,1,0.9655153751373291
10,2008-2009,155,0,1,0.6867817640304565
10,2008-2009,156,1,1,0.6336396336555481
10,2008-2009,157,1,1,0.9056315422058105
10,2008-2009,158,1,1,0.5491957068443298
10,2008-2009,159,0,0,0.052060049027204514
10,2008-2009,160,1,1,0.9741101264953613
10,2008-2009,161,1,1,0.9744574427604675
10,2008-2009,162,0,1,0.8292500376701355
10,2008-2009,163,1,1,0.975453794002533
10,2008-2009,164,1,1,0.6459447741508484
10,2008-2009,165,1,1,0.8711087107658386
10,2008-2009,166,1,1,0.8866525292396545
10,2008-2009,167,1,1,0.9445209503173828
10,2008-2009,168,1,1,0.9156205654144287
10,2008-2009,169,1,1,0.8904911875724792
10,2008-2009,170,1,1,0.9800899028778076
10,2008-2009,171,0,0,0.39936867356300354
10,2008-2009,172,1,1,0.9777092933654785
10,2008-2009,173,0,0,0.10759671032428741
10,2008-2009,174,1,1,0.9789531230926514
10,2008-2009,175,0,1,0.9813575744628906
10,2008-2009,176,1,1,0.8509084582328796
10,2008-2009,177,0,1,0.8110970854759216
10,2008-2009,178,1,1,0.929628849029541
10,2008-2009,179,1,1,0.9574983716011047
10,2008-2009,180,1,0,0.06338093429803848
10,2008-2009,181,1,1,0.6220964789390564
10,2008-2009,182,1,1,0.7167543172836304
10,2008-2009,183,0,0,0.0889088362455368
10,2008-2009,184,1,0,0.28366923332214355
10,2008-2009,185,1,1,0.851134181022644
10,2008-2009,186,0,0,0.35975655913352966
10,2008-2009,187,0,0,0.3382136821746826
10,2008-2009,188,0,0,0.08582887798547745
10,2008-2009,189,0,0,0.05975157767534256
10,2008-2009,190,0,0,0.08064859360456467
10,2008-2009,191,0,0,0.08218194544315338
10,2008-2009,192,1,1,0.9511212706565857
10,2008-2009,193,0,1,0.7333809733390808
10,2008-2009,194,1,1,0.8322343230247498
10,2008-2009,195,0,0,0.08305760473012924
10,2008-2009,196,1,1,0.9570676684379578
10,2008-2009,197,1,1,0.8640105128288269
10,2008-2009,198,1,1,0.979089617729187
10,2008-2009,199,0,0,0.03869015723466873
10,2008-2009,200,1,1,0.907304584980011
10,2008-2009,201,1,1,0.8849900364875793
10,2008-2009,202,0,0,0.43186837434768677
10,2008-2009,203,0,1,0.936831533908844
10,2008-2009,204,0,1,0.6711296439170837
10,2008-2009,205,1,1,0.6869477033615112
10,2008-2009,206,1,1,0.6966003179550171
10,2008-2009,207,0,1,0.93886798620224
10,2008-2009,208,1,0,0.44593650102615356
10,2008-2009,209,1,1,0.8938777446746826
10,2008-2009,210,1,1,0.8441532850265503
10,2008-2009,211,1,1,0.9013308882713318
10,2008-2009,212,1,1,0.8567913770675659
10,2008-2009,213,0,1,0.9351056218147278
10,2008-2009,214,1,0,0.4640143811702728
10,2008-2009,215,1,0,0.25936734676361084
10,2008-2009,216,0,1,0.5016384124755859
10,2008-2009,217,1,1,0.6753409504890442
10,2008-2009,218,1,1,0.7395176887512207
10,2008-2009,219,1,0,0.4931081533432007
10,2008-2009,220,1,1,0.9124014377593994
10,2008-2009,221,1,1,0.8206062316894531
10,2008-2009,222,0,1,0.5667163729667664
10,2008-2009,223,0,1,0.5884494185447693
10,2008-2009,224,0,1,0.7230320572853088
10,2008-2009,225,1,1,0.608665406703949
10,2008-2009,226,1,0,0.4222452640533447
10,2009-2010,11,0,1,0.8999999761581421
10,2009-2010,12,0,1,0.8181818127632141
10,2009-2010,13,0,1,0.756499171257019
10,2009-2010,14,0,1,0.7213843464851379
10,2009-2010,15,1,1,0.6065614223480225
10,2009-2010,16,1,1,0.819421648979187
10,2009-2010,17,1,1,0.8415970802307129
10,2009-2010,18,1,1,0.5402275919914246
10,2009-2010,19,0,1,0.7761421203613281
10,2009-2010,20,0,1,0.6860285997390747
10,2009-2010,21,1,1,0.8584243059158325
10,2009-2010,22,0,1,0.8850376605987549
10,2009-2010,23,1,1,0.8812030553817749
10,2009-2010,24,0,1,0.8245757818222046
10,2009-2010,25,0,1,0.7550945281982422
10,2009-2010,26,1,1,0.7877561450004578
10,2009-2010,27,1,1,0.7422935962677002
10,2009-2010,28,1,1,0.7718871831893921
10,2009-2010,29,1,1,0.9441991448402405
10,2009-2010,30,1,1,0.7785640954971313
10,2009-2010,31,1,1,0.9401992559432983
10,2009-2010,32,1,1,0.9648670554161072
10,2009-2010,33,1,1,0.6848535537719727
10,2009-2010,34,0,1,0.5774715542793274
10,2009-2010,35,1,1,0.5150373578071594
10,2009-2010,36,0,1,0.8970474004745483
10,2009-2010,37,1,1,0.9538806676864624
10,2009-2010,38,1,1,0.6727595329284668
10,2009-2010,39,1,1,0.6851220726966858
10,2009-2010,40,1,1,0.8517922163009644
10,2009-2010,41,1,1,0.8402160406112671
10,2009-2010,42,0,1,0.9558606147766113
10,2009-2010,43,1,1,0.7909201383590698
10,2009-2010,44,1,1,0.8856688141822815
10,2009-2010,45,1,1,0.868728756904602
10,2009-2010,46,0,0,0.3926718235015869
10,2009-2010,47,1,1,0.7631663084030151
10,2009-2010,48,1,1,0.8912627696990967
10,2009-2010,49,1,1,0.9095250964164734
10,2009-2010,50,0,1,0.8542786240577698
10,2009-2010,51,1,0,0.46423110365867615
10,2009-2010,52,1,0,0.41988733410835266
10,2009-2010,53,1,1,0.8226197957992554
10,2009-2010,54,0,1,0.8319723010063171
10,2009-2010,55,1,1,0.9053804874420166
10,2009-2010,56,0,1,0.7926096320152283
10,2009-2010,57,1,1,0.8572237491607666
10,2009-2010,58,0,1,0.9633967876434326
10,2009-2010,59,1,1,0.8839511275291443
10,2009-2010,60,0,0,0.35563671588897705
10,2009-2010,61,1,1,0.6466760635375977
10,2009-2010,62,0,1,0.9177084565162659
10,2009-2010,63,1,0,0.3941824734210968
10,2009-2010,64,0,0,0.12173210084438324
10,2009-2010,65,1,1,0.8577226400375366
10,2009-2010,66,1,1,0.8756970763206482
10,2009-2010,67,1,1,0.7286815047264099
10,2009-2010,68,1,1,0.9143579602241516
10,2009-2010,69,1,1,0.9064192175865173
10,2009-2010,70,0,1,0.8329066038131714
10,2009-2010,71,0,1,0.7903748750686646
10,2009-2010,72,1,0,0.15818774700164795
10,2009-2010,73,0,0,0.12510517239570618
10,2009-2010,74,1,0,0.2521812319755554
10,2009-2010,75,1,1,0.9175184369087219
10,2009-2010,76,1,0,0.40528982877731323
10,2009-2010,77,1,1,0.8886147737503052
10,2009-2010,78,1,1,0.9169921278953552
10,2009-2010,79,1,0,0.10523350536823273
10,2009-2010,80,1,1,0.6626133322715759
10,2009-2010,81,1,1,0.8859851360321045
10,2009-2010,82,1,1,0.7620355486869812
10,2009-2010,83,1,1,0.9250636696815491
10,2009-2010,84,1,1,0.9140028953552246
10,2009-2010,85,0,1,0.5985537767410278
10,2009-2010,86,1,1,0.7677432298660278
10,2009-2010,87,1,1,0.8013968467712402
10,2009-2010,88,0,0,0.3825688660144806
10,2009-2010,89,0,1,0.6619014739990234
10,2009-2010,90,1,1,0.7577502727508545
10,2009-2010,91,1,1,0.5253556370735168
10,2009-2010,92,1,1,0.8027870059013367
10,2009-2010,93,0,1,0.554934561252594
10,2009-2010,94,1,1,0.9380475282669067
10,2009-2010,95,0,0,0.3777150809764862
10,2009-2010,96,0,1,0.7093146443367004
10,2009-2010,97,0,0,0.19672377407550812
10,2009-2010,98,1,0,0.27130556106567383
10,2009-2010,99,1,1,0.8663941025733948
10,2009-2010,100,1,1,0.950192928314209
10,2009-2010,101,0,1,0.8960950374603271
10,2009-2010,102,1,1,0.923297643661499
10,2009-2010,103,1,1,0.8515273332595825
10,2009-2010,104,1,1,0.6893905997276306
10,2009-2010,105,1,1,0.873846173286438
10,2009-2010,106,0,1,0.8674615025520325
10,2009-2010,107,0,1,0.806520402431488
10,2009-2010,108,1,1,0.8355088829994202
10,2009-2010,109,1,1,0.6340363621711731
10,2009-2010,110,1,1,0.9287052154541016
10,2009-2010,111,0,1,0.5111720561981201
10,2009-2010,112,1,1,0.8296261429786682
10,2009-2010,113,0,0,0.25384336709976196
10,2009-2010,114,1,1,0.5418283939361572
10,2009-2010,115,0,0,0.26538458466529846
10,2009-2010,116,1,1,0.9195661544799805
10,2009-2010,117,1,0,0.2611078917980194
10,2009-2010,118,1,1,0.9567636251449585
10,2009-2010,119,0,0,0.11454766988754272
10,2009-2010,120,0,1,0.7086899280548096
10,2009-2010,121,1,1,0.9713049530982971
10,2009-2010,122,1,0,0.2234768569469452
10,2009-2010,123,1,1,0.8635839819908142
10,2009-2010,124,0,0,0.11664201319217682
10,2009-2010,125,1,1,0.5747620463371277
10,2009-2010,126,0,1,0.8403436541557312
10,2009-2010,127,1,1,0.8476811647415161
10,2009-2010,128,1,1,0.9448823928833008
10,2009-2010,129,1,1,0.5718736052513123
10,2009-2010,130,1,1,0.7201616168022156
10,2009-2010,131,1,1,0.7561666369438171
10,2009-2010,132,1,0,0.4038708806037903
10,2009-2010,133,0,1,0.9014851450920105
10,2009-2010,134,0,1,0.8723962306976318
10,2009-2010,135,1,1,0.5119035840034485
10,2009-2010,136,0,1,0.7719763517379761
10,2009-2010,137,0,1,0.7728825211524963
10,2009-2010,138,0,1,0.6549829840660095
10,2009-2010,139,1,1,0.8958810567855835
10,2009-2010,140,1,1,0.8424539566040039
10,2009-2010,141,1,1,0.6356135010719299
10,2009-2010,142,0,1,0.9037901759147644
10,2009-2010,143,0,1,0.7762777805328369
10,2009-2010,144,1,1,0.6381855010986328
10,2009-2010,145,1,1,0.9118624329566956
10,2009-2010,146,1,1,0.798622727394104
10,2009-2010,147,1,1,0.8783703446388245
10,2009-2010,148,1,1,0.8183954358100891
10,2009-2010,149,0,1,0.5107256770133972
10,2009-2010,150,1,1,0.7359735369682312
10,2009-2010,151,1,1,0.8345644474029541
10,2011-2012,11,1,1,0.5797528624534607
10,2011-2012,12,1,1,0.7061113119125366
10,2011-2012,13,0,0,0.4947436451911926
10,2011-2012,14,1,0,0.3897811472415924
10,2011-2012,15,1,1,0.5972851514816284
10,2011-2012,16,0,0,0.4599651098251343
10,2011-2012,17,1,1,0.789254367351532
10,2011-2012,18,1,0,0.24826325476169586
10,2011-2012,19,0,1,0.8406865000724792
10,2011-2012,20,1,1,0.8995497226715088
10,2011-2012,21,1,0,0.30790936946868896
10,2011-2012,22,0,0,0.20137178897857666
10,2011-2012,23,1,1,0.9281023740768433
10,2011-2012,24,0,0,0.4944232404232025
10,2011-2012,25,0,1,0.936314582824707
10,2011-2012,26,1,1,0.830692708492279
10,2011-2012,27,1,1,0.8810326457023621
10,2011-2012,28,1,1,0.6773256659507751
10,2011-2012,29,1,1,0.5152201652526855
10,2011-2012,30,0,0,0.10129903256893158
10,2011-2012,31,1,0,0.22831380367279053
10,2011-2012,32,1,0,0.3728790879249573
10,2011-2012,33,0,1,0.8928011655807495
10,2011-2012,34,1,1,0.9002374410629272
10,2011-2012,35,0,1,0.547994077205658
10,2011-2012,36,0,1,0.7597745656967163
10,2011-2012,37,0,0,0.2635021507740021
10,2011-2012,38,1,0,0.09234101325273514
10,2011-2012,39,0,0,0.1575561910867691
10,2011-2012,40,1,0,0.07818685472011566
10,2011-2012,41,1,0,0.3071853220462799
10,2011-2012,42,0,1,0.7362458109855652
10,2011-2012,43,1,1,0.8394704461097717
10,2011-2012,44,1,0,0.2788720428943634
10,2011-2012,45,1,1,0.9474227428436279
10,2011-2012,46,1,1,0.6382231116294861
10,2011-2012,47,1,0,0.4061432182788849
10,2011-2012,48,1,1,0.9551252126693726
10,2011-2012,49,1,1,0.9595450758934021
10,2011-2012,50,0,1,0.8197130560874939
10,2011-2012,51,0,1,0.8171375393867493
10,2011-2012,52,0,1,0.893542468547821
10,2011-2012,53,1,1,0.9414425492286682
10,2011-2012,54,1,0,0.33939188718795776
10,2011-2012,55,1,1,0.9502806067466736
10,2011-2012,56,1,1,0.9585726261138916
10,2011-2012,57,0,0,0.25897127389907837
10,2011-2012,58,1,1,0.9636735916137695
10,2011-2012,59,1,1,0.6639649868011475
10,2011-2012,60,1,0,0.09867607057094574
10,2011-2012,61,0,1,0.7679978013038635
10,2011-2012,62,1,1,0.9616542458534241
10,2011-2012,63,1,1,0.940543532371521
10,2011-2012,64,1,1,0.9720074534416199
10,2011-2012,65,0,0,0.2864314019680023
10,2011-2012,66,1,1,0.9724454283714294
10,2011-2012,67,1,1,0.9751396775245667
10,2011-2012,68,1,1,0.7384968996047974
10,2011-2012,69,1,1,0.9055864214897156
10,2011-2012,70,0,0,0.22018671035766602
10,2011-2012,71,0,1,0.7239103317260742
10,2011-2012,72,0,1,0.7355146408081055
10,2011-2012,73,0,0,0.0642412081360817
10,2011-2012,74,1,1,0.7064075469970703
10,2011-2012,75,1,0,0.488939106464386
10,2011-2012,76,0,0,0.25331252813339233
10,2011-2012,77,1,1,0.9546301364898682
10,2011-2012,78,1,1,0.5243332982063293
10,2011-2012,79,0,1,0.7385215163230896
10,2011-2012,80,0,0,0.42661789059638977
10,2011-2012,81,1,1,0.7651288509368896
10,2011-2012,82,1,0,0.23071162402629852
10,2011-2012,83,1,0,0.45487430691719055
10,2011-2012,84,1,1,0.9715701937675476
10,2011-2012,85,1,1,0.9771360158920288
10,2011-2012,86,1,1,0.5947076082229614
10,2011-2012,87,1,1,0.6548149585723877
10,2011-2012,88,1,1,0.8164317607879639
10,2011-2012,89,1,1,0.9794897437095642
10,2011-2012,90,1,1,0.9825457334518433
10,2011-2012,91,1,1,0.9802693724632263
10,2011-2012,92,1,1,0.5854624509811401
10,2011-2012,93,1,1,0.9847438931465149
10,2011-2012,94,0,1,0.9705296158790588
10,2011-2012,95,0,1,0.5549485087394714
10,2011-2012,96,1,1,0.9658344388008118
10,2011-2012,97,0,0,0.06673847138881683
10,2011-2012,98,1,1,0.9635598063468933
10,2011-2012,99,1,1,0.976847767829895
10,2011-2012,100,0,1,0.6808910965919495
10,2011-2012,101,0,1,0.5323187708854675
10,2011-2012,102,1,1,0.5962100625038147
10,2011-2012,103,1,1,0.6893678903579712
10,2011-2012,104,0,0,0.46381160616874695
10,2011-2012,105,1,1,0.9721407294273376
10,2011-2012,106,1,1,0.9690594673156738
10,2011-2012,107,1,1,0.9721634387969971
10,2011-2012,108,0,1,0.6342737674713135
10,2011-2012,109,0,1,0.9771296381950378
10,2011-2012,110,1,1,0.9355248212814331
10,2011-2012,111,1,1,0.962607204914093
10,2011-2012,112,0,1,0.649369478225708
10,2011-2012,113,0,0,0.2123880237340927
10,2011-2012,114,1,1,0.7509400844573975
10,2011-2012,115,0,1,0.8739737272262573
10,2011-2012,116,0,0,0.19495128095149994
10,2011-2012,117,1,0,0.4353258013725281
10,2011-2012,118,1,1,0.7778091430664062
10,2011-2012,119,0,0,0.24448519945144653
10,2011-2012,120,1,1,0.9390419125556946
10,2011-2012,121,1,1,0.8320964574813843
10,2011-2012,122,1,1,0.9667186141014099
10,2011-2012,123,1,1,0.742211103439331
10,2011-2012,124,1,1,0.8800173401832581
10,2011-2012,125,1,0,0.35493284463882446
10,2011-2012,126,1,0,0.12235657125711441
10,2011-2012,127,0,1,0.9428512454032898
10,2011-2012,128,1,1,0.8727438449859619
10,2011-2012,129,1,1,0.8638171553611755
10,2011-2012,130,0,0,0.1637660264968872
10,2011-2012,131,1,1,0.9101940989494324
10,2011-2012,132,1,1,0.6888778805732727
10,2011-2012,133,0,0,0.07973707467317581
10,2011-2012,134,1,1,0.9263799786567688
10,2011-2012,135,1,1,0.6838128566741943
10,2011-2012,136,1,1,0.9226967692375183
10,2011-2012,137,1,1,0.6631994247436523
10,2011-2012,138,0,1,0.6453337669372559
10,2011-2012,139,1,1,0.8731807470321655
10,2011-2012,140,1,0,0.26604828238487244
10,2011-2012,141,0,1,0.9723195433616638
10,2011-2012,142,0,1,0.8484053015708923
10,2011-2012,143,1,1,0.8852068781852722
10,2011-2012,144,0,1,0.6379389762878418
10,2011-2012,145,1,0,0.354989618062973
10,2011-2012,146,1,1,0.6085087060928345
10,2011-2012,147,1,1,0.9124962091445923
10,2011-2012,148,0,1,0.816801130771637
10,2011-2012,149,0,0,0.4241473972797394
10,2011-2012,150,1,1,0.6911953091621399
10,2011-2012,151,1,1,0.941706657409668
10,2011-2012,152,0,1,0.8698275089263916
10,2011-2012,153,1,1,0.9077977538108826
10,2011-2012,154,1,0,0.448780357837677
10,2011-2012,155,1,1,0.909232497215271
10,2011-2012,156,1,1,0.6600210070610046
10,2011-2012,157,1,1,0.8364554643630981
10,2011-2012,158,1,1,0.805436372756958
10,2011-2012,159,1,0,0.29619738459587097
10,2011-2012,160,1,1,0.9547111988067627
10,2011-2012,161,0,1,0.7643896341323853
10,2011-2012,162,0,1,0.9105440378189087
10,2011-2012,163,1,1,0.7019622325897217
10,2011-2012,164,0,0,0.40133723616600037
10,2011-2012,165,1,1,0.9587860703468323
10,2012-2013,11,1,0,0.4461936354637146
10,2012-2013,12,1,1,0.8046184778213501
10,2012-2013,13,1,1,0.8746436834335327
10,2012-2013,14,0,1,0.8383890986442566
10,2012-2013,15,0,1,0.8598908185958862
10,2012-2013,16,1,1,0.5453321933746338
10,2012-2013,17,1,1,0.758712112903595
10,2012-2013,18,0,1,0.8321158289909363
10,2012-2013,19,1,1,0.5661691427230835
10,2012-2013,20,1,1,0.9195464253425598
10,2012-2013,21,1,1,0.9312368631362915
10,2012-2013,22,1,1,0.5859181880950928
10,2012-2013,23,0,1,0.9168745279312134
10,2012-2013,24,1,1,0.7711003422737122
10,2012-2013,25,1,1,0.752610445022583
10,2012-2013,26,1,1,0.7741299271583557
10,2012-2013,27,1,1,0.6932545900344849
10,2012-2013,28,0,0,0.26233670115470886
10,2012-2013,29,1,1,0.7395386695861816
10,2012-2013,30,1,1,0.8669301867485046
10,2012-2013,31,0,0,0.4859696626663208
10,2012-2013,32,0,0,0.3956533670425415
10,2012-2013,33,1,1,0.9063059091567993
10,2012-2013,34,1,1,0.6769126653671265
10,2012-2013,35,1,1,0.9822158813476562
10,2012-2013,36,1,1,0.9819722771644592
10,2012-2013,37,0,0,0.3557754158973694
10,2012-2013,38,0,1,0.9679802656173706
10,2012-2013,39,0,1,0.9507458806037903
10,2012-2013,40,1,0,0.20938082039356232
10,2012-2013,41,0,0,0.1334674060344696
10,2012-2013,42,1,0,0.09477725625038147
10,2012-2013,43,0,0,0.4394893944263458
10,2012-2013,44,0,1,0.8817366361618042
10,2012-2013,45,1,1,0.9066890478134155
10,2012-2013,46,1,1,0.9543270468711853
10,2012-2013,47,1,1,0.9611172080039978
10,2012-2013,48,1,1,0.961188554763794
10,2012-2013,49,0,0,0.2881111204624176
10,2012-2013,50,0,1,0.9378573894500732
10,2012-2013,51,1,1,0.592272937297821
10,2012-2013,52,1,0,0.45939093828201294
10,2012-2013,53,1,1,0.7187610268592834
10,2012-2013,54,0,1,0.9375929236412048
10,2012-2013,55,1,1,0.7939651012420654
10,2012-2013,56,1,1,0.7506119608879089
10,2012-2013,57,1,1,0.6338211894035339
10,2012-2013,58,1,0,0.3748249411582947
10,2012-2013,59,0,1,0.7082676887512207
10,2012-2013,60,1,1,0.8167120814323425
10,2012-2013,61,1,1,0.9613651633262634
10,2012-2013,62,0,1,0.8784465789794922
10,2012-2013,63,1,1,0.9204404354095459
10,2012-2013,64,0,1,0.8186965584754944
10,2012-2013,65,0,1,0.9703319668769836
10,2012-2013,66,1,0,0.3311097025871277
10,2012-2013,67,1,1,0.8163335919380188
10,2012-2013,68,0,1,0.8806405067443848
10,2012-2013,69,0,1,0.6728233098983765
10,2012-2013,70,0,1,0.5141448974609375
10,2012-2013,71,1,0,0.41925615072250366
10,2012-2013,72,0,1,0.7825979590415955
10,2012-2013,73,0,1,0.6618279218673706
10,2012-2013,74,0,1,0.6790241003036499
10,2012-2013,75,0,1,0.5503789186477661
10,2012-2013,76,1,0,0.38666659593582153
10,2012-2013,77,1,0,0.476985901594162
10,2012-2013,78,1,0,0.30008912086486816
10,2012-2013,79,0,1,0.6045846939086914
10,2012-2013,80,0,1,0.8419111967086792
10,2012-2013,81,0,1,0.7775083184242249
10,2012-2013,82,0,0,0.39267244935035706
10,2012-2013,83,0,0,0.29408568143844604
10,2012-2013,84,0,1,0.8831889629364014
10,2012-2013,85,0,0,0.38441017270088196
10,2012-2013,86,1,1,0.5604933500289917
10,2012-2013,87,1,0,0.17612071335315704
10,2012-2013,88,1,0,0.2905518710613251
10,2012-2013,89,1,0,0.4897836148738861
10,2012-2013,90,0,0,0.2608661949634552
10,2012-2013,91,0,1,0.7987871170043945
10,2012-2013,92,1,1,0.8366166353225708
10,2012-2013,93,1,0,0.49022334814071655
10,2012-2013,94,1,1,0.5605155229568481
10,2012-2013,95,0,1,0.7582938075065613
10,2012-2013,96,0,0,0.30227136611938477
10,2012-2013,97,1,1,0.6470070481300354
10,2012-2013,98,1,0,0.4939385652542114
10,2012-2013,99,1,1,0.8066302537918091
10,2012-2013,100,1,1,0.550495982170105
10,2012-2013,101,1,1,0.8425737619400024
10,2012-2013,102,1,1,0.7044668793678284
10,2012-2013,103,1,1,0.7778056859970093
10,2012-2013,104,1,1,0.6637980341911316
10,2012-2013,105,0,0,0.16304323077201843
10,2012-2013,106,0,0,0.46699583530426025
10,2012-2013,107,1,0,0.49095359444618225
10,2012-2013,108,1,0,0.4318191111087799
10,2012-2013,109,0,0,0.4319586753845215
10,2012-2013,110,0,1,0.5827749967575073
10,2012-2013,111,1,0,0.23813675343990326
10,2012-2013,112,0,0,0.2271656095981598
10,2012-2013,113,0,1,0.8594262003898621
10,2012-2013,114,1,1,0.5922328233718872
10,2012-2013,115,0,1,0.5767263770103455
10,2012-2013,116,0,1,0.5864477157592773
10,2012-2013,117,0,0,0.22227467596530914
10,2012-2013,118,1,0,0.3644062280654907
10,2012-2013,119,1,1,0.5456311702728271
10,2012-2013,120,0,0,0.46456652879714966
10,2012-2013,121,1,1,0.6281576752662659
10,2012-2013,122,1,0,0.15872901678085327
10,2012-2013,123,0,0,0.2437865138053894
10,2012-2013,124,1,0,0.3476617932319641
10,2012-2013,125,0,0,0.15520122647285461
10,2012-2013,126,1,1,0.7163499593734741
10,2012-2013,127,1,1,0.5214681029319763
10,2012-2013,128,1,1,0.5022563338279724
10,2012-2013,129,1,1,0.8164255023002625
10,2012-2013,130,0,1,0.8319038152694702
10,2012-2013,131,1,1,0.604099690914154
10,2012-2013,132,1,1,0.5206326842308044
10,2012-2013,133,1,0,0.2720247507095337
10,2012-2013,134,0,1,0.6327160596847534
10,2012-2013,135,1,1,0.752134382724762
10,2012-2013,136,1,0,0.25110340118408203
10,2012-2013,137,1,1,0.7019851803779602
10,2012-2013,138,1,1,0.597720742225647
10,2012-2013,139,1,1,0.6926806569099426
10,2012-2013,140,1,0,0.3451625406742096
10,2012-2013,141,0,1,0.883643388748169
10,2012-2013,142,1,1,0.7104941606521606
10,2012-2013,143,0,0,0.29771631956100464
10,2012-2013,144,0,0,0.29816877841949463
10,2012-2013,145,1,1,0.8804358839988708
10,2012-2013,146,1,1,0.8424109816551208
10,2012-2013,147,1,1,0.5903292298316956
10,2012-2013,148,1,1,0.670516312122345
10,2012-2013,149,0,0,0.4941168427467346
10,2012-2013,150,0,1,0.5562883019447327
10,2012-2013,151,1,1,0.7431566715240479
10,2012-2013,152,0,1,0.6102727651596069
10,2012-2013,153,1,1,0.7604361176490784
10,2012-2013,154,1,0,0.22093959152698517
10,2012-2013,155,1,1,0.7922048568725586
10,2012-2013,156,1,1,0.8229587078094482
10,2012-2013,157,0,1,0.5203263163566589
10,2012-2013,158,1,1,0.7619194388389587
10,2012-2013,159,1,1,0.6706109642982483
10,2012-2013,160,1,0,0.13466709852218628
10,2012-2013,161,0,0,0.4048110842704773
10,2012-2013,162,0,1,0.5743376016616821
10,2012-2013,163,1,0,0.31121501326560974
10,2012-2013,164,1,0,0.479031503200531
10,2012-2013,165,1,1,0.5700493454933167
10,2012-2013,166,1,1,0.6911497712135315
10,2012-2013,167,0,0,0.3698731064796448
10,2012-2013,168,1,1,0.647968053817749
10,2012-2013,169,1,1,0.8680965304374695
10,2012-2013,170,1,1,0.9054737687110901
10,2012-2013,171,0,1,0.5384069085121155
10,2012-2013,172,1,1,0.7706745862960815
10,2012-2013,173,0,0,0.21133247017860413
10,2012-2013,174,1,0,0.442025363445282
10,2012-2013,175,0,1,0.6485547423362732
10,2012-2013,176,0,1,0.8466159105300903
10,2012-2013,177,0,0,0.43834736943244934
10,2012-2013,178,1,1,0.612744152545929
10,2012-2013,179,0,0,0.3567770719528198
10,2012-2013,180,0,0,0.46650561690330505
10,2012-2013,181,0,0,0.3887169361114502
10,2012-2013,182,1,1,0.8720331192016602
10,2012-2013,183,0,0,0.1911235898733139
10,2012-2013,184,0,0,0.3180489242076874
10,2012-2013,185,1,0,0.33399856090545654
10,2012-2013,186,0,1,0.6846399903297424
10,2012-2013,187,0,1,0.6064125299453735
10,2012-2013,188,1,0,0.3919285535812378
10,2012-2013,189,0,1,0.6886383891105652
10,2012-2013,190,1,0,0.4897068738937378
10,2012-2013,191,1,1,0.8613235950469971
10,2012-2013,192,0,1,0.7605313658714294
10,2012-2013,193,0,0,0.4891681671142578
10,2012-2013,194,1,0,0.4328781068325043
10,2012-2013,195,1,0,0.4606717526912689
10,2012-2013,196,0,1,0.5866252779960632
10,2012-2013,197,1,1,0.6585831642150879
10,2012-2013,198,0,0,0.4391730725765228
10,2012-2013,199,1,1,0.5613418817520142
10,2012-2013,200,0,0,0.2454557716846466
10,2012-2013,201,1,0,0.41858869791030884
10,2012-2013,202,1,1,0.7240003943443298
10,2012-2013,203,0,0,0.34663841128349304
10,2012-2013,204,1,1,0.852838933467865
10,2012-2013,205,1,1,0.5107123255729675
10,2012-2013,206,1,1,0.6538788676261902
10,2012-2013,207,0,0,0.17385351657867432
10,2012-2013,208,1,0,0.4153381884098053
10,2012-2013,209,0,0,0.4877450466156006
10,2012-2013,210,0,0,0.44676870107650757
10,2012-2013,211,1,0,0.3675698935985565
10,2012-2013,212,0,0,0.1318248063325882
10,2012-2013,213,0,1,0.8574995994567871
10,2012-2013,214,1,1,0.8826401233673096
10,2012-2013,215,1,1,0.8022835850715637
10,2012-2013,216,0,0,0.11470532417297363
10,2012-2013,217,1,0,0.1911659687757492
10,2012-2013,218,1,0,0.3262404799461365
10,2012-2013,219,1,0,0.30345669388771057
10,2012-2013,220,0,1,0.6821488738059998
10,2012-2013,221,0,1,0.7578936815261841
10,2012-2013,222,0,0,0.24888387322425842
10,2012-2013,223,1,0,0.3995489180088043
10,2012-2013,224,0,1,0.6156663298606873
10,2012-2013,225,0,0,0.2205372452735901
10,2012-2013,226,1,1,0.6336732506752014
10,2012-2013,227,1,1,0.6874380111694336
10,2012-2013,228,1,0,0.23852495849132538
10,2012-2013,229,0,1,0.6874557137489319
10,2012-2013,230,1,0,0.4645773768424988
10,2012-2013,231,1,1,0.6191989779472351
10,2012-2013,232,1,1,0.9203399419784546
10,2012-2013,233,1,0,0.3199899196624756
10,2012-2013,234,1,1,0.6837246417999268
10,2012-2013,235,1,1,0.7687779068946838
10,2012-2013,236,1,1,0.9297106266021729
10,2012-2013,237,1,1,0.7986174821853638
10,2012-2013,238,1,1,0.73741215467453
10,2012-2013,239,1,1,0.773784875869751
10,2012-2013,240,1,1,0.5306339263916016
10,2012-2013,241,1,1,0.5290164351463318
10,2012-2013,242,0,1,0.6834118962287903
10,2012-2013,243,0,0,0.4481329917907715
10,2012-2013,244,0,0,0.24549007415771484
10,2012-2013,245,1,0,0.46718013286590576
10,2012-2013,246,1,1,0.7243107557296753
10,2012-2013,247,0,1,0.7919813394546509
10,2012-2013,248,0,1,0.7223405838012695
10,2012-2013,249,1,1,0.9413813948631287
10,2012-2013,250,0,0,0.30790188908576965
10,2012-2013,251,1,1,0.549285888671875
10,2012-2013,252,1,1,0.5473503470420837
10,2012-2013,253,1,1,0.7136499285697937
10,2012-2013,254,0,0,0.34360384941101074
10,2012-2013,255,0,0,0.47502318024635315
10,2012-2013,256,0,1,0.7896779179573059
10,2012-2013,257,0,0,0.282308965921402
10,2012-2013,258,1,1,0.674534261226654
10,2012-2013,259,0,0,0.24844622611999512
10,2012-2013,260,0,0,0.32205650210380554
10,2012-2013,261,1,0,0.36833134293556213
10,2012-2013,262,1,1,0.9182611107826233
10,2012-2013,263,1,1,0.6147775053977966
10,2012-2013,264,1,1,0.6050650477409363
10,2012-2013,265,0,0,0.3080936074256897
10,2012-2013,266,1,0,0.40241000056266785
10,2012-2013,267,1,1,0.7380021810531616
10,2012-2013,268,1,1,0.5410150289535522
10,2012-2013,269,1,1,0.8678591251373291
10,2012-2013,270,1,1,0.6925720572471619
10,2012-2013,271,1,1,0.7992111444473267
10,2012-2013,272,1,1,0.5009250640869141
10,2012-2013,273,1,1,0.5909920930862427
10,2012-2013,274,0,1,0.607153594493866
10,2012-2013,275,1,1,0.9234237670898438
10,2012-2013,276,0,0,0.363386332988739
10,2012-2013,277,0,0,0.3832530677318573
10,2012-2013,278,0,1,0.91234290599823
10,2012-2013,279,1,1,0.6419195532798767
10,2012-2013,280,1,1,0.505702793598175
10,2012-2013,281,0,1,0.6192455887794495
10,2012-2013,282,1,1,0.7481436729431152
10,2012-2013,283,1,1,0.5868299007415771
10,2012-2013,284,0,0,0.31186896562576294
10,2012-2013,285,0,1,0.6558175086975098
10,2012-2013,286,1,1,0.8992836475372314
10,2012-2013,287,1,1,0.7391771674156189
10,2012-2013,288,1,1,0.7047211527824402
10,2012-2013,289,1,0,0.3692707419395447
10,2012-2013,290,1,1,0.9300479292869568
10,2012-2013,291,1,1,0.8040582537651062
10,2012-2013,292,1,1,0.9455081820487976
10,2012-2013,293,0,1,0.558481752872467
10,2012-2013,294,0,1,0.7927526235580444
10,2012-2013,295,1,1,0.9471657872200012
10,2012-2013,296,1,1,0.5208726525306702
10,2012-2013,297,0,1,0.6671248078346252
10,2012-2013,298,1,0,0.44029200077056885
10,2012-2013,299,1,1,0.9393765330314636
10,2012-2013,300,1,1,0.6898776888847351
10,2012-2013,301,1,1,0.8810652494430542
10,2012-2013,302,1,1,0.9516154527664185
10,2012-2013,303,1,1,0.9588268995285034
10,2012-2013,304,1,1,0.9365687966346741
10,2012-2013,305,1,1,0.9604073762893677
10,2012-2013,306,1,1,0.9662394523620605
10,2012-2013,307,0,1,0.9779438972473145
10,2012-2013,308,1,1,0.5705603957176208
10,2012-2013,309,0,1,0.7258142232894897
10,2012-2013,310,1,1,0.6762407422065735
10,2012-2013,311,0,1,0.9441099762916565
10,2012-2013,312,0,1,0.699641764163971
10,2012-2013,313,1,1,0.7210341691970825
10,2012-2013,314,1,1,0.6430855989456177
10,2012-2013,315,0,1,0.6776732206344604
10,2012-2013,316,0,1,0.6219511032104492
10,2012-2013,317,1,0,0.281002014875412
10,2012-2013,318,1,1,0.9202824234962463
10,2012-2013,319,1,1,0.9385947585105896
10,2012-2013,320,0,1,0.8476560711860657
10,2012-2013,321,1,0,0.3149458169937134
10,2012-2013,322,1,1,0.9103108048439026
10,2012-2013,323,1,1,0.9515669345855713
10,2012-2013,324,0,1,0.7970974445343018
10,2012-2013,325,1,0,0.45720386505126953
10,2012-2013,326,1,1,0.6995479464530945
10,2012-2013,327,1,0,0.4539758861064911
10,2012-2013,328,0,0,0.4293515980243683
10,2012-2013,329,0,1,0.9285593628883362
10,2012-2013,330,1,1,0.5837143659591675
10,2012-2013,331,1,1,0.7319673895835876
10,2012-2013,332,0,1,0.6196043491363525
10,2012-2013,333,1,0,0.3703985810279846
10,2012-2013,334,1,1,0.7306392192840576
10,2012-2013,335,1,1,0.7646926641464233
10,2012-2013,336,1,1,0.7969821691513062
10,2012-2013,337,1,1,0.8726081252098083
10,2012-2013,338,1,1,0.7169121503829956
10,2012-2013,339,1,1,0.8436645269393921
10,2013-2014,11,1,0,0.25326403975486755
10,2013-2014,12,1,0,0.4040085971355438
10,2013-2014,13,1,1,0.5033007860183716
10,2013-2014,14,1,0,0.37939193844795227
10,2013-2014,15,1,1,0.7793492078781128
10,2013-2014,16,0,1,0.5969715118408203
10,2013-2014,17,1,1,0.7769356369972229
10,2013-2014,18,0,1,0.6148996949195862
10,2013-2014,19,1,1,0.664036214351654
10,2013-2014,20,0,1,0.7171508073806763
10,2013-2014,21,0,1,0.8850581645965576
10,2013-2014,22,1,0,0.43684688210487366
10,2013-2014,23,0,1,0.556124210357666
10,2013-2014,24,1,0,0.33331024646759033
10,2013-2014,25,1,1,0.504137396812439
10,2013-2014,26,0,1,0.7100841403007507
10,2013-2014,27,1,1,0.9151501059532166
10,2013-2014,28,1,1,0.7385446429252625
10,2013-2014,29,1,0,0.13082055747509003
10,2013-2014,30,0,0,0.05553959310054779
10,2013-2014,31,1,1,0.8104348182678223
10,2013-2014,32,1,1,0.9358759522438049
10,2013-2014,33,0,0,0.09357508271932602
10,2013-2014,34,0,1,0.9082037806510925
10,2013-2014,35,0,0,0.20211249589920044
10,2013-2014,36,1,1,0.8221462368965149
10,2013-2014,37,1,1,0.8808735609054565
10,2013-2014,38,1,0,0.052578892558813095
10,2013-2014,39,1,0,0.22024637460708618
10,2013-2014,40,1,0,0.20795556902885437
10,2013-2014,41,0,1,0.8672723174095154
10,2013-2014,42,0,1,0.6949042081832886
10,2013-2014,43,1,0,0.35636812448501587
10,2013-2014,44,1,0,0.25058889389038086
10,2013-2014,45,1,0,0.19349704682826996
10,2013-2014,46,1,0,0.2891041040420532
10,2013-2014,47,0,0,0.35244664549827576
10,2013-2014,48,1,1,0.9200634956359863
10,2013-2014,49,1,0,0.3714301288127899
10,2013-2014,50,1,0,0.4550599455833435
10,2013-2014,51,0,0,0.3798913061618805
10,2013-2014,52,0,1,0.8862249851226807
10,2013-2014,53,1,0,0.14888150990009308
10,2013-2014,54,1,0,0.443556547164917
10,2013-2014,55,0,1,0.6404947638511658
10,2013-2014,56,1,0,0.2261412888765335
10,2013-2014,57,0,0,0.38080525398254395
10,2013-2014,58,0,1,0.5489230751991272
10,2013-2014,59,0,0,0.251417875289917
10,2013-2014,60,0,1,0.7133433222770691
10,2013-2014,61,0,1,0.837938666343689
10,2013-2014,62,1,1,0.8059932589530945
10,2013-2014,63,1,1,0.5793078541755676
10,2013-2014,64,0,1,0.7859367728233337
10,2013-2014,65,0,0,0.18420156836509705
10,2013-2014,66,1,1,0.6899480223655701
10,2013-2014,67,1,1,0.7133748531341553
10,2013-2014,68,0,1,0.6019448041915894
10,2013-2014,69,1,1,0.5114311575889587
10,2013-2014,70,0,0,0.4241217076778412
10,2013-2014,71,1,1,0.9238013029098511
10,2013-2014,72,0,1,0.9235283136367798
10,2013-2014,73,0,0,0.10738310217857361
10,2013-2014,74,0,1,0.8383541107177734
10,2013-2014,75,1,0,0.36021605134010315
10,2013-2014,76,0,1,0.6450777649879456
10,2013-2014,77,1,1,0.7562326788902283
10,2013-2014,78,1,1,0.7621048092842102
10,2013-2014,79,0,1,0.5859090685844421
10,2013-2014,80,1,0,0.34183043241500854
10,2013-2014,81,1,1,0.7213703989982605
10,2013-2014,82,1,0,0.19779786467552185
10,2013-2014,83,1,1,0.8903614282608032
10,2013-2014,84,0,1,0.619926929473877
10,2013-2014,85,1,1,0.7854045629501343
10,2013-2014,86,1,1,0.6339804530143738
10,2013-2014,87,1,1,0.568439245223999
10,2013-2014,88,0,1,0.9382534623146057
10,2013-2014,89,0,1,0.9260809421539307
10,2013-2014,90,1,1,0.8758106231689453
10,2013-2014,91,0,1,0.5371145009994507
10,2013-2014,92,0,0,0.35208600759506226
10,2013-2014,93,0,1,0.5820587873458862
10,2013-2014,94,1,1,0.8016594648361206
10,2013-2014,95,0,1,0.7374858856201172
10,2013-2014,96,0,0,0.23219086229801178
10,2013-2014,97,1,0,0.31642597913742065
10,2013-2014,98,0,1,0.9308822154998779
10,2013-2014,99,0,0,0.22941231727600098
10,2013-2014,100,1,0,0.186746746301651
10,2013-2014,101,1,1,0.8593546152114868
10,2013-2014,102,1,1,0.6823753714561462
10,2013-2014,103,0,1,0.7855830192565918
10,2013-2014,104,1,1,0.8826887607574463
10,2013-2014,105,0,1,0.5833457708358765
10,2013-2014,106,1,1,0.6105998158454895
10,2013-2014,107,1,0,0.18359041213989258
10,2013-2014,108,0,1,0.6078753471374512
10,2013-2014,109,1,1,0.756004810333252
10,2013-2014,110,1,1,0.813014566898346
10,2013-2014,111,1,1,0.6301050782203674
10,2013-2014,112,1,1,0.5499114394187927
10,2013-2014,113,1,0,0.37929677963256836
10,2013-2014,114,0,1,0.6285898089408875
10,2013-2014,115,0,1,0.5811209082603455
10,2013-2014,116,1,1,0.5296140909194946
10,2013-2014,117,1,1,0.7417107820510864
10,2013-2014,118,0,0,0.292747437953949
10,2013-2014,119,1,1,0.5110301375389099
10,2013-2014,120,1,1,0.8442381620407104
10,2013-2014,121,0,1,0.664242148399353
10,2013-2014,122,1,0,0.1884324848651886
10,2013-2014,123,1,1,0.8190544247627258
10,2013-2014,124,0,1,0.6645457148551941
10,2013-2014,125,0,1,0.6084933876991272
10,2013-2014,126,1,0,0.3489067256450653
10,2013-2014,127,0,0,0.3120167851448059
10,2013-2014,128,0,0,0.2566317021846771
10,2013-2014,129,1,1,0.8876566290855408
10,2013-2014,130,0,1,0.8843328356742859
10,2013-2014,131,0,0,0.24526192247867584
10,2013-2014,132,0,0,0.19255240261554718
10,2013-2014,133,1,0,0.22962002456188202
10,2013-2014,134,1,0,0.30639219284057617
10,2013-2014,135,1,1,0.5597124695777893
10,2013-2014,136,1,0,0.47052207589149475
10,2013-2014,137,1,0,0.19401288032531738
10,2013-2014,138,1,0,0.34651485085487366
10,2013-2014,139,1,1,0.56815505027771
10,2013-2014,140,1,1,0.8404595851898193
10,2013-2014,141,1,1,0.5336900949478149
10,2013-2014,142,1,1,0.610033392906189
10,2013-2014,143,1,1,0.8920324444770813
10,2013-2014,144,1,1,0.5130340456962585
10,2013-2014,145,1,0,0.42488017678260803
10,2013-2014,146,1,1,0.8789005279541016
10,2013-2014,147,0,1,0.9057347178459167
10,2013-2014,148,0,1,0.8618492484092712
10,2013-2014,149,1,1,0.5350356698036194
10,2013-2014,150,1,1,0.7561516761779785
10,2013-2014,151,0,0,0.42334985733032227
10,2013-2014,152,0,0,0.10088459402322769
10,2013-2014,153,0,0,0.14443358778953552
10,2013-2014,154,1,1,0.6014561653137207
10,2013-2014,155,1,0,0.34737804532051086
10,2013-2014,156,0,0,0.29893040657043457
10,2013-2014,157,0,1,0.5613818764686584
10,2013-2014,158,0,0,0.4158310890197754
10,2013-2014,159,1,1,0.7023712396621704
10,2013-2014,160,0,1,0.5534749627113342
10,2013-2014,161,0,1,0.6965087652206421
10,2013-2014,162,1,0,0.3861671984195709
10,2013-2014,163,1,1,0.6131471991539001
10,2013-2014,164,1,0,0.41506966948509216
10,2013-2014,165,0,0,0.39860618114471436
10,2013-2014,166,1,1,0.8905740976333618
10,2013-2014,167,0,0,0.17944398522377014
10,2013-2014,168,1,1,0.7979365587234497
10,2013-2014,169,1,1,0.8223990797996521
10,2013-2014,170,0,1,0.5274900794029236
10,2013-2014,171,1,0,0.18265023827552795
10,2013-2014,172,1,0,0.0798974558711052
10,2013-2014,173,0,1,0.5943264961242676
10,2013-2014,174,0,0,0.2374572604894638
10,2013-2014,175,1,1,0.7328349351882935
10,2013-2014,176,1,1,0.6696192026138306
10,2013-2014,177,1,0,0.20007969439029694
10,2013-2014,178,1,1,0.6991352438926697
10,2013-2014,179,1,1,0.7763346433639526
10,2013-2014,180,0,1,0.5561448931694031
10,2013-2014,181,1,1,0.9213194251060486
10,2013-2014,182,1,0,0.3491910398006439
10,2013-2014,183,1,1,0.9198346734046936
10,2013-2014,184,0,0,0.4983973801136017
10,2013-2014,185,1,1,0.7551379203796387
10,2013-2014,186,0,0,0.4082987904548645
10,2013-2014,187,0,0,0.39715376496315
10,2013-2014,188,1,1,0.600338876247406
10,2013-2014,189,0,1,0.6477699279785156
10,2013-2014,190,1,0,0.20854899287223816
10,2013-2014,191,0,1,0.6052840948104858
10,2013-2014,192,0,1,0.7028033137321472
10,2013-2014,193,1,1,0.7440135478973389
10,2013-2014,194,1,1,0.5664430260658264
10,2013-2014,195,1,1,0.609113335609436
10,2013-2014,196,0,0,0.20745711028575897
10,2013-2014,197,1,0,0.25561147928237915
10,2013-2014,198,1,1,0.8073142766952515
10,2013-2014,199,0,1,0.5471662282943726
10,2013-2014,200,1,0,0.23416848480701447
10,2013-2014,201,1,1,0.855792224407196
10,2013-2014,202,1,1,0.7673680782318115
10,2013-2014,203,1,1,0.5867711305618286
10,2013-2014,204,1,1,0.5853537917137146
10,2013-2014,205,0,1,0.5834014415740967
10,2013-2014,206,1,0,0.30402353405952454
10,2013-2014,207,1,1,0.6412325501441956
10,2013-2014,208,1,1,0.8760046362876892
10,2013-2014,209,1,1,0.9018843173980713
10,2013-2014,210,0,0,0.3679117262363434
10,2013-2014,211,1,1,0.8676278591156006
10,2013-2014,212,1,1,0.8372781872749329
10,2013-2014,213,1,1,0.5111455917358398
10,2013-2014,214,1,0,0.4153066575527191
10,2013-2014,215,1,1,0.9537349343299866
10,2013-2014,216,1,1,0.5933728218078613
10,2013-2014,217,0,0,0.19892343878746033
10,2013-2014,218,0,1,0.6521099209785461
10,2013-2014,219,1,1,0.575725793838501
10,2013-2014,220,0,1,0.5097682476043701
10,2013-2014,221,0,1,0.9006072282791138
10,2013-2014,222,1,0,0.31190386414527893
10,2013-2014,223,0,0,0.21036164462566376
10,2013-2014,224,1,0,0.44773390889167786
10,2013-2014,225,1,1,0.7336555123329163
10,2013-2014,226,1,1,0.7208819389343262
10,2013-2014,227,1,0,0.3436093032360077
10,2013-2014,228,0,1,0.8696046471595764
10,2013-2014,229,0,1,0.9744669198989868
10,2013-2014,230,1,1,0.6548053622245789
10,2013-2014,231,0,1,0.864355206489563
10,2013-2014,232,0,1,0.7977290153503418
10,2013-2014,233,0,1,0.8040286898612976
10,2013-2014,234,1,0,0.48585256934165955
10,2013-2014,235,0,0,0.3211919963359833
10,2013-2014,236,1,1,0.5495442152023315
10,2013-2014,237,1,1,0.6953450441360474
10,2013-2014,238,1,0,0.28001847863197327
10,2013-2014,239,0,1,0.7824944257736206
10,2013-2014,240,1,1,0.7529345154762268
10,2013-2014,241,1,0,0.39614319801330566
10,2013-2014,242,1,1,0.5910014510154724
10,2013-2014,243,1,0,0.38767099380493164
10,2013-2014,244,0,1,0.7671514749526978
10,2013-2014,245,1,0,0.4748966097831726
10,2013-2014,246,1,0,0.15523317456245422
10,2013-2014,247,1,1,0.599120020866394
10,2013-2014,248,1,0,0.2718293070793152
10,2013-2014,249,1,1,0.7331157326698303
10,2013-2014,250,1,1,0.8802045583724976
10,2013-2014,251,0,1,0.6038404107093811
10,2013-2014,252,1,1,0.9244116544723511
10,2013-2014,253,1,1,0.6229655742645264
10,2013-2014,254,0,1,0.6787835359573364
10,2013-2014,255,1,1,0.9096854329109192
10,2013-2014,256,0,0,0.45896199345588684
10,2013-2014,257,1,1,0.960706889629364
10,2013-2014,258,1,0,0.4851425588130951
10,2013-2014,259,1,1,0.7887017130851746
10,2013-2014,260,1,1,0.8767669200897217
10,2013-2014,261,0,1,0.6943773627281189
10,2013-2014,262,1,1,0.9055615663528442
10,2013-2014,263,0,1,0.8455281257629395
10,2013-2014,264,1,0,0.4766401946544647
10,2013-2014,265,1,1,0.7063936591148376
10,2013-2014,266,1,0,0.4776398837566376
10,2013-2014,267,1,1,0.6811233758926392
10,2013-2014,268,1,1,0.7034037709236145
10,2013-2014,269,0,1,0.726473331451416
10,2013-2014,270,1,1,0.8879468441009521
10,2013-2014,271,0,1,0.5739837884902954
10,2013-2014,272,1,1,0.852498471736908
10,2013-2014,273,0,1,0.6409879326820374
10,2013-2014,274,1,1,0.7318738698959351
10,2013-2014,275,1,0,0.423034131526947
10,2013-2014,276,1,1,0.5340439081192017
10,2013-2014,277,1,1,0.6944498419761658
10,2013-2014,278,0,1,0.5461758375167847
10,2013-2014,279,1,0,0.28423699736595154
10,2013-2014,280,1,0,0.4047967493534088
10,2013-2014,281,0,1,0.769101619720459
10,2013-2014,282,0,1,0.7575911283493042
10,2013-2014,283,1,0,0.3095969259738922
10,2013-2014,284,1,1,0.7557497620582581
10,2013-2014,285,0,1,0.6078402996063232
10,2013-2014,286,1,1,0.558265209197998
10,2013-2014,287,0,1,0.7532938718795776
10,2013-2014,288,1,0,0.4665312170982361
10,2013-2014,289,1,0,0.34215936064720154
10,2013-2014,290,0,1,0.6362090706825256
10,2013-2014,291,0,1,0.7435290813446045
10,2013-2014,292,0,0,0.38767752051353455
10,2013-2014,293,1,1,0.8656836748123169
10,2013-2014,294,1,1,0.7214571237564087
10,2013-2014,295,1,1,0.6209200620651245
10,2013-2014,296,0,1,0.6010477542877197
10,2013-2014,297,1,1,0.6778936982154846
10,2013-2014,298,1,0,0.4317067563533783
10,2013-2014,299,0,1,0.587602972984314
10,2013-2014,300,0,1,0.5943923592567444
10,2013-2014,301,0,1,0.6463855504989624
10,2013-2014,302,0,1,0.6430517435073853
10,2013-2014,303,0,0,0.40094682574272156
10,2013-2014,304,1,1,0.5967376232147217
10,2013-2014,305,1,0,0.39199286699295044
10,2014-2015,11,0,1,0.6725573539733887
10,2014-2015,12,0,1,0.6876634359359741
10,2014-2015,13,1,1,0.7380337715148926
10,2014-2015,14,1,1,0.919906497001648
10,2014-2015,15,1,1,0.6040835976600647
10,2014-2015,16,1,1,0.6433486342430115
10,2014-2015,17,1,0,0.3991019129753113
10,2014-2015,18,1,0,0.4607691466808319
10,2014-2015,19,1,1,0.5651899576187134
10,2014-2015,20,1,1,0.696801483631134
10,2014-2015,21,1,1,0.7687696218490601
10,2014-2015,22,1,1,0.8110430240631104
10,2014-2015,23,1,1,0.832502543926239
10,2014-2015,24,1,1,0.7373241782188416
10,2014-2015,25,1,1,0.8450522422790527
10,2014-2015,26,0,1,0.8775670528411865
10,2014-2015,27,1,1,0.7909079194068909
10,2014-2015,28,1,1,0.6239379644393921
10,2014-2015,29,1,1,0.8988403081893921
10,2014-2015,30,0,1,0.7990655899047852
10,2014-2015,31,1,1,0.8732082843780518
10,2014-2015,32,0,1,0.9424824118614197
10,2014-2015,33,1,1,0.7692452669143677
10,2014-2015,34,1,1,0.9511431455612183
10,2014-2015,35,1,1,0.9774436354637146
10,2014-2015,36,1,1,0.9026468992233276
10,2014-2015,37,0,1,0.9739598631858826
10,2014-2015,38,0,0,0.39657291769981384
10,2014-2015,39,1,1,0.7039729952812195
10,2014-2015,40,1,0,0.37357717752456665
10,2014-2015,41,0,1,0.945200502872467
10,2014-2015,42,0,1,0.5504741072654724
10,2014-2015,43,0,1,0.5484709739685059
10,2014-2015,44,0,1,0.86735999584198
10,2014-2015,45,1,1,0.5148533582687378
10,2014-2015,46,0,0,0.1994290053844452
10,2014-2015,47,0,1,0.6024722456932068
10,2014-2015,48,1,0,0.3942026197910309
10,2014-2015,49,0,1,0.8611581921577454
10,2014-2015,50,0,0,0.4258365035057068
10,2014-2015,51,1,1,0.5969111323356628
10,2014-2015,52,0,0,0.3226219117641449
10,2014-2015,53,1,0,0.23080994188785553
10,2014-2015,54,1,1,0.5776738524436951
10,2014-2015,55,0,1,0.706959068775177
10,2014-2015,56,0,1,0.88407301902771
10,2014-2015,57,1,1,0.5285223126411438
10,2014-2015,58,0,1,0.695733368396759
10,2014-2015,59,0,1,0.7037700414657593
10,2014-2015,60,1,1,0.500731348991394
10,2014-2015,61,0,1,0.7661377191543579
10,2014-2015,62,0,1,0.7136867046356201
10,2014-2015,63,0,1,0.5302507877349854
10,2014-2015,64,1,0,0.37105250358581543
10,2014-2015,65,1,1,0.743076503276825
10,2014-2015,66,0,0,0.48548927903175354
10,2014-2015,67,1,1,0.634882390499115
10,2014-2015,68,1,1,0.5108813643455505
10,2014-2015,69,0,1,0.6731674075126648
10,2014-2015,70,1,1,0.5000143051147461
10,2014-2015,71,0,1,0.6160640716552734
10,2014-2015,72,1,0,0.4713286757469177
10,2014-2015,73,1,1,0.6998072266578674
10,2014-2015,74,0,1,0.7868176102638245
10,2014-2015,75,0,0,0.27279728651046753
10,2014-2015,76,0,1,0.8186036944389343
10,2014-2015,77,1,0,0.32059991359710693
10,2014-2015,78,1,0,0.13833722472190857
10,2014-2015,79,1,1,0.7823684811592102
10,2014-2015,80,0,0,0.2915964126586914
10,2014-2015,81,0,1,0.6309013366699219
10,2014-2015,82,1,1,0.7350365519523621
10,2014-2015,83,1,1,0.5084295868873596
10,2014-2015,84,1,1,0.5783819556236267
10,2014-2015,85,1,0,0.09102621674537659
10,2014-2015,86,0,1,0.7862381339073181
10,2014-2015,87,0,1,0.5409557819366455
10,2014-2015,88,0,0,0.22861239314079285
10,2014-2015,89,0,0,0.24577738344669342
10,2014-2015,90,0,0,0.137007936835289
10,2014-2015,91,1,0,0.20841030776500702
10,2014-2015,92,1,1,0.6921846866607666
10,2014-2015,93,0,0,0.38808923959732056
10,2014-2015,94,1,1,0.7656081914901733
10,2014-2015,95,1,1,0.9523192644119263
10,2014-2015,96,0,0,0.3362753093242645
10,2014-2015,97,0,1,0.9150418639183044
10,2014-2015,98,0,1,0.5104084014892578
10,2014-2015,99,1,0,0.1920253038406372
10,2014-2015,100,1,0,0.4353778064250946
10,2014-2015,101,1,1,0.5516400337219238
10,2014-2015,102,0,1,0.8346263766288757
10,2014-2015,103,0,1,0.8636941909790039
10,2014-2015,104,1,1,0.6050079464912415
10,2014-2015,105,1,1,0.5812615752220154
10,2014-2015,106,1,1,0.5600274205207825
10,2014-2015,107,0,0,0.33588743209838867
10,2014-2015,108,0,1,0.6282628178596497
10,2014-2015,109,1,1,0.7174952626228333
10,2014-2015,110,0,0,0.2542778253555298
10,2014-2015,111,0,0,0.25406891107559204
10,2014-2015,112,1,1,0.8511576652526855
10,2014-2015,113,1,1,0.9120863676071167
10,2014-2015,114,0,0,0.2416500300168991
10,2014-2015,115,0,1,0.8631272912025452
10,2014-2015,116,0,0,0.06456977128982544
10,2014-2015,117,1,0,0.4931638240814209
10,2014-2015,118,0,0,0.1478399783372879
10,2014-2015,119,1,0,0.24871152639389038
10,2014-2015,120,1,1,0.6464650630950928
10,2014-2015,121,1,0,0.35622498393058777
10,2014-2015,122,0,0,0.2735745906829834
10,2014-2015,123,0,0,0.1130613312125206
10,2014-2015,124,1,0,0.06685162335634232
10,2014-2015,125,1,1,0.8584994673728943
10,2014-2015,126,0,1,0.6929639577865601
10,2014-2015,127,0,0,0.14452041685581207
10,2014-2015,128,1,0,0.25086501240730286
10,2014-2015,129,0,0,0.080222949385643
10,2014-2015,130,1,0,0.3842383325099945
10,2014-2015,131,1,1,0.7362680435180664
10,2014-2015,132,1,1,0.5390207767486572
10,2014-2015,133,1,1,0.6621842980384827
10,2014-2015,134,0,0,0.12004480510950089
10,2014-2015,135,0,1,0.661383330821991
10,2014-2015,136,1,0,0.24031132459640503
10,2014-2015,137,1,1,0.7449856996536255
10,2014-2015,138,1,1,0.5368736386299133
10,2014-2015,139,1,1,0.7232367992401123
10,2014-2015,140,1,1,0.559027373790741
10,2014-2015,141,1,0,0.46859046816825867
10,2014-2015,142,1,1,0.5566237568855286
10,2014-2015,143,1,0,0.46950098872184753
10,2014-2015,144,1,1,0.6125063896179199
10,2014-2015,145,1,0,0.15064513683319092
10,2014-2015,146,0,1,0.518668532371521
10,2014-2015,147,1,0,0.4078710973262787
10,2014-2015,148,0,1,0.6627161502838135
10,2014-2015,149,1,1,0.8637065887451172
10,2014-2015,150,1,1,0.5008578300476074
10,2014-2015,151,0,1,0.5265973210334778
10,2014-2015,152,1,1,0.7415161728858948
10,2014-2015,153,1,1,0.5891011953353882
10,2014-2015,154,1,0,0.25909751653671265
10,2014-2015,155,0,1,0.7464292645454407
10,2014-2015,156,0,0,0.11012215167284012
10,2014-2015,157,1,1,0.8197125792503357
10,2014-2015,158,0,0,0.06432945281267166
10,2014-2015,159,0,1,0.7585712671279907
10,2014-2015,160,0,0,0.4769519567489624
10,2014-2015,161,0,1,0.5846286416053772
10,2014-2015,162,1,1,0.8320276737213135
10,2014-2015,163,1,1,0.5717803835868835
10,2014-2015,164,0,0,0.06333348155021667
10,2014-2015,165,1,0,0.40170955657958984
10,2014-2015,166,0,1,0.5397719740867615
10,2014-2015,167,1,1,0.8523768782615662
10,2014-2015,168,1,1,0.7752442359924316
10,2014-2015,169,1,1,0.6003419160842896
10,2014-2015,170,0,1,0.8619381785392761
10,2014-2015,171,1,1,0.8209924101829529
10,2014-2015,172,0,1,0.5470818877220154
10,2014-2015,173,1,1,0.8204593658447266
10,2014-2015,174,1,1,0.7552626729011536
10,2014-2015,175,1,1,0.8842756748199463
10,2014-2015,176,1,1,0.841864824295044
10,2014-2015,177,1,1,0.7089765071868896
10,2014-2015,178,1,1,0.624379575252533
10,2014-2015,179,1,0,0.42497459053993225
10,2014-2015,180,1,1,0.8699497580528259
10,2014-2015,181,0,1,0.6122413873672485
10,2014-2015,182,1,1,0.550574779510498
10,2014-2015,183,0,0,0.2653714418411255
10,2014-2015,184,1,1,0.6041679382324219
10,2014-2015,185,1,1,0.8847694396972656
10,2014-2015,186,0,0,0.08008409291505814
10,2014-2015,187,0,1,0.6345189213752747
10,2014-2015,188,1,1,0.8478729128837585
10,2014-2015,189,0,0,0.05289200693368912
10,2014-2015,190,1,1,0.5041930079460144
10,2014-2015,191,1,0,0.24621900916099548
10,2014-2015,192,0,0,0.051014017313718796
10,2014-2015,193,0,0,0.24152681231498718
10,2014-2015,194,1,1,0.9040456414222717
10,2014-2015,195,0,1,0.8722435832023621
10,2014-2015,196,0,1,0.8074696660041809
10,2014-2015,197,1,1,0.7336463332176208
10,2014-2015,198,1,1,0.7952301502227783
10,2014-2015,199,0,0,0.040355611592531204
10,2014-2015,200,1,1,0.7913064360618591
10,2014-2015,201,1,0,0.4453098475933075
10,2014-2015,202,1,1,0.6282544732093811
10,2014-2015,203,1,1,0.5453168749809265
10,2014-2015,204,1,0,0.3996717035770416
10,2014-2015,205,1,1,0.6175652742385864
10,2014-2015,206,0,0,0.05110612139105797
10,2014-2015,207,0,0,0.3259764313697815
10,2014-2015,208,1,1,0.6374232769012451
10,2014-2015,209,0,1,0.6475909352302551
10,2014-2015,210,1,0,0.2947733700275421
10,2014-2015,211,0,0,0.039287202060222626
10,2014-2015,212,0,0,0.04170352593064308
10,2014-2015,213,1,1,0.8620342016220093
10,2014-2015,214,1,1,0.748549222946167
10,2014-2015,215,1,1,0.8534774780273438
10,2014-2015,216,0,0,0.02817526087164879
10,2014-2015,217,1,0,0.03903001919388771
10,2014-2015,218,1,1,0.7174245119094849
10,2014-2015,219,1,1,0.5272895693778992
10,2014-2015,220,0,0,0.20614919066429138
10,2014-2015,221,0,1,0.85516357421875
10,2014-2015,222,0,1,0.6025881171226501
10,2014-2015,223,1,1,0.889066219329834
10,2014-2015,224,1,1,0.6825518608093262
10,2014-2015,225,1,1,0.6750050783157349
10,2014-2015,226,0,0,0.33218711614608765
10,2014-2015,227,1,1,0.7612674236297607
10,2014-2015,228,0,0,0.1080072671175003
10,2014-2015,229,1,0,0.13194674253463745
10,2014-2015,230,0,1,0.7566491365432739
10,2014-2015,231,1,1,0.7078608870506287
10,2014-2015,232,0,1,0.5789081454277039
10,2014-2015,233,1,0,0.11722896248102188
10,2014-2015,234,1,1,0.5075199007987976
10,2014-2015,235,1,1,0.6484763622283936
10,2014-2015,236,1,0,0.36133214831352234
10,2014-2015,237,0,1,0.8005471229553223
10,2014-2015,238,1,0,0.3422507345676422
10,2014-2015,239,1,0,0.43382927775382996
10,2014-2015,240,1,1,0.6779253482818604
10,2014-2015,241,1,1,0.5611072182655334
10,2014-2015,242,1,1,0.7998339533805847
10,2014-2015,243,1,1,0.5898562073707581
10,2014-2015,244,1,1,0.8600074648857117
10,2014-2015,245,1,1,0.7001222372055054
10,2014-2015,246,1,1,0.852302610874176
10,2014-2015,247,1,1,0.9204640984535217
10,2014-2015,248,1,1,0.8897777199745178
10,2014-2015,249,1,1,0.8922616839408875
10,2014-2015,250,1,1,0.8900833129882812
10,2014-2015,251,0,1,0.7935018539428711
10,2014-2015,252,0,1,0.9216482043266296
10,2014-2015,253,0,1,0.8236832618713379
10,2014-2015,254,0,1,0.7753688097000122
10,2014-2015,255,0,1,0.5022935271263123
10,2014-2015,256,0,0,0.037050697952508926
10,2014-2015,257,1,0,0.49658477306365967
10,2014-2015,258,0,0,0.11524583399295807
10,2014-2015,259,0,0,0.03891174495220184
10,2014-2015,260,1,0,0.04911806061863899
10,2014-2015,261,0,1,0.6697952747344971
10,2014-2015,262,1,0,0.09049008786678314
10,2014-2015,263,1,0,0.39453479647636414
10,2014-2015,264,1,1,0.8410418629646301
10,2014-2015,265,1,1,0.5284488201141357
10,2014-2015,266,0,0,0.2825484573841095
10,2014-2015,267,0,1,0.8311341404914856
10,2014-2015,268,0,0,0.067697674036026
10,2014-2015,269,1,1,0.7218832969665527
10,2014-2015,270,1,1,0.7001665234565735
10,2014-2015,271,1,1,0.6445513963699341
10,2014-2015,272,0,0,0.46078988909721375
10,2014-2015,273,1,1,0.6827133893966675
10,2014-2015,274,1,1,0.870607316493988
10,2015-2016,11,0,0,0.39639729261398315
10,2015-2016,12,1,1,0.5554874539375305
10,2015-2016,13,0,0,0.22320960462093353
10,2015-2016,14,1,0,0.16804644465446472
10,2015-2016,15,0,0,0.2769249677658081
10,2015-2016,16,1,0,0.21077610552310944
10,2015-2016,17,1,0,0.17638947069644928
10,2015-2016,18,0,0,0.40660643577575684
10,2015-2016,19,1,0,0.18243584036827087
10,2015-2016,20,1,0,0.2313724011182785
10,2015-2016,21,0,1,0.5881465077400208
10,2015-2016,22,0,0,0.44602176547050476
10,2015-2016,23,0,0,0.32470497488975525
10,2015-2016,24,1,1,0.6028749346733093
10,2015-2016,25,1,0,0.40625062584877014
10,2015-2016,26,1,0,0.464348703622818
10,2015-2016,27,1,0,0.12820903956890106
10,2015-2016,28,0,0,0.15007950365543365
10,2015-2016,29,0,0,0.1623811572790146
10,2015-2016,30,1,0,0.42888811230659485
10,2015-2016,31,1,0,0.13807007670402527
10,2015-2016,32,0,0,0.2823014259338379
10,2015-2016,33,0,0,0.46702125668525696
10,2015-2016,34,0,1,0.7829534411430359
10,2015-2016,35,1,0,0.3572448492050171
10,2015-2016,36,1,0,0.29592904448509216
10,2015-2016,37,1,0,0.20496244728565216
10,2015-2016,38,0,1,0.7971948385238647
10,2015-2016,39,1,0,0.19650748372077942
10,2015-2016,40,1,0,0.2210904359817505
10,2015-2016,41,0,0,0.3256111443042755
10,2015-2016,42,1,0,0.2953678369522095
10,2015-2016,43,1,0,0.43648746609687805
10,2015-2016,44,1,0,0.24918974936008453
10,2015-2016,45,1,0,0.32649996876716614
10,2015-2016,46,1,0,0.40444764494895935
10,2015-2016,47,1,0,0.28569814562797546
10,2015-2016,48,1,1,0.5404853820800781
10,2015-2016,49,1,1,0.8510891795158386
10,2015-2016,50,0,0,0.4943465292453766
10,2015-2016,51,0,1,0.8867235779762268
10,2015-2016,52,0,1,0.899552047252655
10,2015-2016,53,1,1,0.8219163417816162
10,2015-2016,54,1,0,0.15657909214496613
10,2015-2016,55,1,1,0.6484125852584839
10,2015-2016,56,0,1,0.6130936741828918
10,2015-2016,57,0,0,0.2653957009315491
10,2015-2016,58,0,0,0.35586297512054443
10,2015-2016,59,1,1,0.7837162613868713
10,2015-2016,60,1,1,0.8398019671440125
10,2015-2016,61,1,1,0.533663809299469
10,2015-2016,62,1,1,0.7310221195220947
10,2015-2016,63,1,1,0.7452958226203918
10,2015-2016,64,1,1,0.821130633354187
10,2015-2016,65,0,1,0.8641520142555237
10,2015-2016,66,1,1,0.8118331432342529
10,2015-2016,67,1,0,0.3563316762447357
10,2015-2016,68,1,1,0.9001324772834778
10,2015-2016,69,0,1,0.8043574094772339
10,2015-2016,70,0,0,0.3351399004459381
10,2015-2016,71,1,0,0.246721088886261
10,2015-2016,72,0,0,0.20972241461277008
10,2015-2016,73,1,1,0.9428443908691406
10,2015-2016,74,1,1,0.819118082523346
10,2015-2016,75,0,0,0.17219898104667664
10,2015-2016,76,0,0,0.216513529419899
10,2015-2016,77,1,0,0.2346496284008026
10,2015-2016,78,0,1,0.8503283262252808
10,2015-2016,79,1,0,0.4155590534210205
10,2015-2016,80,1,0,0.11942446976900101
10,2015-2016,81,1,1,0.7662976980209351
10,2015-2016,82,1,1,0.5478343367576599
10,2015-2016,83,1,1,0.8575649857521057
10,2015-2016,84,0,0,0.2919025123119354
10,2015-2016,85,0,0,0.4642679989337921
10,2015-2016,86,1,1,0.9037780165672302
10,2015-2016,87,0,1,0.7738969922065735
10,2015-2016,88,1,1,0.9184014201164246
10,2015-2016,89,1,1,0.9278749227523804
10,2015-2016,90,0,1,0.9196536540985107
10,2015-2016,91,1,0,0.49011749029159546
10,2015-2016,92,0,1,0.6463262438774109
10,2015-2016,93,1,0,0.2611274719238281
10,2015-2016,94,1,1,0.6926226019859314
10,2015-2016,95,0,0,0.2992198169231415
10,2015-2016,96,1,1,0.8118634223937988
10,2015-2016,97,1,1,0.6822863817214966
10,2015-2016,98,1,1,0.9264907836914062
10,2015-2016,99,0,1,0.7054536938667297
10,2015-2016,100,1,0,0.3948861062526703
10,2015-2016,101,0,0,0.47739559412002563
10,2015-2016,102,0,1,0.5999735593795776
10,2015-2016,103,1,0,0.3316240906715393
10,2015-2016,104,0,1,0.9484901428222656
10,2015-2016,105,0,1,0.7151005268096924
10,2015-2016,106,0,0,0.45881417393684387
10,2015-2016,107,1,1,0.6757686138153076
10,2015-2016,108,1,1,0.9580492377281189
10,2015-2016,109,1,0,0.3944491744041443
10,2015-2016,110,1,1,0.5425547957420349
10,2015-2016,111,1,1,0.7673279047012329
10,2015-2016,112,0,1,0.5153427720069885
10,2015-2016,113,1,0,0.4257202446460724
10,2015-2016,114,1,1,0.5609980225563049
10,2015-2016,115,0,1,0.8266451954841614
10,2015-2016,116,0,1,0.5422418117523193
10,2015-2016,117,0,1,0.525606632232666
10,2015-2016,118,0,1,0.5459301471710205
10,2015-2016,119,1,1,0.8866607546806335
10,2015-2016,120,0,1,0.8972251415252686
10,2015-2016,121,1,1,0.65583336353302
10,2015-2016,122,1,0,0.45193034410476685
10,2015-2016,123,0,0,0.4128003418445587
10,2015-2016,124,1,1,0.720583438873291
10,2015-2016,125,0,1,0.5285712480545044
10,2015-2016,126,1,0,0.26280301809310913
10,2015-2016,127,0,1,0.6889724731445312
10,2015-2016,128,0,1,0.5330021381378174
10,2015-2016,129,1,1,0.7800779938697815
10,2015-2016,130,1,1,0.8762416243553162
10,2015-2016,131,0,0,0.3705253005027771
10,2015-2016,132,0,0,0.3703348934650421
10,2015-2016,133,0,1,0.6706709265708923
10,2015-2016,134,1,1,0.7064145803451538
10,2015-2016,135,0,1,0.7878124713897705
10,2015-2016,136,0,0,0.4682173430919647
10,2015-2016,137,1,1,0.5046641230583191
10,2015-2016,138,1,1,0.9534825682640076
10,2015-2016,139,1,1,0.7617372870445251
10,2015-2016,140,1,0,0.47902390360832214
10,2015-2016,141,0,0,0.41440966725349426
10,2015-2016,142,1,0,0.4221867322921753
10,2015-2016,143,0,0,0.49451592564582825
10,2015-2016,144,0,1,0.5606769323348999
10,2015-2016,145,0,0,0.39281418919563293
10,2015-2016,146,0,0,0.473612517118454
10,2015-2016,147,0,1,0.7100122570991516
10,2015-2016,148,0,1,0.7513833045959473
10,2015-2016,149,1,1,0.88249671459198
10,2015-2016,150,1,1,0.6179682612419128
10,2015-2016,151,0,0,0.3804265558719635
10,2015-2016,152,1,0,0.4591635763645172
10,2015-2016,153,0,0,0.3562917113304138
10,2015-2016,154,0,0,0.3561878204345703
10,2015-2016,155,0,0,0.27298504114151
10,2015-2016,156,0,1,0.5638572573661804
10,2015-2016,157,1,1,0.5898365378379822
10,2015-2016,158,1,1,0.8271262049674988
10,2015-2016,159,0,0,0.36396631598472595
10,2015-2016,160,0,0,0.25198066234588623
10,2015-2016,161,1,1,0.530129075050354
10,2015-2016,162,1,1,0.8428639769554138
10,2015-2016,163,1,0,0.18908604979515076
10,2015-2016,164,0,0,0.3113684356212616
10,2015-2016,165,1,1,0.568543553352356
10,2015-2016,166,0,0,0.2764342129230499
10,2015-2016,167,1,0,0.18412338197231293
10,2015-2016,168,0,0,0.18135656416416168
10,2015-2016,169,0,1,0.5287395119667053
10,2015-2016,170,1,1,0.6509677171707153
10,2015-2016,171,0,0,0.4429970383644104
10,2015-2016,172,0,0,0.4083656370639801
10,2015-2016,173,1,0,0.2859056890010834
10,2015-2016,174,0,0,0.4088575839996338
10,2015-2016,175,1,1,0.6844364404678345
10,2015-2016,176,0,1,0.5221843719482422
10,2015-2016,177,1,1,0.5422197580337524
10,2015-2016,178,0,0,0.2845308780670166
10,2015-2016,179,1,0,0.4151996672153473
10,2015-2016,180,1,0,0.4492441415786743
10,2015-2016,181,0,0,0.3708946108818054
10,2015-2016,182,1,0,0.14806683361530304
10,2015-2016,183,0,1,0.5158206820487976
10,2015-2016,184,0,0,0.31764525175094604
10,2015-2016,185,1,0,0.3126741945743561
10,2015-2016,186,1,0,0.3839530646800995
10,2015-2016,187,0,1,0.7350307703018188
10,2015-2016,188,0,0,0.35220059752464294
10,2015-2016,189,1,1,0.6071752309799194
10,2015-2016,190,0,0,0.4304772615432739
10,2015-2016,191,1,1,0.6459748148918152
10,2015-2016,192,1,0,0.47740596532821655
10,2015-2016,193,0,0,0.31231001019477844
10,2015-2016,194,1,1,0.6094483137130737
10,2015-2016,195,1,0,0.41657793521881104
10,2015-2016,196,1,0,0.2593386173248291
10,2015-2016,197,0,1,0.6711860299110413
10,2015-2016,198,0,0,0.23814070224761963
10,2015-2016,199,1,1,0.6151229739189148
10,2015-2016,200,0,1,0.5362321138381958
10,2015-2016,201,1,1,0.6083678007125854
10,2015-2016,202,1,0,0.3621745705604553
10,2015-2016,203,1,1,0.625529408454895
10,2015-2016,204,0,1,0.6800490021705627
10,2015-2016,205,1,1,0.70283442735672
10,2015-2016,206,1,0,0.47697657346725464
10,2015-2016,207,1,1,0.6798664331436157
10,2015-2016,208,0,1,0.7134265899658203
10,2015-2016,209,1,1,0.8103986382484436
10,2015-2016,210,1,1,0.6470995545387268
10,2015-2016,211,1,1,0.7333763241767883
10,2015-2016,212,1,0,0.2737906575202942
10,2015-2016,213,1,1,0.7429397702217102
10,2015-2016,214,0,0,0.36043527722358704
10,2015-2016,215,0,1,0.5926347970962524
10,2015-2016,216,1,1,0.7664442658424377
10,2015-2016,217,1,0,0.44972455501556396
10,2015-2016,218,1,0,0.4828964173793793
10,2015-2016,219,1,0,0.34839487075805664
10,2015-2016,220,0,0,0.1429092139005661
10,2015-2016,221,0,1,0.6850295662879944
10,2015-2016,222,1,1,0.53369140625
10,2015-2016,223,1,1,0.9129677414894104
10,2015-2016,224,1,1,0.8902608156204224
10,2015-2016,225,0,1,0.9077440500259399
10,2015-2016,226,1,1,0.7725644111633301
10,2015-2016,227,0,0,0.3892274498939514
10,2015-2016,228,1,1,0.8694115877151489
10,2015-2016,229,0,1,0.895519495010376
10,2015-2016,230,1,0,0.4146559536457062
10,2015-2016,231,1,1,0.7058193683624268
10,2015-2016,232,0,0,0.36450329422950745
10,2015-2016,233,1,1,0.6823332905769348
10,2015-2016,234,0,1,0.8459740281105042
10,2015-2016,235,1,1,0.575928270816803
10,2015-2016,236,1,1,0.7254292964935303
10,2015-2016,237,0,1,0.8789975643157959
10,2015-2016,238,1,1,0.8309603333473206
10,2015-2016,239,0,0,0.4752935469150543
10,2015-2016,240,1,1,0.535460352897644
10,2015-2016,241,0,1,0.8037640452384949
10,2015-2016,242,0,1,0.7949050664901733
10,2015-2016,243,1,0,0.1419786661863327
10,2015-2016,244,1,1,0.7139280438423157
10,2016-2017,11,1,1,0.5120669603347778
10,2016-2017,12,1,1,0.7773033380508423
10,2016-2017,13,0,1,0.6536503434181213
10,2016-2017,14,0,1,0.7670098543167114
10,2016-2017,15,1,0,0.4764024615287781
10,2016-2017,16,0,1,0.656000554561615
10,2016-2017,17,1,1,0.7972034215927124
10,2016-2017,18,0,0,0.4291827082633972
10,2016-2017,19,1,1,0.8718381524085999
10,2016-2017,20,0,0,0.3878304660320282
10,2016-2017,21,0,1,0.6754559874534607
10,2016-2017,22,0,0,0.3893868625164032
10,2016-2017,23,0,0,0.31267398595809937
10,2016-2017,24,0,0,0.22071555256843567
10,2016-2017,25,1,0,0.17346563935279846
10,2016-2017,26,0,0,0.22458523511886597
10,2016-2017,27,1,0,0.15906330943107605
10,2016-2017,28,1,0,0.3409509062767029
10,2016-2017,29,1,1,0.7073380351066589
10,2016-2017,30,1,1,0.5056522488594055
10,2016-2017,31,1,1,0.9130566120147705
10,2016-2017,32,1,1,0.561378538608551
10,2016-2017,33,0,1,0.7938740253448486
10,2016-2017,34,1,0,0.4938991963863373
10,2016-2017,35,1,0,0.40338224172592163
10,2016-2017,36,0,0,0.36290183663368225
10,2016-2017,37,0,0,0.21888528764247894
10,2016-2017,38,0,0,0.48614490032196045
10,2016-2017,39,1,1,0.915553629398346
10,2016-2017,40,1,1,0.6161398887634277
10,2016-2017,41,1,1,0.9097388982772827
10,2016-2017,42,0,0,0.26839005947113037
10,2016-2017,43,1,1,0.7102741599082947
10,2016-2017,44,1,0,0.18253958225250244
10,2016-2017,45,1,0,0.40925508737564087
10,2016-2017,46,1,0,0.47912243008613586
10,2016-2017,47,1,1,0.8959411978721619
10,2016-2017,48,0,0,0.2503894865512848
10,2016-2017,49,0,1,0.8370296359062195
10,2016-2017,50,1,1,0.8543135523796082
10,2016-2017,51,0,0,0.19330084323883057
10,2016-2017,52,0,1,0.8774637579917908
10,2016-2017,53,0,0,0.33960017561912537
10,2016-2017,54,1,0,0.14949113130569458
10,2016-2017,55,0,0,0.14891581237316132
10,2016-2017,56,0,0,0.2878180146217346
10,2016-2017,57,0,0,0.0887758806347847
10,2016-2017,58,0,1,0.5539963245391846
10,2016-2017,59,0,0,0.4765709340572357
10,2016-2017,60,1,0,0.07862063497304916
10,2016-2017,61,0,0,0.2523576021194458
10,2016-2017,62,1,1,0.6557387709617615
10,2016-2017,63,1,1,0.7712444067001343
10,2016-2017,64,1,0,0.042865291237831116
10,2016-2017,65,1,1,0.5085461735725403
10,2016-2017,66,0,1,0.5677117109298706
10,2016-2017,67,1,0,0.2536639869213104
10,2016-2017,68,1,0,0.45008787512779236
10,2016-2017,69,1,1,0.7755753993988037
10,2016-2017,70,1,1,0.5662773251533508
10,2016-2017,71,0,0,0.272744357585907
10,2016-2017,72,1,1,0.6733673810958862
10,2016-2017,73,1,1,0.7593552470207214
10,2016-2017,74,1,1,0.7090321779251099
10,2016-2017,75,0,1,0.752247154712677
10,2016-2017,76,1,1,0.509911835193634
10,2016-2017,77,0,1,0.9229080080986023
10,2016-2017,78,1,1,0.5635369420051575
10,2016-2017,79,1,1,0.9068663716316223
10,2016-2017,80,0,1,0.9011963605880737
10,2016-2017,81,0,1,0.5521661043167114
10,2016-2017,82,0,1,0.6960744857788086
10,2016-2017,83,1,1,0.6089757680892944
10,2016-2017,84,0,1,0.7188451290130615
10,2016-2017,85,1,1,0.7122421860694885
10,2016-2017,86,1,0,0.1896008402109146
10,2016-2017,87,0,1,0.6293486952781677
10,2016-2017,88,1,1,0.703694760799408
10,2016-2017,89,1,0,0.24697817862033844
10,2016-2017,90,1,1,0.818843424320221
10,2016-2017,91,1,0,0.45966073870658875
10,2016-2017,92,0,0,0.31339284777641296
10,2016-2017,93,0,0,0.4685482084751129
10,2016-2017,94,0,0,0.48063400387763977
10,2016-2017,95,1,1,0.5052563548088074
10,2016-2017,96,0,1,0.5129051208496094
10,2016-2017,97,1,1,0.7603729963302612
10,2016-2017,98,0,1,0.7437824010848999
10,2016-2017,99,0,0,0.2751893699169159
10,2016-2017,100,0,1,0.6318232417106628
10,2016-2017,101,0,1,0.5016968250274658
10,2016-2017,102,0,0,0.27708593010902405
10,2016-2017,103,0,0,0.16698285937309265
10,2016-2017,104,0,1,0.7785300016403198
10,2016-2017,105,0,0,0.20586228370666504
10,2016-2017,106,0,0,0.4540501832962036
10,2016-2017,107,0,1,0.5757593512535095
10,2016-2017,108,0,1,0.5345499515533447
10,2016-2017,109,1,1,0.5790823698043823
10,2016-2017,110,1,0,0.06205156445503235
10,2016-2017,111,1,1,0.5371758341789246
10,2016-2017,112,1,0,0.4164890646934509
10,2016-2017,113,1,1,0.5857970714569092
10,2016-2017,114,0,1,0.6741595268249512
10,2016-2017,115,0,1,0.5696359276771545
10,2016-2017,116,1,0,0.42036697268486023
10,2016-2017,117,0,1,0.5463981628417969
10,2016-2017,118,1,0,0.2794564962387085
10,2016-2017,119,1,1,0.661593496799469
10,2016-2017,120,0,1,0.802986204624176
10,2016-2017,121,1,1,0.772446870803833
10,2016-2017,122,1,1,0.5923994779586792
10,2016-2017,123,1,0,0.22655698657035828
10,2016-2017,124,1,0,0.38832443952560425
10,2016-2017,125,0,1,0.8258478045463562
10,2016-2017,126,1,1,0.5996552109718323
10,2016-2017,127,0,1,0.5028918385505676
10,2016-2017,128,1,1,0.6083283424377441
10,2016-2017,129,1,0,0.3675606846809387
10,2016-2017,130,1,0,0.4580233693122864
10,2016-2017,131,1,1,0.6914413571357727
10,2016-2017,132,1,1,0.55333411693573
10,2016-2017,133,0,1,0.5457628965377808
10,2016-2017,134,0,0,0.30506592988967896
10,2016-2017,135,1,1,0.7184098958969116
10,2016-2017,136,1,1,0.643447995185852
10,2016-2017,137,1,1,0.7431121468544006
10,2016-2017,138,1,0,0.19830867648124695
10,2016-2017,139,1,1,0.7226772308349609
10,2016-2017,140,0,1,0.8643453121185303
10,2016-2017,141,1,1,0.6333208084106445
10,2016-2017,142,0,1,0.6384292840957642
10,2016-2017,143,0,1,0.5703099370002747
10,2016-2017,144,1,0,0.3493795394897461
10,2016-2017,145,0,0,0.4921478033065796
10,2016-2017,146,1,1,0.695609986782074
10,2016-2017,147,1,1,0.6898636817932129
10,2016-2017,148,0,1,0.5591363310813904
10,2016-2017,149,1,0,0.32301968336105347
10,2016-2017,150,1,0,0.15090881288051605
10,2016-2017,151,1,1,0.813403844833374
10,2016-2017,152,0,1,0.7347096800804138
10,2016-2017,153,0,1,0.8596003651618958
10,2016-2017,154,1,1,0.5913265347480774
10,2016-2017,155,1,1,0.6809722185134888
10,2016-2017,156,1,1,0.8845641016960144
10,2016-2017,157,0,1,0.6125993132591248
10,2016-2017,158,1,0,0.4961922764778137
10,2016-2017,159,1,1,0.5547538995742798
10,2016-2017,160,1,1,0.6023206114768982
10,2016-2017,161,1,1,0.6751428842544556
10,2016-2017,162,1,1,0.9125926494598389
10,2016-2017,163,0,1,0.6778858304023743
10,2016-2017,164,0,0,0.484697550535202
10,2016-2017,165,1,1,0.668280303478241
10,2016-2017,166,1,1,0.631611704826355
10,2016-2017,167,0,1,0.6389155387878418
10,2016-2017,168,1,1,0.8581117391586304
10,2016-2017,169,1,1,0.9125050902366638
10,2016-2017,170,0,0,0.497273325920105
10,2016-2017,171,1,1,0.6134032607078552
10,2016-2017,172,0,0,0.41776934266090393
10,2016-2017,173,1,1,0.9437131881713867
10,2016-2017,174,0,0,0.3564407527446747
10,2016-2017,175,0,1,0.9538049697875977
10,2016-2017,176,0,0,0.47095707058906555
10,2016-2017,177,0,1,0.617031991481781
10,2016-2017,178,0,1,0.8789517879486084
10,2016-2017,179,0,1,0.6145243048667908
10,2016-2017,180,1,1,0.5917356014251709
10,2016-2017,181,0,0,0.4169706106185913
10,2016-2017,182,1,1,0.5007598996162415
10,2016-2017,183,0,1,0.8675512671470642
10,2016-2017,184,0,0,0.33002811670303345
10,2016-2017,185,1,1,0.6637446284294128
10,2016-2017,186,0,0,0.3104052245616913
10,2016-2017,187,1,1,0.5780485272407532
10,2016-2017,188,1,1,0.6297214031219482
10,2016-2017,189,1,1,0.6860038638114929
10,2016-2017,190,1,1,0.5849757194519043
10,2016-2017,191,0,0,0.46809306740760803
10,2016-2017,192,0,1,0.7647730708122253
10,2016-2017,193,1,1,0.7139127254486084
10,2016-2017,194,0,1,0.8581885099411011
10,2016-2017,195,1,1,0.7981601357460022
10,2016-2017,196,0,1,0.6164894104003906
10,2016-2017,197,0,1,0.5091123580932617
10,2016-2017,198,1,0,0.3486167788505554
10,2016-2017,199,1,1,0.7403036952018738
10,2016-2017,200,1,1,0.5762134194374084
10,2016-2017,201,0,1,0.5089462995529175
10,2016-2017,202,0,0,0.4247577488422394
10,2016-2017,203,1,0,0.25448083877563477
10,2016-2017,204,0,1,0.7011901140213013
10,2016-2017,205,0,1,0.5689721703529358
10,2016-2017,206,1,0,0.4678943455219269
10,2016-2017,207,1,1,0.5529974699020386
10,2016-2017,208,1,0,0.3746005892753601
10,2016-2017,209,1,1,0.7682947516441345
10,2016-2017,210,1,0,0.1914915144443512
10,2016-2017,211,0,1,0.6618988513946533
10,2016-2017,212,0,1,0.7384470105171204
10,2016-2017,213,0,0,0.16321571171283722
10,2016-2017,214,1,0,0.31533753871917725
10,2016-2017,215,1,1,0.5739202499389648
10,2016-2017,216,1,0,0.30012819170951843
10,2016-2017,217,1,1,0.5119807720184326
10,2016-2017,218,1,0,0.31990471482276917
10,2016-2017,219,0,0,0.4797990024089813
10,2016-2017,220,0,0,0.15825416147708893
10,2016-2017,221,1,0,0.4746544659137726
10,2016-2017,222,0,1,0.5845224857330322
10,2016-2017,223,0,0,0.16340434551239014
10,2016-2017,224,1,1,0.5140063762664795
10,2016-2017,225,1,1,0.5760546326637268
10,2016-2017,226,0,0,0.3883719742298126
10,2016-2017,227,0,1,0.7763875126838684
10,2016-2017,228,0,0,0.3082597255706787
10,2016-2017,229,0,1,0.577873945236206
10,2016-2017,230,1,1,0.637604296207428
10,2016-2017,231,1,1,0.6063244342803955
10,2016-2017,232,1,0,0.24936619400978088
10,2016-2017,233,0,0,0.4598493278026581
10,2016-2017,234,1,1,0.7660639882087708
10,2016-2017,235,0,1,0.5893111824989319
10,2016-2017,236,0,1,0.6542891263961792
10,2016-2017,237,0,0,0.17884090542793274
10,2016-2017,238,1,1,0.6632978320121765
10,2016-2017,239,0,0,0.30826595425605774
10,2016-2017,240,1,0,0.4598926901817322
10,2016-2017,241,0,1,0.5750660300254822
10,2016-2017,242,1,1,0.6072191596031189
10,2016-2017,243,1,1,0.5131377577781677
10,2016-2017,244,0,1,0.5968406200408936
10,2016-2017,245,1,0,0.43578842282295227
10,2016-2017,246,1,1,0.6043106913566589
10,2016-2017,247,0,0,0.2751399576663971
10,2016-2017,248,1,0,0.29425469040870667
10,2016-2017,249,0,1,0.567410945892334
10,2018-2019,11,1,0,0.3218018412590027
10,2018-2019,12,1,1,0.5851694941520691
10,2018-2019,13,1,0,0.4562511444091797
10,2018-2019,14,0,0,0.16469214856624603
10,2018-2019,15,1,0,0.07760974019765854
10,2018-2019,16,0,1,0.7796260118484497
10,2018-2019,17,1,0,0.36823201179504395
10,2018-2019,18,1,1,0.7574011087417603
10,2018-2019,19,1,1,0.5629096627235413
10,2018-2019,20,1,0,0.38284873962402344
10,2018-2019,21,0,0,0.33776769042015076
10,2018-2019,22,0,1,0.5337297916412354
10,2018-2019,23,0,1,0.8308768272399902
10,2018-2019,24,1,0,0.1002010852098465
10,2018-2019,25,0,1,0.7235245108604431
10,2018-2019,26,0,1,0.7355164289474487
10,2018-2019,27,1,0,0.37814581394195557
10,2018-2019,28,0,0,0.41136905550956726
10,2018-2019,29,1,0,0.4108964204788208
10,2018-2019,30,1,0,0.291513055562973
10,2018-2019,31,0,1,0.585281491279602
10,2018-2019,32,0,0,0.08991456776857376
10,2018-2019,33,1,0,0.2571069896221161
10,2018-2019,34,1,1,0.5288138389587402
10,2018-2019,35,0,0,0.1910819262266159
10,2018-2019,36,1,1,0.7883951663970947
10,2018-2019,37,1,0,0.4257708191871643
10,2018-2019,38,1,1,0.5603521466255188
10,2018-2019,39,1,1,0.7039868831634521
10,2018-2019,40,0,1,0.7594362497329712
10,2018-2019,41,1,1,0.8002014756202698
10,2018-2019,42,1,1,0.8331418037414551
10,2018-2019,43,1,1,0.5271297097206116
10,2018-2019,44,0,1,0.6346787214279175
10,2018-2019,45,0,0,0.07119891047477722
10,2018-2019,46,1,0,0.4591187834739685
10,2018-2019,47,1,1,0.8219893574714661
10,2018-2019,48,1,1,0.8241332173347473
10,2018-2019,49,1,0,0.3857141137123108
10,2018-2019,50,1,0,0.39980563521385193
10,2018-2019,51,0,0,0.26007306575775146
10,2018-2019,52,1,0,0.39039406180381775
10,2018-2019,53,1,1,0.8088629245758057
10,2018-2019,54,1,1,0.8348830938339233
10,2018-2019,55,0,1,0.8156788945198059
10,2018-2019,56,1,1,0.7346509695053101
10,2018-2019,57,1,0,0.47563958168029785
10,2018-2019,58,1,1,0.6932163238525391
10,2018-2019,59,1,0,0.4861900210380554
10,2018-2019,60,0,1,0.8957957029342651
10,2018-2019,61,1,1,0.9502383470535278
10,2018-2019,62,1,1,0.8830397129058838
10,2018-2019,63,0,1,0.9303044080734253
10,2018-2019,64,1,1,0.7399729490280151
10,2018-2019,65,1,1,0.7074705958366394
10,2018-2019,66,1,1,0.8683423399925232
10,2018-2019,67,1,1,0.7475442290306091
10,2018-2019,68,1,1,0.864197850227356
10,2018-2019,69,1,1,0.9149881601333618
10,2018-2019,70,1,1,0.9538822174072266
10,2018-2019,71,1,1,0.9810801148414612
10,2018-2019,72,1,1,0.8044744729995728
10,2018-2019,73,0,1,0.926859438419342
10,2018-2019,74,1,1,0.9476419687271118
10,2018-2019,75,1,1,0.8633191585540771
10,2018-2019,76,0,1,0.7834094166755676
10,2018-2019,77,0,1,0.9260451793670654
10,2018-2019,78,1,1,0.8816887140274048
10,2018-2019,79,0,1,0.9423116445541382
10,2018-2019,80,1,1,0.6434444189071655
10,2018-2019,81,0,1,0.6474056839942932
10,2018-2019,82,1,1,0.9323109984397888
10,2018-2019,83,1,1,0.9515045881271362
10,2018-2019,84,1,1,0.853390634059906
10,2018-2019,85,0,1,0.968542754650116
10,2018-2019,86,0,1,0.9423835277557373
10,2018-2019,87,0,1,0.8570435047149658
10,2018-2019,88,1,1,0.7935945391654968
10,2018-2019,89,0,0,0.1882164478302002
10,2018-2019,90,0,1,0.7063007950782776
10,2018-2019,91,0,0,0.3175770938396454
10,2018-2019,92,1,1,0.7460333704948425
10,2018-2019,93,0,1,0.8746376037597656
10,2018-2019,94,1,0,0.39640265703201294
10,2018-2019,95,1,1,0.780667781829834
10,2018-2019,96,0,1,0.7253776788711548
10,2018-2019,97,0,1,0.6615644693374634
10,2018-2019,98,0,1,0.6067968010902405
10,2018-2019,99,0,0,0.35014984011650085
10,2018-2019,100,0,0,0.23962828516960144
10,2018-2019,101,1,1,0.678663969039917
10,2018-2019,102,0,1,0.7971294522285461
10,2018-2019,103,0,0,0.259484201669693
10,2018-2019,104,1,1,0.7473838329315186
10,2018-2019,105,0,1,0.8337572813034058
10,2018-2019,106,1,0,0.286379873752594
10,2018-2019,107,0,0,0.367989182472229
10,2018-2019,108,0,1,0.8387728929519653
10,2018-2019,109,0,1,0.5859190225601196
10,2018-2019,110,0,0,0.17683681845664978
10,2018-2019,111,1,0,0.49753493070602417
10,2018-2019,112,1,1,0.8292842507362366
10,2018-2019,113,0,1,0.7098203897476196
10,2018-2019,114,1,1,0.5220983028411865
10,2018-2019,115,1,1,0.6042158603668213
10,2018-2019,116,1,1,0.8319123387336731
10,2018-2019,117,1,1,0.912564218044281
10,2018-2019,118,0,1,0.7035300135612488
10,2018-2019,119,0,1,0.5769837498664856
10,2018-2019,120,0,0,0.3816818296909332
10,2018-2019,121,1,0,0.3892374038696289
10,2018-2019,122,1,1,0.8430367112159729
10,2018-2019,123,1,1,0.9374999403953552
10,2018-2019,124,1,0,0.24362055957317352
10,2018-2019,125,0,1,0.8159382939338684
10,2018-2019,126,1,0,0.41965970396995544
10,2018-2019,127,1,1,0.9482437372207642
10,2018-2019,128,1,1,0.7322658896446228
10,2018-2019,129,0,1,0.9410834312438965
10,2018-2019,130,0,0,0.24616245925426483
10,2018-2019,131,0,1,0.8342613577842712
10,2018-2019,132,1,0,0.41262805461883545
10,2018-2019,133,1,1,0.7996116280555725
10,2018-2019,134,1,1,0.7583113312721252
10,2018-2019,135,1,1,0.8997024297714233
10,2018-2019,136,0,1,0.6160946488380432
10,2018-2019,137,1,1,0.7862192988395691
10,2018-2019,138,1,0,0.1977277398109436
10,2018-2019,139,0,1,0.6513029932975769
10,2018-2019,140,1,1,0.8798943161964417
10,2018-2019,141,1,1,0.8088482618331909
10,2018-2019,142,1,1,0.5315972566604614
10,2018-2019,143,0,1,0.517831563949585
10,2018-2019,144,1,1,0.9162785410881042
10,2018-2019,145,1,0,0.422026127576828
10,2018-2019,146,1,1,0.8683264851570129
10,2018-2019,147,1,1,0.8207502961158752
10,2018-2019,148,1,1,0.50393146276474
10,2018-2019,149,1,1,0.9596118330955505
10,2018-2019,150,0,1,0.8626366853713989
10,2018-2019,151,0,1,0.9010581374168396
10,2018-2019,152,0,0,0.22151854634284973
10,2018-2019,153,1,0,0.2760566473007202
10,2018-2019,154,0,0,0.37056124210357666
10,2018-2019,155,0,1,0.5801803469657898
10,2018-2019,156,1,1,0.6960082650184631
10,2018-2019,157,0,1,0.7642695307731628
10,2018-2019,158,0,0,0.48481956124305725
10,2018-2019,159,0,1,0.8020449876785278
10,2018-2019,160,1,1,0.8379749059677124
10,2018-2019,161,1,1,0.7888293266296387
10,2018-2019,162,1,1,0.9309730529785156
10,2018-2019,163,0,0,0.4130741059780121
10,2018-2019,164,1,1,0.785910427570343
10,2018-2019,165,1,1,0.920742928981781
10,2018-2019,166,0,1,0.8714959621429443
10,2018-2019,167,1,1,0.8767563104629517
10,2018-2019,168,1,1,0.7732594609260559
10,2018-2019,169,1,1,0.839384913444519
10,2018-2019,170,1,1,0.896935224533081
10,2018-2019,171,0,1,0.940751850605011
10,2018-2019,172,0,1,0.7040515542030334
10,2018-2019,173,1,0,0.26859399676322937
10,2018-2019,174,0,1,0.5247623920440674
10,2018-2019,175,1,0,0.1197674497961998
10,2018-2019,176,1,1,0.7442508935928345
10,2018-2019,177,1,1,0.7802061438560486
10,2018-2019,178,1,0,0.4188216030597687
10,2018-2019,179,1,1,0.6139394640922546
10,2018-2019,180,1,1,0.8745880722999573
10,2018-2019,181,0,1,0.8917744159698486
10,2018-2019,182,1,1,0.6075262427330017
10,2018-2019,183,1,1,0.6284583210945129
10,2018-2019,184,0,1,0.5296654105186462
10,2018-2019,185,0,0,0.4931277632713318
10,2018-2019,186,0,1,0.6438590884208679
10,2018-2019,187,1,1,0.5481266379356384
10,2018-2019,188,1,1,0.6377798914909363
10,2018-2019,189,1,1,0.7707815170288086
10,2018-2019,190,1,1,0.9271970987319946
10,2018-2019,191,1,1,0.8723726272583008
10,2018-2019,192,1,1,0.9375383257865906
10,2018-2019,193,1,1,0.512980043888092
10,2018-2019,194,1,1,0.865683913230896
10,2018-2019,195,1,1,0.615074872970581
10,2018-2019,196,0,1,0.830776572227478
10,2018-2019,197,0,0,0.47311654686927795
10,2018-2019,198,0,1,0.5107501745223999
10,2018-2019,199,1,1,0.919511616230011
10,2018-2019,200,1,1,0.8171416521072388
10,2018-2019,201,1,1,0.779809296131134
10,2018-2019,202,0,1,0.8576658368110657
10,2018-2019,203,0,1,0.6308342814445496
10,2018-2019,204,1,0,0.30571505427360535
10,2018-2019,205,1,0,0.1845235824584961
10,2018-2019,206,1,1,0.6401793360710144
10,2018-2019,207,1,1,0.7685425281524658
10,2019-2020,11,1,0,0.3906404972076416
10,2019-2020,12,1,0,0.28641554713249207
10,2019-2020,13,0,0,0.1808810830116272
10,2019-2020,14,0,0,0.30138522386550903
10,2019-2020,15,0,1,0.866810142993927
10,2019-2020,16,0,0,0.42420095205307007
10,2019-2020,17,0,1,0.6242912411689758
10,2019-2020,18,1,0,0.39651793241500854
10,2019-2020,19,0,0,0.473553329706192
10,2019-2020,20,0,1,0.5656522512435913
10,2019-2020,21,0,0,0.4652692973613739
10,2019-2020,22,1,0,0.34639546275138855
10,2019-2020,23,1,0,0.1769782155752182
10,2019-2020,24,1,1,0.7608391642570496
10,2019-2020,25,0,1,0.7978230714797974
10,2019-2020,26,1,0,0.4490579068660736
10,2019-2020,27,1,1,0.7508407831192017
10,2019-2020,28,0,1,0.519382655620575
10,2019-2020,29,0,1,0.5881020426750183
10,2019-2020,30,0,1,0.8964999318122864
10,2019-2020,31,0,1,0.6850550174713135
10,2019-2020,32,0,0,0.39548173546791077
10,2019-2020,33,1,1,0.6356855630874634
10,2019-2020,34,0,1,0.5340238809585571
10,2019-2020,35,0,1,0.6207711696624756
10,2019-2020,36,1,0,0.4825756251811981
10,2019-2020,37,1,0,0.09237918257713318
10,2019-2020,38,1,0,0.23769617080688477
10,2019-2020,39,1,0,0.15298061072826385
10,2019-2020,40,0,0,0.23507311940193176
10,2019-2020,41,1,1,0.5187870860099792
10,2019-2020,42,0,1,0.5238791704177856
10,2019-2020,43,0,0,0.1872434765100479
10,2019-2020,44,1,1,0.6678388714790344
10,2019-2020,45,0,1,0.6984503865242004
10,2019-2020,46,0,0,0.08334846049547195
10,2019-2020,47,1,0,0.3078000247478485
10,2019-2020,48,0,1,0.6953970789909363
10,2019-2020,49,1,1,0.6055149435997009
10,2019-2020,50,1,0,0.3856397867202759
10,2019-2020,51,1,1,0.5370780229568481
10,2019-2020,52,0,0,0.11592216044664383
10,2019-2020,53,1,0,0.24414126574993134
10,2019-2020,54,0,0,0.38030844926834106
10,2019-2020,55,0,0,0.09402740001678467
10,2019-2020,56,0,1,0.7454081177711487
10,2019-2020,57,0,1,0.5035930871963501
10,2019-2020,58,0,1,0.7809824347496033
10,2019-2020,59,0,0,0.17291134595870972
10,2019-2020,60,1,1,0.6884108185768127
10,2019-2020,61,0,0,0.06731946021318436
10,2019-2020,62,1,1,0.5790234804153442
10,2019-2020,63,1,0,0.47857844829559326
10,2019-2020,64,0,0,0.24758665263652802
10,2019-2020,65,1,0,0.28871771693229675
10,2019-2020,66,1,0,0.2902388870716095
10,2019-2020,67,0,0,0.05002094805240631
10,2019-2020,68,1,1,0.5444503426551819
10,2019-2020,69,0,1,0.9070587158203125
10,2019-2020,70,0,1,0.6986385583877563
10,2019-2020,71,1,1,0.6941431760787964
10,2019-2020,72,1,0,0.23846691846847534
10,2019-2020,73,1,1,0.6553042531013489
10,2019-2020,74,0,0,0.3874434530735016
10,2019-2020,75,0,1,0.5783699154853821
10,2019-2020,76,1,1,0.5932718515396118
10,2019-2020,77,0,0,0.21060068905353546
10,2019-2020,78,1,0,0.35781440138816833
10,2019-2020,79,0,1,0.7522494792938232
10,2019-2020,80,0,1,0.7463136911392212
10,2019-2020,81,1,0,0.2804829478263855
10,2019-2020,82,1,0,0.4156948924064636
10,2019-2020,83,0,0,0.07445929199457169
10,2019-2020,84,0,1,0.6267597079277039
10,2019-2020,85,0,0,0.41829097270965576
10,2019-2020,86,0,0,0.0418022945523262
10,2019-2020,87,1,1,0.5189117789268494
10,2019-2020,88,1,0,0.33799147605895996
10,2019-2020,89,0,1,0.8409931659698486
10,2019-2020,90,1,0,0.05857107788324356
10,2019-2020,91,0,1,0.5690524578094482
10,2019-2020,92,0,1,0.6547556519508362
10,2019-2020,93,1,1,0.6594856977462769
10,2019-2020,94,0,0,0.42491766810417175
10,2019-2020,95,0,1,0.7018656730651855
10,2019-2020,96,1,0,0.4812238812446594
10,2019-2020,97,0,0,0.4873236417770386
10,2019-2020,98,1,0,0.38824430108070374
10,2019-2020,99,1,1,0.8450639247894287
10,2019-2020,100,0,1,0.5174223184585571
10,2019-2020,101,1,0,0.35160136222839355
10,2019-2020,102,0,1,0.5599300861358643
10,2019-2020,103,0,1,0.7366275787353516
10,2019-2020,104,0,0,0.22559262812137604
10,2019-2020,105,0,0,0.23148226737976074
10,2019-2020,106,0,0,0.4181887209415436
10,2019-2020,107,1,0,0.48685866594314575
10,2019-2020,108,1,1,0.6907864809036255
10,2019-2020,109,1,1,0.5741139650344849
10,2019-2020,110,1,1,0.6992757320404053
10,2019-2020,111,1,0,0.3423410654067993
10,2019-2020,112,1,0,0.08890679478645325
10,2019-2020,113,1,0,0.3261652886867523
10,2019-2020,114,0,0,0.4910068213939667
10,2019-2020,115,1,0,0.43948066234588623
10,2019-2020,116,1,0,0.12536002695560455
10,2019-2020,117,0,1,0.5319734811782837
10,2019-2020,118,0,0,0.3966169059276581
10,2019-2020,119,1,1,0.6138006448745728
10,2019-2020,120,0,1,0.8371370434761047
10,2019-2020,121,0,0,0.20806914567947388
10,2019-2020,122,1,1,0.578296422958374
10,2019-2020,123,1,0,0.3033416271209717
10,2019-2020,124,0,1,0.6569201350212097
10,2019-2020,125,1,0,0.48565876483917236
10,2019-2020,126,1,1,0.7286648750305176
10,2019-2020,127,0,0,0.19847670197486877
10,2019-2020,128,1,0,0.31613889336586
10,2019-2020,129,0,1,0.5935800075531006
10,2019-2020,130,1,1,0.6450066566467285
10,2019-2020,131,1,0,0.4824513792991638
10,2019-2020,132,0,1,0.6174347996711731
10,2019-2020,133,1,0,0.4481126666069031
10,2019-2020,134,1,1,0.53101646900177
10,2019-2020,135,0,1,0.6282178163528442
10,2019-2020,136,0,1,0.696471631526947
10,2019-2020,137,1,0,0.48086392879486084
10,2019-2020,138,0,1,0.5610643029212952
10,2019-2020,139,1,1,0.6254828572273254
10,2019-2020,140,1,0,0.42484599351882935
10,2019-2020,141,1,1,0.5113258957862854
10,2019-2020,142,1,1,0.5607454776763916
10,2019-2020,143,0,0,0.2639743685722351
10,2019-2020,144,1,1,0.5060971975326538
10,2019-2020,145,1,0,0.45004773139953613
10,2019-2020,146,1,0,0.45170751214027405
10,2019-2020,147,0,0,0.3458382487297058
10,2019-2020,148,0,1,0.6265583038330078
10,2019-2020,149,1,1,0.8590903282165527
10,2019-2020,150,1,1,0.7485429644584656
10,2019-2020,151,0,0,0.12736797332763672
10,2019-2020,152,0,0,0.332802414894104
10,2019-2020,153,0,0,0.47460439801216125
10,2019-2020,154,0,0,0.3168548047542572
10,2019-2020,155,0,0,0.3760208189487457
10,2019-2020,156,1,1,0.6034039258956909
10,2019-2020,157,1,1,0.8034162521362305
10,2019-2020,158,0,1,0.7480786442756653
10,2019-2020,159,1,1,0.5624867677688599
10,2019-2020,160,0,0,0.16458745300769806
10,2019-2020,161,0,1,0.7094480395317078
10,2019-2020,162,0,0,0.04853702336549759
10,2019-2020,163,0,0,0.05621560662984848
10,2019-2020,164,0,1,0.6620668172836304
10,2019-2020,165,1,0,0.43736276030540466
10,2019-2020,166,1,0,0.1270127147436142
10,2019-2020,167,1,1,0.560352623462677
10,2019-2020,168,1,0,0.47577208280563354
10,2019-2020,169,1,1,0.5120158791542053
10,2019-2020,170,1,1,0.7317060828208923
10,2019-2020,171,0,1,0.6692782640457153
10,2019-2020,172,1,1,0.8918039798736572
10,2019-2020,173,1,1,0.6405389308929443
10,2019-2020,174,1,1,0.7869468331336975
10,2019-2020,175,0,1,0.7669609189033508
10,2019-2020,176,1,1,0.7928910255432129
10,2019-2020,177,1,1,0.6721195578575134
10,2019-2020,178,0,0,0.47382551431655884
10,2019-2020,179,1,0,0.4344927966594696
10,2019-2020,180,0,1,0.6672130823135376
10,2019-2020,181,0,0,0.18300189077854156
10,2019-2020,182,1,1,0.8819963335990906
10,2019-2020,183,1,1,0.6857649683952332
10,2019-2020,184,1,0,0.4781951308250427
10,2019-2020,185,1,1,0.6421934366226196
10,2019-2020,186,0,1,0.7023495435714722
10,2019-2020,187,1,1,0.7583901286125183
10,2019-2020,188,1,1,0.654666543006897
10,2019-2020,189,0,0,0.3129313588142395
10,2019-2020,190,1,1,0.8376544117927551
10,2019-2020,191,1,0,0.48699942231178284
10,2019-2020,192,0,1,0.657723605632782
10,2019-2020,193,1,1,0.7975244522094727
10,2019-2020,194,1,1,0.6946414113044739
10,2019-2020,195,0,1,0.8284452557563782
10,2019-2020,196,1,1,0.673572838306427
10,2020-2021,11,0,1,0.5643391609191895
10,2020-2021,12,1,1,0.6882066130638123
10,2020-2021,13,1,1,0.7012245059013367
10,2020-2021,14,0,1,0.8392179608345032
10,2020-2021,15,0,1,0.6121900081634521
10,2020-2021,16,1,1,0.61832195520401
10,2020-2021,17,1,0,0.2309388965368271
10,2020-2021,18,1,1,0.5442933440208435
10,2020-2021,19,1,1,0.7036572694778442
10,2020-2021,20,0,0,0.1461409628391266
10,2020-2021,21,1,1,0.8323661684989929
10,2020-2021,22,1,0,0.11772853136062622
10,2020-2021,23,0,0,0.44777530431747437
10,2020-2021,24,1,1,0.8863390684127808
10,2020-2021,25,0,1,0.9051088690757751
10,2020-2021,26,1,1,0.561860978603363
10,2020-2021,27,1,1,0.9469241499900818
10,2020-2021,28,0,1,0.9478413462638855
10,2020-2021,29,0,1,0.5851866602897644
10,2020-2021,30,1,0,0.3966869115829468
10,2020-2021,31,1,0,0.40985849499702454
10,2020-2021,32,0,0,0.4719507396221161
10,2020-2021,33,0,1,0.6960937976837158
10,2020-2021,34,1,0,0.24163484573364258
10,2020-2021,35,0,0,0.4862572252750397
10,2020-2021,36,1,0,0.19962093234062195
10,2020-2021,37,1,1,0.7391700744628906
10,2020-2021,38,0,1,0.8485532402992249
10,2020-2021,39,1,0,0.48418813943862915
10,2020-2021,40,0,0,0.36904096603393555
10,2020-2021,41,1,0,0.2960946261882782
10,2020-2021,42,1,1,0.7804114818572998
10,2020-2021,43,1,1,0.8894197940826416
10,2020-2021,44,1,1,0.9132037162780762
10,2020-2021,45,0,0,0.2891240417957306
10,2020-2021,46,1,1,0.6284419894218445
10,2020-2021,47,1,1,0.9259265065193176
10,2020-2021,48,1,1,0.8542981147766113
10,2020-2021,49,1,1,0.5335975885391235
10,2020-2021,50,1,1,0.9340603351593018
10,2020-2021,51,1,0,0.15670834481716156
10,2020-2021,52,1,1,0.9543378949165344
10,2020-2021,53,1,0,0.4515473246574402
10,2020-2021,54,1,1,0.9507171511650085
10,2020-2021,55,0,0,0.43635639548301697
10,2020-2021,56,0,1,0.9465654492378235
10,2020-2021,57,1,1,0.9228296279907227
10,2020-2021,58,0,1,0.9391965866088867
10,2020-2021,59,1,1,0.9048314094543457
10,2020-2021,60,0,0,0.26429545879364014
10,2020-2021,61,0,1,0.7901678085327148
10,2020-2021,62,1,1,0.8943148255348206
10,2020-2021,63,0,1,0.7477034330368042
10,2020-2021,64,1,1,0.8580482006072998
10,2020-2021,65,0,1,0.8381693363189697
10,2020-2021,66,1,1,0.9099497199058533
10,2020-2021,67,0,0,0.14125606417655945
10,2020-2021,68,1,1,0.5904397368431091
10,2020-2021,69,1,0,0.322282612323761
10,2020-2021,70,1,1,0.9127486944198608
10,2020-2021,71,0,1,0.9649927616119385
10,2020-2021,72,0,0,0.18282382190227509
10,2020-2021,73,0,0,0.311285138130188
10,2020-2021,74,0,0,0.15758176147937775
10,2020-2021,75,1,1,0.8788344264030457
10,2020-2021,76,1,1,0.8838695883750916
10,2020-2021,77,1,1,0.9105191230773926
10,2020-2021,78,1,1,0.7946473956108093
10,2020-2021,79,1,1,0.9246149659156799
10,2020-2021,80,0,1,0.9294887185096741
10,2020-2021,81,1,1,0.9355160593986511
10,2020-2021,82,1,0,0.15638358891010284
10,2020-2021,83,1,1,0.8922892212867737
10,2020-2021,84,1,0,0.39032527804374695
10,2020-2021,85,1,1,0.7423338890075684
10,2020-2021,86,1,1,0.576531708240509
10,2020-2021,87,1,0,0.14016424119472504
10,2020-2021,88,0,1,0.8931134939193726
10,2020-2021,89,1,1,0.8630027770996094
10,2020-2021,90,0,1,0.885870099067688
10,2020-2021,91,1,1,0.7998269200325012
10,2020-2021,92,0,1,0.5969216823577881
10,2020-2021,93,1,1,0.7177057862281799
10,2020-2021,94,1,1,0.945903480052948
10,2020-2021,95,1,1,0.902503252029419
10,2020-2021,96,1,1,0.614635705947876
10,2020-2021,97,1,1,0.8714859485626221
10,2020-2021,98,1,1,0.6137621998786926
10,2020-2021,99,0,1,0.8879868984222412
10,2020-2021,100,0,1,0.673713207244873
10,2020-2021,101,0,1,0.8213285803794861
10,2020-2021,102,1,1,0.6985359787940979
10,2020-2021,103,1,1,0.7466576099395752
10,2020-2021,104,0,0,0.4271351993083954
10,2020-2021,105,0,1,0.8782624006271362
10,2020-2021,106,1,1,0.873560905456543
10,2020-2021,107,0,0,0.10202061384916306
10,2020-2021,108,0,0,0.2804999351501465
10,2020-2021,109,1,1,0.8716445565223694
10,2020-2021,110,0,1,0.6306112408638
10,2020-2021,111,1,1,0.8376920223236084
10,2020-2021,112,1,0,0.2971201539039612
10,2020-2021,113,0,1,0.8494805097579956
10,2020-2021,114,0,0,0.23918285965919495
10,2020-2021,115,1,1,0.8378357291221619
10,2020-2021,116,0,0,0.34171491861343384
10,2020-2021,117,1,1,0.844294011592865
10,2020-2021,118,1,1,0.8776780366897583
10,2020-2021,119,0,1,0.9380601048469543
10,2020-2021,120,1,1,0.5122224688529968
10,2020-2021,121,0,0,0.24971485137939453
10,2020-2021,122,0,1,0.9031192660331726
10,2020-2021,123,1,1,0.6648606657981873
10,2020-2021,124,1,1,0.8176546096801758
10,2020-2021,125,0,0,0.1705126315355301
10,2020-2021,126,1,1,0.9174439311027527
10,2020-2021,127,1,1,0.7608583569526672
10,2020-2021,128,0,0,0.2658959925174713
10,2020-2021,129,0,1,0.7910557389259338
10,2020-2021,130,0,1,0.5784863233566284
10,2020-2021,131,0,1,0.8572247624397278
10,2020-2021,132,1,0,0.4188491106033325
10,2020-2021,133,0,0,0.06649208068847656
10,2020-2021,134,1,1,0.659453272819519
10,2020-2021,135,1,0,0.4787527620792389
10,2020-2021,136,0,1,0.8982873558998108
10,2020-2021,137,1,1,0.5267910957336426
10,2020-2021,138,1,0,0.4905867278575897
10,2020-2021,139,1,1,0.8121002912521362
10,2020-2021,140,0,1,0.8774812817573547
10,2020-2021,141,0,0,0.28957611322402954
10,2020-2021,142,1,0,0.06920087337493896
10,2020-2021,143,1,0,0.1499437689781189
10,2020-2021,144,1,1,0.8375195264816284
10,2020-2021,145,1,0,0.19164109230041504
10,2020-2021,146,0,0,0.48077741265296936
10,2020-2021,147,0,1,0.5162534117698669
10,2020-2021,148,0,1,0.7278419137001038
10,2020-2021,149,1,1,0.8647559881210327
10,2020-2021,150,1,1,0.7123791575431824
10,2020-2021,151,0,0,0.18397042155265808
10,2020-2021,152,1,0,0.444404661655426
10,2020-2021,153,0,0,0.22229787707328796
10,2020-2021,154,0,0,0.284828782081604
10,2020-2021,155,1,1,0.7228580713272095
10,2020-2021,156,0,1,0.7681739926338196
10,2020-2021,157,0,1,0.6018628478050232
10,2020-2021,158,1,1,0.8660669326782227
10,2020-2021,159,0,1,0.6390882730484009
10,2020-2021,160,0,0,0.09618169069290161
10,2020-2021,161,0,0,0.29170483350753784
10,2020-2021,162,0,0,0.46992287039756775
10,2020-2021,163,1,0,0.32953524589538574
10,2020-2021,164,0,1,0.8186824917793274
10,2020-2021,165,1,1,0.6102960705757141
10,2020-2021,166,0,0,0.3386503756046295
10,2020-2021,167,1,0,0.4911847412586212
10,2020-2021,168,0,0,0.4420028328895569
10,2020-2021,169,1,1,0.7621433734893799
10,2020-2021,170,1,0,0.4832662343978882
10,2020-2021,171,1,0,0.4123601019382477
10,2020-2021,172,0,1,0.825644850730896
10,2020-2021,173,0,1,0.7828405499458313
10,2020-2021,174,1,0,0.0866265594959259
10,2020-2021,175,1,1,0.5072258114814758
10,2020-2021,176,0,0,0.46947020292282104
10,2020-2021,177,0,1,0.671363115310669
10,2020-2021,178,0,0,0.2715374827384949
10,2020-2021,179,1,1,0.8080793619155884
10,2020-2021,180,0,0,0.3894703984260559
10,2020-2021,181,0,1,0.5599241852760315
10,2020-2021,182,1,1,0.8428714275360107
10,2020-2021,183,1,0,0.42581188678741455
10,2020-2021,184,1,1,0.6284445524215698
10,2020-2021,185,1,0,0.25858646631240845
10,2020-2021,186,1,1,0.796761155128479
10,2020-2021,187,0,0,0.2143491953611374
10,2020-2021,188,1,1,0.8430137634277344
10,2020-2021,189,0,0,0.2584005892276764
10,2020-2021,190,1,1,0.8408660292625427
10,2020-2021,191,1,1,0.8326377272605896
10,2020-2021,192,1,1,0.5953544974327087
10,2020-2021,193,0,0,0.1187356635928154
10,2020-2021,194,0,0,0.2743358016014099
10,2020-2021,195,0,0,0.15527187287807465
10,2020-2021,196,1,1,0.806148111820221
10,2020-2021,197,1,0,0.4741434156894684
10,2020-2021,198,1,1,0.5451040863990784
10,2020-2021,199,0,0,0.1437375545501709
10,2020-2021,200,1,1,0.9082597494125366
10,2020-2021,201,0,0,0.35413289070129395
10,2020-2021,202,1,0,0.15586018562316895
10,2020-2021,203,1,1,0.8151276111602783
10,2020-2021,204,1,1,0.5477375388145447
10,2020-2021,205,0,0,0.49723559617996216
10,2020-2021,206,1,1,0.7268948554992676
10,2020-2021,207,1,0,0.3013092577457428
10,2020-2021,208,1,1,0.8462860584259033
10,2020-2021,209,1,1,0.7606067061424255
10,2020-2021,210,1,1,0.7916309237480164
10,2020-2021,211,0,0,0.10228954255580902
10,2020-2021,212,1,1,0.6656826138496399
10,2020-2021,213,0,0,0.0736471638083458
10,2020-2021,214,1,0,0.4753881096839905
10,2020-2021,215,0,1,0.8981053829193115
10,2020-2021,216,1,1,0.7479092478752136
10,2020-2021,217,0,0,0.09838762879371643
10,2020-2021,218,1,1,0.9049896597862244
10,2020-2021,219,0,1,0.7923651933670044
10,2020-2021,220,0,0,0.1673828810453415
10,2020-2021,221,0,1,0.8331723213195801
10,2020-2021,222,1,0,0.46673211455345154
10,2020-2021,223,0,1,0.6040459871292114
10,2020-2021,224,0,1,0.7158956527709961
10,2020-2021,225,0,0,0.23974986374378204
10,2020-2021,226,1,0,0.2708021104335785
10,2020-2021,227,1,1,0.7015918493270874
10,2020-2021,228,0,0,0.31558364629745483
10,2020-2021,229,0,0,0.26484838128089905
10,2020-2021,230,0,0,0.30863362550735474
10,2020-2021,231,0,1,0.6343582272529602
10,2020-2021,232,0,0,0.2775697708129883
10,2020-2021,233,1,1,0.6875300407409668
10,2020-2021,234,0,1,0.7141454815864563
10,2020-2021,235,1,1,0.8123552799224854
10,2020-2021,236,1,1,0.8169349431991577
10,2020-2021,237,1,1,0.5810624361038208
10,2020-2021,238,0,0,0.05002565681934357
10,2020-2021,239,0,0,0.3825029134750366
10,2020-2021,240,0,0,0.39759713411331177
10,2020-2021,241,0,1,0.7595282196998596
10,2020-2021,242,0,0,0.20487691462039948
10,2020-2021,243,1,1,0.750874400138855
10,2020-2021,244,1,0,0.47585004568099976
10,2020-2021,245,0,0,0.4594036638736725
10,2020-2021,246,1,0,0.3082772493362427
10,2020-2021,247,1,0,0.4098220467567444
10,2020-2021,248,0,0,0.1535024791955948
10,2020-2021,249,1,1,0.748624324798584
10,2020-2021,250,1,1,0.656455397605896
10,2020-2021,251,0,0,0.17510999739170074
10,2020-2021,252,0,0,0.09186359494924545
10,2020-2021,253,1,1,0.8686303496360779
10,2020-2021,254,1,0,0.4699298143386841
10,2020-2021,255,0,1,0.6051368713378906
10,2021-2022,11,0,1,0.72700035572052
10,2021-2022,12,1,1,0.6256370544433594
10,2021-2022,13,1,1,0.6893048286437988
10,2021-2022,14,0,1,0.7302160263061523
10,2021-2022,15,0,1,0.7001791000366211
10,2021-2022,16,0,1,0.7310181260108948
10,2021-2022,17,1,1,0.710934042930603
10,2021-2022,18,1,0,0.341694712638855
10,2021-2022,19,1,1,0.7700124979019165
10,2021-2022,20,0,1,0.5437994599342346
10,2021-2022,21,0,0,0.16625182330608368
10,2021-2022,22,1,0,0.1489126831293106
10,2021-2022,23,0,0,0.22750553488731384
10,2021-2022,24,0,0,0.18725207448005676
10,2021-2022,25,1,0,0.3212144374847412
10,2021-2022,26,1,0,0.2862168550491333
10,2021-2022,27,0,1,0.8263638019561768
10,2021-2022,28,1,1,0.7032145261764526
10,2021-2022,29,1,0,0.16592612862586975
10,2021-2022,30,0,0,0.291596919298172
10,2021-2022,31,0,0,0.2935439646244049
10,2021-2022,32,1,0,0.407606303691864
10,2021-2022,33,1,1,0.7727895975112915
10,2021-2022,34,1,1,0.6271398663520813
10,2021-2022,35,0,0,0.24072407186031342
10,2021-2022,36,0,1,0.7525418400764465
10,2021-2022,37,0,0,0.21335478127002716
10,2021-2022,38,1,0,0.10168327391147614
10,2021-2022,39,1,1,0.5339918732643127
10,2021-2022,40,1,1,0.9445379972457886
10,2021-2022,41,1,1,0.8443774580955505
10,2021-2022,42,1,1,0.9175204634666443
10,2021-2022,43,1,1,0.9076617360115051
10,2021-2022,44,0,0,0.28553318977355957
10,2021-2022,45,1,1,0.935062050819397
10,2021-2022,46,1,1,0.9682328701019287
10,2021-2022,47,0,0,0.11534485965967178
10,2021-2022,48,1,1,0.9212071299552917
10,2021-2022,49,0,1,0.9717891216278076
10,2021-2022,50,1,1,0.9133500456809998
10,2021-2022,51,0,0,0.21354924142360687
10,2021-2022,52,0,1,0.8063763976097107
10,2021-2022,53,1,1,0.9365371465682983
10,2021-2022,54,1,0,0.11759991198778152
10,2021-2022,55,0,1,0.8639395236968994
10,2021-2022,56,1,1,0.510397732257843
10,2021-2022,57,1,1,0.9400568008422852
10,2021-2022,58,0,0,0.23222623765468597
10,2021-2022,59,1,1,0.8731657266616821
10,2021-2022,60,1,1,0.6859509348869324
10,2021-2022,61,0,1,0.6492986083030701
10,2021-2022,62,0,1,0.8336954116821289
10,2021-2022,63,1,1,0.7665331959724426
10,2021-2022,64,0,1,0.9438398480415344
10,2021-2022,65,0,0,0.18562915921211243
10,2021-2022,66,1,1,0.891956090927124
10,2021-2022,67,0,0,0.2762315571308136
10,2021-2022,68,1,1,0.7661949992179871
10,2021-2022,69,0,1,0.5380779504776001
10,2021-2022,70,0,0,0.2753020226955414
10,2021-2022,71,0,1,0.5583440661430359
10,2021-2022,72,1,1,0.9180902242660522
10,2021-2022,73,1,1,0.7180690765380859
10,2021-2022,74,0,0,0.3993273675441742
10,2021-2022,75,1,1,0.5452866554260254
10,2021-2022,76,1,1,0.8159781098365784
10,2021-2022,77,1,1,0.6825741529464722
10,2021-2022,78,0,1,0.5991215109825134
10,2021-2022,79,0,1,0.8336808681488037
10,2021-2022,80,1,0,0.4887308180332184
10,2021-2022,81,1,0,0.28419214487075806
10,2021-2022,82,1,1,0.6375042796134949
10,2021-2022,83,1,1,0.9591882824897766
10,2021-2022,84,1,1,0.9202419519424438
10,2021-2022,85,1,0,0.2749997079372406
10,2021-2022,86,0,1,0.5808393359184265
10,2021-2022,87,1,0,0.27318447828292847
10,2021-2022,88,1,1,0.9379777312278748
10,2021-2022,89,1,1,0.9021148085594177
10,2021-2022,90,1,1,0.9541699290275574
10,2021-2022,91,1,1,0.7131788730621338
10,2021-2022,92,0,1,0.7953175902366638
10,2021-2022,93,1,1,0.9779264330863953
10,2021-2022,94,1,1,0.9460874199867249
10,2021-2022,95,1,1,0.9575079083442688
10,2021-2022,96,0,1,0.9028113484382629
10,2021-2022,97,0,1,0.5245091319084167
10,2021-2022,98,1,1,0.5893062949180603
10,2021-2022,99,1,1,0.9621282815933228
10,2021-2022,100,1,1,0.9512553215026855
10,2021-2022,101,1,0,0.4586130976676941
10,2021-2022,102,0,0,0.2178814858198166
10,2021-2022,103,0,1,0.523513674736023
10,2021-2022,104,0,0,0.28536465764045715
10,2021-2022,105,1,0,0.36614418029785156
10,2021-2022,106,0,0,0.32201647758483887
10,2021-2022,107,0,1,0.9700127243995667
10,2021-2022,108,1,0,0.3298071026802063
10,2021-2022,109,1,1,0.653441846370697
10,2021-2022,110,1,1,0.6975612640380859
10,2021-2022,111,0,0,0.38382840156555176
10,2021-2022,112,0,1,0.8147961497306824
10,2021-2022,113,1,1,0.9711025357246399
10,2021-2022,114,1,1,0.7495814561843872
10,2021-2022,115,1,1,0.6371022462844849
10,2021-2022,116,1,0,0.3088452219963074
10,2021-2022,117,0,1,0.8749344348907471
10,2021-2022,118,1,1,0.9335983395576477
10,2021-2022,119,1,1,0.5593510866165161
10,2021-2022,120,1,0,0.10282353311777115
10,2021-2022,121,0,1,0.7410483360290527
10,2021-2022,122,1,1,0.702192485332489
10,2021-2022,123,1,1,0.5486133098602295
10,2021-2022,124,1,1,0.9685386419296265
10,2021-2022,125,1,1,0.8146428465843201
10,2021-2022,126,0,0,0.2781761586666107
10,2021-2022,127,1,1,0.5141072869300842
10,2021-2022,128,1,1,0.8853300213813782
10,2021-2022,129,0,1,0.8334540128707886
10,2021-2022,130,1,1,0.6927581429481506
10,2021-2022,131,1,1,0.8160573840141296
10,2021-2022,132,0,0,0.3378708064556122
10,2021-2022,133,1,1,0.9321574568748474
10,2021-2022,134,1,0,0.09815706312656403
10,2021-2022,135,1,1,0.6105689406394958
10,2021-2022,136,0,0,0.4283541440963745
10,2021-2022,137,1,1,0.791877269744873
10,2021-2022,138,1,1,0.8435675501823425
10,2021-2022,139,1,0,0.303301602602005
10,2021-2022,140,1,1,0.6255106329917908
10,2021-2022,141,1,0,0.47849223017692566
10,2021-2022,142,1,1,0.568242609500885
10,2021-2022,143,0,0,0.3131181597709656
10,2021-2022,144,0,0,0.3897550106048584
10,2021-2022,145,1,1,0.8312134146690369
10,2021-2022,146,1,1,0.9110662341117859
10,2021-2022,147,1,1,0.8498567342758179
10,2021-2022,148,0,0,0.1388072967529297
10,2021-2022,149,1,1,0.5230081081390381
10,2021-2022,150,1,0,0.18704667687416077
10,2021-2022,151,0,0,0.09073853492736816
10,2021-2022,152,1,1,0.9228693246841431
10,2021-2022,153,0,1,0.8162228465080261
10,2021-2022,154,0,0,0.20167914032936096
10,2021-2022,155,1,1,0.724795937538147
10,2021-2022,156,1,1,0.7978535890579224
10,2021-2022,157,1,1,0.6329998970031738
10,2021-2022,158,1,1,0.9676904082298279
10,2021-2022,159,1,1,0.5936321020126343
10,2021-2022,160,0,1,0.6707046031951904
10,2021-2022,161,0,1,0.8072804808616638
10,2021-2022,162,1,1,0.9034179449081421
10,2021-2022,163,1,1,0.8954985737800598
10,2021-2022,164,1,1,0.9388287663459778
10,2021-2022,165,1,1,0.5297820568084717
10,2021-2022,166,1,1,0.9487932920455933
10,2021-2022,167,1,1,0.902779221534729
10,2021-2022,168,0,1,0.6106844544410706
10,2021-2022,169,1,1,0.6497990489006042
10,2021-2022,170,1,1,0.791530966758728
10,2021-2022,171,1,1,0.8401269316673279
10,2021-2022,172,1,1,0.6580182909965515
10,2021-2022,173,1,1,0.9380213618278503
10,2021-2022,174,0,1,0.8677671551704407
10,2021-2022,175,0,1,0.5918658971786499
10,2021-2022,176,1,1,0.7230116128921509
10,2021-2022,177,0,0,0.4869154691696167
10,2021-2022,178,1,0,0.3153701424598694
10,2021-2022,179,1,1,0.7882026433944702
10,2021-2022,180,0,0,0.3912975788116455
10,2021-2022,181,0,1,0.819664716720581
10,2021-2022,182,1,1,0.9518662691116333
10,2021-2022,183,1,1,0.9519443511962891
10,2021-2022,184,1,1,0.9716625809669495
10,2021-2022,185,0,1,0.7677927017211914
10,2021-2022,186,1,1,0.5561920404434204
10,2021-2022,187,0,1,0.6064218282699585
10,2021-2022,188,1,1,0.9648491740226746
10,2021-2022,189,1,1,0.9372244477272034
10,2021-2022,190,1,1,0.6261977553367615
10,2021-2022,191,1,1,0.6477519273757935
10,2021-2022,192,0,0,0.34960854053497314
10,2021-2022,193,0,0,0.47854071855545044
10,2021-2022,194,1,1,0.5496554970741272
10,2021-2022,195,0,0,0.11940812319517136
10,2021-2022,196,1,1,0.967380166053772
10,2021-2022,197,0,1,0.6934299468994141
10,2021-2022,198,1,1,0.9760785102844238
10,2021-2022,199,1,1,0.9210340976715088
10,2021-2022,200,0,0,0.31501734256744385
10,2021-2022,201,1,1,0.9774157404899597
10,2021-2022,202,1,1,0.7318402528762817
10,2021-2022,203,1,1,0.9199476838111877
10,2021-2022,204,0,0,0.4284304082393646
10,2021-2022,205,1,0,0.3620588779449463
10,2021-2022,206,0,1,0.5845193862915039
10,2021-2022,207,0,1,0.6949065327644348
10,2021-2022,208,0,0,0.1999063342809677
10,2021-2022,209,0,1,0.5311824083328247
10,2021-2022,210,1,0,0.2070438712835312
10,2021-2022,211,0,0,0.21631228923797607
10,2021-2022,212,1,1,0.9795017838478088
10,2021-2022,213,1,1,0.98216313123703
10,2021-2022,214,0,0,0.21211881935596466
10,2021-2022,215,1,1,0.9814425110816956
10,2021-2022,216,1,1,0.9646364450454712
10,2021-2022,217,1,1,0.6315683126449585
10,2021-2022,218,0,1,0.6067514419555664
10,2021-2022,219,1,0,0.47476744651794434
10,2021-2022,220,1,1,0.9830071926116943
10,2021-2022,221,0,0,0.3764633536338806
10,2021-2022,222,0,0,0.2603738307952881
10,2021-2022,223,0,0,0.13499805331230164
10,2021-2022,224,1,0,0.4902724027633667
10,2021-2022,225,1,0,0.22983470559120178
10,2021-2022,226,0,0,0.23703382909297943
10,2021-2022,227,1,1,0.6749261021614075
10,2021-2022,228,0,1,0.7119624614715576
10,2021-2022,229,1,1,0.906915545463562
10,2021-2022,230,1,1,0.5570185780525208
10,2021-2022,231,0,1,0.7073513269424438
10,2021-2022,232,1,1,0.9781122803688049
10,2021-2022,233,1,1,0.7665117979049683
10,2021-2022,234,0,0,0.4814326763153076
10,2021-2022,235,0,1,0.5559001564979553
10,2021-2022,236,1,1,0.97483891248703
10,2021-2022,237,1,0,0.22533874213695526
10,2021-2022,238,1,0,0.2919788062572479
10,2021-2022,239,1,1,0.9609232544898987
10,2021-2022,240,1,1,0.752043604850769
10,2021-2022,241,1,1,0.9739999771118164
10,2021-2022,242,0,1,0.7667163014411926
10,2021-2022,243,0,1,0.5079566240310669
10,2021-2022,244,1,0,0.44141796231269836
10,2021-2022,245,0,0,0.4987831115722656
10,2021-2022,246,1,0,0.43176043033599854
10,2021-2022,247,0,0,0.35523080825805664
10,2021-2022,248,0,0,0.4970068037509918
10,2021-2022,249,1,1,0.976614773273468
10,2021-2022,250,0,0,0.3107891082763672
10,2021-2022,251,0,1,0.7666912078857422
10,2021-2022,252,0,1,0.6148348450660706
10,2021-2022,253,1,0,0.4826553463935852
10,2021-2022,254,0,1,0.5101736187934875
10,2021-2022,255,1,1,0.5958053469657898
10,2021-2022,256,1,1,0.6205090880393982
10,2021-2022,257,0,0,0.30110079050064087
10,2021-2022,258,0,1,0.5581151247024536
10,2021-2022,259,1,0,0.16037191450595856
10,2021-2022,260,1,0,0.21180200576782227
10,2021-2022,261,0,1,0.584640622138977
10,2021-2022,262,1,0,0.4220883250236511
10,2021-2022,263,1,0,0.2539151906967163
10,2021-2022,264,0,1,0.6014836430549622
10,2021-2022,265,1,1,0.7258077263832092
10,2021-2022,266,1,1,0.9723259806632996
10,2021-2022,267,1,1,0.962057888507843
10,2021-2022,268,1,0,0.28043925762176514
10,2021-2022,269,1,1,0.979857861995697
10,2021-2022,270,1,1,0.9285902976989746
10,2021-2022,271,1,1,0.9825817346572876
10,2021-2022,272,1,1,0.7950039505958557
10,2021-2022,273,1,1,0.9798160791397095
10,2021-2022,274,1,1,0.9847823977470398
10,2021-2022,275,0,1,0.5911664366722107
10,2021-2022,276,1,0,0.20776186883449554
10,2021-2022,277,0,0,0.3281433582305908
10,2021-2022,278,0,1,0.812188982963562
10,2021-2022,279,0,0,0.38265296816825867
10,2021-2022,280,0,0,0.3541679084300995
10,2021-2022,281,0,0,0.4576979875564575
10,2021-2022,282,0,1,0.6233554482460022
10,2021-2022,283,1,1,0.6173008680343628
10,2021-2022,284,1,1,0.6166389584541321
10,2021-2022,285,1,1,0.9816510677337646
10,2021-2022,286,1,1,0.6479256749153137
10,2021-2022,287,0,1,0.5677950978279114
10,2021-2022,288,0,0,0.2616717219352722
10,2021-2022,289,0,0,0.46526190638542175
10,2021-2022,290,1,0,0.2886548936367035
10,2021-2022,291,1,0,0.46922093629837036
10,2021-2022,292,0,1,0.8644243478775024
10,2021-2022,293,1,1,0.7740989327430725
10,2022-2023,11,0,0,0.2961769700050354
10,2022-2023,12,1,0,0.27272728085517883
10,2022-2023,13,1,1,0.5587888956069946
10,2022-2023,14,0,0,0.19300733506679535
10,2022-2023,15,1,1,0.569164514541626
10,2022-2023,16,1,0,0.1865011751651764
10,2022-2023,17,1,0,0.23088057339191437
10,2022-2023,18,1,0,0.41381803154945374
10,2022-2023,19,0,1,0.5795436501502991
10,2022-2023,20,1,0,0.14231005311012268
10,2022-2023,21,0,1,0.6514157056808472
10,2022-2023,22,1,0,0.31803765892982483
10,2022-2023,23,0,1,0.5211972594261169
10,2022-2023,24,1,0,0.09216170012950897
10,2022-2023,25,1,1,0.6430504322052002
10,2022-2023,26,0,0,0.23011109232902527
10,2022-2023,27,0,1,0.6549757719039917
10,2022-2023,28,0,1,0.7194621562957764
10,2022-2023,29,1,1,0.7325533032417297
10,2022-2023,30,1,0,0.49058276414871216
10,2022-2023,31,1,0,0.05584265664219856
10,2022-2023,32,0,1,0.7887012362480164
10,2022-2023,33,1,0,0.09092952311038971
10,2022-2023,34,1,0,0.12286340445280075
10,2022-2023,35,1,1,0.7992964386940002
10,2022-2023,36,0,1,0.7104235887527466
10,2022-2023,37,0,1,0.5320274233818054
10,2022-2023,38,0,1,0.8558686971664429
10,2022-2023,39,1,0,0.4926100969314575
10,2022-2023,40,1,1,0.6878564357757568
10,2022-2023,41,1,1,0.5279731750488281
10,2022-2023,42,0,0,0.42791450023651123
10,2022-2023,43,1,0,0.32309815287590027
10,2022-2023,44,0,1,0.6179987192153931
10,2022-2023,45,1,1,0.7895717024803162
10,2022-2023,46,1,1,0.5215545892715454
10,2022-2023,47,1,0,0.20749254524707794
10,2022-2023,48,0,1,0.7325257658958435
10,2022-2023,49,1,1,0.9138293266296387
10,2022-2023,50,1,0,0.378222793340683
10,2022-2023,51,1,1,0.9210172891616821
10,2022-2023,52,1,1,0.9485881924629211
10,2022-2023,53,0,1,0.6680426001548767
10,2022-2023,54,1,1,0.5570485591888428
10,2022-2023,55,1,1,0.962794840335846
10,2022-2023,56,0,0,0.43440914154052734
10,2022-2023,57,0,0,0.48832595348358154
10,2022-2023,58,0,1,0.709068238735199
10,2022-2023,59,1,1,0.9580144286155701
10,2022-2023,60,0,0,0.23624169826507568
10,2022-2023,61,1,0,0.33527788519859314
10,2022-2023,62,0,0,0.28634655475616455
10,2022-2023,63,0,0,0.1696460247039795
10,2022-2023,64,0,0,0.3100004494190216
10,2022-2023,65,1,1,0.9594560861587524
10,2022-2023,66,1,1,0.9621491432189941
10,2022-2023,67,1,0,0.14546778798103333
10,2022-2023,68,1,1,0.9303081631660461
10,2022-2023,69,1,1,0.7299562692642212
10,2022-2023,70,0,0,0.49723511934280396
10,2022-2023,71,1,1,0.9709436893463135
10,2022-2023,72,1,0,0.46981674432754517
10,2022-2023,73,0,1,0.9730560183525085
10,2022-2023,74,1,1,0.9139519333839417
10,2022-2023,75,1,1,0.9013185501098633
10,2022-2023,76,0,0,0.3004433214664459
10,2022-2023,77,0,1,0.8822586536407471
10,2022-2023,78,0,1,0.9359453916549683
10,2022-2023,79,1,1,0.9365804195404053
10,2022-2023,80,0,1,0.6210097074508667
10,2022-2023,81,0,0,0.44388139247894287
10,2022-2023,82,0,0,0.26271963119506836
10,2022-2023,83,1,1,0.6639358997344971
10,2022-2023,84,0,0,0.17204149067401886
10,2022-2023,85,0,0,0.2549205422401428
10,2022-2023,86,1,1,0.6727415323257446
10,2022-2023,87,0,1,0.6862161159515381
10,2022-2023,88,0,1,0.8629677295684814
10,2022-2023,89,0,1,0.5098206996917725
10,2022-2023,90,1,1,0.8262204527854919
10,2022-2023,91,1,1,0.5406578779220581
10,2022-2023,92,1,0,0.18623928725719452
10,2022-2023,93,0,1,0.65542072057724
10,2022-2023,94,0,0,0.2989217936992645
10,2022-2023,95,1,0,0.33496278524398804
10,2022-2023,96,0,1,0.9195362329483032
10,2022-2023,97,0,1,0.6656686067581177
10,2022-2023,98,1,0,0.19540153443813324
10,2022-2023,99,0,0,0.39131468534469604
10,2022-2023,100,1,1,0.7333526611328125
10,2022-2023,101,0,0,0.09105443209409714
10,2022-2023,102,0,0,0.12147291004657745
10,2022-2023,103,1,1,0.7396273612976074
10,2022-2023,104,1,1,0.7007654905319214
10,2022-2023,105,1,0,0.32584846019744873
10,2022-2023,106,0,0,0.4159153699874878
10,2022-2023,107,1,0,0.07721880823373795
10,2022-2023,108,1,1,0.9071879982948303
10,2022-2023,109,1,1,0.9468786120414734
10,2022-2023,110,1,1,0.7008764743804932
10,2022-2023,111,0,0,0.12384689599275589
10,2022-2023,112,1,0,0.1308477222919464
10,2022-2023,113,1,1,0.9540417790412903
10,2022-2023,114,0,0,0.40648385882377625
10,2022-2023,115,1,1,0.9427465796470642
10,2022-2023,116,1,0,0.43234530091285706
10,2022-2023,117,1,0,0.43842801451683044
10,2022-2023,118,0,1,0.5142809748649597
10,2022-2023,119,1,1,0.766659677028656
10,2022-2023,120,0,1,0.5437363386154175
10,2022-2023,121,0,1,0.9630481600761414
10,2022-2023,122,0,1,0.625982940196991
10,2022-2023,123,0,1,0.5793591141700745
10,2022-2023,124,1,1,0.9035028219223022
10,2022-2023,125,0,0,0.08623690158128738
10,2022-2023,126,0,1,0.713244616985321
10,2022-2023,127,1,1,0.7301252484321594
10,2022-2023,128,0,0,0.10925687104463577
10,2022-2023,129,0,1,0.8008676171302795
10,2022-2023,130,1,1,0.8538808226585388
10,2022-2023,131,1,0,0.33606114983558655
10,2022-2023,132,1,1,0.9551055431365967
10,2022-2023,133,1,1,0.8963720202445984
10,2022-2023,134,0,1,0.7956559062004089
10,2022-2023,135,1,1,0.61052405834198
10,2022-2023,136,1,1,0.54058837890625
10,2022-2023,137,1,0,0.23568454384803772
10,2022-2023,138,1,1,0.9545852541923523
10,2022-2023,139,0,1,0.6708177328109741
10,2022-2023,140,0,1,0.5439378023147583
10,2022-2023,141,1,0,0.4077514111995697
10,2022-2023,142,1,0,0.17069602012634277
10,2022-2023,143,0,0,0.13025513291358948
10,2022-2023,144,0,0,0.37242963910102844
10,2022-2023,145,0,1,0.6591415405273438
10,2022-2023,146,0,0,0.4555552005767822
10,2022-2023,147,1,1,0.59992516040802
10,2022-2023,148,1,0,0.4482950270175934
10,2022-2023,149,0,0,0.3552708029747009
10,2022-2023,150,1,1,0.9610075354576111
10,2022-2023,151,1,1,0.9720895886421204
10,2022-2023,152,0,0,0.3882947564125061
10,2022-2023,153,0,1,0.5441834330558777
10,2022-2023,154,0,1,0.9346399903297424
10,2022-2023,155,0,1,0.603453516960144
10,2022-2023,156,0,0,0.39111489057540894
10,2022-2023,157,1,1,0.9682729840278625
10,2022-2023,158,0,1,0.5038020610809326
10,2022-2023,159,0,0,0.14192120730876923
10,2022-2023,160,1,0,0.3928159177303314
10,2022-2023,161,0,0,0.13030891120433807
10,2022-2023,162,0,0,0.44018855690956116
10,2022-2023,163,1,1,0.8802645802497864
10,2022-2023,164,0,0,0.3230387270450592
10,2022-2023,165,1,1,0.6205014586448669
10,2022-2023,166,1,0,0.11208939552307129
10,2022-2023,167,1,0,0.26109763979911804
10,2022-2023,168,0,0,0.4276256859302521
10,2022-2023,169,1,0,0.4784221053123474
10,2022-2023,170,1,1,0.8848149180412292
10,2022-2023,171,1,0,0.17362385988235474
10,2022-2023,172,1,0,0.3806867003440857
10,2022-2023,173,0,1,0.5242825746536255
10,2022-2023,174,0,0,0.29128047823905945
10,2022-2023,175,1,1,0.7522492408752441
10,2022-2023,176,1,1,0.729084849357605
10,2022-2023,177,0,1,0.8282409906387329
10,2022-2023,178,0,0,0.4096546173095703
10,2022-2023,179,1,0,0.46385571360588074
10,2022-2023,180,1,1,0.6718562841415405
10,2022-2023,181,1,1,0.5906339287757874
10,2022-2023,182,0,0,0.16607315838336945
10,2022-2023,183,1,0,0.18856020271778107
10,2022-2023,184,0,0,0.469119131565094
10,2022-2023,185,0,1,0.778200626373291
10,2022-2023,186,1,1,0.9423316121101379
10,2022-2023,187,1,1,0.9510679841041565
10,2022-2023,188,1,0,0.3304624855518341
10,2022-2023,189,1,0,0.4544976055622101
10,2022-2023,190,1,1,0.7565887570381165
10,2022-2023,191,0,0,0.2935405671596527
10,2022-2023,192,0,1,0.6397151947021484
10,2022-2023,193,0,0,0.4635242521762848
10,2022-2023,194,1,0,0.3369259238243103
10,2022-2023,195,0,0,0.32653680443763733
10,2022-2023,196,0,1,0.5902099609375
10,2022-2023,197,1,1,0.5276492238044739
10,2022-2023,198,0,0,0.35641247034072876
10,2022-2023,199,1,0,0.18324613571166992
10,2022-2023,200,1,1,0.5246734619140625
10,2022-2023,201,1,0,0.4023323655128479
10,2022-2023,202,0,0,0.28836309909820557
10,2022-2023,203,1,0,0.4572683572769165
10,2022-2023,204,1,0,0.3937172293663025
10,2022-2023,205,1,0,0.47002238035202026
10,2022-2023,206,1,0,0.1693948209285736
10,2022-2023,207,1,1,0.5808318853378296
10,2022-2023,208,1,0,0.41372254490852356
10,2022-2023,209,1,0,0.4719430208206177
10,2022-2023,210,1,1,0.6913866400718689
10,2022-2023,211,1,1,0.5800134539604187
10,2022-2023,212,1,1,0.6120582818984985
10,2022-2023,213,1,1,0.6694441437721252
10,2022-2023,214,1,0,0.4272826015949249
10,2022-2023,215,0,0,0.2179647982120514
10,2022-2023,216,1,1,0.762921929359436
10,2022-2023,217,0,0,0.46574532985687256
10,2022-2023,218,0,0,0.39063403010368347
10,2022-2023,219,1,0,0.21892251074314117
10,2022-2023,220,0,0,0.401638388633728
10,2022-2023,221,0,1,0.8859747052192688
10,2022-2023,222,0,0,0.19120052456855774
10,2022-2023,223,0,1,0.5180864930152893
10,2022-2023,224,0,0,0.15963320434093475
10,2022-2023,225,1,1,0.7423782348632812
10,2022-2023,226,0,0,0.2840457558631897
10,2022-2023,227,0,0,0.09722194075584412
10,2022-2023,228,1,1,0.6193855404853821
10,2022-2023,229,1,1,0.9434331059455872
10,2022-2023,230,1,0,0.490001380443573
10,2022-2023,231,1,0,0.1737392246723175
10,2022-2023,232,1,0,0.3643888831138611
10,2022-2023,233,0,0,0.4783225357532501
10,2022-2023,234,0,1,0.5281893014907837
10,2022-2023,235,0,1,0.9374656677246094
10,2022-2023,236,1,1,0.9649538397789001
10,2022-2023,237,1,1,0.9427245259284973
10,2022-2023,238,0,1,0.8092861771583557
10,2022-2023,239,1,1,0.8280345797538757
10,2022-2023,240,0,0,0.41553938388824463
10,2022-2023,241,0,0,0.2807474434375763
10,2022-2023,242,1,1,0.8775492310523987
10,2022-2023,243,1,1,0.975585401058197
10,2022-2023,244,1,0,0.2204066812992096
10,2022-2023,245,0,0,0.4325762093067169
10,2022-2023,246,1,0,0.4744114577770233
10,2022-2023,247,1,1,0.6771968007087708
10,2022-2023,248,0,0,0.29906728863716125
10,2022-2023,249,0,0,0.24083730578422546
10,2022-2023,250,1,1,0.7435123324394226
10,2022-2023,251,1,1,0.5150830149650574
10,2022-2023,252,1,1,0.6887111663818359
10,2022-2023,253,1,1,0.8154540061950684
10,2022-2023,254,1,1,0.5725860595703125
10,2022-2023,255,0,1,0.7117366790771484
10,2022-2023,256,0,0,0.23380950093269348
10,2022-2023,257,1,1,0.8909790515899658
10,2022-2023,258,1,1,0.9117308855056763
10,2022-2023,259,1,1,0.6684845685958862
10,2022-2023,260,1,1,0.9053799510002136
10,2022-2023,261,1,1,0.9686994552612305
10,2022-2023,262,0,1,0.8570188283920288
10,2022-2023,263,1,0,0.28075048327445984
10,2022-2023,264,0,0,0.37847965955734253
10,2022-2023,265,1,0,0.37990444898605347
10,2022-2023,266,0,0,0.3331548571586609
10,2022-2023,267,1,1,0.5074559450149536
10,2022-2023,268,1,0,0.3424537181854248
10,2022-2023,269,1,1,0.9269183278083801
10,2022-2023,270,0,1,0.585237979888916
10,2022-2023,271,1,1,0.6989060640335083
10,2022-2023,272,1,1,0.9192166924476624
10,2022-2023,273,1,1,0.5625001192092896
10,2022-2023,274,1,0,0.40588629245758057
10,2022-2023,275,0,1,0.9067738056182861
10,2022-2023,276,1,1,0.5116844177246094
10,2022-2023,277,1,0,0.49137967824935913
10,2022-2023,278,0,0,0.25802719593048096
10,2022-2023,279,0,0,0.3221203684806824
10,2022-2023,280,0,1,0.5580568313598633
10,2022-2023,281,1,0,0.170698881149292
10,2022-2023,282,0,1,0.7377315163612366
10,2022-2023,283,1,0,0.17896972596645355
10,2022-2023,284,1,1,0.5627749562263489
10,2022-2023,285,1,1,0.5817005634307861
10,2022-2023,286,0,1,0.9353249669075012
10,2022-2023,287,1,1,0.8943660259246826
10,2022-2023,288,1,0,0.4756816625595093
10,2022-2023,289,1,1,0.8715246915817261
10,2022-2023,290,0,1,0.9541972875595093
10,2022-2023,291,1,1,0.7928475737571716
10,2022-2023,292,1,1,0.5123611092567444
10,2022-2023,293,1,0,0.4000200033187866
10,2022-2023,294,1,1,0.7885103821754456
10,2022-2023,295,0,1,0.8030417561531067
10,2022-2023,296,0,1,0.7329895496368408
10,2022-2023,297,1,1,0.582068145275116
10,2022-2023,298,0,1,0.6466934084892273
10,2022-2023,299,0,1,0.5255945920944214
10,2022-2023,300,0,1,0.6193686127662659
10,2022-2023,301,0,0,0.36622145771980286
10,2023-2024,11,0,0,0.29602310061454773
10,2023-2024,12,1,1,0.534843921661377
10,2023-2024,13,1,0,0.19126848876476288
10,2023-2024,14,1,0,0.300486296415329
10,2023-2024,15,0,0,0.4158875048160553
10,2023-2024,16,1,0,0.139329731464386
10,2023-2024,17,1,0,0.36739879846572876
10,2023-2024,18,0,1,0.6395080089569092
10,2023-2024,19,0,0,0.3468145728111267
10,2023-2024,20,1,0,0.12096568197011948
10,2023-2024,21,1,1,0.5995450615882874
10,2023-2024,22,1,1,0.8625145554542542
10,2023-2024,23,0,0,0.305915504693985
10,2023-2024,24,1,1,0.5617523789405823
10,2023-2024,25,1,0,0.24308301508426666
10,2023-2024,26,1,1,0.8509400486946106
10,2023-2024,27,0,1,0.7562869787216187
10,2023-2024,28,0,1,0.5295762419700623
10,2023-2024,29,1,0,0.10876843333244324
10,2023-2024,30,0,1,0.5826780796051025
10,2023-2024,31,1,1,0.5402594804763794
10,2023-2024,32,0,1,0.6572806239128113
10,2023-2024,33,0,0,0.4851842224597931
10,2023-2024,34,0,0,0.38913607597351074
10,2023-2024,35,0,0,0.4016054570674896
10,2023-2024,36,0,0,0.18552333116531372
10,2023-2024,37,0,0,0.17854253947734833
10,2023-2024,38,1,0,0.1556691825389862
10,2023-2024,39,1,0,0.3272196054458618
10,2023-2024,40,1,1,0.8712517619132996
10,2023-2024,41,0,1,0.7844530344009399
10,2023-2024,42,1,1,0.8025656342506409
10,2023-2024,43,1,1,0.9248183965682983
10,2023-2024,44,1,0,0.38702166080474854
10,2023-2024,45,1,1,0.725109338760376
10,2023-2024,46,1,0,0.07612494379281998
10,2023-2024,47,0,1,0.9439505338668823
10,2023-2024,48,1,1,0.6946290731430054
10,2023-2024,49,1,0,0.48011764883995056
10,2023-2024,50,1,1,0.7687981724739075
10,2023-2024,51,1,0,0.219816192984581
10,2023-2024,52,0,1,0.7568512558937073
10,2023-2024,53,0,0,0.46844470500946045
10,2023-2024,54,0,1,0.8188661336898804
10,2023-2024,55,1,1,0.772127091884613
10,2023-2024,56,0,1,0.732429027557373
10,2023-2024,57,1,0,0.3227654993534088
10,2023-2024,58,1,1,0.7204104661941528
10,2023-2024,59,1,1,0.8861101269721985
10,2023-2024,60,1,0,0.25196191668510437
10,2023-2024,61,1,1,0.678998589515686
10,2023-2024,62,1,1,0.7691256403923035
10,2023-2024,63,1,1,0.7704619765281677
10,2023-2024,64,1,1,0.8725285530090332
10,2023-2024,65,1,1,0.8900484442710876
10,2023-2024,66,1,1,0.9086840748786926
10,2023-2024,67,1,1,0.9011837840080261
10,2023-2024,68,0,1,0.7947735786437988
10,2023-2024,69,0,0,0.16734278202056885
10,2023-2024,70,1,1,0.7238613963127136
10,2023-2024,71,1,1,0.8242896795272827
10,2023-2024,72,1,1,0.9604005217552185
10,2023-2024,73,1,1,0.9599791765213013
10,2023-2024,74,0,1,0.5864138603210449
10,2023-2024,75,0,1,0.9702698588371277
10,2023-2024,76,1,1,0.5473230481147766
10,2023-2024,77,1,1,0.6698686480522156
10,2023-2024,78,1,1,0.7495380640029907
10,2023-2024,79,0,1,0.8936387896537781
10,2023-2024,80,0,1,0.9211000204086304
10,2023-2024,81,1,1,0.7650836110115051
10,2023-2024,82,1,1,0.9110352993011475
10,2023-2024,83,0,1,0.6654772758483887
10,2023-2024,84,1,0,0.37987738847732544
10,2023-2024,85,1,1,0.7022966742515564
10,2023-2024,86,0,1,0.6007490158081055
10,2023-2024,87,0,1,0.6394500732421875
10,2023-2024,88,1,1,0.5522015690803528
10,2023-2024,89,0,1,0.8884420990943909
10,2023-2024,90,0,0,0.17610067129135132
10,2023-2024,91,1,1,0.8816460967063904
10,2023-2024,92,1,1,0.806089460849762
10,2023-2024,93,0,0,0.4650740623474121
10,2023-2024,94,0,0,0.4535190165042877
10,2023-2024,95,1,1,0.8106608390808105
10,2023-2024,96,0,0,0.19431716203689575
10,2023-2024,97,0,1,0.9153340458869934
10,2023-2024,98,0,1,0.8564205765724182
10,2023-2024,99,1,1,0.7103363871574402
10,2023-2024,100,0,1,0.7294020652770996
10,2023-2024,101,0,0,0.31075286865234375
10,2023-2024,102,1,1,0.6536791324615479
10,2023-2024,103,1,0,0.09234974533319473
10,2023-2024,104,1,1,0.581661581993103
10,2023-2024,105,0,0,0.39006003737449646
10,2023-2024,106,1,1,0.797623872756958
10,2023-2024,107,0,1,0.7594258189201355
10,2023-2024,108,1,0,0.2654693126678467
10,2023-2024,109,1,1,0.8139621019363403
10,2023-2024,110,1,1,0.8366671204566956
10,2023-2024,111,0,1,0.836014449596405
10,2023-2024,112,0,1,0.5914978981018066
10,2023-2024,113,1,1,0.8801636099815369
10,2023-2024,114,1,1,0.7046794295310974
10,2023-2024,115,1,0,0.3439660966396332
10,2023-2024,116,1,1,0.5273863673210144
10,2023-2024,117,0,0,0.290205180644989
10,2023-2024,118,1,1,0.8707854747772217
10,2023-2024,119,0,0,0.23157991468906403
10,2023-2024,120,0,0,0.21141290664672852
10,2023-2024,121,1,0,0.43659064173698425
10,2023-2024,122,1,1,0.7670800089836121
10,2023-2024,123,1,1,0.6643822193145752
10,2023-2024,124,0,0,0.4141899049282074
10,2023-2024,125,0,1,0.7105419039726257
10,2023-2024,126,1,1,0.8938893675804138
10,2023-2024,127,0,0,0.4376409947872162
10,2023-2024,128,0,1,0.8609110713005066
10,2023-2024,129,1,0,0.379272997379303
10,2023-2024,130,0,0,0.2666699290275574
10,2023-2024,131,0,0,0.1056390106678009
10,2023-2024,132,1,0,0.49241572618484497
10,2023-2024,133,1,1,0.8454678058624268
10,2023-2024,134,1,1,0.6268476247787476
10,2023-2024,135,1,1,0.752031147480011
10,2023-2024,136,0,0,0.21701902151107788
10,2023-2024,137,1,1,0.7556090354919434
10,2023-2024,138,0,1,0.623091995716095
10,2023-2024,139,0,0,0.48469221591949463
10,2023-2024,140,1,1,0.8630750775337219
10,2023-2024,141,1,1,0.782662570476532
10,2023-2024,142,1,1,0.8940139412879944
10,2023-2024,143,1,1,0.747364342212677
10,2023-2024,144,1,1,0.7531574368476868
10,2023-2024,145,0,0,0.3484884202480316
10,2023-2024,146,0,0,0.34915152192115784
10,2023-2024,147,1,0,0.4697854816913605
10,2023-2024,148,1,0,0.49046996235847473
10,2023-2024,149,1,1,0.6052125692367554
10,2023-2024,150,0,1,0.6638854742050171
10,2023-2024,151,1,1,0.7867797017097473
10,2023-2024,152,1,1,0.880813717842102
10,2023-2024,153,1,1,0.8205264806747437
10,2023-2024,154,1,1,0.7929213643074036
10,2023-2024,155,0,0,0.12669669091701508
10,2023-2024,156,0,1,0.8731389045715332
10,2023-2024,157,0,0,0.05565207451581955
10,2023-2024,158,0,0,0.31542128324508667
10,2023-2024,159,1,1,0.5855475664138794
10,2023-2024,160,0,0,0.45265626907348633
10,2023-2024,161,0,0,0.36931702494621277
10,2023-2024,162,0,0,0.1751605123281479
10,2023-2024,163,0,1,0.6585816144943237
10,2023-2024,164,0,1,0.7405943274497986
10,2023-2024,165,0,1,0.570112407207489
10,2023-2024,166,1,0,0.19602720439434052
10,2023-2024,167,1,1,0.7282677888870239
10,2023-2024,168,0,0,0.17968767881393433
10,2023-2024,169,1,0,0.221133291721344
10,2023-2024,170,0,1,0.6641524434089661
10,2023-2024,171,0,0,0.3152203857898712
10,2023-2024,172,1,0,0.10759679973125458
10,2023-2024,173,1,1,0.6297840476036072
10,2023-2024,174,1,1,0.8364973664283752
10,2023-2024,175,0,1,0.7646172046661377
10,2023-2024,176,1,0,0.2810126841068268
10,2023-2024,177,1,1,0.9107497334480286
10,2023-2024,178,0,1,0.8022529482841492
10,2023-2024,179,1,1,0.6119680404663086
10,2023-2024,180,0,1,0.7214524745941162
10,2023-2024,181,0,1,0.6676159501075745
10,2023-2024,182,1,0,0.20629996061325073
10,2023-2024,183,1,1,0.7066962718963623
10,2023-2024,184,0,0,0.2660849392414093
10,2023-2024,185,1,1,0.6753877401351929
10,2023-2024,186,0,1,0.8631594181060791
10,2023-2024,187,0,0,0.1561930924654007
10,2023-2024,188,0,0,0.21369488537311554
10,2023-2024,189,0,1,0.6069828867912292
10,2023-2024,190,1,1,0.5138174891471863
10,2023-2024,191,1,1,0.7091490030288696
10,2023-2024,192,1,1,0.8704326748847961
10,2023-2024,193,1,1,0.8934668898582458
10,2023-2024,194,1,0,0.18891727924346924
10,2023-2024,195,1,1,0.8809407949447632
10,2023-2024,196,1,0,0.497717946767807
10,2023-2024,197,1,0,0.4442199170589447
10,2023-2024,198,1,1,0.7754533290863037
10,2023-2024,199,1,0,0.42510494589805603
10,2023-2024,200,1,1,0.8602482676506042
10,2023-2024,201,1,1,0.8816338777542114
10,2023-2024,202,0,1,0.8204385638237
10,2023-2024,203,1,1,0.9170414209365845
10,2023-2024,204,0,1,0.8695759773254395
10,2023-2024,205,0,1,0.89417564868927
10,2023-2024,206,0,1,0.8921379446983337
10,2023-2024,207,0,0,0.19931386411190033
10,2023-2024,208,0,1,0.5275796055793762
10,2023-2024,209,1,0,0.2736606299877167
10,2023-2024,210,0,1,0.7503957748413086
10,2023-2024,211,0,0,0.3603205978870392
10,2023-2024,212,1,1,0.899711549282074
10,2023-2024,213,1,0,0.03325538709759712
10,2023-2024,214,0,1,0.5942760109901428
10,2023-2024,215,1,0,0.40559515357017517
10,2023-2024,216,1,1,0.6813405752182007
10,2023-2024,217,0,0,0.2830564081668854
10,2023-2024,218,0,1,0.5766501426696777
10,2023-2024,219,0,0,0.2326914370059967
10,2023-2024,220,1,0,0.4701366722583771
10,2023-2024,221,1,1,0.6242197751998901
10,2023-2024,222,1,0,0.48055243492126465
10,2023-2024,223,0,1,0.5346067547798157
10,2023-2024,224,0,1,0.8269626498222351
10,2023-2024,225,1,1,0.5519527792930603
10,2023-2024,226,1,1,0.6269809603691101
10,2023-2024,227,1,1,0.6769659519195557
10,2023-2024,228,1,1,0.5889913439750671
10,2023-2024,229,0,0,0.4096313714981079
10,2023-2024,230,0,1,0.5027435421943665
10,2023-2024,231,0,0,0.16943123936653137
10,2023-2024,232,0,1,0.6225556135177612
10,2023-2024,233,1,1,0.722346842288971
10,2023-2024,234,1,0,0.2536396384239197
10,2023-2024,235,0,1,0.6752079129219055
10,2023-2024,236,1,0,0.3310878276824951
10,2023-2024,237,1,1,0.657500147819519
10,2023-2024,238,1,1,0.8102898001670837
10,2023-2024,239,0,0,0.39748674631118774
10,2023-2024,240,0,1,0.6366904377937317
10,2023-2024,241,1,1,0.8075672388076782
10,2023-2024,242,0,1,0.5111941695213318
10,2023-2024,243,1,1,0.7509686946868896
10,2023-2024,244,1,1,0.8899857401847839
10,2023-2024,245,1,1,0.699100136756897
10,2023-2024,246,0,0,0.46868011355400085
10,2023-2024,247,1,0,0.3692054748535156
10,2023-2024,248,1,0,0.39572063088417053
10,2023-2024,249,0,1,0.7047509551048279
10,2023-2024,250,1,0,0.46059882640838623
10,2023-2024,251,0,1,0.7191781997680664
10,2023-2024,252,0,0,0.18850775063037872
10,2023-2024,253,0,0,0.1865089386701584
10,2023-2024,254,1,0,0.45597198605537415
10,2023-2024,255,1,1,0.5991512537002563
10,2023-2024,256,1,0,0.49540385603904724
10,2023-2024,257,1,0,0.23653644323349
10,2023-2024,258,0,0,0.19744524359703064
10,2023-2024,259,0,0,0.23874175548553467
10,2023-2024,260,0,1,0.5327621698379517
10,2023-2024,261,1,1,0.8741196393966675
10,2023-2024,262,0,1,0.585688591003418
10,2023-2024,263,1,0,0.2908778786659241
10,2023-2024,264,1,0,0.3662668466567993
10,2023-2024,265,1,1,0.8596265316009521
10,2023-2024,266,1,1,0.5825654864311218
10,2023-2024,267,1,1,0.6465966105461121
10,2023-2024,268,1,1,0.8254005908966064
10,2023-2024,269,1,0,0.4660506546497345
10,2023-2024,270,1,1,0.7721103429794312
10,2023-2024,271,1,1,0.7245160341262817
10,2023-2024,272,0,0,0.3839835822582245
10,2023-2024,273,1,1,0.7599321007728577
10,2023-2024,274,1,0,0.46889162063598633
10,2023-2024,275,1,1,0.5270573496818542
10,2023-2024,276,1,1,0.835344672203064
10,2023-2024,277,0,1,0.6682681441307068
10,2023-2024,278,1,0,0.38095715641975403
10,2023-2024,279,1,1,0.8648118376731873
10,2023-2024,280,1,1,0.855539083480835
10,2023-2024,281,1,0,0.2435397207736969
10,2023-2024,282,0,0,0.4222318232059479
10,2023-2024,283,0,1,0.7325270771980286
10,2023-2024,284,1,1,0.8363243937492371
10,2023-2024,285,1,1,0.7680016160011292
10,2023-2024,286,0,1,0.6903120279312134
10,2023-2024,287,0,0,0.11310423165559769
10,2023-2024,288,0,0,0.06580646336078644
10,2023-2024,289,1,0,0.41893333196640015
10,2023-2024,290,1,1,0.7265270948410034
10,2023-2024,291,1,1,0.6856551170349121
10,2023-2024,292,0,0,0.11862633377313614
10,2023-2024,293,1,1,0.8830286860466003
10,2023-2024,294,1,1,0.6251722574234009
10,2023-2024,295,0,1,0.8775730133056641
10,2023-2024,296,1,1,0.6990808248519897
10,2023-2024,297,0,1,0.5717073082923889
10,2023-2024,298,1,1,0.8134174346923828
10,2023-2024,299,1,0,0.47612449526786804
10,2023-2024,300,0,0,0.4385470151901245
10,2023-2024,301,1,1,0.8643002510070801
10,2023-2024,302,0,1,0.8228379487991333
10,2023-2024,303,1,1,0.8818325996398926
10,2023-2024,304,1,1,0.8548709750175476
10,2023-2024,305,1,1,0.5002872347831726
10,2023-2024,306,1,0,0.49141642451286316
10,2023-2024,307,1,1,0.798688530921936
10,2023-2024,308,1,1,0.6975143551826477
10,2023-2024,309,0,1,0.5447009801864624
10,2023-2024,310,1,0,0.465930700302124
10,2023-2024,311,0,0,0.18709203600883484
10,2023-2024,312,1,1,0.8975201845169067
10,2023-2024,313,1,0,0.25769689679145813
10,2023-2024,314,0,0,0.2618354260921478
10,2023-2024,315,0,0,0.0639810785651207
10,2023-2024,316,0,1,0.5207454562187195
10,2023-2024,317,1,1,0.9430041909217834
10,2023-2024,318,1,0,0.4045045077800751
10,2023-2024,319,1,1,0.6715654134750366
10,2023-2024,320,0,0,0.08892832696437836
10,2023-2024,321,0,0,0.4745071530342102
10,2023-2024,322,1,0,0.40999090671539307
10,2023-2024,323,0,0,0.08056452870368958
10,2023-2024,324,1,0,0.2933763861656189
10,2023-2024,325,1,0,0.19321981072425842
10,2023-2024,326,0,0,0.45824334025382996
10,2023-2024,327,0,0,0.14150717854499817
10,2023-2024,328,0,1,0.5200784802436829
10,2023-2024,329,0,1,0.521827220916748
10,2023-2024,330,0,1,0.881085991859436
10,2023-2024,331,1,1,0.7896462678909302
10,2023-2024,332,0,1,0.8214478492736816
10,2023-2024,333,0,0,0.22723083198070526
10,2023-2024,334,0,0,0.0932985469698906
10,2023-2024,335,1,1,0.5432363748550415
10,2023-2024,336,0,1,0.7128961682319641
10,2023-2024,337,0,1,0.5504668354988098
10,2023-2024,338,0,0,0.4009944498538971
10,2023-2024,339,0,0,0.451206237077713
10,2023-2024,340,1,1,0.5484845638275146
10,2023-2024,341,1,1,0.8778620362281799
10,2023-2024,342,1,1,0.8561785817146301
10,2023-2024,343,1,1,0.8613385558128357
10,2023-2024,344,0,1,0.9032368659973145
10,2023-2024,345,1,1,0.5979233980178833
10,2023-2024,346,1,1,0.6511194109916687
10,2023-2024,347,1,1,0.5724964737892151
10,2023-2024,348,1,1,0.5785977840423584
10,2023-2024,349,1,1,0.7650836110115051
10,2023-2024,350,1,1,0.6675999760627747
10,2023-2024,351,1,1,0.7905805706977844
10,2023-2024,352,1,0,0.3619743585586548
10,2023-2024,353,0,0,0.04854966327548027
10,2023-2024,354,1,1,0.5608674883842468
10,2023-2024,355,0,1,0.725356936454773
10,2023-2024,356,1,1,0.8002694845199585
10,2023-2024,357,0,0,0.056225139647722244
10,2023-2024,358,1,1,0.6313858032226562
10,2023-2024,359,0,0,0.08161278814077377
10,2023-2024,360,1,1,0.8910207748413086
10,2023-2024,361,1,1,0.5987892746925354
10,2023-2024,362,1,0,0.4613158404827118
10,2023-2024,363,1,1,0.9279537200927734
10,2023-2024,364,0,1,0.539035439491272
10,2023-2024,365,1,1,0.6181818842887878
10,2023-2024,366,1,1,0.6231508255004883
10,2023-2024,367,1,1,0.6974949836730957
10,2023-2024,368,0,0,0.31965088844299316
10,2023-2024,369,0,1,0.6982613205909729
10,2023-2024,370,0,0,0.08452910929918289
10,2023-2024,371,0,1,0.7998202443122864
10,2023-2024,372,1,0,0.19604234397411346
10,2023-2024,373,0,1,0.8921881318092346
10,2023-2024,374,0,0,0.40058037638664246
10,2023-2024,375,1,0,0.08462543040513992
15,2008-2009,16,0,0,0.4779806435108185
15,2008-2009,17,1,0,0.4913938641548157
15,2008-2009,18,0,1,0.7017941474914551
15,2008-2009,19,1,1,0.641180694103241
15,2008-2009,20,1,0,0.21827587485313416
15,2008-2009,21,1,0,0.4345506727695465
15,2008-2009,22,1,1,0.6926940679550171
15,2008-2009,23,1,0,0.4088212549686432
15,2008-2009,24,1,0,0.22317661345005035
15,2008-2009,25,1,0,0.30348074436187744
15,2008-2009,26,1,1,0.8057543039321899
15,2008-2009,27,1,1,0.5873419642448425
15,2008-2009,28,1,1,0.8542908430099487
15,2008-2009,29,1,1,0.9159398078918457
15,2008-2009,30,1,1,0.6905570030212402
15,2008-2009,31,1,1,0.8358328342437744
15,2008-2009,32,1,1,0.8825238347053528
15,2008-2009,33,1,1,0.8900713920593262
15,2008-2009,34,0,1,0.9159764051437378
15,2008-2009,35,0,1,0.6041597127914429
15,2008-2009,36,1,1,0.8343007564544678
15,2008-2009,37,1,1,0.9535216689109802
15,2008-2009,38,1,1,0.8158870339393616
15,2008-2009,39,1,1,0.8098949790000916
15,2008-2009,40,1,1,0.867457389831543
15,2008-2009,41,1,1,0.7762525677680969
15,2008-2009,42,1,1,0.9692181348800659
15,2008-2009,43,1,1,0.5333641171455383
15,2008-2009,44,1,1,0.8403704166412354
15,2008-2009,45,1,1,0.8692680597305298
15,2008-2009,46,1,1,0.8910930156707764
15,2008-2009,47,0,1,0.8657397031784058
15,2008-2009,48,1,1,0.9573876857757568
15,2008-2009,49,0,1,0.5499252080917358
15,2008-2009,50,0,1,0.8995268940925598
15,2008-2009,51,0,1,0.6856067180633545
15,2008-2009,52,0,1,0.9775978922843933
15,2008-2009,53,1,1,0.9260790348052979
15,2008-2009,54,0,1,0.9483728408813477
15,2008-2009,55,1,1,0.8669517636299133
15,2008-2009,56,0,0,0.4514952301979065
15,2008-2009,57,0,1,0.9135573506355286
15,2008-2009,58,1,1,0.7124105095863342
15,2008-2009,59,0,1,0.5463916063308716
15,2008-2009,60,0,1,0.9486011266708374
15,2008-2009,61,1,1,0.9317094683647156
15,2008-2009,62,1,1,0.9480139017105103
15,2008-2009,63,0,0,0.44728007912635803
15,2008-2009,64,1,1,0.6007895469665527
15,2008-2009,65,0,0,0.46992501616477966
15,2008-2009,66,0,1,0.774772047996521
15,2008-2009,67,0,1,0.5038043856620789
15,2008-2009,68,1,1,0.8612431287765503
15,2008-2009,69,0,1,0.8565727472305298
15,2008-2009,70,0,0,0.20391397178173065
15,2008-2009,71,1,0,0.3271487057209015
15,2008-2009,72,1,1,0.8875683546066284
15,2008-2009,73,0,1,0.9168222546577454
15,2008-2009,74,1,1,0.7574099898338318
15,2008-2009,75,0,1,0.5401886105537415
15,2008-2009,76,1,0,0.1402820497751236
15,2008-2009,77,0,1,0.7294161319732666
15,2008-2009,78,1,0,0.4115046560764313
15,2008-2009,79,1,0,0.3041990101337433
15,2008-2009,80,1,1,0.7611709833145142
15,2008-2009,81,1,1,0.9068760275840759
15,2008-2009,82,0,0,0.194069504737854
15,2008-2009,83,1,1,0.7915507555007935
15,2008-2009,84,1,1,0.79033362865448
15,2008-2009,85,1,1,0.5924870371818542
15,2008-2009,86,1,1,0.7867270708084106
15,2008-2009,87,1,1,0.9570447206497192
15,2008-2009,88,1,1,0.9460883736610413
15,2008-2009,89,1,1,0.932422399520874
15,2008-2009,90,1,0,0.4631020426750183
15,2008-2009,91,0,0,0.3127811551094055
15,2008-2009,92,1,1,0.9523286819458008
15,2008-2009,93,0,1,0.7620050311088562
15,2008-2009,94,1,1,0.9427459239959717
15,2008-2009,95,1,1,0.8324733972549438
15,2008-2009,96,1,1,0.9468309879302979
15,2008-2009,97,1,0,0.1342373490333557
15,2008-2009,98,1,1,0.8699204325675964
15,2008-2009,99,1,1,0.945214033126831
15,2008-2009,100,0,0,0.15308207273483276
15,2008-2009,101,1,1,0.7430406808853149
15,2008-2009,102,1,1,0.6918888092041016
15,2008-2009,103,0,0,0.10366006940603256
15,2008-2009,104,1,1,0.9359334707260132
15,2008-2009,105,1,1,0.9037413597106934
15,2008-2009,106,1,1,0.6080862879753113
15,2008-2009,107,1,1,0.7283335328102112
15,2008-2009,108,1,1,0.9399101734161377
15,2008-2009,109,1,1,0.6078183650970459
15,2008-2009,110,1,1,0.6350385546684265
15,2008-2009,111,1,1,0.9418023228645325
15,2008-2009,112,1,1,0.9569031000137329
15,2008-2009,113,1,1,0.8285629749298096
15,2008-2009,114,1,1,0.8957228064537048
15,2008-2009,115,0,0,0.1437174677848816
15,2008-2009,116,1,1,0.8758078813552856
15,2008-2009,117,0,1,0.6934488415718079
15,2008-2009,118,1,1,0.9627816677093506
15,2008-2009,119,1,0,0.20078815519809723
15,2008-2009,120,0,0,0.2097153216600418
15,2008-2009,121,0,0,0.1270522028207779
15,2008-2009,122,0,0,0.4187581241130829
15,2008-2009,123,1,1,0.9570472240447998
15,2008-2009,124,0,0,0.3682625889778137
15,2008-2009,125,1,1,0.964624285697937
15,2008-2009,126,0,0,0.17876441776752472
15,2008-2009,127,0,0,0.05970906838774681
15,2008-2009,128,1,0,0.2856377363204956
15,2008-2009,129,1,1,0.9633284211158752
15,2008-2009,130,1,1,0.9321414232254028
15,2008-2009,131,0,0,0.05728800967335701
15,2008-2009,132,0,0,0.18732737004756927
15,2008-2009,133,1,1,0.9595711827278137
15,2008-2009,134,0,1,0.8924542665481567
15,2008-2009,135,1,1,0.9619259238243103
15,2008-2009,136,0,0,0.1348191797733307
15,2008-2009,137,0,1,0.7993562817573547
15,2008-2009,138,1,1,0.5441219806671143
15,2008-2009,139,1,1,0.9710909724235535
15,2008-2009,140,1,1,0.9692118167877197
15,2008-2009,141,1,1,0.7212332487106323
15,2008-2009,142,0,0,0.102725550532341
15,2008-2009,143,0,0,0.08833785355091095
15,2008-2009,144,1,0,0.03774259239435196
15,2008-2009,145,0,0,0.3848370909690857
15,2008-2009,146,1,1,0.9548483490943909
15,2008-2009,147,1,1,0.9604636430740356
15,2008-2009,148,0,0,0.44779402017593384
15,2008-2009,149,1,1,0.9619628190994263
15,2008-2009,150,0,1,0.592112123966217
15,2008-2009,151,1,1,0.935060977935791
15,2008-2009,152,1,1,0.8989438414573669
15,2008-2009,153,1,1,0.5063483119010925
15,2008-2009,154,0,0,0.14533701539039612
15,2008-2009,155,1,1,0.9622135758399963
15,2008-2009,156,1,1,0.9285621047019958
15,2008-2009,157,0,0,0.45773833990097046
15,2008-2009,158,1,1,0.9685069918632507
15,2008-2009,159,1,0,0.32980501651763916
15,2008-2009,160,1,1,0.9120779633522034
15,2008-2009,161,1,1,0.8070625066757202
15,2008-2009,162,1,1,0.9698031544685364
15,2008-2009,163,1,1,0.945266842842102
15,2008-2009,164,1,1,0.826771080493927
15,2008-2009,165,1,1,0.9669063687324524
15,2008-2009,166,0,0,0.24067269265651703
15,2008-2009,167,1,1,0.9628617763519287
15,2008-2009,168,0,1,0.6992568373680115
15,2008-2009,169,1,1,0.9657914638519287
15,2008-2009,170,0,1,0.9700508713722229
15,2008-2009,171,1,1,0.9654504656791687
15,2008-2009,172,0,1,0.8367295861244202
15,2008-2009,173,1,1,0.9251076579093933
15,2008-2009,174,1,1,0.9373180866241455
15,2008-2009,175,1,0,0.1626294106245041
15,2008-2009,176,1,1,0.8602333664894104
15,2008-2009,177,1,0,0.26055437326431274
15,2008-2009,178,0,0,0.08927633613348007
15,2008-2009,179,1,0,0.31940633058547974
15,2008-2009,180,1,1,0.8257375955581665
15,2008-2009,181,0,0,0.1580013781785965
15,2008-2009,182,0,0,0.1770917773246765
15,2008-2009,183,0,0,0.11579938232898712
15,2008-2009,184,0,0,0.15022732317447662
15,2008-2009,185,0,0,0.05547866225242615
15,2008-2009,186,0,0,0.1574709266424179
15,2008-2009,187,1,1,0.9480798840522766
15,2008-2009,188,0,0,0.42399826645851135
15,2008-2009,189,1,0,0.34800609946250916
15,2008-2009,190,0,0,0.13887962698936462
15,2008-2009,191,1,1,0.9423453211784363
15,2008-2009,192,1,1,0.9293491244316101
15,2008-2009,193,1,1,0.9552823901176453
15,2008-2009,194,0,0,0.06260619312524796
15,2008-2009,195,1,1,0.9474852681159973
15,2008-2009,196,1,1,0.9061422348022461
15,2008-2009,197,0,0,0.08321267366409302
15,2008-2009,198,0,0,0.24491196870803833
15,2008-2009,199,0,0,0.05869300290942192
15,2008-2009,200,1,1,0.6328828930854797
15,2008-2009,201,1,1,0.8140522241592407
15,2008-2009,202,0,1,0.9706566333770752
15,2008-2009,203,1,1,0.8400434255599976
15,2008-2009,204,1,1,0.9372121095657349
15,2008-2009,205,1,1,0.9345312118530273
15,2008-2009,206,1,1,0.8847838044166565
15,2008-2009,207,1,0,0.17879830300807953
15,2008-2009,208,0,1,0.9117521047592163
15,2008-2009,209,1,0,0.3278543949127197
15,2008-2009,210,1,1,0.8786083459854126
15,2008-2009,211,0,1,0.5462556481361389
15,2008-2009,212,1,1,0.8186274170875549
15,2008-2009,213,1,1,0.8628294467926025
15,2008-2009,214,1,0,0.4308856725692749
15,2008-2009,215,1,1,0.9458465576171875
15,2008-2009,216,1,1,0.9687384963035583
15,2008-2009,217,0,1,0.9597835540771484
15,2008-2009,218,0,0,0.10699862986803055
15,2008-2009,219,0,1,0.914539098739624
15,2008-2009,220,1,0,0.15072478353977203
15,2008-2009,221,1,0,0.4301505386829376
15,2009-2010,16,1,1,0.6026610732078552
15,2009-2010,17,0,1,0.8233930468559265
15,2009-2010,18,1,1,0.8363159894943237
15,2009-2010,19,0,1,0.7703742384910583
15,2009-2010,20,0,1,0.636711597442627
15,2009-2010,21,1,1,0.7598961591720581
15,2009-2010,22,1,1,0.6852620244026184
15,2009-2010,23,1,1,0.832565426826477
15,2009-2010,24,1,1,0.9247341156005859
15,2009-2010,25,1,1,0.795660138130188
15,2009-2010,26,1,1,0.9028727412223816
15,2009-2010,27,1,1,0.957424521446228
15,2009-2010,28,1,1,0.6539404392242432
15,2009-2010,29,0,1,0.7579829692840576
15,2009-2010,30,1,0,0.36643651127815247
15,2009-2010,31,0,1,0.9205660223960876
15,2009-2010,32,1,1,0.9300969839096069
15,2009-2010,33,1,0,0.39837539196014404
15,2009-2010,34,1,1,0.6555757522583008
15,2009-2010,35,1,1,0.8109955787658691
15,2009-2010,36,1,1,0.7080569863319397
15,2009-2010,37,0,1,0.9325500130653381
15,2009-2010,38,1,1,0.6041046380996704
15,2009-2010,39,1,1,0.9026967287063599
15,2009-2010,40,1,1,0.8580722808837891
15,2009-2010,41,0,0,0.4195346534252167
15,2009-2010,42,1,1,0.8145071864128113
15,2009-2010,43,1,1,0.8647284507751465
15,2009-2010,44,1,1,0.8850268125534058
15,2009-2010,45,0,1,0.8116439580917358
15,2009-2010,46,1,1,0.5741570591926575
15,2009-2010,47,1,1,0.68631911277771
15,2009-2010,48,1,1,0.8178269267082214
15,2009-2010,49,0,1,0.7724096179008484
15,2009-2010,50,1,1,0.8748717308044434
15,2009-2010,51,0,1,0.5617884993553162
15,2009-2010,52,1,1,0.7334954142570496
15,2009-2010,53,0,1,0.8911080956459045
15,2009-2010,54,1,1,0.7564825415611267
15,2009-2010,55,0,0,0.34989920258522034
15,2009-2010,56,1,1,0.6495820879936218
15,2009-2010,57,0,1,0.9066023230552673
15,2009-2010,58,1,1,0.5124792456626892
15,2009-2010,59,0,0,0.11168061196804047
15,2009-2010,60,1,1,0.870387613773346
15,2009-2010,61,1,1,0.8234872817993164
15,2009-2010,62,1,1,0.9418480396270752
15,2009-2010,63,1,1,0.9306756854057312
15,2009-2010,64,1,1,0.8840794563293457
15,2009-2010,65,0,1,0.8583089709281921
15,2009-2010,66,0,1,0.8541455864906311
15,2009-2010,67,1,1,0.6751199960708618
15,2009-2010,68,0,1,0.7779566645622253
15,2009-2010,69,1,0,0.12907631695270538
15,2009-2010,70,1,1,0.841184139251709
15,2009-2010,71,1,0,0.12259730696678162
15,2009-2010,72,1,1,0.9367969036102295
15,2009-2010,73,1,1,0.9006028175354004
15,2009-2010,74,1,0,0.3513583242893219
15,2009-2010,75,1,1,0.8115357160568237
15,2009-2010,76,1,1,0.5737226009368896
15,2009-2010,77,1,1,0.7766578197479248
15,2009-2010,78,1,1,0.9469993114471436
15,2009-2010,79,1,1,0.9230091571807861
15,2009-2010,80,0,1,0.5910969376564026
15,2009-2010,81,1,1,0.8982847332954407
15,2009-2010,82,1,1,0.7214828729629517
15,2009-2010,83,0,0,0.3874639868736267
15,2009-2010,84,0,1,0.8248869776725769
15,2009-2010,85,1,1,0.58852219581604
15,2009-2010,86,1,0,0.4080907702445984
15,2009-2010,87,1,1,0.9014285802841187
15,2009-2010,88,0,0,0.4518898129463196
15,2009-2010,89,1,1,0.9307494163513184
15,2009-2010,90,0,0,0.2127908319234848
15,2009-2010,91,0,0,0.20502230525016785
15,2009-2010,92,0,0,0.21001911163330078
15,2009-2010,93,1,0,0.10329850763082504
15,2009-2010,94,1,1,0.8131710290908813
15,2009-2010,95,1,1,0.9378945827484131
15,2009-2010,96,0,0,0.34384891390800476
15,2009-2010,97,1,1,0.9123857617378235
15,2009-2010,98,1,1,0.7381488084793091
15,2009-2010,99,1,1,0.7923223972320557
15,2009-2010,100,1,1,0.7438550591468811
15,2009-2010,101,0,1,0.8138704299926758
15,2009-2010,102,0,1,0.5575475692749023
15,2009-2010,103,1,1,0.6069514751434326
15,2009-2010,104,1,1,0.9225369095802307
15,2009-2010,105,1,1,0.9460987448692322
15,2009-2010,106,0,1,0.9686179161071777
15,2009-2010,107,1,1,0.8188799619674683
15,2009-2010,108,0,0,0.172617569565773
15,2009-2010,109,1,1,0.5484496355056763
15,2009-2010,110,0,0,0.11487884819507599
15,2009-2010,111,1,1,0.8964220285415649
15,2009-2010,112,1,0,0.1117606982588768
15,2009-2010,113,1,1,0.8633727431297302
15,2009-2010,114,0,0,0.3024696111679077
15,2009-2010,115,0,1,0.9759231805801392
15,2009-2010,116,1,1,0.9169483780860901
15,2009-2010,117,1,0,0.13116297125816345
15,2009-2010,118,1,1,0.5903401970863342
15,2009-2010,119,0,0,0.28368979692459106
15,2009-2010,120,1,1,0.915554940700531
15,2009-2010,121,0,1,0.839860737323761
15,2009-2010,122,1,1,0.7752968668937683
15,2009-2010,123,1,1,0.9422678351402283
15,2009-2010,124,1,1,0.8569340705871582
15,2009-2010,125,1,1,0.6946202516555786
15,2009-2010,126,1,1,0.5043028593063354
15,2009-2010,127,1,0,0.324940949678421
15,2009-2010,128,0,1,0.819763720035553
15,2009-2010,129,0,1,0.9027479290962219
15,2009-2010,130,1,1,0.8744741082191467
15,2009-2010,131,0,1,0.8909559845924377
15,2009-2010,132,0,1,0.9115844368934631
15,2009-2010,133,0,1,0.8432979583740234
15,2009-2010,134,1,1,0.821849524974823
15,2009-2010,135,1,1,0.7134713530540466
15,2009-2010,136,1,1,0.7606624960899353
15,2009-2010,137,0,1,0.8855410218238831
15,2009-2010,138,0,1,0.801524817943573
15,2009-2010,139,1,0,0.20213694870471954
15,2009-2010,140,1,1,0.7914716005325317
15,2009-2010,141,1,1,0.6935627460479736
15,2009-2010,142,1,1,0.8030672073364258
15,2009-2010,143,1,1,0.7472918629646301
15,2009-2010,144,0,1,0.7414022088050842
15,2009-2010,145,1,0,0.4363670349121094
15,2009-2010,146,1,1,0.7418396472930908
15,2011-2012,16,1,0,0.36868128180503845
15,2011-2012,17,0,0,0.46431970596313477
15,2011-2012,18,1,1,0.9262572526931763
15,2011-2012,19,0,0,0.2760085463523865
15,2011-2012,20,0,1,0.9306032061576843
15,2011-2012,21,1,1,0.8718284964561462
15,2011-2012,22,1,1,0.9290869235992432
15,2011-2012,23,1,1,0.8825687170028687
15,2011-2012,24,1,0,0.44788455963134766
15,2011-2012,25,0,0,0.12107007950544357
15,2011-2012,26,1,0,0.18863382935523987
15,2011-2012,27,1,0,0.14047199487686157
15,2011-2012,28,0,1,0.8868463635444641
15,2011-2012,29,1,1,0.8315001726150513
15,2011-2012,30,0,1,0.759834885597229
15,2011-2012,31,0,1,0.7617723941802979
15,2011-2012,32,0,1,0.6038601398468018
15,2011-2012,33,1,0,0.20012405514717102
15,2011-2012,34,0,0,0.1640121042728424
15,2011-2012,35,1,0,0.10331977158784866
15,2011-2012,36,1,0,0.3152143359184265
15,2011-2012,37,0,1,0.9108291268348694
15,2011-2012,38,1,1,0.5515866875648499
15,2011-2012,39,1,0,0.42575162649154663
15,2011-2012,40,1,1,0.9557036757469177
15,2011-2012,41,1,1,0.6338099241256714
15,2011-2012,42,1,0,0.2780260443687439
15,2011-2012,43,1,1,0.9453595280647278
15,2011-2012,44,1,1,0.9519324898719788
15,2011-2012,45,0,1,0.778541088104248
15,2011-2012,46,0,1,0.8919439315795898
15,2011-2012,47,0,1,0.7903469204902649
15,2011-2012,48,1,1,0.9406904578208923
15,2011-2012,49,1,0,0.4574449956417084
15,2011-2012,50,1,1,0.9529541730880737
15,2011-2012,51,1,1,0.9568794369697571
15,2011-2012,52,0,0,0.32988569140434265
15,2011-2012,53,1,1,0.9684039950370789
15,2011-2012,54,1,0,0.3984522819519043
15,2011-2012,55,1,0,0.07704538851976395
15,2011-2012,56,0,1,0.681300163269043
15,2011-2012,57,1,1,0.9608785510063171
15,2011-2012,58,1,1,0.9430083632469177
15,2011-2012,59,1,1,0.966850757598877
15,2011-2012,60,0,0,0.1617688238620758
15,2011-2012,61,1,1,0.9706923961639404
15,2011-2012,62,1,1,0.9738481044769287
15,2011-2012,63,1,1,0.6958428025245667
15,2011-2012,64,1,1,0.9773938655853271
15,2011-2012,65,0,0,0.0980198010802269
15,2011-2012,66,0,1,0.7916702628135681
15,2011-2012,67,0,0,0.3563871383666992
15,2011-2012,68,0,0,0.07766884565353394
15,2011-2012,69,1,1,0.7010308504104614
15,2011-2012,70,1,1,0.8327763676643372
15,2011-2012,71,0,0,0.26053571701049805
15,2011-2012,72,1,1,0.9531210660934448
15,2011-2012,73,1,1,0.8565324544906616
15,2011-2012,74,0,1,0.6791404485702515
15,2011-2012,75,0,1,0.7754849195480347
15,2011-2012,76,1,1,0.5260699391365051
15,2011-2012,77,1,0,0.4142664074897766
15,2011-2012,78,1,1,0.937857449054718
15,2011-2012,79,1,1,0.9538587927818298
15,2011-2012,80,1,1,0.9599640965461731
15,2011-2012,81,1,1,0.8743599653244019
15,2011-2012,82,1,1,0.6174928545951843
15,2011-2012,83,1,1,0.975119948387146
15,2011-2012,84,1,1,0.9744203090667725
15,2011-2012,85,1,1,0.9587292671203613
15,2011-2012,86,1,1,0.9788886904716492
15,2011-2012,87,1,0,0.18903645873069763
15,2011-2012,88,1,1,0.9746645092964172
15,2011-2012,89,0,1,0.9737580418586731
15,2011-2012,90,0,1,0.7111003398895264
15,2011-2012,91,1,1,0.9098362326622009
15,2011-2012,92,0,1,0.8676024675369263
15,2011-2012,93,1,1,0.9534203410148621
15,2011-2012,94,1,1,0.9544564485549927
15,2011-2012,95,0,0,0.3822251260280609
15,2011-2012,96,0,1,0.7207200527191162
15,2011-2012,97,1,0,0.212283656001091
15,2011-2012,98,1,1,0.8199213743209839
15,2011-2012,99,0,0,0.23462018370628357
15,2011-2012,100,1,0,0.3120496869087219
15,2011-2012,101,1,1,0.8823954463005066
15,2011-2012,102,1,1,0.682287871837616
15,2011-2012,103,0,1,0.6020655035972595
15,2011-2012,104,0,1,0.8669041991233826
15,2011-2012,105,1,1,0.899598240852356
15,2011-2012,106,1,1,0.8456435203552246
15,2011-2012,107,0,1,0.8692832589149475
15,2011-2012,108,0,0,0.1534525752067566
15,2011-2012,109,1,1,0.8972526788711548
15,2011-2012,110,0,1,0.905485987663269
15,2011-2012,111,0,1,0.8813371062278748
15,2011-2012,112,1,1,0.9561514258384705
15,2011-2012,113,1,1,0.8786093592643738
15,2011-2012,114,0,0,0.19988590478897095
15,2011-2012,115,1,1,0.9620800614356995
15,2011-2012,116,1,1,0.8011020421981812
15,2011-2012,117,1,1,0.9522658586502075
15,2011-2012,118,1,1,0.9424521327018738
15,2011-2012,119,1,0,0.23601597547531128
15,2011-2012,120,1,0,0.3427942395210266
15,2011-2012,121,1,1,0.9219012260437012
15,2011-2012,122,0,1,0.9688846468925476
15,2011-2012,123,1,1,0.9295902252197266
15,2011-2012,124,1,1,0.8352816104888916
15,2011-2012,125,0,1,0.851668119430542
15,2011-2012,126,1,1,0.8209952712059021
15,2011-2012,127,1,1,0.9404065608978271
15,2011-2012,128,0,0,0.4504212737083435
15,2011-2012,129,1,1,0.9303295016288757
15,2011-2012,130,1,1,0.8406385779380798
15,2011-2012,131,1,1,0.8555216789245605
15,2011-2012,132,1,1,0.8383142948150635
15,2011-2012,133,0,1,0.841547966003418
15,2011-2012,134,1,1,0.9495192766189575
15,2011-2012,135,1,1,0.8980690836906433
15,2011-2012,136,0,0,0.3930053412914276
15,2011-2012,137,0,0,0.36782556772232056
15,2011-2012,138,1,0,0.41264668107032776
15,2011-2012,139,0,1,0.8890551924705505
15,2011-2012,140,1,1,0.8815450072288513
15,2011-2012,141,1,0,0.41261112689971924
15,2011-2012,142,1,1,0.9697762131690979
15,2011-2012,143,0,0,0.23120322823524475
15,2011-2012,144,0,1,0.8693494200706482
15,2011-2012,145,1,1,0.969813883304596
15,2011-2012,146,1,1,0.9713431596755981
15,2011-2012,147,0,0,0.17264075577259064
15,2011-2012,148,1,1,0.5489234924316406
15,2011-2012,149,1,0,0.40633755922317505
15,2011-2012,150,1,1,0.6224038004875183
15,2011-2012,151,1,0,0.40625032782554626
15,2011-2012,152,1,1,0.6385418176651001
15,2011-2012,153,1,1,0.9712396860122681
15,2011-2012,154,1,1,0.6316759586334229
15,2011-2012,155,1,1,0.971524715423584
15,2011-2012,156,0,0,0.19212988018989563
15,2011-2012,157,0,1,0.9665005207061768
15,2011-2012,158,1,0,0.49228695034980774
15,2011-2012,159,0,0,0.3595687448978424
15,2011-2012,160,1,1,0.9376594424247742
15,2012-2013,16,1,1,0.7971954345703125
15,2012-2013,17,1,1,0.6889787912368774
15,2012-2013,18,0,1,0.7695450782775879
15,2012-2013,19,1,1,0.7636756300926208
15,2012-2013,20,1,1,0.8300297856330872
15,2012-2013,21,1,1,0.6894285082817078
15,2012-2013,22,1,1,0.6781360507011414
15,2012-2013,23,0,0,0.20692528784275055
15,2012-2013,24,1,1,0.7580717206001282
15,2012-2013,25,1,1,0.8104745745658875
15,2012-2013,26,0,0,0.2195584625005722
15,2012-2013,27,0,1,0.6873676180839539
15,2012-2013,28,1,1,0.8614250421524048
15,2012-2013,29,1,1,0.6991956233978271
15,2012-2013,30,1,1,0.9731068015098572
15,2012-2013,31,1,1,0.9790877103805542
15,2012-2013,32,0,0,0.3479096293449402
15,2012-2013,33,0,1,0.956409215927124
15,2012-2013,34,0,1,0.9302947521209717
15,2012-2013,35,1,0,0.2055564969778061
15,2012-2013,36,0,0,0.30566778779029846
15,2012-2013,37,1,0,0.17067798972129822
15,2012-2013,38,0,0,0.21076853573322296
15,2012-2013,39,0,1,0.8097549080848694
15,2012-2013,40,1,1,0.8588261008262634
15,2012-2013,41,1,1,0.9306195378303528
15,2012-2013,42,1,1,0.9307704567909241
15,2012-2013,43,1,1,0.9393743276596069
15,2012-2013,44,0,0,0.41905903816223145
15,2012-2013,45,0,1,0.9302062392234802
15,2012-2013,46,1,0,0.4741414785385132
15,2012-2013,47,1,1,0.5697960257530212
15,2012-2013,48,1,1,0.6427525877952576
15,2012-2013,49,0,1,0.9364160895347595
15,2012-2013,50,1,1,0.7365636229515076
15,2012-2013,51,1,1,0.7554373741149902
15,2012-2013,52,1,1,0.6768603920936584
15,2012-2013,53,1,0,0.20465509593486786
15,2012-2013,54,0,1,0.6328009366989136
15,2012-2013,55,1,1,0.8078567981719971
15,2012-2013,56,1,1,0.9549912810325623
15,2012-2013,57,0,1,0.7890228629112244
15,2012-2013,58,1,1,0.9450274705886841
15,2012-2013,59,0,1,0.776191771030426
15,2012-2013,60,0,1,0.9722198843955994
15,2012-2013,61,1,0,0.36448076367378235
15,2012-2013,62,1,1,0.8311302065849304
15,2012-2013,63,0,1,0.8239842057228088
15,2012-2013,64,0,1,0.6876083016395569
15,2012-2013,65,0,1,0.518436074256897
15,2012-2013,66,1,0,0.24765074253082275
15,2012-2013,67,0,1,0.7994011044502258
15,2012-2013,68,0,1,0.739425539970398
15,2012-2013,69,0,1,0.5631411671638489
15,2012-2013,70,0,1,0.5742583274841309
15,2012-2013,71,1,1,0.6567250490188599
15,2012-2013,72,1,0,0.20356401801109314
15,2012-2013,73,1,0,0.2763473689556122
15,2012-2013,74,0,1,0.5242384076118469
15,2012-2013,75,0,1,0.7466583251953125
15,2012-2013,76,0,1,0.8721201419830322
15,2012-2013,77,0,0,0.41556474566459656
15,2012-2013,78,0,0,0.27416330575942993
15,2012-2013,79,0,1,0.9220607280731201
15,2012-2013,80,0,0,0.1971825212240219
15,2012-2013,81,1,1,0.6325533390045166
15,2012-2013,82,1,1,0.5800355672836304
15,2012-2013,83,1,1,0.6650757789611816
15,2012-2013,84,1,0,0.281485378742218
15,2012-2013,85,0,0,0.34968823194503784
15,2012-2013,86,0,0,0.34171628952026367
15,2012-2013,87,1,1,0.8032695055007935
15,2012-2013,88,1,0,0.4126812815666199
15,2012-2013,89,1,0,0.4724453389644623
15,2012-2013,90,0,1,0.6142133474349976
15,2012-2013,91,0,0,0.33895474672317505
15,2012-2013,92,1,1,0.5051679015159607
15,2012-2013,93,1,1,0.5738176703453064
15,2012-2013,94,1,1,0.807140052318573
15,2012-2013,95,1,1,0.6503934264183044
15,2012-2013,96,1,0,0.20030851662158966
15,2012-2013,97,1,0,0.44438257813453674
15,2012-2013,98,1,0,0.48875218629837036
15,2012-2013,99,1,1,0.6130020618438721
15,2012-2013,100,0,0,0.23422308266162872
15,2012-2013,101,0,1,0.5160665512084961
15,2012-2013,102,1,0,0.4949505627155304
15,2012-2013,103,1,0,0.15423035621643066
15,2012-2013,104,0,1,0.5519972443580627
15,2012-2013,105,0,0,0.25091010332107544
15,2012-2013,106,1,0,0.33321094512939453
15,2012-2013,107,0,0,0.4056069850921631
15,2012-2013,108,0,0,0.42654240131378174
15,2012-2013,109,1,0,0.23971691727638245
15,2012-2013,110,0,1,0.6902520060539246
15,2012-2013,111,0,0,0.24377727508544922
15,2012-2013,112,0,0,0.26537415385246277
15,2012-2013,113,1,0,0.4430153965950012
15,2012-2013,114,1,0,0.4933367371559143
15,2012-2013,115,0,1,0.7180687785148621
15,2012-2013,116,1,1,0.5425894856452942
15,2012-2013,117,1,0,0.1802147626876831
15,2012-2013,118,0,1,0.5644497871398926
15,2012-2013,119,1,1,0.9115027189254761
15,2012-2013,120,0,1,0.5033999681472778
15,2012-2013,121,1,1,0.6306045055389404
15,2012-2013,122,1,0,0.4911445677280426
15,2012-2013,123,1,1,0.8443031907081604
15,2012-2013,124,1,1,0.7726901173591614
15,2012-2013,125,0,0,0.3593795597553253
15,2012-2013,126,1,1,0.8817501068115234
15,2012-2013,127,1,1,0.5094596147537231
15,2012-2013,128,1,1,0.7919111847877502
15,2012-2013,129,0,0,0.3118175268173218
15,2012-2013,130,1,1,0.8383126854896545
15,2012-2013,131,1,0,0.33227163553237915
15,2012-2013,132,1,1,0.9164422154426575
15,2012-2013,133,1,1,0.5555567741394043
15,2012-2013,134,1,1,0.9316499829292297
15,2012-2013,135,1,1,0.5700527429580688
15,2012-2013,136,0,1,0.5992739200592041
15,2012-2013,137,1,0,0.4842959940433502
15,2012-2013,138,0,1,0.7690587043762207
15,2012-2013,139,0,0,0.19679862260818481
15,2012-2013,140,1,1,0.7564615607261658
15,2012-2013,141,1,1,0.8878073692321777
15,2012-2013,142,1,0,0.4477382004261017
15,2012-2013,143,1,1,0.6395456194877625
15,2012-2013,144,0,1,0.5955929756164551
15,2012-2013,145,0,1,0.8902504444122314
15,2012-2013,146,1,1,0.5749318599700928
15,2012-2013,147,0,1,0.6833258867263794
15,2012-2013,148,1,1,0.8953338861465454
15,2012-2013,149,1,0,0.3117212951183319
15,2012-2013,150,1,0,0.26688313484191895
15,2012-2013,151,1,1,0.6649763584136963
15,2012-2013,152,0,1,0.7005934119224548
15,2012-2013,153,1,1,0.7098831534385681
15,2012-2013,154,1,0,0.31101202964782715
15,2012-2013,155,1,0,0.412383496761322
15,2012-2013,156,0,1,0.5006752610206604
15,2012-2013,157,0,0,0.1648409515619278
15,2012-2013,158,1,1,0.5600536465644836
15,2012-2013,159,1,1,0.6153029203414917
15,2012-2013,160,1,1,0.7331101298332214
15,2012-2013,161,1,0,0.4787173867225647
15,2012-2013,162,0,0,0.25007960200309753
15,2012-2013,163,1,0,0.47548988461494446
15,2012-2013,164,1,1,0.7083531022071838
15,2012-2013,165,1,1,0.8776341676712036
15,2012-2013,166,0,1,0.5798162221908569
15,2012-2013,167,1,1,0.7223684191703796
15,2012-2013,168,0,0,0.24037514626979828
15,2012-2013,169,1,1,0.7796808481216431
15,2012-2013,170,0,1,0.8556361198425293
15,2012-2013,171,0,1,0.8306435942649841
15,2012-2013,172,0,1,0.9111444354057312
15,2012-2013,173,1,1,0.5195484757423401
15,2012-2013,174,0,0,0.2200457751750946
15,2012-2013,175,0,1,0.6812909245491028
15,2012-2013,176,0,0,0.28203630447387695
15,2012-2013,177,1,1,0.649288535118103
15,2012-2013,178,0,0,0.05499221384525299
15,2012-2013,179,0,0,0.3176066279411316
15,2012-2013,180,1,0,0.32728949189186096
15,2012-2013,181,0,1,0.6479293704032898
15,2012-2013,182,0,1,0.7216525077819824
15,2012-2013,183,1,1,0.897234320640564
15,2012-2013,184,0,0,0.2880533039569855
15,2012-2013,185,1,1,0.7944728136062622
15,2012-2013,186,1,0,0.37361156940460205
15,2012-2013,187,0,1,0.5753392577171326
15,2012-2013,188,0,1,0.5616469383239746
15,2012-2013,189,1,1,0.6025658845901489
15,2012-2013,190,1,1,0.5811176896095276
15,2012-2013,191,0,0,0.49244624376296997
15,2012-2013,192,1,1,0.6958391666412354
15,2012-2013,193,0,1,0.5969131588935852
15,2012-2013,194,1,0,0.3300231397151947
15,2012-2013,195,0,0,0.38491252064704895
15,2012-2013,196,1,1,0.5601391196250916
15,2012-2013,197,1,1,0.8209746479988098
15,2012-2013,198,0,0,0.25816357135772705
15,2012-2013,199,1,1,0.8786526322364807
15,2012-2013,200,1,0,0.25576263666152954
15,2012-2013,201,1,1,0.511300265789032
15,2012-2013,202,0,1,0.661972165107727
15,2012-2013,203,1,0,0.34718236327171326
15,2012-2013,204,0,0,0.3158746361732483
15,2012-2013,205,0,0,0.20969055593013763
15,2012-2013,206,1,1,0.9498401284217834
15,2012-2013,207,0,0,0.06675500422716141
15,2012-2013,208,0,1,0.6281172037124634
15,2012-2013,209,1,1,0.8290482759475708
15,2012-2013,210,1,1,0.890213668346405
15,2012-2013,211,0,0,0.07480328530073166
15,2012-2013,212,1,0,0.10955911129713058
15,2012-2013,213,1,0,0.07790762931108475
15,2012-2013,214,1,0,0.1617979258298874
15,2012-2013,215,0,1,0.8391861319541931
15,2012-2013,216,0,1,0.6402397751808167
15,2012-2013,217,0,1,0.5597824454307556
15,2012-2013,218,1,0,0.23002228140830994
15,2012-2013,219,0,0,0.4957468509674072
15,2012-2013,220,0,0,0.17526574432849884
15,2012-2013,221,1,0,0.3805592358112335
15,2012-2013,222,1,1,0.672829806804657
15,2012-2013,223,1,0,0.39196524024009705
15,2012-2013,224,0,1,0.6947352290153503
15,2012-2013,225,1,1,0.5563434958457947
15,2012-2013,226,1,1,0.6892172694206238
15,2012-2013,227,1,1,0.9663337469100952
15,2012-2013,228,1,1,0.8075007200241089
15,2012-2013,229,1,1,0.9592877626419067
15,2012-2013,230,1,1,0.7918691635131836
15,2012-2013,231,1,1,0.7090222239494324
15,2012-2013,232,1,1,0.5218495726585388
15,2012-2013,233,1,1,0.7339075207710266
15,2012-2013,234,1,1,0.8157100677490234
15,2012-2013,235,1,0,0.4599376618862152
15,2012-2013,236,1,1,0.5659001469612122
15,2012-2013,237,0,1,0.6265661716461182
15,2012-2013,238,0,0,0.10531722754240036
15,2012-2013,239,0,0,0.11577204614877701
15,2012-2013,240,1,0,0.05155792087316513
15,2012-2013,241,1,1,0.7311371564865112
15,2012-2013,242,0,1,0.7573067545890808
15,2012-2013,243,0,1,0.7525783777236938
15,2012-2013,244,1,1,0.959177553653717
15,2012-2013,245,0,1,0.5623731017112732
15,2012-2013,246,1,1,0.6561803221702576
15,2012-2013,247,1,1,0.5569710731506348
15,2012-2013,248,1,1,0.6640118360519409
15,2012-2013,249,0,1,0.6584697961807251
15,2012-2013,250,0,1,0.7212151885032654
15,2012-2013,251,0,0,0.4592928886413574
15,2012-2013,252,0,1,0.5630753040313721
15,2012-2013,253,1,1,0.7130179405212402
15,2012-2013,254,0,1,0.5435158014297485
15,2012-2013,255,0,0,0.4645240604877472
15,2012-2013,256,1,0,0.2559744119644165
15,2012-2013,257,1,1,0.9516960978507996
15,2012-2013,258,1,1,0.8168126344680786
15,2012-2013,259,1,0,0.44309285283088684
15,2012-2013,260,0,1,0.5402740240097046
15,2012-2013,261,1,1,0.5126115083694458
15,2012-2013,262,1,1,0.6202372908592224
15,2012-2013,263,1,1,0.50005042552948
15,2012-2013,264,1,1,0.5503588318824768
15,2012-2013,265,1,0,0.437714159488678
15,2012-2013,266,1,1,0.5328328609466553
15,2012-2013,267,1,1,0.6129606366157532
15,2012-2013,268,1,1,0.8327569365501404
15,2012-2013,269,0,0,0.498256117105484
15,2012-2013,270,1,1,0.5763086676597595
15,2012-2013,271,0,0,0.4056565761566162
15,2012-2013,272,0,0,0.1874963790178299
15,2012-2013,273,0,1,0.8198113441467285
15,2012-2013,274,1,1,0.6690104007720947
15,2012-2013,275,1,1,0.9696515798568726
15,2012-2013,276,0,1,0.726229190826416
15,2012-2013,277,1,1,0.5162356495857239
15,2012-2013,278,1,1,0.5787853598594666
15,2012-2013,279,0,0,0.46876731514930725
15,2012-2013,280,0,1,0.9246505498886108
15,2012-2013,281,1,1,0.5150842666625977
15,2012-2013,282,1,1,0.5201016664505005
15,2012-2013,283,1,1,0.7185496687889099
15,2012-2013,284,1,1,0.5965805649757385
15,2012-2013,285,1,1,0.7781233787536621
15,2012-2013,286,1,1,0.901050865650177
15,2012-2013,287,1,1,0.9324584603309631
15,2012-2013,288,0,0,0.3226774036884308
15,2012-2013,289,0,1,0.788182258605957
15,2012-2013,290,1,1,0.9706457853317261
15,2012-2013,291,1,0,0.4231965243816376
15,2012-2013,292,0,0,0.24014316499233246
15,2012-2013,293,1,0,0.4742133319377899
15,2012-2013,294,1,1,0.7797421813011169
15,2012-2013,295,1,1,0.6700248718261719
15,2012-2013,296,1,1,0.7982282638549805
15,2012-2013,297,1,1,0.9321615099906921
15,2012-2013,298,1,1,0.9695125818252563
15,2012-2013,299,1,1,0.9225215315818787
15,2012-2013,300,1,1,0.8842960000038147
15,2012-2013,301,1,1,0.963226854801178
15,2012-2013,302,0,1,0.9667063355445862
15,2012-2013,303,1,1,0.8053972721099854
15,2012-2013,304,0,1,0.6126457452774048
15,2012-2013,305,1,0,0.4144451916217804
15,2012-2013,306,0,1,0.702803373336792
15,2012-2013,307,0,1,0.9083576202392578
15,2012-2013,308,1,1,0.8983620405197144
15,2012-2013,309,1,1,0.7312173247337341
15,2012-2013,310,0,1,0.7715883851051331
15,2012-2013,311,0,0,0.4552461504936218
15,2012-2013,312,1,0,0.40378984808921814
15,2012-2013,313,1,1,0.9237597584724426
15,2012-2013,314,1,1,0.8786017894744873
15,2012-2013,315,0,1,0.9412819743156433
15,2012-2013,316,1,1,0.9145380854606628
15,2012-2013,317,1,1,0.9438287019729614
15,2012-2013,318,1,1,0.9517744779586792
15,2012-2013,319,0,1,0.7335537075996399
15,2012-2013,320,1,1,0.6950971484184265
15,2012-2013,321,1,1,0.6183982491493225
15,2012-2013,322,1,1,0.6269401907920837
15,2012-2013,323,0,1,0.7044045925140381
15,2012-2013,324,0,1,0.8944905996322632
15,2012-2013,325,1,1,0.6940537095069885
15,2012-2013,326,1,1,0.9132729768753052
15,2012-2013,327,0,0,0.48629578948020935
15,2012-2013,328,1,0,0.4543405771255493
15,2012-2013,329,1,1,0.7327730059623718
15,2012-2013,330,1,1,0.6453467607498169
15,2012-2013,331,1,1,0.7119871973991394
15,2012-2013,332,1,0,0.48159563541412354
15,2012-2013,333,1,0,0.42300188541412354
15,2012-2013,334,1,1,0.9096939563751221
15,2013-2014,16,0,1,0.728234589099884
15,2013-2014,17,1,1,0.5145127177238464
15,2013-2014,18,0,1,0.7235615849494934
15,2013-2014,19,1,1,0.5482639670372009
15,2013-2014,20,1,0,0.45983579754829407
15,2013-2014,21,0,0,0.39941340684890747
15,2013-2014,22,1,1,0.8091399073600769
15,2013-2014,23,1,1,0.6398521661758423
15,2013-2014,24,1,0,0.2925994396209717
15,2013-2014,25,0,0,0.0781293585896492
15,2013-2014,26,1,1,0.8009191155433655
15,2013-2014,27,1,1,0.9126027822494507
15,2013-2014,28,0,0,0.25099027156829834
15,2013-2014,29,0,1,0.8588401079177856
15,2013-2014,30,0,1,0.5055913329124451
15,2013-2014,31,1,1,0.8830788731575012
15,2013-2014,32,1,1,0.8440601229667664
15,2013-2014,33,1,0,0.0941331535577774
15,2013-2014,34,1,0,0.2372540831565857
15,2013-2014,35,1,0,0.278289794921875
15,2013-2014,36,0,1,0.8194992542266846
15,2013-2014,37,0,1,0.6881170868873596
15,2013-2014,38,1,1,0.5268043279647827
15,2013-2014,39,1,0,0.32414910197257996
15,2013-2014,40,1,0,0.20253215730190277
15,2013-2014,41,1,1,0.6393652558326721
15,2013-2014,42,0,1,0.5830864310264587
15,2013-2014,43,1,1,0.8957098722457886
15,2013-2014,44,1,0,0.3264917731285095
15,2013-2014,45,1,0,0.21976584196090698
15,2013-2014,46,0,1,0.5425278544425964
15,2013-2014,47,0,1,0.8893352150917053
15,2013-2014,48,1,0,0.2345985770225525
15,2013-2014,49,1,0,0.4096474051475525
15,2013-2014,50,0,1,0.6590766906738281
15,2013-2014,51,1,0,0.3513281047344208
15,2013-2014,52,0,0,0.31207984685897827
15,2013-2014,53,0,0,0.47614389657974243
15,2013-2014,54,0,0,0.45801734924316406
15,2013-2014,55,0,1,0.71097731590271
15,2013-2014,56,0,1,0.854684054851532
15,2013-2014,57,1,1,0.7600510716438293
15,2013-2014,58,1,0,0.47175484895706177
15,2013-2014,59,0,1,0.7974764108657837
15,2013-2014,60,0,0,0.2929632067680359
15,2013-2014,61,1,1,0.8185759782791138
15,2013-2014,62,1,1,0.8065392374992371
15,2013-2014,63,0,1,0.5572587251663208
15,2013-2014,64,1,0,0.43351736664772034
15,2013-2014,65,0,0,0.222337007522583
15,2013-2014,66,1,1,0.9192191362380981
15,2013-2014,67,0,1,0.9109224081039429
15,2013-2014,68,0,0,0.1293802261352539
15,2013-2014,69,0,1,0.7329772114753723
15,2013-2014,70,1,1,0.508171558380127
15,2013-2014,71,0,1,0.6911176443099976
15,2013-2014,72,1,1,0.724068284034729
15,2013-2014,73,1,1,0.6340541243553162
15,2013-2014,74,0,0,0.39134135842323303
15,2013-2014,75,1,1,0.6023452281951904
15,2013-2014,76,1,0,0.37169963121414185
15,2013-2014,77,1,1,0.8106162548065186
15,2013-2014,78,1,1,0.8934378623962402
15,2013-2014,79,0,1,0.5676849484443665
15,2013-2014,80,1,0,0.3485308587551117
15,2013-2014,81,1,1,0.8197363615036011
15,2013-2014,82,1,0,0.47032037377357483
15,2013-2014,83,0,0,0.35774749517440796
15,2013-2014,84,0,1,0.8578878045082092
15,2013-2014,85,1,1,0.8403980731964111
15,2013-2014,86,0,1,0.7579031586647034
15,2013-2014,87,0,1,0.7665560841560364
15,2013-2014,88,0,1,0.6153685450553894
15,2013-2014,89,1,1,0.8793866038322449
15,2013-2014,90,0,1,0.6445837616920471
15,2013-2014,91,0,0,0.3863299489021301
15,2013-2014,92,1,0,0.20037981867790222
15,2013-2014,93,0,1,0.8031231760978699
15,2013-2014,94,0,0,0.24252401292324066
15,2013-2014,95,1,0,0.40059176087379456
15,2013-2014,96,1,0,0.12978914380073547
15,2013-2014,97,1,1,0.8474568128585815
15,2013-2014,98,0,1,0.5539212226867676
15,2013-2014,99,1,0,0.45413413643836975
15,2013-2014,100,0,0,0.2830686569213867
15,2013-2014,101,1,1,0.6793596744537354
15,2013-2014,102,1,1,0.5102225542068481
15,2013-2014,103,0,0,0.2126697599887848
15,2013-2014,104,1,0,0.2815650701522827
15,2013-2014,105,1,0,0.3313802182674408
15,2013-2014,106,1,0,0.18365654349327087
15,2013-2014,107,1,1,0.8199502825737
15,2013-2014,108,1,0,0.3039878010749817
15,2013-2014,109,0,1,0.6756065487861633
15,2013-2014,110,0,1,0.5746443867683411
15,2013-2014,111,1,0,0.2994982600212097
15,2013-2014,112,1,1,0.7397007942199707
15,2013-2014,113,0,1,0.7793797254562378
15,2013-2014,114,1,0,0.3722095191478729
15,2013-2014,115,1,1,0.6341720223426819
15,2013-2014,116,0,0,0.41850870847702026
15,2013-2014,117,1,1,0.5234962701797485
15,2013-2014,118,1,0,0.404262512922287
15,2013-2014,119,0,0,0.34957340359687805
15,2013-2014,120,0,1,0.5683033466339111
15,2013-2014,121,1,0,0.17289792001247406
15,2013-2014,122,0,0,0.23935672640800476
15,2013-2014,123,0,0,0.22330650687217712
15,2013-2014,124,1,1,0.5502743721008301
15,2013-2014,125,0,0,0.3989006578922272
15,2013-2014,126,0,0,0.32114899158477783
15,2013-2014,127,0,0,0.26203277707099915
15,2013-2014,128,1,0,0.2519347369670868
15,2013-2014,129,1,0,0.29606786370277405
15,2013-2014,130,1,1,0.5338709950447083
15,2013-2014,131,1,0,0.26823920011520386
15,2013-2014,132,1,0,0.2315054088830948
15,2013-2014,133,1,1,0.6000922918319702
15,2013-2014,134,1,0,0.40791255235671997
15,2013-2014,135,1,1,0.8316402435302734
15,2013-2014,136,1,1,0.8697362542152405
15,2013-2014,137,1,1,0.8419668078422546
15,2013-2014,138,1,0,0.27916356921195984
15,2013-2014,139,1,1,0.812903106212616
15,2013-2014,140,1,0,0.22805626690387726
15,2013-2014,141,1,1,0.5635024905204773
15,2013-2014,142,0,1,0.7910951375961304
15,2013-2014,143,0,1,0.7875334620475769
15,2013-2014,144,1,1,0.6785098314285278
15,2013-2014,145,1,1,0.7566826343536377
15,2013-2014,146,0,1,0.5877251625061035
15,2013-2014,147,0,0,0.1190497875213623
15,2013-2014,148,0,0,0.1666945070028305
15,2013-2014,149,1,1,0.8058343529701233
15,2013-2014,150,1,1,0.5057418346405029
15,2013-2014,151,0,0,0.12960439920425415
15,2013-2014,152,0,1,0.7782240509986877
15,2013-2014,153,0,1,0.5884922742843628
15,2013-2014,154,1,1,0.6090116500854492
15,2013-2014,155,0,0,0.4760764539241791
15,2013-2014,156,0,1,0.6747010946273804
15,2013-2014,157,1,1,0.5644104480743408
15,2013-2014,158,1,1,0.524127721786499
15,2013-2014,159,1,1,0.7507790923118591
15,2013-2014,160,0,1,0.6738081574440002
15,2013-2014,161,1,1,0.7360127568244934
15,2013-2014,162,0,0,0.31538939476013184
15,2013-2014,163,1,1,0.718694806098938
15,2013-2014,164,1,1,0.834600567817688
15,2013-2014,165,0,1,0.7981067299842834
15,2013-2014,166,1,0,0.24432119727134705
15,2013-2014,167,1,0,0.08653104305267334
15,2013-2014,168,0,1,0.6109632849693298
15,2013-2014,169,0,0,0.18202178180217743
15,2013-2014,170,1,1,0.8147337436676025
15,2013-2014,171,1,1,0.8224395513534546
15,2013-2014,172,1,0,0.1486704796552658
15,2013-2014,173,1,1,0.6584400534629822
15,2013-2014,174,1,1,0.7414476275444031
15,2013-2014,175,0,1,0.9115691781044006
15,2013-2014,176,1,0,0.460692822933197
15,2013-2014,177,1,0,0.30020231008529663
15,2013-2014,178,1,1,0.760062038898468
15,2013-2014,179,0,0,0.32605621218681335
15,2013-2014,180,1,0,0.2993239164352417
15,2013-2014,181,0,1,0.6553308367729187
15,2013-2014,182,0,0,0.4010710120201111
15,2013-2014,183,1,1,0.7905002236366272
15,2013-2014,184,0,1,0.7142846584320068
15,2013-2014,185,1,1,0.5309655666351318
15,2013-2014,186,0,1,0.9061271548271179
15,2013-2014,187,0,1,0.6370612978935242
15,2013-2014,188,1,1,0.8147867321968079
15,2013-2014,189,1,1,0.5473009943962097
15,2013-2014,190,1,1,0.6380165815353394
15,2013-2014,191,0,0,0.3526463806629181
15,2013-2014,192,1,0,0.2866242825984955
15,2013-2014,193,1,0,0.4872116148471832
15,2013-2014,194,0,0,0.42346516251564026
15,2013-2014,195,1,0,0.23813964426517487
15,2013-2014,196,1,1,0.777012050151825
15,2013-2014,197,1,1,0.6741445660591125
15,2013-2014,198,1,1,0.8598941564559937
15,2013-2014,199,1,1,0.7191212177276611
15,2013-2014,200,0,1,0.5938297510147095
15,2013-2014,201,1,1,0.5408266186714172
15,2013-2014,202,1,1,0.8384692072868347
15,2013-2014,203,1,1,0.8777388334274292
15,2013-2014,204,1,1,0.8248694539070129
15,2013-2014,205,0,1,0.5112233757972717
15,2013-2014,206,1,0,0.48234495520591736
15,2013-2014,207,1,1,0.9355486035346985
15,2013-2014,208,1,1,0.8481028079986572
15,2013-2014,209,1,0,0.3901105225086212
15,2013-2014,210,1,1,0.8689329028129578
15,2013-2014,211,1,1,0.7000848054885864
15,2013-2014,212,0,0,0.27192649245262146
15,2013-2014,213,0,0,0.49208804965019226
15,2013-2014,214,1,1,0.8835332989692688
15,2013-2014,215,0,0,0.4136146903038025
15,2013-2014,216,0,1,0.7878744006156921
15,2013-2014,217,1,1,0.617501437664032
15,2013-2014,218,0,0,0.19878579676151276
15,2013-2014,219,1,1,0.8567939400672913
15,2013-2014,220,1,1,0.858032763004303
15,2013-2014,221,1,1,0.9175472855567932
15,2013-2014,222,1,0,0.4858837425708771
15,2013-2014,223,0,0,0.4766687750816345
15,2013-2014,224,0,1,0.8315287828445435
15,2013-2014,225,1,1,0.7100725173950195
15,2013-2014,226,0,1,0.5816119909286499
15,2013-2014,227,0,1,0.9154459238052368
15,2013-2014,228,0,1,0.5367582440376282
15,2013-2014,229,1,0,0.4802565276622772
15,2013-2014,230,0,0,0.4350656569004059
15,2013-2014,231,1,0,0.36434322595596313
15,2013-2014,232,1,1,0.6338398456573486
15,2013-2014,233,1,1,0.5049648284912109
15,2013-2014,234,0,0,0.4469016194343567
15,2013-2014,235,1,1,0.9053424596786499
15,2013-2014,236,1,1,0.6514061689376831
15,2013-2014,237,1,1,0.5216687917709351
15,2013-2014,238,1,1,0.6563664674758911
15,2013-2014,239,0,1,0.9246032238006592
15,2013-2014,240,1,1,0.9206711053848267
15,2013-2014,241,1,0,0.267154723405838
15,2013-2014,242,1,1,0.631215512752533
15,2013-2014,243,1,1,0.8419880867004395
15,2013-2014,244,1,1,0.8041775822639465
15,2013-2014,245,1,1,0.9063205718994141
15,2013-2014,246,0,1,0.7514657974243164
15,2013-2014,247,1,1,0.8187081217765808
15,2013-2014,248,1,1,0.7669956088066101
15,2013-2014,249,0,1,0.8567561507225037
15,2013-2014,250,1,1,0.8200579881668091
15,2013-2014,251,0,1,0.645679771900177
15,2013-2014,252,1,1,0.8588802814483643
15,2013-2014,253,1,0,0.4235934019088745
15,2013-2014,254,1,1,0.9217374324798584
15,2013-2014,255,1,1,0.8643508553504944
15,2013-2014,256,0,1,0.6923553943634033
15,2013-2014,257,1,1,0.9241482019424438
15,2013-2014,258,0,1,0.683732271194458
15,2013-2014,259,1,1,0.7319071888923645
15,2013-2014,260,1,0,0.49914267659187317
15,2013-2014,261,1,1,0.5944198369979858
15,2013-2014,262,1,1,0.804668128490448
15,2013-2014,263,1,1,0.8520216941833496
15,2013-2014,264,0,1,0.6176903247833252
15,2013-2014,265,1,1,0.8231760859489441
15,2013-2014,266,0,1,0.6454100012779236
15,2013-2014,267,1,1,0.7346927523612976
15,2013-2014,268,0,1,0.6562601327896118
15,2013-2014,269,1,1,0.7008417844772339
15,2013-2014,270,1,1,0.6619340181350708
15,2013-2014,271,1,0,0.4639853239059448
15,2013-2014,272,1,1,0.7099123001098633
15,2013-2014,273,0,1,0.5910046100616455
15,2013-2014,274,1,1,0.8382001519203186
15,2013-2014,275,1,1,0.6123985052108765
15,2013-2014,276,0,1,0.6839078664779663
15,2013-2014,277,0,1,0.7466662526130676
15,2013-2014,278,1,1,0.700757622718811
15,2013-2014,279,1,1,0.7418831586837769
15,2013-2014,280,0,1,0.6251351833343506
15,2013-2014,281,1,1,0.6588568687438965
15,2013-2014,282,0,1,0.5818445086479187
15,2013-2014,283,1,1,0.5570880770683289
15,2013-2014,284,1,1,0.8134170174598694
15,2013-2014,285,0,1,0.5747028589248657
15,2013-2014,286,0,1,0.7598749995231628
15,2013-2014,287,0,1,0.6110658645629883
15,2013-2014,288,1,1,0.6719748973846436
15,2013-2014,289,1,1,0.5640025734901428
15,2013-2014,290,1,1,0.7258018255233765
15,2013-2014,291,0,1,0.7276126146316528
15,2013-2014,292,1,0,0.49097809195518494
15,2013-2014,293,1,1,0.5194831490516663
15,2013-2014,294,0,1,0.7799985408782959
15,2013-2014,295,0,1,0.5542166233062744
15,2013-2014,296,0,1,0.5862134695053101
15,2013-2014,297,0,1,0.7073314785957336
15,2013-2014,298,0,1,0.5097423195838928
15,2013-2014,299,1,1,0.612969160079956
15,2013-2014,300,1,1,0.551739513874054
15,2014-2015,16,1,1,0.7767364978790283
15,2014-2015,17,1,1,0.8106077313423157
15,2014-2015,18,1,1,0.8257815837860107
15,2014-2015,19,1,1,0.8351024389266968
15,2014-2015,20,1,1,0.848475992679596
15,2014-2015,21,0,1,0.8582159876823425
15,2014-2015,22,1,1,0.9071152210235596
15,2014-2015,23,1,1,0.6369689106941223
15,2014-2015,24,1,1,0.939704418182373
15,2014-2015,25,0,1,0.7511687874794006
15,2014-2015,26,1,1,0.779123067855835
15,2014-2015,27,0,1,0.9556774497032166
15,2014-2015,28,1,1,0.9507327675819397
15,2014-2015,29,1,1,0.9703658223152161
15,2014-2015,30,1,1,0.9722885489463806
15,2014-2015,31,1,1,0.9686244130134583
15,2014-2015,32,0,1,0.946347713470459
15,2014-2015,33,0,1,0.6742744445800781
15,2014-2015,34,1,1,0.8515924215316772
15,2014-2015,35,1,0,0.34929996728897095
15,2014-2015,36,0,1,0.9702528119087219
15,2014-2015,37,0,1,0.7107739448547363
15,2014-2015,38,0,0,0.4938248097896576
15,2014-2015,39,0,1,0.7745566368103027
15,2014-2015,40,1,1,0.819042444229126
15,2014-2015,41,0,0,0.2621849477291107
15,2014-2015,42,0,1,0.6787123680114746
15,2014-2015,43,1,0,0.3111031651496887
15,2014-2015,44,0,1,0.5785196423530579
15,2014-2015,45,0,0,0.23050230741500854
15,2014-2015,46,1,0,0.28972673416137695
15,2014-2015,47,0,0,0.12661860883235931
15,2014-2015,48,1,0,0.32355010509490967
15,2014-2015,49,1,0,0.41999420523643494
15,2014-2015,50,0,1,0.5580116510391235
15,2014-2015,51,0,1,0.8850406408309937
15,2014-2015,52,1,1,0.5414076447486877
15,2014-2015,53,0,1,0.7661899924278259
15,2014-2015,54,0,1,0.6097738146781921
15,2014-2015,55,1,0,0.4644818902015686
15,2014-2015,56,0,1,0.6106557250022888
15,2014-2015,57,0,1,0.7577321529388428
15,2014-2015,58,0,0,0.4767189621925354
15,2014-2015,59,1,0,0.32678693532943726
15,2014-2015,60,1,1,0.7890872359275818
15,2014-2015,61,0,1,0.5066574811935425
15,2014-2015,62,1,1,0.7868971824645996
15,2014-2015,63,1,1,0.9179573059082031
15,2014-2015,64,0,1,0.7180542349815369
15,2014-2015,65,1,0,0.4679650664329529
15,2014-2015,66,0,1,0.8331124782562256
15,2014-2015,67,1,0,0.44476181268692017
15,2014-2015,68,1,1,0.8667967915534973
15,2014-2015,69,0,0,0.33618468046188354
15,2014-2015,70,0,0,0.1975114494562149
15,2014-2015,71,0,1,0.863466739654541
15,2014-2015,72,1,0,0.29656165838241577
15,2014-2015,73,1,0,0.15854546427726746
15,2014-2015,74,1,1,0.6922523379325867
15,2014-2015,75,0,0,0.3048270642757416
15,2014-2015,76,0,1,0.5922428369522095
15,2014-2015,77,1,0,0.09705591201782227
15,2014-2015,78,1,1,0.6715211272239685
15,2014-2015,79,1,1,0.7773882150650024
15,2014-2015,80,1,0,0.1203383207321167
15,2014-2015,81,0,1,0.8763077259063721
15,2014-2015,82,0,0,0.20277823507785797
15,2014-2015,83,0,0,0.4006394147872925
15,2014-2015,84,0,0,0.19752520322799683
15,2014-2015,85,0,0,0.1815708577632904
15,2014-2015,86,1,1,0.7118905186653137
15,2014-2015,87,1,1,0.6495974659919739
15,2014-2015,88,0,0,0.27677658200263977
15,2014-2015,89,1,1,0.694315493106842
15,2014-2015,90,1,1,0.9233205318450928
15,2014-2015,91,0,1,0.6616583466529846
15,2014-2015,92,0,1,0.8867251873016357
15,2014-2015,93,0,0,0.2078913450241089
15,2014-2015,94,1,0,0.19025804102420807
15,2014-2015,95,1,0,0.1716635525226593
15,2014-2015,96,1,0,0.373569518327713
15,2014-2015,97,0,1,0.7844932079315186
15,2014-2015,98,0,1,0.6658564209938049
15,2014-2015,99,1,0,0.27432653307914734
15,2014-2015,100,1,0,0.34372493624687195
15,2014-2015,101,1,0,0.2726089656352997
15,2014-2015,102,0,1,0.6829670071601868
15,2014-2015,103,0,0,0.37637653946876526
15,2014-2015,104,1,1,0.8041365146636963
15,2014-2015,105,0,0,0.33880847692489624
15,2014-2015,106,0,0,0.15200956165790558
15,2014-2015,107,1,1,0.8186079263687134
15,2014-2015,108,1,1,0.9172354340553284
15,2014-2015,109,0,0,0.3609726130962372
15,2014-2015,110,0,1,0.9123122692108154
15,2014-2015,111,0,0,0.3346188962459564
15,2014-2015,112,1,1,0.6934149265289307
15,2014-2015,113,0,0,0.0926288515329361
15,2014-2015,114,1,1,0.5663334727287292
15,2014-2015,115,1,1,0.5900827646255493
15,2014-2015,116,1,0,0.16923056542873383
15,2014-2015,117,0,0,0.2772090435028076
15,2014-2015,118,0,1,0.8118688464164734
15,2014-2015,119,1,0,0.1908441036939621
15,2014-2015,120,1,1,0.5329551696777344
15,2014-2015,121,0,1,0.6796866059303284
15,2014-2015,122,0,0,0.2079719752073288
15,2014-2015,123,1,0,0.4135305881500244
15,2014-2015,124,0,0,0.10122812539339066
15,2014-2015,125,1,1,0.5343990325927734
15,2014-2015,126,1,1,0.7095341086387634
15,2014-2015,127,1,1,0.6218059659004211
15,2014-2015,128,1,1,0.5024323463439941
15,2014-2015,129,0,0,0.31257694959640503
15,2014-2015,130,0,1,0.5146164298057556
15,2014-2015,131,1,0,0.4733487069606781
15,2014-2015,132,1,1,0.7915789484977722
15,2014-2015,133,1,1,0.8434407114982605
15,2014-2015,134,1,1,0.8086851835250854
15,2014-2015,135,1,1,0.5152184367179871
15,2014-2015,136,1,1,0.8633177280426025
15,2014-2015,137,1,1,0.5967252850532532
15,2014-2015,138,1,0,0.38504332304000854
15,2014-2015,139,1,1,0.6919875741004944
15,2014-2015,140,1,0,0.3569895327091217
15,2014-2015,141,0,1,0.6224979758262634
15,2014-2015,142,1,1,0.5987183451652527
15,2014-2015,143,0,1,0.9255694150924683
15,2014-2015,144,1,0,0.14587894082069397
15,2014-2015,145,1,1,0.8736771941184998
15,2014-2015,146,0,1,0.5755670666694641
15,2014-2015,147,1,0,0.49576690793037415
15,2014-2015,148,1,1,0.7423185706138611
15,2014-2015,149,1,0,0.2366698682308197
15,2014-2015,150,0,0,0.3389272689819336
15,2014-2015,151,0,0,0.13855136930942535
15,2014-2015,152,1,1,0.917217493057251
15,2014-2015,153,0,0,0.20364950597286224
15,2014-2015,154,0,1,0.7684616446495056
15,2014-2015,155,0,0,0.34608685970306396
15,2014-2015,156,0,1,0.8450196981430054
15,2014-2015,157,1,1,0.9230414628982544
15,2014-2015,158,1,1,0.903178870677948
15,2014-2015,159,0,0,0.11559545993804932
15,2014-2015,160,1,1,0.5244749784469604
15,2014-2015,161,0,0,0.34605371952056885
15,2014-2015,162,1,1,0.6024715900421143
15,2014-2015,163,1,1,0.7469580769538879
15,2014-2015,164,1,0,0.3886241912841797
15,2014-2015,165,0,1,0.6789520978927612
15,2014-2015,166,1,1,0.8660394549369812
15,2014-2015,167,0,1,0.658303439617157
15,2014-2015,168,1,1,0.896232008934021
15,2014-2015,169,1,1,0.949001669883728
15,2014-2015,170,1,1,0.7652546763420105
15,2014-2015,171,1,0,0.4028416872024536
15,2014-2015,172,1,1,0.5644987225532532
15,2014-2015,173,1,1,0.851274847984314
15,2014-2015,174,1,1,0.9184337258338928
15,2014-2015,175,1,1,0.5332680940628052
15,2014-2015,176,0,1,0.6205123662948608
15,2014-2015,177,1,1,0.811846137046814
15,2014-2015,178,0,0,0.09857214987277985
15,2014-2015,179,1,1,0.9370608329772949
15,2014-2015,180,1,1,0.9142522215843201
15,2014-2015,181,0,0,0.10022464394569397
15,2014-2015,182,0,1,0.527376115322113
15,2014-2015,183,1,1,0.9512845873832703
15,2014-2015,184,0,0,0.21897321939468384
15,2014-2015,185,1,1,0.6087354421615601
15,2014-2015,186,1,1,0.5443969964981079
15,2014-2015,187,0,0,0.08192308247089386
15,2014-2015,188,0,1,0.6510761380195618
15,2014-2015,189,1,1,0.5801732540130615
15,2014-2015,190,0,1,0.9580456018447876
15,2014-2015,191,0,1,0.9694013595581055
15,2014-2015,192,1,1,0.5666149854660034
15,2014-2015,193,1,1,0.6441737413406372
15,2014-2015,194,0,0,0.1001744344830513
15,2014-2015,195,1,1,0.8492063283920288
15,2014-2015,196,1,1,0.6750643849372864
15,2014-2015,197,1,1,0.9263728260993958
15,2014-2015,198,1,1,0.8798037171363831
15,2014-2015,199,1,0,0.36909550428390503
15,2014-2015,200,1,1,0.7729203104972839
15,2014-2015,201,0,0,0.07094848901033401
15,2014-2015,202,0,0,0.3282720446586609
15,2014-2015,203,1,1,0.7969571352005005
15,2014-2015,204,0,0,0.46362948417663574
15,2014-2015,205,1,1,0.5933446288108826
15,2014-2015,206,0,0,0.06422121822834015
15,2014-2015,207,0,0,0.0665382519364357
15,2014-2015,208,1,1,0.6779839992523193
15,2014-2015,209,1,1,0.7185522317886353
15,2014-2015,210,1,1,0.6307981014251709
15,2014-2015,211,0,0,0.04089169576764107
15,2014-2015,212,1,0,0.42810142040252686
15,2014-2015,213,1,1,0.7442725300788879
15,2014-2015,214,1,0,0.4340052604675293
15,2014-2015,215,0,0,0.41560640931129456
15,2014-2015,216,0,1,0.9271283149719238
15,2014-2015,217,0,0,0.41990357637405396
15,2014-2015,218,1,1,0.7698532938957214
15,2014-2015,219,1,1,0.5910019874572754
15,2014-2015,220,1,1,0.8294920325279236
15,2014-2015,221,0,0,0.04287749156355858
15,2014-2015,222,1,1,0.8443167805671692
15,2014-2015,223,0,1,0.7503215670585632
15,2014-2015,224,1,0,0.0254326481372118
15,2014-2015,225,0,1,0.9536057114601135
15,2014-2015,226,1,1,0.8971872925758362
15,2014-2015,227,0,0,0.3853827714920044
15,2014-2015,228,1,0,0.2405710071325302
15,2014-2015,229,1,1,0.6953219771385193
15,2014-2015,230,1,1,0.7767876982688904
15,2014-2015,231,1,0,0.0972377359867096
15,2014-2015,232,0,1,0.7408691644668579
15,2014-2015,233,1,1,0.7098729610443115
15,2014-2015,234,1,1,0.5285739302635193
15,2014-2015,235,1,1,0.6866598129272461
15,2014-2015,236,1,1,0.8174908757209778
15,2014-2015,237,1,1,0.5138323903083801
15,2014-2015,238,1,1,0.9579699039459229
15,2014-2015,239,1,1,0.7083935737609863
15,2014-2015,240,1,1,0.7195902466773987
15,2014-2015,241,1,1,0.6014081239700317
15,2014-2015,242,1,1,0.7745794653892517
15,2014-2015,243,1,1,0.5149758458137512
15,2014-2015,244,1,1,0.5456832647323608
15,2014-2015,245,1,1,0.8410894274711609
15,2014-2015,246,0,1,0.9538549780845642
15,2014-2015,247,0,1,0.7689000368118286
15,2014-2015,248,0,1,0.7325295805931091
15,2014-2015,249,0,1,0.5267565250396729
15,2014-2015,250,0,1,0.5682160258293152
15,2014-2015,251,0,0,0.17081668972969055
15,2014-2015,252,1,0,0.2579466998577118
15,2014-2015,253,0,0,0.22530800104141235
15,2014-2015,254,0,0,0.059883832931518555
15,2014-2015,255,1,0,0.04110696539282799
15,2014-2015,256,0,1,0.8247413635253906
15,2014-2015,257,1,0,0.13767032325267792
15,2014-2015,258,1,1,0.6737515330314636
15,2014-2015,259,1,1,0.8132972121238708
15,2014-2015,260,1,1,0.6620587706565857
15,2014-2015,261,0,1,0.6565225124359131
15,2014-2015,262,0,1,0.8798081278800964
15,2014-2015,263,0,0,0.17304778099060059
15,2014-2015,264,1,0,0.35514941811561584
15,2014-2015,265,1,1,0.5774503946304321
15,2014-2015,266,1,0,0.2349717766046524
15,2014-2015,267,0,1,0.6339202523231506
15,2014-2015,268,1,1,0.7149259448051453
15,2014-2015,269,1,1,0.6072708368301392
15,2015-2016,16,0,0,0.3922868072986603
15,2015-2016,17,0,0,0.4372551143169403
15,2015-2016,18,0,0,0.3482358455657959
15,2015-2016,19,1,1,0.8338065147399902
15,2015-2016,20,1,1,0.8461693525314331
15,2015-2016,21,1,0,0.2764165699481964
15,2015-2016,22,1,0,0.36203765869140625
15,2015-2016,23,0,0,0.19787488877773285
15,2015-2016,24,0,1,0.7437885403633118
15,2015-2016,25,1,0,0.3389440178871155
15,2015-2016,26,1,0,0.2286861389875412
15,2015-2016,27,0,0,0.28546053171157837
15,2015-2016,28,0,0,0.4499778747558594
15,2015-2016,29,0,1,0.8073518872261047
15,2015-2016,30,1,0,0.2483736127614975
15,2015-2016,31,1,0,0.11644695699214935
15,2015-2016,32,1,0,0.4114340841770172
15,2015-2016,33,0,1,0.7688103318214417
15,2015-2016,34,1,0,0.398032009601593
15,2015-2016,35,1,0,0.2402353137731552
15,2015-2016,36,0,0,0.28002485632896423
15,2015-2016,37,1,0,0.4927065074443817
15,2015-2016,38,1,1,0.6133092045783997
15,2015-2016,39,1,0,0.24316933751106262
15,2015-2016,40,1,0,0.2742675840854645
15,2015-2016,41,1,0,0.3292785584926605
15,2015-2016,42,1,0,0.2316780537366867
15,2015-2016,43,1,1,0.5368202924728394
15,2015-2016,44,1,1,0.8615919947624207
15,2015-2016,45,0,1,0.7381680607795715
15,2015-2016,46,0,1,0.8728067874908447
15,2015-2016,47,0,1,0.8786526918411255
15,2015-2016,48,1,1,0.8677955269813538
15,2015-2016,49,1,0,0.2542969882488251
15,2015-2016,50,1,1,0.6060870289802551
15,2015-2016,51,0,0,0.3642849326133728
15,2015-2016,52,0,0,0.27685827016830444
15,2015-2016,53,0,0,0.28164154291152954
15,2015-2016,54,1,1,0.8371588587760925
15,2015-2016,55,1,1,0.8195788860321045
15,2015-2016,56,1,1,0.5484854578971863
15,2015-2016,57,1,1,0.7802817821502686
15,2015-2016,58,1,1,0.710086464881897
15,2015-2016,59,1,1,0.7002870440483093
15,2015-2016,60,0,1,0.9016218781471252
15,2015-2016,61,1,1,0.797376275062561
15,2015-2016,62,1,0,0.3887132406234741
15,2015-2016,63,1,1,0.9029490351676941
15,2015-2016,64,0,1,0.6501332521438599
15,2015-2016,65,0,0,0.2811897099018097
15,2015-2016,66,1,0,0.17764060199260712
15,2015-2016,67,0,1,0.512068510055542
15,2015-2016,68,1,1,0.9362313151359558
15,2015-2016,69,1,1,0.7446337938308716
15,2015-2016,70,0,0,0.15448449552059174
15,2015-2016,71,0,1,0.6859363913536072
15,2015-2016,72,1,0,0.19635245203971863
15,2015-2016,73,0,0,0.4995119571685791
15,2015-2016,74,1,1,0.6037441492080688
15,2015-2016,75,1,0,0.34517672657966614
15,2015-2016,76,1,1,0.8276314735412598
15,2015-2016,77,1,0,0.3881121575832367
15,2015-2016,78,1,1,0.7039194107055664
15,2015-2016,79,0,0,0.23094810545444489
15,2015-2016,80,0,0,0.42385587096214294
15,2015-2016,81,1,1,0.8173268437385559
15,2015-2016,82,0,1,0.8001583218574524
15,2015-2016,83,1,1,0.8533685207366943
15,2015-2016,84,1,1,0.9684150815010071
15,2015-2016,85,0,0,0.09693450480699539
15,2015-2016,86,1,1,0.7909755110740662
15,2015-2016,87,0,1,0.5503082871437073
15,2015-2016,88,1,0,0.2110579013824463
15,2015-2016,89,1,0,0.19437846541404724
15,2015-2016,90,0,1,0.5147222876548767
15,2015-2016,91,1,0,0.41146695613861084
15,2015-2016,92,1,0,0.30390822887420654
15,2015-2016,93,1,1,0.907407820224762
15,2015-2016,94,0,1,0.629199743270874
15,2015-2016,95,1,1,0.8341914415359497
15,2015-2016,96,0,1,0.6788377165794373
15,2015-2016,97,0,1,0.8879618048667908
15,2015-2016,98,1,0,0.2515079975128174
15,2015-2016,99,0,0,0.1564084142446518
15,2015-2016,100,0,0,0.34255313873291016
15,2015-2016,101,0,1,0.5684922337532043
15,2015-2016,102,1,1,0.868280827999115
15,2015-2016,103,1,1,0.9617863297462463
15,2015-2016,104,1,1,0.7985928654670715
15,2015-2016,105,1,1,0.5841550827026367
15,2015-2016,106,1,1,0.7102993726730347
15,2015-2016,107,0,1,0.9168576002120972
15,2015-2016,108,1,0,0.23568156361579895
15,2015-2016,109,1,1,0.5478461980819702
15,2015-2016,110,0,1,0.6145516037940979
15,2015-2016,111,0,0,0.25573602318763733
15,2015-2016,112,0,1,0.6917476654052734
15,2015-2016,113,0,0,0.3096518814563751
15,2015-2016,114,1,0,0.32631540298461914
15,2015-2016,115,0,1,0.503943145275116
15,2015-2016,116,1,1,0.8815761804580688
15,2015-2016,117,1,1,0.7337321043014526
15,2015-2016,118,0,1,0.7332674860954285
15,2015-2016,119,1,1,0.8691787719726562
15,2015-2016,120,0,1,0.7034715414047241
15,2015-2016,121,1,0,0.45295295119285583
15,2015-2016,122,0,1,0.6554664373397827
15,2015-2016,123,0,0,0.36249086260795593
15,2015-2016,124,1,1,0.8548066020011902
15,2015-2016,125,1,1,0.8045781850814819
15,2015-2016,126,0,0,0.2743757367134094
15,2015-2016,127,0,1,0.7016453742980957
15,2015-2016,128,0,1,0.9501383304595947
15,2015-2016,129,1,1,0.6643019318580627
15,2015-2016,130,0,1,0.6997252702713013
15,2015-2016,131,0,0,0.4639614224433899
15,2015-2016,132,1,1,0.6128882765769958
15,2015-2016,133,1,1,0.5607750415802002
15,2015-2016,134,1,1,0.8839257955551147
15,2015-2016,135,1,1,0.5672497749328613
15,2015-2016,136,0,0,0.25331515073776245
15,2015-2016,137,1,1,0.5122238993644714
15,2015-2016,138,0,0,0.44363945722579956
15,2015-2016,139,0,0,0.4688112735748291
15,2015-2016,140,0,0,0.20279741287231445
15,2015-2016,141,0,1,0.5482248067855835
15,2015-2016,142,0,0,0.36678168177604675
15,2015-2016,143,0,0,0.3602173626422882
15,2015-2016,144,1,1,0.7452268600463867
15,2015-2016,145,1,0,0.3071613013744354
15,2015-2016,146,0,1,0.761981189250946
15,2015-2016,147,1,1,0.701855480670929
15,2015-2016,148,0,0,0.37058359384536743
15,2015-2016,149,0,0,0.2978653609752655
15,2015-2016,150,0,0,0.27324211597442627
15,2015-2016,151,0,1,0.6906874179840088
15,2015-2016,152,1,0,0.4598039388656616
15,2015-2016,153,1,1,0.6814442873001099
15,2015-2016,154,0,0,0.33297544717788696
15,2015-2016,155,0,0,0.31465309858322144
15,2015-2016,156,1,1,0.7425498366355896
15,2015-2016,157,1,1,0.8822094798088074
15,2015-2016,158,1,0,0.20355312526226044
15,2015-2016,159,0,0,0.3983106315135956
15,2015-2016,160,1,1,0.6978572010993958
15,2015-2016,161,0,1,0.5386260151863098
15,2015-2016,162,1,0,0.19391003251075745
15,2015-2016,163,0,0,0.18626853823661804
15,2015-2016,164,0,0,0.2879512310028076
15,2015-2016,165,1,1,0.6631299257278442
15,2015-2016,166,0,1,0.5252668261528015
15,2015-2016,167,0,1,0.5183352828025818
15,2015-2016,168,1,0,0.42044857144355774
15,2015-2016,169,0,1,0.7088544368743896
15,2015-2016,170,1,0,0.22056452929973602
15,2015-2016,171,0,1,0.583478569984436
15,2015-2016,172,1,0,0.3742385506629944
15,2015-2016,173,0,1,0.5961209535598755
15,2015-2016,174,1,0,0.4112098217010498
15,2015-2016,175,1,0,0.27370738983154297
15,2015-2016,176,0,0,0.3607866168022156
15,2015-2016,177,1,0,0.2887450158596039
15,2015-2016,178,0,0,0.2495948076248169
15,2015-2016,179,0,0,0.20248231291770935
15,2015-2016,180,1,0,0.2987487316131592
15,2015-2016,181,1,0,0.2930820882320404
15,2015-2016,182,0,1,0.583245575428009
15,2015-2016,183,0,0,0.25474444031715393
15,2015-2016,184,1,0,0.29398491978645325
15,2015-2016,185,0,1,0.6205307841300964
15,2015-2016,186,1,1,0.5755109786987305
15,2015-2016,187,1,0,0.4219900965690613
15,2015-2016,188,0,0,0.3983880877494812
15,2015-2016,189,1,0,0.4789111614227295
15,2015-2016,190,1,1,0.6409873366355896
15,2015-2016,191,1,0,0.4640137851238251
15,2015-2016,192,0,1,0.7586753964424133
15,2015-2016,193,0,0,0.23067787289619446
15,2015-2016,194,1,1,0.5371484756469727
15,2015-2016,195,0,1,0.7467417120933533
15,2015-2016,196,1,0,0.1890711486339569
15,2015-2016,197,1,1,0.5153225660324097
15,2015-2016,198,1,0,0.14307227730751038
15,2015-2016,199,0,0,0.23215171694755554
15,2015-2016,200,1,1,0.5804354548454285
15,2015-2016,201,1,1,0.7077354788780212
15,2015-2016,202,1,1,0.8886310458183289
15,2015-2016,203,0,0,0.4820071756839752
15,2015-2016,204,1,1,0.6655825972557068
15,2015-2016,205,1,1,0.887708842754364
15,2015-2016,206,1,1,0.7965266108512878
15,2015-2016,207,1,1,0.6161736845970154
15,2015-2016,208,1,0,0.40161705017089844
15,2015-2016,209,0,0,0.3706715703010559
15,2015-2016,210,0,1,0.5700183510780334
15,2015-2016,211,1,0,0.37799888849258423
15,2015-2016,212,1,0,0.36215513944625854
15,2015-2016,213,1,1,0.8073327541351318
15,2015-2016,214,1,1,0.6539340019226074
15,2015-2016,215,0,0,0.45830237865448
15,2015-2016,216,0,1,0.731654942035675
15,2015-2016,217,1,0,0.4682624042034149
15,2015-2016,218,1,1,0.5645059943199158
15,2015-2016,219,1,1,0.9072656631469727
15,2015-2016,220,0,1,0.7823148965835571
15,2015-2016,221,1,1,0.8299067616462708
15,2015-2016,222,0,1,0.6401547193527222
15,2015-2016,223,1,1,0.8970739245414734
15,2015-2016,224,0,1,0.8703434467315674
15,2015-2016,225,1,0,0.3016273081302643
15,2015-2016,226,1,1,0.5453433394432068
15,2015-2016,227,0,1,0.701374351978302
15,2015-2016,228,1,0,0.3801392912864685
15,2015-2016,229,0,1,0.7896355390548706
15,2015-2016,230,1,1,0.6107282042503357
15,2015-2016,231,1,0,0.4026658833026886
15,2015-2016,232,0,0,0.49929580092430115
15,2015-2016,233,1,1,0.8088650703430176
15,2015-2016,234,0,1,0.6239910125732422
15,2015-2016,235,1,1,0.5004593729972839
15,2015-2016,236,0,1,0.7321541905403137
15,2015-2016,237,0,1,0.5788431167602539
15,2015-2016,238,1,0,0.3534754812717438
15,2015-2016,239,1,1,0.54872727394104
15,2016-2017,16,0,1,0.835896372795105
15,2016-2017,17,0,0,0.4405818581581116
15,2016-2017,18,0,0,0.3169041872024536
15,2016-2017,19,0,0,0.21651771664619446
15,2016-2017,20,1,0,0.16799360513687134
15,2016-2017,21,0,0,0.2861011326313019
15,2016-2017,22,1,0,0.22345542907714844
15,2016-2017,23,1,0,0.4589040279388428
15,2016-2017,24,1,1,0.6145206093788147
15,2016-2017,25,1,1,0.9240002036094666
15,2016-2017,26,1,1,0.7070061564445496
15,2016-2017,27,1,1,0.6716836094856262
15,2016-2017,28,0,1,0.7267827391624451
15,2016-2017,29,1,1,0.6255248188972473
15,2016-2017,30,1,1,0.8578422665596008
15,2016-2017,31,0,1,0.571428656578064
15,2016-2017,32,0,0,0.18561437726020813
15,2016-2017,33,0,1,0.8242509365081787
15,2016-2017,34,1,1,0.8113120794296265
15,2016-2017,35,1,0,0.4741760194301605
15,2016-2017,36,1,1,0.9326575994491577
15,2016-2017,37,0,0,0.37762463092803955
15,2016-2017,38,1,1,0.8292990922927856
15,2016-2017,39,1,0,0.2215479463338852
15,2016-2017,40,1,1,0.6010794043540955
15,2016-2017,41,1,0,0.221794992685318
15,2016-2017,42,1,1,0.924019455909729
15,2016-2017,43,0,0,0.44448816776275635
15,2016-2017,44,0,1,0.8537384867668152
15,2016-2017,45,1,1,0.8020766973495483
15,2016-2017,46,0,0,0.1286994218826294
15,2016-2017,47,0,1,0.87749844789505
15,2016-2017,48,0,1,0.5827937722206116
15,2016-2017,49,1,0,0.2635767161846161
15,2016-2017,50,0,0,0.14865542948246002
15,2016-2017,51,0,0,0.39269593358039856
15,2016-2017,52,0,0,0.06626024097204208
15,2016-2017,53,0,1,0.5555267333984375
15,2016-2017,54,0,1,0.5739211440086365
15,2016-2017,55,1,0,0.08681400865316391
15,2016-2017,56,0,0,0.23879683017730713
15,2016-2017,57,1,1,0.5918923020362854
15,2016-2017,58,1,1,0.847023069858551
15,2016-2017,59,1,0,0.05350106209516525
15,2016-2017,60,1,1,0.5716515183448792
15,2016-2017,61,0,0,0.43759670853614807
15,2016-2017,62,1,0,0.18343038856983185
15,2016-2017,63,1,0,0.48669156432151794
15,2016-2017,64,1,1,0.7638336420059204
15,2016-2017,65,1,1,0.5309053659439087
15,2016-2017,66,0,1,0.6542544364929199
15,2016-2017,67,1,0,0.14324252307415009
15,2016-2017,68,1,1,0.6876468062400818
15,2016-2017,69,1,1,0.7500879168510437
15,2016-2017,70,0,1,0.8193480968475342
15,2016-2017,71,1,1,0.7110954523086548
15,2016-2017,72,0,1,0.9176017642021179
15,2016-2017,73,1,1,0.7399222254753113
15,2016-2017,74,1,1,0.8258138298988342
15,2016-2017,75,0,1,0.5287213325500488
15,2016-2017,76,0,1,0.5699754357337952
15,2016-2017,77,0,1,0.8293846845626831
15,2016-2017,78,1,1,0.6733031272888184
15,2016-2017,79,0,1,0.5757752656936646
15,2016-2017,80,1,0,0.4421803951263428
15,2016-2017,81,1,1,0.6995685696601868
15,2016-2017,82,0,1,0.6343922019004822
15,2016-2017,83,1,1,0.7576940655708313
15,2016-2017,84,1,0,0.14261555671691895
15,2016-2017,85,1,1,0.793800950050354
15,2016-2017,86,1,1,0.9189774394035339
15,2016-2017,87,0,1,0.5579225420951843
15,2016-2017,88,0,1,0.7602606415748596
15,2016-2017,89,0,0,0.32718849182128906
15,2016-2017,90,1,1,0.7688838243484497
15,2016-2017,91,0,0,0.29485684633255005
15,2016-2017,92,1,1,0.7837327122688293
15,2016-2017,93,0,1,0.8645902276039124
15,2016-2017,94,0,1,0.8127031326293945
15,2016-2017,95,0,0,0.26894494891166687
15,2016-2017,96,0,1,0.7895007133483887
15,2016-2017,97,0,1,0.6971312761306763
15,2016-2017,98,0,0,0.10281752794981003
15,2016-2017,99,0,0,0.23667961359024048
15,2016-2017,100,0,0,0.2371445745229721
15,2016-2017,101,0,0,0.12098176032304764
15,2016-2017,102,0,1,0.5193641781806946
15,2016-2017,103,0,0,0.04134679585695267
15,2016-2017,104,1,0,0.24070602655410767
15,2016-2017,105,1,0,0.31610122323036194
15,2016-2017,106,1,0,0.41015419363975525
15,2016-2017,107,1,1,0.5291419625282288
15,2016-2017,108,1,1,0.7489669919013977
15,2016-2017,109,0,0,0.3747750520706177
15,2016-2017,110,0,0,0.4280262887477875
15,2016-2017,111,1,0,0.3339049220085144
15,2016-2017,112,0,1,0.8970072269439697
15,2016-2017,113,1,1,0.8083323240280151
15,2016-2017,114,1,1,0.5848426818847656
15,2016-2017,115,0,0,0.29355230927467346
15,2016-2017,116,1,0,0.3964378833770752
15,2016-2017,117,1,1,0.8718926310539246
15,2016-2017,118,1,1,0.8437650799751282
15,2016-2017,119,1,1,0.8516330718994141
15,2016-2017,120,0,0,0.3633022904396057
15,2016-2017,121,1,1,0.7994067072868347
15,2016-2017,122,0,0,0.22431664168834686
15,2016-2017,123,1,1,0.8087339401245117
15,2016-2017,124,1,0,0.2665160596370697
15,2016-2017,125,1,1,0.5427418351173401
15,2016-2017,126,1,0,0.17591823637485504
15,2016-2017,127,1,0,0.457638144493103
15,2016-2017,128,0,0,0.20026253163814545
15,2016-2017,129,0,0,0.48582515120506287
15,2016-2017,130,1,0,0.34374096989631653
15,2016-2017,131,1,1,0.5837351679801941
15,2016-2017,132,1,0,0.38570788502693176
15,2016-2017,133,1,1,0.6654554009437561
15,2016-2017,134,1,1,0.8258254528045654
15,2016-2017,135,0,0,0.22049081325531006
15,2016-2017,136,1,1,0.7889818549156189
15,2016-2017,137,0,1,0.6178500652313232
15,2016-2017,138,0,0,0.3645605444908142
15,2016-2017,139,1,1,0.7748717665672302
15,2016-2017,140,0,0,0.13929173350334167
15,2016-2017,141,1,1,0.581491231918335
15,2016-2017,142,1,0,0.16455711424350739
15,2016-2017,143,0,0,0.2854057550430298
15,2016-2017,144,1,0,0.18329934775829315
15,2016-2017,145,1,1,0.6341226100921631
15,2016-2017,146,1,1,0.7981857061386108
15,2016-2017,147,0,1,0.6912557482719421
15,2016-2017,148,0,1,0.6029629111289978
15,2016-2017,149,1,0,0.4424464702606201
15,2016-2017,150,1,1,0.8850964903831482
15,2016-2017,151,1,0,0.2882078289985657
15,2016-2017,152,0,0,0.4864107072353363
15,2016-2017,153,1,1,0.7619847059249878
15,2016-2017,154,1,0,0.2299218326807022
15,2016-2017,155,1,1,0.861243724822998
15,2016-2017,156,1,1,0.7090186476707458
15,2016-2017,157,1,1,0.917641818523407
15,2016-2017,158,0,1,0.8932124376296997
15,2016-2017,159,0,0,0.13901369273662567
15,2016-2017,160,1,1,0.8204140663146973
15,2016-2017,161,1,1,0.8840045928955078
15,2016-2017,162,0,1,0.8138393759727478
15,2016-2017,163,1,1,0.9329895377159119
15,2016-2017,164,1,0,0.32530516386032104
15,2016-2017,165,0,1,0.5677937865257263
15,2016-2017,166,1,1,0.7446098327636719
15,2016-2017,167,0,1,0.9099285006523132
15,2016-2017,168,1,1,0.9041512608528137
15,2016-2017,169,0,1,0.7496395707130432
15,2016-2017,170,0,1,0.7170469164848328
15,2016-2017,171,0,0,0.38867947459220886
15,2016-2017,172,0,1,0.7995977997779846
15,2016-2017,173,0,0,0.3718990385532379
15,2016-2017,174,0,1,0.8613407015800476
15,2016-2017,175,1,0,0.4634256660938263
15,2016-2017,176,0,1,0.5350732803344727
15,2016-2017,177,1,1,0.6985588073730469
15,2016-2017,178,0,1,0.8992672562599182
15,2016-2017,179,0,0,0.39447668194770813
15,2016-2017,180,1,1,0.7876898050308228
15,2016-2017,181,0,0,0.3523118197917938
15,2016-2017,182,1,0,0.1655571311712265
15,2016-2017,183,1,1,0.6527657508850098
15,2016-2017,184,1,1,0.8138768672943115
15,2016-2017,185,1,1,0.6538403034210205
15,2016-2017,186,0,1,0.6981979608535767
15,2016-2017,187,0,0,0.4054715633392334
15,2016-2017,188,1,1,0.8103811144828796
15,2016-2017,189,0,1,0.8277348875999451
15,2016-2017,190,1,1,0.9077895283699036
15,2016-2017,191,0,1,0.8183331489562988
15,2016-2017,192,0,0,0.2689405381679535
15,2016-2017,193,1,1,0.6884317398071289
15,2016-2017,194,1,1,0.6555044054985046
15,2016-2017,195,1,1,0.7238364219665527
15,2016-2017,196,0,0,0.4452650845050812
15,2016-2017,197,0,0,0.35879260301589966
15,2016-2017,198,1,0,0.269929975271225
15,2016-2017,199,0,0,0.4221859276294708
15,2016-2017,200,0,1,0.7665829658508301
15,2016-2017,201,1,0,0.10950055718421936
15,2016-2017,202,1,1,0.6995117664337158
15,2016-2017,203,1,1,0.5878225564956665
15,2016-2017,204,1,1,0.746362566947937
15,2016-2017,205,1,0,0.3076968491077423
15,2016-2017,206,0,1,0.5893481373786926
15,2016-2017,207,0,1,0.7126916646957397
15,2016-2017,208,0,1,0.6725863814353943
15,2016-2017,209,1,0,0.3115745782852173
15,2016-2017,210,1,1,0.6852102875709534
15,2016-2017,211,1,1,0.683031439781189
15,2016-2017,212,1,1,0.6387707591056824
15,2016-2017,213,1,0,0.20487506687641144
15,2016-2017,214,0,1,0.9004131555557251
15,2016-2017,215,0,0,0.31713035702705383
15,2016-2017,216,1,0,0.496750146150589
15,2016-2017,217,0,0,0.4740998446941376
15,2016-2017,218,0,0,0.39591771364212036
15,2016-2017,219,1,1,0.6092332601547241
15,2016-2017,220,1,1,0.6996180415153503
15,2016-2017,221,0,0,0.31681621074676514
15,2016-2017,222,0,1,0.6255243420600891
15,2016-2017,223,0,1,0.8558698296546936
15,2016-2017,224,0,1,0.6336988806724548
15,2016-2017,225,1,1,0.5812302827835083
15,2016-2017,226,1,0,0.37065914273262024
15,2016-2017,227,1,0,0.3580603003501892
15,2016-2017,228,0,1,0.7822490930557251
15,2016-2017,229,1,0,0.43187153339385986
15,2016-2017,230,0,1,0.790645182132721
15,2016-2017,231,0,1,0.6965567469596863
15,2016-2017,232,0,0,0.1864931583404541
15,2016-2017,233,1,0,0.36795884370803833
15,2016-2017,234,0,0,0.42121678590774536
15,2016-2017,235,1,1,0.6855740547180176
15,2016-2017,236,0,1,0.8592846393585205
15,2016-2017,237,1,0,0.27040761709213257
15,2016-2017,238,1,0,0.36580535769462585
15,2016-2017,239,0,0,0.3330927789211273
15,2016-2017,240,1,1,0.5782861113548279
15,2016-2017,241,1,1,0.5520055294036865
15,2016-2017,242,0,0,0.4432448744773865
15,2016-2017,243,1,0,0.17433863878250122
15,2016-2017,244,0,1,0.6988875865936279
15,2018-2019,16,0,1,0.5736976861953735
15,2018-2019,17,0,1,0.7044430375099182
15,2018-2019,18,0,1,0.6414081454277039
15,2018-2019,19,1,0,0.31479522585868835
15,2018-2019,20,0,0,0.442905068397522
15,2018-2019,21,0,1,0.6174155473709106
15,2018-2019,22,1,0,0.24692627787590027
15,2018-2019,23,0,1,0.5501131415367126
15,2018-2019,24,1,0,0.41192665696144104
15,2018-2019,25,1,0,0.12918338179588318
15,2018-2019,26,0,0,0.45737236738204956
15,2018-2019,27,0,0,0.17621417343616486
15,2018-2019,28,1,0,0.27305155992507935
15,2018-2019,29,1,0,0.2996901273727417
15,2018-2019,30,0,0,0.306561142206192
15,2018-2019,31,1,1,0.5916762948036194
15,2018-2019,32,1,0,0.3884772062301636
15,2018-2019,33,1,1,0.632348895072937
15,2018-2019,34,1,1,0.6793625950813293
15,2018-2019,35,0,1,0.8069061636924744
15,2018-2019,36,1,1,0.6404148936271667
15,2018-2019,37,1,1,0.8326979279518127
15,2018-2019,38,1,0,0.34076571464538574
15,2018-2019,39,0,0,0.42949968576431274
15,2018-2019,40,0,0,0.11312192678451538
15,2018-2019,41,1,0,0.26852947473526
15,2018-2019,42,1,1,0.7480178475379944
15,2018-2019,43,1,1,0.8123626708984375
15,2018-2019,44,1,0,0.3562615215778351
15,2018-2019,45,1,0,0.35888099670410156
15,2018-2019,46,0,1,0.6105598211288452
15,2018-2019,47,1,0,0.3716191053390503
15,2018-2019,48,1,1,0.7081493139266968
15,2018-2019,49,1,1,0.8738853335380554
15,2018-2019,50,0,1,0.7906936407089233
15,2018-2019,51,1,1,0.8890507221221924
15,2018-2019,52,1,0,0.46365082263946533
15,2018-2019,53,1,1,0.625357985496521
15,2018-2019,54,1,1,0.5010550022125244
15,2018-2019,55,0,1,0.8937614560127258
15,2018-2019,56,1,1,0.8987664580345154
15,2018-2019,57,1,1,0.860863447189331
15,2018-2019,58,0,1,0.9115411639213562
15,2018-2019,59,1,1,0.7039908170700073
15,2018-2019,60,1,1,0.8709506392478943
15,2018-2019,61,1,1,0.906964123249054
15,2018-2019,62,1,1,0.6847305297851562
15,2018-2019,63,1,1,0.7717444896697998
15,2018-2019,64,1,1,0.9350324273109436
15,2018-2019,65,1,1,0.9721313714981079
15,2018-2019,66,1,1,0.9659416079521179
15,2018-2019,67,1,1,0.8004058003425598
15,2018-2019,68,0,1,0.893662691116333
15,2018-2019,69,1,0,0.4644867777824402
15,2018-2019,70,1,1,0.9019839763641357
15,2018-2019,71,0,1,0.755266547203064
15,2018-2019,72,0,1,0.8986669778823853
15,2018-2019,73,1,1,0.8979833126068115
15,2018-2019,74,0,1,0.95173579454422
15,2018-2019,75,1,1,0.879920244216919
15,2018-2019,76,0,1,0.5420988202095032
15,2018-2019,77,1,1,0.9372767210006714
15,2018-2019,78,1,1,0.8894428014755249
15,2018-2019,79,1,1,0.9396321177482605
15,2018-2019,80,0,1,0.9566227793693542
15,2018-2019,81,0,0,0.4423413872718811
15,2018-2019,82,0,1,0.8397804498672485
15,2018-2019,83,1,1,0.7483564019203186
15,2018-2019,84,0,0,0.1684095710515976
15,2018-2019,85,0,1,0.8778585195541382
15,2018-2019,86,0,1,0.6549980044364929
15,2018-2019,87,1,1,0.8589602708816528
15,2018-2019,88,0,0,0.47139766812324524
15,2018-2019,89,1,0,0.1549379825592041
15,2018-2019,90,1,1,0.7833764553070068
15,2018-2019,91,0,1,0.7069829106330872
15,2018-2019,92,0,0,0.1998780220746994
15,2018-2019,93,0,1,0.7756510376930237
15,2018-2019,94,0,0,0.3304949700832367
15,2018-2019,95,0,0,0.46540144085884094
15,2018-2019,96,1,1,0.6709741353988647
15,2018-2019,97,0,0,0.12752391397953033
15,2018-2019,98,0,0,0.27466338872909546
15,2018-2019,99,1,1,0.8658819198608398
15,2018-2019,100,0,1,0.7646766901016235
15,2018-2019,101,1,1,0.6853071451187134
15,2018-2019,102,0,1,0.6178401708602905
15,2018-2019,103,0,1,0.8123500943183899
15,2018-2019,104,0,0,0.25236544013023376
15,2018-2019,105,0,0,0.32080885767936707
15,2018-2019,106,1,1,0.9137105941772461
15,2018-2019,107,1,1,0.8802151679992676
15,2018-2019,108,0,1,0.8560069799423218
15,2018-2019,109,1,0,0.14993874728679657
15,2018-2019,110,1,0,0.27904775738716125
15,2018-2019,111,1,1,0.923144519329071
15,2018-2019,112,1,1,0.8111161589622498
15,2018-2019,113,0,0,0.38415732979774475
15,2018-2019,114,0,0,0.28437554836273193
15,2018-2019,115,0,1,0.6886147260665894
15,2018-2019,116,1,1,0.5094818472862244
15,2018-2019,117,1,1,0.9356566071510315
15,2018-2019,118,1,1,0.9472023844718933
15,2018-2019,119,1,0,0.36750343441963196
15,2018-2019,120,0,1,0.6142750978469849
15,2018-2019,121,1,0,0.4214455783367157
15,2018-2019,122,1,1,0.6220452785491943
15,2018-2019,123,1,0,0.2000669538974762
15,2018-2019,124,0,1,0.8748916387557983
15,2018-2019,125,0,0,0.35522040724754333
15,2018-2019,126,0,1,0.9424896836280823
15,2018-2019,127,1,0,0.17786195874214172
15,2018-2019,128,1,1,0.8124043941497803
15,2018-2019,129,1,1,0.6186584234237671
15,2018-2019,130,1,1,0.8285366296768188
15,2018-2019,131,0,0,0.3466430604457855
15,2018-2019,132,1,1,0.5773546099662781
15,2018-2019,133,1,1,0.741122841835022
15,2018-2019,134,0,0,0.09135229885578156
15,2018-2019,135,1,1,0.8581677675247192
15,2018-2019,136,1,1,0.9073508381843567
15,2018-2019,137,1,1,0.6454071402549744
15,2018-2019,138,0,1,0.773298442363739
15,2018-2019,139,1,1,0.8047988414764404
15,2018-2019,140,1,1,0.617626428604126
15,2018-2019,141,1,1,0.676103949546814
15,2018-2019,142,1,1,0.8965662121772766
15,2018-2019,143,1,1,0.7832328677177429
15,2018-2019,144,1,1,0.9239581823348999
15,2018-2019,145,0,0,0.2226332724094391
15,2018-2019,146,0,1,0.5510664582252502
15,2018-2019,147,0,0,0.4634949564933777
15,2018-2019,148,1,1,0.9316348433494568
15,2018-2019,149,0,0,0.06674647331237793
15,2018-2019,150,0,0,0.27682578563690186
15,2018-2019,151,1,1,0.7289606332778931
15,2018-2019,152,0,1,0.7271780371665955
15,2018-2019,153,0,1,0.7469673752784729
15,2018-2019,154,0,1,0.701083242893219
15,2018-2019,155,1,1,0.870708167552948
15,2018-2019,156,1,1,0.8582464456558228
15,2018-2019,157,1,1,0.8984779715538025
15,2018-2019,158,0,1,0.5658172369003296
15,2018-2019,159,1,1,0.5942386388778687
15,2018-2019,160,1,1,0.9182672500610352
15,2018-2019,161,0,1,0.7739447951316833
15,2018-2019,162,1,1,0.9573478102684021
15,2018-2019,163,1,1,0.5072921514511108
15,2018-2019,164,1,1,0.8881822824478149
15,2018-2019,165,1,1,0.7522978186607361
15,2018-2019,166,0,1,0.5303001999855042
15,2018-2019,167,0,0,0.18482857942581177
15,2018-2019,168,1,0,0.07867363840341568
15,2018-2019,169,0,1,0.5832812786102295
15,2018-2019,170,1,0,0.19685198366641998
15,2018-2019,171,1,1,0.8630348443984985
15,2018-2019,172,1,0,0.24928468465805054
15,2018-2019,173,1,1,0.838386595249176
15,2018-2019,174,1,1,0.7915162444114685
15,2018-2019,175,1,1,0.829034686088562
15,2018-2019,176,0,1,0.7225052714347839
15,2018-2019,177,1,1,0.8559598922729492
15,2018-2019,178,1,1,0.5185135006904602
15,2018-2019,179,0,1,0.632053017616272
15,2018-2019,180,0,1,0.6015421152114868
15,2018-2019,181,0,0,0.32208138704299927
15,2018-2019,182,1,1,0.8791179060935974
15,2018-2019,183,1,0,0.3573327958583832
15,2018-2019,184,1,1,0.7920719385147095
15,2018-2019,185,1,1,0.8753207325935364
15,2018-2019,186,1,1,0.8210921883583069
15,2018-2019,187,1,1,0.9143046736717224
15,2018-2019,188,1,1,0.9031318426132202
15,2018-2019,189,1,1,0.9322897791862488
15,2018-2019,190,1,0,0.449113667011261
15,2018-2019,191,0,1,0.9294583797454834
15,2018-2019,192,0,1,0.5300633311271667
15,2018-2019,193,0,0,0.4695265293121338
15,2018-2019,194,1,1,0.7670383453369141
15,2018-2019,195,1,1,0.9541189670562744
15,2018-2019,196,1,1,0.9221404194831848
15,2018-2019,197,0,1,0.9614763259887695
15,2018-2019,198,0,0,0.08468183130025864
15,2018-2019,199,1,1,0.5002825260162354
15,2018-2019,200,1,1,0.6149942874908447
15,2018-2019,201,1,1,0.5720111131668091
15,2018-2019,202,1,0,0.3431815803050995
15,2019-2020,16,0,0,0.27988770604133606
15,2019-2020,17,1,0,0.22461837530136108
15,2019-2020,18,1,1,0.5108917355537415
15,2019-2020,19,1,1,0.7106660008430481
15,2019-2020,20,0,1,0.746471107006073
15,2019-2020,21,1,0,0.4393593966960907
15,2019-2020,22,1,1,0.8187418580055237
15,2019-2020,23,0,0,0.11075407266616821
15,2019-2020,24,0,1,0.6851222515106201
15,2019-2020,25,0,1,0.906757652759552
15,2019-2020,26,0,1,0.5532217025756836
15,2019-2020,27,0,0,0.1589701771736145
15,2019-2020,28,1,1,0.6263048648834229
15,2019-2020,29,0,1,0.6479147672653198
15,2019-2020,30,0,1,0.6895922422409058
15,2019-2020,31,1,0,0.38930201530456543
15,2019-2020,32,1,0,0.18277449905872345
15,2019-2020,33,1,0,0.2781601846218109
15,2019-2020,34,1,0,0.18138620257377625
15,2019-2020,35,0,0,0.2617945373058319
15,2019-2020,36,1,0,0.4918462038040161
15,2019-2020,37,0,0,0.31361523270606995
15,2019-2020,38,0,0,0.18964900076389313
15,2019-2020,39,1,1,0.6926097273826599
15,2019-2020,40,0,1,0.5703153014183044
15,2019-2020,41,0,0,0.14942440390586853
15,2019-2020,42,1,0,0.16756126284599304
15,2019-2020,43,0,0,0.4607812762260437
15,2019-2020,44,1,1,0.6716027855873108
15,2019-2020,45,1,0,0.2590008080005646
15,2019-2020,46,1,0,0.26540085673332214
15,2019-2020,47,0,0,0.14169631898403168
15,2019-2020,48,1,0,0.31016820669174194
15,2019-2020,49,0,0,0.2820459306240082
15,2019-2020,50,0,0,0.10157856345176697
15,2019-2020,51,0,1,0.7631457448005676
15,2019-2020,52,0,0,0.4423830807209015
15,2019-2020,53,0,1,0.777164101600647
15,2019-2020,54,0,0,0.27043789625167847
15,2019-2020,55,1,1,0.6884918212890625
15,2019-2020,56,0,0,0.07094314694404602
15,2019-2020,57,1,0,0.41227462887763977
15,2019-2020,58,1,1,0.5777581334114075
15,2019-2020,59,0,0,0.4262663424015045
15,2019-2020,60,1,0,0.2599852979183197
15,2019-2020,61,1,0,0.2715386152267456
15,2019-2020,62,0,0,0.05138692632317543
15,2019-2020,63,1,1,0.7221240997314453
15,2019-2020,64,0,1,0.826708197593689
15,2019-2020,65,0,1,0.6254041790962219
15,2019-2020,66,1,0,0.23564401268959045
15,2019-2020,67,1,0,0.24245575070381165
15,2019-2020,68,1,1,0.5852537155151367
15,2019-2020,69,0,1,0.6675134897232056
15,2019-2020,70,0,1,0.8651355504989624
15,2019-2020,71,1,0,0.4166144132614136
15,2019-2020,72,0,0,0.124366395175457
15,2019-2020,73,1,0,0.46552330255508423
15,2019-2020,74,0,0,0.38359275460243225
15,2019-2020,75,0,1,0.7518147230148315
15,2019-2020,76,1,0,0.20991231501102448
15,2019-2020,77,1,0,0.3933717906475067
15,2019-2020,78,0,0,0.07045070827007294
15,2019-2020,79,0,0,0.1855827420949936
15,2019-2020,80,0,1,0.6003960371017456
15,2019-2020,81,0,0,0.07481817156076431
15,2019-2020,82,1,1,0.8291912078857422
15,2019-2020,83,1,0,0.46925610303878784
15,2019-2020,84,0,1,0.6807729601860046
15,2019-2020,85,1,1,0.6944231390953064
15,2019-2020,86,0,0,0.22867485880851746
15,2019-2020,87,0,1,0.6144811511039734
15,2019-2020,88,1,1,0.7166624069213867
15,2019-2020,89,0,0,0.338720440864563
15,2019-2020,90,0,1,0.5180210471153259
15,2019-2020,91,1,1,0.5856210589408875
15,2019-2020,92,0,0,0.4485372304916382
15,2019-2020,93,1,0,0.1972220540046692
15,2019-2020,94,1,0,0.1805717498064041
15,2019-2020,95,0,1,0.7712134718894958
15,2019-2020,96,1,0,0.42149844765663147
15,2019-2020,97,0,1,0.5944803953170776
15,2019-2020,98,0,1,0.6129425168037415
15,2019-2020,99,0,0,0.4711775779724121
15,2019-2020,100,0,1,0.8461920619010925
15,2019-2020,101,0,1,0.5052036046981812
15,2019-2020,102,1,1,0.6556230187416077
15,2019-2020,103,1,1,0.6326665282249451
15,2019-2020,104,1,1,0.7363379597663879
15,2019-2020,105,1,1,0.5396570563316345
15,2019-2020,106,1,0,0.45722150802612305
15,2019-2020,107,1,1,0.6978560090065002
15,2019-2020,108,1,1,0.5423203110694885
15,2019-2020,109,0,1,0.7025954723358154
15,2019-2020,110,1,0,0.345756858587265
15,2019-2020,111,1,1,0.6088309288024902
15,2019-2020,112,0,0,0.374047189950943
15,2019-2020,113,0,0,0.4238007068634033
15,2019-2020,114,1,0,0.3495580554008484
15,2019-2020,115,0,1,0.8326205611228943
15,2019-2020,116,0,1,0.6640113592147827
15,2019-2020,117,1,1,0.8737689256668091
15,2019-2020,118,1,0,0.17881502211093903
15,2019-2020,119,0,0,0.3462643027305603
15,2019-2020,120,1,1,0.781852662563324
15,2019-2020,121,1,1,0.8132029175758362
15,2019-2020,122,0,0,0.1383410394191742
15,2019-2020,123,1,0,0.06034747511148453
15,2019-2020,124,0,0,0.23190611600875854
15,2019-2020,125,1,1,0.8424339890480042
15,2019-2020,126,1,1,0.7255297303199768
15,2019-2020,127,0,1,0.6025237441062927
15,2019-2020,128,1,0,0.15349724888801575
15,2019-2020,129,1,0,0.24664291739463806
15,2019-2020,130,0,1,0.7074480056762695
15,2019-2020,131,0,1,0.9580745100975037
15,2019-2020,132,1,0,0.3604322373867035
15,2019-2020,133,0,1,0.8873603940010071
15,2019-2020,134,1,0,0.3860260248184204
15,2019-2020,135,1,1,0.7504730820655823
15,2019-2020,136,1,0,0.45649704337120056
15,2019-2020,137,1,1,0.7592105269432068
15,2019-2020,138,0,0,0.24633432924747467
15,2019-2020,139,1,1,0.7669367790222168
15,2019-2020,140,1,0,0.4161708652973175
15,2019-2020,141,1,1,0.7819097638130188
15,2019-2020,142,0,0,0.33530038595199585
15,2019-2020,143,0,0,0.4128616154193878
15,2019-2020,144,1,1,0.5867238640785217
15,2019-2020,145,1,1,0.7697600722312927
15,2019-2020,146,0,0,0.4310530424118042
15,2019-2020,147,0,0,0.37010255455970764
15,2019-2020,148,0,1,0.677568793296814
15,2019-2020,149,0,0,0.31253358721733093
15,2019-2020,150,0,0,0.38294968008995056
15,2019-2020,151,1,1,0.7945058345794678
15,2019-2020,152,1,1,0.6871768236160278
15,2019-2020,153,0,1,0.5739949345588684
15,2019-2020,154,1,1,0.6752851605415344
15,2019-2020,155,0,1,0.5419010519981384
15,2019-2020,156,0,1,0.5336878895759583
15,2019-2020,157,0,0,0.1514836698770523
15,2019-2020,158,0,0,0.16746856272220612
15,2019-2020,159,0,0,0.4088693857192993
15,2019-2020,160,1,1,0.7804621458053589
15,2019-2020,161,1,0,0.04837404564023018
15,2019-2020,162,1,1,0.7331327199935913
15,2019-2020,163,1,1,0.8219186663627625
15,2019-2020,164,1,0,0.20506374537944794
15,2019-2020,165,1,1,0.5767658948898315
15,2019-2020,166,0,1,0.6716958284378052
15,2019-2020,167,1,1,0.6778292059898376
15,2019-2020,168,1,1,0.8216597437858582
15,2019-2020,169,1,1,0.7997435331344604
15,2019-2020,170,0,0,0.3652603328227997
15,2019-2020,171,1,1,0.8454315066337585
15,2019-2020,172,1,1,0.5775915384292603
15,2019-2020,173,0,1,0.6845197677612305
15,2019-2020,174,1,1,0.6999403834342957
15,2019-2020,175,0,1,0.6597485542297363
15,2019-2020,176,0,0,0.28562647104263306
15,2019-2020,177,1,1,0.6825017333030701
15,2019-2020,178,1,0,0.44631099700927734
15,2019-2020,179,1,0,0.19615311920642853
15,2019-2020,180,1,1,0.8405910730361938
15,2019-2020,181,0,1,0.6141077280044556
15,2019-2020,182,1,1,0.7662959694862366
15,2019-2020,183,1,1,0.7026798129081726
15,2019-2020,184,0,0,0.24366363883018494
15,2019-2020,185,1,1,0.8010501265525818
15,2019-2020,186,1,0,0.32564520835876465
15,2019-2020,187,0,1,0.5339359641075134
15,2019-2020,188,1,1,0.8275956511497498
15,2019-2020,189,1,1,0.9084671139717102
15,2019-2020,190,0,1,0.7569770812988281
15,2019-2020,191,1,1,0.8687942624092102
15,2020-2021,16,1,1,0.7484753131866455
15,2020-2021,17,1,0,0.37099066376686096
15,2020-2021,18,0,0,0.3024090826511383
15,2020-2021,19,1,1,0.9221583604812622
15,2020-2021,20,0,1,0.9473841190338135
15,2020-2021,21,1,0,0.3464019298553467
15,2020-2021,22,1,1,0.9241859912872314
15,2020-2021,23,0,1,0.9336842894554138
15,2020-2021,24,0,0,0.4635164737701416
15,2020-2021,25,1,1,0.7899752259254456
15,2020-2021,26,1,0,0.33493828773498535
15,2020-2021,27,0,0,0.4871566891670227
15,2020-2021,28,0,1,0.6795218586921692
15,2020-2021,29,1,0,0.1471775621175766
15,2020-2021,30,0,1,0.5172882080078125
15,2020-2021,31,1,0,0.22669261693954468
15,2020-2021,32,1,1,0.7030736804008484
15,2020-2021,33,0,1,0.7783328294754028
15,2020-2021,34,1,0,0.27363649010658264
15,2020-2021,35,0,0,0.30142584443092346
15,2020-2021,36,1,1,0.8093118667602539
15,2020-2021,37,1,1,0.742352306842804
15,2020-2021,38,1,1,0.8170962333679199
15,2020-2021,39,1,1,0.9175699353218079
15,2020-2021,40,0,0,0.3769737184047699
15,2020-2021,41,1,1,0.5148415565490723
15,2020-2021,42,1,1,0.936150848865509
15,2020-2021,43,1,1,0.8859103322029114
15,2020-2021,44,1,1,0.7614426016807556
15,2020-2021,45,1,1,0.9433064460754395
15,2020-2021,46,1,0,0.07936085760593414
15,2020-2021,47,1,1,0.9596331119537354
15,2020-2021,48,1,0,0.46992728114128113
15,2020-2021,49,1,1,0.9637590646743774
15,2020-2021,50,0,0,0.22578197717666626
15,2020-2021,51,0,1,0.9598090052604675
15,2020-2021,52,1,1,0.9338264465332031
15,2020-2021,53,0,1,0.9478939175605774
15,2020-2021,54,1,1,0.910923182964325
15,2020-2021,55,0,0,0.18214595317840576
15,2020-2021,56,0,1,0.8922527432441711
15,2020-2021,57,1,1,0.877873957157135
15,2020-2021,58,0,1,0.5966474413871765
15,2020-2021,59,1,1,0.8566594123840332
15,2020-2021,60,0,1,0.5293333530426025
15,2020-2021,61,1,1,0.888090193271637
15,2020-2021,62,0,0,0.15564943850040436
15,2020-2021,63,1,1,0.526788055896759
15,2020-2021,64,1,0,0.3908621370792389
15,2020-2021,65,1,1,0.9283491969108582
15,2020-2021,66,0,1,0.9659439325332642
15,2020-2021,67,0,0,0.10989973694086075
15,2020-2021,68,0,0,0.38463282585144043
15,2020-2021,69,0,0,0.263639360666275
15,2020-2021,70,1,1,0.8908764123916626
15,2020-2021,71,1,1,0.8597811460494995
15,2020-2021,72,1,1,0.8995859026908875
15,2020-2021,73,1,0,0.4458440840244293
15,2020-2021,74,1,1,0.8773618340492249
15,2020-2021,75,0,1,0.9173887372016907
15,2020-2021,76,1,1,0.909164309501648
15,2020-2021,77,1,0,0.10830777883529663
15,2020-2021,78,1,1,0.8367443680763245
15,2020-2021,79,1,0,0.2769426107406616
15,2020-2021,80,1,0,0.3402617275714874
15,2020-2021,81,1,1,0.9438581466674805
15,2020-2021,82,1,0,0.11838949471712112
15,2020-2021,83,0,1,0.7738072872161865
15,2020-2021,84,1,1,0.5534482002258301
15,2020-2021,85,0,1,0.6514889597892761
15,2020-2021,86,1,1,0.760587751865387
15,2020-2021,87,0,1,0.9420132040977478
15,2020-2021,88,1,0,0.2470085471868515
15,2020-2021,89,1,1,0.5693126320838928
15,2020-2021,90,1,1,0.8145130276679993
15,2020-2021,91,1,1,0.9007777571678162
15,2020-2021,92,1,1,0.6736522316932678
15,2020-2021,93,1,1,0.5903109312057495
15,2020-2021,94,0,1,0.8823903799057007
15,2020-2021,95,0,1,0.900880753993988
15,2020-2021,96,0,1,0.9141587018966675
15,2020-2021,97,1,1,0.8625836372375488
15,2020-2021,98,1,1,0.960921049118042
15,2020-2021,99,0,0,0.3527696430683136
15,2020-2021,100,0,1,0.5762602090835571
15,2020-2021,101,1,1,0.9362156391143799
15,2020-2021,102,0,0,0.3568837344646454
15,2020-2021,103,0,1,0.7969102263450623
15,2020-2021,104,1,1,0.8983201384544373
15,2020-2021,105,0,1,0.5754165649414062
15,2020-2021,106,1,1,0.6588813066482544
15,2020-2021,107,1,0,0.4574923813343048
15,2020-2021,108,0,1,0.5412413477897644
15,2020-2021,109,0,0,0.28748878836631775
15,2020-2021,110,1,1,0.9254910349845886
15,2020-2021,111,0,0,0.14030231535434723
15,2020-2021,112,1,0,0.17510375380516052
15,2020-2021,113,1,1,0.9632577300071716
15,2020-2021,114,0,1,0.873680830001831
15,2020-2021,115,1,1,0.5599620342254639
15,2020-2021,116,0,0,0.25617510080337524
15,2020-2021,117,0,1,0.6018335223197937
15,2020-2021,118,1,1,0.8472200632095337
15,2020-2021,119,1,1,0.8267272710800171
15,2020-2021,120,0,0,0.2876015603542328
15,2020-2021,121,1,1,0.9489755630493164
15,2020-2021,122,1,0,0.339243620634079
15,2020-2021,123,0,0,0.16698922216892242
15,2020-2021,124,0,1,0.88386470079422
15,2020-2021,125,0,1,0.7448363900184631
15,2020-2021,126,0,0,0.45599186420440674
15,2020-2021,127,1,0,0.40205562114715576
15,2020-2021,128,0,0,0.2109123319387436
15,2020-2021,129,1,0,0.497237890958786
15,2020-2021,130,1,1,0.8623197078704834
15,2020-2021,131,0,1,0.5270164012908936
15,2020-2021,132,1,1,0.7575018405914307
15,2020-2021,133,1,1,0.7551340460777283
15,2020-2021,134,1,1,0.9066041707992554
15,2020-2021,135,0,1,0.9348964691162109
15,2020-2021,136,0,1,0.8299175500869751
15,2020-2021,137,1,0,0.3404899835586548
15,2020-2021,138,1,0,0.3345728814601898
15,2020-2021,139,1,1,0.8162456750869751
15,2020-2021,140,1,0,0.14514745771884918
15,2020-2021,141,0,1,0.8367592692375183
15,2020-2021,142,0,1,0.535321056842804
15,2020-2021,143,0,0,0.2856920659542084
15,2020-2021,144,1,1,0.7444019317626953
15,2020-2021,145,1,1,0.6620497703552246
15,2020-2021,146,0,1,0.5412759780883789
15,2020-2021,147,1,1,0.5328948497772217
15,2020-2021,148,0,0,0.26541006565093994
15,2020-2021,149,0,0,0.14754098653793335
15,2020-2021,150,1,1,0.5868542194366455
15,2020-2021,151,0,1,0.8327423334121704
15,2020-2021,152,0,0,0.17792314291000366
15,2020-2021,153,1,1,0.8316745758056641
15,2020-2021,154,0,1,0.6973273754119873
15,2020-2021,155,0,0,0.12870609760284424
15,2020-2021,156,0,1,0.5732041001319885
15,2020-2021,157,0,0,0.4341399371623993
15,2020-2021,158,1,1,0.8045820593833923
15,2020-2021,159,0,1,0.7818781733512878
15,2020-2021,160,1,1,0.599337100982666
15,2020-2021,161,0,1,0.7261362671852112
15,2020-2021,162,1,0,0.29225271940231323
15,2020-2021,163,0,0,0.09863268584012985
15,2020-2021,164,1,1,0.7310020327568054
15,2020-2021,165,1,1,0.8025728464126587
15,2020-2021,166,1,1,0.713241696357727
15,2020-2021,167,0,0,0.4288940727710724
15,2020-2021,168,0,1,0.676881730556488
15,2020-2021,169,1,0,0.24738527834415436
15,2020-2021,170,1,1,0.7422060966491699
15,2020-2021,171,0,0,0.3964904546737671
15,2020-2021,172,0,1,0.7297834753990173
15,2020-2021,173,0,0,0.22804217040538788
15,2020-2021,174,1,1,0.8596482872962952
15,2020-2021,175,0,1,0.5240544676780701
15,2020-2021,176,0,1,0.6605995893478394
15,2020-2021,177,1,1,0.8306605219841003
15,2020-2021,178,1,1,0.7743033170700073
15,2020-2021,179,1,1,0.8575146794319153
15,2020-2021,180,1,0,0.4922206401824951
15,2020-2021,181,1,1,0.7572776079177856
15,2020-2021,182,0,0,0.14503169059753418
15,2020-2021,183,1,1,0.668935239315033
15,2020-2021,184,0,0,0.4054391086101532
15,2020-2021,185,1,1,0.8343614339828491
15,2020-2021,186,1,1,0.8063787221908569
15,2020-2021,187,1,1,0.8962126970291138
15,2020-2021,188,0,0,0.25346142053604126
15,2020-2021,189,0,0,0.2898789346218109
15,2020-2021,190,0,0,0.2663618326187134
15,2020-2021,191,1,1,0.6405779123306274
15,2020-2021,192,1,1,0.791390061378479
15,2020-2021,193,1,1,0.9150524735450745
15,2020-2021,194,0,0,0.13359330594539642
15,2020-2021,195,1,1,0.7873185873031616
15,2020-2021,196,0,0,0.41216835379600525
15,2020-2021,197,1,0,0.23131456971168518
15,2020-2021,198,1,1,0.6621304154396057
15,2020-2021,199,1,0,0.4620967507362366
15,2020-2021,200,0,1,0.5907721519470215
15,2020-2021,201,1,1,0.9045076370239258
15,2020-2021,202,1,0,0.234406977891922
15,2020-2021,203,1,1,0.9266698360443115
15,2020-2021,204,1,1,0.7827538847923279
15,2020-2021,205,1,1,0.7911061644554138
15,2020-2021,206,0,0,0.14234519004821777
15,2020-2021,207,1,1,0.7466363906860352
15,2020-2021,208,0,0,0.10577297955751419
15,2020-2021,209,1,0,0.31473639607429504
15,2020-2021,210,0,1,0.8584988117218018
15,2020-2021,211,1,1,0.7715346217155457
15,2020-2021,212,0,0,0.27593016624450684
15,2020-2021,213,1,1,0.8506356477737427
15,2020-2021,214,0,1,0.7878296375274658
15,2020-2021,215,0,0,0.24945755302906036
15,2020-2021,216,0,1,0.7393029928207397
15,2020-2021,217,1,1,0.8565569519996643
15,2020-2021,218,0,1,0.6390029191970825
15,2020-2021,219,0,1,0.5663424134254456
15,2020-2021,220,0,0,0.3345086872577667
15,2020-2021,221,1,0,0.39333638548851013
15,2020-2021,222,1,1,0.8370379209518433
15,2020-2021,223,0,0,0.2543984055519104
15,2020-2021,224,0,0,0.17877060174942017
15,2020-2021,225,0,0,0.4526030421257019
15,2020-2021,226,0,0,0.1631592959165573
15,2020-2021,227,0,1,0.5802229642868042
15,2020-2021,228,1,1,0.7155154347419739
15,2020-2021,229,0,1,0.777400016784668
15,2020-2021,230,1,1,0.8469977974891663
15,2020-2021,231,1,1,0.8944001793861389
15,2020-2021,232,1,1,0.5687645673751831
15,2020-2021,233,0,0,0.11830586194992065
15,2020-2021,234,0,1,0.6827598810195923
15,2020-2021,235,0,0,0.14478769898414612
15,2020-2021,236,0,1,0.6304401159286499
15,2020-2021,237,0,0,0.28649473190307617
15,2020-2021,238,1,1,0.8214921355247498
15,2020-2021,239,1,1,0.6348678469657898
15,2020-2021,240,0,1,0.512859582901001
15,2020-2021,241,1,0,0.3592504560947418
15,2020-2021,242,1,0,0.15087027847766876
15,2020-2021,243,0,1,0.6025647521018982
15,2020-2021,244,1,1,0.8823599815368652
15,2020-2021,245,1,1,0.8438516855239868
15,2020-2021,246,0,0,0.0886465534567833
15,2020-2021,247,0,0,0.07633800059556961
15,2020-2021,248,1,1,0.5314826965332031
15,2020-2021,249,1,1,0.8279870748519897
15,2020-2021,250,0,0,0.3012698292732239
15,2021-2022,16,0,0,0.2960650622844696
15,2021-2022,17,1,0,0.10080120712518692
15,2021-2022,18,0,0,0.1986718624830246
15,2021-2022,19,0,0,0.18294461071491241
15,2021-2022,20,1,1,0.5845015645027161
15,2021-2022,21,1,0,0.32706546783447266
15,2021-2022,22,0,1,0.7965306043624878
15,2021-2022,23,1,1,0.5929822325706482
15,2021-2022,24,1,0,0.10215525329113007
15,2021-2022,25,0,0,0.3743176758289337
15,2021-2022,26,0,0,0.3420148491859436
15,2021-2022,27,1,0,0.3023045063018799
15,2021-2022,28,1,1,0.7340676784515381
15,2021-2022,29,1,1,0.6518072485923767
15,2021-2022,30,0,0,0.4370885491371155
15,2021-2022,31,0,1,0.6925756335258484
15,2021-2022,32,0,0,0.23481683433055878
15,2021-2022,33,1,0,0.11485433578491211
15,2021-2022,34,1,0,0.3991198241710663
15,2021-2022,35,1,1,0.9174535274505615
15,2021-2022,36,1,1,0.8457981944084167
15,2021-2022,37,1,1,0.8840535283088684
15,2021-2022,38,1,1,0.8904725909233093
15,2021-2022,39,0,0,0.2974576950073242
15,2021-2022,40,1,1,0.9100068807601929
15,2021-2022,41,1,1,0.9537739753723145
15,2021-2022,42,0,0,0.15186767280101776
15,2021-2022,43,1,1,0.9166926741600037
15,2021-2022,44,0,1,0.968873918056488
15,2021-2022,45,1,1,0.9045082926750183
15,2021-2022,46,0,0,0.22367534041404724
15,2021-2022,47,0,1,0.8353455662727356
15,2021-2022,48,1,1,0.9018046855926514
15,2021-2022,49,1,0,0.1429794728755951
15,2021-2022,50,0,1,0.7163940668106079
15,2021-2022,51,1,1,0.5371840596199036
15,2021-2022,52,1,1,0.9410552382469177
15,2021-2022,53,0,0,0.31189748644828796
15,2021-2022,54,1,1,0.8857434391975403
15,2021-2022,55,1,1,0.7312950491905212
15,2021-2022,56,0,1,0.6437862515449524
15,2021-2022,57,0,1,0.844671905040741
15,2021-2022,58,1,1,0.7482173442840576
15,2021-2022,59,0,1,0.949150025844574
15,2021-2022,60,0,0,0.17073401808738708
15,2021-2022,61,1,1,0.8705542683601379
15,2021-2022,62,0,0,0.32127290964126587
15,2021-2022,63,1,1,0.8079826831817627
15,2021-2022,64,0,0,0.4484124779701233
15,2021-2022,65,0,0,0.13479316234588623
15,2021-2022,66,0,1,0.7524588108062744
15,2021-2022,67,1,1,0.9178090691566467
15,2021-2022,68,1,1,0.7120628952980042
15,2021-2022,69,0,1,0.6460981965065002
15,2021-2022,70,1,0,0.3843728303909302
15,2021-2022,71,1,1,0.7539328932762146
15,2021-2022,72,1,1,0.6725644469261169
15,2021-2022,73,0,1,0.6749125123023987
15,2021-2022,74,0,1,0.8947550654411316
15,2021-2022,75,1,1,0.5460187792778015
15,2021-2022,76,1,1,0.6174356341362
15,2021-2022,77,1,1,0.5803163647651672
15,2021-2022,78,1,1,0.9681894183158875
15,2021-2022,79,1,1,0.8844622373580933
15,2021-2022,80,1,0,0.1000555232167244
15,2021-2022,81,0,0,0.1893996298313141
15,2021-2022,82,1,1,0.5437873601913452
15,2021-2022,83,1,1,0.7900788187980652
15,2021-2022,84,1,1,0.8747999668121338
15,2021-2022,85,1,1,0.9642127156257629
15,2021-2022,86,1,1,0.9538974761962891
15,2021-2022,87,0,1,0.8622085452079773
15,2021-2022,88,1,1,0.973876953125
15,2021-2022,89,1,1,0.9569358825683594
15,2021-2022,90,1,1,0.9643077850341797
15,2021-2022,91,0,1,0.9015190005302429
15,2021-2022,92,0,1,0.5137969851493835
15,2021-2022,93,1,0,0.49081951379776
15,2021-2022,94,1,1,0.9652942419052124
15,2021-2022,95,1,1,0.9703730344772339
15,2021-2022,96,1,1,0.7058143019676208
15,2021-2022,97,0,0,0.23891609907150269
15,2021-2022,98,0,1,0.6015278100967407
15,2021-2022,99,0,0,0.21428817510604858
15,2021-2022,100,1,1,0.6043714284896851
15,2021-2022,101,0,0,0.17465728521347046
15,2021-2022,102,0,1,0.9594631195068359
15,2021-2022,103,1,1,0.774762749671936
15,2021-2022,104,1,1,0.6805278062820435
15,2021-2022,105,1,1,0.5396048426628113
15,2021-2022,106,0,0,0.21111083030700684
15,2021-2022,107,0,0,0.3940742313861847
15,2021-2022,108,1,1,0.9612173438072205
15,2021-2022,109,1,1,0.7236326932907104
15,2021-2022,110,1,0,0.32294026017189026
15,2021-2022,111,1,0,0.10500814020633698
15,2021-2022,112,0,1,0.9172581434249878
15,2021-2022,113,1,1,0.8658223152160645
15,2021-2022,114,1,1,0.7812950015068054
15,2021-2022,115,1,0,0.3576354384422302
15,2021-2022,116,0,1,0.7040725350379944
15,2021-2022,117,1,1,0.7920200228691101
15,2021-2022,118,1,1,0.6952317953109741
15,2021-2022,119,1,1,0.8990094065666199
15,2021-2022,120,1,1,0.8910375237464905
15,2021-2022,121,0,0,0.30584579706192017
15,2021-2022,122,1,0,0.47980743646621704
15,2021-2022,123,1,1,0.8811485171318054
15,2021-2022,124,0,1,0.8890261650085449
15,2021-2022,125,1,1,0.5759708881378174
15,2021-2022,126,1,1,0.8193051218986511
15,2021-2022,127,0,1,0.6173055768013
15,2021-2022,128,1,1,0.9576758146286011
15,2021-2022,129,1,0,0.2036268711090088
15,2021-2022,130,1,1,0.8586887121200562
15,2021-2022,131,0,1,0.7370516657829285
15,2021-2022,132,1,1,0.9297773241996765
15,2021-2022,133,1,1,0.8920407891273499
15,2021-2022,134,1,1,0.7229302525520325
15,2021-2022,135,1,1,0.8228448629379272
15,2021-2022,136,1,1,0.9722670316696167
15,2021-2022,137,1,1,0.6643385291099548
15,2021-2022,138,0,0,0.08813425153493881
15,2021-2022,139,0,0,0.14031946659088135
15,2021-2022,140,1,1,0.9316744804382324
15,2021-2022,141,1,1,0.8607420921325684
15,2021-2022,142,1,1,0.9666987061500549
15,2021-2022,143,0,0,0.24501751363277435
15,2021-2022,144,1,1,0.9252167344093323
15,2021-2022,145,1,0,0.1869259923696518
15,2021-2022,146,0,0,0.11808229982852936
15,2021-2022,147,1,1,0.9559731483459473
15,2021-2022,148,0,1,0.7273761630058289
15,2021-2022,149,0,0,0.06556528061628342
15,2021-2022,150,1,1,0.6087753772735596
15,2021-2022,151,1,0,0.48957517743110657
15,2021-2022,152,1,1,0.8184897899627686
15,2021-2022,153,1,1,0.9242348670959473
15,2021-2022,154,1,1,0.7160096764564514
15,2021-2022,155,0,1,0.700697124004364
15,2021-2022,156,0,1,0.6324553489685059
15,2021-2022,157,1,1,0.8783326148986816
15,2021-2022,158,1,0,0.31811392307281494
15,2021-2022,159,1,1,0.9000819325447083
15,2021-2022,160,1,0,0.39772436022758484
15,2021-2022,161,1,1,0.9657340049743652
15,2021-2022,162,1,1,0.9692927002906799
15,2021-2022,163,0,0,0.231621652841568
15,2021-2022,164,1,0,0.4075244069099426
15,2021-2022,165,1,1,0.5137786865234375
15,2021-2022,166,1,1,0.8490039110183716
15,2021-2022,167,1,0,0.46335700154304504
15,2021-2022,168,1,1,0.5409555435180664
15,2021-2022,169,0,1,0.7798739671707153
15,2021-2022,170,0,0,0.1282353401184082
15,2021-2022,171,1,1,0.6390712857246399
15,2021-2022,172,0,1,0.8177565336227417
15,2021-2022,173,1,0,0.2751426696777344
15,2021-2022,174,1,1,0.7498549222946167
15,2021-2022,175,0,1,0.8712067008018494
15,2021-2022,176,0,1,0.8648832440376282
15,2021-2022,177,1,1,0.9712353348731995
15,2021-2022,178,1,1,0.959628164768219
15,2021-2022,179,1,1,0.8513692617416382
15,2021-2022,180,0,1,0.5758297443389893
15,2021-2022,181,1,1,0.8220443725585938
15,2021-2022,182,0,1,0.6355289220809937
15,2021-2022,183,1,1,0.9783505797386169
15,2021-2022,184,1,1,0.9768747091293335
15,2021-2022,185,1,0,0.45943284034729004
15,2021-2022,186,1,1,0.8342039585113525
15,2021-2022,187,0,0,0.18667162954807281
15,2021-2022,188,0,1,0.8114908337593079
15,2021-2022,189,1,1,0.658454954624176
15,2021-2022,190,0,0,0.1520538479089737
15,2021-2022,191,1,1,0.9121052026748657
15,2021-2022,192,0,0,0.48846137523651123
15,2021-2022,193,1,1,0.9837911128997803
15,2021-2022,194,1,1,0.615765392780304
15,2021-2022,195,0,0,0.27536818385124207
15,2021-2022,196,1,1,0.9383429884910583
15,2021-2022,197,1,1,0.7246291041374207
15,2021-2022,198,1,1,0.9799527525901794
15,2021-2022,199,0,1,0.7354702949523926
15,2021-2022,200,1,0,0.4997488260269165
15,2021-2022,201,0,1,0.6613854169845581
15,2021-2022,202,0,0,0.38228628039360046
15,2021-2022,203,0,0,0.3561238944530487
15,2021-2022,204,0,0,0.39782214164733887
15,2021-2022,205,1,1,0.5353447198867798
15,2021-2022,206,0,0,0.09147299081087112
15,2021-2022,207,1,1,0.9698092937469482
15,2021-2022,208,1,1,0.9727070331573486
15,2021-2022,209,0,0,0.1188148632645607
15,2021-2022,210,1,1,0.9761511087417603
15,2021-2022,211,1,1,0.9792948365211487
15,2021-2022,212,1,1,0.6229789853096008
15,2021-2022,213,0,1,0.625730574131012
15,2021-2022,214,1,1,0.5085186958312988
15,2021-2022,215,1,1,0.9230612516403198
15,2021-2022,216,0,1,0.6701066493988037
15,2021-2022,217,0,0,0.3250143527984619
15,2021-2022,218,0,0,0.27006447315216064
15,2021-2022,219,1,1,0.5334699749946594
15,2021-2022,220,1,1,0.6517339944839478
15,2021-2022,221,0,0,0.0716869905591011
15,2021-2022,222,1,1,0.8010683059692383
15,2021-2022,223,0,1,0.6149134039878845
15,2021-2022,224,1,1,0.957788348197937
15,2021-2022,225,1,1,0.6398619413375854
15,2021-2022,226,0,1,0.6960699558258057
15,2021-2022,227,1,1,0.9731851816177368
15,2021-2022,228,1,1,0.7442041635513306
15,2021-2022,229,0,0,0.37104690074920654
15,2021-2022,230,0,1,0.8012958765029907
15,2021-2022,231,1,1,0.9221181869506836
15,2021-2022,232,1,1,0.568497896194458
15,2021-2022,233,1,1,0.7156360149383545
15,2021-2022,234,1,0,0.36467793583869934
15,2021-2022,235,1,0,0.42416518926620483
15,2021-2022,236,1,1,0.9365952610969543
15,2021-2022,237,0,1,0.6150254011154175
15,2021-2022,238,0,1,0.6318719387054443
15,2021-2022,239,1,0,0.49323809146881104
15,2021-2022,240,0,1,0.8698890209197998
15,2021-2022,241,1,0,0.44787248969078064
15,2021-2022,242,0,1,0.5687437653541565
15,2021-2022,243,0,1,0.8095941543579102
15,2021-2022,244,1,1,0.9590080976486206
15,2021-2022,245,0,1,0.5015867948532104
15,2021-2022,246,0,0,0.3972686231136322
15,2021-2022,247,0,0,0.36742910742759705
15,2021-2022,248,1,1,0.5490943789482117
15,2021-2022,249,0,0,0.389278382062912
15,2021-2022,250,1,0,0.29505041241645813
15,2021-2022,251,1,0,0.41810908913612366
15,2021-2022,252,0,0,0.45553460717201233
15,2021-2022,253,0,0,0.3676663637161255
15,2021-2022,254,1,0,0.34842368960380554
15,2021-2022,255,1,1,0.9630129337310791
15,2021-2022,256,0,1,0.6636917591094971
15,2021-2022,257,1,1,0.7118307948112488
15,2021-2022,258,1,1,0.5039309859275818
15,2021-2022,259,0,0,0.2946593165397644
15,2021-2022,260,1,1,0.9637657999992371
15,2021-2022,261,1,1,0.9504719376564026
15,2021-2022,262,1,1,0.8417413234710693
15,2021-2022,263,1,0,0.3294244706630707
15,2021-2022,264,1,1,0.9822480082511902
15,2021-2022,265,1,1,0.6026079654693604
15,2021-2022,266,1,1,0.971045970916748
15,2021-2022,267,1,1,0.9783763885498047
15,2021-2022,268,1,1,0.9346412420272827
15,2021-2022,269,1,1,0.9148901700973511
15,2021-2022,270,0,0,0.376543790102005
15,2021-2022,271,1,0,0.37883880734443665
15,2021-2022,272,0,1,0.7652679681777954
15,2021-2022,273,0,1,0.6202790141105652
15,2021-2022,274,0,0,0.22461876273155212
15,2021-2022,275,0,0,0.4287507236003876
15,2021-2022,276,0,0,0.42371827363967896
15,2021-2022,277,0,0,0.2548750638961792
15,2021-2022,278,1,1,0.9228739142417908
15,2021-2022,279,1,0,0.44904717803001404
15,2021-2022,280,1,1,0.8551881313323975
15,2021-2022,281,1,0,0.2927550971508026
15,2021-2022,282,0,1,0.5434620380401611
15,2021-2022,283,0,0,0.41086074709892273
15,2021-2022,284,0,0,0.2271168977022171
15,2021-2022,285,1,0,0.3310908377170563
15,2021-2022,286,1,0,0.30043959617614746
15,2021-2022,287,0,1,0.5717499852180481
15,2021-2022,288,1,0,0.4036974310874939
15,2022-2023,16,0,1,0.7304988503456116
15,2022-2023,17,1,1,0.5043991208076477
15,2022-2023,18,0,1,0.7892528176307678
15,2022-2023,19,1,0,0.18968288600444794
15,2022-2023,20,1,0,0.43715912103652954
15,2022-2023,21,0,1,0.7012341022491455
15,2022-2023,22,0,1,0.944188117980957
15,2022-2023,23,0,1,0.9486531615257263
15,2022-2023,24,1,1,0.921082615852356
15,2022-2023,25,1,0,0.3888327181339264
15,2022-2023,26,1,0,0.19541041553020477
15,2022-2023,27,0,1,0.8411091566085815
15,2022-2023,28,1,0,0.1549532115459442
15,2022-2023,29,1,0,0.2206733077764511
15,2022-2023,30,1,1,0.67767733335495
15,2022-2023,31,0,1,0.6650633811950684
15,2022-2023,32,0,1,0.5156559348106384
15,2022-2023,33,0,1,0.8098294138908386
15,2022-2023,34,1,1,0.8084037899971008
15,2022-2023,35,1,1,0.6211053729057312
15,2022-2023,36,1,0,0.34191375970840454
15,2022-2023,37,0,0,0.17945119738578796
15,2022-2023,38,1,0,0.34415116906166077
15,2022-2023,39,0,0,0.275937557220459
15,2022-2023,40,1,1,0.6715247631072998
15,2022-2023,41,1,1,0.6899604201316833
15,2022-2023,42,1,0,0.21465323865413666
15,2022-2023,43,0,1,0.7234108448028564
15,2022-2023,44,1,1,0.8469782471656799
15,2022-2023,45,1,0,0.4988318681716919
15,2022-2023,46,1,1,0.8971606492996216
15,2022-2023,47,1,1,0.9196100831031799
15,2022-2023,48,0,1,0.6034535765647888
15,2022-2023,49,1,1,0.6526104211807251
15,2022-2023,50,1,1,0.9547335505485535
15,2022-2023,51,0,0,0.3354699909687042
15,2022-2023,52,0,0,0.4457509219646454
15,2022-2023,53,0,1,0.7396593689918518
15,2022-2023,54,1,1,0.9603403806686401
15,2022-2023,55,0,0,0.1825280487537384
15,2022-2023,56,1,0,0.15807059407234192
15,2022-2023,57,0,0,0.32164502143859863
15,2022-2023,58,0,0,0.30586743354797363
15,2022-2023,59,0,0,0.2864290773868561
15,2022-2023,60,1,1,0.9651695489883423
15,2022-2023,61,1,1,0.9679340124130249
15,2022-2023,62,1,0,0.10320351272821426
15,2022-2023,63,1,1,0.921251654624939
15,2022-2023,64,1,1,0.7526768445968628
15,2022-2023,65,0,0,0.3870074450969696
15,2022-2023,66,1,1,0.9708653688430786
15,2022-2023,67,1,1,0.5762708187103271
15,2022-2023,68,0,1,0.9695118069648743
15,2022-2023,69,1,1,0.9278364181518555
15,2022-2023,70,1,1,0.8942053318023682
15,2022-2023,71,0,0,0.17392143607139587
15,2022-2023,72,0,1,0.9504557847976685
15,2022-2023,73,0,1,0.9756699204444885
15,2022-2023,74,1,1,0.9284838438034058
15,2022-2023,75,0,1,0.6282890439033508
15,2022-2023,76,0,1,0.882520318031311
15,2022-2023,77,0,0,0.23852717876434326
15,2022-2023,78,1,0,0.35747063159942627
15,2022-2023,79,0,0,0.08706928789615631
15,2022-2023,80,0,0,0.3318991959095001
15,2022-2023,81,1,1,0.523522675037384
15,2022-2023,82,0,1,0.7406828999519348
15,2022-2023,83,0,1,0.6486117839813232
15,2022-2023,84,0,0,0.09298668056726456
15,2022-2023,85,1,1,0.844516932964325
15,2022-2023,86,1,1,0.8244722485542297
15,2022-2023,87,1,0,0.179485023021698
15,2022-2023,88,0,1,0.6430792212486267
15,2022-2023,89,0,0,0.10567373037338257
15,2022-2023,90,1,0,0.07999880611896515
15,2022-2023,91,0,0,0.11345737427473068
15,2022-2023,92,0,1,0.7522440552711487
15,2022-2023,93,1,0,0.19151374697685242
15,2022-2023,94,0,0,0.2529558837413788
15,2022-2023,95,1,1,0.9575710892677307
15,2022-2023,96,0,0,0.4525904953479767
15,2022-2023,97,0,1,0.5512814521789551
15,2022-2023,98,1,0,0.2081577628850937
15,2022-2023,99,1,0,0.30248555541038513
15,2022-2023,100,1,0,0.2917371988296509
15,2022-2023,101,0,1,0.7335269451141357
15,2022-2023,102,1,0,0.2894318401813507
15,2022-2023,103,1,1,0.9175472855567932
15,2022-2023,104,1,1,0.8796898722648621
15,2022-2023,105,1,1,0.8799057602882385
15,2022-2023,106,0,0,0.20301367342472076
15,2022-2023,107,1,1,0.626393735408783
15,2022-2023,108,1,1,0.9629724621772766
15,2022-2023,109,0,1,0.5104586482048035
15,2022-2023,110,1,1,0.9333038926124573
15,2022-2023,111,1,1,0.5544472336769104
15,2022-2023,112,1,0,0.43544286489486694
15,2022-2023,113,0,1,0.6795607805252075
15,2022-2023,114,1,1,0.7663797736167908
15,2022-2023,115,0,0,0.44915252923965454
15,2022-2023,116,0,1,0.9373531937599182
15,2022-2023,117,0,0,0.47728368639945984
15,2022-2023,118,0,1,0.7378297448158264
15,2022-2023,119,1,1,0.6580098271369934
15,2022-2023,120,0,0,0.2902708351612091
15,2022-2023,121,0,1,0.600920557975769
15,2022-2023,122,1,1,0.7232241034507751
15,2022-2023,123,0,0,0.3372974097728729
15,2022-2023,124,0,1,0.8037445545196533
15,2022-2023,125,1,1,0.9384072422981262
15,2022-2023,126,1,0,0.23625078797340393
15,2022-2023,127,1,1,0.5155820250511169
15,2022-2023,128,1,1,0.7136025428771973
15,2022-2023,129,0,1,0.5612707734107971
15,2022-2023,130,1,0,0.26257264614105225
15,2022-2023,131,1,1,0.8735789060592651
15,2022-2023,132,1,0,0.4062206745147705
15,2022-2023,133,1,1,0.6528306603431702
15,2022-2023,134,0,1,0.5522966384887695
15,2022-2023,135,0,0,0.3550841212272644
15,2022-2023,136,1,1,0.6851409673690796
15,2022-2023,137,1,0,0.2595880925655365
15,2022-2023,138,0,0,0.2656497061252594
15,2022-2023,139,0,0,0.1970895677804947
15,2022-2023,140,0,0,0.36364105343818665
15,2022-2023,141,0,1,0.7932746410369873
15,2022-2023,142,1,1,0.6354634165763855
15,2022-2023,143,1,1,0.5877358317375183
15,2022-2023,144,0,0,0.2559625506401062
15,2022-2023,145,1,1,0.9242903590202332
15,2022-2023,146,1,1,0.9314892888069153
15,2022-2023,147,0,1,0.7553391456604004
15,2022-2023,148,0,1,0.6438161730766296
15,2022-2023,149,0,0,0.36724796891212463
15,2022-2023,150,0,1,0.5732800364494324
15,2022-2023,151,0,0,0.44828200340270996
15,2022-2023,152,1,1,0.9670613408088684
15,2022-2023,153,0,0,0.45727723836898804
15,2022-2023,154,0,0,0.13436885178089142
15,2022-2023,155,1,1,0.6209900379180908
15,2022-2023,156,0,1,0.6919309496879578
15,2022-2023,157,0,1,0.6454885005950928
15,2022-2023,158,1,1,0.9400609731674194
15,2022-2023,159,0,1,0.523219108581543
15,2022-2023,160,1,1,0.5874550342559814
15,2022-2023,161,1,0,0.42023640871047974
15,2022-2023,162,1,0,0.3769656717777252
15,2022-2023,163,0,0,0.3544507324695587
15,2022-2023,164,1,0,0.4967363774776459
15,2022-2023,165,1,1,0.8495230674743652
15,2022-2023,166,1,0,0.06328492611646652
15,2022-2023,167,1,0,0.21593432128429413
15,2022-2023,168,0,0,0.2189708799123764
15,2022-2023,169,0,0,0.16057267785072327
15,2022-2023,170,1,1,0.9060475826263428
15,2022-2023,171,1,0,0.3800763189792633
15,2022-2023,172,0,1,0.5508504509925842
15,2022-2023,173,0,0,0.39733365178108215
15,2022-2023,174,1,0,0.38007527589797974
15,2022-2023,175,1,1,0.9412673711776733
15,2022-2023,176,1,0,0.4952390789985657
15,2022-2023,177,0,0,0.32682302594184875
15,2022-2023,178,1,1,0.548655092716217
15,2022-2023,179,0,1,0.7190929055213928
15,2022-2023,180,0,1,0.95354825258255
15,2022-2023,181,1,1,0.961575448513031
15,2022-2023,182,1,1,0.8849111199378967
15,2022-2023,183,1,0,0.19674208760261536
15,2022-2023,184,1,0,0.4061022102832794
15,2022-2023,185,1,1,0.9756754636764526
15,2022-2023,186,0,0,0.29457271099090576
15,2022-2023,187,0,1,0.6348558664321899
15,2022-2023,188,0,1,0.6007251739501953
15,2022-2023,189,1,0,0.29290473461151123
15,2022-2023,190,0,0,0.2439931035041809
15,2022-2023,191,0,1,0.7705087661743164
15,2022-2023,192,1,1,0.7765685319900513
15,2022-2023,193,0,1,0.5685231685638428
15,2022-2023,194,1,0,0.45849889516830444
15,2022-2023,195,1,1,0.5685213804244995
15,2022-2023,196,1,0,0.17153404653072357
15,2022-2023,197,0,0,0.25100019574165344
15,2022-2023,198,1,1,0.5169402360916138
15,2022-2023,199,1,1,0.9105198979377747
15,2022-2023,200,1,1,0.5860475897789001
15,2022-2023,201,1,1,0.5525265336036682
15,2022-2023,202,1,1,0.718159556388855
15,2022-2023,203,1,0,0.35525012016296387
15,2022-2023,204,1,0,0.41826462745666504
15,2022-2023,205,1,1,0.5403788089752197
15,2022-2023,206,1,1,0.800791323184967
15,2022-2023,207,1,1,0.7057667374610901
15,2022-2023,208,1,1,0.5265976786613464
15,2022-2023,209,1,0,0.48027801513671875
15,2022-2023,210,0,0,0.3583449721336365
15,2022-2023,211,1,1,0.6890711784362793
15,2022-2023,212,0,1,0.510646641254425
15,2022-2023,213,0,0,0.2478157877922058
15,2022-2023,214,1,0,0.27911627292633057
15,2022-2023,215,0,0,0.19731451570987701
15,2022-2023,216,0,1,0.8131539225578308
15,2022-2023,217,0,0,0.18254917860031128
15,2022-2023,218,0,1,0.5657905340194702
15,2022-2023,219,0,0,0.4078027904033661
15,2022-2023,220,1,0,0.40085119009017944
15,2022-2023,221,0,0,0.13479624688625336
15,2022-2023,222,0,0,0.10134322941303253
15,2022-2023,223,1,1,0.7192908525466919
15,2022-2023,224,1,1,0.9772728085517883
15,2022-2023,225,1,0,0.49682772159576416
15,2022-2023,226,1,0,0.4913691580295563
15,2022-2023,227,1,1,0.5609035491943359
15,2022-2023,228,0,1,0.5926166772842407
15,2022-2023,229,0,0,0.33054324984550476
15,2022-2023,230,0,1,0.9723842144012451
15,2022-2023,231,1,1,0.9491665959358215
15,2022-2023,232,1,1,0.9130712151527405
15,2022-2023,233,0,0,0.454913854598999
15,2022-2023,234,1,1,0.5443130135536194
15,2022-2023,235,0,1,0.6611979603767395
15,2022-2023,236,0,0,0.217876598238945
15,2022-2023,237,1,1,0.5807754397392273
15,2022-2023,238,1,1,0.9127241969108582
15,2022-2023,239,1,0,0.21772637963294983
15,2022-2023,240,0,0,0.15762139856815338
15,2022-2023,241,1,0,0.43928033113479614
15,2022-2023,242,1,0,0.4672378897666931
15,2022-2023,243,0,0,0.174841046333313
15,2022-2023,244,0,0,0.21212923526763916
15,2022-2023,245,1,1,0.8501545786857605
15,2022-2023,246,1,1,0.7239142656326294
15,2022-2023,247,1,1,0.7117610573768616
15,2022-2023,248,1,1,0.7377395033836365
15,2022-2023,249,1,0,0.42426618933677673
15,2022-2023,250,0,1,0.5051602721214294
15,2022-2023,251,0,0,0.17386780679225922
15,2022-2023,252,1,1,0.8591799139976501
15,2022-2023,253,1,1,0.7189680933952332
15,2022-2023,254,1,1,0.8049773573875427
15,2022-2023,255,1,1,0.6942576169967651
15,2022-2023,256,1,1,0.8997046947479248
15,2022-2023,257,0,1,0.6567286849021912
15,2022-2023,258,1,0,0.4326004087924957
15,2022-2023,259,0,0,0.1509934365749359
15,2022-2023,260,1,0,0.1779731810092926
15,2022-2023,261,0,1,0.64186692237854
15,2022-2023,262,1,0,0.36557480692863464
15,2022-2023,263,1,0,0.420251727104187
15,2022-2023,264,1,1,0.9347569346427917
15,2022-2023,265,0,0,0.48866283893585205
15,2022-2023,266,1,0,0.4869208335876465
15,2022-2023,267,1,1,0.9448366165161133
15,2022-2023,268,1,1,0.9598774313926697
15,2022-2023,269,1,1,0.7095739245414734
15,2022-2023,270,0,1,0.9216595888137817
15,2022-2023,271,1,0,0.31218740344047546
15,2022-2023,272,1,1,0.6380035281181335
15,2022-2023,273,0,0,0.1305142641067505
15,2022-2023,274,0,0,0.07670779526233673
15,2022-2023,275,0,1,0.6812499761581421
15,2022-2023,276,1,0,0.07044858485460281
15,2022-2023,277,0,1,0.7354503870010376
15,2022-2023,278,1,0,0.30965033173561096
15,2022-2023,279,1,1,0.5385146737098694
15,2022-2023,280,1,1,0.9318174123764038
15,2022-2023,281,0,1,0.9454079866409302
15,2022-2023,282,1,0,0.44684410095214844
15,2022-2023,283,1,0,0.3784044086933136
15,2022-2023,284,1,1,0.8966008424758911
15,2022-2023,285,0,1,0.7903053760528564
15,2022-2023,286,1,1,0.5952712893486023
15,2022-2023,287,1,0,0.2973169982433319
15,2022-2023,288,1,0,0.43256494402885437
15,2022-2023,289,1,1,0.5497714877128601
15,2022-2023,290,0,1,0.8980544209480286
15,2022-2023,291,0,0,0.4472684860229492
15,2022-2023,292,1,0,0.31513020396232605
15,2022-2023,293,0,1,0.8056272268295288
15,2022-2023,294,0,1,0.5025822520256042
15,2022-2023,295,0,0,0.2608458399772644
15,2022-2023,296,0,1,0.686730146408081
15,2023-2024,16,1,1,0.8144660592079163
15,2023-2024,17,1,1,0.7408347129821777
15,2023-2024,18,0,1,0.533652663230896
15,2023-2024,19,1,1,0.6883622407913208
15,2023-2024,20,1,0,0.2122640609741211
15,2023-2024,21,1,1,0.8858094215393066
15,2023-2024,22,0,0,0.3043590784072876
15,2023-2024,23,0,0,0.3680788576602936
15,2023-2024,24,1,0,0.18789534270763397
15,2023-2024,25,0,1,0.7964963316917419
15,2023-2024,26,1,1,0.9141391515731812
15,2023-2024,27,0,1,0.5743311047554016
15,2023-2024,28,0,1,0.5438629388809204
15,2023-2024,29,0,0,0.14853133261203766
15,2023-2024,30,0,1,0.6889083385467529
15,2023-2024,31,0,0,0.16123022139072418
15,2023-2024,32,0,0,0.29311129450798035
15,2023-2024,33,1,0,0.2748376429080963
15,2023-2024,34,1,0,0.4502772390842438
15,2023-2024,35,1,1,0.8478373885154724
15,2023-2024,36,0,1,0.8814966678619385
15,2023-2024,37,1,1,0.8375208377838135
15,2023-2024,38,1,1,0.8850932717323303
15,2023-2024,39,1,1,0.521600604057312
15,2023-2024,40,1,1,0.8214969038963318
15,2023-2024,41,1,0,0.06204969063401222
15,2023-2024,42,0,1,0.9263478517532349
15,2023-2024,43,1,1,0.8679109811782837
15,2023-2024,44,1,0,0.36999911069869995
15,2023-2024,45,1,1,0.727107584476471
15,2023-2024,46,1,0,0.20391060411930084
15,2023-2024,47,0,1,0.6720072627067566
15,2023-2024,48,0,1,0.6448259353637695
15,2023-2024,49,0,1,0.9125688076019287
15,2023-2024,50,1,1,0.8816686272621155
15,2023-2024,51,0,1,0.7937643527984619
15,2023-2024,52,1,0,0.23416125774383545
15,2023-2024,53,1,1,0.9221311807632446
15,2023-2024,54,1,1,0.9505176544189453
15,2023-2024,55,1,0,0.32710495591163635
15,2023-2024,56,1,1,0.6311450600624084
15,2023-2024,57,1,1,0.8096606135368347
15,2023-2024,58,1,1,0.7687107920646667
15,2023-2024,59,1,1,0.8738690614700317
15,2023-2024,60,1,1,0.9476919174194336
15,2023-2024,61,1,1,0.9221799373626709
15,2023-2024,62,1,1,0.8669676184654236
15,2023-2024,63,0,1,0.9561189413070679
15,2023-2024,64,0,0,0.1766965240240097
15,2023-2024,65,1,1,0.9310699701309204
15,2023-2024,66,1,1,0.7994542121887207
15,2023-2024,67,1,1,0.9545485377311707
15,2023-2024,68,1,1,0.9590075612068176
15,2023-2024,69,0,1,0.5446243286132812
15,2023-2024,70,0,1,0.9751574993133545
15,2023-2024,71,1,1,0.6157768964767456
15,2023-2024,72,1,1,0.6737310290336609
15,2023-2024,73,1,1,0.741403341293335
15,2023-2024,74,0,1,0.9265223145484924
15,2023-2024,75,0,1,0.8671125173568726
15,2023-2024,76,1,1,0.788646936416626
15,2023-2024,77,1,1,0.889909565448761
15,2023-2024,78,0,1,0.7497979998588562
15,2023-2024,79,1,1,0.9052152633666992
15,2023-2024,80,1,1,0.7511279582977295
15,2023-2024,81,0,0,0.21713294088840485
15,2023-2024,82,0,1,0.7552298307418823
15,2023-2024,83,1,0,0.3910693824291229
15,2023-2024,84,0,1,0.8194928765296936
15,2023-2024,85,0,0,0.3519604802131653
15,2023-2024,86,1,1,0.8920629024505615
15,2023-2024,87,1,1,0.6913419961929321
15,2023-2024,88,0,0,0.2598450779914856
15,2023-2024,89,0,0,0.31818056106567383
15,2023-2024,90,1,1,0.8531872630119324
15,2023-2024,91,0,0,0.44323691725730896
15,2023-2024,92,0,1,0.8363727331161499
15,2023-2024,93,0,1,0.86554354429245
15,2023-2024,94,1,1,0.8091057538986206
15,2023-2024,95,0,1,0.8208417892456055
15,2023-2024,96,0,1,0.7898705005645752
15,2023-2024,97,1,1,0.5643758177757263
15,2023-2024,98,1,0,0.4682654142379761
15,2023-2024,99,1,0,0.4747829735279083
15,2023-2024,100,0,0,0.10081525892019272
15,2023-2024,101,1,1,0.8533238768577576
15,2023-2024,102,0,0,0.4810295104980469
15,2023-2024,103,1,0,0.13541245460510254
15,2023-2024,104,1,1,0.6741108298301697
15,2023-2024,105,1,0,0.4558320641517639
15,2023-2024,106,0,1,0.8449699282646179
15,2023-2024,107,0,0,0.32036182284355164
15,2023-2024,108,1,1,0.782634973526001
15,2023-2024,109,1,1,0.8318309783935547
15,2023-2024,110,1,0,0.460948646068573
15,2023-2024,111,1,1,0.9024099707603455
15,2023-2024,112,0,0,0.2164183259010315
15,2023-2024,113,1,1,0.7798050045967102
15,2023-2024,114,0,1,0.5584677457809448
15,2023-2024,115,0,1,0.7052892446517944
15,2023-2024,116,1,0,0.4091123342514038
15,2023-2024,117,1,0,0.4835319519042969
15,2023-2024,118,1,1,0.8995617628097534
15,2023-2024,119,0,1,0.802841305732727
15,2023-2024,120,0,0,0.12727384269237518
15,2023-2024,121,1,1,0.8365852236747742
15,2023-2024,122,0,1,0.5961348414421082
15,2023-2024,123,0,1,0.8549286723136902
15,2023-2024,124,1,0,0.1435209959745407
15,2023-2024,125,0,0,0.3642641305923462
15,2023-2024,126,0,0,0.3872423470020294
15,2023-2024,127,1,1,0.793296754360199
15,2023-2024,128,1,1,0.8137692213058472
15,2023-2024,129,1,1,0.5232630372047424
15,2023-2024,130,1,0,0.3891279995441437
15,2023-2024,131,0,0,0.2684144675731659
15,2023-2024,132,1,1,0.8665529489517212
15,2023-2024,133,0,0,0.3196795582771301
15,2023-2024,134,0,1,0.7369807362556458
15,2023-2024,135,1,1,0.8060747385025024
15,2023-2024,136,1,1,0.6127565503120422
15,2023-2024,137,1,1,0.83385169506073
15,2023-2024,138,1,1,0.8676077723503113
15,2023-2024,139,1,1,0.6460424661636353
15,2023-2024,140,0,1,0.8983306288719177
15,2023-2024,141,0,0,0.16778601706027985
15,2023-2024,142,1,1,0.6738805174827576
15,2023-2024,143,1,1,0.5296014547348022
15,2023-2024,144,1,0,0.2648007571697235
15,2023-2024,145,0,0,0.1557942032814026
15,2023-2024,146,1,1,0.8130564093589783
15,2023-2024,147,1,1,0.8630131483078003
15,2023-2024,148,1,1,0.9100599884986877
15,2023-2024,149,1,1,0.867813229560852
15,2023-2024,150,0,0,0.15058785676956177
15,2023-2024,151,0,1,0.8568378686904907
15,2023-2024,152,0,0,0.15432599186897278
15,2023-2024,153,0,0,0.1807093322277069
15,2023-2024,154,1,1,0.7078109383583069
15,2023-2024,155,0,0,0.20933902263641357
15,2023-2024,156,0,0,0.10441672801971436
15,2023-2024,157,0,1,0.708556592464447
15,2023-2024,158,0,1,0.8370292782783508
15,2023-2024,159,0,1,0.7968109846115112
15,2023-2024,160,0,0,0.3210998475551605
15,2023-2024,161,1,0,0.396862268447876
15,2023-2024,162,1,1,0.7734066247940063
15,2023-2024,163,0,0,0.22461484372615814
15,2023-2024,164,1,1,0.5986352562904358
15,2023-2024,165,0,0,0.28890547156333923
15,2023-2024,166,0,0,0.087406225502491
15,2023-2024,167,1,0,0.34431323409080505
15,2023-2024,168,1,1,0.5825167894363403
15,2023-2024,169,1,0,0.08396671712398529
15,2023-2024,170,0,1,0.6245347857475281
15,2023-2024,171,1,1,0.5659774541854858
15,2023-2024,172,1,1,0.5303940176963806
15,2023-2024,173,0,1,0.5908277034759521
15,2023-2024,174,1,1,0.8209388852119446
15,2023-2024,175,0,1,0.5318695306777954
15,2023-2024,176,0,1,0.552359402179718
15,2023-2024,177,1,0,0.27080535888671875
15,2023-2024,178,1,1,0.7029895782470703
15,2023-2024,179,0,0,0.09468017518520355
15,2023-2024,180,1,1,0.5060774087905884
15,2023-2024,181,0,1,0.7600917220115662
15,2023-2024,182,0,0,0.0970832034945488
15,2023-2024,183,0,0,0.09014458954334259
15,2023-2024,184,0,1,0.6298414468765259
15,2023-2024,185,1,1,0.5328682065010071
15,2023-2024,186,1,1,0.6599604487419128
15,2023-2024,187,1,1,0.8799256086349487
15,2023-2024,188,1,1,0.847551703453064
15,2023-2024,189,1,0,0.24907462298870087
15,2023-2024,190,1,1,0.7988089919090271
15,2023-2024,191,1,1,0.808000922203064
15,2023-2024,192,1,1,0.7411665916442871
15,2023-2024,193,1,1,0.8937354683876038
15,2023-2024,194,1,1,0.5757638216018677
15,2023-2024,195,1,1,0.7967736124992371
15,2023-2024,196,1,1,0.8759478330612183
15,2023-2024,197,0,1,0.8686981201171875
15,2023-2024,198,1,1,0.5679423809051514
15,2023-2024,199,0,1,0.6246532201766968
15,2023-2024,200,0,0,0.4892590045928955
15,2023-2024,201,0,1,0.9141149520874023
15,2023-2024,202,0,0,0.07987909018993378
15,2023-2024,203,0,0,0.4278290271759033
15,2023-2024,204,1,0,0.4852471947669983
15,2023-2024,205,0,0,0.4055243134498596
15,2023-2024,206,0,0,0.1379147171974182
15,2023-2024,207,1,1,0.6683825850486755
15,2023-2024,208,1,0,0.056391678750514984
15,2023-2024,209,0,1,0.8181838393211365
15,2023-2024,210,1,1,0.587468683719635
15,2023-2024,211,1,1,0.7561873197555542
15,2023-2024,212,0,1,0.7065406441688538
15,2023-2024,213,0,0,0.3890908360481262
15,2023-2024,214,0,0,0.33381378650665283
15,2023-2024,215,1,1,0.5641773343086243
15,2023-2024,216,1,0,0.4660205841064453
15,2023-2024,217,1,0,0.4399197995662689
15,2023-2024,218,0,0,0.1569782942533493
15,2023-2024,219,0,1,0.863662600517273
15,2023-2024,220,1,1,0.6798120141029358
15,2023-2024,221,1,0,0.2373155951499939
15,2023-2024,222,1,0,0.44967153668403625
15,2023-2024,223,1,1,0.7725107669830322
15,2023-2024,224,0,0,0.2534903883934021
15,2023-2024,225,0,1,0.6532995104789734
15,2023-2024,226,0,0,0.13608390092849731
15,2023-2024,227,0,1,0.5655943155288696
15,2023-2024,228,1,1,0.9011405110359192
15,2023-2024,229,1,1,0.7516912221908569
15,2023-2024,230,0,1,0.7596469521522522
15,2023-2024,231,1,0,0.25426656007766724
15,2023-2024,232,1,1,0.5089128017425537
15,2023-2024,233,1,1,0.883246123790741
15,2023-2024,234,0,0,0.2941434383392334
15,2023-2024,235,0,0,0.4183165431022644
15,2023-2024,236,1,1,0.5078696012496948
15,2023-2024,237,0,1,0.6194266080856323
15,2023-2024,238,1,0,0.18420256674289703
15,2023-2024,239,1,1,0.7645659446716309
15,2023-2024,240,1,1,0.9089115262031555
15,2023-2024,241,0,1,0.7728655338287354
15,2023-2024,242,1,1,0.6595245599746704
15,2023-2024,243,1,0,0.4444807469844818
15,2023-2024,244,0,0,0.20915487408638
15,2023-2024,245,1,0,0.09209519624710083
15,2023-2024,246,0,0,0.4066866338253021
15,2023-2024,247,0,0,0.06724169850349426
15,2023-2024,248,0,0,0.06791934370994568
15,2023-2024,249,1,0,0.39400753378868103
15,2023-2024,250,1,0,0.24977365136146545
15,2023-2024,251,1,1,0.6658406257629395
15,2023-2024,252,1,0,0.20677313208580017
15,2023-2024,253,0,0,0.040134888142347336
15,2023-2024,254,0,0,0.03347526863217354
15,2023-2024,255,0,1,0.810498058795929
15,2023-2024,256,1,1,0.9141897559165955
15,2023-2024,257,0,1,0.6663422584533691
15,2023-2024,258,1,1,0.8207010626792908
15,2023-2024,259,1,1,0.6045695543289185
15,2023-2024,260,1,1,0.9185121655464172
15,2023-2024,261,1,1,0.5187550783157349
15,2023-2024,262,1,1,0.508857786655426
15,2023-2024,263,1,0,0.29265475273132324
15,2023-2024,264,1,1,0.6424396634101868
15,2023-2024,265,1,0,0.4672713577747345
15,2023-2024,266,1,1,0.8941577672958374
15,2023-2024,267,0,1,0.5284096002578735
15,2023-2024,268,1,1,0.6969266533851624
15,2023-2024,269,1,1,0.6292411088943481
15,2023-2024,270,1,0,0.3750110864639282
15,2023-2024,271,1,1,0.9202733039855957
15,2023-2024,272,0,1,0.6336708068847656
15,2023-2024,273,1,1,0.5403445363044739
15,2023-2024,274,1,1,0.899761974811554
15,2023-2024,275,1,1,0.8323037624359131
15,2023-2024,276,1,1,0.5260372757911682
15,2023-2024,277,0,0,0.4719463884830475
15,2023-2024,278,0,0,0.04648442193865776
15,2023-2024,279,1,1,0.7867810726165771
15,2023-2024,280,1,1,0.8774718642234802
15,2023-2024,281,0,0,0.3327398896217346
15,2023-2024,282,0,0,0.03553416579961777
15,2023-2024,283,0,0,0.05057303607463837
15,2023-2024,284,1,1,0.540980339050293
15,2023-2024,285,1,1,0.8247300386428833
15,2023-2024,286,1,1,0.9144772887229919
15,2023-2024,287,0,0,0.18325646221637726
15,2023-2024,288,1,1,0.8765606880187988
15,2023-2024,289,1,0,0.42374372482299805
15,2023-2024,290,0,1,0.8204853534698486
15,2023-2024,291,1,1,0.8308504819869995
15,2023-2024,292,0,0,0.39828550815582275
15,2023-2024,293,1,1,0.8084107041358948
15,2023-2024,294,1,1,0.8371713757514954
15,2023-2024,295,0,0,0.38581383228302
15,2023-2024,296,1,1,0.9424108266830444
15,2023-2024,297,0,1,0.8801336288452148
15,2023-2024,298,1,1,0.8350769877433777
15,2023-2024,299,1,1,0.705470085144043
15,2023-2024,300,1,1,0.8385001420974731
15,2023-2024,301,1,1,0.5498085021972656
15,2023-2024,302,1,1,0.867000937461853
15,2023-2024,303,1,0,0.3868860900402069
15,2023-2024,304,0,0,0.3762176036834717
15,2023-2024,305,1,0,0.385121613740921
15,2023-2024,306,0,0,0.04465286061167717
15,2023-2024,307,1,1,0.8949967622756958
15,2023-2024,308,1,0,0.22383235394954681
15,2023-2024,309,0,0,0.027575116604566574
15,2023-2024,310,0,0,0.14807115495204926
15,2023-2024,311,0,1,0.5257407426834106
15,2023-2024,312,1,1,0.7169151902198792
15,2023-2024,313,1,0,0.4264080226421356
15,2023-2024,314,1,0,0.44345125555992126
15,2023-2024,315,0,0,0.05483994260430336
15,2023-2024,316,0,0,0.35362932085990906
15,2023-2024,317,1,0,0.3944566547870636
15,2023-2024,318,0,0,0.036275286227464676
15,2023-2024,319,1,1,0.6292043328285217
15,2023-2024,320,1,0,0.4861842691898346
15,2023-2024,321,0,1,0.7577125430107117
15,2023-2024,322,0,0,0.0261534396559
15,2023-2024,323,0,0,0.06411763280630112
15,2023-2024,324,0,0,0.4462064504623413
15,2023-2024,325,0,1,0.8440179228782654
15,2023-2024,326,1,1,0.8127707242965698
15,2023-2024,327,0,1,0.9014241695404053
15,2023-2024,328,0,0,0.031525757163763046
15,2023-2024,329,0,0,0.09150699526071548
15,2023-2024,330,1,0,0.4477984309196472
15,2023-2024,331,0,1,0.6927321553230286
15,2023-2024,332,0,0,0.4992871880531311
15,2023-2024,333,0,0,0.21671980619430542
15,2023-2024,334,0,0,0.4645310640335083
15,2023-2024,335,1,0,0.44372421503067017
15,2023-2024,336,1,1,0.9150696396827698
15,2023-2024,337,1,1,0.8268013000488281
15,2023-2024,338,1,1,0.6451936960220337
15,2023-2024,339,0,1,0.7852185964584351
15,2023-2024,340,1,1,0.533504843711853
15,2023-2024,341,1,1,0.944718062877655
15,2023-2024,342,1,1,0.6362497210502625
15,2023-2024,343,1,1,0.763895571231842
15,2023-2024,344,1,1,0.9110907316207886
15,2023-2024,345,1,1,0.8166466355323792
15,2023-2024,346,1,1,0.8863131403923035
15,2023-2024,347,1,0,0.4382118582725525
15,2023-2024,348,0,1,0.516386091709137
15,2023-2024,349,1,0,0.4403589069843292
15,2023-2024,350,0,0,0.4860154986381531
15,2023-2024,351,1,1,0.7913655638694763
15,2023-2024,352,0,0,0.02444050833582878
15,2023-2024,353,1,1,0.6050487160682678
15,2023-2024,354,0,0,0.050805747509002686
15,2023-2024,355,1,1,0.7447275519371033
15,2023-2024,356,1,1,0.686354398727417
15,2023-2024,357,1,0,0.36719435453414917
15,2023-2024,358,1,1,0.894230306148529
15,2023-2024,359,0,1,0.6225866675376892
15,2023-2024,360,1,1,0.7262217402458191
15,2023-2024,361,1,1,0.7412136197090149
15,2023-2024,362,1,0,0.4500303566455841
15,2023-2024,363,0,1,0.5496470928192139
15,2023-2024,364,0,1,0.804767906665802
15,2023-2024,365,0,0,0.19116875529289246
15,2023-2024,366,0,1,0.7948361039161682
15,2023-2024,367,1,1,0.649935781955719
15,2023-2024,368,0,1,0.657457709312439
15,2023-2024,369,0,1,0.6366305947303772
15,2023-2024,370,1,0,0.11772644519805908
