Janela Incremental,Temporada,Ordem Jogo Temporada,Resultado Real,Previsao,Probabilidade Classe 1
5,2008-2009,6,1,1,0.5881087008551759
5,2008-2009,7,0,1,0.6627552976234681
5,2008-2009,8,0,1,0.5699918120905278
5,2008-2009,9,0,1,0.5012792733690814
5,2008-2009,10,1,1,0.5168222460987991
5,2008-2009,11,1,0,0.49248813678686315
5,2008-2009,12,0,1,0.5395246138266129
5,2008-2009,13,0,1,0.5386319187562506
5,2008-2009,14,1,0,0.44556225575577024
5,2008-2009,15,0,1,0.5120656548784442
5,2008-2009,16,1,0,0.4805824999459598
5,2008-2009,17,1,0,0.49696808803131176
5,2008-2009,18,0,1,0.5131881502868506
5,2008-2009,19,0,0,0.47979459728016344
5,2008-2009,20,0,1,0.5513147424581609
5,2008-2009,21,0,0,0.46518113966459956
5,2008-2009,22,1,0,0.4890553192967958
5,2008-2009,23,1,0,0.49675803981471195
5,2008-2009,24,0,0,0.46162575318238885
5,2008-2009,25,1,0,0.4549081829493656
5,2008-2009,26,0,1,0.5096948833769939
5,2008-2009,27,1,0,0.4787806184960365
5,2008-2009,28,0,1,0.5081415584096234
5,2008-2009,29,1,0,0.4998905416560006
5,2008-2009,30,1,0,0.4916750109479987
5,2008-2009,31,1,0,0.4564493547789129
5,2008-2009,32,1,0,0.4810079367989024
5,2008-2009,33,1,1,0.5219395102466955
5,2008-2009,34,1,1,0.6203972981616784
5,2008-2009,35,1,1,0.5767813577606935
5,2008-2009,36,1,1,0.5997159009643817
5,2008-2009,37,1,1,0.5302596499944847
5,2008-2009,38,1,1,0.5794508008680321
5,2008-2009,39,1,1,0.6129740062888948
5,2008-2009,40,1,1,0.6476115070114443
5,2008-2009,41,1,1,0.5570137374961992
5,2008-2009,42,1,1,0.6172497936019581
5,2008-2009,43,1,1,0.6867493988585303
5,2008-2009,44,0,1,0.7064200093445047
5,2008-2009,45,0,1,0.6821902248017946
5,2008-2009,46,1,1,0.5994597192029877
5,2008-2009,47,1,1,0.6382789507741143
5,2008-2009,48,1,1,0.6395654211155953
5,2008-2009,49,1,1,0.6543302238922181
5,2008-2009,50,1,1,0.6506362514760796
5,2008-2009,51,1,1,0.6822544026039697
5,2008-2009,52,1,1,0.6832264689612657
5,2008-2009,53,1,1,0.6785386587413209
5,2008-2009,54,1,1,0.7202747809964174
5,2008-2009,55,1,1,0.7180438921482125
5,2008-2009,56,1,1,0.7515512632548725
5,2008-2009,57,0,1,0.7264039559761823
5,2008-2009,58,1,1,0.7302265543336884
5,2008-2009,59,0,1,0.6610101353186104
5,2008-2009,60,0,1,0.6873790306353244
5,2008-2009,61,0,1,0.7375399667979835
5,2008-2009,62,0,1,0.6556128359637042
5,2008-2009,63,1,1,0.6867953529373101
5,2008-2009,64,0,1,0.6757273914899492
5,2008-2009,65,1,1,0.6667287244329771
5,2008-2009,66,0,1,0.6614980699236814
5,2008-2009,67,0,1,0.6313925891059734
5,2008-2009,68,1,1,0.6501461365880911
5,2008-2009,69,0,1,0.5614900981899908
5,2008-2009,70,0,1,0.6633636684865357
5,2008-2009,71,1,1,0.6293017365632406
5,2008-2009,72,1,1,0.6867293568657182
5,2008-2009,73,0,1,0.646359678120493
5,2008-2009,74,1,1,0.650596497739013
5,2008-2009,75,0,1,0.5531133177410031
5,2008-2009,76,0,1,0.6568286262149791
5,2008-2009,77,0,1,0.5743132128045143
5,2008-2009,78,1,1,0.6607407864408533
5,2008-2009,79,0,1,0.6186940891419137
5,2008-2009,80,0,0,0.45295890869990546
5,2008-2009,81,1,1,0.6506342330966384
5,2008-2009,82,1,1,0.6603835260936236
5,2008-2009,83,0,0,0.4603847347308504
5,2008-2009,84,1,1,0.6774729153954308
5,2008-2009,85,0,1,0.6805850201414843
5,2008-2009,86,1,0,0.4215324841498468
5,2008-2009,87,0,1,0.5198468245129773
5,2008-2009,88,1,0,0.4695874101086297
5,2008-2009,89,1,1,0.5679978790625982
5,2008-2009,90,1,1,0.685982549243791
5,2008-2009,91,1,1,0.7430316751253803
5,2008-2009,92,0,1,0.5402985420812365
5,2008-2009,93,1,1,0.7033899495809187
5,2008-2009,94,1,1,0.656322700363161
5,2008-2009,95,1,1,0.6673365926246719
5,2008-2009,96,1,1,0.5657943067207165
5,2008-2009,97,1,1,0.5608184437385685
5,2008-2009,98,1,1,0.7670954360702935
5,2008-2009,99,1,1,0.7091291777186183
5,2008-2009,100,1,1,0.5744848495495543
5,2008-2009,101,0,1,0.6203047104007299
5,2008-2009,102,1,1,0.7092028023456695
5,2008-2009,103,0,1,0.5678698701803089
5,2008-2009,104,1,1,0.7755166324235209
5,2008-2009,105,1,1,0.6985671572851295
5,2008-2009,106,1,1,0.7813427472335142
5,2008-2009,107,1,1,0.6216023973603041
5,2008-2009,108,1,1,0.7252033200562292
5,2008-2009,109,1,1,0.8041258984740567
5,2008-2009,110,0,0,0.41749347853937063
5,2008-2009,111,1,1,0.7154939478303198
5,2008-2009,112,1,1,0.7491690502312616
5,2008-2009,113,0,1,0.5004858150682238
5,2008-2009,114,1,1,0.8248224128258996
5,2008-2009,115,1,0,0.4858559171055751
5,2008-2009,116,1,1,0.7738765555986641
5,2008-2009,117,1,1,0.7740711634783123
5,2008-2009,118,1,1,0.8231047399562863
5,2008-2009,119,1,1,0.8209931552229618
5,2008-2009,120,1,1,0.7632018980621496
5,2008-2009,121,1,1,0.8442669594507134
5,2008-2009,122,1,1,0.8508156570662297
5,2008-2009,123,1,1,0.7306339348755261
5,2008-2009,124,1,1,0.7754819444091289
5,2008-2009,125,0,1,0.686510926169975
5,2008-2009,126,1,1,0.797181796789051
5,2008-2009,127,0,0,0.4986126716719533
5,2008-2009,128,1,1,0.8559073056236315
5,2008-2009,129,1,1,0.7706365699124734
5,2008-2009,130,0,1,0.7909788280862136
5,2008-2009,131,0,1,0.6507401662060125
5,2008-2009,132,0,1,0.7175854452477323
5,2008-2009,133,1,1,0.847282808693678
5,2008-2009,134,0,0,0.4282698689934959
5,2008-2009,135,1,1,0.8445113354953281
5,2008-2009,136,0,0,0.31647492326316273
5,2008-2009,137,0,1,0.6823533521706732
5,2008-2009,138,1,1,0.7296026800197465
5,2008-2009,139,1,1,0.5906997049375942
5,2008-2009,140,1,1,0.7923413278223891
5,2008-2009,141,0,0,0.32494201609836076
5,2008-2009,142,0,0,0.3529331763494327
5,2008-2009,143,1,1,0.847758115291275
5,2008-2009,144,0,0,0.4890796255997691
5,2008-2009,145,1,1,0.7718537555681142
5,2008-2009,146,0,0,0.23104286780790909
5,2008-2009,147,0,0,0.39052582580451234
5,2008-2009,148,1,1,0.5727399505251192
5,2008-2009,149,1,1,0.6798883731571818
5,2008-2009,150,1,0,0.47329363804319574
5,2008-2009,151,1,1,0.7328168906188739
5,2008-2009,152,0,0,0.28854637979799547
5,2008-2009,153,0,0,0.18644911332077427
5,2008-2009,154,1,0,0.25720881513497984
5,2008-2009,155,0,1,0.5758973232727652
5,2008-2009,156,1,1,0.8022368150169072
5,2008-2009,157,1,1,0.860485397990286
5,2008-2009,158,0,1,0.6302029099045786
5,2008-2009,159,1,1,0.840497694039261
5,2008-2009,160,0,1,0.8098330194043658
5,2008-2009,161,1,1,0.8168240365948229
5,2008-2009,162,1,1,0.8435532451763665
5,2008-2009,163,1,0,0.31302719078360186
5,2008-2009,164,0,0,0.3127779403920401
5,2008-2009,165,1,1,0.8710235607632604
5,2008-2009,166,1,1,0.8618821211980409
5,2008-2009,167,0,1,0.7748622232466461
5,2008-2009,168,1,1,0.8766766804461102
5,2008-2009,169,1,1,0.653421264816472
5,2008-2009,170,1,1,0.8614189785888129
5,2008-2009,171,1,1,0.6863630002257827
5,2008-2009,172,1,1,0.886293340696566
5,2008-2009,173,1,1,0.7815683575025532
5,2008-2009,174,1,1,0.7747647793022221
5,2008-2009,175,1,1,0.8894262486812904
5,2008-2009,176,0,0,0.43954824814499205
5,2008-2009,177,1,1,0.8552635488524266
5,2008-2009,178,0,0,0.2901338361017922
5,2008-2009,179,1,1,0.8992920166401008
5,2008-2009,180,0,1,0.8900508220532751
5,2008-2009,181,1,1,0.7894450231827359
5,2008-2009,182,0,1,0.7281427037141065
5,2008-2009,183,1,1,0.860359177741773
5,2008-2009,184,1,1,0.8718333453779022
5,2008-2009,185,1,0,0.35665056228613085
5,2008-2009,186,1,0,0.47913815144958916
5,2008-2009,187,1,1,0.8109461750257183
5,2008-2009,188,0,0,0.17123808339116597
5,2008-2009,189,1,1,0.5670194873945879
5,2008-2009,190,1,1,0.8028859404564366
5,2008-2009,191,0,0,0.3498846332992931
5,2008-2009,192,0,0,0.4075105502868135
5,2008-2009,193,0,0,0.20580623844555207
5,2008-2009,194,0,1,0.7161522130710238
5,2008-2009,195,0,1,0.5590348863813372
5,2008-2009,196,0,0,0.39398112565784726
5,2008-2009,197,1,1,0.8113014942638472
5,2008-2009,198,0,1,0.6319322653163442
5,2008-2009,199,1,1,0.6789639687849239
5,2008-2009,200,0,0,0.24453471332349752
5,2008-2009,201,1,1,0.8870035091583748
5,2008-2009,202,1,1,0.7060557758736472
5,2008-2009,203,1,1,0.8632166747808078
5,2008-2009,204,0,0,0.24649236346273506
5,2008-2009,205,1,1,0.8783778442593594
5,2008-2009,206,1,1,0.8374825877062666
5,2008-2009,207,0,1,0.8222826367788387
5,2008-2009,208,0,1,0.7891892925558412
5,2008-2009,209,0,1,0.8291513982867386
5,2008-2009,210,1,1,0.5004811678954817
5,2008-2009,211,1,1,0.509494250642308
5,2008-2009,212,0,1,0.7493869717134576
5,2008-2009,213,1,1,0.611888365875565
5,2008-2009,214,1,1,0.8104516800500997
5,2008-2009,215,1,1,0.6749022257396914
5,2008-2009,216,1,1,0.7087942786061847
5,2008-2009,217,1,0,0.48206524979632626
5,2008-2009,218,0,1,0.7666890635448711
5,2008-2009,219,1,1,0.6277336345065467
5,2008-2009,220,1,1,0.7645846466466968
5,2008-2009,221,0,1,0.5219526061220773
5,2008-2009,222,1,1,0.6772348606897385
5,2008-2009,223,1,1,0.6909817492745265
5,2008-2009,224,1,0,0.49758707966398735
5,2008-2009,225,1,1,0.7529039231667021
5,2008-2009,226,1,1,0.7079540151057282
5,2008-2009,227,0,1,0.7330157544865834
5,2008-2009,228,0,1,0.6143860681983564
5,2008-2009,229,0,1,0.7470529642697814
5,2008-2009,230,1,1,0.5129037637353185
5,2008-2009,231,1,1,0.6240036240158983
5,2009-2010,6,1,1,1.0
5,2009-2010,7,1,1,1.0
5,2009-2010,8,0,1,1.0
5,2009-2010,9,1,1,0.8655278753057601
5,2009-2010,10,0,1,0.879566162367246
5,2009-2010,11,1,1,0.7732925468642932
5,2009-2010,12,1,1,0.8362523267966347
5,2009-2010,13,1,1,0.8310624945650776
5,2009-2010,14,1,1,0.8241707933634788
5,2009-2010,15,1,1,0.8367605985038156
5,2009-2010,16,0,1,0.856477124031043
5,2009-2010,17,0,1,0.7956262797521481
5,2009-2010,18,0,1,0.818799646224157
5,2009-2010,19,0,1,0.7344850436003157
5,2009-2010,20,1,1,0.7078106309235016
5,2009-2010,21,1,1,0.7048963757443477
5,2009-2010,22,1,1,0.7172920602143705
5,2009-2010,23,1,1,0.7212049160913692
5,2009-2010,24,0,1,0.7335345490385904
5,2009-2010,25,0,1,0.7039379560548579
5,2009-2010,26,1,1,0.7250176712001689
5,2009-2010,27,0,1,0.7212240326546121
5,2009-2010,28,1,1,0.6911322385448927
5,2009-2010,29,0,1,0.7170249066167045
5,2009-2010,30,0,1,0.6811258044938631
5,2009-2010,31,1,1,0.6463616266623397
5,2009-2010,32,1,1,0.6611453284964673
5,2009-2010,33,1,1,0.649207815411044
5,2009-2010,34,1,1,0.6805181835780652
5,2009-2010,35,1,1,0.6903075561989509
5,2009-2010,36,1,1,0.6969614229546067
5,2009-2010,37,1,1,0.7032084460837486
5,2009-2010,38,1,1,0.68380144360509
5,2009-2010,39,0,1,0.6839906817795238
5,2009-2010,40,1,1,0.6957751548523925
5,2009-2010,41,0,1,0.6992209529554558
5,2009-2010,42,1,1,0.7015478879667181
5,2009-2010,43,1,1,0.7038865145519639
5,2009-2010,44,1,1,0.7127232197470845
5,2009-2010,45,1,1,0.68712721936161
5,2009-2010,46,1,1,0.70550069398053
5,2009-2010,47,0,1,0.7350627848447466
5,2009-2010,48,1,1,0.6981061233659712
5,2009-2010,49,1,1,0.7018253950096353
5,2009-2010,50,1,1,0.7183644425303091
5,2009-2010,51,0,1,0.7663734384852131
5,2009-2010,52,1,1,0.7034762465494165
5,2009-2010,53,1,1,0.7165980004227633
5,2009-2010,54,1,1,0.7005272098688755
5,2009-2010,55,0,1,0.7308749846827104
5,2009-2010,56,1,1,0.7204411180966788
5,2009-2010,57,1,1,0.7263911180296727
5,2009-2010,58,1,1,0.6666366979277835
5,2009-2010,59,0,1,0.7395403960092474
5,2009-2010,60,1,1,0.7110192683375456
5,2009-2010,61,0,1,0.6851737872815854
5,2009-2010,62,1,1,0.7101764749902174
5,2009-2010,63,0,1,0.7317236865628824
5,2009-2010,64,1,1,0.7104230361267172
5,2009-2010,65,0,1,0.6686982446561663
5,2009-2010,66,1,1,0.6300165668366929
5,2009-2010,67,0,1,0.7247896808501149
5,2009-2010,68,1,1,0.6951465012618935
5,2009-2010,69,0,1,0.6522660954888316
5,2009-2010,70,1,1,0.7303148002900319
5,2009-2010,71,1,1,0.7256160825039796
5,2009-2010,72,1,1,0.5969590763152892
5,2009-2010,73,1,1,0.690413473531303
5,2009-2010,74,1,1,0.7409036197340781
5,2009-2010,75,0,1,0.637594083452866
5,2009-2010,76,0,1,0.7480190490237337
5,2009-2010,77,1,1,0.585698276919877
5,2009-2010,78,0,1,0.6057703419172453
5,2009-2010,79,1,1,0.5695105410663988
5,2009-2010,80,1,1,0.6426526853001798
5,2009-2010,81,1,1,0.6539229640695183
5,2009-2010,82,1,1,0.7514267912505229
5,2009-2010,83,1,1,0.6711828926512614
5,2009-2010,84,1,1,0.6101629892124404
5,2009-2010,85,1,1,0.7194613470566855
5,2009-2010,86,1,1,0.7556030469547221
5,2009-2010,87,1,1,0.7303139371912027
5,2009-2010,88,1,1,0.7764996606729844
5,2009-2010,89,1,1,0.7660508516192536
5,2009-2010,90,0,1,0.7646862473358725
5,2009-2010,91,1,1,0.710503420501145
5,2009-2010,92,1,1,0.7677470201758827
5,2009-2010,93,0,1,0.6091821701150033
5,2009-2010,94,0,1,0.63320519203802
5,2009-2010,95,1,1,0.6250131859014878
5,2009-2010,96,1,1,0.763849334130456
5,2009-2010,97,1,1,0.7406347903011791
5,2009-2010,98,0,1,0.7163239128869087
5,2009-2010,99,1,1,0.7790982862411948
5,2009-2010,100,0,1,0.7381065493406509
5,2009-2010,101,0,1,0.581204037658989
5,2009-2010,102,0,1,0.5299350965229569
5,2009-2010,103,1,1,0.571053538646034
5,2009-2010,104,1,1,0.7601032452015408
5,2009-2010,105,1,1,0.7889502844080771
5,2009-2010,106,0,1,0.6173776742004918
5,2009-2010,107,1,1,0.7823953439138528
5,2009-2010,108,1,1,0.6820903927416224
5,2009-2010,109,1,1,0.7741770657469936
5,2009-2010,110,1,1,0.7731409218299303
5,2009-2010,111,0,1,0.8085111893190142
5,2009-2010,112,0,1,0.7064989859825812
5,2009-2010,113,1,1,0.7873493119210673
5,2009-2010,114,1,1,0.7334681690434102
5,2009-2010,115,1,1,0.7611936182437857
5,2009-2010,116,0,1,0.739281967651121
5,2009-2010,117,1,1,0.7792426816752033
5,2009-2010,118,0,1,0.5808716585255475
5,2009-2010,119,1,1,0.7282543608252057
5,2009-2010,120,0,0,0.43621544935578593
5,2009-2010,121,1,1,0.7514653752324552
5,2009-2010,122,1,1,0.5996205658123794
5,2009-2010,123,1,1,0.701271761443194
5,2009-2010,124,0,0,0.45543940427315155
5,2009-2010,125,0,1,0.7873663850011889
5,2009-2010,126,1,1,0.7463668402728304
5,2009-2010,127,1,0,0.4080834683361626
5,2009-2010,128,1,1,0.5683205732415435
5,2009-2010,129,0,1,0.6398970748449454
5,2009-2010,130,1,1,0.7510367812510179
5,2009-2010,131,0,1,0.6886290286630028
5,2009-2010,132,1,1,0.7858844887832068
5,2009-2010,133,1,1,0.6958298596038014
5,2009-2010,134,1,1,0.7385813704365981
5,2009-2010,135,1,1,0.78601602556163
5,2009-2010,136,1,1,0.7039349435206612
5,2009-2010,137,1,1,0.7479940748474002
5,2009-2010,138,0,1,0.781277689168246
5,2009-2010,139,0,1,0.720579469248629
5,2009-2010,140,1,1,0.7639836780831423
5,2009-2010,141,0,1,0.7682448785176872
5,2009-2010,142,0,1,0.6895181725137682
5,2009-2010,143,0,1,0.761528870285856
5,2009-2010,144,1,1,0.771791038385066
5,2009-2010,145,1,1,0.7310464149908713
5,2009-2010,146,1,1,0.6382360789659757
5,2009-2010,147,0,1,0.6541910761632292
5,2009-2010,148,0,1,0.6954629966680239
5,2009-2010,149,1,1,0.6997451478842259
5,2009-2010,150,1,1,0.6329465933770415
5,2009-2010,151,1,1,0.7046464444680233
5,2009-2010,152,1,1,0.6519368008065309
5,2009-2010,153,1,1,0.6930199400058802
5,2009-2010,154,0,1,0.7740859246915122
5,2009-2010,155,1,1,0.6648966138667414
5,2009-2010,156,1,1,0.5991277521497705
5,2011-2012,6,0,1,0.5852388217373662
5,2011-2012,7,1,1,0.5484676424866592
5,2011-2012,8,0,1,0.5950456636778559
5,2011-2012,9,1,1,0.5206311815526906
5,2011-2012,10,0,1,0.576284734258776
5,2011-2012,11,1,1,0.5012523054322763
5,2011-2012,12,1,1,0.6015677397523391
5,2011-2012,13,1,1,0.5551319630439655
5,2011-2012,14,1,1,0.5879901978114483
5,2011-2012,15,0,1,0.5863940680423257
5,2011-2012,16,1,1,0.6303988534971077
5,2011-2012,17,1,1,0.5761144117713884
5,2011-2012,18,0,1,0.5963015390555401
5,2011-2012,19,1,1,0.5388936983267486
5,2011-2012,20,1,1,0.6106400514187053
5,2011-2012,21,0,1,0.5979773977483995
5,2011-2012,22,1,1,0.6092552685623397
5,2011-2012,23,1,1,0.5350635730201363
5,2011-2012,24,0,1,0.6419779739866129
5,2011-2012,25,1,1,0.6263406229609948
5,2011-2012,26,1,1,0.5586797834379224
5,2011-2012,27,0,1,0.6408941169287213
5,2011-2012,28,1,1,0.5751210586195988
5,2011-2012,29,0,1,0.6676444192794925
5,2011-2012,30,0,1,0.6282749818275621
5,2011-2012,31,1,1,0.5985456790727356
5,2011-2012,32,1,1,0.6159684224378519
5,2011-2012,33,1,1,0.607340913322087
5,2011-2012,34,1,1,0.6081487654479751
5,2011-2012,35,0,1,0.6859269011372578
5,2011-2012,36,1,1,0.615915423343637
5,2011-2012,37,1,1,0.616543910286459
5,2011-2012,38,0,1,0.6588832920472122
5,2011-2012,39,1,1,0.6082574493308494
5,2011-2012,40,0,1,0.6330901091286757
5,2011-2012,41,0,1,0.6142785108040204
5,2011-2012,42,0,1,0.6156918072285407
5,2011-2012,43,1,1,0.5858764536954427
5,2011-2012,44,0,1,0.6084412179716119
5,2011-2012,45,1,1,0.5805636556214525
5,2011-2012,46,1,1,0.6000697262793003
5,2011-2012,47,0,1,0.623879094118072
5,2011-2012,48,1,1,0.6037757255368371
5,2011-2012,49,1,1,0.6140796462203706
5,2011-2012,50,1,1,0.6095933349655097
5,2011-2012,51,1,1,0.6020964487646823
5,2011-2012,52,1,1,0.6263569878780246
5,2011-2012,53,1,1,0.6288087563685194
5,2011-2012,54,1,1,0.6382233583575112
5,2011-2012,55,0,1,0.6430232850243119
5,2011-2012,56,0,1,0.6387307114633958
5,2011-2012,57,0,1,0.6560168303915276
5,2011-2012,58,1,1,0.6015611780370416
5,2011-2012,59,1,1,0.6329208490841083
5,2011-2012,60,1,1,0.6207968044538809
5,2011-2012,61,1,1,0.6617456492806509
5,2011-2012,62,0,1,0.6453915671688293
5,2011-2012,63,1,1,0.6352495702794001
5,2011-2012,64,1,1,0.6123238216888687
5,2011-2012,65,1,1,0.6664314126117014
5,2011-2012,66,0,1,0.6538554550312567
5,2011-2012,67,1,1,0.6776200304563056
5,2011-2012,68,1,1,0.6682993759899223
5,2011-2012,69,1,1,0.7218339181395624
5,2011-2012,70,0,1,0.6258004464807275
5,2011-2012,71,1,1,0.7071558929881221
5,2011-2012,72,1,1,0.7492713649436912
5,2011-2012,73,1,1,0.5790857976677861
5,2011-2012,74,1,1,0.7015826237967407
5,2011-2012,75,0,1,0.6316803526943886
5,2011-2012,76,0,1,0.6251633159410096
5,2011-2012,77,0,1,0.6940132768951112
5,2011-2012,78,0,1,0.5775417438571684
5,2011-2012,79,1,1,0.5311685366586095
5,2011-2012,80,1,1,0.6197682647365363
5,2011-2012,81,0,1,0.5963221853890502
5,2011-2012,82,1,1,0.699354994105432
5,2011-2012,83,1,1,0.7161188620609575
5,2011-2012,84,0,0,0.441117312831283
5,2011-2012,85,0,1,0.6141045929689742
5,2011-2012,86,1,1,0.6253259859582289
5,2011-2012,87,1,1,0.520659183280871
5,2011-2012,88,1,1,0.6982194373255075
5,2011-2012,89,1,1,0.7638218884046213
5,2011-2012,90,1,1,0.7166241315034043
5,2011-2012,91,1,1,0.654075888832468
5,2011-2012,92,1,1,0.6577912202429437
5,2011-2012,93,1,1,0.7960703623182507
5,2011-2012,94,1,1,0.81297509711309
5,2011-2012,95,1,1,0.8064002701039097
5,2011-2012,96,1,1,0.8149234202142086
5,2011-2012,97,1,1,0.5267135251848226
5,2011-2012,98,1,1,0.7441671549750422
5,2011-2012,99,0,1,0.7087459145934001
5,2011-2012,100,0,0,0.37835683580681695
5,2011-2012,101,1,1,0.5306691177974989
5,2011-2012,102,0,1,0.6392755655198411
5,2011-2012,103,1,1,0.8212655474617816
5,2011-2012,104,1,1,0.8278507762438437
5,2011-2012,105,0,0,0.38361775029310374
5,2011-2012,106,0,1,0.7067062008739453
5,2011-2012,107,1,1,0.6501872224529774
5,2011-2012,108,1,1,0.8146876599160714
5,2011-2012,109,0,1,0.5362738872418059
5,2011-2012,110,1,1,0.7844634649541492
5,2011-2012,111,1,1,0.8006005451703301
5,2011-2012,112,1,1,0.8371546950825349
5,2011-2012,113,0,1,0.6764497018582402
5,2011-2012,114,0,1,0.8011635509519761
5,2011-2012,115,1,1,0.7356012415865101
5,2011-2012,116,1,1,0.8085512417559729
5,2011-2012,117,0,1,0.7335868495014278
5,2011-2012,118,0,0,0.35596250131516216
5,2011-2012,119,1,1,0.8149296530337348
5,2011-2012,120,0,1,0.8455366738489559
5,2011-2012,121,0,1,0.5405255122153257
5,2011-2012,122,1,1,0.6392681735865774
5,2011-2012,123,1,1,0.5109250935094615
5,2011-2012,124,0,0,0.36119727352803116
5,2011-2012,125,1,1,0.8322401188712589
5,2011-2012,126,1,1,0.7358295271187605
5,2011-2012,127,1,1,0.8050235763360638
5,2011-2012,128,1,0,0.4928889233187222
5,2011-2012,129,1,0,0.35918155779339134
5,2011-2012,130,1,1,0.8045741506025462
5,2011-2012,131,1,1,0.6921872858627519
5,2011-2012,132,0,1,0.8416795801205582
5,2011-2012,133,1,1,0.7947574640475754
5,2011-2012,134,1,1,0.7447490916106159
5,2011-2012,135,0,0,0.47606505710976726
5,2011-2012,136,1,1,0.820546073827434
5,2011-2012,137,1,1,0.5169498635068616
5,2011-2012,138,0,0,0.49756953612946314
5,2011-2012,139,1,1,0.7695347617379592
5,2011-2012,140,1,1,0.8259584439123049
5,2011-2012,141,1,1,0.7662192625225727
5,2011-2012,142,1,1,0.7453966562159842
5,2011-2012,143,0,1,0.6721556405269445
5,2011-2012,144,1,1,0.7931810286395911
5,2011-2012,145,1,1,0.7382980102111453
5,2011-2012,146,0,1,0.6864021699841549
5,2011-2012,147,0,1,0.7432963333390423
5,2011-2012,148,1,1,0.8133455182676406
5,2011-2012,149,0,1,0.6929245780533217
5,2011-2012,150,1,1,0.8171501040281869
5,2011-2012,151,1,1,0.5322327701964208
5,2011-2012,152,1,1,0.8236807797940574
5,2011-2012,153,0,1,0.7731147792247304
5,2011-2012,154,0,1,0.7689503572572164
5,2011-2012,155,1,1,0.8204356416614401
5,2011-2012,156,1,1,0.781806681538846
5,2011-2012,157,0,1,0.7682086852932317
5,2011-2012,158,1,1,0.6826192590332393
5,2011-2012,159,1,1,0.688478063982628
5,2011-2012,160,1,0,0.49725345991635744
5,2011-2012,161,1,0,0.4785519018987742
5,2011-2012,162,1,1,0.8015280332008536
5,2011-2012,163,1,1,0.7825634976173903
5,2011-2012,164,1,1,0.7508509869284115
5,2011-2012,165,1,1,0.7960597437410886
5,2011-2012,166,0,1,0.7922761067144677
5,2011-2012,167,0,1,0.7939595790445272
5,2011-2012,168,1,1,0.6763688033849538
5,2011-2012,169,0,1,0.7943407442890734
5,2011-2012,170,1,1,0.6482249459158643
5,2012-2013,6,1,1,0.6065440364838983
5,2012-2013,7,1,1,0.654379043987066
5,2012-2013,8,1,1,0.7133253251191198
5,2012-2013,9,1,1,0.7424549697299455
5,2012-2013,10,1,1,0.768645219918412
5,2012-2013,11,0,1,0.7907532411849119
5,2012-2013,12,1,1,0.7295642445375476
5,2012-2013,13,1,1,0.7311157641864318
5,2012-2013,14,0,1,0.7525945179841333
5,2012-2013,15,0,1,0.7270815448481972
5,2012-2013,16,1,1,0.6631093887738437
5,2012-2013,17,1,1,0.7185616018055668
5,2012-2013,18,1,1,0.6968103165241101
5,2012-2013,19,0,1,0.7566616744249185
5,2012-2013,20,0,1,0.6779830378381374
5,2012-2013,21,1,1,0.6665280100073455
5,2012-2013,22,1,1,0.6956873420652567
5,2012-2013,23,0,1,0.7119962964327372
5,2012-2013,24,1,1,0.6418754087886893
5,2012-2013,25,1,1,0.6736384244949691
5,2012-2013,26,1,1,0.688195944117913
5,2012-2013,27,1,1,0.6657316764683793
5,2012-2013,28,0,1,0.6956256560311571
5,2012-2013,29,1,1,0.6907138280068149
5,2012-2013,30,1,1,0.6735887121791041
5,2012-2013,31,1,1,0.6910242346935195
5,2012-2013,32,1,1,0.7015027920153958
5,2012-2013,33,0,1,0.6795921944075551
5,2012-2013,34,1,1,0.7369893023736549
5,2012-2013,35,1,1,0.7884140717648287
5,2012-2013,36,0,1,0.692032693562808
5,2012-2013,37,0,1,0.6450876826357573
5,2012-2013,38,1,1,0.7184210759423327
5,2012-2013,39,1,1,0.6723546786380072
5,2012-2013,40,1,1,0.7125602557447479
5,2012-2013,41,1,1,0.7307275491282555
5,2012-2013,42,0,1,0.6789593612766948
5,2012-2013,43,0,1,0.709383578443025
5,2012-2013,44,0,1,0.7227923539236393
5,2012-2013,45,1,1,0.6468027564682393
5,2012-2013,46,0,1,0.6070348975558115
5,2012-2013,47,1,1,0.6097908226805685
5,2012-2013,48,0,1,0.7171386472262741
5,2012-2013,49,0,1,0.6426327564988181
5,2012-2013,50,1,1,0.6998010497461823
5,2012-2013,51,1,1,0.6995714185041655
5,2012-2013,52,1,1,0.8328114489676153
5,2012-2013,53,1,1,0.6975624788428237
5,2012-2013,54,0,1,0.6997210538150663
5,2012-2013,55,0,1,0.7390471775504502
5,2012-2013,56,1,1,0.6039126579535619
5,2012-2013,57,1,1,0.6088439813768141
5,2012-2013,58,1,1,0.743441048229558
5,2012-2013,59,0,1,0.713014933468234
5,2012-2013,60,1,1,0.625138029825385
5,2012-2013,61,1,1,0.6528337673143594
5,2012-2013,62,1,1,0.694000147691187
5,2012-2013,63,1,1,0.7072811574530607
5,2012-2013,64,0,1,0.6582362196089403
5,2012-2013,65,1,1,0.7147006546385438
5,2012-2013,66,1,1,0.6351415188252723
5,2012-2013,67,0,1,0.6602652576254097
5,2012-2013,68,1,1,0.6741319639578549
5,2012-2013,69,0,1,0.756130506912517
5,2012-2013,70,0,1,0.7271950347874478
5,2012-2013,71,1,1,0.5867514898739761
5,2012-2013,72,1,1,0.5897721576380864
5,2012-2013,73,0,1,0.6697914439959006
5,2012-2013,74,0,1,0.6571159527211825
5,2012-2013,75,0,1,0.6339488696240422
5,2012-2013,76,1,1,0.5301103750921784
5,2012-2013,77,0,1,0.6149255812187753
5,2012-2013,78,0,1,0.6652088731878444
5,2012-2013,79,0,1,0.5734735868290533
5,2012-2013,80,0,1,0.5605031784552457
5,2012-2013,81,1,1,0.626114220195536
5,2012-2013,82,1,1,0.6796153897052193
5,2012-2013,83,1,0,0.4683025006053929
5,2012-2013,84,0,1,0.5267273105698169
5,2012-2013,85,0,1,0.6613435726915418
5,2012-2013,86,0,1,0.6622766448169318
5,2012-2013,87,0,1,0.5390942549692221
5,2012-2013,88,0,1,0.5567634587646901
5,2012-2013,89,0,1,0.6307255196806071
5,2012-2013,90,0,0,0.47278817335117035
5,2012-2013,91,1,1,0.5179717248249481
5,2012-2013,92,1,1,0.5066934839673097
5,2012-2013,93,1,1,0.6047225533482772
5,2012-2013,94,1,1,0.6083588749730962
5,2012-2013,95,0,0,0.4620178845479917
5,2012-2013,96,0,1,0.5040585441960727
5,2012-2013,97,1,1,0.6568571426481882
5,2012-2013,98,1,1,0.5858993358223943
5,2012-2013,99,1,1,0.680020789799347
5,2012-2013,100,0,1,0.6669401791331154
5,2012-2013,101,0,1,0.5027149683877989
5,2012-2013,102,1,1,0.6699958766621901
5,2012-2013,103,1,0,0.4655718575071186
5,2012-2013,104,1,1,0.6696269325296961
5,2012-2013,105,1,1,0.6954360811115975
5,2012-2013,106,1,1,0.5941815341638992
5,2012-2013,107,1,1,0.6083391657751028
5,2012-2013,108,1,1,0.5670958027209856
5,2012-2013,109,1,1,0.5359827382988028
5,2012-2013,110,0,0,0.4528967202445066
5,2012-2013,111,0,1,0.5972234698671992
5,2012-2013,112,1,0,0.4571492257901423
5,2012-2013,113,1,0,0.404865841246142
5,2012-2013,114,0,0,0.49643856639508654
5,2012-2013,115,0,1,0.5395038716014964
5,2012-2013,116,1,0,0.37813198179168117
5,2012-2013,117,0,0,0.4885865610862239
5,2012-2013,118,0,1,0.6319676030659146
5,2012-2013,119,1,0,0.49246162959567086
5,2012-2013,120,0,1,0.5458830683620581
5,2012-2013,121,0,0,0.4138938216804114
5,2012-2013,122,0,0,0.3774648029680273
5,2012-2013,123,1,1,0.5698519978792421
5,2012-2013,124,1,0,0.49544061121925187
5,2012-2013,125,0,1,0.5441642317406168
5,2012-2013,126,1,1,0.5613069703784944
5,2012-2013,127,1,0,0.4170748593423046
5,2012-2013,128,0,0,0.4560761758231483
5,2012-2013,129,1,0,0.4430706751395161
5,2012-2013,130,0,1,0.5297805627136546
5,2012-2013,131,1,1,0.6682788553720357
5,2012-2013,132,1,1,0.6491636065509369
5,2012-2013,133,1,1,0.6216452756967171
5,2012-2013,134,1,1,0.6957251857518365
5,2012-2013,135,0,1,0.6865895708945869
5,2012-2013,136,1,1,0.6511726331164905
5,2012-2013,137,1,1,0.5494857157422696
5,2012-2013,138,1,1,0.5574082233740735
5,2012-2013,139,0,1,0.5899562196351694
5,2012-2013,140,1,1,0.6031733748441045
5,2012-2013,141,1,1,0.6857269605057568
5,2012-2013,142,1,1,0.7025841760418844
5,2012-2013,143,1,1,0.6745633587453788
5,2012-2013,144,1,1,0.6745566768046702
5,2012-2013,145,1,1,0.7077522417263472
5,2012-2013,146,0,1,0.731116714141585
5,2012-2013,147,1,1,0.6554787924493455
5,2012-2013,148,0,0,0.45538488105347275
5,2012-2013,149,0,1,0.5274677015682727
5,2012-2013,150,1,1,0.6254808293827908
5,2012-2013,151,1,1,0.6730411049058117
5,2012-2013,152,1,1,0.7084633692871456
5,2012-2013,153,1,1,0.6252844181904093
5,2012-2013,154,0,1,0.6535061984295111
5,2012-2013,155,0,1,0.5757316947808195
5,2012-2013,156,1,1,0.7317285116946248
5,2012-2013,157,0,1,0.6552285426303192
5,2012-2013,158,1,1,0.6585283891809028
5,2012-2013,159,1,1,0.5375366715589848
5,2012-2013,160,1,1,0.6310646835638429
5,2012-2013,161,1,1,0.7404083850496137
5,2012-2013,162,0,1,0.5456496478361607
5,2012-2013,163,1,1,0.7512652323519382
5,2012-2013,164,1,1,0.6475116016448237
5,2012-2013,165,1,0,0.4591662734706171
5,2012-2013,166,0,1,0.6776468430381474
5,2012-2013,167,0,0,0.408903870182351
5,2012-2013,168,1,1,0.7164316331865728
5,2012-2013,169,1,1,0.6051879818813588
5,2012-2013,170,1,1,0.5496548932540529
5,2012-2013,171,1,1,0.7263405369126943
5,2012-2013,172,0,1,0.5858911600205293
5,2012-2013,173,1,1,0.6441634170895622
5,2012-2013,174,1,1,0.650322242820506
5,2012-2013,175,1,1,0.674626078925352
5,2012-2013,176,0,1,0.7419829217146873
5,2012-2013,177,1,1,0.746443783074152
5,2012-2013,178,0,0,0.465235653062628
5,2012-2013,179,1,1,0.6409492277675479
5,2012-2013,180,0,1,0.6656053690452667
5,2012-2013,181,0,1,0.7097266228862429
5,2012-2013,182,0,1,0.6697722190651523
5,2012-2013,183,1,1,0.5106199271711817
5,2012-2013,184,0,1,0.5534768716405608
5,2012-2013,185,0,1,0.7239961874526168
5,2012-2013,186,0,0,0.41765042372119154
5,2012-2013,187,1,1,0.670652799695416
5,2012-2013,188,0,0,0.4482244947425353
5,2012-2013,189,0,0,0.46241287086522087
5,2012-2013,190,1,0,0.46802986095094495
5,2012-2013,191,0,1,0.6121597128272435
5,2012-2013,192,0,1,0.6053594244691755
5,2012-2013,193,1,1,0.6235436916180546
5,2012-2013,194,0,1,0.519854883688642
5,2012-2013,195,1,1,0.5279949954744316
5,2012-2013,196,1,1,0.6358997172212243
5,2012-2013,197,0,1,0.6174336291706531
5,2012-2013,198,0,1,0.5479523109781547
5,2012-2013,199,1,1,0.5456373958280311
5,2012-2013,200,1,1,0.7104814095132788
5,2012-2013,201,0,1,0.713389463725712
5,2012-2013,202,1,1,0.5671658811800899
5,2012-2013,203,0,1,0.7144785861007953
5,2012-2013,204,1,1,0.6370790200009963
5,2012-2013,205,0,0,0.4246823070342594
5,2012-2013,206,1,1,0.6252274598242833
5,2012-2013,207,1,1,0.7252591623729654
5,2012-2013,208,0,1,0.588339176549712
5,2012-2013,209,1,1,0.7387618469993277
5,2012-2013,210,1,1,0.5050395457503802
5,2012-2013,211,1,1,0.6755462975444055
5,2012-2013,212,0,0,0.4457848645089679
5,2012-2013,213,1,1,0.5117993647066057
5,2012-2013,214,0,0,0.4174922316673029
5,2012-2013,215,0,1,0.5370940719387353
5,2012-2013,216,1,1,0.721404293124479
5,2012-2013,217,0,0,0.3366433233751645
5,2012-2013,218,0,1,0.5612145088124093
5,2012-2013,219,1,1,0.7060586889256257
5,2012-2013,220,1,1,0.632884755473045
5,2012-2013,221,0,0,0.37023696556234076
5,2012-2013,222,1,0,0.3173156914219538
5,2012-2013,223,1,1,0.5720446506436884
5,2012-2013,224,1,1,0.5158695523740147
5,2012-2013,225,0,1,0.682761486439831
5,2012-2013,226,0,1,0.5834898570142039
5,2012-2013,227,0,1,0.551743406995763
5,2012-2013,228,1,0,0.4565950598768806
5,2012-2013,229,0,0,0.4843427350460563
5,2012-2013,230,0,0,0.43370003425039166
5,2012-2013,231,1,1,0.684078744270305
5,2012-2013,232,1,1,0.5377897587048031
5,2012-2013,233,1,1,0.513071238474947
5,2012-2013,234,0,0,0.49157794355973305
5,2012-2013,235,1,0,0.4486823067190466
5,2012-2013,236,1,0,0.49532400013346595
5,2012-2013,237,1,1,0.725540375165814
5,2012-2013,238,1,1,0.5101391380758994
5,2012-2013,239,1,1,0.6840861312750075
5,2012-2013,240,1,1,0.7646223899244039
5,2012-2013,241,1,1,0.7295237892273051
5,2012-2013,242,1,1,0.6253647054833096
5,2012-2013,243,1,1,0.6702115959438946
5,2012-2013,244,1,1,0.5873430248106698
5,2012-2013,245,1,0,0.36082981007529347
5,2012-2013,246,1,1,0.6969964688355756
5,2012-2013,247,0,0,0.447104097583882
5,2012-2013,248,0,1,0.5425743909216676
5,2012-2013,249,0,0,0.4776417862565114
5,2012-2013,250,1,0,0.2927346020595559
5,2012-2013,251,1,1,0.5521598770259822
5,2012-2013,252,0,1,0.6189415807706597
5,2012-2013,253,0,1,0.5033391538610689
5,2012-2013,254,1,1,0.7258274776026586
5,2012-2013,255,0,0,0.42367849036338007
5,2012-2013,256,1,1,0.6557946719159311
5,2012-2013,257,1,1,0.535619784500079
5,2012-2013,258,1,1,0.7270227203721173
5,2012-2013,259,0,1,0.6890980352496373
5,2012-2013,260,0,1,0.5318691620707348
5,2012-2013,261,0,0,0.36789736758569136
5,2012-2013,262,0,1,0.5369227787211079
5,2012-2013,263,1,0,0.4130727067556314
5,2012-2013,264,0,1,0.604995644384601
5,2012-2013,265,0,1,0.600272933792526
5,2012-2013,266,1,0,0.42884753422702915
5,2012-2013,267,1,1,0.7333279680474306
5,2012-2013,268,1,1,0.7008763573948118
5,2012-2013,269,1,1,0.6869367800280027
5,2012-2013,270,0,0,0.42365581295588367
5,2012-2013,271,1,0,0.4666211955362048
5,2012-2013,272,1,1,0.6859192809264291
5,2012-2013,273,1,1,0.5904771053520121
5,2012-2013,274,1,1,0.6750332513988866
5,2012-2013,275,1,1,0.5525496246650001
5,2012-2013,276,1,1,0.6118129616435921
5,2012-2013,277,1,1,0.710591435543451
5,2012-2013,278,1,1,0.6091897630264349
5,2012-2013,279,0,1,0.5364394789281609
5,2012-2013,280,1,1,0.5913464420191445
5,2012-2013,281,0,1,0.5451805911767246
5,2012-2013,282,0,0,0.4793793253571835
5,2012-2013,283,0,1,0.6875051397569961
5,2012-2013,284,1,1,0.6290115768811326
5,2012-2013,285,1,1,0.6943049637255962
5,2012-2013,286,0,0,0.49618353093057244
5,2012-2013,287,1,1,0.6900294176002777
5,2012-2013,288,1,1,0.6004458191697862
5,2012-2013,289,0,0,0.49558991923622936
5,2012-2013,290,0,1,0.7361718763646896
5,2012-2013,291,1,1,0.7539362617726982
5,2012-2013,292,1,1,0.5432673993939341
5,2012-2013,293,1,1,0.7324129445379777
5,2012-2013,294,1,1,0.7746258411918516
5,2012-2013,295,1,1,0.7777967631774336
5,2012-2013,296,1,1,0.700841610292613
5,2012-2013,297,1,1,0.7749472912727878
5,2012-2013,298,0,0,0.41462100460022255
5,2012-2013,299,0,1,0.6862734232083576
5,2012-2013,300,1,1,0.7609973382248598
5,2012-2013,301,1,1,0.5228168418610195
5,2012-2013,302,0,1,0.6040114954038879
5,2012-2013,303,1,1,0.5893939194458434
5,2012-2013,304,1,1,0.6994947613540282
5,2012-2013,305,1,1,0.725219063004856
5,2012-2013,306,1,1,0.6824318671259838
5,2012-2013,307,1,1,0.7574969189285637
5,2012-2013,308,1,1,0.7297084149841618
5,2012-2013,309,1,1,0.6936509298954553
5,2012-2013,310,1,1,0.7911631332856099
5,2012-2013,311,1,1,0.7630683454468984
5,2012-2013,312,0,1,0.7273027202065396
5,2012-2013,313,1,1,0.5552323700264095
5,2012-2013,314,0,1,0.7195520600850835
5,2012-2013,315,1,1,0.6219613307771461
5,2012-2013,316,0,1,0.7339103096898149
5,2012-2013,317,0,1,0.7321374958036971
5,2012-2013,318,1,1,0.6738263623179825
5,2012-2013,319,1,1,0.6105160596047927
5,2012-2013,320,0,1,0.6634745700647242
5,2012-2013,321,0,0,0.39219941230102706
5,2012-2013,322,1,0,0.44942346003959954
5,2012-2013,323,1,1,0.7431301538199191
5,2012-2013,324,1,1,0.6989486173578101
5,2012-2013,325,0,1,0.612608125142875
5,2012-2013,326,1,1,0.753140636210398
5,2012-2013,327,1,1,0.7420056048901629
5,2012-2013,328,1,1,0.7811912663659387
5,2012-2013,329,0,1,0.5690344705470086
5,2012-2013,330,1,1,0.7344636187334641
5,2012-2013,331,1,1,0.5534586615781371
5,2012-2013,332,1,1,0.5356271723006467
5,2012-2013,333,0,1,0.6750055994748017
5,2012-2013,334,0,1,0.6161289429344543
5,2012-2013,335,1,0,0.4168663298163763
5,2012-2013,336,1,1,0.7657367275319538
5,2012-2013,337,0,1,0.5983465820133416
5,2012-2013,338,1,1,0.6332944902309678
5,2012-2013,339,1,1,0.5883543135524733
5,2012-2013,340,1,1,0.6607096014734642
5,2012-2013,341,1,1,0.7125977108197656
5,2012-2013,342,1,1,0.6814620083644479
5,2012-2013,343,1,1,0.6812815131899883
5,2012-2013,344,1,1,0.7112173243849854
5,2013-2014,6,1,0,0.40296214835686234
5,2013-2014,7,1,1,0.514832479842787
5,2013-2014,8,1,1,0.5615343056673368
5,2013-2014,9,0,1,0.6203722039713424
5,2013-2014,10,0,1,0.5600508762184427
5,2013-2014,11,1,0,0.48377139512314077
5,2013-2014,12,0,1,0.5583936268006542
5,2013-2014,13,0,1,0.5141579846767369
5,2013-2014,14,0,0,0.4482652105365268
5,2013-2014,15,0,0,0.43340613250196586
5,2013-2014,16,1,0,0.35929080631198557
5,2013-2014,17,1,0,0.4401300428390136
5,2013-2014,18,1,0,0.47553265142730594
5,2013-2014,19,1,0,0.49906677223722107
5,2013-2014,20,1,1,0.5117526595717471
5,2013-2014,21,0,1,0.5262966960849159
5,2013-2014,22,1,1,0.5387812704526111
5,2013-2014,23,0,1,0.5322766024088929
5,2013-2014,24,1,1,0.5051179322511893
5,2013-2014,25,0,1,0.5510178427148198
5,2013-2014,26,0,1,0.5181739397843313
5,2013-2014,27,1,1,0.532062821200434
5,2013-2014,28,0,1,0.5336895230934473
5,2013-2014,29,1,0,0.4715363179709419
5,2013-2014,30,1,1,0.5270068834622618
5,2013-2014,31,0,1,0.5292338457363445
5,2013-2014,32,1,1,0.5098828674067581
5,2013-2014,33,1,1,0.5416203036331033
5,2013-2014,34,1,1,0.5354654546200229
5,2013-2014,35,0,1,0.5600691947530883
5,2013-2014,36,1,1,0.5352097822373177
5,2013-2014,37,1,1,0.5654703390481479
5,2013-2014,38,0,1,0.5450873191443399
5,2013-2014,39,0,1,0.530216200795256
5,2013-2014,40,0,1,0.5122198332807327
5,2013-2014,41,1,1,0.5201634912764713
5,2013-2014,42,1,1,0.559613976694526
5,2013-2014,43,1,1,0.5160324724540409
5,2013-2014,44,1,1,0.5269008007523321
5,2013-2014,45,1,1,0.5226883936504572
5,2013-2014,46,0,1,0.5712969078477207
5,2013-2014,47,0,1,0.5631668913219836
5,2013-2014,48,1,1,0.5426553952817876
5,2013-2014,49,1,1,0.5387662467022307
5,2013-2014,50,1,1,0.5337494569124932
5,2013-2014,51,1,1,0.5707683030165885
5,2013-2014,52,0,1,0.5654148830079594
5,2013-2014,53,1,1,0.6065718175428987
5,2013-2014,54,1,1,0.543471530586702
5,2013-2014,55,1,1,0.5888140935166248
5,2013-2014,56,0,1,0.5803689126583425
5,2013-2014,57,0,1,0.5675329651547132
5,2013-2014,58,1,1,0.5449342991921174
5,2013-2014,59,1,1,0.6232104100608648
5,2013-2014,60,0,1,0.5507958212060091
5,2013-2014,61,1,1,0.5473347701254033
5,2013-2014,62,0,1,0.6013066817427339
5,2013-2014,63,0,1,0.5719609747420666
5,2013-2014,64,0,1,0.5223973816876292
5,2013-2014,65,0,1,0.6081940705370514
5,2013-2014,66,0,1,0.5527093123516804
5,2013-2014,67,1,1,0.547429839974903
5,2013-2014,68,1,1,0.5633422172382461
5,2013-2014,69,0,1,0.5960807131854194
5,2013-2014,70,0,1,0.5615387872910635
5,2013-2014,71,1,1,0.5626242458494359
5,2013-2014,72,1,1,0.5335860525661883
5,2013-2014,73,0,1,0.5476291295529306
5,2013-2014,74,1,1,0.5708415662303135
5,2013-2014,75,0,1,0.5422753406015033
5,2013-2014,76,1,1,0.5268423087102433
5,2013-2014,77,0,1,0.5908931125089258
5,2013-2014,78,0,1,0.5340108985389657
5,2013-2014,79,0,1,0.5400175237079289
5,2013-2014,80,1,1,0.564221937945563
5,2013-2014,81,0,1,0.5165014654148385
5,2013-2014,82,1,1,0.5841564311906482
5,2013-2014,83,1,1,0.5461614647539043
5,2013-2014,84,0,0,0.4943346979814816
5,2013-2014,85,1,1,0.5188414897646673
5,2013-2014,86,1,1,0.5489263141145572
5,2013-2014,87,1,1,0.5422708210781109
5,2013-2014,88,1,1,0.5503206288531197
5,2013-2014,89,0,1,0.5281148031426511
5,2013-2014,90,1,1,0.5990902137440602
5,2013-2014,91,1,1,0.5826703703915547
5,2013-2014,92,1,1,0.6128163209365127
5,2013-2014,93,0,1,0.6634755349608544
5,2013-2014,94,0,1,0.6136254062203919
5,2013-2014,95,1,1,0.6456628222597213
5,2013-2014,96,0,1,0.5811846180739028
5,2013-2014,97,0,1,0.6323422404409101
5,2013-2014,98,0,1,0.5843335332688359
5,2013-2014,99,1,1,0.572816979337111
5,2013-2014,100,0,1,0.5030344821850753
5,2013-2014,101,0,1,0.5418461990400208
5,2013-2014,102,1,1,0.5010955112488539
5,2013-2014,103,0,1,0.5847412881749867
5,2013-2014,104,0,0,0.4587458437055953
5,2013-2014,105,1,1,0.5130090915014925
5,2013-2014,106,1,1,0.5804966967392299
5,2013-2014,107,1,0,0.4879614054765688
5,2013-2014,108,0,0,0.4805138972575833
5,2013-2014,109,1,1,0.6499264044069412
5,2013-2014,110,0,0,0.4503579183397989
5,2013-2014,111,1,1,0.6043528092499287
5,2013-2014,112,1,0,0.48775518842421856
5,2013-2014,113,0,1,0.5726070453185055
5,2013-2014,114,1,0,0.4658507380586969
5,2013-2014,115,1,1,0.6248546842165931
5,2013-2014,116,1,0,0.4841103503172162
5,2013-2014,117,1,1,0.5107901081939937
5,2013-2014,118,1,1,0.6234200617151471
5,2013-2014,119,0,1,0.5044237910979646
5,2013-2014,120,0,0,0.46130781981363406
5,2013-2014,121,1,1,0.6106650254760134
5,2013-2014,122,1,1,0.6502656753595228
5,2013-2014,123,0,1,0.6098902066347501
5,2013-2014,124,1,1,0.6404795529737414
5,2013-2014,125,1,1,0.6309807299218502
5,2013-2014,126,0,1,0.6570097029112789
5,2013-2014,127,1,1,0.5533709760752148
5,2013-2014,128,1,1,0.5792697583886656
5,2013-2014,129,0,1,0.6365970812134318
5,2013-2014,130,0,1,0.5343089329418782
5,2013-2014,131,1,1,0.5946464442746838
5,2013-2014,132,0,0,0.4575031806185935
5,2013-2014,133,0,1,0.5274614977351286
5,2013-2014,134,1,1,0.6069449630740567
5,2013-2014,135,0,0,0.4067419858470137
5,2013-2014,136,0,1,0.630089809770334
5,2013-2014,137,0,0,0.4351728859360059
5,2013-2014,138,1,1,0.5276252636028915
5,2013-2014,139,1,1,0.5496467264835341
5,2013-2014,140,1,0,0.47385213741933063
5,2013-2014,141,1,1,0.6057713787027333
5,2013-2014,142,1,1,0.5910225744447528
5,2013-2014,143,1,1,0.6116827328763036
5,2013-2014,144,1,1,0.5941827165676664
5,2013-2014,145,1,1,0.6443547426918583
5,2013-2014,146,1,0,0.41506280435398507
5,2013-2014,147,1,1,0.6547572367161721
5,2013-2014,148,1,1,0.6772731166839686
5,2013-2014,149,1,1,0.7025525029408927
5,2013-2014,150,1,1,0.5087316359452192
5,2013-2014,151,1,1,0.6504741914057709
5,2013-2014,152,0,0,0.45863777893773355
5,2013-2014,153,0,1,0.687096128200133
5,2013-2014,154,1,1,0.564660727583882
5,2013-2014,155,1,1,0.6416128917406665
5,2013-2014,156,0,0,0.44991360887576815
5,2013-2014,157,0,0,0.4181438070607955
5,2013-2014,158,0,0,0.460819503512863
5,2013-2014,159,1,1,0.6402775810037734
5,2013-2014,160,1,1,0.7025041526929544
5,2013-2014,161,0,0,0.41044612525526725
5,2013-2014,162,0,1,0.6014001857053273
5,2013-2014,163,0,0,0.39090644312684214
5,2013-2014,164,1,1,0.6640793794437804
5,2013-2014,165,0,0,0.43467935402108193
5,2013-2014,166,0,1,0.5840875563375213
5,2013-2014,167,1,1,0.6731969640367547
5,2013-2014,168,1,1,0.6360581321049538
5,2013-2014,169,1,1,0.5678284591344177
5,2013-2014,170,0,0,0.4000021595432345
5,2013-2014,171,1,1,0.7198598627902796
5,2013-2014,172,0,0,0.3159645491289572
5,2013-2014,173,1,0,0.3842931793728832
5,2013-2014,174,1,1,0.5208720408044705
5,2013-2014,175,0,0,0.4979680885642888
5,2013-2014,176,1,0,0.43404800604375304
5,2013-2014,177,1,0,0.3533776382489931
5,2013-2014,178,0,1,0.6748271737818384
5,2013-2014,179,0,0,0.3645255230515199
5,2013-2014,180,1,1,0.707890787370649
5,2013-2014,181,1,1,0.6865679945665663
5,2013-2014,182,1,0,0.34459440625584886
5,2013-2014,183,1,1,0.7386776525418147
5,2013-2014,184,1,1,0.7354054778142394
5,2013-2014,185,0,1,0.6941577042701041
5,2013-2014,186,1,1,0.6947319305640796
5,2013-2014,187,1,0,0.470319602017171
5,2013-2014,188,1,1,0.6102190419805077
5,2013-2014,189,0,0,0.4044964668256523
5,2013-2014,190,1,0,0.34178098060991596
5,2013-2014,191,0,1,0.5304651701954923
5,2013-2014,192,0,1,0.5480066395708433
5,2013-2014,193,1,1,0.7006294782347423
5,2013-2014,194,0,1,0.5615555901397822
5,2013-2014,195,1,1,0.6193707626354397
5,2013-2014,196,0,1,0.5145314503091224
5,2013-2014,197,0,1,0.5742454877536495
5,2013-2014,198,1,1,0.5180645538971891
5,2013-2014,199,1,1,0.505318823848442
5,2013-2014,200,1,1,0.6552421244855737
5,2013-2014,201,0,0,0.4498556141681342
5,2013-2014,202,1,1,0.6984079229221553
5,2013-2014,203,1,1,0.6980804506373115
5,2013-2014,204,0,1,0.5236537430078138
5,2013-2014,205,1,0,0.3657675809067646
5,2013-2014,206,1,1,0.6834471765066602
5,2013-2014,207,1,1,0.726031047013566
5,2013-2014,208,1,1,0.5611613862879102
5,2013-2014,209,1,1,0.630329828590431
5,2013-2014,210,0,1,0.6120752481584454
5,2013-2014,211,1,1,0.6159774979928729
5,2013-2014,212,1,1,0.6853296675080575
5,2013-2014,213,1,1,0.7558998159709018
5,2013-2014,214,1,1,0.7509294872695568
5,2013-2014,215,0,1,0.5813220983934435
5,2013-2014,216,1,1,0.7608920621738101
5,2013-2014,217,1,1,0.760598019928238
5,2013-2014,218,1,1,0.7513313240232354
5,2013-2014,219,1,0,0.41958164848035323
5,2013-2014,220,1,1,0.7763248268546442
5,2013-2014,221,1,1,0.7201917316549947
5,2013-2014,222,0,0,0.3132738936198151
5,2013-2014,223,0,1,0.5013257594461726
5,2013-2014,224,1,1,0.699664183949134
5,2013-2014,225,0,0,0.4752541476298627
5,2013-2014,226,0,1,0.7914103308043396
5,2013-2014,227,1,1,0.6957437923424592
5,2013-2014,228,0,0,0.26459950360213197
5,2013-2014,229,1,1,0.5883395093330063
5,2013-2014,230,1,1,0.5753155861808427
5,2013-2014,231,1,0,0.4000536456300202
5,2013-2014,232,1,0,0.27917506671325193
5,2013-2014,233,0,1,0.7567551227823179
5,2013-2014,234,0,1,0.687229364082236
5,2013-2014,235,1,1,0.5124741826773298
5,2013-2014,236,0,1,0.690969324617377
5,2013-2014,237,0,1,0.7760476008552954
5,2013-2014,238,0,1,0.581826661640911
5,2013-2014,239,1,0,0.41115772972783704
5,2013-2014,240,0,0,0.3979245616136652
5,2013-2014,241,1,1,0.6520811905280742
5,2013-2014,242,1,1,0.5707941510718458
5,2013-2014,243,1,1,0.5060183027385625
5,2013-2014,244,0,1,0.5882872563797187
5,2013-2014,245,1,1,0.7447578100510054
5,2013-2014,246,1,1,0.6684188518915918
5,2013-2014,247,1,1,0.7093224848199673
5,2013-2014,248,1,0,0.4393293779724612
5,2013-2014,249,0,1,0.6929181950287048
5,2013-2014,250,1,1,0.5994406204490313
5,2013-2014,251,1,0,0.4734107592328029
5,2013-2014,252,1,1,0.6342509209302586
5,2013-2014,253,1,0,0.43227363385900347
5,2013-2014,254,1,1,0.5942254488506287
5,2013-2014,255,1,1,0.7099518123274158
5,2013-2014,256,0,1,0.6685678496448384
5,2013-2014,257,1,1,0.7353484397711576
5,2013-2014,258,1,1,0.6604342182371714
5,2013-2014,259,0,1,0.6554303294784473
5,2013-2014,260,1,1,0.7482528627087532
5,2013-2014,261,0,1,0.6654528393821336
5,2013-2014,262,1,1,0.7070748837551113
5,2013-2014,263,1,1,0.5254451841361547
5,2013-2014,264,1,1,0.7417437368855747
5,2013-2014,265,1,1,0.7076096292358405
5,2013-2014,266,0,1,0.6203690479629913
5,2013-2014,267,1,1,0.7192682478484156
5,2013-2014,268,0,1,0.6506369495549498
5,2013-2014,269,1,1,0.6519095012287888
5,2013-2014,270,1,0,0.49696260395176667
5,2013-2014,271,1,1,0.6804735722438366
5,2013-2014,272,1,1,0.6686119340102548
5,2013-2014,273,1,1,0.7232122635181528
5,2013-2014,274,0,1,0.714407804931244
5,2013-2014,275,1,1,0.7668222139992754
5,2013-2014,276,0,1,0.7685174754621089
5,2013-2014,277,1,1,0.5623749896127268
5,2013-2014,278,0,1,0.6743514087730365
5,2013-2014,279,1,1,0.6336947326551473
5,2013-2014,280,1,0,0.46774933512504896
5,2013-2014,281,1,1,0.7037287744187664
5,2013-2014,282,1,1,0.5446525820860055
5,2013-2014,283,0,1,0.7429867013712748
5,2013-2014,284,1,1,0.7078347694222934
5,2013-2014,285,1,1,0.5275244369582196
5,2013-2014,286,0,1,0.7077411043412898
5,2013-2014,287,0,1,0.6088071681807015
5,2013-2014,288,1,1,0.6831086483561049
5,2013-2014,289,1,1,0.6735663552784574
5,2013-2014,290,0,1,0.6409280644069036
5,2013-2014,291,1,1,0.5684092303145097
5,2013-2014,292,0,1,0.7488550516594646
5,2013-2014,293,1,1,0.6421655230827334
5,2013-2014,294,1,1,0.6948348247843841
5,2013-2014,295,0,1,0.618879579142414
5,2013-2014,296,0,1,0.7356861551378618
5,2013-2014,297,0,1,0.5127043184114688
5,2013-2014,298,1,1,0.6527896282683912
5,2013-2014,299,1,1,0.6365778780328422
5,2013-2014,300,1,1,0.5930029114552821
5,2013-2014,301,0,1,0.6766648281790909
5,2013-2014,302,1,1,0.7393630784408628
5,2013-2014,303,1,1,0.5516150689286932
5,2013-2014,304,0,1,0.7236346614228536
5,2013-2014,305,0,1,0.6265410032854192
5,2013-2014,306,0,1,0.5146351449012195
5,2013-2014,307,0,1,0.6552697926763315
5,2013-2014,308,0,1,0.529521557433101
5,2013-2014,309,1,1,0.5527455137937938
5,2013-2014,310,1,1,0.5625017328003394
5,2014-2015,6,1,1,0.602822049246609
5,2014-2015,7,1,1,0.6825015015300462
5,2014-2015,8,0,1,0.7188878480752595
5,2014-2015,9,0,1,0.6125237922780766
5,2014-2015,10,1,1,0.559380402268782
5,2014-2015,11,1,1,0.5904080857151563
5,2014-2015,12,1,1,0.6437674416983546
5,2014-2015,13,0,1,0.7213174923746446
5,2014-2015,14,1,1,0.5844153688838802
5,2014-2015,15,1,1,0.6297433999190346
5,2014-2015,16,0,1,0.65409279363175
5,2014-2015,17,0,1,0.6272717460704097
5,2014-2015,18,1,1,0.5711706294051797
5,2014-2015,19,1,1,0.6118687012400718
5,2014-2015,20,1,1,0.6073329282027489
5,2014-2015,21,1,1,0.6375990248593385
5,2014-2015,22,1,1,0.671491975420108
5,2014-2015,23,1,1,0.6706741775252899
5,2014-2015,24,1,1,0.6860814700216269
5,2014-2015,25,1,1,0.7139659869180658
5,2014-2015,26,1,1,0.7137795650043344
5,2014-2015,27,1,1,0.730635976951001
5,2014-2015,28,1,1,0.7444992469504165
5,2014-2015,29,1,1,0.7429637248363089
5,2014-2015,30,1,1,0.7688900347348234
5,2014-2015,31,0,1,0.7730212134935845
5,2014-2015,32,1,1,0.74192465847828
5,2014-2015,33,1,1,0.7311201171027777
5,2014-2015,34,1,1,0.7461915159339545
5,2014-2015,35,0,1,0.7609321210609863
5,2014-2015,36,1,1,0.7271702454004645
5,2014-2015,37,0,1,0.7376414048332977
5,2014-2015,38,1,1,0.7195823636204515
5,2014-2015,39,1,1,0.7115445003700215
5,2014-2015,40,1,1,0.7523025781212155
5,2014-2015,41,1,1,0.7317854717411922
5,2014-2015,42,0,1,0.7668784310970629
5,2014-2015,43,0,1,0.7260755441407191
5,2014-2015,44,1,1,0.7226818595459032
5,2014-2015,45,1,1,0.7316195877310399
5,2014-2015,46,0,1,0.7385369693638763
5,2014-2015,47,0,1,0.7248468640198859
5,2014-2015,48,0,1,0.7324204984652103
5,2014-2015,49,0,1,0.7003294448815611
5,2014-2015,50,1,1,0.6815628978027589
5,2014-2015,51,0,1,0.6921425723272275
5,2014-2015,52,0,1,0.6927772796126865
5,2014-2015,53,1,1,0.6508733840078914
5,2014-2015,54,0,1,0.644026487296687
5,2014-2015,55,0,1,0.6491479434127904
5,2014-2015,56,1,1,0.6057649546981502
5,2014-2015,57,0,1,0.650201425873263
5,2014-2015,58,1,1,0.6429951659670115
5,2014-2015,59,1,1,0.6718935187116454
5,2014-2015,60,0,1,0.6671778145996976
5,2014-2015,61,0,1,0.6261465160130543
5,2014-2015,62,1,1,0.6049799485057933
5,2014-2015,63,0,1,0.6349068015356739
5,2014-2015,64,0,1,0.5798982828325836
5,2014-2015,65,1,1,0.5949303936770712
5,2014-2015,66,0,1,0.6294227545127213
5,2014-2015,67,0,1,0.6062723812368669
5,2014-2015,68,0,1,0.557696558060016
5,2014-2015,69,1,1,0.5214574141772279
5,2014-2015,70,1,1,0.5762024570172125
5,2014-2015,71,0,1,0.5466410852891398
5,2014-2015,72,1,1,0.5540579948207811
5,2014-2015,73,1,1,0.5579070104917462
5,2014-2015,74,0,1,0.584036440429406
5,2014-2015,75,1,1,0.5361283416174116
5,2014-2015,76,0,1,0.5943338128133376
5,2014-2015,77,1,1,0.5746281127223508
5,2014-2015,78,1,1,0.5960732818594353
5,2014-2015,79,0,1,0.6051115667645754
5,2014-2015,80,0,1,0.5724397165672506
5,2014-2015,81,0,1,0.5643322203558979
5,2014-2015,82,1,1,0.5943171925102926
5,2014-2015,83,1,1,0.5189795233992162
5,2014-2015,84,1,1,0.5977368753576133
5,2014-2015,85,0,1,0.5934039161886797
5,2014-2015,86,0,1,0.6003464869184788
5,2014-2015,87,1,1,0.5097494408334312
5,2014-2015,88,1,1,0.5824855969116055
5,2014-2015,89,1,1,0.5741217330879039
5,2014-2015,90,1,1,0.5256075814418298
5,2014-2015,91,0,1,0.5858992093389701
5,2014-2015,92,0,1,0.5908907554234383
5,2014-2015,93,0,1,0.5771327185109014
5,2014-2015,94,0,1,0.5383145817830427
5,2014-2015,95,0,1,0.6003830245119787
5,2014-2015,96,1,1,0.5419648461215074
5,2014-2015,97,1,1,0.5851771179972697
5,2014-2015,98,0,1,0.5313630584590893
5,2014-2015,99,1,1,0.5646213593241969
5,2014-2015,100,1,1,0.5898918068554697
5,2014-2015,101,0,1,0.6052074470100443
5,2014-2015,102,0,1,0.5564885034242226
5,2014-2015,103,0,0,0.49217319659240677
5,2014-2015,104,1,1,0.5623408199713831
5,2014-2015,105,1,1,0.5286577799241104
5,2014-2015,106,1,1,0.5594148532621106
5,2014-2015,107,0,1,0.5836243892848257
5,2014-2015,108,0,1,0.5922263059718191
5,2014-2015,109,1,1,0.5714540986241888
5,2014-2015,110,1,1,0.6004056734076579
5,2014-2015,111,1,1,0.56224630533581
5,2014-2015,112,0,1,0.5010491058918028
5,2014-2015,113,0,1,0.6108069663637886
5,2014-2015,114,1,1,0.5969230559680404
5,2014-2015,115,0,1,0.5887201624100405
5,2014-2015,116,0,0,0.49384269157612753
5,2014-2015,117,1,1,0.623850458589415
5,2014-2015,118,1,1,0.641822350141417
5,2014-2015,119,0,0,0.47336590231384823
5,2014-2015,120,0,1,0.5613855595515438
5,2014-2015,121,0,1,0.5406761008083527
5,2014-2015,122,1,1,0.5650730475954268
5,2014-2015,123,0,1,0.5473928941789243
5,2014-2015,124,1,1,0.6375925209031635
5,2014-2015,125,1,0,0.452569731734624
5,2014-2015,126,1,0,0.4206947923303209
5,2014-2015,127,0,0,0.40957818884808994
5,2014-2015,128,0,0,0.4971078615664819
5,2014-2015,129,1,1,0.5550700217083132
5,2014-2015,130,1,1,0.6071603277909284
5,2014-2015,131,0,1,0.6455974903761664
5,2014-2015,132,0,0,0.3516291677616122
5,2014-2015,133,1,1,0.5724156126191242
5,2014-2015,134,0,1,0.5279875262557632
5,2014-2015,135,1,0,0.47633903860965215
5,2014-2015,136,1,1,0.5403307842824995
5,2014-2015,137,1,1,0.6377069319508188
5,2014-2015,138,1,1,0.5818661242412404
5,2014-2015,139,0,0,0.457719180500487
5,2014-2015,140,0,1,0.5896652589083777
5,2014-2015,141,1,1,0.6260727409596943
5,2014-2015,142,1,1,0.6529728442332599
5,2014-2015,143,1,1,0.6203884333579885
5,2014-2015,144,1,1,0.6444568319982109
5,2014-2015,145,1,0,0.49600099025334626
5,2014-2015,146,1,1,0.5336395639931152
5,2014-2015,147,1,1,0.5440597408866097
5,2014-2015,148,1,1,0.5393019909708952
5,2014-2015,149,1,0,0.44587946190138483
5,2014-2015,150,1,1,0.6322978691011493
5,2014-2015,151,0,1,0.6336534071418471
5,2014-2015,152,1,1,0.5307616168739617
5,2014-2015,153,0,1,0.608549318906212
5,2014-2015,154,1,1,0.560190291191751
5,2014-2015,155,1,1,0.6385190893732551
5,2014-2015,156,0,1,0.6419505964482026
5,2014-2015,157,1,1,0.6728476691459888
5,2014-2015,158,1,1,0.6170216691212792
5,2014-2015,159,1,1,0.5726459947197639
5,2014-2015,160,0,1,0.5461741855125808
5,2014-2015,161,0,1,0.5237522916560835
5,2014-2015,162,1,1,0.5550039440710471
5,2014-2015,163,0,0,0.44522256801377846
5,2014-2015,164,0,1,0.6788941313568894
5,2014-2015,165,0,1,0.5712386623575673
5,2014-2015,166,0,1,0.6436873780577217
5,2014-2015,167,1,1,0.6120407811034616
5,2014-2015,168,1,1,0.6195627383630097
5,2014-2015,169,0,0,0.4778225596656108
5,2014-2015,170,1,0,0.4705120796172581
5,2014-2015,171,0,1,0.5230468629902353
5,2014-2015,172,1,1,0.6463408380859358
5,2014-2015,173,1,1,0.6031043171143633
5,2014-2015,174,1,1,0.6103804232713635
5,2014-2015,175,0,1,0.601681669031194
5,2014-2015,176,1,1,0.6836879249933505
5,2014-2015,177,0,1,0.5552386118188762
5,2014-2015,178,1,1,0.6688032034700726
5,2014-2015,179,1,1,0.6411077628599685
5,2014-2015,180,1,1,0.5760451240331094
5,2014-2015,181,1,1,0.601892968604669
5,2014-2015,182,1,1,0.5112240568502018
5,2014-2015,183,1,1,0.6768761922521731
5,2014-2015,184,1,1,0.5226429404380015
5,2014-2015,185,1,1,0.6174098512206445
5,2014-2015,186,0,1,0.6308605433722545
5,2014-2015,187,1,1,0.7298754949315674
5,2014-2015,188,0,1,0.5857015746259854
5,2014-2015,189,1,1,0.6936857639264584
5,2014-2015,190,1,1,0.7034601793032579
5,2014-2015,191,0,0,0.384167095020101
5,2014-2015,192,0,1,0.6067372114266992
5,2014-2015,193,1,1,0.7266392033337001
5,2014-2015,194,0,0,0.47861616155907666
5,2014-2015,195,1,0,0.34634556330571387
5,2014-2015,196,1,1,0.521369510614478
5,2014-2015,197,0,0,0.35259222243758703
5,2014-2015,198,0,0,0.40745174667463185
5,2014-2015,199,1,1,0.7085916889242213
5,2014-2015,200,0,1,0.7286687889530927
5,2014-2015,201,0,1,0.713086733800743
5,2014-2015,202,1,1,0.7175756500904376
5,2014-2015,203,1,1,0.6020520018906493
5,2014-2015,204,0,0,0.42201109343267246
5,2014-2015,205,1,1,0.7114261669058685
5,2014-2015,206,1,0,0.41959257549348833
5,2014-2015,207,1,1,0.7194468126062894
5,2014-2015,208,1,1,0.6077334449825713
5,2014-2015,209,1,1,0.6790484879447997
5,2014-2015,210,1,1,0.737545046081131
5,2014-2015,211,0,0,0.30082906270329696
5,2014-2015,212,0,1,0.6630305496994915
5,2014-2015,213,1,1,0.7635204306560095
5,2014-2015,214,0,1,0.5259324781393659
5,2014-2015,215,1,1,0.6029386712333158
5,2014-2015,216,0,0,0.4309888388460392
5,2014-2015,217,0,0,0.3120442007927268
5,2014-2015,218,1,1,0.7183765230906871
5,2014-2015,219,1,1,0.708596331134321
5,2014-2015,220,1,1,0.7294327558893612
5,2014-2015,221,0,0,0.474260180915039
5,2014-2015,222,1,0,0.43777362811093706
5,2014-2015,223,1,1,0.6241110589575756
5,2014-2015,224,1,1,0.5723073958490135
5,2014-2015,225,0,0,0.4952112951352209
5,2014-2015,226,0,1,0.6425225941810728
5,2014-2015,227,0,1,0.637889156653356
5,2014-2015,228,1,1,0.7124955843981855
5,2014-2015,229,1,1,0.5565315014430765
5,2014-2015,230,1,1,0.5890858501864128
5,2014-2015,231,0,1,0.6349480010498983
5,2014-2015,232,1,1,0.7816396290034981
5,2014-2015,233,0,0,0.48286338788820515
5,2014-2015,234,1,0,0.3553514721084424
5,2014-2015,235,0,1,0.6639274999774961
5,2014-2015,236,1,1,0.5603419606533945
5,2014-2015,237,0,1,0.6392692294722386
5,2014-2015,238,1,0,0.4580691401251133
5,2014-2015,239,1,0,0.45234483121734015
5,2014-2015,240,1,1,0.6381204231414592
5,2014-2015,241,1,1,0.6268519744211482
5,2014-2015,242,0,1,0.6031035745647719
5,2014-2015,243,1,1,0.5483307178158363
5,2014-2015,244,1,1,0.5899107652384873
5,2014-2015,245,1,0,0.47086782179585185
5,2014-2015,246,1,1,0.6198241800483971
5,2014-2015,247,1,1,0.6788224582221987
5,2014-2015,248,1,1,0.519587508537316
5,2014-2015,249,1,1,0.6886081052621401
5,2014-2015,250,1,1,0.7277219155460111
5,2014-2015,251,1,1,0.6992499744231526
5,2014-2015,252,1,1,0.66808969875855
5,2014-2015,253,1,1,0.7588076855712699
5,2014-2015,254,1,1,0.5967308096344146
5,2014-2015,255,1,1,0.7877081878787441
5,2014-2015,256,0,1,0.7384533262069959
5,2014-2015,257,0,1,0.7729860622103042
5,2014-2015,258,0,1,0.7013697140227646
5,2014-2015,259,0,1,0.7379733860481434
5,2014-2015,260,0,1,0.670966831117204
5,2014-2015,261,0,0,0.45918858226205966
5,2014-2015,262,1,1,0.6700538301776918
5,2014-2015,263,0,1,0.5805588261689731
5,2014-2015,264,0,0,0.35800972137386944
5,2014-2015,265,1,0,0.3261893940887153
5,2014-2015,266,0,1,0.7088228601243469
5,2014-2015,267,1,0,0.33068030193502346
5,2014-2015,268,1,1,0.588577615731205
5,2014-2015,269,1,1,0.6449868065487756
5,2014-2015,270,1,1,0.6416763400034144
5,2014-2015,271,0,0,0.47982633973974326
5,2014-2015,272,0,1,0.6373339804639457
5,2014-2015,273,0,0,0.46170909552863043
5,2014-2015,274,1,1,0.516739051148736
5,2014-2015,275,1,1,0.6520852635808163
5,2014-2015,276,1,1,0.6062824796521498
5,2014-2015,277,0,1,0.6501370384051101
5,2014-2015,278,1,1,0.6216339964570679
5,2014-2015,279,1,1,0.6071894204054846
5,2015-2016,6,0,0,0.39315414701794676
5,2015-2016,7,0,0,0.2968752342014771
5,2015-2016,8,0,0,0.22904511196770397
5,2015-2016,9,0,0,0.1895854636145268
5,2015-2016,10,0,0,0.13564493365518573
5,2015-2016,11,1,0,0.1273145452735703
5,2015-2016,12,0,0,0.24193722008889557
5,2015-2016,13,1,0,0.21723211836225373
5,2015-2016,14,1,0,0.32598155321094113
5,2015-2016,15,1,0,0.3627162491038161
5,2015-2016,16,0,0,0.41559382825543106
5,2015-2016,17,1,0,0.3875752709396071
5,2015-2016,18,0,0,0.408687571343713
5,2015-2016,19,1,0,0.40445520310113126
5,2015-2016,20,0,0,0.4573805560624834
5,2015-2016,21,1,0,0.4159944565206928
5,2015-2016,22,1,0,0.42781893322727366
5,2015-2016,23,0,0,0.42761745840241244
5,2015-2016,24,1,0,0.4178192671184604
5,2015-2016,25,1,0,0.46272233413641733
5,2015-2016,26,0,0,0.48996303506765276
5,2015-2016,27,0,0,0.437529886456594
5,2015-2016,28,0,0,0.45099702902555194
5,2015-2016,29,1,0,0.42741079007785676
5,2015-2016,30,1,0,0.4597460262086297
5,2015-2016,31,1,0,0.4435009910008696
5,2015-2016,32,1,0,0.47466156087577593
5,2015-2016,33,0,0,0.48639828432442583
5,2015-2016,34,0,0,0.48796688285477025
5,2015-2016,35,1,0,0.47371186761329837
5,2015-2016,36,1,0,0.4820969129939032
5,2015-2016,37,0,0,0.4869070646240246
5,2015-2016,38,0,0,0.47962013053682717
5,2015-2016,39,0,0,0.47779908698975254
5,2015-2016,40,1,0,0.4762683324470935
5,2015-2016,41,1,0,0.47193998079031635
5,2015-2016,42,1,0,0.4836319840700238
5,2015-2016,43,0,1,0.5177064181595008
5,2015-2016,44,1,0,0.48131047677558847
5,2015-2016,45,1,1,0.5103301000090688
5,2015-2016,46,0,1,0.5126699020051504
5,2015-2016,47,1,0,0.49753875930344893
5,2015-2016,48,1,1,0.5168585728824562
5,2015-2016,49,1,0,0.4790842329785734
5,2015-2016,50,1,1,0.5362004475960713
5,2015-2016,51,1,1,0.5401458381844896
5,2015-2016,52,1,1,0.5304287803420343
5,2015-2016,53,1,1,0.5528723610343398
5,2015-2016,54,1,1,0.5659351135395734
5,2015-2016,55,0,1,0.6084965035362085
5,2015-2016,56,0,1,0.5707544095486556
5,2015-2016,57,0,1,0.5491971009297603
5,2015-2016,58,1,1,0.57380734535316
5,2015-2016,59,1,1,0.5500816424059404
5,2015-2016,60,1,1,0.563385279733581
5,2015-2016,61,0,1,0.5759291471600185
5,2015-2016,62,0,1,0.5130715781914135
5,2015-2016,63,0,1,0.5219657068855187
5,2015-2016,64,1,1,0.5959727406407095
5,2015-2016,65,1,1,0.5839050722591025
5,2015-2016,66,1,0,0.4706095369100326
5,2015-2016,67,1,1,0.6318375164220391
5,2015-2016,68,1,1,0.5821660473452461
5,2015-2016,69,1,1,0.6169885653170921
5,2015-2016,70,0,1,0.5261083146295955
5,2015-2016,71,1,1,0.5124138105793113
5,2015-2016,72,1,1,0.6357871022341461
5,2015-2016,73,1,1,0.6067319785005252
5,2015-2016,74,0,1,0.6219536562794961
5,2015-2016,75,0,1,0.5226835116449916
5,2015-2016,76,1,1,0.5252011966943493
5,2015-2016,77,0,0,0.4852977140757692
5,2015-2016,78,1,1,0.6724971618944711
5,2015-2016,79,1,1,0.6820840586043477
5,2015-2016,80,0,1,0.6644588137997005
5,2015-2016,81,0,1,0.6566528991237984
5,2015-2016,82,1,1,0.5817134649059936
5,2015-2016,83,0,1,0.6760541660386704
5,2015-2016,84,1,1,0.6351297753618286
5,2015-2016,85,1,1,0.5123824774412794
5,2015-2016,86,1,1,0.6817895158273609
5,2015-2016,87,1,1,0.5891878048062561
5,2015-2016,88,1,1,0.6652765887651021
5,2015-2016,89,0,1,0.548412070815793
5,2015-2016,90,0,1,0.5184951567339525
5,2015-2016,91,1,1,0.6672304350160114
5,2015-2016,92,0,1,0.6053340020939266
5,2015-2016,93,1,1,0.6798767809274654
5,2015-2016,94,1,1,0.6793814866664734
5,2015-2016,95,0,0,0.42507923480962073
5,2015-2016,96,1,0,0.4139175513967362
5,2015-2016,97,0,0,0.4147949590783609
5,2015-2016,98,1,1,0.5733277518832246
5,2015-2016,99,1,1,0.598070640275285
5,2015-2016,100,0,0,0.4995350694176126
5,2015-2016,101,1,1,0.6014009960339273
5,2015-2016,102,1,1,0.5248278879954625
5,2015-2016,103,1,1,0.6736824984774908
5,2015-2016,104,0,1,0.7321131386494698
5,2015-2016,105,1,1,0.6326527497047285
5,2015-2016,106,0,1,0.5672784001101788
5,2015-2016,107,0,1,0.6868838098151624
5,2015-2016,108,1,1,0.5773251631887752
5,2015-2016,109,0,1,0.60175634435949
5,2015-2016,110,0,1,0.5652061078195401
5,2015-2016,111,0,1,0.5209548997017348
5,2015-2016,112,1,1,0.5506804605067368
5,2015-2016,113,1,1,0.6041715244564543
5,2015-2016,114,1,1,0.632896055299763
5,2015-2016,115,1,1,0.6771813274371083
5,2015-2016,116,1,1,0.562280890553426
5,2015-2016,117,0,1,0.6725813864156275
5,2015-2016,118,1,1,0.6382037922358504
5,2015-2016,119,1,1,0.5774469835199119
5,2015-2016,120,0,1,0.6891127510724007
5,2015-2016,121,0,1,0.5166303899473467
5,2015-2016,122,0,1,0.564741351782572
5,2015-2016,123,0,0,0.4455308261591901
5,2015-2016,124,1,1,0.6998127378162795
5,2015-2016,125,0,1,0.7060926495299179
5,2015-2016,126,1,1,0.6655071701424154
5,2015-2016,127,1,1,0.6835143822591184
5,2015-2016,128,0,1,0.5665394755044914
5,2015-2016,129,1,1,0.5526319516462511
5,2015-2016,130,0,0,0.4316985012709041
5,2015-2016,131,1,1,0.619384586379429
5,2015-2016,132,0,0,0.3971599646972139
5,2015-2016,133,0,1,0.6627248215511055
5,2015-2016,134,1,0,0.3932420841325559
5,2015-2016,135,1,1,0.5560988597910337
5,2015-2016,136,0,1,0.6428110574417405
5,2015-2016,137,0,0,0.3972385859976258
5,2015-2016,138,0,1,0.5591360383017796
5,2015-2016,139,1,1,0.5947786619182992
5,2015-2016,140,0,1,0.6629933330776211
5,2015-2016,141,0,1,0.5841979267178302
5,2015-2016,142,1,0,0.47472812685078414
5,2015-2016,143,1,1,0.6441505883951169
5,2015-2016,144,1,1,0.6183884424880172
5,2015-2016,145,1,1,0.6784549826929575
5,2015-2016,146,0,1,0.6128253778232231
5,2015-2016,147,1,1,0.6438181702604433
5,2015-2016,148,0,1,0.637661693158846
5,2015-2016,149,0,1,0.5967419011495221
5,2015-2016,150,0,1,0.5411579812313666
5,2015-2016,151,0,1,0.6248553378391407
5,2015-2016,152,0,0,0.41168504415643853
5,2015-2016,153,0,0,0.49732615761134114
5,2015-2016,154,1,1,0.6661662329528113
5,2015-2016,155,1,1,0.5066201323428713
5,2015-2016,156,0,1,0.5122413089748893
5,2015-2016,157,1,1,0.522225362382749
5,2015-2016,158,0,0,0.43163535553631965
5,2015-2016,159,0,0,0.26909317632016616
5,2015-2016,160,0,0,0.45590903024486834
5,2015-2016,161,0,0,0.3132120888116152
5,2015-2016,162,1,1,0.5420036108893159
5,2015-2016,163,1,0,0.49199400313011094
5,2015-2016,164,0,0,0.4307215046191943
5,2015-2016,165,0,0,0.3596719014862541
5,2015-2016,166,1,1,0.6011234829791466
5,2015-2016,167,1,1,0.6297644626226083
5,2015-2016,168,1,0,0.4016773480373
5,2015-2016,169,0,0,0.3462112012931962
5,2015-2016,170,1,1,0.6290209614810439
5,2015-2016,171,0,0,0.43843598685005936
5,2015-2016,172,1,0,0.36546044676277445
5,2015-2016,173,0,0,0.3339267189052584
5,2015-2016,174,0,0,0.47096950979741403
5,2015-2016,175,1,1,0.7245681965457202
5,2015-2016,176,0,0,0.4409823324872292
5,2015-2016,177,0,0,0.27956319700143867
5,2015-2016,178,1,1,0.6623080892268672
5,2015-2016,179,0,1,0.5003893012638745
5,2015-2016,180,1,0,0.4249789336780653
5,2015-2016,181,0,1,0.6151549321283711
5,2015-2016,182,1,1,0.5878925373982927
5,2015-2016,183,0,1,0.6644656021279995
5,2015-2016,184,1,0,0.4528009300310019
5,2015-2016,185,1,1,0.5189532491417397
5,2015-2016,186,0,1,0.5087313638177683
5,2015-2016,187,1,1,0.5917759664101762
5,2015-2016,188,0,1,0.5902825102306105
5,2015-2016,189,0,0,0.2543644769162188
5,2015-2016,190,1,0,0.43194653923409954
5,2015-2016,191,1,0,0.3342290956130818
5,2015-2016,192,0,1,0.6415915629997275
5,2015-2016,193,0,0,0.32481001911712865
5,2015-2016,194,1,0,0.49410007121029165
5,2015-2016,195,0,0,0.4974822839207534
5,2015-2016,196,1,1,0.5479386910911687
5,2015-2016,197,1,1,0.5012362342384158
5,2015-2016,198,0,0,0.4558183808499615
5,2015-2016,199,1,1,0.6580425503890599
5,2015-2016,200,1,1,0.5650428608402805
5,2015-2016,201,1,0,0.34603253005730295
5,2015-2016,202,0,0,0.4633633256527348
5,2015-2016,203,0,1,0.5409770876693915
5,2015-2016,204,1,1,0.7083317821816687
5,2015-2016,205,0,0,0.3467954996496287
5,2015-2016,206,1,0,0.26534251170464745
5,2015-2016,207,1,1,0.537088413603524
5,2015-2016,208,1,0,0.4070813807680661
5,2015-2016,209,0,0,0.3691211464638781
5,2015-2016,210,1,0,0.40979252473046984
5,2015-2016,211,1,1,0.5240641796779297
5,2015-2016,212,1,1,0.6451854897132953
5,2015-2016,213,0,1,0.5129667715631192
5,2015-2016,214,1,1,0.5116168658458451
5,2015-2016,215,1,1,0.7100861130861265
5,2015-2016,216,1,1,0.6306805085981886
5,2015-2016,217,1,1,0.5159744548359992
5,2015-2016,218,1,0,0.3482716573049915
5,2015-2016,219,0,1,0.5058838603080201
5,2015-2016,220,0,0,0.39769780716678177
5,2015-2016,221,1,0,0.40705760125941737
5,2015-2016,222,1,1,0.5319778520430847
5,2015-2016,223,1,0,0.4916249119393513
5,2015-2016,224,1,1,0.6311104704639945
5,2015-2016,225,0,0,0.38216969968511294
5,2015-2016,226,0,0,0.4587148921819104
5,2015-2016,227,1,1,0.678147539403047
5,2015-2016,228,1,1,0.5843583630682179
5,2015-2016,229,1,1,0.7357482514014955
5,2015-2016,230,0,1,0.7311271118223934
5,2015-2016,231,1,1,0.6933375214162577
5,2015-2016,232,0,1,0.6823438821628888
5,2015-2016,233,1,1,0.71222449363762
5,2015-2016,234,0,1,0.6916257375259319
5,2015-2016,235,1,1,0.5589880196575855
5,2015-2016,236,1,1,0.5408295331005036
5,2015-2016,237,0,1,0.565292383519941
5,2015-2016,238,1,0,0.4096922052510044
5,2015-2016,239,0,1,0.5721873444535668
5,2015-2016,240,1,1,0.6906450921764984
5,2015-2016,241,1,1,0.6591437598175167
5,2015-2016,242,0,1,0.6880448713526189
5,2015-2016,243,1,1,0.6480614098835805
5,2015-2016,244,0,0,0.4904545453506106
5,2015-2016,245,1,0,0.43157240599094354
5,2015-2016,246,0,1,0.6504781664276229
5,2015-2016,247,0,1,0.5213466927519542
5,2015-2016,248,1,0,0.42981817394386695
5,2015-2016,249,1,0,0.46200492267493737
5,2016-2017,6,0,1,0.8111120055838235
5,2016-2017,7,1,1,0.6233383643744546
5,2016-2017,8,1,1,0.725669913672306
5,2016-2017,9,0,1,0.7654143275471541
5,2016-2017,10,1,1,0.667860297487997
5,2016-2017,11,1,1,0.6899154724216533
5,2016-2017,12,1,1,0.7249470568503592
5,2016-2017,13,0,1,0.7398315971360557
5,2016-2017,14,0,1,0.6958810050557723
5,2016-2017,15,0,1,0.6468249237026817
5,2016-2017,16,1,1,0.6274989667158912
5,2016-2017,17,1,1,0.6298344294438583
5,2016-2017,18,0,1,0.6462680809481277
5,2016-2017,19,0,1,0.6201443140294098
5,2016-2017,20,1,1,0.5887235231069252
5,2016-2017,21,0,1,0.6179287930172269
5,2016-2017,22,1,1,0.5839183625113663
5,2016-2017,23,0,1,0.5883790887027536
5,2016-2017,24,1,1,0.5763466997551483
5,2016-2017,25,0,1,0.5906184096704453
5,2016-2017,26,0,1,0.5756646977976229
5,2016-2017,27,0,1,0.5448073923189635
5,2016-2017,28,0,1,0.5140914378674765
5,2016-2017,29,0,0,0.4888280151261182
5,2016-2017,30,1,0,0.4557915584419625
5,2016-2017,31,0,0,0.4596737613034467
5,2016-2017,32,1,0,0.4682048553404966
5,2016-2017,33,1,0,0.4762769323951609
5,2016-2017,34,1,1,0.5171312796391474
5,2016-2017,35,1,1,0.5266136232814013
5,2016-2017,36,1,1,0.5540774821088346
5,2016-2017,37,1,1,0.5342908331346776
5,2016-2017,38,0,1,0.5754072582724542
5,2016-2017,39,1,1,0.567210564788328
5,2016-2017,40,1,1,0.5585970843416418
5,2016-2017,41,0,1,0.5784270891863091
5,2016-2017,42,0,1,0.5906113204640374
5,2016-2017,43,0,1,0.5418031948923471
5,2016-2017,44,1,1,0.5371995510634154
5,2016-2017,45,1,1,0.5598767318199661
5,2016-2017,46,1,1,0.5680324385695136
5,2016-2017,47,0,1,0.577605282404402
5,2016-2017,48,1,1,0.550438303525563
5,2016-2017,49,1,1,0.5826204827854558
5,2016-2017,50,1,1,0.5710319747253055
5,2016-2017,51,1,1,0.6270303342692711
5,2016-2017,52,1,1,0.5476025233671304
5,2016-2017,53,0,1,0.566670088714647
5,2016-2017,54,0,1,0.6178960257683445
5,2016-2017,55,1,1,0.5628468775000599
5,2016-2017,56,0,1,0.5500705603509118
5,2016-2017,57,0,1,0.5963745517698149
5,2016-2017,58,0,1,0.5767493168888326
5,2016-2017,59,1,1,0.5356097138897409
5,2016-2017,60,0,1,0.5447786767345446
5,2016-2017,61,0,1,0.516046538297163
5,2016-2017,62,0,0,0.4960274544294823
5,2016-2017,63,0,0,0.49399350463128994
5,2016-2017,64,0,1,0.5256161864601498
5,2016-2017,65,1,1,0.5463260573118236
5,2016-2017,66,0,0,0.46772015211400136
5,2016-2017,67,1,0,0.41268774284435095
5,2016-2017,68,1,1,0.5152367628834129
5,2016-2017,69,1,0,0.47796274888138623
5,2016-2017,70,1,1,0.5392131030831613
5,2016-2017,71,0,1,0.5030151738059686
5,2016-2017,72,1,1,0.5679824608319483
5,2016-2017,73,1,1,0.5347294625060903
5,2016-2017,74,1,1,0.5404737657023754
5,2016-2017,75,1,1,0.564110926291669
5,2016-2017,76,0,1,0.576089671891191
5,2016-2017,77,1,1,0.5657500896719675
5,2016-2017,78,1,1,0.5677633559819357
5,2016-2017,79,1,1,0.5572192583747495
5,2016-2017,80,0,1,0.6469461565503551
5,2016-2017,81,1,0,0.49736308354567066
5,2016-2017,82,0,1,0.5829383686603766
5,2016-2017,83,1,1,0.5374588700518794
5,2016-2017,84,1,1,0.5524445762307776
5,2016-2017,85,0,1,0.6408735479156835
5,2016-2017,86,0,1,0.5489868521208408
5,2016-2017,87,0,1,0.5453977327983245
5,2016-2017,88,1,1,0.5164897674839811
5,2016-2017,89,0,1,0.580685689026202
5,2016-2017,90,1,1,0.5571147970209872
5,2016-2017,91,1,1,0.5561502469823784
5,2016-2017,92,0,1,0.5334205448516361
5,2016-2017,93,1,1,0.5451077159535758
5,2016-2017,94,1,1,0.5471540790519118
5,2016-2017,95,1,1,0.5320940725725115
5,2016-2017,96,1,1,0.6294453709749552
5,2016-2017,97,0,1,0.6155556077105611
5,2016-2017,98,0,1,0.5554213615478096
5,2016-2017,99,0,1,0.5530659549419883
5,2016-2017,100,1,1,0.5548576202187274
5,2016-2017,101,0,1,0.6056113148727764
5,2016-2017,102,1,1,0.5335161775310658
5,2016-2017,103,0,1,0.5604962522934532
5,2016-2017,104,0,1,0.5229392898988706
5,2016-2017,105,0,1,0.5381992682139536
5,2016-2017,106,0,0,0.47368583820678684
5,2016-2017,107,0,1,0.5055019592891021
5,2016-2017,108,0,0,0.4519787235392746
5,2016-2017,109,0,1,0.5758008215132205
5,2016-2017,110,0,0,0.43875331260293005
5,2016-2017,111,0,0,0.42387932406243906
5,2016-2017,112,0,0,0.40639730961981707
5,2016-2017,113,0,0,0.4423118223107136
5,2016-2017,114,1,0,0.41873986610167224
5,2016-2017,115,1,0,0.40702428272496277
5,2016-2017,116,1,0,0.4630496522424188
5,2016-2017,117,1,0,0.44174917104239697
5,2016-2017,118,1,1,0.5798682189175307
5,2016-2017,119,0,0,0.44816805349765554
5,2016-2017,120,0,1,0.5507538128963294
5,2016-2017,121,1,0,0.4262751847792149
5,2016-2017,122,0,1,0.5691904619977095
5,2016-2017,123,1,1,0.5305064514205188
5,2016-2017,124,1,1,0.5280360011382359
5,2016-2017,125,0,0,0.45272302626545685
5,2016-2017,126,1,0,0.4550656958227161
5,2016-2017,127,1,1,0.5643390667863746
5,2016-2017,128,1,0,0.4694972710014173
5,2016-2017,129,1,1,0.5748926553052165
5,2016-2017,130,0,1,0.541319095085434
5,2016-2017,131,1,1,0.5813230499118524
5,2016-2017,132,0,1,0.5197680716084959
5,2016-2017,133,1,0,0.4645357334769668
5,2016-2017,134,1,1,0.5409956277087284
5,2016-2017,135,1,1,0.5865861395492863
5,2016-2017,136,1,1,0.5629022748355298
5,2016-2017,137,1,1,0.5367696271521135
5,2016-2017,138,0,1,0.5126624886249855
5,2016-2017,139,0,1,0.6146169191935725
5,2016-2017,140,1,1,0.5700916050233862
5,2016-2017,141,1,1,0.6090461944829827
5,2016-2017,142,1,1,0.620746846297483
5,2016-2017,143,1,1,0.5875406002663068
5,2016-2017,144,1,1,0.5710613012580261
5,2016-2017,145,0,1,0.6150926275130248
5,2016-2017,146,1,1,0.6486111079477653
5,2016-2017,147,0,0,0.48241689709229485
5,2016-2017,148,0,1,0.5045215832371137
5,2016-2017,149,1,1,0.6010885043028865
5,2016-2017,150,0,1,0.5870085846847287
5,2016-2017,151,1,1,0.6060767054948217
5,2016-2017,152,1,1,0.6240826867175198
5,2016-2017,153,0,1,0.6537041502105245
5,2016-2017,154,1,0,0.45779303610390465
5,2016-2017,155,1,1,0.5537233698110843
5,2016-2017,156,1,1,0.6393007189271465
5,2016-2017,157,0,1,0.5471291212314772
5,2016-2017,158,0,1,0.6363590565816791
5,2016-2017,159,1,1,0.6353180934651792
5,2016-2017,160,1,1,0.5656519413677272
5,2016-2017,161,1,1,0.6378236740974245
5,2016-2017,162,0,1,0.6254625799143644
5,2016-2017,163,1,1,0.6528631713811871
5,2016-2017,164,1,1,0.5192733899778241
5,2016-2017,165,1,1,0.6326481363307251
5,2016-2017,166,1,1,0.6688730471364258
5,2016-2017,167,1,1,0.597293856991761
5,2016-2017,168,0,1,0.6904862331064862
5,2016-2017,169,0,1,0.6298138771735853
5,2016-2017,170,1,0,0.49956359446802545
5,2016-2017,171,1,1,0.6192587182868872
5,2016-2017,172,0,1,0.608527880291991
5,2016-2017,173,1,1,0.6210140619005282
5,2016-2017,174,1,1,0.6469252649843715
5,2016-2017,175,0,1,0.5940136651605572
5,2016-2017,176,1,1,0.6033573633791919
5,2016-2017,177,0,1,0.640014656491791
5,2016-2017,178,1,1,0.6187908894316271
5,2016-2017,179,0,0,0.4709791121208889
5,2016-2017,180,0,1,0.621007108455464
5,2016-2017,181,0,1,0.5898443938490199
5,2016-2017,182,0,1,0.5510569526346332
5,2016-2017,183,0,1,0.524165960697326
5,2016-2017,184,0,1,0.5931780135099809
5,2016-2017,185,1,0,0.41790042584398424
5,2016-2017,186,0,0,0.4303315910658117
5,2016-2017,187,1,1,0.5248310133318744
5,2016-2017,188,0,1,0.6542998835557909
5,2016-2017,189,0,1,0.5910096962459161
5,2016-2017,190,1,1,0.517870194074906
5,2016-2017,191,0,1,0.5033243074625687
5,2016-2017,192,1,0,0.4979585221657844
5,2016-2017,193,1,1,0.6434987755087379
5,2016-2017,194,1,1,0.52268504674221
5,2016-2017,195,1,1,0.5341255102094175
5,2016-2017,196,0,1,0.5928986269092645
5,2016-2017,197,0,1,0.5557253529894894
5,2016-2017,198,1,1,0.5497428451413635
5,2016-2017,199,0,1,0.6235577722750822
5,2016-2017,200,1,1,0.5787089445008831
5,2016-2017,201,0,1,0.5927094242122641
5,2016-2017,202,0,1,0.5315217630045775
5,2016-2017,203,1,1,0.5367117503612179
5,2016-2017,204,1,1,0.5823493438915833
5,2016-2017,205,1,1,0.5675735536250205
5,2016-2017,206,0,1,0.5691059033677703
5,2016-2017,207,0,1,0.5552411752048291
5,2016-2017,208,1,0,0.44058304710110163
5,2016-2017,209,0,1,0.5179379250673525
5,2016-2017,210,0,0,0.4864112178370648
5,2016-2017,211,1,1,0.5111657355857934
5,2016-2017,212,1,1,0.5635845642077424
5,2016-2017,213,1,0,0.46988516703277977
5,2016-2017,214,1,1,0.6016281643846917
5,2016-2017,215,1,1,0.5409521367838918
5,2016-2017,216,0,1,0.6009779597371161
5,2016-2017,217,0,1,0.5696867349987467
5,2016-2017,218,0,1,0.5103596551591093
5,2016-2017,219,1,1,0.5206208533968036
5,2016-2017,220,1,1,0.5535416467965273
5,2016-2017,221,1,1,0.560741357714518
5,2016-2017,222,1,1,0.5739322216442546
5,2016-2017,223,1,1,0.5164190052906008
5,2016-2017,224,0,1,0.6098103569144565
5,2016-2017,225,0,1,0.5126118847420145
5,2016-2017,226,1,1,0.563900600498677
5,2016-2017,227,0,0,0.473280507651379
5,2016-2017,228,0,0,0.4986762710384874
5,2016-2017,229,1,1,0.6061417715599566
5,2016-2017,230,1,1,0.5626201763397589
5,2016-2017,231,0,0,0.46351369950184024
5,2016-2017,232,0,1,0.6386780344854529
5,2016-2017,233,0,1,0.595395224688767
5,2016-2017,234,0,1,0.5578761347747436
5,2016-2017,235,1,1,0.5393025979028134
5,2016-2017,236,1,1,0.5931024687705103
5,2016-2017,237,1,0,0.4733493365960505
5,2016-2017,238,0,1,0.6177494865291379
5,2016-2017,239,1,0,0.4724814466305931
5,2016-2017,240,0,1,0.5753218706035139
5,2016-2017,241,0,1,0.5711504453050403
5,2016-2017,242,0,1,0.5310366618507663
5,2016-2017,243,1,1,0.5255333643630503
5,2016-2017,244,0,1,0.5268774821721465
5,2016-2017,245,1,1,0.5472388182767758
5,2016-2017,246,0,0,0.47457803299830104
5,2016-2017,247,1,1,0.5632356428134554
5,2016-2017,248,1,0,0.4514865346968296
5,2016-2017,249,0,1,0.580256747552567
5,2016-2017,250,1,1,0.5316463266070944
5,2016-2017,251,1,1,0.5799663397880368
5,2016-2017,252,0,0,0.4982977097904336
5,2016-2017,253,1,0,0.4882234802435167
5,2016-2017,254,0,1,0.565019699207116
5,2018-2019,6,0,1,0.6615857700877436
5,2018-2019,7,0,0,0.49830531493419455
5,2018-2019,8,0,0,0.434070501606106
5,2018-2019,9,0,0,0.37791557951614135
5,2018-2019,10,1,0,0.3218766518237789
5,2018-2019,11,0,0,0.418690131050622
5,2018-2019,12,1,0,0.3666875041213265
5,2018-2019,13,0,0,0.43593918052551595
5,2018-2019,14,0,0,0.383736173099594
5,2018-2019,15,1,0,0.35724580551002416
5,2018-2019,16,1,0,0.40058507011770406
5,2018-2019,17,1,0,0.4458635142326169
5,2018-2019,18,1,0,0.46407507439595375
5,2018-2019,19,0,0,0.4522407569093929
5,2018-2019,20,1,0,0.40463200442437264
5,2018-2019,21,0,1,0.5110059324703777
5,2018-2019,22,1,0,0.4512990736994401
5,2018-2019,23,1,1,0.5120426849454203
5,2018-2019,24,1,1,0.5066506858214352
5,2018-2019,25,1,1,0.5286305640141232
5,2018-2019,26,0,1,0.5685742594415768
5,2018-2019,27,0,1,0.5497399011072588
5,2018-2019,28,0,1,0.5162217677607843
5,2018-2019,29,1,1,0.5315006965445356
5,2018-2019,30,0,0,0.4945288759639619
5,2018-2019,31,0,0,0.4388099704334836
5,2018-2019,32,1,0,0.455650077981705
5,2018-2019,33,0,1,0.5422785515229072
5,2018-2019,34,1,0,0.4554379786800906
5,2018-2019,35,1,0,0.48269696210124796
5,2018-2019,36,0,1,0.5116712133284803
5,2018-2019,37,0,0,0.4987136512217181
5,2018-2019,38,1,0,0.43978156757651693
5,2018-2019,39,1,0,0.49660322788150907
5,2018-2019,40,0,0,0.4906790572834004
5,2018-2019,41,1,1,0.5209993614582624
5,2018-2019,42,1,0,0.45386234169426876
5,2018-2019,43,1,1,0.5243560177195185
5,2018-2019,44,1,1,0.5172992277483108
5,2018-2019,45,0,1,0.531349095739967
5,2018-2019,46,1,1,0.5366478280206889
5,2018-2019,47,1,1,0.5516741929710924
5,2018-2019,48,1,1,0.5706314801170024
5,2018-2019,49,0,1,0.6152267487541643
5,2018-2019,50,0,1,0.540342773971819
5,2018-2019,51,1,1,0.5311082630591522
5,2018-2019,52,1,1,0.5748546241613134
5,2018-2019,53,1,1,0.5852342081489202
5,2018-2019,54,1,1,0.5416828433844375
5,2018-2019,55,1,1,0.5922921620436767
5,2018-2019,56,0,1,0.5912360629323339
5,2018-2019,57,1,1,0.6142251172498874
5,2018-2019,58,1,1,0.5838794909684843
5,2018-2019,59,1,1,0.6618501277721991
5,2018-2019,60,0,1,0.6488310678182961
5,2018-2019,61,1,1,0.6257613320869533
5,2018-2019,62,1,1,0.690010577704554
5,2018-2019,63,1,1,0.6724166492730985
5,2018-2019,64,1,1,0.6757059497503535
5,2018-2019,65,0,1,0.7084422672519852
5,2018-2019,66,1,1,0.6784539709762146
5,2018-2019,67,1,1,0.5333795917773178
5,2018-2019,68,0,1,0.6825723993853027
5,2018-2019,69,1,1,0.6177351134553881
5,2018-2019,70,1,1,0.591374286497829
5,2018-2019,71,1,1,0.656092800538819
5,2018-2019,72,1,1,0.6654436249516077
5,2018-2019,73,1,1,0.6818566950367788
5,2018-2019,74,1,1,0.7304281791885467
5,2018-2019,75,1,1,0.714212709116139
5,2018-2019,76,1,1,0.7155589941359839
5,2018-2019,77,1,1,0.7449140748697864
5,2018-2019,78,0,1,0.702036181156979
5,2018-2019,79,1,1,0.6811032611571266
5,2018-2019,80,1,1,0.6900611362642635
5,2018-2019,81,0,1,0.7014462057130801
5,2018-2019,82,0,1,0.6558064114501679
5,2018-2019,83,1,1,0.6972454334644153
5,2018-2019,84,0,1,0.5717628287067987
5,2018-2019,85,1,1,0.7465809973225755
5,2018-2019,86,0,1,0.634817946726559
5,2018-2019,87,1,1,0.7399529826307741
5,2018-2019,88,1,1,0.680144700637209
5,2018-2019,89,1,1,0.7054388863134399
5,2018-2019,90,0,1,0.6824144207192487
5,2018-2019,91,0,1,0.5945487816295311
5,2018-2019,92,0,0,0.47353820719943224
5,2018-2019,93,1,1,0.5951038794264604
5,2018-2019,94,0,1,0.5028222112976211
5,2018-2019,95,0,1,0.6579586311272643
5,2018-2019,96,0,1,0.5724172544688105
5,2018-2019,97,1,1,0.6944956572381304
5,2018-2019,98,0,1,0.6317088581436815
5,2018-2019,99,1,0,0.38805740180117815
5,2018-2019,100,1,1,0.6679649495244444
5,2018-2019,101,0,0,0.44340440776917306
5,2018-2019,102,0,0,0.4788587377224633
5,2018-2019,103,0,1,0.6926699716042868
5,2018-2019,104,0,0,0.4442686752879693
5,2018-2019,105,0,0,0.3760346515345372
5,2018-2019,106,1,1,0.5175595889011909
5,2018-2019,107,0,0,0.3535540467298676
5,2018-2019,108,0,1,0.5627981006083549
5,2018-2019,109,1,1,0.6942695299038225
5,2018-2019,110,0,1,0.653105226773748
5,2018-2019,111,1,1,0.5394204767824268
5,2018-2019,112,0,1,0.7735652385770518
5,2018-2019,113,0,1,0.6337320350380747
5,2018-2019,114,0,0,0.38449526702393044
5,2018-2019,115,0,1,0.5025044719712907
5,2018-2019,116,1,0,0.46289253453582546
5,2018-2019,117,1,1,0.6678596284794583
5,2018-2019,118,0,1,0.5097532290081276
5,2018-2019,119,1,0,0.35684633829905166
5,2018-2019,120,1,1,0.500538049027435
5,2018-2019,121,1,1,0.5786415029576142
5,2018-2019,122,1,1,0.6296232438458206
5,2018-2019,123,0,1,0.6351815121247774
5,2018-2019,124,0,1,0.6252734632908878
5,2018-2019,125,0,1,0.5880532507434535
5,2018-2019,126,1,1,0.5340331408928806
5,2018-2019,127,1,1,0.6386603043127971
5,2018-2019,128,1,1,0.6109812142342606
5,2018-2019,129,1,1,0.5157026809810434
5,2018-2019,130,0,1,0.5705713284832372
5,2018-2019,131,1,1,0.6216248160718638
5,2018-2019,132,1,1,0.6991209739620549
5,2018-2019,133,1,0,0.4740888873109433
5,2018-2019,134,0,1,0.6089331911426683
5,2018-2019,135,0,1,0.6265333463279126
5,2018-2019,136,0,1,0.6356292012268645
5,2018-2019,137,1,1,0.5881958144329835
5,2018-2019,138,1,1,0.6405277508576291
5,2018-2019,139,1,1,0.6533428634990991
5,2018-2019,140,1,1,0.7515171430002174
5,2018-2019,141,0,1,0.5045773615759621
5,2018-2019,142,1,1,0.6408248989971109
5,2018-2019,143,1,1,0.5463125037262943
5,2018-2019,144,0,1,0.511813926143488
5,2018-2019,145,1,1,0.5823945985088692
5,2018-2019,146,1,1,0.7096498363037714
5,2018-2019,147,1,1,0.6246136005650411
5,2018-2019,148,0,1,0.6779826210729111
5,2018-2019,149,1,1,0.66336533782385
5,2018-2019,150,1,1,0.6169175997589461
5,2018-2019,151,1,1,0.7205112686836878
5,2018-2019,152,1,1,0.7823036763149865
5,2018-2019,153,1,1,0.557641743811376
5,2018-2019,154,1,1,0.7746499940868904
5,2018-2019,155,0,1,0.6654395214489368
5,2018-2019,156,0,1,0.7523567855640564
5,2018-2019,157,0,0,0.4843727323532061
5,2018-2019,158,1,1,0.6913967923055966
5,2018-2019,159,0,0,0.4800821909359834
5,2018-2019,160,0,1,0.5352720266556109
5,2018-2019,161,1,1,0.5665418726422327
5,2018-2019,162,0,1,0.6391113516686814
5,2018-2019,163,0,1,0.6204915818438742
5,2018-2019,164,0,1,0.7025027200377099
5,2018-2019,165,1,1,0.5879631696908512
5,2018-2019,166,1,1,0.6762100402875361
5,2018-2019,167,1,1,0.7550094797348981
5,2018-2019,168,0,1,0.6926966502451782
5,2018-2019,169,1,1,0.6000884200850924
5,2018-2019,170,1,1,0.7264019721721472
5,2018-2019,171,0,1,0.5718750919925967
5,2018-2019,172,1,1,0.7170071730421113
5,2018-2019,173,1,1,0.6900047731418377
5,2018-2019,174,1,1,0.7371348484559695
5,2018-2019,175,1,1,0.7009576195313554
5,2018-2019,176,0,1,0.7461187181904236
5,2018-2019,177,0,0,0.42208270018654614
5,2018-2019,178,1,0,0.45600399097283467
5,2018-2019,179,0,0,0.47590223376178536
5,2018-2019,180,1,0,0.4959083792913414
5,2018-2019,181,1,1,0.6767717756903768
5,2018-2019,182,1,1,0.580642696693887
5,2018-2019,183,1,0,0.49173061481911634
5,2018-2019,184,1,1,0.631619356900902
5,2018-2019,185,1,1,0.7400266590612646
5,2018-2019,186,0,1,0.5962076693141428
5,2018-2019,187,1,1,0.593342886019723
5,2018-2019,188,1,1,0.6048343346612854
5,2018-2019,189,0,1,0.5377045713528983
5,2018-2019,190,0,1,0.6143067048111561
5,2018-2019,191,0,0,0.4376676837307048
5,2018-2019,192,1,1,0.6439066474804592
5,2018-2019,193,1,1,0.5413748899101957
5,2018-2019,194,1,1,0.6234738323280122
5,2018-2019,195,1,1,0.7608314667966019
5,2018-2019,196,1,1,0.6893146016240799
5,2018-2019,197,1,1,0.753503931119432
5,2018-2019,198,1,1,0.6573719299453067
5,2018-2019,199,1,1,0.7056271147835267
5,2018-2019,200,1,1,0.6630766788935724
5,2018-2019,201,0,1,0.7960363382691934
5,2018-2019,202,0,0,0.3270347035729025
5,2018-2019,203,0,1,0.5506855363600298
5,2018-2019,204,1,1,0.576649980553512
5,2018-2019,205,1,1,0.7500861066930178
5,2018-2019,206,1,1,0.6789321268792846
5,2018-2019,207,0,1,0.7864808745369879
5,2018-2019,208,0,1,0.5227504298620744
5,2018-2019,209,1,0,0.42122453884892314
5,2018-2019,210,1,1,0.6079013306448744
5,2018-2019,211,1,1,0.6673493407268497
5,2018-2019,212,1,1,0.525186585438
5,2019-2020,6,0,1,0.5842814789830846
5,2019-2020,7,1,0,0.4959844679481205
5,2019-2020,8,0,1,0.5681782721587332
5,2019-2020,9,0,1,0.5183904988576024
5,2019-2020,10,1,0,0.4835062462216201
5,2019-2020,11,1,0,0.4775492310980519
5,2019-2020,12,0,1,0.5141786845692894
5,2019-2020,13,0,0,0.43005106454455566
5,2019-2020,14,1,0,0.4093028363636948
5,2019-2020,15,0,0,0.47283502845775
5,2019-2020,16,1,0,0.4624211267713632
5,2019-2020,17,1,0,0.4526821774316204
5,2019-2020,18,0,0,0.4596386481900226
5,2019-2020,19,0,0,0.49183807114673506
5,2019-2020,20,0,0,0.45935060185148807
5,2019-2020,21,0,0,0.47613850603668445
5,2019-2020,22,0,0,0.47278564713667715
5,2019-2020,23,1,0,0.44832232120349347
5,2019-2020,24,0,0,0.4773557656940595
5,2019-2020,25,0,0,0.47321626781108217
5,2019-2020,26,0,0,0.43521319810396114
5,2019-2020,27,1,0,0.4113314498002804
5,2019-2020,28,1,0,0.37303907621953913
5,2019-2020,29,1,0,0.42709206661563437
5,2019-2020,30,0,0,0.4523178365334535
5,2019-2020,31,1,0,0.4624337885997666
5,2019-2020,32,1,0,0.4158011129846493
5,2019-2020,33,0,0,0.4934327752398343
5,2019-2020,34,0,0,0.4897737552734639
5,2019-2020,35,0,0,0.4718139924020288
5,2019-2020,36,0,0,0.4384571100110162
5,2019-2020,37,0,0,0.41421172246513355
5,2019-2020,38,1,0,0.4474965873993067
5,2019-2020,39,0,0,0.4507064714874799
5,2019-2020,40,0,0,0.4619209275259859
5,2019-2020,41,1,0,0.39379930240734234
5,2019-2020,42,1,0,0.38240489066201516
5,2019-2020,43,1,0,0.4235239233877019
5,2019-2020,44,1,0,0.4354937406157559
5,2019-2020,45,0,0,0.4031783416730764
5,2019-2020,46,1,1,0.5013435101981679
5,2019-2020,47,0,0,0.44117978215665493
5,2019-2020,48,0,0,0.37845529351040064
5,2019-2020,49,1,0,0.4343687803776778
5,2019-2020,50,0,1,0.5887115815701046
5,2019-2020,51,0,0,0.46309999261896123
5,2019-2020,52,1,0,0.3891429679441713
5,2019-2020,53,0,0,0.43472452759398716
5,2019-2020,54,1,0,0.46232829523955105
5,2019-2020,55,1,0,0.4491484719208702
5,2019-2020,56,1,0,0.4079350720621302
5,2019-2020,57,0,0,0.4399668306583299
5,2019-2020,58,1,1,0.542172342692031
5,2019-2020,59,0,0,0.4956262052064666
5,2019-2020,60,0,0,0.3762296569059129
5,2019-2020,61,0,1,0.5415795237672983
5,2019-2020,62,0,0,0.375223104821794
5,2019-2020,63,0,0,0.39378172418972723
5,2019-2020,64,0,0,0.38100956069052805
5,2019-2020,65,1,1,0.5069515468315143
5,2019-2020,66,0,0,0.3269043507731577
5,2019-2020,67,1,0,0.3642748123900764
5,2019-2020,68,1,0,0.4877942858428996
5,2019-2020,69,0,0,0.4111328156378929
5,2019-2020,70,1,0,0.40397265196744453
5,2019-2020,71,1,0,0.3985741897349949
5,2019-2020,72,0,0,0.3117001919768718
5,2019-2020,73,1,1,0.5413328060093477
5,2019-2020,74,0,1,0.5567847384096938
5,2019-2020,75,0,1,0.5282582014853862
5,2019-2020,76,1,0,0.3846473865869265
5,2019-2020,77,1,1,0.5064217124278424
5,2019-2020,78,1,1,0.5291864584946279
5,2019-2020,79,0,1,0.5052726577494473
5,2019-2020,80,0,1,0.5625258456758471
5,2019-2020,81,1,0,0.48976457132053336
5,2019-2020,82,0,0,0.4718139812544646
5,2019-2020,83,1,0,0.4838911082199505
5,2019-2020,84,0,0,0.4081661879716441
5,2019-2020,85,0,1,0.5440859310269301
5,2019-2020,86,1,0,0.43111366075291296
5,2019-2020,87,1,1,0.5486915256635098
5,2019-2020,88,0,0,0.34206499539647434
5,2019-2020,89,0,0,0.44634239849975693
5,2019-2020,90,0,1,0.500154860939566
5,2019-2020,91,0,0,0.34808833529590777
5,2019-2020,92,1,0,0.403844162297803
5,2019-2020,93,1,0,0.46968728683442945
5,2019-2020,94,0,0,0.42725888334894246
5,2019-2020,95,1,0,0.3714037865099174
5,2019-2020,96,0,0,0.3878923501936891
5,2019-2020,97,0,0,0.4529121318427
5,2019-2020,98,1,0,0.4474380223018583
5,2019-2020,99,0,0,0.4098019773233199
5,2019-2020,100,0,1,0.5486546808470262
5,2019-2020,101,1,1,0.5562388963919022
5,2019-2020,102,0,1,0.5825559999994786
5,2019-2020,103,1,0,0.4073890214927445
5,2019-2020,104,1,0,0.33195498012641006
5,2019-2020,105,0,0,0.48128339912927287
5,2019-2020,106,1,0,0.49347777167667023
5,2019-2020,107,0,0,0.4611444182917953
5,2019-2020,108,0,0,0.46440215402435014
5,2019-2020,109,0,0,0.401246419446509
5,2019-2020,110,0,0,0.42926151755741215
5,2019-2020,111,0,0,0.39832084989460287
5,2019-2020,112,1,0,0.4838750503982307
5,2019-2020,113,1,0,0.49425838607934347
5,2019-2020,114,1,0,0.42919725424614213
5,2019-2020,115,1,1,0.5301879284745092
5,2019-2020,116,1,0,0.4468141449229288
5,2019-2020,117,1,0,0.33861705751791865
5,2019-2020,118,1,0,0.4732667681489318
5,2019-2020,119,0,0,0.4681980749706197
5,2019-2020,120,1,1,0.5145474222563006
5,2019-2020,121,1,0,0.47953297237177345
5,2019-2020,122,0,1,0.5362623923726219
5,2019-2020,123,0,0,0.46026068009344046
5,2019-2020,124,1,1,0.5359433502389385
5,2019-2020,125,0,0,0.450781428048685
5,2019-2020,126,0,0,0.4185544948548707
5,2019-2020,127,1,1,0.53388775838767
5,2019-2020,128,1,0,0.3934808636713604
5,2019-2020,129,0,0,0.4517923194777046
5,2019-2020,130,1,1,0.5801949608474775
5,2019-2020,131,1,1,0.553372514705051
5,2019-2020,132,0,1,0.5290771772954108
5,2019-2020,133,1,1,0.5335394668435317
5,2019-2020,134,0,1,0.559568066607451
5,2019-2020,135,1,1,0.543346355866842
5,2019-2020,136,1,1,0.5445912092221944
5,2019-2020,137,0,1,0.521687698002142
5,2019-2020,138,1,0,0.4333356421457238
5,2019-2020,139,1,0,0.4957454604894367
5,2019-2020,140,0,0,0.46079633465482495
5,2019-2020,141,0,1,0.5941117031273998
5,2019-2020,142,1,1,0.5387772385719375
5,2019-2020,143,0,1,0.5606771146479438
5,2019-2020,144,1,0,0.4436398912943265
5,2019-2020,145,1,1,0.5209422068026931
5,2019-2020,146,1,1,0.5277403144668293
5,2019-2020,147,1,1,0.5764090691173657
5,2019-2020,148,0,0,0.45136090911376064
5,2019-2020,149,1,1,0.5449230324650831
5,2019-2020,150,1,0,0.46751133227394104
5,2019-2020,151,1,0,0.4774740538021519
5,2019-2020,152,0,0,0.46895298235944305
5,2019-2020,153,0,0,0.38792577945157464
5,2019-2020,154,1,1,0.5627042604909624
5,2019-2020,155,1,1,0.6077611670233151
5,2019-2020,156,0,0,0.4212862049626156
5,2019-2020,157,0,1,0.508088070834586
5,2019-2020,158,0,1,0.603180063031768
5,2019-2020,159,0,1,0.5334165655074072
5,2019-2020,160,0,0,0.3601456226493766
5,2019-2020,161,1,0,0.4838186297466187
5,2019-2020,162,1,0,0.4897980161703276
5,2019-2020,163,0,1,0.6292132766828884
5,2019-2020,164,1,0,0.4992127309604759
5,2019-2020,165,0,0,0.4422918292236075
5,2019-2020,166,0,1,0.5626673826003112
5,2019-2020,167,0,0,0.31383123273845165
5,2019-2020,168,0,0,0.4145316221423886
5,2019-2020,169,0,0,0.46788484686398246
5,2019-2020,170,1,0,0.41267640654494264
5,2019-2020,171,1,0,0.3735269265475131
5,2019-2020,172,1,0,0.4617324192679079
5,2019-2020,173,1,0,0.43365040857492676
5,2019-2020,174,1,0,0.47414274881276175
5,2019-2020,175,1,1,0.5282630026167078
5,2019-2020,176,0,1,0.5005929178677689
5,2019-2020,177,1,0,0.47962276578428475
5,2019-2020,178,1,1,0.6176012138116415
5,2019-2020,179,1,1,0.523779487037412
5,2019-2020,180,0,1,0.5541881323109553
5,2019-2020,181,1,1,0.6899220960317932
5,2019-2020,182,1,1,0.6404452448907931
5,2019-2020,183,0,1,0.629471139562587
5,2019-2020,184,1,1,0.6285502175590846
5,2019-2020,185,0,0,0.4586065047532522
5,2019-2020,186,0,0,0.4584229292007538
5,2019-2020,187,1,1,0.6367009284145984
5,2019-2020,188,1,1,0.5040159915409863
5,2019-2020,189,1,0,0.47108924602134844
5,2019-2020,190,1,1,0.6617065672117365
5,2019-2020,191,0,0,0.47822909493948534
5,2019-2020,192,1,1,0.6535390639260666
5,2019-2020,193,1,1,0.505031978042236
5,2019-2020,194,0,0,0.4239014797786038
5,2019-2020,195,1,1,0.6506656734443477
5,2019-2020,196,1,1,0.5815498537841113
5,2019-2020,197,0,1,0.5983549526030375
5,2019-2020,198,1,1,0.6306573767253782
5,2019-2020,199,1,1,0.7631608431727052
5,2019-2020,200,0,1,0.6631445667847545
5,2019-2020,201,1,1,0.6428464310979451
5,2020-2021,6,0,1,0.6060263259422743
5,2020-2021,7,1,0,0.4823681867463002
5,2020-2021,8,0,1,0.585299563601225
5,2020-2021,9,0,0,0.4871288454420032
5,2020-2021,10,1,0,0.4487124442424836
5,2020-2021,11,1,1,0.5019315111848824
5,2020-2021,12,0,1,0.5226927088499957
5,2020-2021,13,1,0,0.48470981058128715
5,2020-2021,14,0,1,0.5106849776476844
5,2020-2021,15,1,1,0.5268641812549576
5,2020-2021,16,0,1,0.5330222389132719
5,2020-2021,17,1,1,0.502697679719115
5,2020-2021,18,1,1,0.5538644187438446
5,2020-2021,19,0,1,0.5488345778080451
5,2020-2021,20,0,1,0.5359782479321723
5,2020-2021,21,1,0,0.43919148675196484
5,2020-2021,22,1,0,0.49755759195379096
5,2020-2021,23,1,1,0.5859974560309898
5,2020-2021,24,1,1,0.6407063984468464
5,2020-2021,25,0,1,0.6129907287859762
5,2020-2021,26,1,1,0.5932712084729479
5,2020-2021,27,1,1,0.5600609056549106
5,2020-2021,28,0,1,0.5605714360346246
5,2020-2021,29,1,1,0.62265039190421
5,2020-2021,30,0,1,0.6420512869947356
5,2020-2021,31,1,1,0.585635712740055
5,2020-2021,32,1,1,0.6208343647383325
5,2020-2021,33,0,1,0.6425885377306514
5,2020-2021,34,0,1,0.5834953521616058
5,2020-2021,35,1,1,0.5625820727153391
5,2020-2021,36,1,1,0.6095803135182783
5,2020-2021,37,0,1,0.5367252347103366
5,2020-2021,38,0,0,0.4891800529340411
5,2020-2021,39,1,1,0.5803078723551128
5,2020-2021,40,0,0,0.43184526210254154
5,2020-2021,41,1,1,0.5850106412537304
5,2020-2021,42,1,1,0.6041042562461564
5,2020-2021,43,0,1,0.6292246659467577
5,2020-2021,44,1,1,0.6029673032409906
5,2020-2021,45,0,0,0.39879694999957466
5,2020-2021,46,1,1,0.5448460616697821
5,2020-2021,47,1,1,0.6082826099110599
5,2020-2021,48,1,1,0.6122999143488546
5,2020-2021,49,1,1,0.7327909531827027
5,2020-2021,50,0,0,0.4274430160914114
5,2020-2021,51,1,1,0.5413143088110589
5,2020-2021,52,1,1,0.7618761178617465
5,2020-2021,53,1,1,0.7061756124138173
5,2020-2021,54,1,1,0.6383385619332491
5,2020-2021,55,1,1,0.7547659584327087
5,2020-2021,56,1,0,0.4807762811491676
5,2020-2021,57,1,1,0.7707878529925466
5,2020-2021,58,1,1,0.5867981319426543
5,2020-2021,59,1,1,0.7840008673272946
5,2020-2021,60,0,0,0.4776022770855197
5,2020-2021,61,0,1,0.7812290500832245
5,2020-2021,62,1,1,0.7777966283295421
5,2020-2021,63,0,1,0.838573091183178
5,2020-2021,64,1,1,0.698819976998943
5,2020-2021,65,0,0,0.36058481391802927
5,2020-2021,66,0,1,0.6226358151112168
5,2020-2021,67,1,1,0.7723358980175489
5,2020-2021,68,0,1,0.6317510301432129
5,2020-2021,69,1,1,0.7967712272733225
5,2020-2021,70,0,1,0.5362491188587705
5,2020-2021,71,1,1,0.7079209233045344
5,2020-2021,72,0,0,0.4481971162004382
5,2020-2021,73,1,1,0.6036724792456267
5,2020-2021,74,1,1,0.5232813975705872
5,2020-2021,75,1,1,0.7386761894810742
5,2020-2021,76,0,1,0.7768117455021617
5,2020-2021,77,0,0,0.37894396702554506
5,2020-2021,78,0,0,0.466475970651017
5,2020-2021,79,0,0,0.4786802001113013
5,2020-2021,80,1,1,0.7647988831292405
5,2020-2021,81,1,1,0.7505168897352889
5,2020-2021,82,1,1,0.7767519180511357
5,2020-2021,83,1,1,0.696282375703035
5,2020-2021,84,1,1,0.826317089667891
5,2020-2021,85,0,1,0.8365224613805067
5,2020-2021,86,1,1,0.6592646875736549
5,2020-2021,87,1,0,0.4983039333563164
5,2020-2021,88,1,1,0.744066790045246
5,2020-2021,89,1,1,0.6400040324286486
5,2020-2021,90,1,1,0.7056359519359249
5,2020-2021,91,1,1,0.7080153679767086
5,2020-2021,92,1,0,0.43398422985248225
5,2020-2021,93,0,1,0.7376785825516422
5,2020-2021,94,1,1,0.7846997380161842
5,2020-2021,95,0,1,0.7779803707398253
5,2020-2021,96,1,1,0.7273697541439607
5,2020-2021,97,0,1,0.6622625096135468
5,2020-2021,98,1,1,0.6607485610994029
5,2020-2021,99,1,1,0.648803860461754
5,2020-2021,100,1,1,0.576818870350139
5,2020-2021,101,1,1,0.6079607369036945
5,2020-2021,102,1,1,0.7283068599677779
5,2020-2021,103,1,1,0.7435157548568118
5,2020-2021,104,0,1,0.7864004860886673
5,2020-2021,105,0,1,0.8230693451627636
5,2020-2021,106,0,1,0.6787812839041227
5,2020-2021,107,1,1,0.6961147814556328
5,2020-2021,108,1,1,0.7454855970126908
5,2020-2021,109,0,1,0.5467199975412443
5,2020-2021,110,0,1,0.7055817749300887
5,2020-2021,111,1,1,0.6645915409325461
5,2020-2021,112,0,1,0.5447441962505033
5,2020-2021,113,0,1,0.5937963208308082
5,2020-2021,114,1,1,0.6406132417102172
5,2020-2021,115,0,1,0.7769019244355816
5,2020-2021,116,1,1,0.5507212250856027
5,2020-2021,117,1,1,0.6006679583507984
5,2020-2021,118,0,1,0.658457302845897
5,2020-2021,119,0,1,0.5562689734859747
5,2020-2021,120,1,1,0.6673807586137466
5,2020-2021,121,0,1,0.5556058912114771
5,2020-2021,122,1,1,0.5431486035504446
5,2020-2021,123,1,1,0.6999474184996551
5,2020-2021,124,0,1,0.6972390878890424
5,2020-2021,125,1,1,0.6083721484627078
5,2020-2021,126,0,0,0.4662836349217667
5,2020-2021,127,0,1,0.5530199452690907
5,2020-2021,128,1,1,0.592635535063966
5,2020-2021,129,1,0,0.49849755471909096
5,2020-2021,130,0,1,0.5809236155596271
5,2020-2021,131,1,1,0.7190199628485917
5,2020-2021,132,1,1,0.6221292893939412
5,2020-2021,133,0,0,0.4085360138105474
5,2020-2021,134,0,1,0.6722039012070704
5,2020-2021,135,0,1,0.6769408288148187
5,2020-2021,136,0,1,0.5966250007752012
5,2020-2021,137,1,1,0.6820229657087672
5,2020-2021,138,0,1,0.5123751245096769
5,2020-2021,139,1,1,0.5002497963473767
5,2020-2021,140,1,1,0.658944546186421
5,2020-2021,141,0,1,0.6176031728129507
5,2020-2021,142,1,1,0.5296122373996267
5,2020-2021,143,1,1,0.7303370586768028
5,2020-2021,144,1,1,0.6982753636257648
5,2020-2021,145,0,1,0.6128094208594207
5,2020-2021,146,0,1,0.6488248090641404
5,2020-2021,147,1,0,0.4568257694075896
5,2020-2021,148,1,0,0.4777356679656567
5,2020-2021,149,1,1,0.7403593254553316
5,2020-2021,150,1,0,0.485084617362348
5,2020-2021,151,0,1,0.5734595913918868
5,2020-2021,152,0,1,0.5906958865366714
5,2020-2021,153,0,0,0.41268715020432845
5,2020-2021,154,1,1,0.7278724490516528
5,2020-2021,155,1,1,0.5739474084172501
5,2020-2021,156,0,1,0.5857596280061843
5,2020-2021,157,1,1,0.6238228100130407
5,2020-2021,158,0,0,0.4109562171474048
5,2020-2021,159,0,0,0.3832062077755037
5,2020-2021,160,1,1,0.6218042838475312
5,2020-2021,161,0,1,0.6912050541072642
5,2020-2021,162,0,1,0.5035662683381573
5,2020-2021,163,1,1,0.6028012281332824
5,2020-2021,164,0,1,0.6658276358898395
5,2020-2021,165,0,0,0.45130180237443435
5,2020-2021,166,0,0,0.44217804049282944
5,2020-2021,167,0,1,0.5364987750754423
5,2020-2021,168,1,1,0.618162049643915
5,2020-2021,169,0,1,0.7108879474435617
5,2020-2021,170,1,1,0.6235744110286846
5,2020-2021,171,0,1,0.5049057459432138
5,2020-2021,172,1,1,0.601247081164249
5,2020-2021,173,0,0,0.4552725747888785
5,2020-2021,174,1,1,0.5931927542919498
5,2020-2021,175,1,1,0.6466218523947392
5,2020-2021,176,1,0,0.4853121034348744
5,2020-2021,177,0,0,0.42015262431789285
5,2020-2021,178,0,1,0.758409283802016
5,2020-2021,179,1,0,0.45265534701818133
5,2020-2021,180,1,1,0.6860662226580803
5,2020-2021,181,0,0,0.4875464070670764
5,2020-2021,182,0,1,0.5577748597957531
5,2020-2021,183,0,0,0.38156336766824167
5,2020-2021,184,1,1,0.6937035366137413
5,2020-2021,185,0,1,0.5191997034755474
5,2020-2021,186,0,1,0.6013917513624846
5,2020-2021,187,1,1,0.6086076259863458
5,2020-2021,188,1,1,0.6330690135491193
5,2020-2021,189,1,1,0.5961062028929255
5,2020-2021,190,1,1,0.5721227589902388
5,2020-2021,191,1,1,0.5893336274131253
5,2020-2021,192,0,0,0.3308964904553568
5,2020-2021,193,1,1,0.6562016519992873
5,2020-2021,194,0,0,0.4885801895222246
5,2020-2021,195,1,1,0.5677129775929202
5,2020-2021,196,1,1,0.7473533659853875
5,2020-2021,197,1,1,0.8164554275034978
5,2020-2021,198,0,0,0.2199213018436468
5,2020-2021,199,0,0,0.4218961718640824
5,2020-2021,200,0,0,0.3210656335678569
5,2020-2021,201,1,1,0.7211334730962624
5,2020-2021,202,1,1,0.7341751772411192
5,2020-2021,203,1,1,0.7753956632535094
5,2020-2021,204,0,0,0.3311750822957452
5,2020-2021,205,1,0,0.48923864157550767
5,2020-2021,206,0,1,0.5721824080200423
5,2020-2021,207,1,0,0.30020169985142653
5,2020-2021,208,1,1,0.7626617434643886
5,2020-2021,209,1,0,0.3936177338794012
5,2020-2021,210,0,0,0.4613002058658626
5,2020-2021,211,1,1,0.7127280665262997
5,2020-2021,212,1,0,0.4825628638466034
5,2020-2021,213,1,1,0.8051574239515277
5,2020-2021,214,1,1,0.802828296845435
5,2020-2021,215,1,1,0.7194768686039058
5,2020-2021,216,0,0,0.2622848423891331
5,2020-2021,217,1,0,0.45277708744003387
5,2020-2021,218,0,0,0.2567251566973178
5,2020-2021,219,1,0,0.39478820420232685
5,2020-2021,220,0,1,0.550536687504369
5,2020-2021,221,1,1,0.8190087895990025
5,2020-2021,222,0,0,0.3346602140032964
5,2020-2021,223,1,1,0.7552650652209587
5,2020-2021,224,0,0,0.3824290620130122
5,2020-2021,225,0,0,0.46347064806766625
5,2020-2021,226,0,1,0.6452162645485223
5,2020-2021,227,1,1,0.5248259976552256
5,2020-2021,228,0,1,0.6741542317339201
5,2020-2021,229,0,1,0.7409020850363655
5,2020-2021,230,0,0,0.43345156644172333
5,2020-2021,231,1,0,0.44649610426519754
5,2020-2021,232,1,1,0.7085792427876892
5,2020-2021,233,0,0,0.4057809431808366
5,2020-2021,234,0,0,0.37022082860381433
5,2020-2021,235,0,0,0.37447579604024195
5,2020-2021,236,0,0,0.4255198030345272
5,2020-2021,237,0,0,0.428039526430351
5,2020-2021,238,1,1,0.5617575696652127
5,2020-2021,239,0,1,0.5999459888294935
5,2020-2021,240,1,1,0.7158092086674395
5,2020-2021,241,1,1,0.5876471738788919
5,2020-2021,242,1,0,0.4672360291126765
5,2020-2021,243,0,0,0.35730464287815966
5,2020-2021,244,0,0,0.3511529430493725
5,2020-2021,245,0,0,0.37445233255332366
5,2020-2021,246,0,1,0.5018396770600134
5,2020-2021,247,0,1,0.5657738948470896
5,2020-2021,248,1,1,0.6925511302485958
5,2020-2021,249,1,1,0.6528810461667147
5,2020-2021,250,0,0,0.32043555823026587
5,2020-2021,251,1,0,0.49931539568216254
5,2020-2021,252,1,0,0.3207455130263758
5,2020-2021,253,0,0,0.29826508257882944
5,2020-2021,254,1,1,0.6870745202681942
5,2020-2021,255,1,1,0.7243573651176235
5,2020-2021,256,0,0,0.2660053215799213
5,2020-2021,257,0,0,0.2540837444717631
5,2020-2021,258,1,1,0.733219092763929
5,2020-2021,259,1,1,0.503735501438545
5,2020-2021,260,0,1,0.702769533822594
5,2021-2022,6,0,0,0.1936633576957694
5,2021-2022,7,1,0,0.16175982241973655
5,2021-2022,8,0,0,0.2838781790116502
5,2021-2022,9,1,0,0.25032252582788345
5,2021-2022,10,1,0,0.32578015856666376
5,2021-2022,11,0,0,0.3887669955567246
5,2021-2022,12,1,0,0.34583184864834665
5,2021-2022,13,1,0,0.42028011880517696
5,2021-2022,14,1,0,0.49396097003282924
5,2021-2022,15,1,1,0.577191859553134
5,2021-2022,16,0,1,0.6447139439059547
5,2021-2022,17,1,1,0.582256337810362
5,2021-2022,18,1,1,0.6454292858740704
5,2021-2022,19,0,1,0.6144369678442013
5,2021-2022,20,0,1,0.5803823183031849
5,2021-2022,21,0,1,0.5413866411594819
5,2021-2022,22,1,1,0.5755799894727871
5,2021-2022,23,1,1,0.6025544736691818
5,2021-2022,24,1,1,0.667311285178969
5,2021-2022,25,0,0,0.49286887673329854
5,2021-2022,26,0,0,0.42709994153417963
5,2021-2022,27,1,0,0.49420018605216237
5,2021-2022,28,0,0,0.48183024595885854
5,2021-2022,29,0,0,0.45730504299255803
5,2021-2022,30,1,0,0.4643607726951945
5,2021-2022,31,1,1,0.6254284463280271
5,2021-2022,32,0,1,0.6681279824485057
5,2021-2022,33,1,0,0.49220765260287036
5,2021-2022,34,1,0,0.439517277270433
5,2021-2022,35,0,1,0.53904394448122
5,2021-2022,36,0,0,0.4612425118802466
5,2021-2022,37,1,1,0.6299274814650346
5,2021-2022,38,1,1,0.6125119659360896
5,2021-2022,39,1,1,0.6975344418602804
5,2021-2022,40,0,1,0.5776647273534445
5,2021-2022,41,0,0,0.42691853535597307
5,2021-2022,42,0,1,0.571451552460788
5,2021-2022,43,1,1,0.5413344306077261
5,2021-2022,44,1,0,0.42887290210657647
5,2021-2022,45,1,1,0.6595668145151885
5,2021-2022,46,1,1,0.5710106619031446
5,2021-2022,47,1,1,0.7381638345673361
5,2021-2022,48,1,1,0.7661718152030733
5,2021-2022,49,0,1,0.6837297423993017
5,2021-2022,50,1,1,0.7102416304353805
5,2021-2022,51,1,1,0.7547610659443204
5,2021-2022,52,0,1,0.5460049313105756
5,2021-2022,53,1,1,0.6079551129054135
5,2021-2022,54,0,1,0.7618456643903956
5,2021-2022,55,1,1,0.7585513364843808
5,2021-2022,56,0,1,0.6711660803879611
5,2021-2022,57,0,1,0.5721544926936956
5,2021-2022,58,1,0,0.4398831891652269
5,2021-2022,59,1,1,0.6047212054454978
5,2021-2022,60,0,1,0.6038994903995304
5,2021-2022,61,1,1,0.5865673847737747
5,2021-2022,62,1,1,0.7386002090602842
5,2021-2022,63,0,1,0.5242311623151973
5,2021-2022,64,1,1,0.7070629077812758
5,2021-2022,65,1,0,0.3713372208179612
5,2021-2022,66,0,1,0.6343667692411187
5,2021-2022,67,0,1,0.6671922346574097
5,2021-2022,68,1,1,0.5682946495749428
5,2021-2022,69,0,1,0.5333460436541395
5,2021-2022,70,0,1,0.511456210744126
5,2021-2022,71,1,1,0.6368885247168234
5,2021-2022,72,0,1,0.6208504498188435
5,2021-2022,73,1,1,0.665612016340598
5,2021-2022,74,0,1,0.5337874532880649
5,2021-2022,75,0,1,0.5191654723009902
5,2021-2022,76,0,0,0.4437034945916747
5,2021-2022,77,1,1,0.6031290527346735
5,2021-2022,78,1,1,0.5863804023840773
5,2021-2022,79,0,0,0.39206904364739203
5,2021-2022,80,1,1,0.6856053070208791
5,2021-2022,81,1,1,0.5589513460696031
5,2021-2022,82,1,1,0.625555456682124
5,2021-2022,83,0,1,0.6762113835158389
5,2021-2022,84,0,1,0.5355565396835221
5,2021-2022,85,1,1,0.5287160146029046
5,2021-2022,86,1,1,0.6040208254157309
5,2021-2022,87,1,1,0.5470553693196953
5,2021-2022,88,1,1,0.6554441178262523
5,2021-2022,89,1,1,0.7321581155509043
5,2021-2022,90,1,1,0.5826384106727299
5,2021-2022,91,0,0,0.34946948914658693
5,2021-2022,92,1,0,0.34313388011247625
5,2021-2022,93,1,1,0.7388927681636193
5,2021-2022,94,1,1,0.5937220254217463
5,2021-2022,95,1,1,0.6990460777754784
5,2021-2022,96,1,1,0.6000571016366377
5,2021-2022,97,0,1,0.6192327049510921
5,2021-2022,98,1,1,0.7386323155065021
5,2021-2022,99,1,1,0.7499499999060482
5,2021-2022,100,1,1,0.7826179839847556
5,2021-2022,101,0,1,0.7634522023404177
5,2021-2022,102,0,0,0.4127200287721753
5,2021-2022,103,1,1,0.5786060062759218
5,2021-2022,104,1,1,0.7631139924582074
5,2021-2022,105,1,1,0.7532700843510791
5,2021-2022,106,1,1,0.691097149030943
5,2021-2022,107,0,0,0.4922984416835485
5,2021-2022,108,0,1,0.7481459335719076
5,2021-2022,109,0,0,0.4595624185722333
5,2021-2022,110,1,1,0.5961076242457659
5,2021-2022,111,0,0,0.3527388393394455
5,2021-2022,112,0,1,0.8111658809674601
5,2021-2022,113,1,1,0.6958489577984294
5,2021-2022,114,1,1,0.6706922290864524
5,2021-2022,115,1,1,0.6868921071730906
5,2021-2022,116,0,1,0.5585698406922768
5,2021-2022,117,0,1,0.5796593025677683
5,2021-2022,118,1,1,0.758906011297063
5,2021-2022,119,1,1,0.5338789507627345
5,2021-2022,120,1,0,0.3641916186285246
5,2021-2022,121,1,0,0.49883927542332135
5,2021-2022,122,0,1,0.6567043842001743
5,2021-2022,123,1,1,0.7475222821926251
5,2021-2022,124,1,1,0.7559834712344647
5,2021-2022,125,1,0,0.45811275247850336
5,2021-2022,126,0,1,0.604945060356836
5,2021-2022,127,1,1,0.630808095235546
5,2021-2022,128,1,1,0.6855049434756686
5,2021-2022,129,1,1,0.776474170601385
5,2021-2022,130,1,1,0.6647583317407612
5,2021-2022,131,0,0,0.45859923064764735
5,2021-2022,132,1,1,0.5285967738051635
5,2021-2022,133,1,1,0.7295189766425452
5,2021-2022,134,0,1,0.7968128929157392
5,2021-2022,135,1,1,0.6956873972261196
5,2021-2022,136,1,1,0.7449962348373377
5,2021-2022,137,0,1,0.700369339189102
5,2021-2022,138,1,1,0.7759153749869185
5,2021-2022,139,1,0,0.39619596616626324
5,2021-2022,140,1,1,0.5799799935702924
5,2021-2022,141,0,1,0.7419530738135349
5,2021-2022,142,1,1,0.74002112506695
5,2021-2022,143,1,1,0.7279132545417794
5,2021-2022,144,1,1,0.7142341109449533
5,2021-2022,145,1,1,0.5699480937739689
5,2021-2022,146,1,1,0.702831602174434
5,2021-2022,147,1,1,0.6947846399276559
5,2021-2022,148,0,0,0.40564501154309535
5,2021-2022,149,0,0,0.39289301027183593
5,2021-2022,150,1,1,0.7201924063360673
5,2021-2022,151,1,1,0.5722419164510455
5,2021-2022,152,1,1,0.6235003708388105
5,2021-2022,153,0,0,0.39191101936743433
5,2021-2022,154,1,1,0.7360607648909626
5,2021-2022,155,1,0,0.49152368565760907
5,2021-2022,156,0,0,0.4238597405748029
5,2021-2022,157,1,1,0.8097197727400399
5,2021-2022,158,0,1,0.6808787186396223
5,2021-2022,159,0,0,0.32927129853855097
5,2021-2022,160,1,1,0.743063159170551
5,2021-2022,161,1,1,0.7058486372766216
5,2021-2022,162,1,1,0.6759493934681763
5,2021-2022,163,1,1,0.7440510223988421
5,2021-2022,164,1,1,0.7430953756087326
5,2021-2022,165,0,1,0.6614830330541847
5,2021-2022,166,0,1,0.7370585743594825
5,2021-2022,167,1,1,0.7989248586101702
5,2021-2022,168,1,1,0.7090684209252459
5,2021-2022,169,1,1,0.844080082648924
5,2021-2022,170,1,0,0.4988828104643371
5,2021-2022,171,1,1,0.8480277161199524
5,2021-2022,172,1,1,0.8111514612498067
5,2021-2022,173,0,1,0.773157570568725
5,2021-2022,174,1,1,0.611400721240416
5,2021-2022,175,1,1,0.7942400017867024
5,2021-2022,176,1,1,0.6649838729824127
5,2021-2022,177,1,1,0.6627039242327418
5,2021-2022,178,1,1,0.730903994245867
5,2021-2022,179,0,1,0.6614877925759726
5,2021-2022,180,0,1,0.5593867035172264
5,2021-2022,181,1,1,0.6634948473785948
5,2021-2022,182,0,1,0.7464114609904395
5,2021-2022,183,1,1,0.6319015809945582
5,2021-2022,184,1,1,0.7845779276484575
5,2021-2022,185,0,1,0.6645444431372226
5,2021-2022,186,0,1,0.6522618544867604
5,2021-2022,187,1,1,0.7812004547198833
5,2021-2022,188,1,1,0.8244214753552124
5,2021-2022,189,1,1,0.8536584729290495
5,2021-2022,190,0,1,0.6475305667633525
5,2021-2022,191,1,1,0.7461825562950204
5,2021-2022,192,0,1,0.6767429297350513
5,2021-2022,193,1,1,0.8123194957769476
5,2021-2022,194,1,1,0.839961897684839
5,2021-2022,195,1,1,0.5924581419151326
5,2021-2022,196,1,1,0.8043961492970003
5,2021-2022,197,0,1,0.5067390514247819
5,2021-2022,198,0,1,0.710854246854889
5,2021-2022,199,1,1,0.6089023525610753
5,2021-2022,200,0,0,0.47901466511552676
5,2021-2022,201,1,1,0.8553176839367271
5,2021-2022,202,0,1,0.7374463738363687
5,2021-2022,203,1,1,0.8290839296541203
5,2021-2022,204,1,1,0.6547165312343135
5,2021-2022,205,0,0,0.3403689974493625
5,2021-2022,206,1,1,0.8351257551565004
5,2021-2022,207,1,1,0.5845574096476284
5,2021-2022,208,1,1,0.7414244246005594
5,2021-2022,209,0,1,0.6060548322981733
5,2021-2022,210,1,1,0.5011703329878443
5,2021-2022,211,0,1,0.6020010087902469
5,2021-2022,212,0,1,0.6991526281232548
5,2021-2022,213,0,0,0.4602312879902979
5,2021-2022,214,0,1,0.539978832366697
5,2021-2022,215,1,0,0.32139420345948605
5,2021-2022,216,0,0,0.4479703814982965
5,2021-2022,217,1,1,0.8109566446175949
5,2021-2022,218,1,1,0.7562695052957566
5,2021-2022,219,0,0,0.4281389673171643
5,2021-2022,220,1,1,0.78759667172068
5,2021-2022,221,1,1,0.7430181811611144
5,2021-2022,222,1,1,0.7282639349855624
5,2021-2022,223,0,1,0.7225917726939608
5,2021-2022,224,1,1,0.5993139910746099
5,2021-2022,225,1,1,0.8417507513456832
5,2021-2022,226,0,0,0.41962753342419923
5,2021-2022,227,0,1,0.661091411678506
5,2021-2022,228,0,0,0.49396070575080303
5,2021-2022,229,1,1,0.6687825480955314
5,2021-2022,230,1,0,0.37433655890213535
5,2021-2022,231,0,0,0.467034052951846
5,2021-2022,232,1,1,0.626583628202515
5,2021-2022,233,0,1,0.6355245192052057
5,2021-2022,234,1,1,0.7726777626581677
5,2021-2022,235,1,1,0.6740553478322224
5,2021-2022,236,0,1,0.5490790748444205
5,2021-2022,237,1,1,0.6889844633310194
5,2021-2022,238,1,1,0.7356446783203853
5,2021-2022,239,0,1,0.6789621213063087
5,2021-2022,240,0,1,0.6197933326585432
5,2021-2022,241,1,1,0.8125859813015525
5,2021-2022,242,1,1,0.6580081671651532
5,2021-2022,243,1,1,0.6418891685447925
5,2021-2022,244,1,1,0.7737966313934079
5,2021-2022,245,1,1,0.7347421971238148
5,2021-2022,246,1,1,0.8136391933618768
5,2021-2022,247,0,1,0.6885211826389566
5,2021-2022,248,0,1,0.5229398889369231
5,2021-2022,249,1,1,0.5170008221030651
5,2021-2022,250,0,1,0.6929372809856895
5,2021-2022,251,1,1,0.7329113038894991
5,2021-2022,252,0,0,0.49452596219462724
5,2021-2022,253,0,1,0.5267748016780233
5,2021-2022,254,1,1,0.8165789825419659
5,2021-2022,255,0,1,0.584607479180886
5,2021-2022,256,0,1,0.7099784997368628
5,2021-2022,257,0,1,0.7404287242016963
5,2021-2022,258,1,0,0.434054328677293
5,2021-2022,259,0,1,0.559420735464189
5,2021-2022,260,1,0,0.4763377762985426
5,2021-2022,261,1,0,0.49507793523685123
5,2021-2022,262,0,1,0.6913837331012549
5,2021-2022,263,0,1,0.5051982683527002
5,2021-2022,264,1,1,0.5311392191667206
5,2021-2022,265,1,1,0.7654882408185035
5,2021-2022,266,0,1,0.541453053354121
5,2021-2022,267,1,0,0.3528389583380785
5,2021-2022,268,1,1,0.6075082837202974
5,2021-2022,269,0,1,0.5101897784993372
5,2021-2022,270,1,1,0.607018969236217
5,2021-2022,271,1,1,0.8114238199817454
5,2021-2022,272,1,1,0.7706865784594052
5,2021-2022,273,1,1,0.6626640799401431
5,2021-2022,274,1,1,0.8263123704881601
5,2021-2022,275,1,1,0.7086476246459832
5,2021-2022,276,1,1,0.7388227167320878
5,2021-2022,277,1,1,0.6980159703900177
5,2021-2022,278,1,1,0.7281222041825404
5,2021-2022,279,1,1,0.8573870092883146
5,2021-2022,280,0,1,0.6784333141092206
5,2021-2022,281,1,1,0.678051525922615
5,2021-2022,282,0,1,0.5289263307156419
5,2021-2022,283,0,1,0.6803342497948868
5,2021-2022,284,0,0,0.49716544924717304
5,2021-2022,285,0,1,0.7259550020206984
5,2021-2022,286,0,0,0.47341290016996396
5,2021-2022,287,0,0,0.4153553168625289
5,2021-2022,288,1,1,0.7584219150066034
5,2021-2022,289,1,1,0.6090615428804739
5,2021-2022,290,1,1,0.7755973967757641
5,2021-2022,291,1,1,0.7128675772322844
5,2021-2022,292,0,1,0.5396146603551528
5,2021-2022,293,0,1,0.7244253914539281
5,2021-2022,294,0,1,0.5892753260004211
5,2021-2022,295,1,1,0.6132874711443169
5,2021-2022,296,1,1,0.5372813993256067
5,2021-2022,297,0,1,0.777756164327913
5,2021-2022,298,1,1,0.678888029460375
5,2022-2023,6,0,1,0.6138824704094538
5,2022-2023,7,0,1,0.5241340199912948
5,2022-2023,8,0,0,0.4343180897013723
5,2022-2023,9,1,0,0.367232200251265
5,2022-2023,10,0,0,0.47015784596380605
5,2022-2023,11,1,0,0.4021069005117536
5,2022-2023,12,0,0,0.468918029225707
5,2022-2023,13,0,0,0.4019861194804536
5,2022-2023,14,1,0,0.36421940424742455
5,2022-2023,15,0,0,0.4210530678761414
5,2022-2023,16,0,0,0.38280252578834856
5,2022-2023,17,1,0,0.38066954899543787
5,2022-2023,18,1,0,0.4151343500610592
5,2022-2023,19,0,0,0.4771012975010444
5,2022-2023,20,1,0,0.4322557123613041
5,2022-2023,21,1,0,0.4607251966135835
5,2022-2023,22,1,0,0.45063030676098537
5,2022-2023,23,1,1,0.5175869168786126
5,2022-2023,24,0,1,0.5509305634274501
5,2022-2023,25,1,0,0.4936706882012434
5,2022-2023,26,0,1,0.5581304078985793
5,2022-2023,27,1,1,0.5120904406874378
5,2022-2023,28,0,1,0.5253100933555538
5,2022-2023,29,1,0,0.4897271573144486
5,2022-2023,30,1,0,0.4973114398994534
5,2022-2023,31,0,1,0.5328739646095438
5,2022-2023,32,0,1,0.5204958501548389
5,2022-2023,33,0,1,0.5026436998050439
5,2022-2023,34,1,0,0.4922715141884051
5,2022-2023,35,1,0,0.4931801190252823
5,2022-2023,36,1,1,0.5148740891973859
5,2022-2023,37,0,1,0.5152274867867057
5,2022-2023,38,1,1,0.5251580156474718
5,2022-2023,39,1,1,0.5172166201015416
5,2022-2023,40,1,1,0.5628653740097561
5,2022-2023,41,0,1,0.5572913960873433
5,2022-2023,42,0,1,0.5419703186908755
5,2022-2023,43,0,1,0.5121800779884548
5,2022-2023,44,1,1,0.500908260928963
5,2022-2023,45,1,1,0.5302068491209672
5,2022-2023,46,1,1,0.517235754420276
5,2022-2023,47,0,1,0.5311807215422776
5,2022-2023,48,1,1,0.5401358942811899
5,2022-2023,49,0,1,0.5786580683322906
5,2022-2023,50,1,1,0.5827653751325141
5,2022-2023,51,1,1,0.5949063100505957
5,2022-2023,52,1,1,0.5368138873260427
5,2022-2023,53,0,0,0.48087107647342087
5,2022-2023,54,1,1,0.6871920758603045
5,2022-2023,55,1,1,0.5990438522144963
5,2022-2023,56,1,1,0.7033935900912741
5,2022-2023,57,1,1,0.7291345854421984
5,2022-2023,58,0,1,0.6358664387726942
5,2022-2023,59,1,1,0.6480902175085459
5,2022-2023,60,1,1,0.691493392318917
5,2022-2023,61,0,1,0.6394293254003507
5,2022-2023,62,0,0,0.44939037365077333
5,2022-2023,63,0,1,0.6734885012644369
5,2022-2023,64,1,1,0.7100799483512015
5,2022-2023,65,0,0,0.3817386004025015
5,2022-2023,66,1,1,0.515591613292015
5,2022-2023,67,0,0,0.4245706297653742
5,2022-2023,68,0,1,0.7157554879272405
5,2022-2023,69,0,1,0.6314838624187655
5,2022-2023,70,1,1,0.7052383856337123
5,2022-2023,71,1,1,0.6833954048264269
5,2022-2023,72,1,0,0.3575101852889538
5,2022-2023,73,1,1,0.6690224965315248
5,2022-2023,74,1,1,0.7117268053699172
5,2022-2023,75,0,1,0.5092929677225264
5,2022-2023,76,1,1,0.751421075466795
5,2022-2023,77,1,0,0.32598976406275204
5,2022-2023,78,0,1,0.7307141555402024
5,2022-2023,79,1,1,0.6957030554893493
5,2022-2023,80,1,1,0.6767051300406018
5,2022-2023,81,0,0,0.46716005707317276
5,2022-2023,82,0,1,0.6677347870037145
5,2022-2023,83,0,1,0.6532179121886255
5,2022-2023,84,1,1,0.711269096150056
5,2022-2023,85,0,0,0.43106889367395257
5,2022-2023,86,0,0,0.4038300922909261
5,2022-2023,87,0,0,0.4062412560245105
5,2022-2023,88,1,0,0.43164167673935655
5,2022-2023,89,0,0,0.32533730113741816
5,2022-2023,90,0,0,0.3502865135964155
5,2022-2023,91,1,0,0.45401049402639676
5,2022-2023,92,0,1,0.5689618824549051
5,2022-2023,93,0,1,0.6743284555335443
5,2022-2023,94,0,1,0.5045547721902113
5,2022-2023,95,1,1,0.6390462124439671
5,2022-2023,96,1,1,0.5879307505552981
5,2022-2023,97,1,0,0.329638921304265
5,2022-2023,98,0,0,0.3883470431212503
5,2022-2023,99,0,1,0.5197097522280082
5,2022-2023,100,1,1,0.5237678376367916
5,2022-2023,101,0,1,0.5946159303651786
5,2022-2023,102,0,1,0.64265271866185
5,2022-2023,103,1,1,0.5490132033319329
5,2022-2023,104,0,0,0.47229677614421317
5,2022-2023,105,1,1,0.5663192582462219
5,2022-2023,106,0,0,0.33563926499723323
5,2022-2023,107,0,0,0.46093237901408557
5,2022-2023,108,1,0,0.44922839392533026
5,2022-2023,109,1,0,0.4756095771572921
5,2022-2023,110,1,1,0.5498694003607013
5,2022-2023,111,0,1,0.5163121022803305
5,2022-2023,112,1,0,0.3754031974543006
5,2022-2023,113,1,1,0.6860200462706245
5,2022-2023,114,1,1,0.6689838726942642
5,2022-2023,115,1,1,0.6471744261953681
5,2022-2023,116,0,0,0.3935612341496787
5,2022-2023,117,1,0,0.45274567353203893
5,2022-2023,118,1,1,0.6909289403931428
5,2022-2023,119,0,1,0.5333282560610337
5,2022-2023,120,1,1,0.6055899963366634
5,2022-2023,121,1,1,0.5559204463128836
5,2022-2023,122,1,0,0.4668165431807752
5,2022-2023,123,0,1,0.6513805387147323
5,2022-2023,124,1,1,0.5087461004548952
5,2022-2023,125,0,0,0.4447368209653707
5,2022-2023,126,0,1,0.6319316566986081
5,2022-2023,127,0,1,0.6490288356467252
5,2022-2023,128,0,1,0.5744109756995914
5,2022-2023,129,1,1,0.6793331243796658
5,2022-2023,130,0,0,0.41342835740676775
5,2022-2023,131,0,0,0.42316440671029903
5,2022-2023,132,1,1,0.5929412820736077
5,2022-2023,133,0,0,0.38467098791349696
5,2022-2023,134,0,1,0.6464518158899216
5,2022-2023,135,1,1,0.6882997947253312
5,2022-2023,136,1,1,0.5613766492305249
5,2022-2023,137,1,1,0.7040462201477931
5,2022-2023,138,1,1,0.58456055512222
5,2022-2023,139,0,1,0.6368839354454658
5,2022-2023,140,1,1,0.607046345436221
5,2022-2023,141,1,1,0.6098331464450457
5,2022-2023,142,1,1,0.6072432980216408
5,2022-2023,143,1,1,0.6887769768543998
5,2022-2023,144,0,1,0.642268598921188
5,2022-2023,145,0,0,0.44137364761503317
5,2022-2023,146,1,0,0.3985068790940845
5,2022-2023,147,1,0,0.4702823504702732
5,2022-2023,148,0,0,0.4755886062812065
5,2022-2023,149,0,1,0.649085834923046
5,2022-2023,150,0,1,0.5379509706687973
5,2022-2023,151,0,1,0.5217597555967869
5,2022-2023,152,1,1,0.5387452930730451
5,2022-2023,153,1,1,0.5945697319852747
5,2022-2023,154,0,0,0.46357509391413954
5,2022-2023,155,1,1,0.6411691858119343
5,2022-2023,156,1,1,0.7203682154574288
5,2022-2023,157,0,0,0.4154729119287145
5,2022-2023,158,0,1,0.6483018593096614
5,2022-2023,159,0,1,0.6386896638800788
5,2022-2023,160,0,1,0.5830491652057755
5,2022-2023,161,0,0,0.43923838036748336
5,2022-2023,162,1,1,0.612806266695976
5,2022-2023,163,0,1,0.5414476461448129
5,2022-2023,164,0,0,0.35889335672176415
5,2022-2023,165,1,1,0.5262770900903085
5,2022-2023,166,0,0,0.48010436287369035
5,2022-2023,167,0,0,0.45505330451019305
5,2022-2023,168,1,1,0.6164844807178574
5,2022-2023,169,0,0,0.4140088559037954
5,2022-2023,170,1,1,0.5612327900198777
5,2022-2023,171,1,1,0.5505169952707839
5,2022-2023,172,1,0,0.469098510147869
5,2022-2023,173,0,0,0.48195682195245537
5,2022-2023,174,1,0,0.4018520114785137
5,2022-2023,175,1,1,0.599240548100838
5,2022-2023,176,1,0,0.43006440851900185
5,2022-2023,177,1,1,0.6767964469101477
5,2022-2023,178,0,0,0.4895145719651546
5,2022-2023,179,0,0,0.39293088364906004
5,2022-2023,180,1,1,0.5295952416858567
5,2022-2023,181,1,1,0.6371109687618299
5,2022-2023,182,0,1,0.6705022614078332
5,2022-2023,183,0,0,0.3121760279735723
5,2022-2023,184,1,0,0.44660523848006045
5,2022-2023,185,1,1,0.5851444487980498
5,2022-2023,186,1,1,0.687763374894112
5,2022-2023,187,0,0,0.4262193095352973
5,2022-2023,188,1,1,0.6089489509398714
5,2022-2023,189,0,1,0.51840544765634
5,2022-2023,190,0,1,0.5853913602233649
5,2022-2023,191,1,1,0.6622844398181985
5,2022-2023,192,1,0,0.482013735834839
5,2022-2023,193,1,0,0.4899742575527345
5,2022-2023,194,1,0,0.4372264334279596
5,2022-2023,195,1,1,0.603197248312298
5,2022-2023,196,0,1,0.5359818030535405
5,2022-2023,197,0,1,0.6447777684131266
5,2022-2023,198,0,1,0.6482951860649893
5,2022-2023,199,1,1,0.6078417308414167
5,2022-2023,200,0,1,0.5160465107373183
5,2022-2023,201,0,1,0.6347349889064173
5,2022-2023,202,1,0,0.45331941399511716
5,2022-2023,203,0,1,0.5815962986179782
5,2022-2023,204,1,0,0.4358187772604264
5,2022-2023,205,1,1,0.5934064489518436
5,2022-2023,206,1,0,0.4801078744083975
5,2022-2023,207,0,0,0.4442853840719848
5,2022-2023,208,1,1,0.5490801720391293
5,2022-2023,209,1,1,0.5699412186313902
5,2022-2023,210,1,1,0.6211876062623723
5,2022-2023,211,1,0,0.3560585240996504
5,2022-2023,212,1,1,0.6157995791030473
5,2022-2023,213,1,1,0.5069890110362775
5,2022-2023,214,1,0,0.4250954461859797
5,2022-2023,215,1,0,0.4870000374761204
5,2022-2023,216,1,1,0.661587513624253
5,2022-2023,217,1,1,0.6860180083826614
5,2022-2023,218,1,1,0.5660229140724851
5,2022-2023,219,1,1,0.5535881974528701
5,2022-2023,220,0,0,0.38354975858387363
5,2022-2023,221,1,1,0.6820882673726215
5,2022-2023,222,0,1,0.6284622372463238
5,2022-2023,223,0,1,0.628084406779142
5,2022-2023,224,1,1,0.5008345412052917
5,2022-2023,225,0,0,0.4353787430566241
5,2022-2023,226,0,1,0.5376394359579509
5,2022-2023,227,0,0,0.4722081660674161
5,2022-2023,228,0,1,0.5705101639459612
5,2022-2023,229,0,0,0.4546747058624778
5,2022-2023,230,1,0,0.48857045768778506
5,2022-2023,231,0,0,0.39874842943071137
5,2022-2023,232,0,0,0.4120086945115966
5,2022-2023,233,1,1,0.6753203277713071
5,2022-2023,234,1,1,0.5410358486488756
5,2022-2023,235,1,1,0.5610284827366961
5,2022-2023,236,1,1,0.5702631254580788
5,2022-2023,237,1,0,0.39908861564334347
5,2022-2023,238,0,1,0.5238972600605332
5,2022-2023,239,0,1,0.5309803336460439
5,2022-2023,240,0,1,0.6281607682380596
5,2022-2023,241,1,1,0.7157988454217488
5,2022-2023,242,1,1,0.7368517388700909
5,2022-2023,243,0,0,0.45511524060097813
5,2022-2023,244,1,1,0.5602526991633624
5,2022-2023,245,0,0,0.48672017003725704
5,2022-2023,246,0,0,0.29917931916540486
5,2022-2023,247,1,1,0.6238682038132234
5,2022-2023,248,1,1,0.7582001525368177
5,2022-2023,249,1,0,0.41676134538776066
5,2022-2023,250,0,0,0.33805051095204136
5,2022-2023,251,1,1,0.6469544322060483
5,2022-2023,252,1,1,0.6647704126655714
5,2022-2023,253,0,0,0.4886284897900977
5,2022-2023,254,0,0,0.3275329157684225
5,2022-2023,255,1,1,0.7119047899756649
5,2022-2023,256,1,1,0.7069479734636734
5,2022-2023,257,1,1,0.5547117743845228
5,2022-2023,258,1,1,0.6752589489739943
5,2022-2023,259,1,1,0.5720796957212517
5,2022-2023,260,0,0,0.4648474601018918
5,2022-2023,261,0,0,0.366589872063615
5,2022-2023,262,1,1,0.7072187605805063
5,2022-2023,263,1,0,0.4722250833063124
5,2022-2023,264,1,0,0.37456812050289456
5,2022-2023,265,1,1,0.6598762874530136
5,2022-2023,266,1,1,0.6629131515704612
5,2022-2023,267,0,0,0.45875824472810084
5,2022-2023,268,1,1,0.5850118392949276
5,2022-2023,269,0,0,0.26757725279551786
5,2022-2023,270,1,1,0.5822860775213148
5,2022-2023,271,0,1,0.6938287890208626
5,2022-2023,272,1,0,0.4737422925976495
5,2022-2023,273,1,1,0.5347089681776099
5,2022-2023,274,1,1,0.6857680966896733
5,2022-2023,275,0,0,0.44850010805402934
5,2022-2023,276,1,1,0.7204404575249002
5,2022-2023,277,1,1,0.6175801053635774
5,2022-2023,278,1,1,0.6642069852951525
5,2022-2023,279,1,0,0.43710728451097053
5,2022-2023,280,0,1,0.7087874199984278
5,2022-2023,281,1,1,0.6107664890940914
5,2022-2023,282,1,1,0.6269296330154036
5,2022-2023,283,0,1,0.5260596462687986
5,2022-2023,284,0,1,0.5192138083303456
5,2022-2023,285,0,1,0.5184225210431603
5,2022-2023,286,1,0,0.36279528259856897
5,2022-2023,287,0,1,0.6858376775126322
5,2022-2023,288,1,0,0.4090191575145094
5,2022-2023,289,1,1,0.6259482770297748
5,2022-2023,290,1,1,0.7714724375156389
5,2022-2023,291,0,1,0.8151966575082671
5,2022-2023,292,1,1,0.704577793448968
5,2022-2023,293,1,1,0.7524998091691714
5,2022-2023,294,1,1,0.6660420991639437
5,2022-2023,295,0,1,0.6934569583198446
5,2022-2023,296,1,1,0.5403327987825094
5,2022-2023,297,1,1,0.5778792808512385
5,2022-2023,298,1,1,0.5319975988633334
5,2022-2023,299,1,1,0.6914282860422166
5,2022-2023,300,0,1,0.8030168479922475
5,2022-2023,301,0,1,0.6989463853907185
5,2022-2023,302,1,1,0.5109969209713204
5,2022-2023,303,0,1,0.6868493932441432
5,2022-2023,304,0,1,0.7120181817992575
5,2022-2023,305,0,1,0.5199017678107063
5,2022-2023,306,0,1,0.6998239666794009
5,2023-2024,6,1,0,0.3434682973737151
5,2023-2024,7,0,1,0.5032792672685538
5,2023-2024,8,0,0,0.40793302910786744
5,2023-2024,9,0,0,0.36844960950288486
5,2023-2024,10,0,0,0.3176128635170865
5,2023-2024,11,1,0,0.303456575443955
5,2023-2024,12,1,0,0.3892467413329867
5,2023-2024,13,0,0,0.4895782821928532
5,2023-2024,14,0,0,0.3930954229120319
5,2023-2024,15,1,0,0.3530107050668006
5,2023-2024,16,0,0,0.4315871648719253
5,2023-2024,17,1,0,0.37583438803386393
5,2023-2024,18,1,0,0.4219154236640927
5,2023-2024,19,1,0,0.4440045518630352
5,2023-2024,20,0,0,0.4853341039397541
5,2023-2024,21,1,0,0.4446670118424025
5,2023-2024,22,1,1,0.5091871773504286
5,2023-2024,23,0,1,0.5201812577982532
5,2023-2024,24,0,0,0.45430716816213784
5,2023-2024,25,1,0,0.44283911167631707
5,2023-2024,26,1,1,0.5056635179485138
5,2023-2024,27,1,1,0.5066505124590711
5,2023-2024,28,0,0,0.48377619461847327
5,2023-2024,29,1,1,0.5411193190374898
5,2023-2024,30,1,1,0.5525314284411195
5,2023-2024,31,1,1,0.5974583390730988
5,2023-2024,32,0,1,0.6090297320087843
5,2023-2024,33,0,0,0.46169032300760987
5,2023-2024,34,1,0,0.40911060074303285
5,2023-2024,35,0,1,0.5942632177446544
5,2023-2024,36,1,1,0.5145835400273893
5,2023-2024,37,0,1,0.5509341412992418
5,2023-2024,38,0,1,0.5229715689286851
5,2023-2024,39,0,0,0.47810527061604463
5,2023-2024,40,0,0,0.45274773530935963
5,2023-2024,41,0,0,0.4325547750025869
5,2023-2024,42,0,0,0.4110797496663007
5,2023-2024,43,1,0,0.4472562303412871
5,2023-2024,44,1,1,0.5039516030472955
5,2023-2024,45,1,1,0.5600203224159368
5,2023-2024,46,0,1,0.6453256013976838
5,2023-2024,47,1,1,0.5473851413160158
5,2023-2024,48,1,1,0.5491572906785966
5,2023-2024,49,1,1,0.5532840499474101
5,2023-2024,50,1,1,0.541073761370226
5,2023-2024,51,1,1,0.5223011345261928
5,2023-2024,52,0,1,0.6301955867584406
5,2023-2024,53,1,0,0.482383581130446
5,2023-2024,54,1,1,0.6448715573110014
5,2023-2024,55,1,1,0.6489596213996813
5,2023-2024,56,1,0,0.4577100757686499
5,2023-2024,57,0,1,0.5141720414482386
5,2023-2024,58,0,1,0.5730390780082998
5,2023-2024,59,0,1,0.59128470528706
5,2023-2024,60,1,1,0.5762489450241797
5,2023-2024,61,0,1,0.5447280701935735
5,2023-2024,62,1,1,0.603228593864413
5,2023-2024,63,1,0,0.4628629045926016
5,2023-2024,64,1,1,0.5743362948185659
5,2023-2024,65,1,1,0.6435640356586251
5,2023-2024,66,1,1,0.6303288635464521
5,2023-2024,67,1,0,0.4631209298229458
5,2023-2024,68,1,1,0.6974385865867241
5,2023-2024,69,1,1,0.5881600962764626
5,2023-2024,70,1,1,0.6773796313167062
5,2023-2024,71,1,1,0.6716121790674475
5,2023-2024,72,1,1,0.7076210535269686
5,2023-2024,73,0,1,0.6473054843674013
5,2023-2024,74,0,1,0.6286654522982952
5,2023-2024,75,1,1,0.6229691808628216
5,2023-2024,76,1,1,0.6886671269687655
5,2023-2024,77,1,1,0.6807940128873946
5,2023-2024,78,1,1,0.6313081894638137
5,2023-2024,79,0,1,0.6144921392391978
5,2023-2024,80,0,1,0.634130138635332
5,2023-2024,81,1,1,0.6220574521732316
5,2023-2024,82,1,1,0.6882531453090867
5,2023-2024,83,1,1,0.687408433643481
5,2023-2024,84,0,1,0.6111050126756755
5,2023-2024,85,0,1,0.710501783196379
5,2023-2024,86,1,1,0.526215186510651
5,2023-2024,87,1,1,0.7318878308888436
5,2023-2024,88,0,1,0.590575920827749
5,2023-2024,89,1,1,0.6327485668214542
5,2023-2024,90,1,1,0.7821990760582437
5,2023-2024,91,0,1,0.6369753864003539
5,2023-2024,92,0,0,0.39161925829438615
5,2023-2024,93,1,1,0.5384188540948347
5,2023-2024,94,0,1,0.7034777184523274
5,2023-2024,95,0,1,0.571594442166056
5,2023-2024,96,1,1,0.5803223957267468
5,2023-2024,97,1,1,0.695177685719775
5,2023-2024,98,0,0,0.398958104450011
5,2023-2024,99,0,1,0.6699721656948676
5,2023-2024,100,1,1,0.7145587053341352
5,2023-2024,101,0,0,0.48789740292028755
5,2023-2024,102,0,1,0.7695399233064248
5,2023-2024,103,0,1,0.6963872177628415
5,2023-2024,104,1,1,0.6794085676790191
5,2023-2024,105,0,1,0.7254471655237935
5,2023-2024,106,0,1,0.5400999030015272
5,2023-2024,107,1,1,0.6559549364406704
5,2023-2024,108,1,1,0.6324218101356992
5,2023-2024,109,1,1,0.5515385971191624
5,2023-2024,110,0,1,0.5950453083324002
5,2023-2024,111,1,1,0.7058926334468982
5,2023-2024,112,0,1,0.6128952981428285
5,2023-2024,113,1,1,0.5613468397231369
5,2023-2024,114,1,1,0.5560076966043983
5,2023-2024,115,1,1,0.656855079526344
5,2023-2024,116,0,1,0.6545868131114947
5,2023-2024,117,0,1,0.5008223789530919
5,2023-2024,118,1,1,0.6337735145739378
5,2023-2024,119,1,1,0.6991306473790626
5,2023-2024,120,1,1,0.5523671275410345
5,2023-2024,121,1,1,0.6170741430203479
5,2023-2024,122,0,0,0.4423919099020322
5,2023-2024,123,1,1,0.7342947127156739
5,2023-2024,124,0,1,0.6784656922430663
5,2023-2024,125,0,1,0.5384884282470154
5,2023-2024,126,1,0,0.454927618105639
5,2023-2024,127,1,1,0.543094615513274
5,2023-2024,128,1,1,0.6541935139891595
5,2023-2024,129,0,1,0.6751750809291176
5,2023-2024,130,0,0,0.46792262160759923
5,2023-2024,131,1,1,0.6523704131608243
5,2023-2024,132,0,1,0.6492123478227424
5,2023-2024,133,0,1,0.5784495656741215
5,2023-2024,134,1,0,0.4239979745225781
5,2023-2024,135,0,0,0.4376827232807654
5,2023-2024,136,0,0,0.4984963594779059
5,2023-2024,137,1,1,0.5113920768877642
5,2023-2024,138,1,1,0.6610600760743117
5,2023-2024,139,1,1,0.6192429517181361
5,2023-2024,140,1,1,0.6366202798358896
5,2023-2024,141,0,0,0.4613111220092452
5,2023-2024,142,1,1,0.5891392996750053
5,2023-2024,143,0,0,0.4606033966949469
5,2023-2024,144,0,1,0.641992982310524
5,2023-2024,145,1,1,0.646725063674766
5,2023-2024,146,1,1,0.6340769104849968
5,2023-2024,147,1,1,0.6124889067772341
5,2023-2024,148,1,1,0.6722412451392448
5,2023-2024,149,1,1,0.7389953320307323
5,2023-2024,150,0,1,0.6528070239661379
5,2023-2024,151,0,0,0.3653010435076457
5,2023-2024,152,1,0,0.35431911249068904
5,2023-2024,153,1,1,0.5715912929368774
5,2023-2024,154,1,1,0.6580797966004592
5,2023-2024,155,0,1,0.5500056822608019
5,2023-2024,156,1,1,0.722890165519825
5,2023-2024,157,1,1,0.6463021296120312
5,2023-2024,158,1,1,0.7830432043506695
5,2023-2024,159,1,1,0.7376912331368128
5,2023-2024,160,0,1,0.5019836758012871
5,2023-2024,161,0,1,0.6427942803604781
5,2023-2024,162,0,1,0.6379579860408896
5,2023-2024,163,0,0,0.2911437743071503
5,2023-2024,164,1,1,0.6177774662565377
5,2023-2024,165,0,0,0.27515993877064765
5,2023-2024,166,0,1,0.6621996226969319
5,2023-2024,167,0,1,0.5016416986801352
5,2023-2024,168,0,0,0.35450858871187335
5,2023-2024,169,0,1,0.5360955491497988
5,2023-2024,170,0,0,0.3626966717090559
5,2023-2024,171,1,0,0.43877656831861583
5,2023-2024,172,1,0,0.46884254275647574
5,2023-2024,173,0,0,0.48883222629779594
5,2023-2024,174,1,0,0.39333665010549035
5,2023-2024,175,0,0,0.42915776203297745
5,2023-2024,176,0,0,0.4949734662381697
5,2023-2024,177,1,1,0.535793433779023
5,2023-2024,178,1,1,0.5965097085823197
5,2023-2024,179,1,0,0.406419848288013
5,2023-2024,180,0,1,0.6215550883202334
5,2023-2024,181,1,0,0.4933925104074146
5,2023-2024,182,1,1,0.6772351098093479
5,2023-2024,183,0,0,0.45228450259768344
5,2023-2024,184,1,1,0.5877221104344307
5,2023-2024,185,0,1,0.6435234681378064
5,2023-2024,186,0,0,0.465353156271834
5,2023-2024,187,1,0,0.4965328236777737
5,2023-2024,188,1,1,0.6009356146428825
5,2023-2024,189,0,0,0.2925326193013519
5,2023-2024,190,1,0,0.43720333145482165
5,2023-2024,191,0,0,0.48368089813831294
5,2023-2024,192,0,0,0.4053718342219881
5,2023-2024,193,0,0,0.31709122384207516
5,2023-2024,194,0,1,0.5065837922151473
5,2023-2024,195,1,0,0.4601977193542149
5,2023-2024,196,1,0,0.41105309451851685
5,2023-2024,197,1,1,0.6720577096368292
5,2023-2024,198,1,1,0.5624749321976116
5,2023-2024,199,1,1,0.6115832226319713
5,2023-2024,200,1,1,0.6227763110884457
5,2023-2024,201,1,1,0.5376427386369413
5,2023-2024,202,1,0,0.4466940864074236
5,2023-2024,203,1,1,0.7293121674162033
5,2023-2024,204,1,1,0.6941177023321194
5,2023-2024,205,1,1,0.7123460125641029
5,2023-2024,206,1,1,0.7232663195561525
5,2023-2024,207,0,1,0.7768137524260191
5,2023-2024,208,1,1,0.7685680600480456
5,2023-2024,209,0,1,0.7129263811288125
5,2023-2024,210,0,1,0.6473029776333893
5,2023-2024,211,0,1,0.636916900966369
5,2023-2024,212,0,0,0.22888330132335943
5,2023-2024,213,0,0,0.43818039515943946
5,2023-2024,214,1,1,0.6382841328927477
5,2023-2024,215,0,0,0.48579645333812277
5,2023-2024,216,0,1,0.7195176389448115
5,2023-2024,217,1,1,0.786802963435334
5,2023-2024,218,1,0,0.3293597927349574
5,2023-2024,219,0,1,0.5309536700252337
5,2023-2024,220,1,1,0.6587259671200375
5,2023-2024,221,1,1,0.6447351854848438
5,2023-2024,222,0,1,0.6562008337399712
5,2023-2024,223,0,0,0.42080587072315767
5,2023-2024,224,0,0,0.3235261600532293
5,2023-2024,225,1,1,0.5771041656154461
5,2023-2024,226,1,0,0.3492858054783334
5,2023-2024,227,1,1,0.7138817538856
5,2023-2024,228,0,0,0.23791684511035463
5,2023-2024,229,0,1,0.6759169666755735
5,2023-2024,230,1,1,0.5889354304572925
5,2023-2024,231,1,0,0.3929720758487045
5,2023-2024,232,1,1,0.6200620909052075
5,2023-2024,233,1,1,0.6472080844835252
5,2023-2024,234,0,0,0.47919544693897703
5,2023-2024,235,0,1,0.6465516254219066
5,2023-2024,236,0,0,0.2231757251889738
5,2023-2024,237,0,0,0.394099083036966
5,2023-2024,238,1,1,0.6850759545379563
5,2023-2024,239,1,1,0.6238582382356528
5,2023-2024,240,0,0,0.41208712974275036
5,2023-2024,241,1,0,0.40795762193543106
5,2023-2024,242,1,1,0.6011502859246567
5,2023-2024,243,1,1,0.7986303894001138
5,2023-2024,244,0,1,0.5506775103204832
5,2023-2024,245,0,1,0.5227132340312389
5,2023-2024,246,1,1,0.7063436628359135
5,2023-2024,247,0,1,0.514175439712231
5,2023-2024,248,1,0,0.3965612461343508
5,2023-2024,249,1,1,0.754978006111624
5,2023-2024,250,1,1,0.648597069787459
5,2023-2024,251,0,1,0.664150570221204
5,2023-2024,252,1,1,0.5390149778276218
5,2023-2024,253,1,1,0.6295202940734014
5,2023-2024,254,0,1,0.5940949307670863
5,2023-2024,255,1,0,0.4750327530903847
5,2023-2024,256,0,1,0.591954244490287
5,2023-2024,257,0,0,0.20962003029919798
5,2023-2024,258,0,0,0.32314625399338126
5,2023-2024,259,1,1,0.5138020480298949
5,2023-2024,260,1,0,0.4679172208369642
5,2023-2024,261,1,1,0.5572136710555932
5,2023-2024,262,1,0,0.4123349921965819
5,2023-2024,263,0,0,0.4317060802119636
5,2023-2024,264,0,0,0.33066700286523926
5,2023-2024,265,0,0,0.43807692755012956
5,2023-2024,266,1,1,0.7341431510211786
5,2023-2024,267,0,0,0.4564849956920425
5,2023-2024,268,1,0,0.37953374375488214
5,2023-2024,269,1,0,0.416383689918184
5,2023-2024,270,1,1,0.536776190492922
5,2023-2024,271,1,1,0.5769781220477738
5,2023-2024,272,1,0,0.32552148352605514
5,2023-2024,273,1,1,0.5441177758828369
5,2023-2024,274,1,1,0.6341766595800411
5,2023-2024,275,1,1,0.5013547816645254
5,2023-2024,276,1,1,0.5541190074890733
5,2023-2024,277,0,1,0.6746793818102544
5,2023-2024,278,1,1,0.6713885855468557
5,2023-2024,279,1,1,0.6294041391315062
5,2023-2024,280,1,1,0.6055900467070364
5,2023-2024,281,1,1,0.6112632707794877
5,2023-2024,282,0,0,0.48890838668961617
5,2023-2024,283,1,1,0.5437668580495905
5,2023-2024,284,1,1,0.6610338404847242
5,2023-2024,285,1,1,0.6074938890086509
5,2023-2024,286,1,1,0.6297348518540432
5,2023-2024,287,0,1,0.550026973980653
5,2023-2024,288,0,1,0.6288439349323947
5,2023-2024,289,1,1,0.5523905439656988
5,2023-2024,290,1,1,0.5478498914641948
5,2023-2024,291,0,1,0.5032836787034326
5,2023-2024,292,0,0,0.36197080489747235
5,2023-2024,293,0,0,0.4560160592762435
5,2023-2024,294,1,0,0.4835834373286667
5,2023-2024,295,1,1,0.680733829138389
5,2023-2024,296,1,1,0.628782378632287
5,2023-2024,297,0,0,0.32132094379541776
5,2023-2024,298,1,1,0.665074929308436
5,2023-2024,299,1,1,0.6737463475099862
5,2023-2024,300,0,1,0.7360696830484204
5,2023-2024,301,1,1,0.6635621806618645
5,2023-2024,302,0,1,0.6471038934808092
5,2023-2024,303,1,1,0.6857923394128442
5,2023-2024,304,1,1,0.6900437137379273
5,2023-2024,305,0,1,0.6539935907848395
5,2023-2024,306,1,1,0.6839132623130469
5,2023-2024,307,0,1,0.7385748546551447
5,2023-2024,308,1,1,0.7227848903640492
5,2023-2024,309,1,1,0.7314105429899744
5,2023-2024,310,1,0,0.4919779862219971
5,2023-2024,311,1,1,0.5966060537252312
5,2023-2024,312,1,1,0.7317374876519501
5,2023-2024,313,1,1,0.7294438560733456
5,2023-2024,314,0,1,0.746484582335283
5,2023-2024,315,1,1,0.6244577720406624
5,2023-2024,316,0,0,0.34651304436286884
5,2023-2024,317,1,1,0.6151126360561618
5,2023-2024,318,1,1,0.6863950107639711
5,2023-2024,319,0,0,0.4284589625498695
5,2023-2024,320,0,0,0.34498662546211034
5,2023-2024,321,0,1,0.6760481113006326
5,2023-2024,322,1,1,0.7577793205266293
5,2023-2024,323,1,1,0.6866559122176437
5,2023-2024,324,1,1,0.7009356532650686
5,2023-2024,325,0,0,0.36556817033607675
5,2023-2024,326,0,0,0.3941277667355405
5,2023-2024,327,1,1,0.6556067353597681
5,2023-2024,328,0,1,0.5156006480083053
5,2023-2024,329,1,0,0.38065678401997133
5,2023-2024,330,1,0,0.42294719743762754
5,2023-2024,331,0,1,0.6657607128532717
5,2023-2024,332,0,0,0.3987809559239484
5,2023-2024,333,0,0,0.4816798747586336
5,2023-2024,334,0,1,0.5592694640987687
5,2023-2024,335,0,1,0.7000388656512521
5,2023-2024,336,1,1,0.7616732914529089
5,2023-2024,337,0,1,0.6717930319663549
5,2023-2024,338,0,0,0.30765070264930944
5,2023-2024,339,0,0,0.3009527302626748
5,2023-2024,340,1,0,0.4631052784720273
5,2023-2024,341,0,0,0.444705148083313
5,2023-2024,342,0,0,0.40418858340074937
5,2023-2024,343,0,0,0.49755171250146357
5,2023-2024,344,0,1,0.5752963834775772
5,2023-2024,345,1,0,0.4259827276319994
5,2023-2024,346,1,1,0.8005700902076858
5,2023-2024,347,1,1,0.7673501670771534
5,2023-2024,348,1,1,0.5802476851455911
5,2023-2024,349,0,1,0.6582913156642696
5,2023-2024,350,1,0,0.47961963289409226
5,2023-2024,351,1,1,0.7581836108423735
5,2023-2024,352,1,1,0.5897874581309619
5,2023-2024,353,1,1,0.7463434034337096
5,2023-2024,354,1,1,0.7354957184880678
5,2023-2024,355,1,1,0.6038969918366698
5,2023-2024,356,1,1,0.7537078908709349
5,2023-2024,357,1,0,0.4551169426657275
5,2023-2024,358,0,0,0.3408173140031861
5,2023-2024,359,1,1,0.511512313204655
5,2023-2024,360,0,1,0.5757905785023132
5,2023-2024,361,1,1,0.6967980731539859
5,2023-2024,362,0,0,0.26328169581226873
5,2023-2024,363,1,1,0.7227447437144168
5,2023-2024,364,0,0,0.3761615558040949
5,2023-2024,365,1,1,0.7245537249503434
5,2023-2024,366,1,1,0.6091020266234931
5,2023-2024,367,1,0,0.4164065779774658
5,2023-2024,368,1,1,0.75731800257796
5,2023-2024,369,0,1,0.6273887392310626
5,2023-2024,370,1,1,0.6057712923733058
5,2023-2024,371,1,1,0.7063641452574233
5,2023-2024,372,1,1,0.6068106445176662
5,2023-2024,373,0,0,0.47676414599565436
5,2023-2024,374,0,1,0.7467891593075373
5,2023-2024,375,0,0,0.31054974322574763
5,2023-2024,376,0,1,0.5138043175441698
5,2023-2024,377,1,1,0.5675283505667806
5,2023-2024,378,0,1,0.7466472025344922
5,2023-2024,379,0,0,0.377438528133357
5,2023-2024,380,1,0,0.3994018881024262
10,2008-2009,11,1,0,0.49641463205530095
10,2008-2009,12,1,1,0.5323093848155923
10,2008-2009,13,0,1,0.5650018553583592
10,2008-2009,14,0,1,0.5115363482222841
10,2008-2009,15,0,1,0.555572012785031
10,2008-2009,16,0,0,0.46912116295254125
10,2008-2009,17,1,0,0.4776737925965934
10,2008-2009,18,1,0,0.4953465772471974
10,2008-2009,19,0,0,0.47023399863907916
10,2008-2009,20,1,0,0.4488724687370214
10,2008-2009,21,0,1,0.5153626338693674
10,2008-2009,22,1,0,0.48425312951407945
10,2008-2009,23,0,1,0.5109305869253231
10,2008-2009,24,1,0,0.49252700653563686
10,2008-2009,25,1,0,0.49336049901238177
10,2008-2009,26,1,0,0.47578389359766304
10,2008-2009,27,1,1,0.5043799090975499
10,2008-2009,28,1,1,0.5445587438279411
10,2008-2009,29,1,1,0.6202254345951212
10,2008-2009,30,1,1,0.6078828235398569
10,2008-2009,31,1,1,0.6182512051396358
10,2008-2009,32,1,1,0.6039502974065107
10,2008-2009,33,1,1,0.6256179293635706
10,2008-2009,34,1,1,0.6743305191415905
10,2008-2009,35,1,1,0.6859702947291834
10,2008-2009,36,1,1,0.6715754773580792
10,2008-2009,37,1,1,0.7347196579179225
10,2008-2009,38,1,1,0.7485833139504504
10,2008-2009,39,0,1,0.7703224867609093
10,2008-2009,40,0,1,0.6854745599549937
10,2008-2009,41,1,1,0.623926277606663
10,2008-2009,42,1,1,0.664002937751893
10,2008-2009,43,1,1,0.6980638112574514
10,2008-2009,44,1,1,0.715502271317437
10,2008-2009,45,1,1,0.7273578374928971
10,2008-2009,46,1,1,0.7720275422798057
10,2008-2009,47,1,1,0.7271427747238737
10,2008-2009,48,1,1,0.7423694201059204
10,2008-2009,49,1,1,0.8075989264711584
10,2008-2009,50,1,1,0.8097811293798736
10,2008-2009,51,1,1,0.8139819175920194
10,2008-2009,52,0,1,0.7790649936709548
10,2008-2009,53,1,1,0.80558820492993
10,2008-2009,54,0,1,0.7350533975500224
10,2008-2009,55,0,1,0.6485719604754702
10,2008-2009,56,0,1,0.7701419260497149
10,2008-2009,57,0,1,0.6650165751054147
10,2008-2009,58,1,1,0.7317980819541909
10,2008-2009,59,0,1,0.7571974416109791
10,2008-2009,60,1,1,0.6750679492377163
10,2008-2009,61,0,1,0.6407666827998781
10,2008-2009,62,0,1,0.6234054950269219
10,2008-2009,63,1,1,0.6720230145320043
10,2008-2009,64,0,0,0.48321350998791823
10,2008-2009,65,0,1,0.7206808613896317
10,2008-2009,66,1,1,0.7227200504339261
10,2008-2009,67,1,1,0.7338319155783651
10,2008-2009,68,0,1,0.6637898140119848
10,2008-2009,69,1,1,0.6418837304977753
10,2008-2009,70,0,1,0.6168489372483185
10,2008-2009,71,0,1,0.707474286871318
10,2008-2009,72,0,1,0.6042627303143819
10,2008-2009,73,1,1,0.7295167031254383
10,2008-2009,74,0,1,0.6802875409891869
10,2008-2009,75,0,1,0.5067312490246408
10,2008-2009,76,1,1,0.5857328801266619
10,2008-2009,77,1,1,0.6676654777680179
10,2008-2009,78,0,1,0.6353203373191031
10,2008-2009,79,1,1,0.5674957291958405
10,2008-2009,80,0,1,0.679449284370461
10,2008-2009,81,1,0,0.4847524459298718
10,2008-2009,82,0,1,0.6784056165153599
10,2008-2009,83,1,1,0.6317067000625046
10,2008-2009,84,1,1,0.6071726491714386
10,2008-2009,85,1,1,0.6834546684192421
10,2008-2009,86,1,1,0.7093077963878335
10,2008-2009,87,0,1,0.5671912404076427
10,2008-2009,88,1,1,0.6500715711720311
10,2008-2009,89,1,1,0.6772672756335918
10,2008-2009,90,1,1,0.6744132856265724
10,2008-2009,91,1,1,0.6163933791838276
10,2008-2009,92,1,1,0.695309604238648
10,2008-2009,93,1,1,0.7574322811200735
10,2008-2009,94,1,1,0.7641063802896946
10,2008-2009,95,1,1,0.7139013747557533
10,2008-2009,96,0,1,0.5909283795017203
10,2008-2009,97,1,1,0.7684683710370108
10,2008-2009,98,0,1,0.554119122702649
10,2008-2009,99,1,1,0.8037221631192738
10,2008-2009,100,1,1,0.6744276098812864
10,2008-2009,101,1,1,0.8121998336165948
10,2008-2009,102,1,0,0.4660159901381375
10,2008-2009,103,1,1,0.7873099769599919
10,2008-2009,104,1,1,0.8009485012464201
10,2008-2009,105,0,0,0.47779457058210606
10,2008-2009,106,1,1,0.7757790514211984
10,2008-2009,107,1,1,0.6581092983698487
10,2008-2009,108,0,0,0.4553624878755051
10,2008-2009,109,1,1,0.8467707414368172
10,2008-2009,110,1,1,0.7599682094961845
10,2008-2009,111,1,1,0.6960250054651589
10,2008-2009,112,1,1,0.7096803263813818
10,2008-2009,113,1,1,0.8355491914264506
10,2008-2009,114,1,1,0.7689604845281148
10,2008-2009,115,1,1,0.7539955873019497
10,2008-2009,116,1,1,0.865185052030381
10,2008-2009,117,1,1,0.8716002957565853
10,2008-2009,118,1,1,0.7084724084105015
10,2008-2009,119,1,1,0.7792323854312638
10,2008-2009,120,0,1,0.5810565913030207
10,2008-2009,121,1,1,0.7064828551178814
10,2008-2009,122,0,1,0.5988817218309038
10,2008-2009,123,1,1,0.8493651307517869
10,2008-2009,124,1,1,0.5179803504358619
10,2008-2009,125,0,1,0.5872900201283486
10,2008-2009,126,0,0,0.4007472343856705
10,2008-2009,127,0,1,0.5682218794610929
10,2008-2009,128,1,1,0.8827458836053371
10,2008-2009,129,0,0,0.31236715134836535
10,2008-2009,130,1,1,0.8252344222635121
10,2008-2009,131,0,0,0.2113750115158788
10,2008-2009,132,0,0,0.43202894190214297
10,2008-2009,133,1,1,0.6975296519650364
10,2008-2009,134,1,1,0.8809012276588941
10,2008-2009,135,1,1,0.8196357104724786
10,2008-2009,136,0,0,0.3385100664662776
10,2008-2009,137,0,0,0.22585441418843605
10,2008-2009,138,1,1,0.8811905928538023
10,2008-2009,139,0,1,0.595387502805374
10,2008-2009,140,1,1,0.8817339641367767
10,2008-2009,141,0,0,0.17102731588191167
10,2008-2009,142,0,1,0.6795929990633335
10,2008-2009,143,1,1,0.5507385200788236
10,2008-2009,144,1,1,0.739184506371083
10,2008-2009,145,1,1,0.8343916654159029
10,2008-2009,146,1,1,0.7138183791763437
10,2008-2009,147,0,0,0.16601564810983993
10,2008-2009,148,0,0,0.15340923725941302
10,2008-2009,149,1,0,0.47842736121631324
10,2008-2009,150,0,0,0.32530823966284866
10,2008-2009,151,1,1,0.8846369344546821
10,2008-2009,152,1,1,0.9123584440714448
10,2008-2009,153,0,1,0.8312775978142677
10,2008-2009,154,1,1,0.9010015082245904
10,2008-2009,155,0,1,0.7495868238031487
10,2008-2009,156,1,1,0.8120611925915774
10,2008-2009,157,1,1,0.8587895429021047
10,2008-2009,158,1,1,0.6766734498831841
10,2008-2009,159,0,0,0.24047444088734327
10,2008-2009,160,1,1,0.9071074908109201
10,2008-2009,161,1,1,0.8787948538132226
10,2008-2009,162,0,0,0.4909504823864869
10,2008-2009,163,1,1,0.9146046938671348
10,2008-2009,164,1,1,0.7065360782286888
10,2008-2009,165,1,1,0.8235829968895686
10,2008-2009,166,1,1,0.8287108132935932
10,2008-2009,167,1,1,0.8772044995521135
10,2008-2009,168,1,1,0.8505898912370549
10,2008-2009,169,1,1,0.8218091138909789
10,2008-2009,170,1,1,0.9171876417238983
10,2008-2009,171,0,1,0.7121714138555356
10,2008-2009,172,1,1,0.9091577592389795
10,2008-2009,173,0,0,0.35160635322535494
10,2008-2009,174,1,1,0.9231781678552381
10,2008-2009,175,0,1,0.91620800642009
10,2008-2009,176,1,1,0.7590710644650961
10,2008-2009,177,0,1,0.7785117902262674
10,2008-2009,178,1,1,0.904343730559682
10,2008-2009,179,1,1,0.8891854904011962
10,2008-2009,180,1,0,0.2455306058621542
10,2008-2009,181,1,1,0.7645929190315822
10,2008-2009,182,1,1,0.656890893781823
10,2008-2009,183,0,0,0.14449004382542943
10,2008-2009,184,1,0,0.3673396111156536
10,2008-2009,185,1,1,0.8073119116238608
10,2008-2009,186,0,0,0.2951683710503944
10,2008-2009,187,0,0,0.26240411963546983
10,2008-2009,188,0,0,0.24448103508030156
10,2008-2009,189,0,0,0.19071901709035152
10,2008-2009,190,0,0,0.15928990232165133
10,2008-2009,191,0,0,0.1784681114543466
10,2008-2009,192,1,1,0.8894727285033096
10,2008-2009,193,0,1,0.6885157945898525
10,2008-2009,194,1,1,0.7823382856448873
10,2008-2009,195,0,0,0.16022877089709928
10,2008-2009,196,1,1,0.9055807358647697
10,2008-2009,197,1,1,0.8408068555333871
10,2008-2009,198,1,1,0.9014798206948696
10,2008-2009,199,0,0,0.19537546677512016
10,2008-2009,200,1,1,0.8983732860867932
10,2008-2009,201,1,1,0.8712010736827962
10,2008-2009,202,0,1,0.5602313586694093
10,2008-2009,203,0,1,0.8300953935856829
10,2008-2009,204,0,1,0.5129595832874039
10,2008-2009,205,1,1,0.5551566728312406
10,2008-2009,206,1,1,0.6335125562328113
10,2008-2009,207,0,1,0.8446150336054608
10,2008-2009,208,1,1,0.7498535312605525
10,2008-2009,209,1,1,0.786138685183714
10,2008-2009,210,1,1,0.6870079309384401
10,2008-2009,211,1,1,0.817371033391262
10,2008-2009,212,1,1,0.5725742492149098
10,2008-2009,213,0,1,0.8069416264253331
10,2008-2009,214,1,1,0.7670925875906959
10,2008-2009,215,1,0,0.44951918588226036
10,2008-2009,216,0,1,0.5239929273219613
10,2008-2009,217,1,1,0.8079585817869073
10,2008-2009,218,1,1,0.8043551600341403
10,2008-2009,219,1,0,0.4409365766865861
10,2008-2009,220,1,1,0.8602651964461693
10,2008-2009,221,1,1,0.7894203480367002
10,2008-2009,222,0,1,0.7633444837247954
10,2008-2009,223,0,1,0.5891317219530197
10,2008-2009,224,0,1,0.8292110832189075
10,2008-2009,225,1,1,0.546447355652002
10,2008-2009,226,1,0,0.41431619164564354
10,2009-2010,11,0,1,0.9005245176890802
10,2009-2010,12,0,1,0.815905586031311
10,2009-2010,13,0,1,0.7804699660532671
10,2009-2010,14,0,1,0.6969387123416403
10,2009-2010,15,1,1,0.64324124088926
10,2009-2010,16,1,1,0.6727122922748849
10,2009-2010,17,1,1,0.6913047369990328
10,2009-2010,18,1,1,0.7052654635795154
10,2009-2010,19,0,1,0.7211838238263127
10,2009-2010,20,0,1,0.6876987861884196
10,2009-2010,21,1,1,0.6508183235306528
10,2009-2010,22,0,1,0.6964308797956178
10,2009-2010,23,1,1,0.6399567207940892
10,2009-2010,24,0,1,0.6602753345366
10,2009-2010,25,0,1,0.5987528161533109
10,2009-2010,26,1,1,0.606279391738458
10,2009-2010,27,1,1,0.5889674524135012
10,2009-2010,28,1,1,0.599597377287144
10,2009-2010,29,1,1,0.6535017854119709
10,2009-2010,30,1,1,0.6513297075507152
10,2009-2010,31,1,1,0.6863046956413867
10,2009-2010,32,1,1,0.6877844404864177
10,2009-2010,33,1,1,0.6960424530977364
10,2009-2010,34,0,1,0.6920896843870197
10,2009-2010,35,1,1,0.6744465825568021
10,2009-2010,36,0,1,0.6988680744085743
10,2009-2010,37,1,1,0.6776017344844881
10,2009-2010,38,1,1,0.6657462379823016
10,2009-2010,39,1,1,0.6798181102678069
10,2009-2010,40,1,1,0.6857573616053236
10,2009-2010,41,1,1,0.7100049472613581
10,2009-2010,42,0,1,0.7211121281848095
10,2009-2010,43,1,1,0.7111589766613446
10,2009-2010,44,1,1,0.6942661496272297
10,2009-2010,45,1,1,0.7108295064126967
10,2009-2010,46,0,1,0.6909067143489854
10,2009-2010,47,1,1,0.656556507535246
10,2009-2010,48,1,1,0.7214316660479339
10,2009-2010,49,1,1,0.6758770275398613
10,2009-2010,50,0,1,0.6984229425282111
10,2009-2010,51,1,1,0.7605218113573465
10,2009-2010,52,1,1,0.747671492484534
10,2009-2010,53,1,1,0.6631476900896999
10,2009-2010,54,0,1,0.745591240253167
10,2009-2010,55,1,1,0.7672397019724617
10,2009-2010,56,0,1,0.6368044029515567
10,2009-2010,57,1,1,0.7440325913824715
10,2009-2010,58,0,1,0.7402833013879002
10,2009-2010,59,1,1,0.7253390542122622
10,2009-2010,60,0,1,0.5672180906892272
10,2009-2010,61,1,1,0.672387355466975
10,2009-2010,62,0,1,0.7396586883315737
10,2009-2010,63,1,1,0.6511627911079704
10,2009-2010,64,0,0,0.48102384147393135
10,2009-2010,65,1,1,0.7896330969976727
10,2009-2010,66,1,1,0.7340110973506567
10,2009-2010,67,1,1,0.6890686304896078
10,2009-2010,68,1,1,0.7001019039337231
10,2009-2010,69,1,1,0.7830043260073732
10,2009-2010,70,0,1,0.6608828221451256
10,2009-2010,71,0,1,0.7848870148499251
10,2009-2010,72,1,0,0.4738136839387824
10,2009-2010,73,0,1,0.5313962805230009
10,2009-2010,74,1,1,0.5447734508597218
10,2009-2010,75,1,1,0.6042125618215467
10,2009-2010,76,1,0,0.46353701706471406
10,2009-2010,77,1,1,0.7685922185319936
10,2009-2010,78,1,1,0.692050116292857
10,2009-2010,79,1,0,0.49497891320153087
10,2009-2010,80,1,1,0.7065433275883198
10,2009-2010,81,1,1,0.7605191708457728
10,2009-2010,82,1,1,0.7192038225388284
10,2009-2010,83,1,1,0.7938698208359453
10,2009-2010,84,1,1,0.7742561212766466
10,2009-2010,85,0,1,0.7828739187502348
10,2009-2010,86,1,1,0.7226919673071479
10,2009-2010,87,1,1,0.7210564752903911
10,2009-2010,88,0,1,0.5449423497594956
10,2009-2010,89,0,1,0.7630518350448615
10,2009-2010,90,1,1,0.6779688651854473
10,2009-2010,91,1,1,0.764355552531238
10,2009-2010,92,1,1,0.7730771502802044
10,2009-2010,93,0,1,0.5742312229644099
10,2009-2010,94,1,1,0.7939097807971058
10,2009-2010,95,0,1,0.5825869569646543
10,2009-2010,96,0,1,0.7179956675859273
10,2009-2010,97,0,0,0.4911105429395977
10,2009-2010,98,1,1,0.5166084842294472
10,2009-2010,99,1,1,0.7555710513828485
10,2009-2010,100,1,1,0.8068677322172326
10,2009-2010,101,0,1,0.7139053489908362
10,2009-2010,102,1,1,0.7953375774663752
10,2009-2010,103,1,1,0.6964603319950057
10,2009-2010,104,1,1,0.7036944953874713
10,2009-2010,105,1,1,0.6622523888254617
10,2009-2010,106,0,1,0.7919072235229497
10,2009-2010,107,0,1,0.6444695504397852
10,2009-2010,108,1,1,0.779104628322676
10,2009-2010,109,1,1,0.7350132074716618
10,2009-2010,110,1,1,0.7724914088306536
10,2009-2010,111,0,1,0.7946816055529456
10,2009-2010,112,1,1,0.7789305841321473
10,2009-2010,113,0,0,0.44745943910355584
10,2009-2010,114,1,1,0.6874326273427313
10,2009-2010,115,0,0,0.39125789748792084
10,2009-2010,116,1,1,0.7643528207016489
10,2009-2010,117,1,0,0.4553193314296258
10,2009-2010,118,1,1,0.7344854678743226
10,2009-2010,119,0,0,0.385008699399822
10,2009-2010,120,0,1,0.7831446327407515
10,2009-2010,121,1,1,0.7272609290703047
10,2009-2010,122,1,0,0.337732809137647
10,2009-2010,123,1,1,0.5844479810980822
10,2009-2010,124,0,1,0.5525747094028257
10,2009-2010,125,1,1,0.7087260296854508
10,2009-2010,126,0,1,0.5294560104064818
10,2009-2010,127,1,1,0.8015398193998065
10,2009-2010,128,1,1,0.7563296978845916
10,2009-2010,129,1,1,0.7596925753701823
10,2009-2010,130,1,1,0.7945361366588033
10,2009-2010,131,1,1,0.5840324263825979
10,2009-2010,132,1,0,0.4514825958278543
10,2009-2010,133,0,1,0.7321534291281766
10,2009-2010,134,0,1,0.6681310857541861
10,2009-2010,135,1,1,0.6395755440389711
10,2009-2010,136,0,1,0.7829795790957712
10,2009-2010,137,0,1,0.7303967507923396
10,2009-2010,138,0,1,0.7825604159672488
10,2009-2010,139,1,1,0.7587398237775173
10,2009-2010,140,1,1,0.6157381794123501
10,2009-2010,141,1,1,0.5969250376299778
10,2009-2010,142,0,1,0.6927654849916727
10,2009-2010,143,0,1,0.6873086188776225
10,2009-2010,144,1,1,0.6362235785033462
10,2009-2010,145,1,1,0.7288408575310698
10,2009-2010,146,1,1,0.7161479057965947
10,2009-2010,147,1,1,0.6311477698816373
10,2009-2010,148,1,1,0.5889087919854786
10,2009-2010,149,0,1,0.7503903970038297
10,2009-2010,150,1,1,0.607637500445643
10,2009-2010,151,1,1,0.705376029558212
10,2011-2012,11,1,1,0.6180808410237162
10,2011-2012,12,1,1,0.6046854279651281
10,2011-2012,13,0,1,0.6380422259201536
10,2011-2012,14,1,1,0.5635700954632848
10,2011-2012,15,1,1,0.6308360079362948
10,2011-2012,16,0,1,0.6336627004866242
10,2011-2012,17,1,1,0.6159377184069639
10,2011-2012,18,1,1,0.5786149030203187
10,2011-2012,19,0,1,0.6694900122732501
10,2011-2012,20,1,1,0.632118762897759
10,2011-2012,21,1,1,0.5982507613078369
10,2011-2012,22,0,1,0.6631753743751444
10,2011-2012,23,1,1,0.6068947489238008
10,2011-2012,24,0,1,0.6606473653835747
10,2011-2012,25,0,1,0.6384698864681694
10,2011-2012,26,1,1,0.6154540557218112
10,2011-2012,27,1,1,0.6158698225447986
10,2011-2012,28,1,1,0.5959695853051132
10,2011-2012,29,1,1,0.637663490039737
10,2011-2012,30,0,1,0.6615471179738499
10,2011-2012,31,1,1,0.6405115991391747
10,2011-2012,32,1,1,0.6504371610716143
10,2011-2012,33,0,1,0.6391752519058771
10,2011-2012,34,1,1,0.602556856782309
10,2011-2012,35,0,1,0.6312880171296805
10,2011-2012,36,0,1,0.6377472689481232
10,2011-2012,37,0,1,0.6091109275888903
10,2011-2012,38,1,1,0.5742160020179407
10,2011-2012,39,0,1,0.6158457955302739
10,2011-2012,40,1,1,0.5659598747819348
10,2011-2012,41,1,1,0.6225918478249458
10,2011-2012,42,0,1,0.5936181207121309
10,2011-2012,43,1,1,0.6097270906544217
10,2011-2012,44,1,1,0.5802639043911578
10,2011-2012,45,1,1,0.6240496702535475
10,2011-2012,46,1,1,0.6570395222947628
10,2011-2012,47,1,1,0.6617920237127769
10,2011-2012,48,1,1,0.6699862737411927
10,2011-2012,49,1,1,0.6809569877430578
10,2011-2012,50,0,1,0.6289270353549312
10,2011-2012,51,0,1,0.6771022491549223
10,2011-2012,52,0,1,0.6198127459677796
10,2011-2012,53,1,1,0.6756901866291485
10,2011-2012,54,1,1,0.648714647966241
10,2011-2012,55,1,1,0.7128185309753093
10,2011-2012,56,1,1,0.7413830442632047
10,2011-2012,57,0,1,0.5180690524262351
10,2011-2012,58,1,1,0.7047833491298814
10,2011-2012,59,1,0,0.45814213907249224
10,2011-2012,60,1,1,0.6483690499274519
10,2011-2012,61,0,1,0.657795697326974
10,2011-2012,62,1,1,0.7401738724750638
10,2011-2012,63,1,1,0.7225652745415017
10,2011-2012,64,1,1,0.7974715434286805
10,2011-2012,65,0,0,0.49564285159253396
10,2011-2012,66,1,1,0.7987848677521944
10,2011-2012,67,1,1,0.8046582432784024
10,2011-2012,68,1,1,0.7066673093473838
10,2011-2012,69,1,1,0.7717471270961772
10,2011-2012,70,0,1,0.5202693079273056
10,2011-2012,71,0,1,0.6638120909373578
10,2011-2012,72,0,1,0.6777482871366338
10,2011-2012,73,0,1,0.5804180775578827
10,2011-2012,74,1,0,0.42969200015207576
10,2011-2012,75,1,1,0.5611085578299349
10,2011-2012,76,0,0,0.4819224838834118
10,2011-2012,77,1,1,0.768352756949734
10,2011-2012,78,1,1,0.6968331529639684
10,2011-2012,79,0,0,0.372438183327491
10,2011-2012,80,0,1,0.5573351074626813
10,2011-2012,81,1,1,0.5671255109740783
10,2011-2012,82,1,1,0.5648681413653154
10,2011-2012,83,1,1,0.7313333517883994
10,2011-2012,84,1,1,0.7526784309948443
10,2011-2012,85,1,1,0.7438668596020972
10,2011-2012,86,1,1,0.6585363617131933
10,2011-2012,87,1,1,0.5074424824077793
10,2011-2012,88,1,1,0.7478932705348666
10,2011-2012,89,1,1,0.865177237442344
10,2011-2012,90,1,1,0.7956763952917842
10,2011-2012,91,1,1,0.8481164842703307
10,2011-2012,92,1,1,0.6458424961825672
10,2011-2012,93,1,1,0.8057145530131977
10,2011-2012,94,0,1,0.8013542423177931
10,2011-2012,95,0,0,0.39003116882590955
10,2011-2012,96,1,1,0.789917213326983
10,2011-2012,97,0,0,0.4017874771421497
10,2011-2012,98,1,1,0.807468106820147
10,2011-2012,99,1,1,0.8429225484097402
10,2011-2012,100,0,0,0.30325434701080034
10,2011-2012,101,0,1,0.5631544673258335
10,2011-2012,102,1,1,0.7783028893615991
10,2011-2012,103,1,1,0.7343248103951475
10,2011-2012,104,0,0,0.23729882860945092
10,2011-2012,105,1,1,0.8497069183650224
10,2011-2012,106,1,1,0.8012127178395135
10,2011-2012,107,1,1,0.8486591177648153
10,2011-2012,108,0,0,0.4479577974367455
10,2011-2012,109,0,1,0.8788096228799334
10,2011-2012,110,1,1,0.7326398575150677
10,2011-2012,111,1,1,0.880452810518129
10,2011-2012,112,0,1,0.8364147198995026
10,2011-2012,113,0,0,0.1951215338091281
10,2011-2012,114,1,1,0.8509714266913272
10,2011-2012,115,0,1,0.8578929361767029
10,2011-2012,116,0,0,0.379753821364075
10,2011-2012,117,1,1,0.8147623344343541
10,2011-2012,118,1,0,0.46194416746777683
10,2011-2012,119,0,0,0.28221302768271206
10,2011-2012,120,1,1,0.8633531461930657
10,2011-2012,121,1,1,0.7302230674226579
10,2011-2012,122,1,1,0.8523891826651303
10,2011-2012,123,1,1,0.84780229418379
10,2011-2012,124,1,1,0.5996606444805616
10,2011-2012,125,1,0,0.3608867494868165
10,2011-2012,126,1,0,0.4381160060988525
10,2011-2012,127,0,1,0.8270865639185051
10,2011-2012,128,1,1,0.7908860439862732
10,2011-2012,129,1,1,0.7965756142539532
10,2011-2012,130,0,0,0.38220778004315936
10,2011-2012,131,1,1,0.8295884996797678
10,2011-2012,132,1,1,0.8350495116486575
10,2011-2012,133,0,0,0.2808359716610335
10,2011-2012,134,1,1,0.8114057394459278
10,2011-2012,135,1,1,0.857529266202297
10,2011-2012,136,1,1,0.8546482957953463
10,2011-2012,137,1,1,0.6467347244462005
10,2011-2012,138,0,1,0.5729139861369726
10,2011-2012,139,1,1,0.8245501013427784
10,2011-2012,140,1,0,0.4900664774271042
10,2011-2012,141,0,1,0.829681444761909
10,2011-2012,142,0,1,0.8344105872773573
10,2011-2012,143,1,1,0.7172313631376239
10,2011-2012,144,0,1,0.8074677592463007
10,2011-2012,145,1,1,0.7291992135269479
10,2011-2012,146,1,1,0.6585011173256637
10,2011-2012,147,1,1,0.807619094277604
10,2011-2012,148,0,1,0.6938189899558221
10,2011-2012,149,0,1,0.7936824193311467
10,2011-2012,150,1,1,0.7962735654820102
10,2011-2012,151,1,1,0.8238506244828411
10,2011-2012,152,0,1,0.6753148308269267
10,2011-2012,153,1,1,0.7898974930688085
10,2011-2012,154,1,1,0.6389815375367561
10,2011-2012,155,1,1,0.7183431221925639
10,2011-2012,156,1,0,0.4049130977329008
10,2011-2012,157,1,1,0.823021133985793
10,2011-2012,158,1,1,0.8281132886020082
10,2011-2012,159,1,0,0.4688094471742975
10,2011-2012,160,1,1,0.8619835673709165
10,2011-2012,161,0,1,0.7228836873977148
10,2011-2012,162,0,1,0.8142739346931466
10,2011-2012,163,1,1,0.7669512089215279
10,2011-2012,164,0,0,0.4585996018206081
10,2011-2012,165,1,1,0.8227684769026916
10,2012-2013,11,1,1,0.5963770521957905
10,2012-2013,12,1,1,0.6676233436535863
10,2012-2013,13,1,1,0.6593129198424913
10,2012-2013,14,0,1,0.7248660658990905
10,2012-2013,15,0,1,0.6431544187905648
10,2012-2013,16,1,1,0.6017021741292159
10,2012-2013,17,1,1,0.645266719394967
10,2012-2013,18,0,1,0.6761714748264793
10,2012-2013,19,1,1,0.6050615471782745
10,2012-2013,20,1,1,0.6373981185005458
10,2012-2013,21,1,1,0.6543570257673207
10,2012-2013,22,1,1,0.6517668354972586
10,2012-2013,23,0,1,0.6802748040856212
10,2012-2013,24,1,1,0.663511417515686
10,2012-2013,25,1,1,0.6570619605863836
10,2012-2013,26,1,1,0.6745406146654689
10,2012-2013,27,1,1,0.6874724780045703
10,2012-2013,28,0,1,0.67483147089194
10,2012-2013,29,1,1,0.7169678074436004
10,2012-2013,30,1,1,0.7656773325104309
10,2012-2013,31,0,1,0.6851972522508951
10,2012-2013,32,0,1,0.6358504523806457
10,2012-2013,33,1,1,0.6746093018164916
10,2012-2013,34,1,1,0.6449654024598126
10,2012-2013,35,1,1,0.7006926913900098
10,2012-2013,36,1,1,0.7214745467235655
10,2012-2013,37,0,1,0.7084909944977947
10,2012-2013,38,0,1,0.6804765038226952
10,2012-2013,39,0,1,0.6879403275591703
10,2012-2013,40,1,1,0.64110721781688
10,2012-2013,41,0,1,0.5981194337162585
10,2012-2013,42,1,1,0.5651013853656606
10,2012-2013,43,0,1,0.6272620767710301
10,2012-2013,44,0,1,0.6304375535811155
10,2012-2013,45,1,1,0.6752181368170419
10,2012-2013,46,1,1,0.7157277523905472
10,2012-2013,47,1,1,0.7228474936295686
10,2012-2013,48,1,1,0.6843504772874284
10,2012-2013,49,0,1,0.6504995500212363
10,2012-2013,50,0,1,0.7127907426360267
10,2012-2013,51,1,1,0.6099062869730149
10,2012-2013,52,1,1,0.6166665588228396
10,2012-2013,53,1,1,0.6858911186516473
10,2012-2013,54,0,1,0.7100455406835974
10,2012-2013,55,1,1,0.6151081912491213
10,2012-2013,56,1,1,0.6228956300023188
10,2012-2013,57,1,1,0.6730381226789192
10,2012-2013,58,1,1,0.6922957286041702
10,2012-2013,59,0,1,0.6483137196966181
10,2012-2013,60,1,1,0.6594144288122867
10,2012-2013,61,1,1,0.6518502096879367
10,2012-2013,62,0,1,0.6607266140884527
10,2012-2013,63,1,1,0.656260287255085
10,2012-2013,64,0,1,0.6956236024513821
10,2012-2013,65,0,1,0.6585770553331317
10,2012-2013,66,1,1,0.5663000149904878
10,2012-2013,67,1,1,0.6182411229744055
10,2012-2013,68,0,1,0.6855220886047033
10,2012-2013,69,0,1,0.6748188182938095
10,2012-2013,70,0,1,0.711091623313547
10,2012-2013,71,1,1,0.592596330751143
10,2012-2013,72,0,1,0.6078776041344547
10,2012-2013,73,0,1,0.5954664455903376
10,2012-2013,74,0,1,0.6358598903136297
10,2012-2013,75,0,1,0.5854536410553767
10,2012-2013,76,1,1,0.6129991350291286
10,2012-2013,77,1,1,0.6245433225928444
10,2012-2013,78,1,1,0.5628874890769835
10,2012-2013,79,0,1,0.5728394583774191
10,2012-2013,80,0,1,0.6056772360915402
10,2012-2013,81,0,1,0.6334558116903076
10,2012-2013,82,0,1,0.5307557332018564
10,2012-2013,83,0,0,0.48009620171272777
10,2012-2013,84,0,1,0.6287081481432465
10,2012-2013,85,0,1,0.5366309450626393
10,2012-2013,86,1,1,0.5500204266132862
10,2012-2013,87,1,1,0.5201071935283264
10,2012-2013,88,1,1,0.614737996789782
10,2012-2013,89,1,1,0.6172916577061587
10,2012-2013,90,0,0,0.46040137371515244
10,2012-2013,91,0,1,0.6051967771631455
10,2012-2013,92,1,1,0.652871895854773
10,2012-2013,93,1,1,0.6051514921970128
10,2012-2013,94,1,0,0.4930904991276926
10,2012-2013,95,0,1,0.6329039832009974
10,2012-2013,96,0,1,0.5655410085094553
10,2012-2013,97,1,1,0.6039740009058544
10,2012-2013,98,1,1,0.5036880029942125
10,2012-2013,99,1,1,0.5653836918607247
10,2012-2013,100,1,1,0.6453842387521329
10,2012-2013,101,1,1,0.6454148574662708
10,2012-2013,102,1,1,0.5902208991363859
10,2012-2013,103,1,1,0.5795203491128014
10,2012-2013,104,1,1,0.584382247063627
10,2012-2013,105,0,0,0.44168258535179294
10,2012-2013,106,0,1,0.6759741686564498
10,2012-2013,107,1,1,0.5089756569055774
10,2012-2013,108,1,0,0.43681997015958834
10,2012-2013,109,0,1,0.5395590394198942
10,2012-2013,110,0,1,0.5275472070983345
10,2012-2013,111,1,0,0.48492084771511873
10,2012-2013,112,0,0,0.48723723572133615
10,2012-2013,113,0,1,0.5972303144526887
10,2012-2013,114,1,1,0.5064935428259768
10,2012-2013,115,0,1,0.6229133322105639
10,2012-2013,116,0,1,0.5715572192298582
10,2012-2013,117,0,0,0.41276087962031477
10,2012-2013,118,1,1,0.556634865044349
10,2012-2013,119,1,1,0.5185011038527024
10,2012-2013,120,0,1,0.5762149811481894
10,2012-2013,121,1,1,0.5668844109678638
10,2012-2013,122,1,0,0.45500743104537267
10,2012-2013,123,0,1,0.5347329550244821
10,2012-2013,124,1,1,0.6009882795388738
10,2012-2013,125,0,0,0.45498650320421324
10,2012-2013,126,1,1,0.6296987183738949
10,2012-2013,127,1,1,0.631937508684436
10,2012-2013,128,1,1,0.6210529739577412
10,2012-2013,129,1,1,0.684827564828684
10,2012-2013,130,0,1,0.6044500956630906
10,2012-2013,131,1,1,0.6170041797044779
10,2012-2013,132,1,1,0.5499262738808052
10,2012-2013,133,1,1,0.5838414653185183
10,2012-2013,134,0,1,0.508165924914249
10,2012-2013,135,1,1,0.6525025625207324
10,2012-2013,136,1,1,0.640224312156357
10,2012-2013,137,1,1,0.6385781384463474
10,2012-2013,138,1,1,0.6510493308013595
10,2012-2013,139,1,1,0.6251360518726248
10,2012-2013,140,1,1,0.6792314596234849
10,2012-2013,141,0,1,0.7248269012636588
10,2012-2013,142,1,1,0.6175467273555295
10,2012-2013,143,0,1,0.5826267333822227
10,2012-2013,144,0,0,0.45595440923715774
10,2012-2013,145,1,1,0.721335862420643
10,2012-2013,146,1,1,0.707409913181037
10,2012-2013,147,1,1,0.5675541235674184
10,2012-2013,148,1,1,0.7066583080615586
10,2012-2013,149,0,1,0.6386239220160921
10,2012-2013,150,0,1,0.6433378706904894
10,2012-2013,151,1,1,0.7111545518239635
10,2012-2013,152,0,1,0.5614934968778812
10,2012-2013,153,1,1,0.6659195177345778
10,2012-2013,154,1,1,0.5106624916746173
10,2012-2013,155,1,1,0.6696739432340277
10,2012-2013,156,1,1,0.6744749293090309
10,2012-2013,157,0,1,0.5922249861989339
10,2012-2013,158,1,1,0.7538825667968063
10,2012-2013,159,1,1,0.6391005414850162
10,2012-2013,160,1,0,0.4454755189961221
10,2012-2013,161,0,1,0.5774021304671106
10,2012-2013,162,0,0,0.41928386900986014
10,2012-2013,163,1,1,0.5599365757501067
10,2012-2013,164,1,1,0.592818207460344
10,2012-2013,165,1,1,0.5097377399247686
10,2012-2013,166,1,1,0.694258195241264
10,2012-2013,167,0,0,0.46080391025788464
10,2012-2013,168,1,1,0.6368833592014849
10,2012-2013,169,1,1,0.6863064812199395
10,2012-2013,170,1,1,0.7241460506365895
10,2012-2013,171,0,1,0.6225528183295062
10,2012-2013,172,1,1,0.7157641614861191
10,2012-2013,173,0,0,0.37053606530497357
10,2012-2013,174,1,1,0.5549193830742628
10,2012-2013,175,0,1,0.6352731013436297
10,2012-2013,176,0,1,0.5904963323103491
10,2012-2013,177,0,1,0.7189128759019128
10,2012-2013,178,1,1,0.5899031964697656
10,2012-2013,179,0,0,0.42973434392471516
10,2012-2013,180,0,1,0.6823266835153668
10,2012-2013,181,0,0,0.4550035068637705
10,2012-2013,182,1,1,0.6680476653398818
10,2012-2013,183,0,0,0.2889910895728717
10,2012-2013,184,0,0,0.3632993694664405
10,2012-2013,185,1,0,0.38083127984510795
10,2012-2013,186,0,1,0.6132510578547339
10,2012-2013,187,0,1,0.6552649624023978
10,2012-2013,188,1,1,0.7502503727250198
10,2012-2013,189,0,0,0.48660047575712767
10,2012-2013,190,1,1,0.5260634421294815
10,2012-2013,191,1,1,0.7378918465164583
10,2012-2013,192,0,1,0.5681954049123294
10,2012-2013,193,0,0,0.49871179364079954
10,2012-2013,194,1,1,0.5443104367710632
10,2012-2013,195,1,1,0.6851476930420324
10,2012-2013,196,0,1,0.6061779168070562
10,2012-2013,197,1,0,0.4860293546926548
10,2012-2013,198,0,1,0.7223227590934791
10,2012-2013,199,1,1,0.522186586321522
10,2012-2013,200,0,0,0.40285821231905156
10,2012-2013,201,1,0,0.3974281567631195
10,2012-2013,202,1,1,0.7023886510727106
10,2012-2013,203,0,0,0.4421103769378689
10,2012-2013,204,1,1,0.7518306839482727
10,2012-2013,205,1,1,0.5394949997838223
10,2012-2013,206,1,1,0.5625571391018678
10,2012-2013,207,0,0,0.3684867852630446
10,2012-2013,208,1,0,0.36440651174717986
10,2012-2013,209,0,1,0.5046849854644687
10,2012-2013,210,0,0,0.3508934083125991
10,2012-2013,211,1,1,0.7082385295336839
10,2012-2013,212,0,0,0.26856387269094584
10,2012-2013,213,0,1,0.7045151432918607
10,2012-2013,214,1,1,0.696651931893712
10,2012-2013,215,1,1,0.710545514741272
10,2012-2013,216,0,0,0.25848896702626556
10,2012-2013,217,1,0,0.39145156240190193
10,2012-2013,218,1,0,0.40957114675365597
10,2012-2013,219,1,0,0.3658336168734572
10,2012-2013,220,0,1,0.7431909142891481
10,2012-2013,221,0,1,0.6455121999233635
10,2012-2013,222,0,0,0.49064732326063587
10,2012-2013,223,1,0,0.4414599121717677
10,2012-2013,224,0,0,0.45761532521317294
10,2012-2013,225,0,0,0.39001578813973126
10,2012-2013,226,1,1,0.6427032787211372
10,2012-2013,227,1,1,0.5682985958058846
10,2012-2013,228,1,0,0.43591912528475324
10,2012-2013,229,0,1,0.5901150594673547
10,2012-2013,230,1,0,0.47123244474442716
10,2012-2013,231,1,1,0.5421278213415186
10,2012-2013,232,1,1,0.7242196742952769
10,2012-2013,233,1,0,0.4741325711659166
10,2012-2013,234,1,1,0.7142420058896376
10,2012-2013,235,1,1,0.7856659614105975
10,2012-2013,236,1,1,0.6962242081326515
10,2012-2013,237,1,1,0.7045793722555322
10,2012-2013,238,1,1,0.6270818564582338
10,2012-2013,239,1,1,0.5853469292932344
10,2012-2013,240,1,0,0.41386682345037107
10,2012-2013,241,1,1,0.726882922020322
10,2012-2013,242,0,1,0.5138405768522821
10,2012-2013,243,0,0,0.4016952955741549
10,2012-2013,244,0,1,0.5930401238470655
10,2012-2013,245,1,0,0.35744985905496196
10,2012-2013,246,1,1,0.6863259400934374
10,2012-2013,247,0,1,0.6203550904498822
10,2012-2013,248,0,1,0.5897519192728996
10,2012-2013,249,1,1,0.723944385153448
10,2012-2013,250,0,0,0.4983978342598246
10,2012-2013,251,1,1,0.6211866539075991
10,2012-2013,252,1,0,0.4738445550033957
10,2012-2013,253,1,1,0.6827862617745795
10,2012-2013,254,0,1,0.6154044379522644
10,2012-2013,255,0,1,0.5906084801219259
10,2012-2013,256,0,0,0.414213915134493
10,2012-2013,257,0,0,0.4117749277287636
10,2012-2013,258,1,1,0.5255180269846507
10,2012-2013,259,0,1,0.504916192410457
10,2012-2013,260,0,1,0.5970282588958283
10,2012-2013,261,1,0,0.4365503981701251
10,2012-2013,262,1,1,0.763290246709144
10,2012-2013,263,1,1,0.50301999562109
10,2012-2013,264,1,1,0.6836119452531131
10,2012-2013,265,0,0,0.490221493376546
10,2012-2013,266,1,0,0.381432064962336
10,2012-2013,267,1,1,0.7061397673882711
10,2012-2013,268,1,1,0.5822926837713647
10,2012-2013,269,1,1,0.7092631200860776
10,2012-2013,270,1,1,0.6109971826829012
10,2012-2013,271,1,1,0.7177849962734116
10,2012-2013,272,1,1,0.6326154104175628
10,2012-2013,273,1,1,0.6714268180765659
10,2012-2013,274,0,1,0.5064041944143185
10,2012-2013,275,1,1,0.6160359204913787
10,2012-2013,276,0,0,0.42157862115339934
10,2012-2013,277,0,0,0.3371860987539731
10,2012-2013,278,0,1,0.7575509164617149
10,2012-2013,279,1,1,0.6477164626606415
10,2012-2013,280,1,1,0.6967255077433412
10,2012-2013,281,0,1,0.5803344833016355
10,2012-2013,282,1,1,0.6312276558078171
10,2012-2013,283,1,1,0.5456661570336363
10,2012-2013,284,0,0,0.44771295788649806
10,2012-2013,285,0,1,0.723806386144412
10,2012-2013,286,1,1,0.7794990550542514
10,2012-2013,287,1,1,0.6330916820882012
10,2012-2013,288,1,1,0.6560472072496973
10,2012-2013,289,1,1,0.7072234809075292
10,2012-2013,290,1,1,0.8153088995455746
10,2012-2013,291,1,1,0.7633555859884001
10,2012-2013,292,1,1,0.7548094753080916
10,2012-2013,293,0,0,0.4472260676762355
10,2012-2013,294,0,1,0.6210931511493883
10,2012-2013,295,1,1,0.7558121364412197
10,2012-2013,296,1,1,0.6044890053829627
10,2012-2013,297,0,1,0.5524234302985841
10,2012-2013,298,1,1,0.5648176076794027
10,2012-2013,299,1,1,0.729310024850492
10,2012-2013,300,1,1,0.6772016964365781
10,2012-2013,301,1,1,0.7961004528167693
10,2012-2013,302,1,1,0.7689900786348167
10,2012-2013,303,1,1,0.7905380608720421
10,2012-2013,304,1,1,0.8108019934438906
10,2012-2013,305,1,1,0.8206601890223761
10,2012-2013,306,1,1,0.8185276316320287
10,2012-2013,307,0,1,0.7777752671175578
10,2012-2013,308,1,1,0.6425921922906048
10,2012-2013,309,0,1,0.6034054170434427
10,2012-2013,310,1,1,0.6154574277331094
10,2012-2013,311,0,1,0.772441747992118
10,2012-2013,312,0,1,0.7729985338439488
10,2012-2013,313,1,1,0.5595935492919961
10,2012-2013,314,1,1,0.5898854429806446
10,2012-2013,315,0,1,0.5776297908042001
10,2012-2013,316,0,1,0.5071961016507429
10,2012-2013,317,1,1,0.5049335558179401
10,2012-2013,318,1,1,0.7896043017902938
10,2012-2013,319,1,1,0.7411162882225394
10,2012-2013,320,0,1,0.783741291075324
10,2012-2013,321,1,1,0.7670225737216355
10,2012-2013,322,1,1,0.7627030080112185
10,2012-2013,323,1,1,0.8164102161406706
10,2012-2013,324,0,1,0.7221392572489561
10,2012-2013,325,1,1,0.702345689300905
10,2012-2013,326,1,1,0.6026844011217749
10,2012-2013,327,1,1,0.5018193279074792
10,2012-2013,328,0,1,0.6236971085037389
10,2012-2013,329,0,1,0.7861933927716893
10,2012-2013,330,1,1,0.5483749496471317
10,2012-2013,331,1,1,0.7329923516231033
10,2012-2013,332,0,1,0.5444349385266478
10,2012-2013,333,1,0,0.4899049445770557
10,2012-2013,334,1,1,0.6169215188780676
10,2012-2013,335,1,1,0.7175274334266215
10,2012-2013,336,1,1,0.724094685158338
10,2012-2013,337,1,1,0.7526796876379447
10,2012-2013,338,1,1,0.6439781136875035
10,2012-2013,339,1,1,0.7679128856270132
10,2013-2014,11,1,0,0.28047643723859
10,2013-2014,12,1,0,0.3685266304850548
10,2013-2014,13,1,0,0.424271330349299
10,2013-2014,14,1,0,0.46007253361386574
10,2013-2014,15,1,0,0.4941160586163478
10,2013-2014,16,0,1,0.5252294737414789
10,2013-2014,17,1,1,0.5063469430569194
10,2013-2014,18,0,1,0.5034081418874873
10,2013-2014,19,1,0,0.46569759081189044
10,2013-2014,20,0,1,0.5299196833558119
10,2013-2014,21,0,0,0.4925388785775007
10,2013-2014,22,1,1,0.5012551760546108
10,2013-2014,23,0,1,0.5059324924171552
10,2013-2014,24,1,0,0.43125624351224456
10,2013-2014,25,1,1,0.501440333241635
10,2013-2014,26,0,1,0.5067592277258977
10,2013-2014,27,1,0,0.47882282998455167
10,2013-2014,28,1,1,0.5254997775718576
10,2013-2014,29,1,1,0.5121027592993659
10,2013-2014,30,0,1,0.5611077493946163
10,2013-2014,31,1,1,0.5172601348326515
10,2013-2014,32,1,1,0.5480165689963827
10,2013-2014,33,0,1,0.5423076836372127
10,2013-2014,34,0,1,0.5196646960982252
10,2013-2014,35,0,1,0.5023595228100352
10,2013-2014,36,1,1,0.5234814805271664
10,2013-2014,37,1,1,0.541803435317993
10,2013-2014,38,1,0,0.4925973649643543
10,2013-2014,39,1,1,0.5101022393645944
10,2013-2014,40,1,1,0.522237404175864
10,2013-2014,41,0,1,0.5779908308715419
10,2013-2014,42,0,1,0.5517339915950539
10,2013-2014,43,1,1,0.5591544102622394
10,2013-2014,44,1,1,0.5356468828516558
10,2013-2014,45,1,1,0.544334768989497
10,2013-2014,46,1,1,0.5660137706836237
10,2013-2014,47,0,1,0.5755453639015928
10,2013-2014,48,1,1,0.587345789107754
10,2013-2014,49,1,1,0.56415926294178
10,2013-2014,50,1,1,0.5863817928338682
10,2013-2014,51,0,1,0.5820438247521257
10,2013-2014,52,0,1,0.565221790354013
10,2013-2014,53,1,1,0.5757577106976012
10,2013-2014,54,1,1,0.6145453891550968
10,2013-2014,55,0,1,0.5323934752429254
10,2013-2014,56,1,1,0.556614965289247
10,2013-2014,57,0,1,0.580833033258572
10,2013-2014,58,0,0,0.4916025260562581
10,2013-2014,59,0,1,0.5231976761663938
10,2013-2014,60,0,1,0.6732293907729536
10,2013-2014,61,0,1,0.5464146097367819
10,2013-2014,62,1,1,0.5232349539146994
10,2013-2014,63,1,1,0.5575863484698362
10,2013-2014,64,0,1,0.5917532745305687
10,2013-2014,65,0,1,0.521349029832711
10,2013-2014,66,1,1,0.5698141253894455
10,2013-2014,67,1,1,0.5846798713937618
10,2013-2014,68,0,1,0.5432852382401845
10,2013-2014,69,1,1,0.5704957859502428
10,2013-2014,70,0,1,0.5328324324719449
10,2013-2014,71,1,1,0.5555884124731425
10,2013-2014,72,0,1,0.5780556924744255
10,2013-2014,73,0,1,0.5171844840867146
10,2013-2014,74,0,1,0.5008089251734082
10,2013-2014,75,1,1,0.5344387406958255
10,2013-2014,76,0,1,0.5314977110329863
10,2013-2014,77,1,1,0.5679871781347346
10,2013-2014,78,1,1,0.5813403177729352
10,2013-2014,79,0,1,0.5534320361678361
10,2013-2014,80,1,1,0.5421494352308068
10,2013-2014,81,1,1,0.5018169986586205
10,2013-2014,82,1,1,0.5811863568343766
10,2013-2014,83,1,1,0.5979772150245077
10,2013-2014,84,0,1,0.5245487814406616
10,2013-2014,85,1,1,0.6160733114750857
10,2013-2014,86,1,1,0.6372162905387123
10,2013-2014,87,1,0,0.41267603643779244
10,2013-2014,88,0,0,0.49332162626274045
10,2013-2014,89,0,1,0.6566403983364927
10,2013-2014,90,1,1,0.6412253623100745
10,2013-2014,91,0,1,0.5252142980095807
10,2013-2014,92,0,1,0.5503635878767094
10,2013-2014,93,0,0,0.490007847917464
10,2013-2014,94,1,1,0.5865917967970916
10,2013-2014,95,0,0,0.42241015201572935
10,2013-2014,96,0,0,0.4401316987618327
10,2013-2014,97,1,1,0.5813513008342515
10,2013-2014,98,0,1,0.6322211679985685
10,2013-2014,99,0,1,0.5537243874650735
10,2013-2014,100,1,0,0.41575605761714957
10,2013-2014,101,1,1,0.5610768687741726
10,2013-2014,102,1,1,0.5057612220436742
10,2013-2014,103,0,1,0.5435419909000001
10,2013-2014,104,1,1,0.6405700526609271
10,2013-2014,105,0,1,0.5176128078205013
10,2013-2014,106,1,1,0.5038218532918131
10,2013-2014,107,1,1,0.5620002523953661
10,2013-2014,108,0,0,0.481312285259566
10,2013-2014,109,1,1,0.5927140717754423
10,2013-2014,110,1,1,0.6789338257065075
10,2013-2014,111,1,0,0.3811063012945027
10,2013-2014,112,1,1,0.5399418988435414
10,2013-2014,113,1,0,0.4598798331301235
10,2013-2014,114,0,1,0.6311146404104344
10,2013-2014,115,0,1,0.5372536106440132
10,2013-2014,116,1,1,0.5651935437207428
10,2013-2014,117,1,1,0.5685513966491428
10,2013-2014,118,0,0,0.42540287367833496
10,2013-2014,119,1,1,0.602277008170859
10,2013-2014,120,1,1,0.6580944396151605
10,2013-2014,121,0,0,0.48585863078697006
10,2013-2014,122,1,1,0.6194551927972407
10,2013-2014,123,1,1,0.60830970818507
10,2013-2014,124,0,0,0.48494403020851146
10,2013-2014,125,0,1,0.558359885680603
10,2013-2014,126,1,0,0.4961698721627176
10,2013-2014,127,0,0,0.42846252739201635
10,2013-2014,128,0,0,0.3387653159572203
10,2013-2014,129,1,1,0.6662408857988749
10,2013-2014,130,0,1,0.5925779012895492
10,2013-2014,131,0,1,0.5749155731759745
10,2013-2014,132,0,0,0.3821920722330044
10,2013-2014,133,1,1,0.5080299069028592
10,2013-2014,134,1,0,0.4651484181427328
10,2013-2014,135,1,0,0.43630001187664846
10,2013-2014,136,1,1,0.6401638147363463
10,2013-2014,137,1,1,0.5493956928111112
10,2013-2014,138,1,1,0.6732456675152312
10,2013-2014,139,1,1,0.5837373673600122
10,2013-2014,140,1,1,0.6630308124853449
10,2013-2014,141,1,0,0.47064530329997584
10,2013-2014,142,1,1,0.7196078381248335
10,2013-2014,143,1,1,0.6793516467056343
10,2013-2014,144,1,1,0.633643568095273
10,2013-2014,145,1,0,0.46581882699401655
10,2013-2014,146,1,1,0.7472212176818864
10,2013-2014,147,0,1,0.6882954094118299
10,2013-2014,148,0,1,0.7405426326641781
10,2013-2014,149,1,1,0.5466943581172939
10,2013-2014,150,1,1,0.7418387885745669
10,2013-2014,151,0,0,0.3719874781930461
10,2013-2014,152,0,0,0.3573046957407794
10,2013-2014,153,0,0,0.3131240515449336
10,2013-2014,154,1,1,0.534452379846327
10,2013-2014,155,1,1,0.6360127768518856
10,2013-2014,156,0,0,0.3995070872562331
10,2013-2014,157,0,1,0.6676135836490062
10,2013-2014,158,0,0,0.35661759027373946
10,2013-2014,159,1,1,0.5390897274843518
10,2013-2014,160,0,1,0.6101770962640524
10,2013-2014,161,0,0,0.49111878051065144
10,2013-2014,162,1,1,0.5834424957023397
10,2013-2014,163,1,1,0.5693583772691049
10,2013-2014,164,1,1,0.603774366264772
10,2013-2014,165,0,0,0.4279282019642318
10,2013-2014,166,1,1,0.6823920674209013
10,2013-2014,167,0,0,0.31761018118498063
10,2013-2014,168,1,0,0.4819838317673405
10,2013-2014,169,1,1,0.6948750382802378
10,2013-2014,170,0,0,0.3741556888347845
10,2013-2014,171,1,0,0.36379737026354686
10,2013-2014,172,1,0,0.2961302082017093
10,2013-2014,173,0,1,0.6566379520633672
10,2013-2014,174,0,0,0.39127158370866
10,2013-2014,175,1,1,0.7125736467728143
10,2013-2014,176,1,1,0.7858202041633705
10,2013-2014,177,1,0,0.37558048143068345
10,2013-2014,178,1,1,0.7842195532298843
10,2013-2014,179,1,1,0.7095015781265919
10,2013-2014,180,0,1,0.6158341162301451
10,2013-2014,181,1,1,0.7184271111589067
10,2013-2014,182,1,0,0.3789868271989464
10,2013-2014,183,1,1,0.7639076766688807
10,2013-2014,184,0,0,0.43007943497077394
10,2013-2014,185,1,0,0.49863212344110697
10,2013-2014,186,0,0,0.42827338394535447
10,2013-2014,187,0,0,0.4498650623923584
10,2013-2014,188,1,1,0.6877589259570852
10,2013-2014,189,0,1,0.6494390190676351
10,2013-2014,190,1,0,0.44981902420961095
10,2013-2014,191,0,1,0.7062695230908621
10,2013-2014,192,0,1,0.6622003621924011
10,2013-2014,193,1,1,0.647739804700207
10,2013-2014,194,1,1,0.60146851518564
10,2013-2014,195,1,1,0.7518587655253117
10,2013-2014,196,0,0,0.2896994876329194
10,2013-2014,197,1,0,0.47151824976912815
10,2013-2014,198,1,1,0.6946479820129629
10,2013-2014,199,0,0,0.4362493933674655
10,2013-2014,200,1,0,0.330438407161092
10,2013-2014,201,1,1,0.7082858871975176
10,2013-2014,202,1,1,0.7719605996127459
10,2013-2014,203,1,1,0.6283505277962028
10,2013-2014,204,1,1,0.586555751109737
10,2013-2014,205,0,0,0.46627323490430816
10,2013-2014,206,1,0,0.3545977010641977
10,2013-2014,207,1,1,0.7851529209999606
10,2013-2014,208,1,1,0.7771240246397011
10,2013-2014,209,1,1,0.7792869538182287
10,2013-2014,210,0,0,0.4317302854209245
10,2013-2014,211,1,1,0.7507314731654235
10,2013-2014,212,1,1,0.7473415049809803
10,2013-2014,213,1,1,0.6595596212358015
10,2013-2014,214,1,0,0.4147848481769574
10,2013-2014,215,1,1,0.7446183150449138
10,2013-2014,216,1,1,0.6759056470405961
10,2013-2014,217,0,0,0.31826890061424445
10,2013-2014,218,0,1,0.6333771690903244
10,2013-2014,219,1,1,0.6851003947904283
10,2013-2014,220,0,0,0.3825900417346518
10,2013-2014,221,0,1,0.7985803687352322
10,2013-2014,222,1,1,0.5676063979170601
10,2013-2014,223,0,0,0.3546514446895762
10,2013-2014,224,1,1,0.6339116760821006
10,2013-2014,225,1,1,0.7235407088866891
10,2013-2014,226,1,1,0.6005150999277266
10,2013-2014,227,1,0,0.31855040349455327
10,2013-2014,228,0,1,0.7494332631459759
10,2013-2014,229,0,1,0.7565896233045871
10,2013-2014,230,1,1,0.682290893316768
10,2013-2014,231,0,1,0.5578898638090614
10,2013-2014,232,0,1,0.7717149023778932
10,2013-2014,233,0,1,0.6381471460975826
10,2013-2014,234,1,0,0.4101973052520916
10,2013-2014,235,0,0,0.4850742166255973
10,2013-2014,236,1,1,0.6880087216451344
10,2013-2014,237,1,1,0.5900107528535905
10,2013-2014,238,1,0,0.4423364304221227
10,2013-2014,239,0,1,0.5590019342111678
10,2013-2014,240,1,1,0.6906466755559904
10,2013-2014,241,1,1,0.6494465452785695
10,2013-2014,242,1,1,0.6218173381164757
10,2013-2014,243,1,1,0.5157440496900144
10,2013-2014,244,0,1,0.7347956591489421
10,2013-2014,245,1,1,0.5601888570482051
10,2013-2014,246,1,0,0.36554335352964296
10,2013-2014,247,1,1,0.7028166060402722
10,2013-2014,248,1,0,0.42161025824763054
10,2013-2014,249,1,1,0.701742408619777
10,2013-2014,250,1,1,0.7555634410236617
10,2013-2014,251,0,1,0.555820086173751
10,2013-2014,252,1,1,0.7275827130272015
10,2013-2014,253,1,1,0.6456778186736026
10,2013-2014,254,0,1,0.6034284357136211
10,2013-2014,255,1,1,0.7567431516335904
10,2013-2014,256,0,1,0.5456304146050801
10,2013-2014,257,1,1,0.7335790702961906
10,2013-2014,258,1,1,0.5756886391343636
10,2013-2014,259,1,1,0.7058581277032598
10,2013-2014,260,1,1,0.7533603816671274
10,2013-2014,261,0,1,0.6835433859979737
10,2013-2014,262,1,1,0.764148784858089
10,2013-2014,263,0,1,0.7467043948748758
10,2013-2014,264,1,1,0.5574244016251148
10,2013-2014,265,1,1,0.5755319449818506
10,2013-2014,266,1,1,0.5302091229433756
10,2013-2014,267,1,1,0.7453625771719016
10,2013-2014,268,1,1,0.7194697461406023
10,2013-2014,269,0,1,0.7087776500453825
10,2013-2014,270,1,1,0.7963682135679413
10,2013-2014,271,0,1,0.7542841105966366
10,2013-2014,272,1,1,0.691768740776656
10,2013-2014,273,0,1,0.572482131865844
10,2013-2014,274,1,1,0.5493119969758201
10,2013-2014,275,1,1,0.6345164926011156
10,2013-2014,276,1,1,0.7064188738379013
10,2013-2014,277,1,1,0.6730743532914506
10,2013-2014,278,0,1,0.7180092745872455
10,2013-2014,279,1,1,0.7582499184019261
10,2013-2014,280,1,0,0.49788847993614394
10,2013-2014,281,0,1,0.7098862871239638
10,2013-2014,282,0,1,0.6115263681887158
10,2013-2014,283,1,1,0.6000589432120469
10,2013-2014,284,1,1,0.6414840874785758
10,2013-2014,285,0,1,0.5105783109188735
10,2013-2014,286,1,0,0.4947075484416555
10,2013-2014,287,0,1,0.7378854852465871
10,2013-2014,288,1,1,0.5147110436399539
10,2013-2014,289,1,1,0.759566355399745
10,2013-2014,290,0,1,0.5642254123915319
10,2013-2014,291,0,1,0.6667993463744257
10,2013-2014,292,0,0,0.41307077422083316
10,2013-2014,293,1,1,0.7796115128336035
10,2013-2014,294,1,1,0.5630389491491339
10,2013-2014,295,1,1,0.6232214006054702
10,2013-2014,296,0,1,0.6629500374877084
10,2013-2014,297,1,1,0.6738995860328904
10,2013-2014,298,1,1,0.555062942446015
10,2013-2014,299,0,1,0.7726791618101726
10,2013-2014,300,0,1,0.6560274231994937
10,2013-2014,301,0,1,0.5129328671113583
10,2013-2014,302,0,1,0.7075135479668405
10,2013-2014,303,0,0,0.42670265182084127
10,2013-2014,304,1,1,0.570647257777705
10,2013-2014,305,1,0,0.4938004927450487
10,2014-2015,11,0,1,0.7198726798826541
10,2014-2015,12,0,1,0.6433595281891813
10,2014-2015,13,1,1,0.5806103477269526
10,2014-2015,14,1,1,0.6244096695369165
10,2014-2015,15,1,1,0.6340034317503996
10,2014-2015,16,1,1,0.6703318654698867
10,2014-2015,17,1,1,0.6998338331624635
10,2014-2015,18,1,1,0.7099571868562518
10,2014-2015,19,1,1,0.7267076435073858
10,2014-2015,20,1,1,0.751696551739906
10,2014-2015,21,1,1,0.7564153131960833
10,2014-2015,22,1,1,0.7691269806278246
10,2014-2015,23,1,1,0.7774211163814317
10,2014-2015,24,1,1,0.775324060532345
10,2014-2015,25,1,1,0.8008039110223946
10,2014-2015,26,0,1,0.8035347535898065
10,2014-2015,27,1,1,0.7738663076239518
10,2014-2015,28,1,1,0.7569253303128208
10,2014-2015,29,1,1,0.770382227082549
10,2014-2015,30,0,1,0.7844278398464948
10,2014-2015,31,1,1,0.7411822066835938
10,2014-2015,32,0,1,0.758714334783832
10,2014-2015,33,1,1,0.7438020047517887
10,2014-2015,34,1,1,0.7290196321304827
10,2014-2015,35,1,1,0.7716039251318083
10,2014-2015,36,1,1,0.745004740148706
10,2014-2015,37,0,1,0.7889404786208117
10,2014-2015,38,0,1,0.7456302271341264
10,2014-2015,39,1,1,0.744672553680756
10,2014-2015,40,1,1,0.7389116515730506
10,2014-2015,41,0,1,0.7614565622939271
10,2014-2015,42,0,1,0.7301607081045617
10,2014-2015,43,0,1,0.7528740891035108
10,2014-2015,44,0,1,0.7144653718243791
10,2014-2015,45,1,1,0.6762732838643022
10,2014-2015,46,0,1,0.6781283882066201
10,2014-2015,47,0,1,0.6923557079448796
10,2014-2015,48,1,1,0.6457137492519672
10,2014-2015,49,0,1,0.6345638925928292
10,2014-2015,50,0,1,0.6543610912650022
10,2014-2015,51,1,1,0.60468767247853
10,2014-2015,52,0,1,0.6345574545807231
10,2014-2015,53,1,1,0.6053940716408203
10,2014-2015,54,1,1,0.6308621534398093
10,2014-2015,55,0,1,0.628553572270817
10,2014-2015,56,0,1,0.5947523536193465
10,2014-2015,57,1,1,0.5584500334799027
10,2014-2015,58,0,1,0.6524120380523032
10,2014-2015,59,0,1,0.5661422025338361
10,2014-2015,60,1,1,0.5874506395617813
10,2014-2015,61,0,1,0.5854853466913781
10,2014-2015,62,0,1,0.5817617474591755
10,2014-2015,63,0,1,0.5382414729306663
10,2014-2015,64,1,0,0.4641944443829604
10,2014-2015,65,1,1,0.5635730934965837
10,2014-2015,66,0,0,0.4996406079893517
10,2014-2015,67,1,1,0.5246046483951321
10,2014-2015,68,1,1,0.571847571524859
10,2014-2015,69,0,1,0.5644845767707131
10,2014-2015,70,1,1,0.5568330309802915
10,2014-2015,71,0,1,0.5738924471063123
10,2014-2015,72,1,1,0.5690865443646802
10,2014-2015,73,1,1,0.6405612339501662
10,2014-2015,74,0,1,0.5036117490447545
10,2014-2015,75,0,1,0.5413370795725482
10,2014-2015,76,0,1,0.6028541254725774
10,2014-2015,77,1,1,0.5527492683464755
10,2014-2015,78,1,0,0.4662942145276233
10,2014-2015,79,1,1,0.6546847074659563
10,2014-2015,80,0,0,0.42239420513762205
10,2014-2015,81,0,0,0.46558720037157963
10,2014-2015,82,1,1,0.5600871795004645
10,2014-2015,83,1,1,0.5916854507298446
10,2014-2015,84,1,1,0.5371366242647856
10,2014-2015,85,1,0,0.3965634413697581
10,2014-2015,86,0,1,0.5947080042580344
10,2014-2015,87,0,0,0.4683666709804473
10,2014-2015,88,0,1,0.5195662932068401
10,2014-2015,89,0,0,0.3956138255347745
10,2014-2015,90,0,1,0.5725710506525735
10,2014-2015,91,1,0,0.4041899241351113
10,2014-2015,92,1,1,0.5361281101732397
10,2014-2015,93,0,0,0.42984589899529685
10,2014-2015,94,1,0,0.44935518383434686
10,2014-2015,95,1,1,0.6259973109022037
10,2014-2015,96,0,0,0.4393228663688121
10,2014-2015,97,0,1,0.6213728347469997
10,2014-2015,98,0,0,0.3500668908612901
10,2014-2015,99,1,1,0.5501863513457855
10,2014-2015,100,1,0,0.36854804773059063
10,2014-2015,101,1,1,0.5053188056129337
10,2014-2015,102,0,1,0.581713244025017
10,2014-2015,103,0,0,0.484505460757205
10,2014-2015,104,1,1,0.5812008962719566
10,2014-2015,105,1,1,0.6040010289009001
10,2014-2015,106,1,1,0.5550815406180796
10,2014-2015,107,0,1,0.5144169740615798
10,2014-2015,108,0,1,0.5418452658351212
10,2014-2015,109,1,1,0.5436514236726
10,2014-2015,110,0,0,0.47572866948900533
10,2014-2015,111,0,0,0.47296124860648253
10,2014-2015,112,1,1,0.6932192275003932
10,2014-2015,113,1,1,0.7142677246312237
10,2014-2015,114,0,0,0.458679676820796
10,2014-2015,115,0,1,0.6973513117982202
10,2014-2015,116,0,0,0.46312123846357856
10,2014-2015,117,1,1,0.5329379549410844
10,2014-2015,118,0,0,0.4521817945676167
10,2014-2015,119,1,1,0.631586296981086
10,2014-2015,120,1,1,0.6062123794695872
10,2014-2015,121,1,0,0.4546873071668136
10,2014-2015,122,0,0,0.31796745334137405
10,2014-2015,123,0,0,0.4166413450144699
10,2014-2015,124,1,0,0.4530612434292827
10,2014-2015,125,1,1,0.5417383155420628
10,2014-2015,126,0,1,0.6684094277189931
10,2014-2015,127,0,0,0.30357073545597635
10,2014-2015,128,1,1,0.5707971437282798
10,2014-2015,129,0,0,0.42745437102942946
10,2014-2015,130,1,0,0.36494387808146117
10,2014-2015,131,1,1,0.6289148961025194
10,2014-2015,132,1,1,0.6990548411140196
10,2014-2015,133,1,1,0.7416193175359039
10,2014-2015,134,0,0,0.2794080001060506
10,2014-2015,135,0,1,0.5283936436733977
10,2014-2015,136,1,1,0.6161200041810616
10,2014-2015,137,1,1,0.6982195355664441
10,2014-2015,138,1,1,0.5758679856316926
10,2014-2015,139,1,1,0.7586212475798944
10,2014-2015,140,1,1,0.6169688793920958
10,2014-2015,141,1,1,0.6732363453448256
10,2014-2015,142,1,1,0.5703375561367792
10,2014-2015,143,1,1,0.5511151870853727
10,2014-2015,144,1,1,0.6992760283859693
10,2014-2015,145,1,0,0.361351017073411
10,2014-2015,146,0,1,0.5800583316831976
10,2014-2015,147,1,1,0.5282590583703255
10,2014-2015,148,0,1,0.6789764781955011
10,2014-2015,149,1,1,0.6895856551215178
10,2014-2015,150,1,1,0.7525047235881116
10,2014-2015,151,0,1,0.6378688101901472
10,2014-2015,152,1,1,0.6774879009147756
10,2014-2015,153,1,1,0.7064511963294342
10,2014-2015,154,1,0,0.3806140916364894
10,2014-2015,155,0,0,0.37363246044151327
10,2014-2015,156,0,0,0.324291948589979
10,2014-2015,157,1,1,0.7324377508013427
10,2014-2015,158,0,0,0.31322775001410363
10,2014-2015,159,0,1,0.7515089659404618
10,2014-2015,160,0,1,0.6304697242045281
10,2014-2015,161,0,1,0.5072254045885461
10,2014-2015,162,1,1,0.7545143204665329
10,2014-2015,163,1,1,0.6511414799022501
10,2014-2015,164,0,0,0.28339783485294917
10,2014-2015,165,1,0,0.3232064893216176
10,2014-2015,166,0,1,0.5030037451987944
10,2014-2015,167,1,1,0.7149643036376861
10,2014-2015,168,1,1,0.7080093674495913
10,2014-2015,169,1,0,0.4267581176765919
10,2014-2015,170,0,1,0.7250868804693683
10,2014-2015,171,1,1,0.7939463829161979
10,2014-2015,172,0,1,0.6023036938159445
10,2014-2015,173,1,1,0.7454793529625893
10,2014-2015,174,1,1,0.6937846616467154
10,2014-2015,175,1,1,0.6957108978856683
10,2014-2015,176,1,1,0.67549388621276
10,2014-2015,177,1,1,0.5458401668052889
10,2014-2015,178,1,1,0.5816712783647999
10,2014-2015,179,1,1,0.6029963219671411
10,2014-2015,180,1,1,0.701020000267692
10,2014-2015,181,0,1,0.5443861250607429
10,2014-2015,182,1,1,0.8322507587874054
10,2014-2015,183,0,1,0.624117132244638
10,2014-2015,184,1,1,0.6976468844114236
10,2014-2015,185,1,1,0.8018559107710551
10,2014-2015,186,0,0,0.2046506756070341
10,2014-2015,187,0,1,0.5810066998714093
10,2014-2015,188,1,1,0.7829810792344992
10,2014-2015,189,0,0,0.3303176500240908
10,2014-2015,190,1,0,0.3529308951661687
10,2014-2015,191,1,0,0.40809325803306273
10,2014-2015,192,0,0,0.22706355003784798
10,2014-2015,193,0,0,0.4091148840041445
10,2014-2015,194,1,1,0.782794616476467
10,2014-2015,195,0,1,0.7828870847872565
10,2014-2015,196,0,1,0.6927958103132489
10,2014-2015,197,1,1,0.6947857572577013
10,2014-2015,198,1,1,0.5950527757836235
10,2014-2015,199,0,0,0.2970903707860307
10,2014-2015,200,1,1,0.7414957869197054
10,2014-2015,201,1,0,0.4822055774239661
10,2014-2015,202,1,1,0.7868658342306855
10,2014-2015,203,1,1,0.6934353867782326
10,2014-2015,204,1,1,0.6599155861994472
10,2014-2015,205,1,1,0.7786459423832949
10,2014-2015,206,0,0,0.17519937996743942
10,2014-2015,207,0,1,0.5808417617870142
10,2014-2015,208,1,1,0.8433885211768265
10,2014-2015,209,0,1,0.6625857793498686
10,2014-2015,210,1,0,0.478549581362046
10,2014-2015,211,0,0,0.285438933031117
10,2014-2015,212,0,0,0.19312960818887634
10,2014-2015,213,1,1,0.8135519214670648
10,2014-2015,214,1,1,0.6637956306159866
10,2014-2015,215,1,1,0.8416094894948377
10,2014-2015,216,0,0,0.2556070224247656
10,2014-2015,217,1,0,0.38949771965345814
10,2014-2015,218,1,1,0.7056891557193765
10,2014-2015,219,1,1,0.5921681378453664
10,2014-2015,220,0,0,0.3668187613889697
10,2014-2015,221,0,1,0.718344370898325
10,2014-2015,222,0,1,0.5284213420914677
10,2014-2015,223,1,1,0.7732679649157841
10,2014-2015,224,1,1,0.6217598010117422
10,2014-2015,225,1,1,0.69332078582474
10,2014-2015,226,0,0,0.39643651430547655
10,2014-2015,227,1,1,0.8489720530525142
10,2014-2015,228,0,0,0.3191084978207344
10,2014-2015,229,1,0,0.2541249641356097
10,2014-2015,230,0,1,0.7503770100012395
10,2014-2015,231,1,1,0.7074036368709827
10,2014-2015,232,0,1,0.6089260218013715
10,2014-2015,233,1,0,0.3711388875100541
10,2014-2015,234,1,1,0.585527128491914
10,2014-2015,235,1,1,0.7275106125722006
10,2014-2015,236,1,0,0.4256199495799337
10,2014-2015,237,0,1,0.7379271808542737
10,2014-2015,238,1,1,0.5249535168866538
10,2014-2015,239,1,1,0.6580328861880171
10,2014-2015,240,1,1,0.5587238347945866
10,2014-2015,241,1,1,0.5679766860261983
10,2014-2015,242,1,1,0.792035610810313
10,2014-2015,243,1,1,0.6771221880516017
10,2014-2015,244,1,1,0.76127672952347
10,2014-2015,245,1,1,0.7470351965301744
10,2014-2015,246,1,1,0.7620238552746607
10,2014-2015,247,1,1,0.783192079264244
10,2014-2015,248,1,1,0.820747079750796
10,2014-2015,249,1,1,0.7911230642841347
10,2014-2015,250,1,1,0.8749147275475951
10,2014-2015,251,0,1,0.8260148332570326
10,2014-2015,252,0,1,0.8400942773241041
10,2014-2015,253,0,1,0.7892735918256281
10,2014-2015,254,0,1,0.8262616768266112
10,2014-2015,255,0,1,0.5606433180327158
10,2014-2015,256,0,0,0.27576681366009054
10,2014-2015,257,1,1,0.5760356059953253
10,2014-2015,258,0,0,0.3121995807623606
10,2014-2015,259,0,0,0.23190053932900861
10,2014-2015,260,1,0,0.20378141896784166
10,2014-2015,261,0,1,0.6745839781606519
10,2014-2015,262,1,0,0.20552171227388588
10,2014-2015,263,1,0,0.49847325464847236
10,2014-2015,264,1,1,0.7701077452789113
10,2014-2015,265,1,1,0.6303738069060583
10,2014-2015,266,0,1,0.5019703566044431
10,2014-2015,267,0,1,0.7483030474519818
10,2014-2015,268,0,0,0.31748256517041556
10,2014-2015,269,1,1,0.5709396382153898
10,2014-2015,270,1,1,0.7091925285531285
10,2014-2015,271,1,0,0.47984887437172774
10,2014-2015,272,0,1,0.501158526161457
10,2014-2015,273,1,1,0.5759996548326456
10,2014-2015,274,1,1,0.6969657982530084
10,2015-2016,11,0,0,0.4120589231646703
10,2015-2016,12,1,0,0.37388171108394413
10,2015-2016,13,0,0,0.4048931241196097
10,2015-2016,14,1,0,0.37970332211496555
10,2015-2016,15,0,0,0.44664991891376726
10,2015-2016,16,1,0,0.413893229495802
10,2015-2016,17,1,0,0.41081956469509245
10,2015-2016,18,0,0,0.42536417892561157
10,2015-2016,19,1,0,0.4050084779215451
10,2015-2016,20,1,0,0.46518400106753377
10,2015-2016,21,0,1,0.5064742246333882
10,2015-2016,22,0,0,0.4330637734477576
10,2015-2016,23,0,0,0.4492909272183217
10,2015-2016,24,1,0,0.42841877700104386
10,2015-2016,25,1,0,0.45326316799516736
10,2015-2016,26,1,0,0.44007902781761843
10,2015-2016,27,1,0,0.4816110014830262
10,2015-2016,28,0,1,0.5046356629916198
10,2015-2016,29,0,0,0.49489104399435135
10,2015-2016,30,1,0,0.48424131964706413
10,2015-2016,31,1,0,0.4932984678988587
10,2015-2016,32,0,0,0.49833015742573655
10,2015-2016,33,0,0,0.4889936493230341
10,2015-2016,34,0,0,0.4783502756714376
10,2015-2016,35,1,0,0.49345746234293514
10,2015-2016,36,1,0,0.4791379874338693
10,2015-2016,37,1,1,0.5015292515365115
10,2015-2016,38,0,1,0.5276207619369491
10,2015-2016,39,1,0,0.4800403135297622
10,2015-2016,40,1,1,0.5048444236005077
10,2015-2016,41,0,1,0.5516831668063826
10,2015-2016,42,1,1,0.5182557727211264
10,2015-2016,43,1,1,0.5459890030188157
10,2015-2016,44,1,1,0.5049994028788645
10,2015-2016,45,1,1,0.5724298884430203
10,2015-2016,46,1,1,0.6115017917874584
10,2015-2016,47,1,1,0.5494081149216866
10,2015-2016,48,1,1,0.5852111039177658
10,2015-2016,49,1,1,0.6176305819075706
10,2015-2016,50,0,1,0.6665049717017076
10,2015-2016,51,0,1,0.6268996688373809
10,2015-2016,52,0,1,0.5818550808598316
10,2015-2016,53,1,1,0.6001403442817584
10,2015-2016,54,1,1,0.5645505189268744
10,2015-2016,55,1,1,0.5970395490087361
10,2015-2016,56,0,1,0.5951355210141529
10,2015-2016,57,0,1,0.554455789527336
10,2015-2016,58,0,1,0.5417887227057715
10,2015-2016,59,1,1,0.5992172696313679
10,2015-2016,60,1,1,0.6353166964807012
10,2015-2016,61,1,0,0.49089891412335124
10,2015-2016,62,1,1,0.64931757203858
10,2015-2016,63,1,1,0.6135503272624883
10,2015-2016,64,1,1,0.6590000574354563
10,2015-2016,65,0,1,0.6412884389174911
10,2015-2016,66,1,1,0.6664231099557334
10,2015-2016,67,1,1,0.6313485565504606
10,2015-2016,68,1,1,0.7095503783225344
10,2015-2016,69,0,1,0.6396528060861985
10,2015-2016,70,0,1,0.5576233361928515
10,2015-2016,71,1,1,0.5810761507441443
10,2015-2016,72,0,1,0.5889394836532557
10,2015-2016,73,1,1,0.6973028508140978
10,2015-2016,74,1,1,0.6816473762686399
10,2015-2016,75,0,1,0.5850244610131364
10,2015-2016,76,0,1,0.6629761980220951
10,2015-2016,77,1,1,0.5183669875718625
10,2015-2016,78,0,1,0.6957903987837257
10,2015-2016,79,1,1,0.6193046747724755
10,2015-2016,80,1,1,0.56653802451518
10,2015-2016,81,1,1,0.6343357532343337
10,2015-2016,82,1,1,0.5381992043763965
10,2015-2016,83,1,1,0.6770057400837182
10,2015-2016,84,0,1,0.5758258400485957
10,2015-2016,85,0,1,0.6201333390899768
10,2015-2016,86,1,1,0.7017773637110577
10,2015-2016,87,0,1,0.5605677490699493
10,2015-2016,88,1,1,0.7278308841771117
10,2015-2016,89,1,1,0.7372771433704768
10,2015-2016,90,0,1,0.6976284838180777
10,2015-2016,91,1,0,0.45138812241016096
10,2015-2016,92,0,0,0.4732487228845255
10,2015-2016,93,1,1,0.5421566486892974
10,2015-2016,94,1,1,0.6011248371488014
10,2015-2016,95,0,0,0.424561505353
10,2015-2016,96,1,1,0.6539679541824432
10,2015-2016,97,1,1,0.6449077020217319
10,2015-2016,98,1,1,0.7170140091943784
10,2015-2016,99,0,1,0.5997977173178505
10,2015-2016,100,1,1,0.5840850562926831
10,2015-2016,101,0,0,0.47537699487121
10,2015-2016,102,0,1,0.72285967761369
10,2015-2016,103,1,1,0.5960568852815288
10,2015-2016,104,0,1,0.6367351237951336
10,2015-2016,105,0,1,0.6628004202924166
10,2015-2016,106,0,0,0.4681805414423311
10,2015-2016,107,1,1,0.663821110857393
10,2015-2016,108,1,1,0.7133373797796515
10,2015-2016,109,1,1,0.710056364989458
10,2015-2016,110,1,1,0.7082111671167537
10,2015-2016,111,1,1,0.6520466856083313
10,2015-2016,112,0,1,0.5832210808094364
10,2015-2016,113,1,1,0.5143297760082852
10,2015-2016,114,1,0,0.42619176000183356
10,2015-2016,115,0,1,0.7187460678293446
10,2015-2016,116,0,0,0.4718366577111074
10,2015-2016,117,0,1,0.5293873234245856
10,2015-2016,118,0,0,0.4556231737657068
10,2015-2016,119,1,1,0.6948816896426685
10,2015-2016,120,0,1,0.7319583068318044
10,2015-2016,121,1,1,0.6202722082763411
10,2015-2016,122,1,1,0.7045029155050679
10,2015-2016,123,0,0,0.42419435239643516
10,2015-2016,124,1,1,0.5167462985963656
10,2015-2016,125,0,1,0.5615706547233633
10,2015-2016,126,1,0,0.409256029186787
10,2015-2016,127,0,0,0.3876945121606371
10,2015-2016,128,0,1,0.5558710498955723
10,2015-2016,129,1,1,0.5995059941154786
10,2015-2016,130,1,1,0.7320885930299835
10,2015-2016,131,0,0,0.40878414444097244
10,2015-2016,132,0,0,0.38038104526313804
10,2015-2016,133,0,1,0.5445675325267989
10,2015-2016,134,1,1,0.6020580798222895
10,2015-2016,135,0,1,0.7381649016109161
10,2015-2016,136,0,0,0.418757885602692
10,2015-2016,137,1,0,0.44077799629629477
10,2015-2016,138,1,1,0.7478768730860206
10,2015-2016,139,1,1,0.7463750595838369
10,2015-2016,140,1,1,0.7364735585219747
10,2015-2016,141,0,1,0.5942928794854896
10,2015-2016,142,1,0,0.48091002079052947
10,2015-2016,143,0,1,0.5202735218810596
10,2015-2016,144,0,0,0.3687579263486637
10,2015-2016,145,0,0,0.3983972438029653
10,2015-2016,146,0,1,0.6113169089784362
10,2015-2016,147,0,0,0.48444918988123586
10,2015-2016,148,0,1,0.6873683352250319
10,2015-2016,149,1,1,0.6843442718816176
10,2015-2016,150,1,1,0.6816089277482178
10,2015-2016,151,0,1,0.5376669521378311
10,2015-2016,152,1,1,0.5228453992408044
10,2015-2016,153,0,0,0.36441922197943
10,2015-2016,154,0,0,0.2905510537014523
10,2015-2016,155,0,0,0.31892314803294664
10,2015-2016,156,0,0,0.4064928926951457
10,2015-2016,157,1,1,0.5851814260073662
10,2015-2016,158,1,1,0.6647043525429859
10,2015-2016,159,0,0,0.2956559224496762
10,2015-2016,160,0,0,0.26225036963391196
10,2015-2016,161,1,1,0.5840958743993164
10,2015-2016,162,1,1,0.7434367657195003
10,2015-2016,163,1,0,0.2724033923291301
10,2015-2016,164,0,0,0.2649866440541275
10,2015-2016,165,1,1,0.6069952043821834
10,2015-2016,166,0,0,0.33069623580964097
10,2015-2016,167,1,0,0.466901659571628
10,2015-2016,168,0,0,0.3194622065772348
10,2015-2016,169,0,1,0.537396542280407
10,2015-2016,170,1,1,0.7063074779813081
10,2015-2016,171,0,0,0.4968080350270017
10,2015-2016,172,0,0,0.3905954659098143
10,2015-2016,173,1,0,0.38688430940427543
10,2015-2016,174,0,0,0.49003640534647264
10,2015-2016,175,1,1,0.5747095692587061
10,2015-2016,176,0,1,0.5288309779135559
10,2015-2016,177,1,1,0.5792442597963411
10,2015-2016,178,0,1,0.5801831005711762
10,2015-2016,179,1,0,0.34835744745444874
10,2015-2016,180,1,0,0.34252725679780494
10,2015-2016,181,0,0,0.3175825413468773
10,2015-2016,182,1,1,0.6013382997102298
10,2015-2016,183,0,1,0.6534913282433557
10,2015-2016,184,0,0,0.3056281412611958
10,2015-2016,185,1,1,0.6268816033994556
10,2015-2016,186,1,0,0.3966182561242005
10,2015-2016,187,0,1,0.6450942207669074
10,2015-2016,188,0,0,0.3830104135827993
10,2015-2016,189,1,1,0.5887122310545192
10,2015-2016,190,0,0,0.4581274170532681
10,2015-2016,191,1,1,0.5662421980188534
10,2015-2016,192,1,0,0.4706945747522934
10,2015-2016,193,0,0,0.4343695340788538
10,2015-2016,194,1,1,0.6221351591179246
10,2015-2016,195,1,0,0.49663199012683523
10,2015-2016,196,1,0,0.3046903816946253
10,2015-2016,197,0,0,0.39111145135927705
10,2015-2016,198,0,0,0.401534181062521
10,2015-2016,199,1,1,0.6341243412020039
10,2015-2016,200,0,0,0.29419001750065893
10,2015-2016,201,1,0,0.3863512353985012
10,2015-2016,202,1,0,0.4417026187295827
10,2015-2016,203,1,0,0.4046050737385812
10,2015-2016,204,0,0,0.3845265402976888
10,2015-2016,205,1,1,0.5977916110275511
10,2015-2016,206,1,1,0.589137795124683
10,2015-2016,207,1,1,0.7280927798009161
10,2015-2016,208,0,1,0.6428440404901294
10,2015-2016,209,1,1,0.6600242653451058
10,2015-2016,210,1,1,0.7120776509194354
10,2015-2016,211,1,1,0.7569731090541826
10,2015-2016,212,1,1,0.5277653830540332
10,2015-2016,213,1,1,0.6525651292021677
10,2015-2016,214,0,0,0.4161100619006398
10,2015-2016,215,0,1,0.5894026384784196
10,2015-2016,216,1,1,0.6952060180044108
10,2015-2016,217,1,1,0.5865809128626023
10,2015-2016,218,1,1,0.692657282600895
10,2015-2016,219,1,0,0.4640149553258945
10,2015-2016,220,0,0,0.2357069366391658
10,2015-2016,221,0,1,0.7596188709031362
10,2015-2016,222,1,1,0.638844348010945
10,2015-2016,223,1,1,0.6654547209818763
10,2015-2016,224,1,1,0.7731630492854099
10,2015-2016,225,0,1,0.7713290439281391
10,2015-2016,226,1,1,0.7434331816496643
10,2015-2016,227,0,1,0.6528416662979362
10,2015-2016,228,1,1,0.7800948559777932
10,2015-2016,229,0,1,0.7575708011208736
10,2015-2016,230,1,0,0.4945896805990837
10,2015-2016,231,1,1,0.5419529763599331
10,2015-2016,232,0,1,0.697859454649834
10,2015-2016,233,1,0,0.4420901598519617
10,2015-2016,234,0,1,0.6812848802372279
10,2015-2016,235,1,1,0.6266553124840069
10,2015-2016,236,1,1,0.6737707936981211
10,2015-2016,237,0,1,0.6478906812041596
10,2015-2016,238,1,1,0.7493887906999844
10,2015-2016,239,0,1,0.5253357483416884
10,2015-2016,240,1,1,0.5274663540868862
10,2015-2016,241,0,1,0.7373866182457561
10,2015-2016,242,0,0,0.48171701630927144
10,2015-2016,243,1,0,0.3720008637153156
10,2015-2016,244,1,1,0.6298791621137012
10,2016-2017,11,1,1,0.5240717019550682
10,2016-2017,12,1,1,0.5500427582531028
10,2016-2017,13,0,1,0.5850177270034882
10,2016-2017,14,0,1,0.5525736308975655
10,2016-2017,15,1,1,0.505127968397939
10,2016-2017,16,0,1,0.5737863752843038
10,2016-2017,17,1,1,0.5135405204024929
10,2016-2017,18,0,1,0.5296229282708337
10,2016-2017,19,1,1,0.5130900525531994
10,2016-2017,20,0,1,0.5346110093970375
10,2016-2017,21,0,1,0.5146848430359257
10,2016-2017,22,0,0,0.4827095863968037
10,2016-2017,23,0,0,0.44930782881342424
10,2016-2017,24,0,0,0.4253718617382577
10,2016-2017,25,1,0,0.3993093548124953
10,2016-2017,26,0,0,0.41053099375770685
10,2016-2017,27,1,0,0.4129149347759271
10,2016-2017,28,1,0,0.42295478026954214
10,2016-2017,29,1,0,0.4635117149028716
10,2016-2017,30,1,0,0.4743394248923207
10,2016-2017,31,1,1,0.5175834091384961
10,2016-2017,32,1,0,0.4998409618407469
10,2016-2017,33,0,1,0.5372826885545482
10,2016-2017,34,1,1,0.5410233698749685
10,2016-2017,35,1,1,0.5379953355699186
10,2016-2017,36,0,1,0.5722713505380091
10,2016-2017,37,0,1,0.5227606252224299
10,2016-2017,38,0,1,0.5082938810880623
10,2016-2017,39,1,1,0.5221221996335133
10,2016-2017,40,1,1,0.501380740423562
10,2016-2017,41,1,1,0.5385201673516178
10,2016-2017,42,0,1,0.533898090935007
10,2016-2017,43,1,1,0.535157034803968
10,2016-2017,44,1,1,0.5742753608892875
10,2016-2017,45,1,1,0.5813276433279785
10,2016-2017,46,1,1,0.5345172329721336
10,2016-2017,47,1,1,0.5850411203029343
10,2016-2017,48,0,0,0.4999901167794787
10,2016-2017,49,0,1,0.6357808222632684
10,2016-2017,50,1,1,0.5260078822934879
10,2016-2017,51,0,1,0.5292213480612041
10,2016-2017,52,0,1,0.5576968205987084
10,2016-2017,53,0,1,0.5649974739019588
10,2016-2017,54,1,1,0.5341466672238399
10,2016-2017,55,0,1,0.5419271843819501
10,2016-2017,56,0,1,0.5266856056559653
10,2016-2017,57,0,0,0.4909910441520744
10,2016-2017,58,0,1,0.5122039396605531
10,2016-2017,59,0,1,0.5243005218024775
10,2016-2017,60,1,1,0.5103217772067342
10,2016-2017,61,0,0,0.455755747760597
10,2016-2017,62,1,1,0.5031342578850665
10,2016-2017,63,1,1,0.5329471784581818
10,2016-2017,64,1,0,0.475629335422168
10,2016-2017,65,1,1,0.5950859170154833
10,2016-2017,66,0,1,0.5544610613519336
10,2016-2017,67,1,0,0.4709377253054289
10,2016-2017,68,1,1,0.5181572075140958
10,2016-2017,69,1,1,0.513933899360099
10,2016-2017,70,1,0,0.49324061184425516
10,2016-2017,71,0,1,0.5130455321798265
10,2016-2017,72,1,1,0.544238958991907
10,2016-2017,73,1,1,0.5564605865010249
10,2016-2017,74,1,1,0.5703068192152521
10,2016-2017,75,0,1,0.5653960370951664
10,2016-2017,76,1,1,0.5073700143695353
10,2016-2017,77,0,1,0.5698732370325394
10,2016-2017,78,1,1,0.5354499397108912
10,2016-2017,79,1,1,0.6278545326602605
10,2016-2017,80,0,1,0.5237893753855876
10,2016-2017,81,0,1,0.5361181874203859
10,2016-2017,82,0,1,0.6239966196546378
10,2016-2017,83,1,1,0.5187298375894248
10,2016-2017,84,0,1,0.5686438570166432
10,2016-2017,85,1,0,0.4990363403496768
10,2016-2017,86,1,1,0.5510644194223974
10,2016-2017,87,0,1,0.5842623755892897
10,2016-2017,88,1,1,0.5219958391414592
10,2016-2017,89,1,1,0.5064969172306586
10,2016-2017,90,1,1,0.5270227136467093
10,2016-2017,91,1,1,0.5660033128882174
10,2016-2017,92,0,1,0.554517636916668
10,2016-2017,93,0,1,0.5657200491453419
10,2016-2017,94,0,1,0.5769498337208779
10,2016-2017,95,1,1,0.5544730842870749
10,2016-2017,96,0,1,0.524879572527542
10,2016-2017,97,1,1,0.5905313618696579
10,2016-2017,98,0,1,0.565191526001375
10,2016-2017,99,0,1,0.5194414982071272
10,2016-2017,100,0,0,0.48156333091141584
10,2016-2017,101,0,1,0.5391029908308548
10,2016-2017,102,0,1,0.5688609821063719
10,2016-2017,103,0,1,0.5162510759667125
10,2016-2017,104,0,0,0.4614575995796111
10,2016-2017,105,0,1,0.5615453478947365
10,2016-2017,106,0,1,0.518773118167601
10,2016-2017,107,0,1,0.5320556041104565
10,2016-2017,108,0,1,0.502359127618599
10,2016-2017,109,1,0,0.49734695257114847
10,2016-2017,110,1,0,0.4652532275766666
10,2016-2017,111,1,1,0.5044068637069402
10,2016-2017,112,1,1,0.5332098119503181
10,2016-2017,113,1,1,0.5274331917050679
10,2016-2017,114,0,1,0.5509680363953271
10,2016-2017,115,0,1,0.5001538628655161
10,2016-2017,116,1,0,0.48782571761735166
10,2016-2017,117,0,1,0.5148391287374519
10,2016-2017,118,1,1,0.5290259393915828
10,2016-2017,119,1,1,0.5280005034118632
10,2016-2017,120,0,1,0.5174781485548263
10,2016-2017,121,1,0,0.46386651818576197
10,2016-2017,122,1,1,0.5023097397603647
10,2016-2017,123,1,0,0.47711671100611114
10,2016-2017,124,1,1,0.5197026822277974
10,2016-2017,125,0,1,0.5285728741993154
10,2016-2017,126,1,1,0.5735020711775001
10,2016-2017,127,0,0,0.4963333173012411
10,2016-2017,128,1,1,0.5143970186027033
10,2016-2017,129,1,1,0.5275850092234875
10,2016-2017,130,1,1,0.5269251292004661
10,2016-2017,131,1,1,0.5575414603754398
10,2016-2017,132,1,1,0.5741872968488285
10,2016-2017,133,0,1,0.508916388813729
10,2016-2017,134,0,0,0.49807823571759063
10,2016-2017,135,1,1,0.518655944486088
10,2016-2017,136,1,1,0.6361051268635105
10,2016-2017,137,1,1,0.5979102392762358
10,2016-2017,138,1,1,0.5430276588967732
10,2016-2017,139,1,1,0.6474516419531379
10,2016-2017,140,0,1,0.5286549264923227
10,2016-2017,141,1,1,0.6401793795054931
10,2016-2017,142,0,0,0.4240653602630983
10,2016-2017,143,0,1,0.5125202035421746
10,2016-2017,144,1,1,0.5637138684703108
10,2016-2017,145,0,1,0.5326149137178703
10,2016-2017,146,1,1,0.5829965815179073
10,2016-2017,147,1,1,0.5263024660438487
10,2016-2017,148,0,1,0.6389141956011627
10,2016-2017,149,1,0,0.43527727719809
10,2016-2017,150,1,1,0.5191993357168723
10,2016-2017,151,1,1,0.684315575055348
10,2016-2017,152,0,1,0.5515849482774685
10,2016-2017,153,0,1,0.6104891269534329
10,2016-2017,154,1,1,0.6088473456172211
10,2016-2017,155,1,1,0.6214512627614842
10,2016-2017,156,1,1,0.6698508792184809
10,2016-2017,157,0,1,0.6674680961549745
10,2016-2017,158,1,1,0.6383359453682025
10,2016-2017,159,1,0,0.4748291364551743
10,2016-2017,160,1,1,0.6158376906825725
10,2016-2017,161,1,1,0.6991567718654007
10,2016-2017,162,1,1,0.6593076929157914
10,2016-2017,163,0,1,0.660485515596381
10,2016-2017,164,0,1,0.6379063945785567
10,2016-2017,165,1,1,0.5835698655884223
10,2016-2017,166,1,1,0.6189346098222187
10,2016-2017,167,0,0,0.4943027089136109
10,2016-2017,168,1,1,0.6742059874455103
10,2016-2017,169,1,1,0.6782596611411711
10,2016-2017,170,0,1,0.5617234275609768
10,2016-2017,171,1,1,0.6252752861734117
10,2016-2017,172,0,1,0.6968441293900357
10,2016-2017,173,1,1,0.6649147430981703
10,2016-2017,174,0,0,0.4235304123442388
10,2016-2017,175,0,1,0.6753221858804958
10,2016-2017,176,0,1,0.5688908876466033
10,2016-2017,177,0,1,0.5299265979465531
10,2016-2017,178,0,0,0.4476667185457199
10,2016-2017,179,0,1,0.553161260111533
10,2016-2017,180,1,0,0.48958105326851786
10,2016-2017,181,0,0,0.3921526221652622
10,2016-2017,182,1,1,0.6264668614712137
10,2016-2017,183,0,1,0.7083858079338972
10,2016-2017,184,0,1,0.5223930114628215
10,2016-2017,185,1,1,0.5211817365807317
10,2016-2017,186,0,0,0.3893044799938323
10,2016-2017,187,1,0,0.46680629943149954
10,2016-2017,188,1,1,0.6366983695470908
10,2016-2017,189,1,1,0.6141076247170573
10,2016-2017,190,1,1,0.5405355192882865
10,2016-2017,191,0,1,0.5671285182949853
10,2016-2017,192,0,1,0.5035737754743055
10,2016-2017,193,1,1,0.6077931629616498
10,2016-2017,194,0,1,0.6015331566096491
10,2016-2017,195,1,1,0.631832409148388
10,2016-2017,196,0,1,0.6353025506415655
10,2016-2017,197,0,0,0.4447312575319772
10,2016-2017,198,1,1,0.5707965926544951
10,2016-2017,199,1,1,0.6153413715556708
10,2016-2017,200,1,1,0.5671571140552762
10,2016-2017,201,0,1,0.5531728795107488
10,2016-2017,202,0,0,0.49397685744850256
10,2016-2017,203,1,0,0.3388755268463472
10,2016-2017,204,0,1,0.5247224931912721
10,2016-2017,205,0,0,0.47828913210368273
10,2016-2017,206,1,1,0.5820318232837243
10,2016-2017,207,1,1,0.5736140505517316
10,2016-2017,208,1,0,0.42930416908007696
10,2016-2017,209,1,1,0.635978831145675
10,2016-2017,210,1,1,0.5126389235849688
10,2016-2017,211,0,1,0.6190882730979482
10,2016-2017,212,0,1,0.5786609306604074
10,2016-2017,213,0,0,0.42158777320663215
10,2016-2017,214,1,0,0.4212617884493723
10,2016-2017,215,1,1,0.528337214428148
10,2016-2017,216,1,1,0.5126186660304134
10,2016-2017,217,1,1,0.5233900477298058
10,2016-2017,218,1,1,0.5180324509979798
10,2016-2017,219,0,1,0.6376539767113253
10,2016-2017,220,0,0,0.4473504508080874
10,2016-2017,221,1,1,0.5395637510900972
10,2016-2017,222,0,0,0.450423293019532
10,2016-2017,223,0,0,0.4578332976942353
10,2016-2017,224,1,1,0.5567989239855229
10,2016-2017,225,1,0,0.48368529562851337
10,2016-2017,226,0,0,0.41252706092483465
10,2016-2017,227,0,1,0.6676344791968486
10,2016-2017,228,0,1,0.6489513858165241
10,2016-2017,229,0,0,0.4766766013409111
10,2016-2017,230,1,1,0.5676930809394118
10,2016-2017,231,1,1,0.5662983624120489
10,2016-2017,232,1,0,0.39396074449663154
10,2016-2017,233,0,1,0.5889740709453171
10,2016-2017,234,1,0,0.37728301271952047
10,2016-2017,235,0,1,0.5809354671450222
10,2016-2017,236,0,1,0.5906927114065357
10,2016-2017,237,0,0,0.4486444654803489
10,2016-2017,238,1,0,0.41627355563027496
10,2016-2017,239,0,0,0.4268380893682048
10,2016-2017,240,1,1,0.5644089816816125
10,2016-2017,241,0,0,0.49902051899232197
10,2016-2017,242,1,1,0.5886492766827293
10,2016-2017,243,1,0,0.4551306490550254
10,2016-2017,244,0,1,0.5337223418470729
10,2016-2017,245,1,0,0.4690506260661643
10,2016-2017,246,1,1,0.5757083830163756
10,2016-2017,247,0,0,0.47324405851952206
10,2016-2017,248,1,0,0.45065970956418866
10,2016-2017,249,0,1,0.5947873390922362
10,2018-2019,11,1,0,0.3049556115431251
10,2018-2019,12,1,0,0.38716452725178374
10,2018-2019,13,1,0,0.43165317092181654
10,2018-2019,14,0,0,0.4017059745587416
10,2018-2019,15,1,0,0.3531667745528595
10,2018-2019,16,0,0,0.4977673039406127
10,2018-2019,17,1,0,0.4144561541490409
10,2018-2019,18,1,1,0.500275597285527
10,2018-2019,19,1,0,0.45027107246732734
10,2018-2019,20,1,0,0.47185517373179964
10,2018-2019,21,0,1,0.5501633113822183
10,2018-2019,22,0,1,0.5276183984653149
10,2018-2019,23,0,1,0.5377606573384676
10,2018-2019,24,1,0,0.48899916536007976
10,2018-2019,25,0,0,0.48555242269630305
10,2018-2019,26,0,0,0.43550584476415816
10,2018-2019,27,1,0,0.4349712266834282
10,2018-2019,28,0,1,0.5118766075698866
10,2018-2019,29,1,0,0.4426051687628932
10,2018-2019,30,1,0,0.4740005726187834
10,2018-2019,31,0,0,0.49028621779974946
10,2018-2019,32,0,0,0.4820274078799507
10,2018-2019,33,1,0,0.4365839171382804
10,2018-2019,34,1,0,0.47864189210803837
10,2018-2019,35,0,0,0.4937590127649875
10,2018-2019,36,1,1,0.505561880922701
10,2018-2019,37,1,0,0.46461957034005325
10,2018-2019,38,1,0,0.4806165765763329
10,2018-2019,39,1,0,0.4987675883307754
10,2018-2019,40,0,1,0.5367397523940621
10,2018-2019,41,1,1,0.5049449388991877
10,2018-2019,42,1,1,0.5293877557350687
10,2018-2019,43,1,1,0.5602254401011352
10,2018-2019,44,0,1,0.5914974103045996
10,2018-2019,45,0,1,0.5465540076754714
10,2018-2019,46,1,1,0.5326967795874076
10,2018-2019,47,1,1,0.5444079470181182
10,2018-2019,48,1,1,0.5715446956526078
10,2018-2019,49,1,1,0.5806354033043568
10,2018-2019,50,1,1,0.5806361318420407
10,2018-2019,51,0,1,0.5608932603875173
10,2018-2019,52,1,1,0.6253534930304244
10,2018-2019,53,1,1,0.6191619104362329
10,2018-2019,54,1,1,0.6741464366789475
10,2018-2019,55,0,1,0.6545811736155084
10,2018-2019,56,1,1,0.6495214860029643
10,2018-2019,57,1,1,0.6686589717165164
10,2018-2019,58,1,1,0.6849376325485586
10,2018-2019,59,1,1,0.6529554666245335
10,2018-2019,60,0,1,0.7282897195197651
10,2018-2019,61,1,1,0.6904861173031767
10,2018-2019,62,1,1,0.5321097700608086
10,2018-2019,63,0,1,0.6714276548116881
10,2018-2019,64,1,1,0.6539119387389
10,2018-2019,65,1,1,0.5898132350508751
10,2018-2019,66,1,1,0.6556254089109773
10,2018-2019,67,1,1,0.6900904371644864
10,2018-2019,68,1,1,0.6778565654910426
10,2018-2019,69,1,1,0.7243904378976616
10,2018-2019,70,1,1,0.7144585534330982
10,2018-2019,71,1,1,0.6672949422352755
10,2018-2019,72,1,1,0.7642503591270773
10,2018-2019,73,0,1,0.6357194758057194
10,2018-2019,74,1,1,0.7508784361112127
10,2018-2019,75,1,1,0.7061209393551217
10,2018-2019,76,0,1,0.6659844590030032
10,2018-2019,77,0,1,0.5864858148035927
10,2018-2019,78,1,1,0.7295255210975414
10,2018-2019,79,0,1,0.6796185546631418
10,2018-2019,80,1,1,0.757092198400642
10,2018-2019,81,0,1,0.5408931538591347
10,2018-2019,82,1,1,0.7798453806108347
10,2018-2019,83,1,1,0.75835264753483
10,2018-2019,84,1,1,0.741313287780209
10,2018-2019,85,0,1,0.7808768606720045
10,2018-2019,86,0,1,0.7321992926661245
10,2018-2019,87,0,0,0.48089448602397517
10,2018-2019,88,1,1,0.6517847140906359
10,2018-2019,89,0,1,0.5139408383167032
10,2018-2019,90,0,1,0.6812806369908015
10,2018-2019,91,0,0,0.46536767073536955
10,2018-2019,92,1,1,0.749841275476857
10,2018-2019,93,0,1,0.6411132372223708
10,2018-2019,94,1,0,0.37007616326447396
10,2018-2019,95,1,1,0.7121016696949892
10,2018-2019,96,0,0,0.40637002778902287
10,2018-2019,97,0,1,0.5886063816584617
10,2018-2019,98,0,0,0.48192403618787794
10,2018-2019,99,0,0,0.32580449163133857
10,2018-2019,100,0,0,0.3604463567520161
10,2018-2019,101,1,1,0.6544780473915994
10,2018-2019,102,0,0,0.3028572474084724
10,2018-2019,103,0,0,0.4440026946773242
10,2018-2019,104,1,1,0.7015354142845419
10,2018-2019,105,0,1,0.6008931706992995
10,2018-2019,106,1,1,0.5688570087476998
10,2018-2019,107,0,1,0.5872586631180419
10,2018-2019,108,0,1,0.7051118512939148
10,2018-2019,109,0,0,0.3177312238808769
10,2018-2019,110,0,1,0.5751693103729667
10,2018-2019,111,1,1,0.5300478976827837
10,2018-2019,112,1,1,0.7647720964119848
10,2018-2019,113,0,1,0.5130278630082858
10,2018-2019,114,1,0,0.25100489150914246
10,2018-2019,115,1,0,0.3360227248732466
10,2018-2019,116,1,1,0.7203746105473002
10,2018-2019,117,1,1,0.7964413206857859
10,2018-2019,118,0,1,0.6594261903555318
10,2018-2019,119,0,0,0.48106772238926565
10,2018-2019,120,0,1,0.6646552549809227
10,2018-2019,121,1,1,0.5583390873443576
10,2018-2019,122,1,1,0.7339925695302177
10,2018-2019,123,1,1,0.7056840022188524
10,2018-2019,124,1,0,0.38144177107667177
10,2018-2019,125,0,0,0.43958184235714665
10,2018-2019,126,1,1,0.5212426819805323
10,2018-2019,127,1,1,0.7351159884405865
10,2018-2019,128,1,0,0.42374737598364176
10,2018-2019,129,0,1,0.7470092714312264
10,2018-2019,130,0,1,0.5131224547463759
10,2018-2019,131,0,1,0.6907536107431477
10,2018-2019,132,1,1,0.5698159472357095
10,2018-2019,133,1,1,0.698620123833285
10,2018-2019,134,1,1,0.6232835476348657
10,2018-2019,135,1,1,0.7399000102313484
10,2018-2019,136,0,0,0.40999857953922547
10,2018-2019,137,1,1,0.6821941766857884
10,2018-2019,138,1,1,0.6040082522584003
10,2018-2019,139,0,0,0.36990127203411005
10,2018-2019,140,1,1,0.6976579045974829
10,2018-2019,141,1,1,0.7989150126639233
10,2018-2019,142,1,1,0.5896107993574293
10,2018-2019,143,0,1,0.6876044132181891
10,2018-2019,144,1,1,0.7539006276020873
10,2018-2019,145,1,1,0.5154393075202772
10,2018-2019,146,1,1,0.7260450892297764
10,2018-2019,147,1,1,0.8348887215185391
10,2018-2019,148,1,1,0.5405647122512934
10,2018-2019,149,1,1,0.8115903728227646
10,2018-2019,150,0,1,0.7037211258689801
10,2018-2019,151,0,1,0.7561119594885892
10,2018-2019,152,0,1,0.5414283926933185
10,2018-2019,153,1,1,0.6969159701763121
10,2018-2019,154,0,0,0.41814149246189486
10,2018-2019,155,0,0,0.45778715450027174
10,2018-2019,156,1,0,0.46659290215544086
10,2018-2019,157,0,1,0.7203985418205602
10,2018-2019,158,0,1,0.654727349772205
10,2018-2019,159,0,1,0.6395845026942327
10,2018-2019,160,1,1,0.7338280156439732
10,2018-2019,161,1,1,0.6794958352126882
10,2018-2019,162,1,1,0.7181082297905192
10,2018-2019,163,0,1,0.6731044906414452
10,2018-2019,164,1,1,0.7327077314451256
10,2018-2019,165,1,1,0.7910594290280739
10,2018-2019,166,0,1,0.7376800624783858
10,2018-2019,167,1,1,0.7877827778698241
10,2018-2019,168,1,1,0.7110790778358994
10,2018-2019,169,1,1,0.7439346398758724
10,2018-2019,170,1,1,0.8019167152370297
10,2018-2019,171,0,1,0.7871487506914172
10,2018-2019,172,0,0,0.4634399565358214
10,2018-2019,173,1,0,0.480873781834419
10,2018-2019,174,0,0,0.42948575073680556
10,2018-2019,175,1,1,0.5176813046396106
10,2018-2019,176,1,1,0.6869936130932555
10,2018-2019,177,1,0,0.42393942707889454
10,2018-2019,178,1,1,0.6138394240954611
10,2018-2019,179,1,1,0.6627098779565512
10,2018-2019,180,1,1,0.7322547024680661
10,2018-2019,181,0,1,0.7470698105994473
10,2018-2019,182,1,1,0.6870463545645814
10,2018-2019,183,1,1,0.6537358571685387
10,2018-2019,184,0,0,0.49140581127958954
10,2018-2019,185,0,1,0.5249388250296714
10,2018-2019,186,0,0,0.4496510082651585
10,2018-2019,187,1,1,0.7104215907750184
10,2018-2019,188,1,1,0.5897698547315059
10,2018-2019,189,1,1,0.7486008120104126
10,2018-2019,190,1,1,0.7987035213839857
10,2018-2019,191,1,1,0.7678615776153757
10,2018-2019,192,1,1,0.7981722491579881
10,2018-2019,193,1,1,0.5910219934090822
10,2018-2019,194,1,1,0.7772690162354585
10,2018-2019,195,1,1,0.7306011219205522
10,2018-2019,196,0,1,0.7783156235289614
10,2018-2019,197,0,1,0.5211381265153376
10,2018-2019,198,0,0,0.4224537951564537
10,2018-2019,199,1,1,0.7340393019643869
10,2018-2019,200,1,1,0.7247261552589264
10,2018-2019,201,1,1,0.7580498530645774
10,2018-2019,202,0,1,0.7891415506476205
10,2018-2019,203,0,0,0.32910659039350776
10,2018-2019,204,1,0,0.35407814844264746
10,2018-2019,205,1,1,0.580997216992782
10,2018-2019,206,1,1,0.6986992078373468
10,2018-2019,207,1,1,0.6365780488682158
10,2019-2020,11,1,0,0.40837521986814723
10,2019-2020,12,1,0,0.43965258440462185
10,2019-2020,13,0,0,0.47880664107582904
10,2019-2020,14,0,0,0.4690074153023811
10,2019-2020,15,0,0,0.43522793453504066
10,2019-2020,16,0,0,0.41658922704407425
10,2019-2020,17,0,0,0.38490308084845143
10,2019-2020,18,1,0,0.3606496338795091
10,2019-2020,19,0,0,0.3997890513678105
10,2019-2020,20,0,0,0.39891999280202345
10,2019-2020,21,0,0,0.3653385715007607
10,2019-2020,22,1,0,0.33335098588902856
10,2019-2020,23,1,0,0.3576684733125678
10,2019-2020,24,1,0,0.411472402034579
10,2019-2020,25,0,0,0.4240076751105425
10,2019-2020,26,1,0,0.42421138306798944
10,2019-2020,27,1,0,0.4316491805176612
10,2019-2020,28,0,0,0.4458569308020337
10,2019-2020,29,0,0,0.43539067567327067
10,2019-2020,30,0,0,0.4560255430373922
10,2019-2020,31,0,0,0.46215141664682924
10,2019-2020,32,0,0,0.3776758716843554
10,2019-2020,33,1,0,0.38756057355330376
10,2019-2020,34,0,0,0.3816317544767853
10,2019-2020,35,0,0,0.3870410525170076
10,2019-2020,36,1,0,0.36007509303092883
10,2019-2020,37,1,0,0.38067011665707623
10,2019-2020,38,1,0,0.4115055583128239
10,2019-2020,39,1,0,0.4765674041360477
10,2019-2020,40,0,0,0.34386076838443436
10,2019-2020,41,1,1,0.5024590225419163
10,2019-2020,42,0,0,0.403236795968173
10,2019-2020,43,0,0,0.34691918908855174
10,2019-2020,44,1,0,0.4441449702333023
10,2019-2020,45,0,1,0.611967966104265
10,2019-2020,46,0,0,0.4052134896959486
10,2019-2020,47,1,0,0.3747700967036457
10,2019-2020,48,0,0,0.4503984937427182
10,2019-2020,49,1,1,0.5534587071554097
10,2019-2020,50,1,0,0.4217966438756097
10,2019-2020,51,1,0,0.3837370740599103
10,2019-2020,52,0,0,0.3207728963062111
10,2019-2020,53,1,1,0.5805182147831209
10,2019-2020,54,0,1,0.5787810161418372
10,2019-2020,55,0,0,0.2847860406358667
10,2019-2020,56,0,1,0.5875049119023648
10,2019-2020,57,0,0,0.35230498157459034
10,2019-2020,58,0,0,0.3855803910979562
10,2019-2020,59,0,0,0.2611391820826076
10,2019-2020,60,1,1,0.5043929502535333
10,2019-2020,61,0,0,0.2863728324241434
10,2019-2020,62,1,0,0.4444891710479146
10,2019-2020,63,1,0,0.44401960180569244
10,2019-2020,64,0,0,0.3886604440284941
10,2019-2020,65,1,0,0.43292684237067625
10,2019-2020,66,1,0,0.48521948226362044
10,2019-2020,67,0,0,0.23283861696600366
10,2019-2020,68,1,1,0.5857609619979888
10,2019-2020,69,0,1,0.5807555863218814
10,2019-2020,70,0,0,0.4836663882572707
10,2019-2020,71,1,0,0.35753388259054436
10,2019-2020,72,1,0,0.4586705716587074
10,2019-2020,73,1,1,0.6205523486299915
10,2019-2020,74,0,0,0.45545307823922865
10,2019-2020,75,0,1,0.6289679517649964
10,2019-2020,76,1,1,0.537820337264655
10,2019-2020,77,0,0,0.3060269140630959
10,2019-2020,78,1,0,0.43612219870694735
10,2019-2020,79,0,0,0.42361695924467274
10,2019-2020,80,0,1,0.5202006904356692
10,2019-2020,81,1,0,0.32012863068276415
10,2019-2020,82,1,1,0.552724570969726
10,2019-2020,83,0,0,0.2714463680950425
10,2019-2020,84,0,0,0.4092728908803604
10,2019-2020,85,0,1,0.6401555808427735
10,2019-2020,86,0,0,0.34628228168365366
10,2019-2020,87,1,0,0.3773287394229692
10,2019-2020,88,1,0,0.41964386451573665
10,2019-2020,89,0,0,0.35017396686711644
10,2019-2020,90,1,0,0.2809397344069854
10,2019-2020,91,0,0,0.41879618477304353
10,2019-2020,92,0,0,0.4401031719291161
10,2019-2020,93,1,1,0.5402216135629737
10,2019-2020,94,0,0,0.3596856328564169
10,2019-2020,95,0,0,0.47232335201561243
10,2019-2020,96,1,1,0.5771351861617877
10,2019-2020,97,0,1,0.5704934985519402
10,2019-2020,98,1,0,0.34856301613312496
10,2019-2020,99,1,0,0.348571501521699
10,2019-2020,100,0,1,0.5857182409700558
10,2019-2020,101,1,0,0.48585964600642007
10,2019-2020,102,0,0,0.4519218872593413
10,2019-2020,103,0,1,0.5429658714489504
10,2019-2020,104,0,0,0.3967784336411496
10,2019-2020,105,0,0,0.32421078356150873
10,2019-2020,106,0,0,0.39888806107832
10,2019-2020,107,1,1,0.5280719190705133
10,2019-2020,108,1,1,0.605718726471064
10,2019-2020,109,1,1,0.5033047597780268
10,2019-2020,110,1,1,0.5408725616010014
10,2019-2020,111,1,0,0.42743080130433647
10,2019-2020,112,1,0,0.33040406781234327
10,2019-2020,113,1,1,0.568778212818696
10,2019-2020,114,0,0,0.4689142769617473
10,2019-2020,115,1,1,0.5927492042278867
10,2019-2020,116,1,0,0.41025154547093173
10,2019-2020,117,0,1,0.5787170433488568
10,2019-2020,118,0,0,0.35762903203217883
10,2019-2020,119,1,1,0.5423715698184104
10,2019-2020,120,0,0,0.44744801220514013
10,2019-2020,121,0,0,0.33282354367324946
10,2019-2020,122,1,1,0.6035254780490111
10,2019-2020,123,1,0,0.4463075067319328
10,2019-2020,124,0,0,0.48325101829714895
10,2019-2020,125,1,1,0.6151308605309979
10,2019-2020,126,1,1,0.6393896030228752
10,2019-2020,127,0,0,0.37465743007184515
10,2019-2020,128,1,0,0.38445761937872813
10,2019-2020,129,0,1,0.5502556753109076
10,2019-2020,130,1,1,0.5540843380717686
10,2019-2020,131,1,1,0.5144365913182023
10,2019-2020,132,0,1,0.5077695028704515
10,2019-2020,133,1,0,0.4270384055087001
10,2019-2020,134,1,0,0.36698667751806935
10,2019-2020,135,0,1,0.514057324788488
10,2019-2020,136,0,0,0.43862751835009073
10,2019-2020,137,1,1,0.5011338715393274
10,2019-2020,138,0,1,0.5230031500028262
10,2019-2020,139,1,1,0.5294574324711195
10,2019-2020,140,1,0,0.42534576276673197
10,2019-2020,141,1,1,0.5894268878091734
10,2019-2020,142,1,1,0.7171029883909349
10,2019-2020,143,0,0,0.39849835777303655
10,2019-2020,144,1,1,0.5454914650327832
10,2019-2020,145,1,0,0.4666175202665001
10,2019-2020,146,1,0,0.461426284026117
10,2019-2020,147,0,0,0.4636796648971388
10,2019-2020,148,0,0,0.4084828010301458
10,2019-2020,149,1,1,0.5995470532768093
10,2019-2020,150,1,1,0.684589213621779
10,2019-2020,151,0,0,0.2768272779463165
10,2019-2020,152,0,0,0.4294110929010662
10,2019-2020,153,0,1,0.5231627599297969
10,2019-2020,154,0,0,0.37797474607094095
10,2019-2020,155,0,0,0.31263821548439497
10,2019-2020,156,1,1,0.565957913165231
10,2019-2020,157,1,1,0.5621081873970268
10,2019-2020,158,0,1,0.6867509592243579
10,2019-2020,159,1,0,0.4212189419670329
10,2019-2020,160,0,0,0.32265683430422004
10,2019-2020,161,0,0,0.46704940096236947
10,2019-2020,162,0,0,0.22262084373231267
10,2019-2020,163,0,0,0.29806437956306286
10,2019-2020,164,0,1,0.5923315901575259
10,2019-2020,165,1,1,0.5700969615051181
10,2019-2020,166,1,0,0.26252679898176456
10,2019-2020,167,1,0,0.47505587600628957
10,2019-2020,168,1,0,0.46221970115371785
10,2019-2020,169,1,0,0.4375363367053126
10,2019-2020,170,1,1,0.6865773365520942
10,2019-2020,171,0,1,0.6256666747664795
10,2019-2020,172,1,1,0.648123786891071
10,2019-2020,173,1,1,0.5513498210986678
10,2019-2020,174,1,1,0.6760614861006484
10,2019-2020,175,0,1,0.5903604924930075
10,2019-2020,176,1,1,0.7003375863392428
10,2019-2020,177,1,1,0.739474492330512
10,2019-2020,178,0,0,0.4594245917510835
10,2019-2020,179,1,1,0.7131496818037092
10,2019-2020,180,0,1,0.5920459340650348
10,2019-2020,181,0,0,0.32139948132579527
10,2019-2020,182,1,1,0.6730571733369597
10,2019-2020,183,1,1,0.5731511039616917
10,2019-2020,184,1,0,0.3058098073056689
10,2019-2020,185,1,1,0.7738041199125087
10,2019-2020,186,0,1,0.6016652923461587
10,2019-2020,187,1,1,0.7114827449694822
10,2019-2020,188,1,1,0.5375749529816268
10,2019-2020,189,0,0,0.3700425493068044
10,2019-2020,190,1,1,0.7339194204315436
10,2019-2020,191,1,1,0.5976998744667165
10,2019-2020,192,0,1,0.6322073380733727
10,2019-2020,193,1,1,0.621840204507417
10,2019-2020,194,1,1,0.8097875415928603
10,2019-2020,195,0,1,0.6413856409483775
10,2019-2020,196,1,1,0.5589254962297399
10,2020-2021,11,0,1,0.6021869273043462
10,2020-2021,12,1,1,0.5557788206925474
10,2020-2021,13,1,1,0.60128161659937
10,2020-2021,14,0,1,0.6175774630724901
10,2020-2021,15,0,1,0.5861454670434447
10,2020-2021,16,1,0,0.4742046708357917
10,2020-2021,17,1,1,0.5412530865431958
10,2020-2021,18,1,1,0.6189739329008289
10,2020-2021,19,1,1,0.6698094329409308
10,2020-2021,20,0,1,0.6568898821334648
10,2020-2021,21,1,1,0.6311365987804607
10,2020-2021,22,1,1,0.6051960386211209
10,2020-2021,23,0,1,0.604687892210682
10,2020-2021,24,1,1,0.6423300524444887
10,2020-2021,25,0,1,0.6644798839493852
10,2020-2021,26,1,1,0.6110158402248668
10,2020-2021,27,1,1,0.6395758309739102
10,2020-2021,28,0,1,0.6668537060732355
10,2020-2021,29,0,1,0.6044582341010475
10,2020-2021,30,1,1,0.5867651193293287
10,2020-2021,31,1,1,0.6206215555664691
10,2020-2021,32,0,1,0.5636695289122857
10,2020-2021,33,0,1,0.5159920947599071
10,2020-2021,34,1,1,0.6100328062579716
10,2020-2021,35,0,0,0.43714779430045425
10,2020-2021,36,1,1,0.6083070271093174
10,2020-2021,37,1,1,0.623010593315632
10,2020-2021,38,0,1,0.6263649259937114
10,2020-2021,39,1,1,0.6060364677410236
10,2020-2021,40,0,0,0.41662080433142096
10,2020-2021,41,1,1,0.5621956604696793
10,2020-2021,42,1,1,0.6416379645053788
10,2020-2021,43,1,1,0.6176075704430012
10,2020-2021,44,1,1,0.7785985810500621
10,2020-2021,45,0,0,0.4627510773163386
10,2020-2021,46,1,1,0.6097156892282315
10,2020-2021,47,1,1,0.7990871222128704
10,2020-2021,48,1,1,0.7302168284149729
10,2020-2021,49,1,1,0.6482864200850457
10,2020-2021,50,1,1,0.8043779611590703
10,2020-2021,51,1,0,0.44094633653095183
10,2020-2021,52,1,1,0.8108176542975015
10,2020-2021,53,1,1,0.5924431750227258
10,2020-2021,54,1,1,0.8196026742584063
10,2020-2021,55,0,0,0.4402647971629383
10,2020-2021,56,0,1,0.8110720173011233
10,2020-2021,57,1,1,0.8020071308212163
10,2020-2021,58,0,1,0.8630195079741997
10,2020-2021,59,1,1,0.761420933375352
10,2020-2021,60,0,0,0.36746618511724155
10,2020-2021,61,0,1,0.5953920479562628
10,2020-2021,62,1,1,0.7988868766498566
10,2020-2021,63,0,1,0.577965585788775
10,2020-2021,64,1,1,0.8177224292701814
10,2020-2021,65,0,1,0.5737279395837569
10,2020-2021,66,1,1,0.7752815780889502
10,2020-2021,67,0,0,0.38075010290188527
10,2020-2021,68,1,1,0.5990508798487004
10,2020-2021,69,1,0,0.4911570662089953
10,2020-2021,70,1,1,0.7778340676705853
10,2020-2021,71,0,1,0.7979710433673604
10,2020-2021,72,0,0,0.3365244806280025
10,2020-2021,73,0,1,0.6071375472689837
10,2020-2021,74,0,0,0.3756850149933207
10,2020-2021,75,1,1,0.8096679160178588
10,2020-2021,76,1,1,0.8196445828332357
10,2020-2021,77,1,1,0.7841817679086112
10,2020-2021,78,1,0,0.4594671895170344
10,2020-2021,79,1,1,0.815536862718645
10,2020-2021,80,0,1,0.8510093264788242
10,2020-2021,81,1,1,0.6415361090749795
10,2020-2021,82,1,0,0.4319820720824236
10,2020-2021,83,1,1,0.729981601011948
10,2020-2021,84,1,1,0.6479507264019402
10,2020-2021,85,1,1,0.7378750642448992
10,2020-2021,86,1,1,0.7250459939406939
10,2020-2021,87,1,0,0.36244972732295366
10,2020-2021,88,0,1,0.7920815496103496
10,2020-2021,89,1,1,0.8124192018901937
10,2020-2021,90,0,1,0.7760807171737465
10,2020-2021,91,1,1,0.7221198549165239
10,2020-2021,92,0,1,0.6188884840650695
10,2020-2021,93,1,1,0.7780060340919063
10,2020-2021,94,1,1,0.605420770322219
10,2020-2021,95,1,1,0.7537576436598712
10,2020-2021,96,1,1,0.7380396965468654
10,2020-2021,97,1,1,0.6394136182026791
10,2020-2021,98,1,1,0.8393281572563415
10,2020-2021,99,0,1,0.7873970679703978
10,2020-2021,100,0,1,0.8082131562502809
10,2020-2021,101,0,1,0.6135932213825706
10,2020-2021,102,1,1,0.7028337255686766
10,2020-2021,103,1,1,0.7481039892703538
10,2020-2021,104,0,0,0.43293051247355746
10,2020-2021,105,0,1,0.592459699806942
10,2020-2021,106,1,1,0.7251950747402557
10,2020-2021,107,0,0,0.49731063486520244
10,2020-2021,108,0,1,0.5869168232818679
10,2020-2021,109,1,1,0.7198042687356954
10,2020-2021,110,0,1,0.793309573509672
10,2020-2021,111,1,1,0.6463858649507631
10,2020-2021,112,1,1,0.5820073104326133
10,2020-2021,113,0,1,0.7146644888583262
10,2020-2021,114,0,0,0.3886395777595736
10,2020-2021,115,1,1,0.7528842376973643
10,2020-2021,116,0,1,0.5079649727068752
10,2020-2021,117,1,0,0.437276423357318
10,2020-2021,118,1,1,0.7768103363483353
10,2020-2021,119,0,1,0.7034563383465426
10,2020-2021,120,1,1,0.5259037417370439
10,2020-2021,121,0,0,0.35284283022409446
10,2020-2021,122,0,1,0.6487768992227511
10,2020-2021,123,1,1,0.5294334425672681
10,2020-2021,124,1,1,0.5109812208859653
10,2020-2021,125,0,1,0.6373099719242422
10,2020-2021,126,1,1,0.7250194853626281
10,2020-2021,127,1,1,0.5098517957330734
10,2020-2021,128,0,0,0.47377834142535247
10,2020-2021,129,0,1,0.683444655626559
10,2020-2021,130,0,1,0.6873267147878177
10,2020-2021,131,0,1,0.701601966248742
10,2020-2021,132,1,1,0.6840613957716947
10,2020-2021,133,0,0,0.4766777881007208
10,2020-2021,134,1,0,0.48847189118542866
10,2020-2021,135,1,1,0.5446611997783775
10,2020-2021,136,0,1,0.5488330769218289
10,2020-2021,137,1,1,0.6392251371458739
10,2020-2021,138,1,1,0.7754823523488804
10,2020-2021,139,1,1,0.7308531214259922
10,2020-2021,140,0,1,0.6811497584783357
10,2020-2021,141,0,1,0.6526597689340566
10,2020-2021,142,1,0,0.48556400451009973
10,2020-2021,143,1,1,0.539949977705908
10,2020-2021,144,1,1,0.7482951318121829
10,2020-2021,145,1,0,0.4552051377157804
10,2020-2021,146,0,1,0.6557155646676076
10,2020-2021,147,0,1,0.5851389656230864
10,2020-2021,148,0,0,0.45035723958432583
10,2020-2021,149,1,1,0.7311130725865351
10,2020-2021,150,1,1,0.6204950948936802
10,2020-2021,151,0,1,0.6025704457453221
10,2020-2021,152,1,1,0.6032699274461265
10,2020-2021,153,0,0,0.36477583527499774
10,2020-2021,154,0,0,0.4190451560591431
10,2020-2021,155,1,1,0.524385620639328
10,2020-2021,156,0,1,0.6679217910651539
10,2020-2021,157,0,0,0.4904861461659794
10,2020-2021,158,1,1,0.6314635503160382
10,2020-2021,159,0,1,0.5909714379001675
10,2020-2021,160,0,0,0.3756668896376872
10,2020-2021,161,0,0,0.48805610033372604
10,2020-2021,162,0,0,0.4876072582301972
10,2020-2021,163,1,1,0.620181818322829
10,2020-2021,164,0,1,0.7122039025504494
10,2020-2021,165,1,1,0.5892955049829468
10,2020-2021,166,0,0,0.4916290936276991
10,2020-2021,167,1,1,0.6032729866432668
10,2020-2021,168,0,0,0.4712571351535655
10,2020-2021,169,1,1,0.5811587895000576
10,2020-2021,170,1,1,0.6822272983118564
10,2020-2021,171,1,0,0.4498817358481302
10,2020-2021,172,0,1,0.5051544972181031
10,2020-2021,173,0,1,0.7500848682444083
10,2020-2021,174,1,0,0.35336034890943263
10,2020-2021,175,1,1,0.6642162627106037
10,2020-2021,176,0,0,0.44674992721113865
10,2020-2021,177,0,1,0.579400213884072
10,2020-2021,178,0,0,0.36718434672352995
10,2020-2021,179,1,1,0.7315427539297629
10,2020-2021,180,0,1,0.5355680275482787
10,2020-2021,181,0,1,0.5450949241046743
10,2020-2021,182,1,1,0.6897186950473071
10,2020-2021,183,1,1,0.6154709798076381
10,2020-2021,184,1,1,0.616401478225496
10,2020-2021,185,1,1,0.6022829791389192
10,2020-2021,186,1,1,0.7481163129713114
10,2020-2021,187,0,0,0.41129477188542457
10,2020-2021,188,1,1,0.747656724849989
10,2020-2021,189,0,0,0.38663183979183596
10,2020-2021,190,1,1,0.6589482143999535
10,2020-2021,191,1,1,0.7405826883861417
10,2020-2021,192,1,1,0.8097820572970605
10,2020-2021,193,0,0,0.2702776630151761
10,2020-2021,194,0,0,0.3718914042443913
10,2020-2021,195,0,0,0.3050338304368401
10,2020-2021,196,1,1,0.6009568631806629
10,2020-2021,197,1,1,0.7200182845115446
10,2020-2021,198,1,1,0.772685499231216
10,2020-2021,199,0,0,0.29710245344241637
10,2020-2021,200,1,1,0.692676091091914
10,2020-2021,201,0,0,0.4782200490831548
10,2020-2021,202,1,0,0.32610115798474787
10,2020-2021,203,1,1,0.6783722957053062
10,2020-2021,204,1,0,0.4753897548058948
10,2020-2021,205,0,1,0.5804378665007424
10,2020-2021,206,1,1,0.7844571552436301
10,2020-2021,207,1,0,0.3951540439592968
10,2020-2021,208,1,1,0.8031843177977487
10,2020-2021,209,1,1,0.7041382768162917
10,2020-2021,210,1,1,0.7448909552492624
10,2020-2021,211,0,0,0.2712550697054768
10,2020-2021,212,1,1,0.7064445584099671
10,2020-2021,213,0,0,0.2191493730018926
10,2020-2021,214,1,0,0.37583655633543617
10,2020-2021,215,0,1,0.7247507852637406
10,2020-2021,216,1,1,0.8467646624003898
10,2020-2021,217,0,0,0.3030602440314355
10,2020-2021,218,1,1,0.7075716480395663
10,2020-2021,219,0,1,0.6026663029468533
10,2020-2021,220,0,0,0.31353943408566654
10,2020-2021,221,0,1,0.741405784863201
10,2020-2021,222,1,1,0.6049194741966115
10,2020-2021,223,0,1,0.6204877985525901
10,2020-2021,224,0,1,0.6988034219388102
10,2020-2021,225,0,0,0.33800117063355756
10,2020-2021,226,1,0,0.362354964335867
10,2020-2021,227,1,1,0.7730943120136511
10,2020-2021,228,0,0,0.3880117088954985
10,2020-2021,229,0,0,0.3337093942616018
10,2020-2021,230,0,0,0.4706426539217983
10,2020-2021,231,0,0,0.4737332076203655
10,2020-2021,232,0,0,0.2920938051879311
10,2020-2021,233,1,1,0.6854292834308505
10,2020-2021,234,0,1,0.6029357981292305
10,2020-2021,235,1,1,0.7773437634550804
10,2020-2021,236,1,1,0.7852783466583341
10,2020-2021,237,1,0,0.43072391687107975
10,2020-2021,238,0,0,0.224035950610576
10,2020-2021,239,0,0,0.4812994285891355
10,2020-2021,240,0,0,0.31984124333516684
10,2020-2021,241,0,1,0.7029181094077964
10,2020-2021,242,0,0,0.43338153456190126
10,2020-2021,243,1,1,0.7434448152272364
10,2020-2021,244,1,1,0.6172258187741849
10,2020-2021,245,0,0,0.3102291709087937
10,2020-2021,246,1,0,0.3221903645416975
10,2020-2021,247,1,0,0.3178197488674865
10,2020-2021,248,0,0,0.26730383517841144
10,2020-2021,249,1,1,0.7399047216775565
10,2020-2021,250,1,1,0.71417424221127
10,2020-2021,251,0,0,0.2432401316605028
10,2020-2021,252,0,0,0.22141862906943435
10,2020-2021,253,1,1,0.7358979971221317
10,2020-2021,254,1,1,0.5187726882475865
10,2020-2021,255,0,0,0.46031026362332983
10,2021-2022,11,0,1,0.7459286344468861
10,2021-2022,12,1,1,0.6551490382116942
10,2021-2022,13,1,1,0.7097434632745233
10,2021-2022,14,0,1,0.7000799804602833
10,2021-2022,15,0,1,0.6447961226450413
10,2021-2022,16,0,1,0.5948351788039046
10,2021-2022,17,1,1,0.6044080305879379
10,2021-2022,18,1,1,0.6227217329639853
10,2021-2022,19,1,1,0.6871694413484463
10,2021-2022,20,0,1,0.5669890417106277
10,2021-2022,21,0,1,0.5044816320501228
10,2021-2022,22,1,1,0.5416892643088161
10,2021-2022,23,0,1,0.5398976552491331
10,2021-2022,24,0,1,0.534697645240248
10,2021-2022,25,1,1,0.5268886461739085
10,2021-2022,26,1,1,0.6252629502606598
10,2021-2022,27,0,1,0.6739344157029666
10,2021-2022,28,1,1,0.5480278490626322
10,2021-2022,29,1,0,0.4901266383079972
10,2021-2022,30,0,1,0.5718557479296581
10,2021-2022,31,0,1,0.5443704781622442
10,2021-2022,32,1,1,0.5767258291902366
10,2021-2022,33,1,1,0.609703958762251
10,2021-2022,34,1,1,0.6572205209818847
10,2021-2022,35,0,1,0.6106439226757632
10,2021-2022,36,0,1,0.5075015249135085
10,2021-2022,37,0,1,0.5560668072061924
10,2021-2022,38,1,1,0.5496996000144462
10,2021-2022,39,1,1,0.500259582951245
10,2021-2022,40,1,1,0.6580520297765705
10,2021-2022,41,1,1,0.6249685935036332
10,2021-2022,42,1,1,0.7056505856201175
10,2021-2022,43,1,1,0.7242617851422624
10,2021-2022,44,0,1,0.649823920960408
10,2021-2022,45,1,1,0.7095598519261562
10,2021-2022,46,1,1,0.7626826400423948
10,2021-2022,47,0,1,0.5628296845851634
10,2021-2022,48,1,1,0.7163142402014955
10,2021-2022,49,0,1,0.7164616462868149
10,2021-2022,50,1,1,0.7486681000825015
10,2021-2022,51,0,1,0.6542713980300192
10,2021-2022,52,0,1,0.6178899970205177
10,2021-2022,53,1,1,0.5155388795268658
10,2021-2022,54,1,1,0.5923621345144712
10,2021-2022,55,0,1,0.6306909886901605
10,2021-2022,56,1,1,0.5889419936119112
10,2021-2022,57,1,1,0.6560719061375824
10,2021-2022,58,0,1,0.5546725510652225
10,2021-2022,59,1,1,0.6574519980366835
10,2021-2022,60,1,0,0.38919100856103195
10,2021-2022,61,0,1,0.6223919891398928
10,2021-2022,62,0,1,0.6528012606160599
10,2021-2022,63,1,1,0.603244483215634
10,2021-2022,64,0,1,0.5515705353801854
10,2021-2022,65,0,1,0.5284060273660784
10,2021-2022,66,1,1,0.602713072427939
10,2021-2022,67,0,1,0.5823056965023357
10,2021-2022,68,1,1,0.6279229617635327
10,2021-2022,69,0,0,0.47343407404770144
10,2021-2022,70,0,1,0.5316980652226961
10,2021-2022,71,0,0,0.49037243261358754
10,2021-2022,72,1,1,0.6468890891513541
10,2021-2022,73,1,1,0.5496839220424852
10,2021-2022,74,0,0,0.4791275394019302
10,2021-2022,75,1,1,0.6361991994993772
10,2021-2022,76,1,1,0.5831623676721521
10,2021-2022,77,1,1,0.6134999028960294
10,2021-2022,78,0,1,0.633868585007324
10,2021-2022,79,0,1,0.5955661114518502
10,2021-2022,80,1,1,0.5993658169601974
10,2021-2022,81,1,1,0.5715330506659373
10,2021-2022,82,1,1,0.5288503056563318
10,2021-2022,83,1,1,0.6809290324022308
10,2021-2022,84,1,1,0.6848032728919248
10,2021-2022,85,1,1,0.5520878858957906
10,2021-2022,86,0,0,0.39049399729794815
10,2021-2022,87,1,0,0.3790840691027467
10,2021-2022,88,1,1,0.7531169884210437
10,2021-2022,89,1,1,0.6705718759463714
10,2021-2022,90,1,1,0.7261872177518752
10,2021-2022,91,1,1,0.6670174351465787
10,2021-2022,92,0,1,0.640173406668558
10,2021-2022,93,1,1,0.7255942586455544
10,2021-2022,94,1,1,0.7713329663947437
10,2021-2022,95,1,1,0.7921406480031495
10,2021-2022,96,0,1,0.7267678369605004
10,2021-2022,97,0,0,0.4567420496818759
10,2021-2022,98,1,1,0.5845124555495219
10,2021-2022,99,1,1,0.7905633194081101
10,2021-2022,100,1,1,0.7548816777496821
10,2021-2022,101,1,1,0.713629202257279
10,2021-2022,102,0,0,0.47731592588054017
10,2021-2022,103,0,1,0.7223547152912381
10,2021-2022,104,0,0,0.4099248103745695
10,2021-2022,105,1,1,0.636778170034321
10,2021-2022,106,0,0,0.36914999667490683
10,2021-2022,107,0,1,0.7816455517744003
10,2021-2022,108,1,1,0.6902904503367243
10,2021-2022,109,1,1,0.5705411143316301
10,2021-2022,110,1,1,0.6850870283066703
10,2021-2022,111,0,1,0.5021206435213904
10,2021-2022,112,0,1,0.584996634477405
10,2021-2022,113,1,1,0.7829313931865587
10,2021-2022,114,1,1,0.6641906153342922
10,2021-2022,115,1,0,0.3986137743353246
10,2021-2022,116,1,1,0.5048320956623081
10,2021-2022,117,0,1,0.7050622415567187
10,2021-2022,118,1,1,0.7626382568046136
10,2021-2022,119,1,1,0.6928405175524125
10,2021-2022,120,1,0,0.41969079948303295
10,2021-2022,121,0,1,0.6191793836303784
10,2021-2022,122,1,1,0.6564398781127826
10,2021-2022,123,1,1,0.6882357234347096
10,2021-2022,124,1,1,0.8045114092259529
10,2021-2022,125,1,1,0.6592155371184144
10,2021-2022,126,0,0,0.40653453023032976
10,2021-2022,127,1,1,0.5358579474891569
10,2021-2022,128,1,1,0.7658990754627228
10,2021-2022,129,0,1,0.7467793399268811
10,2021-2022,130,1,1,0.654647172272887
10,2021-2022,131,1,1,0.7740663354014252
10,2021-2022,132,0,1,0.6369312722918932
10,2021-2022,133,1,1,0.8041202529274821
10,2021-2022,134,1,0,0.35740811756868507
10,2021-2022,135,1,1,0.5827905014558481
10,2021-2022,136,0,1,0.7148706188976658
10,2021-2022,137,1,1,0.7562202863020593
10,2021-2022,138,1,1,0.7784183873266037
10,2021-2022,139,1,1,0.6565704809827567
10,2021-2022,140,1,1,0.6491220222093209
10,2021-2022,141,1,1,0.7441839442606161
10,2021-2022,142,1,1,0.6663435056623112
10,2021-2022,143,0,0,0.43870508719841894
10,2021-2022,144,0,0,0.45984209291854455
10,2021-2022,145,1,1,0.7012162571633374
10,2021-2022,146,1,1,0.6457551805087791
10,2021-2022,147,1,1,0.7396233437528499
10,2021-2022,148,0,0,0.3955851712262093
10,2021-2022,149,1,1,0.7643660754927993
10,2021-2022,150,1,0,0.41932690048093585
10,2021-2022,151,0,0,0.41007092084693125
10,2021-2022,152,1,1,0.810170203738637
10,2021-2022,153,0,1,0.6263434278165564
10,2021-2022,154,0,0,0.3702569614391215
10,2021-2022,155,1,1,0.7587387240119156
10,2021-2022,156,1,1,0.621247302425688
10,2021-2022,157,1,1,0.6590281439158914
10,2021-2022,158,1,1,0.7534031711938531
10,2021-2022,159,1,1,0.7103122449959727
10,2021-2022,160,0,1,0.7201098848878779
10,2021-2022,161,0,1,0.7307265570761393
10,2021-2022,162,1,1,0.7960126915628724
10,2021-2022,163,1,1,0.7504019441821871
10,2021-2022,164,1,1,0.8453675036497073
10,2021-2022,165,1,1,0.5546610109660538
10,2021-2022,166,1,1,0.8422555943205213
10,2021-2022,167,1,1,0.8096789792465835
10,2021-2022,168,0,1,0.5833883326419966
10,2021-2022,169,1,1,0.6296249372795389
10,2021-2022,170,1,1,0.7654082555835432
10,2021-2022,171,1,1,0.6548034674419377
10,2021-2022,172,1,1,0.535668684368175
10,2021-2022,173,1,1,0.7849513071100297
10,2021-2022,174,0,1,0.6895561572163207
10,2021-2022,175,0,0,0.4884066599710124
10,2021-2022,176,1,1,0.6711345238217629
10,2021-2022,177,0,1,0.7483046557509002
10,2021-2022,178,1,1,0.5658010026874543
10,2021-2022,179,1,1,0.7451042360673882
10,2021-2022,180,0,1,0.6100275183963951
10,2021-2022,181,0,1,0.7341324186590258
10,2021-2022,182,1,1,0.8005392506211864
10,2021-2022,183,1,1,0.8492448170221945
10,2021-2022,184,1,1,0.8601639612029255
10,2021-2022,185,0,1,0.7340919889535724
10,2021-2022,186,1,1,0.6999238266946032
10,2021-2022,187,0,1,0.659456862883571
10,2021-2022,188,1,1,0.8185916594829923
10,2021-2022,189,1,1,0.8564967035314361
10,2021-2022,190,1,1,0.7263029723354101
10,2021-2022,191,1,1,0.7727661208094773
10,2021-2022,192,0,0,0.3968113904145357
10,2021-2022,193,0,1,0.6393435935085399
10,2021-2022,194,1,1,0.6604282471109877
10,2021-2022,195,0,0,0.3916660194165999
10,2021-2022,196,1,1,0.8627890553294272
10,2021-2022,197,0,1,0.6344258278027236
10,2021-2022,198,1,1,0.8638379471657034
10,2021-2022,199,1,1,0.7465371218184269
10,2021-2022,200,0,0,0.35052797172553934
10,2021-2022,201,1,1,0.8680175899983733
10,2021-2022,202,1,1,0.7437741329643699
10,2021-2022,203,1,1,0.8158825411730259
10,2021-2022,204,0,1,0.6023174734183604
10,2021-2022,205,1,1,0.5528206528568151
10,2021-2022,206,0,0,0.4681186534776676
10,2021-2022,207,0,1,0.7105484910112081
10,2021-2022,208,0,0,0.3789524270934742
10,2021-2022,209,0,1,0.5077503359355423
10,2021-2022,210,1,0,0.256107283688735
10,2021-2022,211,0,0,0.3141272417767663
10,2021-2022,212,1,1,0.8689905870181713
10,2021-2022,213,1,1,0.8629514843067612
10,2021-2022,214,0,0,0.358433000400077
10,2021-2022,215,1,1,0.8717530437000854
10,2021-2022,216,1,1,0.8087532589280702
10,2021-2022,217,1,1,0.6000273921536832
10,2021-2022,218,0,1,0.7168416054550555
10,2021-2022,219,1,1,0.5231065375937024
10,2021-2022,220,1,1,0.8666760734377428
10,2021-2022,221,0,0,0.25861892215839466
10,2021-2022,222,0,1,0.6100978550550404
10,2021-2022,223,0,0,0.39018686750448
10,2021-2022,224,1,1,0.6465728188661481
10,2021-2022,225,1,0,0.2885564494525758
10,2021-2022,226,0,0,0.4374179333893745
10,2021-2022,227,1,1,0.6544575384621907
10,2021-2022,228,0,1,0.6782790445968937
10,2021-2022,229,1,1,0.7806419752411292
10,2021-2022,230,1,1,0.6425587550699526
10,2021-2022,231,0,1,0.5484454446494091
10,2021-2022,232,1,1,0.7870534929623174
10,2021-2022,233,1,1,0.6945076718965479
10,2021-2022,234,0,1,0.763310272212886
10,2021-2022,235,0,1,0.5550217255365747
10,2021-2022,236,1,1,0.848009990010592
10,2021-2022,237,1,1,0.6986044847944309
10,2021-2022,238,1,1,0.745193753154842
10,2021-2022,239,1,1,0.7997059792614842
10,2021-2022,240,1,1,0.7049164440195023
10,2021-2022,241,1,1,0.8651346760410098
10,2021-2022,242,0,1,0.781650004995274
10,2021-2022,243,0,0,0.39243529088959717
10,2021-2022,244,1,1,0.5491010442436726
10,2021-2022,245,0,1,0.6737541920100005
10,2021-2022,246,1,1,0.739236497999723
10,2021-2022,247,0,1,0.5907520109360412
10,2021-2022,248,0,1,0.7077890292775494
10,2021-2022,249,1,1,0.8537056754751765
10,2021-2022,250,0,1,0.602321143374462
10,2021-2022,251,0,1,0.7530384701114369
10,2021-2022,252,0,1,0.5350760173587235
10,2021-2022,253,1,0,0.45751814189319573
10,2021-2022,254,0,1,0.5789195362903404
10,2021-2022,255,1,1,0.6150183088903133
10,2021-2022,256,1,0,0.452908927677487
10,2021-2022,257,0,1,0.7359559100614355
10,2021-2022,258,0,0,0.4889184845668716
10,2021-2022,259,1,0,0.4258333884857599
10,2021-2022,260,1,1,0.6592850893749043
10,2021-2022,261,0,1,0.6347003937356264
10,2021-2022,262,1,0,0.4200490086929682
10,2021-2022,263,1,1,0.6051604888674375
10,2021-2022,264,0,0,0.487643380715407
10,2021-2022,265,1,1,0.7464176419171104
10,2021-2022,266,1,1,0.825198322570347
10,2021-2022,267,1,1,0.7445218155471542
10,2021-2022,268,1,1,0.6978084785129157
10,2021-2022,269,1,1,0.8547378381144562
10,2021-2022,270,1,1,0.7644290547623952
10,2021-2022,271,1,1,0.8369852575800599
10,2021-2022,272,1,1,0.7826727535076924
10,2021-2022,273,1,1,0.8244678690003178
10,2021-2022,274,1,1,0.8551809444834435
10,2021-2022,275,0,1,0.5326941852346391
10,2021-2022,276,1,1,0.5932949642520319
10,2021-2022,277,0,1,0.5755683488464625
10,2021-2022,278,0,1,0.5715666187905345
10,2021-2022,279,0,0,0.36887594636703575
10,2021-2022,280,0,1,0.6827240954511343
10,2021-2022,281,0,1,0.519043794112953
10,2021-2022,282,0,0,0.4029293067908623
10,2021-2022,283,1,1,0.7407142605687863
10,2021-2022,284,1,1,0.590272427801579
10,2021-2022,285,1,1,0.8446699261951085
10,2021-2022,286,1,1,0.6932204899627102
10,2021-2022,287,0,1,0.6000603093623466
10,2021-2022,288,0,1,0.7090747982663452
10,2021-2022,289,0,0,0.3559748105209236
10,2021-2022,290,1,1,0.5520284849335249
10,2021-2022,291,1,1,0.5120104673110087
10,2021-2022,292,0,1,0.7120527663538245
10,2021-2022,293,1,1,0.5234982740088789
10,2022-2023,11,0,0,0.2816352276761275
10,2022-2023,12,1,0,0.2792388718381203
10,2022-2023,13,1,0,0.33972677169492593
10,2022-2023,14,0,0,0.4314662224816502
10,2022-2023,15,1,0,0.35736252743569535
10,2022-2023,16,1,0,0.43129866072671097
10,2022-2023,17,1,0,0.445407639931512
10,2022-2023,18,1,1,0.5210370877309358
10,2022-2023,19,0,1,0.556245144275268
10,2022-2023,20,1,0,0.4641280790882884
10,2022-2023,21,0,1,0.5571206589772181
10,2022-2023,22,1,0,0.4964302629170953
10,2022-2023,23,0,1,0.5166514461124161
10,2022-2023,24,1,0,0.44434068070009985
10,2022-2023,25,1,0,0.49027808279638996
10,2022-2023,26,0,1,0.5285377892431279
10,2022-2023,27,0,1,0.5056544182503818
10,2022-2023,28,0,0,0.47584441735623195
10,2022-2023,29,1,0,0.4622520769232294
10,2022-2023,30,1,0,0.4702146791813779
10,2022-2023,31,1,0,0.49271135204243555
10,2022-2023,32,0,1,0.5265464088244297
10,2022-2023,33,1,1,0.524253006181292
10,2022-2023,34,1,1,0.5181335010895222
10,2022-2023,35,1,1,0.5627101612811812
10,2022-2023,36,0,1,0.5473133604830765
10,2022-2023,37,0,1,0.5492212272699398
10,2022-2023,38,0,1,0.5024819742018214
10,2022-2023,39,1,1,0.5006757790394564
10,2022-2023,40,1,1,0.5340216258266589
10,2022-2023,41,1,1,0.5372402380557243
10,2022-2023,42,0,1,0.5420826932943863
10,2022-2023,43,1,1,0.5508610258607536
10,2022-2023,44,0,1,0.5178354374658782
10,2022-2023,45,1,1,0.6105662527374225
10,2022-2023,46,1,1,0.6415101035445941
10,2022-2023,47,1,1,0.5211349180633076
10,2022-2023,48,0,0,0.4655606596143994
10,2022-2023,49,1,1,0.6894240965164793
10,2022-2023,50,1,1,0.5810414279695583
10,2022-2023,51,1,1,0.7271195425152127
10,2022-2023,52,1,1,0.7594326463105449
10,2022-2023,53,0,1,0.5921372655815805
10,2022-2023,54,1,1,0.6514463358102531
10,2022-2023,55,1,1,0.6926717439314156
10,2022-2023,56,0,1,0.6079281143515085
10,2022-2023,57,0,0,0.3643397984433245
10,2022-2023,58,0,1,0.6606684240794738
10,2022-2023,59,1,1,0.7502320699740859
10,2022-2023,60,0,0,0.3998416084190289
10,2022-2023,61,1,1,0.5321907557032954
10,2022-2023,62,0,0,0.41658360302211805
10,2022-2023,63,0,1,0.6044214010186415
10,2022-2023,64,0,1,0.5569884710536789
10,2022-2023,65,1,1,0.7539470404156811
10,2022-2023,66,1,1,0.752811578823656
10,2022-2023,67,1,0,0.27463117855527136
10,2022-2023,68,1,1,0.6742775810308395
10,2022-2023,69,1,1,0.7664505749362276
10,2022-2023,70,0,1,0.5392130757332624
10,2022-2023,71,1,1,0.8051644995930406
10,2022-2023,72,1,0,0.41565073365676686
10,2022-2023,73,0,1,0.6923894763862092
10,2022-2023,74,1,1,0.7308960695971435
10,2022-2023,75,1,1,0.7308320481778682
10,2022-2023,76,0,0,0.46482474462715273
10,2022-2023,77,0,1,0.6628309529341516
10,2022-2023,78,0,1,0.7342232792830067
10,2022-2023,79,1,1,0.7579597092300342
10,2022-2023,80,0,0,0.3418902270275233
10,2022-2023,81,0,0,0.4140598719979718
10,2022-2023,82,0,0,0.34891180443042774
10,2022-2023,83,1,0,0.47785555508693855
10,2022-2023,84,0,0,0.28081289514972063
10,2022-2023,85,0,0,0.24452843159481585
10,2022-2023,86,1,1,0.6823164721339706
10,2022-2023,87,0,0,0.48618306655101834
10,2022-2023,88,0,1,0.7312656974965497
10,2022-2023,89,0,0,0.46416444717192934
10,2022-2023,90,1,1,0.6911263641430851
10,2022-2023,91,1,1,0.7015525346940991
10,2022-2023,92,1,0,0.22377639079397424
10,2022-2023,93,0,0,0.2543683002134895
10,2022-2023,94,0,0,0.29816192890217524
10,2022-2023,95,1,0,0.3119798690322998
10,2022-2023,96,0,1,0.5799542746785837
10,2022-2023,97,0,1,0.7284803240044483
10,2022-2023,98,1,0,0.4593521805980322
10,2022-2023,99,0,1,0.5657941559208421
10,2022-2023,100,1,1,0.6838869999864651
10,2022-2023,101,0,0,0.34808756287903925
10,2022-2023,102,0,0,0.2579990879390188
10,2022-2023,103,1,0,0.3421828823492128
10,2022-2023,104,1,1,0.662452232151842
10,2022-2023,105,1,1,0.5341419312103509
10,2022-2023,106,0,0,0.34068884326211335
10,2022-2023,107,1,0,0.26570724219419256
10,2022-2023,108,1,1,0.6690175246148254
10,2022-2023,109,1,1,0.6813048285986009
10,2022-2023,110,1,1,0.6717881074371449
10,2022-2023,111,0,0,0.3527407203681758
10,2022-2023,112,1,0,0.426806971567003
10,2022-2023,113,1,1,0.7667667892493999
10,2022-2023,114,0,1,0.6424369998494737
10,2022-2023,115,1,1,0.7089639569802544
10,2022-2023,116,1,1,0.6446452980577945
10,2022-2023,117,1,1,0.5121177828595398
10,2022-2023,118,0,1,0.5763387216141057
10,2022-2023,119,1,1,0.6803778405960469
10,2022-2023,120,0,0,0.437895518264703
10,2022-2023,121,0,1,0.7684414561433041
10,2022-2023,122,0,1,0.6574306947170049
10,2022-2023,123,0,1,0.7043766762847566
10,2022-2023,124,1,1,0.7724458738478396
10,2022-2023,125,0,0,0.3278521507785501
10,2022-2023,126,0,0,0.39815450190802754
10,2022-2023,127,1,1,0.7050943407594178
10,2022-2023,128,0,0,0.2568171743421794
10,2022-2023,129,0,1,0.6866648854116516
10,2022-2023,130,1,1,0.7867994070062994
10,2022-2023,131,1,1,0.5109409100438344
10,2022-2023,132,1,1,0.7028547352528048
10,2022-2023,133,1,1,0.7052985017465156
10,2022-2023,134,0,1,0.7270486726105669
10,2022-2023,135,1,1,0.543844946847292
10,2022-2023,136,1,1,0.741093893406472
10,2022-2023,137,1,0,0.44430762052435774
10,2022-2023,138,1,1,0.7425924940102951
10,2022-2023,139,0,1,0.6775457923810086
10,2022-2023,140,0,0,0.38061155149283815
10,2022-2023,141,1,0,0.468131080865086
10,2022-2023,142,1,0,0.44718357309222406
10,2022-2023,143,0,0,0.40918571173005097
10,2022-2023,144,0,1,0.6171273580236804
10,2022-2023,145,0,1,0.5406147615685771
10,2022-2023,146,0,0,0.49809129392583334
10,2022-2023,147,1,1,0.5832089151035637
10,2022-2023,148,1,1,0.5991869345253121
10,2022-2023,149,0,0,0.36580292859958613
10,2022-2023,150,1,1,0.751102545829741
10,2022-2023,151,1,1,0.7960685070028944
10,2022-2023,152,0,0,0.4280873005158829
10,2022-2023,153,0,1,0.530697640932303
10,2022-2023,154,0,1,0.6691003403286019
10,2022-2023,155,0,1,0.7184815506589577
10,2022-2023,156,0,0,0.2778280882399205
10,2022-2023,157,1,1,0.7823895686121543
10,2022-2023,158,0,0,0.4112903096303976
10,2022-2023,159,0,0,0.27189024699961295
10,2022-2023,160,1,1,0.639746118050662
10,2022-2023,161,0,0,0.39195236183347026
10,2022-2023,162,0,1,0.5294332811960575
10,2022-2023,163,1,1,0.6133517986275974
10,2022-2023,164,0,0,0.23712861711631414
10,2022-2023,165,1,1,0.6513747784522231
10,2022-2023,166,1,0,0.31961305256023026
10,2022-2023,167,1,0,0.4469585643499285
10,2022-2023,168,0,1,0.572672606912502
10,2022-2023,169,1,1,0.5205686639133884
10,2022-2023,170,1,1,0.7426443516803195
10,2022-2023,171,1,0,0.2162695454555947
10,2022-2023,172,1,1,0.5140964913110313
10,2022-2023,173,0,1,0.5028349133924596
10,2022-2023,174,0,0,0.2513891601374136
10,2022-2023,175,1,1,0.6642709692267853
10,2022-2023,176,1,1,0.6070835347714384
10,2022-2023,177,0,1,0.6682154957575451
10,2022-2023,178,0,0,0.23416749027989062
10,2022-2023,179,1,0,0.38895586772989327
10,2022-2023,180,1,1,0.6997481671457573
10,2022-2023,181,1,1,0.6275681139075371
10,2022-2023,182,0,0,0.2765766497035221
10,2022-2023,183,1,0,0.33183409311689804
10,2022-2023,184,0,0,0.48382722780311566
10,2022-2023,185,0,1,0.7442435734632811
10,2022-2023,186,1,1,0.7192537049803798
10,2022-2023,187,1,1,0.7367935829353967
10,2022-2023,188,1,0,0.26419560315467894
10,2022-2023,189,1,1,0.5479989416274975
10,2022-2023,190,1,1,0.7776749006695116
10,2022-2023,191,0,0,0.3518850137570243
10,2022-2023,192,0,1,0.6241041187869675
10,2022-2023,193,0,1,0.5186439625888876
10,2022-2023,194,1,0,0.4680627194890029
10,2022-2023,195,0,0,0.3977552748294074
10,2022-2023,196,0,1,0.5574833965830222
10,2022-2023,197,1,1,0.5702699657489153
10,2022-2023,198,0,0,0.3683806805292539
10,2022-2023,199,1,0,0.3497780803664705
10,2022-2023,200,1,1,0.568030146690283
10,2022-2023,201,1,0,0.288798912221223
10,2022-2023,202,0,0,0.3260484825923577
10,2022-2023,203,1,1,0.5324751345286576
10,2022-2023,204,1,1,0.6052378578679907
10,2022-2023,205,1,0,0.4448400980542185
10,2022-2023,206,1,0,0.33358667491490446
10,2022-2023,207,1,1,0.5438731981647701
10,2022-2023,208,1,1,0.5742827456626232
10,2022-2023,209,1,1,0.6273415237101287
10,2022-2023,210,1,1,0.6122308351961225
10,2022-2023,211,1,1,0.7273267404915609
10,2022-2023,212,1,1,0.7002237303042825
10,2022-2023,213,1,1,0.7151827873689438
10,2022-2023,214,1,1,0.5974615923384554
10,2022-2023,215,0,0,0.29049719230688364
10,2022-2023,216,1,1,0.7301600627261206
10,2022-2023,217,0,1,0.5352669302485616
10,2022-2023,218,0,1,0.5333977792039908
10,2022-2023,219,1,0,0.4076178244481182
10,2022-2023,220,0,0,0.32267846268299044
10,2022-2023,221,0,1,0.6941364873407727
10,2022-2023,222,0,0,0.38027035814993904
10,2022-2023,223,0,1,0.5528236657641264
10,2022-2023,224,0,0,0.28023369459336633
10,2022-2023,225,1,0,0.3996376020157207
10,2022-2023,226,0,0,0.28357600996844246
10,2022-2023,227,0,0,0.31287192721991175
10,2022-2023,228,1,1,0.6773617849015099
10,2022-2023,229,1,1,0.800238394331788
10,2022-2023,230,1,1,0.5290033022521736
10,2022-2023,231,1,0,0.35510463643100965
10,2022-2023,232,1,1,0.5104685814122344
10,2022-2023,233,0,1,0.5400582030418702
10,2022-2023,234,0,1,0.5612588884340756
10,2022-2023,235,0,1,0.8179761745979344
10,2022-2023,236,1,1,0.7754131146740008
10,2022-2023,237,1,1,0.7454646099223737
10,2022-2023,238,0,1,0.7105969931823712
10,2022-2023,239,1,1,0.6316052129815753
10,2022-2023,240,0,1,0.5884602555897095
10,2022-2023,241,0,0,0.19127117732920143
10,2022-2023,242,1,1,0.6630089616297161
10,2022-2023,243,1,1,0.7605540764781674
10,2022-2023,244,1,0,0.241816960365543
10,2022-2023,245,0,0,0.23208101101864823
10,2022-2023,246,1,1,0.5540453823624641
10,2022-2023,247,1,1,0.6813468030953475
10,2022-2023,248,0,0,0.28428867265443175
10,2022-2023,249,0,0,0.24583055906420678
10,2022-2023,250,1,1,0.6830699521976645
10,2022-2023,251,1,1,0.6121179626152156
10,2022-2023,252,1,1,0.6734297977568708
10,2022-2023,253,1,1,0.6591000793907036
10,2022-2023,254,1,1,0.5529484426730726
10,2022-2023,255,0,1,0.5516476498619524
10,2022-2023,256,0,0,0.39028681276360594
10,2022-2023,257,1,1,0.7640654983420936
10,2022-2023,258,1,1,0.6088328346203306
10,2022-2023,259,1,1,0.6254580842256222
10,2022-2023,260,1,1,0.7091589165605827
10,2022-2023,261,1,1,0.7361888471726316
10,2022-2023,262,0,1,0.6019975659780769
10,2022-2023,263,1,0,0.4368405296943754
10,2022-2023,264,0,0,0.30186298456239824
10,2022-2023,265,1,0,0.42926073050962543
10,2022-2023,266,0,1,0.6523709953789923
10,2022-2023,267,1,1,0.5336044434168704
10,2022-2023,268,1,0,0.3249081070804322
10,2022-2023,269,1,1,0.8258920884035962
10,2022-2023,270,0,1,0.5216817558583767
10,2022-2023,271,1,1,0.656328922462635
10,2022-2023,272,1,1,0.7479160830939768
10,2022-2023,273,1,1,0.6764603289410301
10,2022-2023,274,1,0,0.4663229179337465
10,2022-2023,275,0,1,0.7907553389415604
10,2022-2023,276,1,1,0.6300806257518572
10,2022-2023,277,1,1,0.6665058388105516
10,2022-2023,278,0,0,0.361219261273144
10,2022-2023,279,0,0,0.24797374002546793
10,2022-2023,280,0,1,0.7087020855267435
10,2022-2023,281,1,0,0.31963297144991143
10,2022-2023,282,0,1,0.7031384147873658
10,2022-2023,283,1,0,0.2711375705464384
10,2022-2023,284,1,1,0.6637521400297783
10,2022-2023,285,1,1,0.7555523184013145
10,2022-2023,286,0,1,0.7585271583832573
10,2022-2023,287,1,1,0.7127789827326872
10,2022-2023,288,1,1,0.5872437399182848
10,2022-2023,289,1,1,0.7393628403884802
10,2022-2023,290,0,1,0.7505836418489154
10,2022-2023,291,1,1,0.7068869907315516
10,2022-2023,292,1,1,0.5702558847248428
10,2022-2023,293,1,0,0.45435419705436797
10,2022-2023,294,1,1,0.6832721582569876
10,2022-2023,295,0,1,0.6581038550790096
10,2022-2023,296,0,1,0.6630455071167877
10,2022-2023,297,1,1,0.523235116003561
10,2022-2023,298,0,1,0.6204616952159819
10,2022-2023,299,0,0,0.4769579372442922
10,2022-2023,300,0,0,0.46591530834246353
10,2022-2023,301,0,0,0.40888771483359615
10,2023-2024,11,0,0,0.4098552192778163
10,2023-2024,12,1,0,0.34361977515239067
10,2023-2024,13,1,0,0.4140395570888977
10,2023-2024,14,1,0,0.4531348017518105
10,2023-2024,15,0,0,0.4971412578517283
10,2023-2024,16,1,0,0.4518649351932278
10,2023-2024,17,1,1,0.5122031897956618
10,2023-2024,18,0,1,0.5282180136075801
10,2023-2024,19,0,0,0.4847794654903656
10,2023-2024,20,1,0,0.4638761942882769
10,2023-2024,21,1,1,0.5158974505249535
10,2023-2024,22,1,1,0.5238609739033541
10,2023-2024,23,0,1,0.5229962498757442
10,2023-2024,24,1,1,0.5429370920653441
10,2023-2024,25,1,1,0.5474767301594403
10,2023-2024,26,1,1,0.6062839056143706
10,2023-2024,27,0,1,0.6093789632193567
10,2023-2024,28,0,1,0.5224046760826192
10,2023-2024,29,1,0,0.44528547639348043
10,2023-2024,30,0,1,0.5712791392566208
10,2023-2024,31,1,1,0.5410371920102869
10,2023-2024,32,0,1,0.5606770069325789
10,2023-2024,33,0,1,0.5233909831566205
10,2023-2024,34,0,0,0.48372921210944825
10,2023-2024,35,0,0,0.4904060141632816
10,2023-2024,36,0,0,0.4695627337120243
10,2023-2024,37,0,0,0.45498809337146656
10,2023-2024,38,1,0,0.44074790371765105
10,2023-2024,39,1,0,0.48867141187127916
10,2023-2024,40,1,1,0.549271810727194
10,2023-2024,41,0,1,0.620941233860367
10,2023-2024,42,1,1,0.5354444061706419
10,2023-2024,43,1,1,0.5298574958389857
10,2023-2024,44,1,1,0.5287573144706821
10,2023-2024,45,1,1,0.5304300079411497
10,2023-2024,46,1,1,0.5354682412365204
10,2023-2024,47,0,1,0.6205225235375724
10,2023-2024,48,1,1,0.5183618468865443
10,2023-2024,49,1,1,0.6190329039545492
10,2023-2024,50,1,1,0.6332644935821553
10,2023-2024,51,1,0,0.4648754791435109
10,2023-2024,52,0,1,0.5508427517493261
10,2023-2024,53,0,1,0.5794009527207021
10,2023-2024,54,0,1,0.6118782228911225
10,2023-2024,55,1,1,0.5708470553049961
10,2023-2024,56,0,1,0.5619560693897805
10,2023-2024,57,1,1,0.5603013184882915
10,2023-2024,58,1,1,0.562747248626226
10,2023-2024,59,1,1,0.5732401006933401
10,2023-2024,60,1,1,0.5893037993280096
10,2023-2024,61,1,1,0.5828361465234306
10,2023-2024,62,1,1,0.5269578926457494
10,2023-2024,63,1,1,0.652110138833114
10,2023-2024,64,1,1,0.5988947347876887
10,2023-2024,65,1,1,0.628340017858239
10,2023-2024,66,1,1,0.6556470498815845
10,2023-2024,67,1,1,0.6359986565298651
10,2023-2024,68,0,1,0.5958038225364604
10,2023-2024,69,0,1,0.5815632462067227
10,2023-2024,70,1,1,0.5915084927007283
10,2023-2024,71,1,1,0.6656681700688548
10,2023-2024,72,1,1,0.6654480180887078
10,2023-2024,73,1,1,0.666594076408356
10,2023-2024,74,0,1,0.5548493197624872
10,2023-2024,75,0,1,0.6848895213916011
10,2023-2024,76,1,1,0.7707566404192182
10,2023-2024,77,1,1,0.6817470344307502
10,2023-2024,78,1,1,0.7179574107977991
10,2023-2024,79,0,1,0.6287986412090839
10,2023-2024,80,0,1,0.7522233368846685
10,2023-2024,81,1,1,0.7202928454949322
10,2023-2024,82,1,1,0.7096806977411754
10,2023-2024,83,0,1,0.6653898225816116
10,2023-2024,84,1,1,0.6175887839131162
10,2023-2024,85,1,1,0.7734155712215033
10,2023-2024,86,0,1,0.6115616142821911
10,2023-2024,87,0,1,0.5168490573143798
10,2023-2024,88,1,1,0.549735955013178
10,2023-2024,89,0,1,0.7043349371792073
10,2023-2024,90,0,1,0.5245325829404978
10,2023-2024,91,1,1,0.7328159568343754
10,2023-2024,92,1,1,0.6326148465845205
10,2023-2024,93,0,0,0.38358586120672067
10,2023-2024,94,0,1,0.5097178236960219
10,2023-2024,95,1,1,0.7661705424799731
10,2023-2024,96,0,0,0.3997467677238935
10,2023-2024,97,0,1,0.7906455636902465
10,2023-2024,98,0,1,0.7260748277651091
10,2023-2024,99,1,1,0.5994992541207522
10,2023-2024,100,0,1,0.653416426134296
10,2023-2024,101,0,0,0.46965699939490135
10,2023-2024,102,1,1,0.7372231933665996
10,2023-2024,103,1,0,0.4929598655992074
10,2023-2024,104,1,1,0.5234651815216086
10,2023-2024,105,0,1,0.5691943412321738
10,2023-2024,106,1,1,0.6581955094095004
10,2023-2024,107,0,1,0.6134808318104754
10,2023-2024,108,1,0,0.4046799478201458
10,2023-2024,109,1,1,0.6485510090607082
10,2023-2024,110,1,1,0.7029354767910455
10,2023-2024,111,0,1,0.677207986118694
10,2023-2024,112,0,1,0.501104531825107
10,2023-2024,113,1,1,0.6555957862993484
10,2023-2024,114,1,1,0.7167347287843187
10,2023-2024,115,1,0,0.45647605184184026
10,2023-2024,116,1,1,0.5255937050315194
10,2023-2024,117,0,1,0.5728166357644512
10,2023-2024,118,1,1,0.7030665782416899
10,2023-2024,119,0,1,0.5966488043538384
10,2023-2024,120,0,1,0.5413350560861357
10,2023-2024,121,1,1,0.5011264477840953
10,2023-2024,122,1,1,0.6290221450700344
10,2023-2024,123,1,1,0.7051056546496564
10,2023-2024,124,0,1,0.6260168179371168
10,2023-2024,125,0,1,0.5455799869315523
10,2023-2024,126,1,1,0.6978806978997312
10,2023-2024,127,0,1,0.5493235871939874
10,2023-2024,128,0,1,0.6229767238386785
10,2023-2024,129,1,0,0.4407771939112324
10,2023-2024,130,0,0,0.40295082916514824
10,2023-2024,131,0,0,0.3648027832538694
10,2023-2024,132,1,1,0.5720179753108668
10,2023-2024,133,1,1,0.7157376562830833
10,2023-2024,134,1,1,0.6748665339821931
10,2023-2024,135,1,1,0.5992404799187103
10,2023-2024,136,0,0,0.39873131107246385
10,2023-2024,137,1,1,0.6881293642051279
10,2023-2024,138,0,1,0.6200993708768042
10,2023-2024,139,0,0,0.44184099767578566
10,2023-2024,140,1,1,0.6586033165800619
10,2023-2024,141,1,1,0.5595617906600078
10,2023-2024,142,1,1,0.7540286871220165
10,2023-2024,143,1,1,0.5905599736062525
10,2023-2024,144,1,1,0.7861932671206355
10,2023-2024,145,0,1,0.5811924957340064
10,2023-2024,146,0,0,0.3118810873383135
10,2023-2024,147,1,0,0.3693166422686557
10,2023-2024,148,1,1,0.5913863503069456
10,2023-2024,149,1,0,0.4279482210158218
10,2023-2024,150,0,0,0.349539367759108
10,2023-2024,151,1,1,0.7655954353581269
10,2023-2024,152,1,1,0.7237490193749276
10,2023-2024,153,1,1,0.7850731433837753
10,2023-2024,154,1,1,0.79434565776065
10,2023-2024,155,0,1,0.5047836715134769
10,2023-2024,156,0,1,0.7464334577397865
10,2023-2024,157,0,0,0.47432524904834744
10,2023-2024,158,0,0,0.2591861941540291
10,2023-2024,159,1,1,0.5842804237671294
10,2023-2024,160,0,0,0.2282705454540871
10,2023-2024,161,0,1,0.5627237258360988
10,2023-2024,162,0,1,0.575390887626491
10,2023-2024,163,0,0,0.43931495806000515
10,2023-2024,164,0,1,0.5234878122786326
10,2023-2024,165,0,1,0.5551680433682075
10,2023-2024,166,1,0,0.484399621273675
10,2023-2024,167,1,0,0.4638684063880131
10,2023-2024,168,0,0,0.35920972311207405
10,2023-2024,169,1,0,0.34743671395886255
10,2023-2024,170,0,0,0.3870518631018546
10,2023-2024,171,0,1,0.5007355719781197
10,2023-2024,172,1,1,0.556987647492225
10,2023-2024,173,1,1,0.6707141213735184
10,2023-2024,174,1,0,0.4437858223167465
10,2023-2024,175,0,1,0.6661757966683698
10,2023-2024,176,1,0,0.47417404712596045
10,2023-2024,177,1,1,0.7167435386800391
10,2023-2024,178,0,0,0.41099986326859733
10,2023-2024,179,1,1,0.6225118732917674
10,2023-2024,180,0,1,0.6559727200055512
10,2023-2024,181,0,1,0.6448967316583077
10,2023-2024,182,1,0,0.4569702356708539
10,2023-2024,183,1,1,0.7028508734424981
10,2023-2024,184,0,0,0.26756885369151306
10,2023-2024,185,1,1,0.6752985171035891
10,2023-2024,186,0,1,0.5289632673179423
10,2023-2024,187,0,0,0.32150023530577093
10,2023-2024,188,0,0,0.407446025215038
10,2023-2024,189,0,1,0.610562280460217
10,2023-2024,190,1,1,0.5875871173801973
10,2023-2024,191,1,0,0.4402107403838858
10,2023-2024,192,1,1,0.7732612664742887
10,2023-2024,193,1,1,0.781680405334404
10,2023-2024,194,1,1,0.6555169623807697
10,2023-2024,195,1,1,0.7519414835087376
10,2023-2024,196,1,0,0.4982292726570673
10,2023-2024,197,1,0,0.43545031090343583
10,2023-2024,198,1,1,0.740174480139695
10,2023-2024,199,1,1,0.7062330792549811
10,2023-2024,200,1,1,0.7885305871979579
10,2023-2024,201,1,1,0.8045096597154829
10,2023-2024,202,0,1,0.7945608011776273
10,2023-2024,203,1,1,0.7907899497962635
10,2023-2024,204,0,1,0.7532159286191518
10,2023-2024,205,0,1,0.6924736486852094
10,2023-2024,206,0,1,0.7329631623930875
10,2023-2024,207,0,0,0.2582280819675291
10,2023-2024,208,0,1,0.5245106017968045
10,2023-2024,209,1,0,0.4965746346380576
10,2023-2024,210,0,1,0.5247878107354847
10,2023-2024,211,0,1,0.6117663084504884
10,2023-2024,212,1,1,0.7952217715401868
10,2023-2024,213,1,0,0.30320614065669493
10,2023-2024,214,0,1,0.6648244040713097
10,2023-2024,215,1,1,0.6038043345212473
10,2023-2024,216,1,1,0.6780435897206623
10,2023-2024,217,0,1,0.5087279675193156
10,2023-2024,218,0,1,0.550865421271372
10,2023-2024,219,0,0,0.38704352537663506
10,2023-2024,220,1,1,0.5829363424954276
10,2023-2024,221,1,0,0.46085515029546653
10,2023-2024,222,1,1,0.6319988899452652
10,2023-2024,223,0,0,0.29354017802365245
10,2023-2024,224,0,1,0.7560234516934214
10,2023-2024,225,1,1,0.6367964060558622
10,2023-2024,226,1,0,0.4519143679997406
10,2023-2024,227,1,1,0.5482261990775726
10,2023-2024,228,1,1,0.7078522684882437
10,2023-2024,229,0,1,0.5493749237660774
10,2023-2024,230,0,1,0.6460267840597756
10,2023-2024,231,0,0,0.22406657608953914
10,2023-2024,232,0,1,0.5243449540887453
10,2023-2024,233,1,1,0.6611344346308751
10,2023-2024,234,1,0,0.4167390397707839
10,2023-2024,235,0,0,0.40043399943435964
10,2023-2024,236,1,0,0.37181021803638875
10,2023-2024,237,1,1,0.533111603953033
10,2023-2024,238,1,1,0.8076814198249549
10,2023-2024,239,0,1,0.5573902087357598
10,2023-2024,240,0,1,0.5011348977721353
10,2023-2024,241,1,1,0.6751799990082952
10,2023-2024,242,0,1,0.6202263409250194
10,2023-2024,243,1,0,0.440729072751803
10,2023-2024,244,1,1,0.7678130967152708
10,2023-2024,245,1,1,0.6879671949821002
10,2023-2024,246,0,1,0.6347576922982313
10,2023-2024,247,1,0,0.49505403433531475
10,2023-2024,248,1,1,0.5839431143933729
10,2023-2024,249,0,0,0.4097673257914653
10,2023-2024,250,1,0,0.459272887327532
10,2023-2024,251,0,1,0.5123141707468607
10,2023-2024,252,0,0,0.23155114407510594
10,2023-2024,253,0,0,0.3126956114644507
10,2023-2024,254,1,1,0.5380380106212522
10,2023-2024,255,1,1,0.5389706977624259
10,2023-2024,256,1,0,0.4193868028207791
10,2023-2024,257,1,0,0.32300952052300513
10,2023-2024,258,0,0,0.29721826625760134
10,2023-2024,259,0,0,0.3868778863397341
10,2023-2024,260,0,1,0.6572106330967282
10,2023-2024,261,1,1,0.7452833639081934
10,2023-2024,262,0,0,0.4369101499982162
10,2023-2024,263,1,1,0.5402264886080629
10,2023-2024,264,1,0,0.37116171384588237
10,2023-2024,265,1,1,0.7544883933416459
10,2023-2024,266,1,0,0.4743365478024022
10,2023-2024,267,1,0,0.4536466505702127
10,2023-2024,268,1,0,0.46343588175867767
10,2023-2024,269,1,1,0.6727102742465186
10,2023-2024,270,1,1,0.663315838458516
10,2023-2024,271,1,1,0.6575171023961807
10,2023-2024,272,0,1,0.6797894656114535
10,2023-2024,273,1,1,0.7172990530112578
10,2023-2024,274,1,1,0.5361936527041351
10,2023-2024,275,1,1,0.5441999089767365
10,2023-2024,276,1,1,0.7290939596980901
10,2023-2024,277,0,1,0.5148487662675337
10,2023-2024,278,1,0,0.445381997185754
10,2023-2024,279,1,1,0.7478948213911408
10,2023-2024,280,1,1,0.6775832411820766
10,2023-2024,281,1,1,0.5022648270969542
10,2023-2024,282,0,1,0.5163062230880896
10,2023-2024,283,0,0,0.453055202416846
10,2023-2024,284,1,1,0.7478130274762763
10,2023-2024,285,1,1,0.7017362331257974
10,2023-2024,286,0,1,0.5038427945993439
10,2023-2024,287,0,0,0.26358220984564734
10,2023-2024,288,0,0,0.32695513034367696
10,2023-2024,289,1,1,0.5199051184078782
10,2023-2024,290,1,1,0.714348664142054
10,2023-2024,291,1,1,0.7510961180305181
10,2023-2024,292,0,0,0.3375181107062842
10,2023-2024,293,1,1,0.7742717832315719
10,2023-2024,294,1,1,0.6441565109593635
10,2023-2024,295,0,1,0.7065547926749438
10,2023-2024,296,1,1,0.6870423706218163
10,2023-2024,297,0,1,0.5346593515509919
10,2023-2024,298,1,1,0.8006577844017242
10,2023-2024,299,1,1,0.6092968390235066
10,2023-2024,300,0,1,0.6506884040515347
10,2023-2024,301,1,1,0.7673472052415903
10,2023-2024,302,0,1,0.7136523112203808
10,2023-2024,303,1,1,0.7639594365145523
10,2023-2024,304,1,1,0.8168655412565486
10,2023-2024,305,1,0,0.45026649479244
10,2023-2024,306,1,1,0.5601829003717377
10,2023-2024,307,1,1,0.7244455433879093
10,2023-2024,308,1,1,0.6744414398711459
10,2023-2024,309,0,1,0.6423008715128135
10,2023-2024,310,1,1,0.5371516517404707
10,2023-2024,311,0,0,0.25527659094390837
10,2023-2024,312,1,1,0.7389261689051161
10,2023-2024,313,1,1,0.6345505877238447
10,2023-2024,314,0,0,0.3258230238142726
10,2023-2024,315,0,0,0.3523899465477896
10,2023-2024,316,0,1,0.5467557457215897
10,2023-2024,317,1,1,0.8123333145670679
10,2023-2024,318,1,1,0.6221046479534896
10,2023-2024,319,1,1,0.7117071933793321
10,2023-2024,320,0,0,0.3365408371961355
10,2023-2024,321,0,1,0.5663563363995865
10,2023-2024,322,1,1,0.6389610749258059
10,2023-2024,323,0,0,0.28190717988558767
10,2023-2024,324,1,1,0.5545508793677415
10,2023-2024,325,1,0,0.4548916284178101
10,2023-2024,326,0,1,0.6648476986263993
10,2023-2024,327,0,0,0.41051343816817165
10,2023-2024,328,0,0,0.44554445091181144
10,2023-2024,329,0,1,0.5750465300354924
10,2023-2024,330,0,1,0.7621344826192147
10,2023-2024,331,1,1,0.7402439143341137
10,2023-2024,332,0,1,0.7585268416309823
10,2023-2024,333,0,0,0.31999078716227336
10,2023-2024,334,0,0,0.3149106107062672
10,2023-2024,335,1,0,0.33824792047690155
10,2023-2024,336,0,0,0.45863773715102163
10,2023-2024,337,0,0,0.3589729459718292
10,2023-2024,338,0,0,0.41041695156232977
10,2023-2024,339,0,0,0.43412164677314213
10,2023-2024,340,1,0,0.43068304050091016
10,2023-2024,341,1,1,0.8269094363751983
10,2023-2024,342,1,1,0.7356966069775746
10,2023-2024,343,1,1,0.6545786336949025
10,2023-2024,344,0,1,0.712264006544924
10,2023-2024,345,1,1,0.6465591499724256
10,2023-2024,346,1,1,0.7448020956296852
10,2023-2024,347,1,1,0.6128554922552766
10,2023-2024,348,1,1,0.6709506790139217
10,2023-2024,349,1,1,0.7623670655998683
10,2023-2024,350,1,1,0.6530953273616366
10,2023-2024,351,1,1,0.6663228404291881
10,2023-2024,352,1,0,0.3915401790454573
10,2023-2024,353,0,0,0.30811610233267417
10,2023-2024,354,1,1,0.5463874739146373
10,2023-2024,355,0,1,0.6412597373079294
10,2023-2024,356,1,1,0.764714855179163
10,2023-2024,357,0,0,0.23025304397880558
10,2023-2024,358,1,1,0.6967256637798831
10,2023-2024,359,0,0,0.36837919456584634
10,2023-2024,360,1,1,0.8272457461942138
10,2023-2024,361,1,1,0.7219079846475741
10,2023-2024,362,1,0,0.3560946261452639
10,2023-2024,363,1,1,0.8016037420562662
10,2023-2024,364,0,0,0.44678274001583435
10,2023-2024,365,1,1,0.750142355736314
10,2023-2024,366,1,1,0.6828190367448242
10,2023-2024,367,1,1,0.6643428317058
10,2023-2024,368,0,0,0.43785305682856235
10,2023-2024,369,0,1,0.6915149665216171
10,2023-2024,370,0,0,0.34184586444821935
10,2023-2024,371,0,1,0.7433236736352844
10,2023-2024,372,1,0,0.42502122865882674
10,2023-2024,373,0,1,0.7930548494168481
10,2023-2024,374,0,0,0.3555900563688674
10,2023-2024,375,1,0,0.2512182870823897
15,2008-2009,16,0,0,0.4786544973759839
15,2008-2009,17,1,0,0.42705867015142696
15,2008-2009,18,0,0,0.47467997856852995
15,2008-2009,19,1,0,0.4533922661151556
15,2008-2009,20,1,0,0.465662076320873
15,2008-2009,21,1,0,0.4797825755182641
15,2008-2009,22,1,1,0.5155478796038684
15,2008-2009,23,1,1,0.5587627435044169
15,2008-2009,24,1,1,0.5734607227607796
15,2008-2009,25,1,1,0.6050622692821692
15,2008-2009,26,1,1,0.6182441513843515
15,2008-2009,27,1,1,0.6437093913405159
15,2008-2009,28,1,1,0.6432585920847275
15,2008-2009,29,1,1,0.6943431085747194
15,2008-2009,30,1,1,0.6901028604880887
15,2008-2009,31,1,1,0.7230167619094832
15,2008-2009,32,1,1,0.7771601249108272
15,2008-2009,33,1,1,0.7784525227690328
15,2008-2009,34,0,1,0.7953907823646266
15,2008-2009,35,0,1,0.6871296785468375
15,2008-2009,36,1,1,0.6521074394410092
15,2008-2009,37,1,1,0.6801630055352068
15,2008-2009,38,1,1,0.7122411262291282
15,2008-2009,39,1,1,0.7288451369376984
15,2008-2009,40,1,1,0.7617821108552298
15,2008-2009,41,1,1,0.8030252492158898
15,2008-2009,42,1,1,0.7404715759223658
15,2008-2009,43,1,1,0.7369356842551027
15,2008-2009,44,1,1,0.8341089677883825
15,2008-2009,45,1,1,0.8351194164589595
15,2008-2009,46,1,1,0.8382659674791391
15,2008-2009,47,0,1,0.7895184492608888
15,2008-2009,48,1,1,0.8283012527491515
15,2008-2009,49,0,1,0.7683621974777362
15,2008-2009,50,0,1,0.6605096377117567
15,2008-2009,51,0,1,0.7946742933778869
15,2008-2009,52,0,1,0.672071399620301
15,2008-2009,53,1,1,0.7550077563491026
15,2008-2009,54,0,1,0.7455477448216975
15,2008-2009,55,1,1,0.6799981785971783
15,2008-2009,56,0,1,0.6018381974636164
15,2008-2009,57,0,1,0.6065579609811752
15,2008-2009,58,1,1,0.6764069237142348
15,2008-2009,59,0,0,0.43665442372844326
15,2008-2009,60,0,1,0.7223566688504037
15,2008-2009,61,1,1,0.7320265817012014
15,2008-2009,62,1,1,0.7425689849119235
15,2008-2009,63,0,1,0.6618906956784388
15,2008-2009,64,1,1,0.6236565300855886
15,2008-2009,65,0,1,0.5868134599098066
15,2008-2009,66,0,1,0.7078173728727157
15,2008-2009,67,0,1,0.5874772992193249
15,2008-2009,68,1,1,0.7197058313110621
15,2008-2009,69,0,1,0.6010161737401923
15,2008-2009,70,0,1,0.5244481262983814
15,2008-2009,71,1,1,0.5333578533676671
15,2008-2009,72,1,1,0.6749907426472606
15,2008-2009,73,0,1,0.6222435936280942
15,2008-2009,74,1,1,0.5739476915258424
15,2008-2009,75,0,1,0.5279885214563124
15,2008-2009,76,1,0,0.47221240959290306
15,2008-2009,77,0,1,0.6974387309979317
15,2008-2009,78,1,1,0.6104817446488991
15,2008-2009,79,1,1,0.6321883468062042
15,2008-2009,80,1,1,0.7276198268693209
15,2008-2009,81,1,1,0.7288294150026704
15,2008-2009,82,0,1,0.5786600596618112
15,2008-2009,83,1,1,0.7091451397346846
15,2008-2009,84,1,1,0.718959211611236
15,2008-2009,85,1,1,0.6491640668970355
15,2008-2009,86,1,1,0.6705033239831639
15,2008-2009,87,1,1,0.6195513216539481
15,2008-2009,88,1,1,0.7913354096546941
15,2008-2009,89,1,1,0.8023715552069842
15,2008-2009,90,1,1,0.6304941567683782
15,2008-2009,91,0,1,0.5195386800181403
15,2008-2009,92,1,1,0.8043102574784023
15,2008-2009,93,0,1,0.6878056964925141
15,2008-2009,94,1,1,0.8285570373271445
15,2008-2009,95,1,1,0.5340044057369655
15,2008-2009,96,1,1,0.834014023264231
15,2008-2009,97,1,0,0.46335307883707927
15,2008-2009,98,1,1,0.7874377813533108
15,2008-2009,99,1,1,0.8277641648989978
15,2008-2009,100,0,0,0.4327390157292632
15,2008-2009,101,1,1,0.7561509112975824
15,2008-2009,102,1,1,0.7282684764015894
15,2008-2009,103,0,0,0.36323019108313415
15,2008-2009,104,1,1,0.8669360710569496
15,2008-2009,105,1,1,0.7082943523589545
15,2008-2009,106,1,1,0.5393976713290715
15,2008-2009,107,1,1,0.7903655234949712
15,2008-2009,108,1,1,0.8479249859242179
15,2008-2009,109,1,1,0.7392620634731736
15,2008-2009,110,1,1,0.7582796323844961
15,2008-2009,111,1,1,0.8777510831884707
15,2008-2009,112,1,1,0.8760474648599104
15,2008-2009,113,1,1,0.7027844570355704
15,2008-2009,114,1,1,0.7988177474258685
15,2008-2009,115,0,0,0.4518127349298246
15,2008-2009,116,1,1,0.7351523122826502
15,2008-2009,117,0,1,0.5116050548276044
15,2008-2009,118,1,1,0.8052582459007135
15,2008-2009,119,1,1,0.5681921381776134
15,2008-2009,120,0,1,0.530469505305567
15,2008-2009,121,0,0,0.3958551558556777
15,2008-2009,122,0,0,0.41243319320103927
15,2008-2009,123,1,1,0.9058166231777376
15,2008-2009,124,0,0,0.41193203233409204
15,2008-2009,125,1,1,0.851573858230758
15,2008-2009,126,0,0,0.18754790327132187
15,2008-2009,127,0,0,0.25957655579341177
15,2008-2009,128,1,1,0.5429573477591554
15,2008-2009,129,1,1,0.8837745102160579
15,2008-2009,130,1,1,0.7966619527570102
15,2008-2009,131,0,0,0.24655927222975663
15,2008-2009,132,0,0,0.28088727911854156
15,2008-2009,133,1,1,0.9161618080394786
15,2008-2009,134,0,1,0.8579877598464384
15,2008-2009,135,1,1,0.9089929962390259
15,2008-2009,136,0,0,0.13935906693853553
15,2008-2009,137,0,1,0.7289172395726498
15,2008-2009,138,1,1,0.5610380464049313
15,2008-2009,139,1,1,0.8405511977808956
15,2008-2009,140,1,1,0.8254270644808944
15,2008-2009,141,1,1,0.7809176767340479
15,2008-2009,142,0,0,0.12103422584694869
15,2008-2009,143,0,0,0.16157711449451637
15,2008-2009,144,1,0,0.22630551233951368
15,2008-2009,145,0,0,0.4341195066217961
15,2008-2009,146,1,1,0.901566310224346
15,2008-2009,147,1,1,0.9185943873812317
15,2008-2009,148,0,1,0.7462822251873777
15,2008-2009,149,1,1,0.9112758455575868
15,2008-2009,150,0,1,0.6140394111843087
15,2008-2009,151,1,1,0.6668067913768689
15,2008-2009,152,1,1,0.8561266606647105
15,2008-2009,153,1,1,0.6463827026104058
15,2008-2009,154,0,0,0.19869121441743584
15,2008-2009,155,1,1,0.9191679213861489
15,2008-2009,156,1,1,0.8556557687871661
15,2008-2009,157,0,0,0.3878717501909553
15,2008-2009,158,1,1,0.9286435921195386
15,2008-2009,159,1,0,0.3835316272342519
15,2008-2009,160,1,1,0.8647173387438092
15,2008-2009,161,1,1,0.7513214970249908
15,2008-2009,162,1,1,0.8973048988951494
15,2008-2009,163,1,1,0.8300197854487766
15,2008-2009,164,1,1,0.7992893767725013
15,2008-2009,165,1,1,0.9186669516596446
15,2008-2009,166,0,0,0.4265292344896301
15,2008-2009,167,1,1,0.9296789342212832
15,2008-2009,168,0,0,0.41578620966001606
15,2008-2009,169,1,1,0.9149786425470808
15,2008-2009,170,0,1,0.9238429159687226
15,2008-2009,171,1,1,0.8550379867757057
15,2008-2009,172,0,1,0.5672930686927735
15,2008-2009,173,1,1,0.9225228405963989
15,2008-2009,174,1,1,0.9259963566494481
15,2008-2009,175,1,0,0.2389608759890405
15,2008-2009,176,1,1,0.7993349220531156
15,2008-2009,177,1,1,0.6582754221258142
15,2008-2009,178,0,0,0.15145891047512722
15,2008-2009,179,1,0,0.3590245662006143
15,2008-2009,180,1,1,0.7491990498291384
15,2008-2009,181,0,0,0.3168370059941275
15,2008-2009,182,0,0,0.33074529902650324
15,2008-2009,183,0,0,0.18255147200048877
15,2008-2009,184,0,0,0.24484701323197441
15,2008-2009,185,0,0,0.27473094457590136
15,2008-2009,186,0,0,0.1444169304642812
15,2008-2009,187,1,1,0.9031147084727124
15,2008-2009,188,0,1,0.7185165821361212
15,2008-2009,189,1,1,0.708410977667223
15,2008-2009,190,0,0,0.12526037271882362
15,2008-2009,191,1,1,0.9181882948048867
15,2008-2009,192,1,1,0.8334632795511564
15,2008-2009,193,1,1,0.9137471783134876
15,2008-2009,194,0,0,0.17129532519417515
15,2008-2009,195,1,1,0.9218199396320523
15,2008-2009,196,1,1,0.8777915368668615
15,2008-2009,197,0,0,0.4523460097496076
15,2008-2009,198,0,1,0.7360904093997434
15,2008-2009,199,0,0,0.4413817308877111
15,2008-2009,200,1,1,0.778899356653324
15,2008-2009,201,1,1,0.717336558195982
15,2008-2009,202,0,1,0.8909332562214649
15,2008-2009,203,1,1,0.8408017562288844
15,2008-2009,204,1,1,0.8515643703409499
15,2008-2009,205,1,1,0.8471252586177916
15,2008-2009,206,1,1,0.8932610068525021
15,2008-2009,207,1,1,0.6709731821394171
15,2008-2009,208,0,1,0.8397760020657895
15,2008-2009,209,1,1,0.6157672187673422
15,2008-2009,210,1,1,0.8833959809101547
15,2008-2009,211,0,0,0.31410435170798884
15,2008-2009,212,1,1,0.819764391370114
15,2008-2009,213,1,1,0.802038185737702
15,2008-2009,214,1,1,0.6339102767276295
15,2008-2009,215,1,1,0.8560924495977259
15,2008-2009,216,1,1,0.8360593354718503
15,2008-2009,217,0,1,0.846097288715448
15,2008-2009,218,0,0,0.18599590029989
15,2008-2009,219,0,1,0.8179507385918204
15,2008-2009,220,1,1,0.5629767367513774
15,2008-2009,221,1,0,0.33443834135100703
15,2009-2010,16,1,1,0.5916032715166099
15,2009-2010,17,0,1,0.6522816388130077
15,2009-2010,18,1,1,0.5918184704577574
15,2009-2010,19,0,1,0.6086257828470365
15,2009-2010,20,0,1,0.5460824798895074
15,2009-2010,21,1,1,0.5596334630237645
15,2009-2010,22,1,1,0.5520814287129113
15,2009-2010,23,1,1,0.5635610499621814
15,2009-2010,24,1,1,0.6240937851334463
15,2009-2010,25,1,1,0.6272526593528021
15,2009-2010,26,1,1,0.6664501995786442
15,2009-2010,27,1,1,0.6667656187299934
15,2009-2010,28,1,1,0.674939637012784
15,2009-2010,29,0,1,0.6725915885058196
15,2009-2010,30,1,1,0.6519842594232481
15,2009-2010,31,0,1,0.6817671237197791
15,2009-2010,32,1,1,0.6541498338759573
15,2009-2010,33,1,1,0.643558055715211
15,2009-2010,34,1,1,0.6601837802536262
15,2009-2010,35,1,1,0.6735713419776916
15,2009-2010,36,1,1,0.6984469174683957
15,2009-2010,37,0,1,0.7040089628186863
15,2009-2010,38,1,1,0.6959446007211824
15,2009-2010,39,1,1,0.681856118676435
15,2009-2010,40,1,1,0.7031741191206379
15,2009-2010,41,0,1,0.6745920331189567
15,2009-2010,42,1,1,0.6461356109460321
15,2009-2010,43,1,1,0.7131250496605299
15,2009-2010,44,1,1,0.6648539615171912
15,2009-2010,45,0,1,0.6881130965469755
15,2009-2010,46,1,1,0.755114123533482
15,2009-2010,47,1,1,0.7399946381898843
15,2009-2010,48,1,1,0.6535077638596154
15,2009-2010,49,0,1,0.7421929002276518
15,2009-2010,50,1,1,0.7632430363141666
15,2009-2010,51,0,1,0.6232696585411848
15,2009-2010,52,1,1,0.7357771243214156
15,2009-2010,53,0,1,0.7344880188698002
15,2009-2010,54,1,1,0.7154184520169461
15,2009-2010,55,0,1,0.5575044959619725
15,2009-2010,56,1,1,0.6615688220998815
15,2009-2010,57,0,1,0.7373912976198063
15,2009-2010,58,1,1,0.6479667682090312
15,2009-2010,59,0,0,0.4641226831053048
15,2009-2010,60,1,1,0.785481751690563
15,2009-2010,61,1,1,0.7309436709585089
15,2009-2010,62,1,1,0.6659279608931282
15,2009-2010,63,1,1,0.6955460835352277
15,2009-2010,64,1,1,0.7814200017507369
15,2009-2010,65,0,1,0.6650004713072022
15,2009-2010,66,0,1,0.7884365435214917
15,2009-2010,67,1,1,0.5464248554013285
15,2009-2010,68,0,1,0.5307203719592076
15,2009-2010,69,1,1,0.5192692805712344
15,2009-2010,70,1,1,0.6136038206633702
15,2009-2010,71,1,0,0.45830967074764534
15,2009-2010,72,1,1,0.7767544781196786
15,2009-2010,73,1,1,0.7115028124810507
15,2009-2010,74,1,1,0.511317360256411
15,2009-2010,75,1,1,0.6886574071066701
15,2009-2010,76,1,1,0.743134477443836
15,2009-2010,77,1,1,0.7192238456093141
15,2009-2010,78,1,1,0.800089500023945
15,2009-2010,79,1,1,0.7813486167288188
15,2009-2010,80,0,1,0.7848874003679137
15,2009-2010,81,1,1,0.7305920104991886
15,2009-2010,82,1,1,0.7608899356669799
15,2009-2010,83,0,1,0.5086473248538438
15,2009-2010,84,0,1,0.7615387249609962
15,2009-2010,85,1,1,0.7104325371693593
15,2009-2010,86,1,1,0.7796474103834312
15,2009-2010,87,1,1,0.786482556725146
15,2009-2010,88,0,1,0.5622763497932248
15,2009-2010,89,1,1,0.800791501712878
15,2009-2010,90,0,1,0.543455575866753
15,2009-2010,91,0,1,0.504431182316973
15,2009-2010,92,0,0,0.4532024806299398
15,2009-2010,93,1,0,0.4487719923947389
15,2009-2010,94,1,1,0.8014726765922734
15,2009-2010,95,1,1,0.8112689412410321
15,2009-2010,96,0,1,0.6600200498444326
15,2009-2010,97,1,1,0.7962834330364319
15,2009-2010,98,1,1,0.7673002633492358
15,2009-2010,99,1,1,0.7159688535570656
15,2009-2010,100,1,1,0.6066429799933309
15,2009-2010,101,0,1,0.8082303203187655
15,2009-2010,102,0,1,0.5299125220447374
15,2009-2010,103,1,1,0.7673303555497322
15,2009-2010,104,1,1,0.7691277531689681
15,2009-2010,105,1,1,0.738195435249018
15,2009-2010,106,0,1,0.7980907702612362
15,2009-2010,107,1,1,0.8028264580042311
15,2009-2010,108,0,0,0.3766448411270201
15,2009-2010,109,1,1,0.6895544794497911
15,2009-2010,110,0,0,0.3464583625072812
15,2009-2010,111,1,1,0.7696867048699997
15,2009-2010,112,1,0,0.40267877026521726
15,2009-2010,113,1,1,0.6314868409825956
15,2009-2010,114,0,0,0.40266026597429444
15,2009-2010,115,0,1,0.7532994542842135
15,2009-2010,116,1,1,0.730504307506851
15,2009-2010,117,1,0,0.36370880826020197
15,2009-2010,118,1,1,0.5375277052652289
15,2009-2010,119,0,0,0.4904482733071484
15,2009-2010,120,1,1,0.8109264301851873
15,2009-2010,121,0,1,0.5635248006854728
15,2009-2010,122,1,1,0.8017498205708311
15,2009-2010,123,1,1,0.78075022190475
15,2009-2010,124,1,1,0.7995040784044521
15,2009-2010,125,1,1,0.7912084637580477
15,2009-2010,126,1,0,0.41248399087403836
15,2009-2010,127,1,0,0.43541493452701985
15,2009-2010,128,0,1,0.7878710275779496
15,2009-2010,129,0,1,0.677989945945621
15,2009-2010,130,1,1,0.754702376864463
15,2009-2010,131,0,1,0.7786321221208519
15,2009-2010,132,0,1,0.7225053616334989
15,2009-2010,133,0,1,0.7771705463436884
15,2009-2010,134,1,1,0.781679263435034
15,2009-2010,135,1,1,0.6225349692139522
15,2009-2010,136,1,1,0.6929078906948528
15,2009-2010,137,0,1,0.6397181916733695
15,2009-2010,138,0,1,0.7248746486144899
15,2009-2010,139,1,1,0.5168681918117867
15,2009-2010,140,1,1,0.6276994072505752
15,2009-2010,141,1,1,0.6502347166126514
15,2009-2010,142,1,1,0.6557995517024541
15,2009-2010,143,1,1,0.6531023975028054
15,2009-2010,144,0,1,0.7577005538386551
15,2009-2010,145,1,1,0.5931905966637563
15,2009-2010,146,1,1,0.664664578148962
15,2011-2012,16,1,1,0.6835130935360656
15,2011-2012,17,0,1,0.7535390786564771
15,2011-2012,18,1,1,0.6818940345975324
15,2011-2012,19,0,1,0.7439330765261079
15,2011-2012,20,0,1,0.7035784124154695
15,2011-2012,21,1,1,0.6602636272643616
15,2011-2012,22,1,1,0.6644897169408308
15,2011-2012,23,1,1,0.6565432461025733
15,2011-2012,24,1,1,0.6913529102784038
15,2011-2012,25,0,1,0.7215911812295226
15,2011-2012,26,1,1,0.6841572601501595
15,2011-2012,27,1,1,0.6943752544469936
15,2011-2012,28,0,1,0.690237675821694
15,2011-2012,29,1,1,0.6408217889967911
15,2011-2012,30,0,1,0.6766393476267643
15,2011-2012,31,0,1,0.6732714034285442
15,2011-2012,32,0,1,0.6418903451036883
15,2011-2012,33,1,1,0.6039532392532478
15,2011-2012,34,0,1,0.6407996357878425
15,2011-2012,35,1,1,0.5939868168802679
15,2011-2012,36,1,1,0.6469928773966221
15,2011-2012,37,0,1,0.62366472048323
15,2011-2012,38,1,1,0.6240919353307544
15,2011-2012,39,1,1,0.6070954371265205
15,2011-2012,40,1,1,0.6529933539485174
15,2011-2012,41,1,1,0.678833929435513
15,2011-2012,42,1,1,0.6834292340952814
15,2011-2012,43,1,1,0.6959453270916081
15,2011-2012,44,1,1,0.7053235595569608
15,2011-2012,45,0,1,0.6599783856387105
15,2011-2012,46,0,1,0.6997916033417109
15,2011-2012,47,0,1,0.6395765849537489
15,2011-2012,48,1,1,0.6975522822371122
15,2011-2012,49,1,1,0.6666464822089123
15,2011-2012,50,1,1,0.7308708941636076
15,2011-2012,51,1,1,0.756061191455336
15,2011-2012,52,0,1,0.542432944594798
15,2011-2012,53,1,1,0.720525523136041
15,2011-2012,54,1,0,0.4752128089165856
15,2011-2012,55,1,1,0.6668967746761917
15,2011-2012,56,0,1,0.6728191754263534
15,2011-2012,57,1,1,0.7588221030044782
15,2011-2012,58,1,1,0.73896198345948
15,2011-2012,59,1,1,0.8104347663685819
15,2011-2012,60,0,1,0.5204430263777661
15,2011-2012,61,1,1,0.8114862617478799
15,2011-2012,62,1,1,0.8164227151415329
15,2011-2012,63,1,1,0.7204200398073209
15,2011-2012,64,1,1,0.8071689889466812
15,2011-2012,65,0,1,0.5529390216838591
15,2011-2012,66,0,1,0.6933169877155975
15,2011-2012,67,0,1,0.6794963651617888
15,2011-2012,68,0,1,0.5489886458738842
15,2011-2012,69,1,1,0.5083914742445185
15,2011-2012,70,1,1,0.6360185934370319
15,2011-2012,71,0,1,0.5945826832477383
15,2011-2012,72,1,1,0.6613976907548824
15,2011-2012,73,1,1,0.7875917051176383
15,2011-2012,74,0,0,0.3571286683496503
15,2011-2012,75,0,1,0.5883647673072914
15,2011-2012,76,1,1,0.5166538834855225
15,2011-2012,77,1,1,0.6660407652023116
15,2011-2012,78,1,1,0.7594836009605564
15,2011-2012,79,1,1,0.7703264217093463
15,2011-2012,80,1,1,0.7728305982075663
15,2011-2012,81,1,1,0.737630556277834
15,2011-2012,82,1,1,0.5839564376668223
15,2011-2012,83,1,1,0.8042521079875234
15,2011-2012,84,1,1,0.8759555584168626
15,2011-2012,85,1,1,0.7977254990721179
15,2011-2012,86,1,1,0.8610098618428192
15,2011-2012,87,1,0,0.43725655666663804
15,2011-2012,88,1,1,0.8410484068069908
15,2011-2012,89,0,1,0.8160869836075121
15,2011-2012,90,0,0,0.41037270847314533
15,2011-2012,91,1,1,0.7590852715888126
15,2011-2012,92,0,1,0.6373035172635582
15,2011-2012,93,1,1,0.8030027889199455
15,2011-2012,94,1,1,0.8545115516530292
15,2011-2012,95,0,0,0.2755116567813838
15,2011-2012,96,0,1,0.8110136603882665
15,2011-2012,97,1,1,0.6954336162356668
15,2011-2012,98,1,1,0.7362481336211438
15,2011-2012,99,0,0,0.33453936488408526
15,2011-2012,100,1,1,0.7328687638324157
15,2011-2012,101,1,1,0.7565274375826123
15,2011-2012,102,1,1,0.7627285601888424
15,2011-2012,103,0,1,0.507389575318659
15,2011-2012,104,0,1,0.8098494211354035
15,2011-2012,105,1,1,0.7066413220087862
15,2011-2012,106,1,1,0.8285866546379027
15,2011-2012,107,0,1,0.7647777667054423
15,2011-2012,108,0,0,0.2404243379696042
15,2011-2012,109,1,1,0.8460250513939831
15,2011-2012,110,0,1,0.8555043316175249
15,2011-2012,111,0,0,0.4720096150435331
15,2011-2012,112,1,1,0.8287509009372379
15,2011-2012,113,1,1,0.6877916901728361
15,2011-2012,114,0,0,0.27388486859330796
15,2011-2012,115,1,1,0.8474673087978031
15,2011-2012,116,1,1,0.6097021790579089
15,2011-2012,117,1,1,0.8302232795409277
15,2011-2012,118,1,1,0.8341904848953722
15,2011-2012,119,1,0,0.474458458581271
15,2011-2012,120,1,1,0.6177038303438832
15,2011-2012,121,1,1,0.7923697448782825
15,2011-2012,122,0,1,0.8686815494218723
15,2011-2012,123,1,1,0.7790687391138654
15,2011-2012,124,1,1,0.7904662139717844
15,2011-2012,125,0,1,0.6313972335745807
15,2011-2012,126,1,1,0.8267090766465984
15,2011-2012,127,1,1,0.8298890842944743
15,2011-2012,128,0,1,0.5389031550464042
15,2011-2012,129,1,1,0.8525358075213366
15,2011-2012,130,1,1,0.850536708998204
15,2011-2012,131,1,1,0.8823902174774305
15,2011-2012,132,1,1,0.7209342227868104
15,2011-2012,133,0,1,0.7510190795367304
15,2011-2012,134,1,1,0.8481220270205265
15,2011-2012,135,1,1,0.7344503369340416
15,2011-2012,136,0,1,0.6420441201487613
15,2011-2012,137,0,0,0.4736759226742814
15,2011-2012,138,1,0,0.4748846500692388
15,2011-2012,139,0,1,0.8023395182087014
15,2011-2012,140,1,1,0.7822141854375362
15,2011-2012,141,1,1,0.5581695054074343
15,2011-2012,142,1,1,0.8281049912357401
15,2011-2012,143,0,1,0.6390109411770859
15,2011-2012,144,0,1,0.8029339492749211
15,2011-2012,145,1,1,0.8592452115874495
15,2011-2012,146,1,1,0.8640764689361391
15,2011-2012,147,0,1,0.7512112256917626
15,2011-2012,148,1,1,0.6177637987164968
15,2011-2012,149,1,1,0.7720888074533524
15,2011-2012,150,1,0,0.3603107780182418
15,2011-2012,151,1,0,0.34738992579674044
15,2011-2012,152,1,1,0.8157573511079502
15,2011-2012,153,1,1,0.8388749723857107
15,2011-2012,154,1,1,0.6102360293809568
15,2011-2012,155,1,1,0.8562267919254966
15,2011-2012,156,0,1,0.7064814983999641
15,2011-2012,157,0,1,0.8434979346125048
15,2011-2012,158,1,1,0.6510414039578396
15,2011-2012,159,0,1,0.5842901001918741
15,2011-2012,160,1,1,0.8211339746587387
15,2012-2013,16,1,1,0.60618993022801
15,2012-2013,17,1,1,0.6067828066934408
15,2012-2013,18,0,1,0.6439638628302866
15,2012-2013,19,1,1,0.6191970993792829
15,2012-2013,20,1,1,0.6201210785581014
15,2012-2013,21,1,1,0.646123045086992
15,2012-2013,22,1,1,0.6621680199116923
15,2012-2013,23,0,1,0.6612842215770003
15,2012-2013,24,1,1,0.6833457048748515
15,2012-2013,25,1,1,0.740604481326076
15,2012-2013,26,0,1,0.6569180772160215
15,2012-2013,27,0,1,0.6202056551334963
15,2012-2013,28,1,1,0.6458285502625392
15,2012-2013,29,1,1,0.6213268182572957
15,2012-2013,30,1,1,0.6804161380866034
15,2012-2013,31,1,1,0.7048730885239557
15,2012-2013,32,0,1,0.6892143116237816
15,2012-2013,33,0,1,0.6588975781593176
15,2012-2013,34,0,1,0.6710148777803118
15,2012-2013,35,1,1,0.6150693635103193
15,2012-2013,36,0,1,0.5851028967768049
15,2012-2013,37,1,1,0.5479454318049535
15,2012-2013,38,0,1,0.6056556083520335
15,2012-2013,39,0,1,0.6106200433988593
15,2012-2013,40,1,1,0.6493536684463983
15,2012-2013,41,1,1,0.6891878016126786
15,2012-2013,42,1,1,0.6879772042808515
15,2012-2013,43,1,1,0.6644405058913226
15,2012-2013,44,0,1,0.632034535711036
15,2012-2013,45,0,1,0.691787373061708
15,2012-2013,46,1,1,0.5935035588732693
15,2012-2013,47,1,1,0.5995060056707792
15,2012-2013,48,1,1,0.6634074634745489
15,2012-2013,49,0,1,0.6890981817498188
15,2012-2013,50,1,1,0.5990298404253346
15,2012-2013,51,1,1,0.6074554809109918
15,2012-2013,52,1,1,0.6612186430225284
15,2012-2013,53,1,1,0.6756695806712191
15,2012-2013,54,0,1,0.634413414464469
15,2012-2013,55,1,1,0.6440271216049033
15,2012-2013,56,1,1,0.6429515703012586
15,2012-2013,57,0,1,0.648647134842244
15,2012-2013,58,1,1,0.6450899778168007
15,2012-2013,59,0,1,0.6811845982908191
15,2012-2013,60,0,1,0.6438033763506982
15,2012-2013,61,1,1,0.5556500051807625
15,2012-2013,62,1,1,0.6001517118634367
15,2012-2013,63,0,1,0.6710529751400907
15,2012-2013,64,0,1,0.6572733844027068
15,2012-2013,65,0,1,0.6973136127849681
15,2012-2013,66,1,1,0.5829194136791618
15,2012-2013,67,0,1,0.5955318466465535
15,2012-2013,68,0,1,0.5882114435650974
15,2012-2013,69,0,1,0.6226283929005625
15,2012-2013,70,0,1,0.574999675102171
15,2012-2013,71,1,1,0.6011662060119997
15,2012-2013,72,1,1,0.6076199748592637
15,2012-2013,73,1,1,0.5385201214227783
15,2012-2013,74,0,1,0.5690799498145864
15,2012-2013,75,0,1,0.593141718912357
15,2012-2013,76,0,1,0.6060165517831531
15,2012-2013,77,0,1,0.5274109714918843
15,2012-2013,78,0,0,0.4702183116705965
15,2012-2013,79,0,1,0.6088439208305303
15,2012-2013,80,0,1,0.527224506457296
15,2012-2013,81,1,1,0.5479059354328617
15,2012-2013,82,1,1,0.5534516468068799
15,2012-2013,83,1,1,0.5808460003499589
15,2012-2013,84,1,1,0.6301088879550765
15,2012-2013,85,0,0,0.4544948032575175
15,2012-2013,86,0,1,0.5105725407495973
15,2012-2013,87,1,1,0.6310159096146012
15,2012-2013,88,1,1,0.5955189211846877
15,2012-2013,89,1,0,0.4760038659932925
15,2012-2013,90,0,1,0.6016460192407758
15,2012-2013,91,0,1,0.6029994255814034
15,2012-2013,92,1,1,0.6075720824941999
15,2012-2013,93,1,1,0.502633961683147
15,2012-2013,94,1,1,0.5495748586050636
15,2012-2013,95,1,1,0.651348129523779
15,2012-2013,96,1,1,0.6318238501756235
15,2012-2013,97,1,1,0.5322471157169546
15,2012-2013,98,1,1,0.6192740693914746
15,2012-2013,99,1,1,0.5761419126227271
15,2012-2013,100,0,0,0.4102286469357445
15,2012-2013,101,0,1,0.6911309497479252
15,2012-2013,102,1,1,0.5672345725477259
15,2012-2013,103,1,0,0.4272121971032112
15,2012-2013,104,0,1,0.5024075537851537
15,2012-2013,105,0,0,0.48368922537387193
15,2012-2013,106,1,0,0.41493307988847433
15,2012-2013,107,0,0,0.45849022416528956
15,2012-2013,108,0,1,0.6161551217578207
15,2012-2013,109,1,0,0.4547238898118918
15,2012-2013,110,0,1,0.627617771839971
15,2012-2013,111,0,1,0.5858834452214217
15,2012-2013,112,0,0,0.4166085534792027
15,2012-2013,113,1,1,0.5233054900228772
15,2012-2013,114,1,1,0.5153919588432297
15,2012-2013,115,0,1,0.5685284788782692
15,2012-2013,116,1,1,0.5702397585285371
15,2012-2013,117,1,0,0.4530585479457736
15,2012-2013,118,0,0,0.47298509697195706
15,2012-2013,119,1,1,0.5718393986038364
15,2012-2013,120,0,0,0.4221241199463566
15,2012-2013,121,1,1,0.6388022583310522
15,2012-2013,122,1,1,0.6482332744940121
15,2012-2013,123,1,1,0.6088220648820032
15,2012-2013,124,1,1,0.6789354141798271
15,2012-2013,125,0,1,0.5173508241228061
15,2012-2013,126,1,1,0.649803563232189
15,2012-2013,127,1,1,0.6315437132816405
15,2012-2013,128,1,1,0.5995145952885909
15,2012-2013,129,0,0,0.43373373383724706
15,2012-2013,130,1,1,0.6599728272781135
15,2012-2013,131,1,1,0.6713434178125652
15,2012-2013,132,1,1,0.5661304884445147
15,2012-2013,133,1,1,0.5483585296475683
15,2012-2013,134,1,1,0.6147762810693784
15,2012-2013,135,1,1,0.706972275965475
15,2012-2013,136,0,1,0.7300525589249338
15,2012-2013,137,1,1,0.6392103223817349
15,2012-2013,138,0,1,0.6252700758690882
15,2012-2013,139,0,0,0.3820840603310802
15,2012-2013,140,1,1,0.6987480748091058
15,2012-2013,141,1,1,0.647287940790552
15,2012-2013,142,1,0,0.470249408669774
15,2012-2013,143,1,1,0.6787121974425218
15,2012-2013,144,0,1,0.66281776949553
15,2012-2013,145,0,1,0.5848261281586428
15,2012-2013,146,1,1,0.7161730283003911
15,2012-2013,147,0,1,0.5818962295018398
15,2012-2013,148,1,1,0.6314877947180093
15,2012-2013,149,1,1,0.5106562227743263
15,2012-2013,150,1,1,0.521484649745645
15,2012-2013,151,1,1,0.6821055748423129
15,2012-2013,152,0,1,0.5923464608132972
15,2012-2013,153,1,1,0.7015342460407513
15,2012-2013,154,1,1,0.6491532025302409
15,2012-2013,155,1,1,0.6223183032908554
15,2012-2013,156,0,1,0.6618457789371937
15,2012-2013,157,0,0,0.4064657615017125
15,2012-2013,158,1,1,0.6767917953245361
15,2012-2013,159,1,1,0.5987962163593147
15,2012-2013,160,1,1,0.6289527525260741
15,2012-2013,161,1,1,0.6534802577850317
15,2012-2013,162,0,0,0.43681925075126987
15,2012-2013,163,1,1,0.6812030266631699
15,2012-2013,164,1,1,0.6482537429762307
15,2012-2013,165,1,1,0.6975904420678415
15,2012-2013,166,0,1,0.6895480415989163
15,2012-2013,167,1,1,0.760270756710704
15,2012-2013,168,0,0,0.3352403766449224
15,2012-2013,169,1,1,0.6158656489152317
15,2012-2013,170,0,1,0.7124477126355118
15,2012-2013,171,0,1,0.706343950919278
15,2012-2013,172,0,1,0.6624282705426263
15,2012-2013,173,1,1,0.5872071053950075
15,2012-2013,174,0,0,0.37235825611375356
15,2012-2013,175,0,1,0.6909139754146026
15,2012-2013,176,0,0,0.43316242097146224
15,2012-2013,177,1,1,0.6566271757772386
15,2012-2013,178,0,0,0.3433677692766422
15,2012-2013,179,0,0,0.4069357384059272
15,2012-2013,180,1,0,0.3363553985853626
15,2012-2013,181,0,1,0.6765275250258539
15,2012-2013,182,0,1,0.6200147893479019
15,2012-2013,183,1,1,0.7262650921699321
15,2012-2013,184,0,0,0.43468286622518526
15,2012-2013,185,1,1,0.6000712143436238
15,2012-2013,186,1,1,0.7575807865301369
15,2012-2013,187,0,1,0.6542643784191118
15,2012-2013,188,0,1,0.5602234490171236
15,2012-2013,189,1,1,0.6572167274363477
15,2012-2013,190,1,1,0.7075348115022991
15,2012-2013,191,0,1,0.6769575922476119
15,2012-2013,192,1,1,0.6598001317261636
15,2012-2013,193,0,1,0.7002118402492619
15,2012-2013,194,1,0,0.44712959295368154
15,2012-2013,195,0,1,0.5078155496209769
15,2012-2013,196,1,0,0.45362066127432044
15,2012-2013,197,1,1,0.7273215587226686
15,2012-2013,198,0,0,0.43640260165335887
15,2012-2013,199,1,1,0.7709228526421898
15,2012-2013,200,1,0,0.45524613484399684
15,2012-2013,201,1,1,0.5917188978848995
15,2012-2013,202,0,0,0.48539034232393446
15,2012-2013,203,1,0,0.47417282521446547
15,2012-2013,204,0,1,0.5226700864195679
15,2012-2013,205,0,0,0.3007024098911954
15,2012-2013,206,1,1,0.7333657480626488
15,2012-2013,207,0,0,0.27999254750752756
15,2012-2013,208,0,1,0.5816156658801072
15,2012-2013,209,1,1,0.6638898690882635
15,2012-2013,210,1,1,0.6845704348456025
15,2012-2013,211,0,0,0.2358718319135928
15,2012-2013,212,1,0,0.2808766650357276
15,2012-2013,213,1,0,0.3397403808180405
15,2012-2013,214,1,0,0.3093715258680381
15,2012-2013,215,0,1,0.6888774891707953
15,2012-2013,216,0,1,0.6592316046615195
15,2012-2013,217,0,0,0.38285856525386
15,2012-2013,218,1,0,0.44619033370299105
15,2012-2013,219,0,0,0.4445002941476663
15,2012-2013,220,0,0,0.31036204049487587
15,2012-2013,221,1,1,0.510173364739675
15,2012-2013,222,1,1,0.58011121187942
15,2012-2013,223,1,0,0.41266261531879916
15,2012-2013,224,0,1,0.6293591450416961
15,2012-2013,225,1,1,0.5577804078607244
15,2012-2013,226,1,1,0.5962461201938638
15,2012-2013,227,1,1,0.7022651215876108
15,2012-2013,228,1,1,0.584242151198964
15,2012-2013,229,1,1,0.7420532658487591
15,2012-2013,230,1,1,0.794860724667838
15,2012-2013,231,1,1,0.7078387710955905
15,2012-2013,232,1,1,0.726540027611997
15,2012-2013,233,1,1,0.7136686561608588
15,2012-2013,234,1,1,0.6780625929190294
15,2012-2013,235,1,0,0.3586529394802805
15,2012-2013,236,1,1,0.6870329977844346
15,2012-2013,237,0,1,0.5053781006657053
15,2012-2013,238,0,0,0.3116035561687249
15,2012-2013,239,0,0,0.34067252025375777
15,2012-2013,240,1,0,0.277332882889445
15,2012-2013,241,1,1,0.6866407302089433
15,2012-2013,242,0,1,0.5473085220213745
15,2012-2013,243,0,1,0.6323422342885001
15,2012-2013,244,1,1,0.6951858491345273
15,2012-2013,245,0,0,0.36426742565783404
15,2012-2013,246,1,1,0.6031778519294059
15,2012-2013,247,1,0,0.43876135660732285
15,2012-2013,248,1,1,0.644178093037104
15,2012-2013,249,0,1,0.6571715262847722
15,2012-2013,250,0,1,0.623237352016019
15,2012-2013,251,0,0,0.49767068438718093
15,2012-2013,252,0,1,0.5469123624964051
15,2012-2013,253,1,1,0.602657673258875
15,2012-2013,254,0,1,0.5635254144758681
15,2012-2013,255,0,1,0.5424071102996921
15,2012-2013,256,1,0,0.3485669969800742
15,2012-2013,257,1,1,0.751816064144083
15,2012-2013,258,1,1,0.7288877310372558
15,2012-2013,259,1,1,0.6908859896760766
15,2012-2013,260,0,0,0.45593858528655357
15,2012-2013,261,1,0,0.4336641709227895
15,2012-2013,262,1,1,0.6922692335650565
15,2012-2013,263,1,0,0.41275370221336566
15,2012-2013,264,1,1,0.7352759915624423
15,2012-2013,265,1,1,0.5481705300965434
15,2012-2013,266,1,1,0.6071826225864794
15,2012-2013,267,1,1,0.7134622598550072
15,2012-2013,268,1,1,0.7221966576313135
15,2012-2013,269,0,0,0.49783839219052983
15,2012-2013,270,1,1,0.6864555087216238
15,2012-2013,271,0,0,0.4258957833014227
15,2012-2013,272,0,0,0.32250271553224436
15,2012-2013,273,0,1,0.7335175725305039
15,2012-2013,274,1,1,0.6064088410261761
15,2012-2013,275,1,1,0.7339950812622524
15,2012-2013,276,0,1,0.6201833409024043
15,2012-2013,277,1,1,0.6763690241326985
15,2012-2013,278,1,1,0.6644842601191372
15,2012-2013,279,0,1,0.518771242882129
15,2012-2013,280,0,1,0.7579534208226806
15,2012-2013,281,1,1,0.7566776705863089
15,2012-2013,282,1,1,0.5431562209622312
15,2012-2013,283,1,1,0.705567721782099
15,2012-2013,284,1,1,0.6728461554114024
15,2012-2013,285,1,1,0.8094601140292946
15,2012-2013,286,1,1,0.7531419460815151
15,2012-2013,287,1,1,0.7435709061954165
15,2012-2013,288,0,0,0.4555132418167779
15,2012-2013,289,0,1,0.639178505722227
15,2012-2013,290,1,1,0.7684606232379491
15,2012-2013,291,1,1,0.529846891310877
15,2012-2013,292,0,1,0.5152374137864645
15,2012-2013,293,1,1,0.5547432704863113
15,2012-2013,294,1,1,0.7486581804461917
15,2012-2013,295,1,1,0.6730928561433959
15,2012-2013,296,1,1,0.7523927023379333
15,2012-2013,297,1,1,0.7463399755641842
15,2012-2013,298,1,1,0.7675962080093482
15,2012-2013,299,1,1,0.7767456622204527
15,2012-2013,300,1,1,0.8172964013405469
15,2012-2013,301,1,1,0.801176434166555
15,2012-2013,302,0,1,0.7818759164883574
15,2012-2013,303,1,1,0.6288579476443286
15,2012-2013,304,0,1,0.6736826016158592
15,2012-2013,305,1,1,0.6289128608363044
15,2012-2013,306,0,1,0.7466128712372317
15,2012-2013,307,0,1,0.7761751047458838
15,2012-2013,308,1,1,0.6457649199299839
15,2012-2013,309,1,1,0.5906542860571145
15,2012-2013,310,0,1,0.563761101106969
15,2012-2013,311,0,0,0.40505021880540554
15,2012-2013,312,1,0,0.43416652803527067
15,2012-2013,313,1,1,0.7553673259786806
15,2012-2013,314,1,1,0.720351708415123
15,2012-2013,315,0,1,0.7543683953081474
15,2012-2013,316,1,1,0.7439382976106839
15,2012-2013,317,1,1,0.7737107843025438
15,2012-2013,318,1,1,0.7894599075055981
15,2012-2013,319,0,1,0.6707906174466627
15,2012-2013,320,1,1,0.7540758684659782
15,2012-2013,321,1,1,0.6291178803803024
15,2012-2013,322,1,1,0.5340176439698819
15,2012-2013,323,0,1,0.5500963703161019
15,2012-2013,324,0,1,0.7813548163616101
15,2012-2013,325,1,1,0.6062688809738315
15,2012-2013,326,1,1,0.7581456826653331
15,2012-2013,327,0,1,0.5655102644843737
15,2012-2013,328,1,1,0.5163700632395681
15,2012-2013,329,1,1,0.6256588481097495
15,2012-2013,330,1,1,0.7414587563404341
15,2012-2013,331,1,1,0.7161384479427437
15,2012-2013,332,1,1,0.789936102306957
15,2012-2013,333,1,1,0.5431510887522127
15,2012-2013,334,1,1,0.7939065030075453
15,2013-2014,16,0,1,0.5241300842530697
15,2013-2014,17,1,1,0.5097691186104311
15,2013-2014,18,0,1,0.5260699422480362
15,2013-2014,19,1,0,0.453537628540874
15,2013-2014,20,1,1,0.5225306974451481
15,2013-2014,21,0,1,0.5384172210912804
15,2013-2014,22,1,1,0.5013950239622145
15,2013-2014,23,1,1,0.5469284092868559
15,2013-2014,24,1,1,0.5462157625411233
15,2013-2014,25,0,1,0.5906982338655302
15,2013-2014,26,1,1,0.543949350677443
15,2013-2014,27,1,1,0.5736172839436307
15,2013-2014,28,0,1,0.5926332287543159
15,2013-2014,29,0,1,0.5491644960251448
15,2013-2014,30,0,1,0.5243373792093405
15,2013-2014,31,1,1,0.5373242750548699
15,2013-2014,32,1,1,0.5551789165266999
15,2013-2014,33,1,1,0.5141163429540425
15,2013-2014,34,1,1,0.5324249972335027
15,2013-2014,35,1,1,0.5523836767124346
15,2013-2014,36,0,1,0.5995485288394876
15,2013-2014,37,0,1,0.5753950462270984
15,2013-2014,38,1,1,0.5744029132210832
15,2013-2014,39,1,1,0.5563444393443102
15,2013-2014,40,1,1,0.5678380266307052
15,2013-2014,41,1,1,0.5922041998950579
15,2013-2014,42,0,1,0.6031998073626955
15,2013-2014,43,1,1,0.6029489727848015
15,2013-2014,44,1,1,0.5882765041195153
15,2013-2014,45,1,1,0.6086837056493873
15,2013-2014,46,0,1,0.6073029617607751
15,2013-2014,47,0,1,0.5889352259616595
15,2013-2014,48,1,1,0.5951727924302379
15,2013-2014,49,1,1,0.6273042898587134
15,2013-2014,50,0,1,0.5560563255070062
15,2013-2014,51,1,1,0.5752589564573469
15,2013-2014,52,0,1,0.5959218150087312
15,2013-2014,53,0,1,0.5113603562649011
15,2013-2014,54,0,1,0.5390728063401862
15,2013-2014,55,0,1,0.6842802827779099
15,2013-2014,56,0,1,0.5585772828157548
15,2013-2014,57,1,1,0.5347496871065109
15,2013-2014,58,1,1,0.5719311113949667
15,2013-2014,59,0,1,0.5965872756451963
15,2013-2014,60,0,1,0.5329987845210024
15,2013-2014,61,1,1,0.5816795126402285
15,2013-2014,62,1,1,0.5930162014095276
15,2013-2014,63,0,1,0.5555394674161503
15,2013-2014,64,1,1,0.577460587386951
15,2013-2014,65,0,1,0.5443280066004905
15,2013-2014,66,1,1,0.5646755696696618
15,2013-2014,67,0,1,0.5836696659433028
15,2013-2014,68,0,1,0.5261146138680971
15,2013-2014,69,0,1,0.5075674514894365
15,2013-2014,70,1,1,0.5410619001254925
15,2013-2014,71,0,1,0.5328471478740977
15,2013-2014,72,1,1,0.5777692395970592
15,2013-2014,73,1,1,0.5924965249518379
15,2013-2014,74,0,1,0.5699003084415897
15,2013-2014,75,1,1,0.5478711075631346
15,2013-2014,76,1,1,0.5057944013321728
15,2013-2014,77,1,1,0.5733046375375483
15,2013-2014,78,1,1,0.6023994429903626
15,2013-2014,79,0,0,0.4869209308599578
15,2013-2014,80,1,1,0.6008998446702521
15,2013-2014,81,1,1,0.6510678926353454
15,2013-2014,82,1,0,0.39296993676005115
15,2013-2014,83,0,0,0.47738729671992236
15,2013-2014,84,0,1,0.6595325229586946
15,2013-2014,85,1,1,0.6501892865424624
15,2013-2014,86,0,0,0.48732531596022227
15,2013-2014,87,0,1,0.5831036699821136
15,2013-2014,88,0,1,0.5304649871911723
15,2013-2014,89,1,1,0.6129246580602836
15,2013-2014,90,0,0,0.43631983160610505
15,2013-2014,91,0,1,0.5445014212981869
15,2013-2014,92,1,1,0.6488964235064707
15,2013-2014,93,0,1,0.6286252731090602
15,2013-2014,94,0,1,0.5638417214935423
15,2013-2014,95,1,1,0.5515018243365409
15,2013-2014,96,1,1,0.5340055494686906
15,2013-2014,97,1,0,0.4256700683866201
15,2013-2014,98,0,1,0.5653700098538437
15,2013-2014,99,1,1,0.5476511682866094
15,2013-2014,100,0,0,0.45915693907488725
15,2013-2014,101,1,1,0.5649487531711271
15,2013-2014,102,1,1,0.535572983598584
15,2013-2014,103,0,1,0.5170750584640985
15,2013-2014,104,1,1,0.5689359054463772
15,2013-2014,105,1,1,0.5758284308941474
15,2013-2014,106,1,0,0.4625765337416154
15,2013-2014,107,1,0,0.48374972608947264
15,2013-2014,108,1,1,0.5770618959917937
15,2013-2014,109,0,1,0.5312962345031952
15,2013-2014,110,0,0,0.4785294923954059
15,2013-2014,111,1,1,0.5018222389661855
15,2013-2014,112,1,1,0.5905998158973136
15,2013-2014,113,0,1,0.5422257293449008
15,2013-2014,114,1,1,0.5868343676786612
15,2013-2014,115,1,1,0.6252008949132152
15,2013-2014,116,0,1,0.5234497353940272
15,2013-2014,117,1,1,0.6231382261228373
15,2013-2014,118,1,1,0.6207580832421886
15,2013-2014,119,0,1,0.5615665018158942
15,2013-2014,120,0,1,0.6216123673823606
15,2013-2014,121,1,0,0.4818954165646412
15,2013-2014,122,0,0,0.44548710175569634
15,2013-2014,123,0,0,0.3880219368303372
15,2013-2014,124,1,1,0.6346751393877438
15,2013-2014,125,0,0,0.3988508940492676
15,2013-2014,126,0,1,0.5925432901324622
15,2013-2014,127,0,0,0.36991824631895015
15,2013-2014,128,1,0,0.4799085029791525
15,2013-2014,129,1,0,0.42293947850753194
15,2013-2014,130,1,1,0.617018586999261
15,2013-2014,131,1,1,0.646540451244573
15,2013-2014,132,1,1,0.5358969089561153
15,2013-2014,133,1,1,0.6344407292802895
15,2013-2014,134,1,0,0.43934233694407815
15,2013-2014,135,1,1,0.7060378639560082
15,2013-2014,136,1,1,0.6244218691909781
15,2013-2014,137,1,1,0.7019220643151788
15,2013-2014,138,1,1,0.6180723967357447
15,2013-2014,139,1,1,0.7512088842473585
15,2013-2014,140,1,0,0.4942501542616938
15,2013-2014,141,1,1,0.7046075085548548
15,2013-2014,142,0,1,0.6735000147626444
15,2013-2014,143,0,1,0.7239862102235255
15,2013-2014,144,1,0,0.4833709078493268
15,2013-2014,145,1,1,0.6839259572307929
15,2013-2014,146,0,0,0.38226516511737024
15,2013-2014,147,0,0,0.3985240492826564
15,2013-2014,148,0,0,0.36640713329322216
15,2013-2014,149,1,1,0.7330566938692293
15,2013-2014,150,1,1,0.6852661506497337
15,2013-2014,151,0,0,0.3452635090909448
15,2013-2014,152,0,1,0.7313715035825445
15,2013-2014,153,0,1,0.5133451808011149
15,2013-2014,154,1,1,0.6662212711953481
15,2013-2014,155,0,1,0.6081144432391792
15,2013-2014,156,0,1,0.5281881895215323
15,2013-2014,157,1,1,0.5821733391287217
15,2013-2014,158,1,0,0.3985940163654502
15,2013-2014,159,1,1,0.7253612533897077
15,2013-2014,160,0,1,0.542670696472935
15,2013-2014,161,1,1,0.5449248627109113
15,2013-2014,162,0,0,0.38917048540209026
15,2013-2014,163,1,1,0.6744636980711268
15,2013-2014,164,1,1,0.6481891778242966
15,2013-2014,165,0,0,0.3893265656002898
15,2013-2014,166,1,1,0.5857379725286639
15,2013-2014,167,1,0,0.30239763975630296
15,2013-2014,168,0,1,0.6404484672963529
15,2013-2014,169,0,0,0.41785943402340747
15,2013-2014,170,1,1,0.7495173734838205
15,2013-2014,171,1,1,0.6634873711395751
15,2013-2014,172,1,0,0.4575425631192898
15,2013-2014,173,1,1,0.7695075096586469
15,2013-2014,174,1,1,0.7069422933302766
15,2013-2014,175,0,1,0.7281253125375524
15,2013-2014,176,1,1,0.6397559689409434
15,2013-2014,177,1,0,0.3520613414914863
15,2013-2014,178,1,1,0.7121082713625885
15,2013-2014,179,0,0,0.388158383976761
15,2013-2014,180,1,0,0.424602296669835
15,2013-2014,181,0,0,0.4627726357714047
15,2013-2014,182,0,0,0.44638162640657564
15,2013-2014,183,1,1,0.7242833128490802
15,2013-2014,184,0,1,0.6617324128974109
15,2013-2014,185,1,0,0.3876705271330263
15,2013-2014,186,0,1,0.7406305088005978
15,2013-2014,187,0,1,0.7003862514169721
15,2013-2014,188,1,1,0.7250669818349192
15,2013-2014,189,1,1,0.5802348426728863
15,2013-2014,190,1,1,0.7426575653108893
15,2013-2014,191,0,0,0.41250699153377435
15,2013-2014,192,1,0,0.4795179973664874
15,2013-2014,193,1,1,0.7363125537364478
15,2013-2014,194,0,0,0.4775106001635701
15,2013-2014,195,1,0,0.38738921393487025
15,2013-2014,196,1,1,0.6444091953269332
15,2013-2014,197,1,1,0.7156283123067753
15,2013-2014,198,1,1,0.7474740972483838
15,2013-2014,199,1,1,0.6690680046493693
15,2013-2014,200,0,0,0.4714817252393341
15,2013-2014,201,1,0,0.44994697826423663
15,2013-2014,202,1,1,0.7696187900515099
15,2013-2014,203,1,1,0.7597102846431357
15,2013-2014,204,1,1,0.7609192231569619
15,2013-2014,205,0,1,0.5753363224879544
15,2013-2014,206,1,1,0.5680907578783371
15,2013-2014,207,1,1,0.7404237715993509
15,2013-2014,208,1,1,0.7561032298015512
15,2013-2014,209,1,0,0.39227191060263966
15,2013-2014,210,1,1,0.7472067622064649
15,2013-2014,211,1,1,0.6990522626058977
15,2013-2014,212,0,0,0.3672496888641804
15,2013-2014,213,0,1,0.6043924390829005
15,2013-2014,214,1,1,0.5813059811866965
15,2013-2014,215,0,1,0.5193440802616671
15,2013-2014,216,0,1,0.7007557361261346
15,2013-2014,217,1,1,0.5455150973584011
15,2013-2014,218,0,0,0.35392375965616873
15,2013-2014,219,1,1,0.6332153386055521
15,2013-2014,220,1,1,0.7299251831102962
15,2013-2014,221,1,1,0.7464642221026242
15,2013-2014,222,1,0,0.3731959034940522
15,2013-2014,223,0,1,0.5958745231338282
15,2013-2014,224,0,1,0.7113822576377377
15,2013-2014,225,1,1,0.7073464330992539
15,2013-2014,226,0,1,0.5764756244989496
15,2013-2014,227,0,1,0.7766356301214379
15,2013-2014,228,0,1,0.7035668180686244
15,2013-2014,229,1,0,0.48847406663269627
15,2013-2014,230,0,0,0.4709683961416431
15,2013-2014,231,1,1,0.7024623140726111
15,2013-2014,232,1,1,0.6046142338696859
15,2013-2014,233,1,1,0.6311500057636593
15,2013-2014,234,0,0,0.4625159934094813
15,2013-2014,235,1,1,0.7213288411931233
15,2013-2014,236,1,1,0.6277512471151473
15,2013-2014,237,1,1,0.5232556575898748
15,2013-2014,238,1,0,0.4917240403779174
15,2013-2014,239,0,1,0.757327869741281
15,2013-2014,240,1,1,0.5426523623135439
15,2013-2014,241,1,0,0.3921772736177743
15,2013-2014,242,1,1,0.6912200500827069
15,2013-2014,243,1,0,0.46228386400769295
15,2013-2014,244,1,1,0.7231663150213647
15,2013-2014,245,1,1,0.750087133214865
15,2013-2014,246,0,1,0.5024271820324518
15,2013-2014,247,1,1,0.6960036912829336
15,2013-2014,248,1,1,0.591973080697135
15,2013-2014,249,0,1,0.6223736153981219
15,2013-2014,250,1,1,0.7464889946030313
15,2013-2014,251,0,1,0.6306081505669353
15,2013-2014,252,1,1,0.762989709129154
15,2013-2014,253,1,1,0.569241817218805
15,2013-2014,254,1,1,0.7316372773546221
15,2013-2014,255,1,1,0.766122654412076
15,2013-2014,256,0,1,0.7364123268642715
15,2013-2014,257,1,1,0.7713528260958512
15,2013-2014,258,0,1,0.6251067412768804
15,2013-2014,259,1,1,0.6657710683688545
15,2013-2014,260,1,1,0.5032483685476552
15,2013-2014,261,1,1,0.6082157980697223
15,2013-2014,262,1,1,0.7261178535820951
15,2013-2014,263,1,1,0.7919391811827601
15,2013-2014,264,0,1,0.6698049809079858
15,2013-2014,265,1,1,0.7496421896730732
15,2013-2014,266,0,1,0.7238239610789216
15,2013-2014,267,1,1,0.6159679403022548
15,2013-2014,268,0,1,0.7041563307460884
15,2013-2014,269,1,1,0.6319397078687192
15,2013-2014,270,1,1,0.6776761343992505
15,2013-2014,271,1,1,0.6834619544074156
15,2013-2014,272,1,1,0.7457199559810866
15,2013-2014,273,0,1,0.7013416791608346
15,2013-2014,274,1,1,0.7392267414705758
15,2013-2014,275,1,1,0.6052416179248407
15,2013-2014,276,0,1,0.6856627134173695
15,2013-2014,277,0,1,0.5983277440023081
15,2013-2014,278,1,1,0.7064847076223287
15,2013-2014,279,1,1,0.5950401613104924
15,2013-2014,280,0,1,0.5670521519321645
15,2013-2014,281,1,1,0.5424803131652487
15,2013-2014,282,0,1,0.710786296844593
15,2013-2014,283,1,1,0.5465608204803725
15,2013-2014,284,1,1,0.768751892235975
15,2013-2014,285,0,1,0.6574199763222405
15,2013-2014,286,0,1,0.708916670464178
15,2013-2014,287,0,0,0.4617605371496955
15,2013-2014,288,1,1,0.7538448448367394
15,2013-2014,289,1,1,0.6104753933935297
15,2013-2014,290,1,1,0.566987599162032
15,2013-2014,291,0,1,0.6693347564496319
15,2013-2014,292,1,1,0.6238073187009187
15,2013-2014,293,1,0,0.4628629070698903
15,2013-2014,294,0,1,0.706965419455961
15,2013-2014,295,0,1,0.6126870887018032
15,2013-2014,296,0,1,0.5552640634782805
15,2013-2014,297,0,1,0.6551295212741307
15,2013-2014,298,0,0,0.41573607310842564
15,2013-2014,299,1,1,0.6659802580502545
15,2013-2014,300,1,1,0.5234039825078138
15,2014-2015,16,1,1,0.8084114116158113
15,2014-2015,17,1,1,0.8196635433642931
15,2014-2015,18,1,1,0.8253182390654341
15,2014-2015,19,1,1,0.826301431515547
15,2014-2015,20,1,1,0.847645608556344
15,2014-2015,21,0,1,0.8505692058625812
15,2014-2015,22,1,1,0.812838654562542
15,2014-2015,23,1,1,0.7963829615205372
15,2014-2015,24,1,1,0.8084535554442237
15,2014-2015,25,0,1,0.8218057933772355
15,2014-2015,26,1,1,0.7701293012833734
15,2014-2015,27,0,1,0.7881794136583957
15,2014-2015,28,1,1,0.7709409098083739
15,2014-2015,29,1,1,0.7534666589700436
15,2014-2015,30,1,1,0.7994008195093796
15,2014-2015,31,1,1,0.7699469383816756
15,2014-2015,32,0,1,0.8175277437820979
15,2014-2015,33,0,1,0.7656410456459152
15,2014-2015,34,1,1,0.7672694877194084
15,2014-2015,35,1,1,0.7579354080351872
15,2014-2015,36,0,1,0.7848759553862554
15,2014-2015,37,0,1,0.7524111699402569
15,2014-2015,38,0,1,0.7719286715674494
15,2014-2015,39,0,1,0.7244875050015162
15,2014-2015,40,1,1,0.6882088791750791
15,2014-2015,41,0,1,0.687117011272928
15,2014-2015,42,0,1,0.7021969111070779
15,2014-2015,43,1,1,0.6575116529289549
15,2014-2015,44,0,1,0.6361776232673778
15,2014-2015,45,0,1,0.6574940477938104
15,2014-2015,46,1,1,0.5994100205821569
15,2014-2015,47,0,1,0.6401509737525193
15,2014-2015,48,1,1,0.6097196832355875
15,2014-2015,49,1,1,0.6320164287203397
15,2014-2015,50,0,1,0.6302535852042415
15,2014-2015,51,0,1,0.5976229135753217
15,2014-2015,52,1,1,0.5500065306258038
15,2014-2015,53,0,1,0.653933020586746
15,2014-2015,54,0,1,0.5543488206826491
15,2014-2015,55,1,1,0.5927136135051002
15,2014-2015,56,0,1,0.5862513122054119
15,2014-2015,57,0,1,0.5807546588661375
15,2014-2015,58,0,1,0.5335568024046422
15,2014-2015,59,1,0,0.45467999333139325
15,2014-2015,60,1,1,0.5615013048603404
15,2014-2015,61,0,0,0.4862953027274868
15,2014-2015,62,1,1,0.5189535871673464
15,2014-2015,63,1,1,0.576575185818179
15,2014-2015,64,0,1,0.5660645163947962
15,2014-2015,65,1,1,0.5563423851018229
15,2014-2015,66,0,1,0.5753454592373375
15,2014-2015,67,1,1,0.5668144454475383
15,2014-2015,68,1,1,0.6338082776645462
15,2014-2015,69,0,1,0.5056910636974781
15,2014-2015,70,0,1,0.5146106068526938
15,2014-2015,71,0,1,0.6267204373114708
15,2014-2015,72,1,1,0.5487917115054147
15,2014-2015,73,1,0,0.4822344468397819
15,2014-2015,74,1,1,0.6223423569924179
15,2014-2015,75,0,0,0.364597596560706
15,2014-2015,76,0,0,0.45898324404463375
15,2014-2015,77,1,0,0.48043068537875794
15,2014-2015,78,1,1,0.50263976637149
15,2014-2015,79,1,1,0.5499189193214763
15,2014-2015,80,1,0,0.42557004375047885
15,2014-2015,81,0,1,0.6045131422843035
15,2014-2015,82,0,1,0.5057461731667667
15,2014-2015,83,0,1,0.5532298197138211
15,2014-2015,84,0,0,0.39925845457925
15,2014-2015,85,0,1,0.5658037880048803
15,2014-2015,86,1,0,0.4858810387111772
15,2014-2015,87,1,1,0.5147191485256577
15,2014-2015,88,0,0,0.43744836209093596
15,2014-2015,89,1,0,0.4988645997865523
15,2014-2015,90,1,1,0.573151395713055
15,2014-2015,91,0,0,0.48856022609550015
15,2014-2015,92,0,1,0.5566047361387596
15,2014-2015,93,0,0,0.35207533628078896
15,2014-2015,94,1,1,0.5785752064669872
15,2014-2015,95,1,0,0.36128366123557437
15,2014-2015,96,1,0,0.44287781240164925
15,2014-2015,97,0,1,0.56091749111113
15,2014-2015,98,0,0,0.4723095056234882
15,2014-2015,99,1,1,0.5948348782575056
15,2014-2015,100,1,1,0.5728017626363996
15,2014-2015,101,1,1,0.5209133715598485
15,2014-2015,102,0,1,0.5856946672949749
15,2014-2015,103,0,1,0.5212720271191488
15,2014-2015,104,1,1,0.5637868631490575
15,2014-2015,105,0,0,0.46195154122018317
15,2014-2015,106,0,0,0.4601266787702138
15,2014-2015,107,1,1,0.667048123938426
15,2014-2015,108,1,1,0.6948438984436854
15,2014-2015,109,0,0,0.49756387656651824
15,2014-2015,110,0,1,0.6126527702286624
15,2014-2015,111,0,0,0.4433477014928823
15,2014-2015,112,1,1,0.594453914609126
15,2014-2015,113,0,0,0.43522931686633104
15,2014-2015,114,1,1,0.6203677357634149
15,2014-2015,115,1,1,0.5224166534225506
15,2014-2015,116,1,0,0.44403701688648956
15,2014-2015,117,0,0,0.32219872252674214
15,2014-2015,118,0,0,0.4902035707666165
15,2014-2015,119,1,0,0.4300168390211613
15,2014-2015,120,1,1,0.606370647179179
15,2014-2015,121,0,1,0.6531073590920999
15,2014-2015,122,0,0,0.26995603426530757
15,2014-2015,123,1,1,0.5161705424044948
15,2014-2015,124,0,0,0.39657571300202504
15,2014-2015,125,1,0,0.43235299801532623
15,2014-2015,126,1,1,0.6015802525402624
15,2014-2015,127,1,1,0.6224649333347877
15,2014-2015,128,1,1,0.6939035255478411
15,2014-2015,129,0,0,0.33245156676014676
15,2014-2015,130,0,1,0.5188848526546266
15,2014-2015,131,1,1,0.6916169291714346
15,2014-2015,132,1,1,0.7434450491510967
15,2014-2015,133,1,1,0.6471989172011654
15,2014-2015,134,1,1,0.7552610470093518
15,2014-2015,135,1,1,0.6536068490311067
15,2014-2015,136,1,1,0.6168919655226237
15,2014-2015,137,1,1,0.6407165509265187
15,2014-2015,138,1,0,0.41491414937613863
15,2014-2015,139,1,1,0.584382179651249
15,2014-2015,140,1,0,0.4962104721965417
15,2014-2015,141,0,0,0.4638624871612485
15,2014-2015,142,1,1,0.5661613799928809
15,2014-2015,143,0,1,0.6891416148986345
15,2014-2015,144,1,1,0.6214327603059819
15,2014-2015,145,1,1,0.7408179210022947
15,2014-2015,146,0,1,0.6442133770597223
15,2014-2015,147,1,1,0.687862341114772
15,2014-2015,148,1,1,0.669323623705589
15,2014-2015,149,1,0,0.4033630747758095
15,2014-2015,150,0,0,0.3833003515794014
15,2014-2015,151,0,0,0.2850316957896286
15,2014-2015,152,1,1,0.7188775850585247
15,2014-2015,153,0,0,0.42187580083772125
15,2014-2015,154,0,1,0.7353741939086027
15,2014-2015,155,0,0,0.4469015176123162
15,2014-2015,156,0,1,0.6726673626474575
15,2014-2015,157,1,1,0.7216470734475927
15,2014-2015,158,1,1,0.6913232920822125
15,2014-2015,159,0,0,0.29006931052179663
15,2014-2015,160,1,0,0.383787048673052
15,2014-2015,161,0,1,0.5731370906719654
15,2014-2015,162,1,1,0.7034153101606329
15,2014-2015,163,1,1,0.6368073976117775
15,2014-2015,164,1,1,0.5100780556241994
15,2014-2015,165,0,1,0.7422740537252146
15,2014-2015,166,1,1,0.7711613467477798
15,2014-2015,167,0,1,0.5416074294915931
15,2014-2015,168,1,1,0.754545924728017
15,2014-2015,169,1,1,0.7264728293057467
15,2014-2015,170,1,1,0.6980523288371432
15,2014-2015,171,1,1,0.6263300977592221
15,2014-2015,172,1,0,0.4997390159915026
15,2014-2015,173,1,1,0.6874994309967983
15,2014-2015,174,1,1,0.7410412458899713
15,2014-2015,175,1,1,0.5359480930389872
15,2014-2015,176,0,1,0.609115767982265
15,2014-2015,177,1,1,0.8236656871886063
15,2014-2015,178,0,0,0.3754293088340661
15,2014-2015,179,1,1,0.7897188886427534
15,2014-2015,180,1,1,0.8138638779198977
15,2014-2015,181,0,0,0.22167978367981142
15,2014-2015,182,0,1,0.7359798769013548
15,2014-2015,183,1,1,0.7865502424294218
15,2014-2015,184,0,0,0.40619147610773565
15,2014-2015,185,1,0,0.32989397056841907
15,2014-2015,186,1,0,0.4452054515760288
15,2014-2015,187,0,0,0.27801818677574835
15,2014-2015,188,0,0,0.3271807421414461
15,2014-2015,189,1,1,0.7236742311286037
15,2014-2015,190,0,1,0.7689251046943371
15,2014-2015,191,0,1,0.7238943312284185
15,2014-2015,192,1,1,0.7053576807858062
15,2014-2015,193,1,1,0.6068391730281278
15,2014-2015,194,0,0,0.2723082101607454
15,2014-2015,195,1,1,0.674955206698171
15,2014-2015,196,1,0,0.47906170013902616
15,2014-2015,197,1,1,0.7759385435242147
15,2014-2015,198,1,1,0.6963416413782348
15,2014-2015,199,1,0,0.45520266173508317
15,2014-2015,200,1,1,0.7807104543667006
15,2014-2015,201,0,0,0.1599669712132085
15,2014-2015,202,0,0,0.4037458831124579
15,2014-2015,203,1,1,0.8383614951979277
15,2014-2015,204,0,1,0.6515476324191726
15,2014-2015,205,1,1,0.5629049329494707
15,2014-2015,206,0,0,0.251933291708928
15,2014-2015,207,0,0,0.16935519811370553
15,2014-2015,208,1,1,0.7589531811638366
15,2014-2015,209,1,1,0.7642746624584569
15,2014-2015,210,1,1,0.8161078558989991
15,2014-2015,211,0,0,0.3239483845748086
15,2014-2015,212,1,0,0.40581558959699265
15,2014-2015,213,1,1,0.7496437759731284
15,2014-2015,214,1,1,0.5671543315291351
15,2014-2015,215,0,0,0.39834731749243646
15,2014-2015,216,0,1,0.7577743812733121
15,2014-2015,217,0,0,0.4155886206011193
15,2014-2015,218,1,1,0.7676895693464445
15,2014-2015,219,1,1,0.6514292201486669
15,2014-2015,220,1,1,0.7008316345370874
15,2014-2015,221,0,0,0.25277341400913406
15,2014-2015,222,1,1,0.8562503264382322
15,2014-2015,223,0,1,0.5075851840901581
15,2014-2015,224,1,0,0.3226326946066994
15,2014-2015,225,0,1,0.7875087907679709
15,2014-2015,226,1,1,0.7004736455939827
15,2014-2015,227,0,1,0.55150080361036
15,2014-2015,228,1,0,0.34850357397545734
15,2014-2015,229,1,1,0.5460884636177276
15,2014-2015,230,1,1,0.7607431641973794
15,2014-2015,231,1,0,0.32368189144830767
15,2014-2015,232,0,1,0.7853757070506424
15,2014-2015,233,1,1,0.514429710045437
15,2014-2015,234,1,1,0.6715924769715207
15,2014-2015,235,1,1,0.533842508608381
15,2014-2015,236,1,1,0.6520825153459304
15,2014-2015,237,1,1,0.7585236144493569
15,2014-2015,238,1,1,0.7623442037263487
15,2014-2015,239,1,1,0.7474081601641388
15,2014-2015,240,1,1,0.7528547840197809
15,2014-2015,241,1,1,0.7741996557832839
15,2014-2015,242,1,1,0.6522153550070662
15,2014-2015,243,1,1,0.8443302229454788
15,2014-2015,244,1,1,0.763463954271391
15,2014-2015,245,1,1,0.8479953419430364
15,2014-2015,246,0,1,0.8121815820527294
15,2014-2015,247,0,1,0.8612205322659028
15,2014-2015,248,0,1,0.7947249187998953
15,2014-2015,249,0,1,0.8407688933716445
15,2014-2015,250,0,1,0.6627131860881669
15,2014-2015,251,0,0,0.32184217230377804
15,2014-2015,252,1,0,0.37379310143508393
15,2014-2015,253,0,0,0.3661837643933549
15,2014-2015,254,0,0,0.20691114990295917
15,2014-2015,255,1,0,0.21766616817968856
15,2014-2015,256,0,1,0.645913581431756
15,2014-2015,257,1,0,0.2080002281876977
15,2014-2015,258,1,1,0.5005227179677847
15,2014-2015,259,1,1,0.6986148261645948
15,2014-2015,260,1,1,0.676676651821528
15,2014-2015,261,0,1,0.6161936984015653
15,2014-2015,262,0,1,0.7546157638525051
15,2014-2015,263,0,0,0.3548285560893324
15,2014-2015,264,1,1,0.5621062384849902
15,2014-2015,265,1,1,0.6699519585079655
15,2014-2015,266,1,0,0.41382102640152
15,2014-2015,267,0,1,0.5494973150797564
15,2014-2015,268,1,1,0.7297612965673125
15,2014-2015,269,1,1,0.6020286693431616
15,2015-2016,16,0,1,0.6285527584042517
15,2015-2016,17,0,1,0.5348532687544056
15,2015-2016,18,0,1,0.5738847706972513
15,2015-2016,19,1,1,0.5873353884292426
15,2015-2016,20,1,1,0.558607987920257
15,2015-2016,21,1,1,0.5303391725980282
15,2015-2016,22,1,1,0.6008994048098805
15,2015-2016,23,0,1,0.6421165915050822
15,2015-2016,24,0,1,0.6110883992610321
15,2015-2016,25,1,1,0.543592002962338
15,2015-2016,26,1,1,0.5846544995121801
15,2015-2016,27,0,1,0.6211567454639912
15,2015-2016,28,0,1,0.5679943435328926
15,2015-2016,29,0,1,0.5526141084903562
15,2015-2016,30,1,1,0.5079056593320734
15,2015-2016,31,1,1,0.5351680450899442
15,2015-2016,32,1,1,0.5639190468843107
15,2015-2016,33,0,1,0.5881390486686083
15,2015-2016,34,1,1,0.5804399990860962
15,2015-2016,35,1,1,0.5598896878788396
15,2015-2016,36,0,1,0.5644942294922842
15,2015-2016,37,1,1,0.5827260860448631
15,2015-2016,38,1,1,0.5756779213984689
15,2015-2016,39,1,1,0.5955357110006803
15,2015-2016,40,1,1,0.5890156626498116
15,2015-2016,41,1,1,0.598490103305508
15,2015-2016,42,1,1,0.6373342381061021
15,2015-2016,43,1,1,0.6300509374548829
15,2015-2016,44,1,1,0.6574629333471892
15,2015-2016,45,0,1,0.6676402735444995
15,2015-2016,46,0,1,0.6681166356148466
15,2015-2016,47,0,1,0.5968249177087783
15,2015-2016,48,1,1,0.6200138050251507
15,2015-2016,49,1,1,0.5606827243191312
15,2015-2016,50,1,1,0.6064595216165887
15,2015-2016,51,0,1,0.6385048489287883
15,2015-2016,52,0,1,0.6313178402947526
15,2015-2016,53,0,1,0.583628928555116
15,2015-2016,54,1,1,0.5919575749766698
15,2015-2016,55,1,1,0.607477515522845
15,2015-2016,56,1,1,0.6044182872373494
15,2015-2016,57,1,1,0.6247805761188957
15,2015-2016,58,1,1,0.6807913861410158
15,2015-2016,59,1,1,0.6664878614547171
15,2015-2016,60,0,1,0.6915560513784469
15,2015-2016,61,1,1,0.6554076519812287
15,2015-2016,62,1,1,0.6353172745353582
15,2015-2016,63,1,1,0.6865380743809332
15,2015-2016,64,0,1,0.6827212507365439
15,2015-2016,65,0,1,0.6176288574344646
15,2015-2016,66,1,1,0.6075371200990984
15,2015-2016,67,0,1,0.6247908849749196
15,2015-2016,68,1,1,0.6990941149195748
15,2015-2016,69,1,1,0.6567728304129868
15,2015-2016,70,0,1,0.6507223247063025
15,2015-2016,71,0,1,0.6909612774565989
15,2015-2016,72,1,1,0.5691037079494315
15,2015-2016,73,0,1,0.6702178381894104
15,2015-2016,74,1,1,0.6486760468735875
15,2015-2016,75,1,1,0.5943228132594472
15,2015-2016,76,1,1,0.6412941083494844
15,2015-2016,77,1,1,0.5778069902384327
15,2015-2016,78,1,1,0.6538183347313096
15,2015-2016,79,0,1,0.6064053981979259
15,2015-2016,80,0,1,0.6606858207515118
15,2015-2016,81,1,1,0.6662018213649805
15,2015-2016,82,0,1,0.5746632310731328
15,2015-2016,83,1,1,0.6942640630275889
15,2015-2016,84,1,1,0.722561526345315
15,2015-2016,85,0,1,0.6075490185865913
15,2015-2016,86,1,1,0.5343867153290682
15,2015-2016,87,0,1,0.5277652967230636
15,2015-2016,88,1,1,0.6306611696746245
15,2015-2016,89,1,1,0.6680176357840408
15,2015-2016,90,0,1,0.511443003011604
15,2015-2016,91,1,1,0.6509211798023274
15,2015-2016,92,1,1,0.6528414380399624
15,2015-2016,93,1,1,0.7274185046806622
15,2015-2016,94,0,1,0.7019937440877584
15,2015-2016,95,1,1,0.6447379067576726
15,2015-2016,96,0,1,0.5496711095051399
15,2015-2016,97,0,1,0.7226992561540362
15,2015-2016,98,1,1,0.6075135624156236
15,2015-2016,99,0,1,0.6317265301438048
15,2015-2016,100,0,1,0.6416070936572087
15,2015-2016,101,0,1,0.5604423918861505
15,2015-2016,102,1,1,0.6818506565084126
15,2015-2016,103,1,1,0.7044545238486197
15,2015-2016,104,1,1,0.6948733423060328
15,2015-2016,105,1,1,0.707445075383294
15,2015-2016,106,1,1,0.6598319255564229
15,2015-2016,107,0,1,0.6864133913489563
15,2015-2016,108,1,0,0.4995866333599126
15,2015-2016,109,1,0,0.4795397971516078
15,2015-2016,110,0,1,0.5500259261172457
15,2015-2016,111,0,1,0.5956679903509692
15,2015-2016,112,0,1,0.5852719104340354
15,2015-2016,113,0,0,0.46338659321471665
15,2015-2016,114,1,1,0.6936766245000505
15,2015-2016,115,0,1,0.6847336196151405
15,2015-2016,116,1,1,0.6993802716804013
15,2015-2016,117,1,1,0.5910153684961408
15,2015-2016,118,0,0,0.4606921550282292
15,2015-2016,119,1,1,0.6830941031199305
15,2015-2016,120,0,1,0.6699572342355558
15,2015-2016,121,1,0,0.477735418391274
15,2015-2016,122,0,0,0.4492674435323805
15,2015-2016,123,0,1,0.560494373598827
15,2015-2016,124,1,1,0.5968511610347454
15,2015-2016,125,1,1,0.7048269486574879
15,2015-2016,126,0,0,0.42429392692942547
15,2015-2016,127,0,0,0.46165143103665995
15,2015-2016,128,0,1,0.5583631590338708
15,2015-2016,129,1,1,0.5272688538465754
15,2015-2016,130,0,1,0.6858912327242382
15,2015-2016,131,0,0,0.4102658796053228
15,2015-2016,132,1,1,0.5010531236389416
15,2015-2016,133,1,1,0.6760605094253651
15,2015-2016,134,1,1,0.7257558793777567
15,2015-2016,135,1,1,0.6847504114076113
15,2015-2016,136,0,1,0.6737753690263104
15,2015-2016,137,1,0,0.35777721248068284
15,2015-2016,138,0,0,0.494144604489497
15,2015-2016,139,0,0,0.4078226545639299
15,2015-2016,140,0,0,0.4056096783018364
15,2015-2016,141,0,1,0.5408227578555953
15,2015-2016,142,0,0,0.3800843289936291
15,2015-2016,143,0,1,0.5148317485569933
15,2015-2016,144,1,1,0.6742946350330495
15,2015-2016,145,1,1,0.6422457776819399
15,2015-2016,146,0,1,0.613916325140794
15,2015-2016,147,1,1,0.5138480719049513
15,2015-2016,148,0,0,0.463796485736031
15,2015-2016,149,0,0,0.31504182389815416
15,2015-2016,150,0,1,0.5219683717438067
15,2015-2016,151,0,0,0.3328745922242432
15,2015-2016,152,1,0,0.4842385067966693
15,2015-2016,153,1,1,0.5537489187020654
15,2015-2016,154,0,0,0.3602005271059221
15,2015-2016,155,0,0,0.24729584541895014
15,2015-2016,156,1,1,0.5245510713925792
15,2015-2016,157,1,1,0.6970008639577562
15,2015-2016,158,1,0,0.2516480735155189
15,2015-2016,159,0,0,0.29045275651149677
15,2015-2016,160,1,1,0.6206010564915998
15,2015-2016,161,0,0,0.3147362138061289
15,2015-2016,162,1,0,0.42228577331833106
15,2015-2016,163,0,0,0.28887899887552027
15,2015-2016,164,0,1,0.5669302647816283
15,2015-2016,165,1,1,0.6943229157581525
15,2015-2016,166,0,0,0.44541414374517285
15,2015-2016,167,0,0,0.39158457861575197
15,2015-2016,168,1,1,0.5038236959299373
15,2015-2016,169,0,1,0.5357065020357069
15,2015-2016,170,1,1,0.6084360742137767
15,2015-2016,171,0,1,0.7047595889640552
15,2015-2016,172,1,1,0.5895183191041239
15,2015-2016,173,0,1,0.6812813328692275
15,2015-2016,174,1,0,0.3522512855289801
15,2015-2016,175,1,0,0.44041479797217226
15,2015-2016,176,0,0,0.3514283546073886
15,2015-2016,177,1,1,0.5517878794556629
15,2015-2016,178,0,1,0.5612403336314499
15,2015-2016,179,0,0,0.3377128422366409
15,2015-2016,180,1,1,0.6186117665882002
15,2015-2016,181,1,0,0.4006569079046494
15,2015-2016,182,0,1,0.5207744618158884
15,2015-2016,183,0,0,0.3662414980000685
15,2015-2016,184,1,1,0.5605854328726221
15,2015-2016,185,0,1,0.5227282029523609
15,2015-2016,186,1,1,0.5289138059559879
15,2015-2016,187,1,1,0.5570522036175122
15,2015-2016,188,0,0,0.41431168607421254
15,2015-2016,189,1,1,0.6482869577494464
15,2015-2016,190,1,0,0.43215522696845776
15,2015-2016,191,1,0,0.37910180501812574
15,2015-2016,192,0,0,0.48995802360759094
15,2015-2016,193,0,0,0.4190260152691717
15,2015-2016,194,1,1,0.6504799377042337
15,2015-2016,195,0,0,0.3191858669250106
15,2015-2016,196,1,0,0.4306797584133742
15,2015-2016,197,1,0,0.47194138796902685
15,2015-2016,198,1,0,0.4013293603297927
15,2015-2016,199,0,0,0.3745461813890408
15,2015-2016,200,1,1,0.5999867738734311
15,2015-2016,201,1,1,0.5840332676932023
15,2015-2016,202,1,1,0.7649577659727582
15,2015-2016,203,0,1,0.722532909438813
15,2015-2016,204,1,1,0.6711972775395181
15,2015-2016,205,1,1,0.6671007552561403
15,2015-2016,206,1,1,0.6901853296549253
15,2015-2016,207,1,1,0.611488580091229
15,2015-2016,208,1,1,0.5830686617682517
15,2015-2016,209,0,1,0.5647210390400815
15,2015-2016,210,0,1,0.5573245899387287
15,2015-2016,211,1,1,0.6146727897994959
15,2015-2016,212,1,1,0.6087362593630894
15,2015-2016,213,1,1,0.7105081053797393
15,2015-2016,214,1,1,0.645033019474304
15,2015-2016,215,0,0,0.3831654897450568
15,2015-2016,216,0,1,0.7333307114017563
15,2015-2016,217,1,1,0.6099188399893296
15,2015-2016,218,1,1,0.6602482921406551
15,2015-2016,219,1,1,0.7457972205515064
15,2015-2016,220,0,1,0.7198677112604429
15,2015-2016,221,1,1,0.7625611907387886
15,2015-2016,222,0,1,0.658531428124522
15,2015-2016,223,1,1,0.7732420344855758
15,2015-2016,224,0,1,0.7282972683018709
15,2015-2016,225,1,1,0.5865516998416404
15,2015-2016,226,1,1,0.5955801840195568
15,2015-2016,227,0,1,0.6385815342447054
15,2015-2016,228,1,0,0.48530361320562315
15,2015-2016,229,0,1,0.7207188398128505
15,2015-2016,230,1,1,0.5751800588841416
15,2015-2016,231,1,1,0.6568286873378278
15,2015-2016,232,0,1,0.6862002880273119
15,2015-2016,233,1,1,0.6661589474292557
15,2015-2016,234,0,1,0.529079447073516
15,2015-2016,235,1,1,0.5358975804229722
15,2015-2016,236,0,1,0.6458242389787139
15,2015-2016,237,0,1,0.5258718325240277
15,2015-2016,238,1,0,0.47262270074612417
15,2015-2016,239,1,1,0.5842759858926886
15,2016-2017,16,0,0,0.4717135781537866
15,2016-2017,17,0,0,0.4333325318171962
15,2016-2017,18,0,0,0.4024552948298758
15,2016-2017,19,0,0,0.3727769927911109
15,2016-2017,20,1,0,0.3342323902292372
15,2016-2017,21,0,0,0.3699541249094795
15,2016-2017,22,1,0,0.36953468311038407
15,2016-2017,23,1,0,0.3905249509225341
15,2016-2017,24,1,0,0.43375385423459095
15,2016-2017,25,1,0,0.44825383452356654
15,2016-2017,26,1,0,0.48694393413493514
15,2016-2017,27,1,0,0.4843702966015105
15,2016-2017,28,0,1,0.5210371319162913
15,2016-2017,29,1,1,0.5302270065790685
15,2016-2017,30,1,1,0.5269878948708755
15,2016-2017,31,0,1,0.5711372664392143
15,2016-2017,32,0,1,0.5081106848805229
15,2016-2017,33,0,1,0.502002768035245
15,2016-2017,34,1,1,0.5095710757305221
15,2016-2017,35,1,0,0.49425767892463207
15,2016-2017,36,1,1,0.5350189088690064
15,2016-2017,37,0,1,0.5187702127636905
15,2016-2017,38,1,1,0.524893328616942
15,2016-2017,39,1,1,0.5801398711285275
15,2016-2017,40,1,1,0.5992941467254412
15,2016-2017,41,1,1,0.5100420420101474
15,2016-2017,42,1,1,0.5927297578588784
15,2016-2017,43,0,0,0.47307471807463364
15,2016-2017,44,0,1,0.6618508264840871
15,2016-2017,45,1,1,0.5089659212964881
15,2016-2017,46,0,1,0.5224417349820585
15,2016-2017,47,0,1,0.5450591409402743
15,2016-2017,48,0,1,0.5714474084723098
15,2016-2017,49,1,1,0.5181289018158982
15,2016-2017,50,0,1,0.5305448890311597
15,2016-2017,51,0,1,0.5164212156893051
15,2016-2017,52,0,0,0.4777710939699713
15,2016-2017,53,0,1,0.5003665708423494
15,2016-2017,54,0,1,0.5175767474338214
15,2016-2017,55,1,0,0.49566348454771314
15,2016-2017,56,0,0,0.4428343908821798
15,2016-2017,57,1,0,0.4788390911149031
15,2016-2017,58,1,1,0.519787445246204
15,2016-2017,59,1,0,0.4725011614543354
15,2016-2017,60,1,1,0.5858444225081023
15,2016-2017,61,0,1,0.5542230702890012
15,2016-2017,62,1,0,0.46872527890165305
15,2016-2017,63,1,0,0.49521260740058654
15,2016-2017,64,1,1,0.5149871650804284
15,2016-2017,65,1,1,0.5087534337867501
15,2016-2017,66,0,1,0.5182513423225035
15,2016-2017,67,1,0,0.4717279187508313
15,2016-2017,68,1,1,0.5638155280426451
15,2016-2017,69,1,1,0.5680932645973041
15,2016-2017,70,0,1,0.5714287828940606
15,2016-2017,71,1,1,0.5388665239817586
15,2016-2017,72,0,1,0.5724152940214796
15,2016-2017,73,1,1,0.5868790115936955
15,2016-2017,74,1,1,0.5994019817907636
15,2016-2017,75,0,1,0.5434761099540154
15,2016-2017,76,0,1,0.5358897747210709
15,2016-2017,77,0,1,0.5929769133344888
15,2016-2017,78,1,0,0.49394761644224155
15,2016-2017,79,0,1,0.5165931122289186
15,2016-2017,80,1,1,0.5188987729031649
15,2016-2017,81,1,1,0.5480603273185568
15,2016-2017,82,0,1,0.5836434876558412
15,2016-2017,83,1,1,0.5345884577791505
15,2016-2017,84,1,1,0.5339498227041893
15,2016-2017,85,1,1,0.5533364126752822
15,2016-2017,86,1,1,0.5849281599309459
15,2016-2017,87,0,1,0.5745871204313476
15,2016-2017,88,0,1,0.6279696804158981
15,2016-2017,89,0,1,0.5646089625535098
15,2016-2017,90,1,1,0.5478189177699988
15,2016-2017,91,0,1,0.529997175834614
15,2016-2017,92,1,1,0.5531255660053838
15,2016-2017,93,0,1,0.6197071161965912
15,2016-2017,94,0,1,0.5237544518526654
15,2016-2017,95,0,1,0.5115950786996798
15,2016-2017,96,0,1,0.5076510413078529
15,2016-2017,97,0,1,0.5716528466120707
15,2016-2017,98,0,1,0.5188823062039456
15,2016-2017,99,0,0,0.45852546991317233
15,2016-2017,100,0,1,0.5049564270028578
15,2016-2017,101,0,0,0.4164567783741497
15,2016-2017,102,0,1,0.5196488118019362
15,2016-2017,103,0,0,0.4134293915774556
15,2016-2017,104,1,0,0.4591953028444296
15,2016-2017,105,1,0,0.4200113167954895
15,2016-2017,106,1,1,0.50124336468925
15,2016-2017,107,1,1,0.5064873733754067
15,2016-2017,108,1,0,0.4768566477523324
15,2016-2017,109,0,1,0.5393171007581172
15,2016-2017,110,0,0,0.480841422466741
15,2016-2017,111,1,0,0.4648639632451052
15,2016-2017,112,0,1,0.5257588897123874
15,2016-2017,113,1,1,0.5004394687334427
15,2016-2017,114,1,1,0.5191092347122257
15,2016-2017,115,0,1,0.5170744157046466
15,2016-2017,116,1,0,0.4997939540096769
15,2016-2017,117,1,1,0.5435904735920459
15,2016-2017,118,1,0,0.48564123867564285
15,2016-2017,119,1,1,0.5480646234455054
15,2016-2017,120,0,1,0.507091660419605
15,2016-2017,121,1,1,0.5520314090121416
15,2016-2017,122,0,0,0.47546548210531403
15,2016-2017,123,1,0,0.4706684585769422
15,2016-2017,124,1,1,0.5203155721036712
15,2016-2017,125,1,1,0.5349043177527014
15,2016-2017,126,1,1,0.5256648183655299
15,2016-2017,127,1,1,0.5543250512505583
15,2016-2017,128,0,1,0.5166503484099805
15,2016-2017,129,0,0,0.4999022759318766
15,2016-2017,130,1,1,0.5246313871100755
15,2016-2017,131,1,1,0.6290779827474381
15,2016-2017,132,1,1,0.5444718713965151
15,2016-2017,133,1,1,0.5454876550713345
15,2016-2017,134,1,1,0.6168838089703123
15,2016-2017,135,0,1,0.5312046569583503
15,2016-2017,136,1,1,0.6001229800253982
15,2016-2017,137,0,0,0.43470968449257835
15,2016-2017,138,0,0,0.47428596943125334
15,2016-2017,139,1,1,0.5632812368622799
15,2016-2017,140,0,0,0.46547675309203546
15,2016-2017,141,1,1,0.5556114218315309
15,2016-2017,142,1,1,0.5167954295439827
15,2016-2017,143,0,1,0.5854710804037366
15,2016-2017,144,1,0,0.39885965678419916
15,2016-2017,145,1,1,0.5032975181516732
15,2016-2017,146,1,1,0.657532391831821
15,2016-2017,147,0,1,0.5199389857789608
15,2016-2017,148,0,1,0.5529885270146608
15,2016-2017,149,1,1,0.5660532153967601
15,2016-2017,150,1,1,0.5895938329844581
15,2016-2017,151,1,1,0.705299113837958
15,2016-2017,152,0,1,0.6662619151996327
15,2016-2017,153,1,1,0.5850861638166786
15,2016-2017,154,1,0,0.4249295056412856
15,2016-2017,155,1,1,0.6458235332945922
15,2016-2017,156,1,1,0.7133427290995831
15,2016-2017,157,1,1,0.6544178322555569
15,2016-2017,158,0,1,0.6580914457932032
15,2016-2017,159,0,1,0.6794016348016497
15,2016-2017,160,1,1,0.6711405819905247
15,2016-2017,161,1,1,0.6256101507051555
15,2016-2017,162,0,1,0.5166123747688085
15,2016-2017,163,1,1,0.7149173695320288
15,2016-2017,164,1,1,0.6730006218152427
15,2016-2017,165,0,1,0.5076444660048951
15,2016-2017,166,1,1,0.5920548359183523
15,2016-2017,167,0,1,0.6854841865268344
15,2016-2017,168,1,1,0.6922120492710591
15,2016-2017,169,0,0,0.46330064022000633
15,2016-2017,170,0,1,0.6969128476011854
15,2016-2017,171,0,1,0.5558583385077605
15,2016-2017,172,0,1,0.5367351796147705
15,2016-2017,173,0,0,0.3836687877484177
15,2016-2017,174,0,1,0.5551007166229434
15,2016-2017,175,1,1,0.5688156080063143
15,2016-2017,176,0,0,0.45624705337854715
15,2016-2017,177,1,1,0.6302188546437208
15,2016-2017,178,0,1,0.7141095583490084
15,2016-2017,179,0,1,0.5227068211858185
15,2016-2017,180,1,1,0.5123417095461751
15,2016-2017,181,0,0,0.393598475181403
15,2016-2017,182,1,0,0.45282108267225873
15,2016-2017,183,1,1,0.6376271383907293
15,2016-2017,184,1,1,0.625633880983285
15,2016-2017,185,1,1,0.5999556594616767
15,2016-2017,186,0,1,0.6225705084630901
15,2016-2017,187,0,1,0.521037990471167
15,2016-2017,188,1,1,0.6192443829674028
15,2016-2017,189,0,1,0.6339877971064742
15,2016-2017,190,1,1,0.6286481003341354
15,2016-2017,191,0,1,0.6386380621367276
15,2016-2017,192,0,0,0.47174716963759605
15,2016-2017,193,1,1,0.583342283505784
15,2016-2017,194,1,1,0.6405959584673123
15,2016-2017,195,1,0,0.4642750475687892
15,2016-2017,196,0,1,0.515634954131704
15,2016-2017,197,0,0,0.4173272780747044
15,2016-2017,198,1,0,0.3688251877063989
15,2016-2017,199,0,0,0.4986343310842355
15,2016-2017,200,0,1,0.5051225693815979
15,2016-2017,201,1,1,0.5437042937329526
15,2016-2017,202,1,1,0.5553191924932492
15,2016-2017,203,1,0,0.4645528946134117
15,2016-2017,204,1,1,0.6460246369226768
15,2016-2017,205,1,0,0.4713860296016633
15,2016-2017,206,0,1,0.6383598077223203
15,2016-2017,207,0,1,0.5288736111127256
15,2016-2017,208,0,1,0.5285728270477048
15,2016-2017,209,1,0,0.4614438536452464
15,2016-2017,210,1,1,0.5429227719696341
15,2016-2017,211,1,1,0.5272688768064907
15,2016-2017,212,1,1,0.553307045599886
15,2016-2017,213,1,0,0.47510894079110266
15,2016-2017,214,0,1,0.6618864057535725
15,2016-2017,215,0,0,0.45921203013570405
15,2016-2017,216,1,1,0.5018397338772888
15,2016-2017,217,0,0,0.4265188176675412
15,2016-2017,218,0,0,0.4660779321588382
15,2016-2017,219,1,1,0.6104379262289101
15,2016-2017,220,1,1,0.5604826921917445
15,2016-2017,221,0,0,0.4659993460115324
15,2016-2017,222,0,1,0.6709498721842787
15,2016-2017,223,0,1,0.6322706055395503
15,2016-2017,224,0,1,0.5230246039406793
15,2016-2017,225,1,1,0.545948921469165
15,2016-2017,226,1,1,0.545212724352536
15,2016-2017,227,1,0,0.41101781997564785
15,2016-2017,228,0,1,0.5586567415216351
15,2016-2017,229,1,0,0.3883526155960398
15,2016-2017,230,0,1,0.6087829775793014
15,2016-2017,231,0,1,0.5919495214649239
15,2016-2017,232,0,0,0.4661996346472094
15,2016-2017,233,1,0,0.41728632520600634
15,2016-2017,234,0,0,0.4470554707999059
15,2016-2017,235,1,1,0.5396349036814604
15,2016-2017,236,0,1,0.54377586753181
15,2016-2017,237,1,1,0.600879884820799
15,2016-2017,238,1,0,0.4569522446136508
15,2016-2017,239,0,1,0.5122790606021281
15,2016-2017,240,1,1,0.5344706138651266
15,2016-2017,241,1,1,0.5206356700303415
15,2016-2017,242,0,1,0.5099723006732703
15,2016-2017,243,1,0,0.4371981692628749
15,2016-2017,244,0,1,0.58584950138513
15,2018-2019,16,0,1,0.6668218610929214
15,2018-2019,17,0,1,0.6320382840460181
15,2018-2019,18,0,1,0.5962590864229089
15,2018-2019,19,1,1,0.584297591626749
15,2018-2019,20,0,1,0.5512758979070371
15,2018-2019,21,0,0,0.4765413768063108
15,2018-2019,22,1,0,0.48704117144363324
15,2018-2019,23,0,1,0.5902069359258817
15,2018-2019,24,1,0,0.4850659408004244
15,2018-2019,25,1,1,0.5182944584839158
15,2018-2019,26,0,1,0.5634079781323177
15,2018-2019,27,0,1,0.5414328287060893
15,2018-2019,28,1,0,0.4799204396578109
15,2018-2019,29,1,1,0.5046553443357119
15,2018-2019,30,0,1,0.5409694012667396
15,2018-2019,31,1,1,0.5466389571622645
15,2018-2019,32,1,1,0.5149293966611403
15,2018-2019,33,1,1,0.5550517298778299
15,2018-2019,34,1,1,0.5394803027494548
15,2018-2019,35,0,1,0.581285852989366
15,2018-2019,36,1,1,0.5512892381675505
15,2018-2019,37,1,1,0.5778638353739017
15,2018-2019,38,1,1,0.6088739699703614
15,2018-2019,39,0,1,0.6266275835820642
15,2018-2019,40,0,1,0.5924881448855934
15,2018-2019,41,1,1,0.568058928078755
15,2018-2019,42,1,1,0.5831350348832323
15,2018-2019,43,1,1,0.6081739141363757
15,2018-2019,44,1,1,0.6104436788042088
15,2018-2019,45,1,1,0.6261105874274537
15,2018-2019,46,0,1,0.6099867387036362
15,2018-2019,47,1,1,0.6483571968284908
15,2018-2019,48,1,1,0.6515508548025059
15,2018-2019,49,1,1,0.700755909603401
15,2018-2019,50,0,1,0.6889789707528715
15,2018-2019,51,1,1,0.6846861012344592
15,2018-2019,52,1,1,0.6852299090030259
15,2018-2019,53,1,1,0.6997072292353044
15,2018-2019,54,1,1,0.6852997423655671
15,2018-2019,55,0,1,0.7478768701830711
15,2018-2019,56,1,1,0.701808797319624
15,2018-2019,57,1,1,0.5800842557095366
15,2018-2019,58,0,1,0.6892262483370385
15,2018-2019,59,1,1,0.6649012932847075
15,2018-2019,60,1,1,0.6407510716330139
15,2018-2019,61,1,1,0.6721790200959735
15,2018-2019,62,1,1,0.7194432390345613
15,2018-2019,63,1,1,0.6932575131139823
15,2018-2019,64,1,1,0.7369567966976197
15,2018-2019,65,1,1,0.739088690626299
15,2018-2019,66,1,1,0.7244853033579187
15,2018-2019,67,1,1,0.7748314732068294
15,2018-2019,68,0,1,0.6914559865190691
15,2018-2019,69,1,1,0.7376756448825172
15,2018-2019,70,1,1,0.7495542080707132
15,2018-2019,71,0,1,0.6890309055704619
15,2018-2019,72,0,1,0.6268655576324001
15,2018-2019,73,1,1,0.7394074192606988
15,2018-2019,74,0,1,0.6885402015225132
15,2018-2019,75,1,1,0.7956628700792788
15,2018-2019,76,0,1,0.5170189701625696
15,2018-2019,77,1,1,0.8018012157731015
15,2018-2019,78,1,1,0.7423398361505549
15,2018-2019,79,1,1,0.7541230031106353
15,2018-2019,80,0,1,0.7851468240643406
15,2018-2019,81,0,1,0.758196280827388
15,2018-2019,82,0,0,0.47600658884031094
15,2018-2019,83,1,1,0.7285332238799958
15,2018-2019,84,0,1,0.6110559615857506
15,2018-2019,85,0,1,0.6937655519157189
15,2018-2019,86,0,0,0.48884542662119496
15,2018-2019,87,1,1,0.8037176789510614
15,2018-2019,88,0,1,0.6905802861565752
15,2018-2019,89,1,0,0.440506978982487
15,2018-2019,90,1,1,0.6558075920598853
15,2018-2019,91,0,0,0.4122815298381729
15,2018-2019,92,0,1,0.5082631062739046
15,2018-2019,93,0,0,0.42534646777814955
15,2018-2019,94,0,0,0.318699053547419
15,2018-2019,95,0,0,0.41101931076096876
15,2018-2019,96,1,1,0.6620699642453043
15,2018-2019,97,0,0,0.29348378642875134
15,2018-2019,98,0,0,0.36297829950174093
15,2018-2019,99,1,1,0.6871330234359293
15,2018-2019,100,0,1,0.5042007452138845
15,2018-2019,101,1,1,0.6195536612006345
15,2018-2019,102,0,1,0.7052454689948584
15,2018-2019,103,0,1,0.6331481593096496
15,2018-2019,104,0,0,0.3377527181895935
15,2018-2019,105,0,1,0.5905901448161338
15,2018-2019,106,1,1,0.6211692335301648
15,2018-2019,107,1,1,0.7401286003728219
15,2018-2019,108,0,1,0.6296014918546231
15,2018-2019,109,1,0,0.26591337125115533
15,2018-2019,110,1,1,0.5635308729821553
15,2018-2019,111,1,1,0.6870313083905017
15,2018-2019,112,1,1,0.7723824010379701
15,2018-2019,113,0,1,0.58221423125245
15,2018-2019,114,0,0,0.49440353894992484
15,2018-2019,115,0,1,0.7332886157000581
15,2018-2019,116,1,0,0.4679542049782108
15,2018-2019,117,1,1,0.7727912265163488
15,2018-2019,118,1,1,0.7388420328001345
15,2018-2019,119,1,0,0.47620975444911323
15,2018-2019,120,0,0,0.4720474344419217
15,2018-2019,121,1,1,0.5867450083569351
15,2018-2019,122,1,1,0.6560768468988358
15,2018-2019,123,1,0,0.4823311883402086
15,2018-2019,124,0,1,0.7820290676873329
15,2018-2019,125,0,0,0.36697269612335354
15,2018-2019,126,0,1,0.7206076310601004
15,2018-2019,127,1,0,0.47768294353280794
15,2018-2019,128,1,1,0.7267473960338107
15,2018-2019,129,1,1,0.504870724713149
15,2018-2019,130,1,1,0.7928677379556806
15,2018-2019,131,0,0,0.49689393247377567
15,2018-2019,132,1,1,0.602393861012692
15,2018-2019,133,1,0,0.4587130336571227
15,2018-2019,134,0,0,0.3846903794246285
15,2018-2019,135,1,1,0.7577664324604649
15,2018-2019,136,1,1,0.8308401223578281
15,2018-2019,137,1,1,0.57451765627563
15,2018-2019,138,0,1,0.650544397523152
15,2018-2019,139,1,1,0.6993945792541119
15,2018-2019,140,1,1,0.563681755823224
15,2018-2019,141,1,1,0.6338185618753993
15,2018-2019,142,1,1,0.8310353752836235
15,2018-2019,143,1,1,0.6381707520924133
15,2018-2019,144,1,1,0.8390973761884134
15,2018-2019,145,0,0,0.4599566432095759
15,2018-2019,146,0,1,0.7313550450606336
15,2018-2019,147,0,1,0.5458632594855568
15,2018-2019,148,1,1,0.7831478378509199
15,2018-2019,149,0,0,0.30866256046236196
15,2018-2019,150,0,0,0.42935726634722116
15,2018-2019,151,1,0,0.4063215512136063
15,2018-2019,152,0,1,0.7238449976982961
15,2018-2019,153,0,1,0.6852552329102181
15,2018-2019,154,0,1,0.6797841951844497
15,2018-2019,155,1,1,0.7242618786454825
15,2018-2019,156,1,1,0.7341786747427366
15,2018-2019,157,1,1,0.7861932951316888
15,2018-2019,158,0,1,0.7074742099046147
15,2018-2019,159,1,1,0.6075025670518915
15,2018-2019,160,1,1,0.7908939443335696
15,2018-2019,161,0,1,0.6264657913345928
15,2018-2019,162,1,1,0.81367407937767
15,2018-2019,163,1,1,0.7432104879587589
15,2018-2019,164,1,1,0.7334953128877746
15,2018-2019,165,1,1,0.8046410486953638
15,2018-2019,166,0,1,0.7317576327687819
15,2018-2019,167,0,0,0.40835695978098246
15,2018-2019,168,1,0,0.3618689656317124
15,2018-2019,169,0,1,0.6520427717442693
15,2018-2019,170,1,0,0.37545686592137667
15,2018-2019,171,1,1,0.7202971630707655
15,2018-2019,172,1,0,0.29772848873775126
15,2018-2019,173,1,1,0.6336275704781628
15,2018-2019,174,1,1,0.7401274034228069
15,2018-2019,175,1,1,0.7556159614561995
15,2018-2019,176,0,1,0.6699412370350203
15,2018-2019,177,1,1,0.7430345567247778
15,2018-2019,178,1,1,0.6520524312716297
15,2018-2019,179,0,0,0.44592721027213117
15,2018-2019,180,0,1,0.501949396920298
15,2018-2019,181,0,1,0.6388737830400473
15,2018-2019,182,1,1,0.766428163705722
15,2018-2019,183,1,1,0.5861025871548073
15,2018-2019,184,1,1,0.7347070992418336
15,2018-2019,185,1,1,0.8015227037310318
15,2018-2019,186,1,1,0.652922360489105
15,2018-2019,187,1,1,0.7966127858964765
15,2018-2019,188,1,1,0.7856108377018765
15,2018-2019,189,1,1,0.8088857670922821
15,2018-2019,190,1,1,0.7454615459218419
15,2018-2019,191,0,1,0.7842916736141786
15,2018-2019,192,0,0,0.38221087559959155
15,2018-2019,193,0,1,0.6084487768990987
15,2018-2019,194,1,1,0.7108602556157736
15,2018-2019,195,1,1,0.8053036510973742
15,2018-2019,196,1,1,0.8054489455891718
15,2018-2019,197,0,1,0.8329473811803052
15,2018-2019,198,0,0,0.2949621412220313
15,2018-2019,199,1,0,0.40186938661648647
15,2018-2019,200,1,1,0.668315622785862
15,2018-2019,201,1,1,0.7590054291926668
15,2018-2019,202,1,1,0.7121814452160197
15,2019-2020,16,0,0,0.3402799480141757
15,2019-2020,17,1,0,0.3103227021398868
15,2019-2020,18,1,0,0.35497307131249733
15,2019-2020,19,1,0,0.4146376419757106
15,2019-2020,20,0,0,0.4321059515063504
15,2019-2020,21,1,0,0.41769201981418214
15,2019-2020,22,1,0,0.4425294914544478
15,2019-2020,23,0,0,0.4434289740184457
15,2019-2020,24,0,0,0.44514499550677145
15,2019-2020,25,0,0,0.45798590491085134
15,2019-2020,26,0,0,0.4667986341079642
15,2019-2020,27,0,0,0.38267726732926377
15,2019-2020,28,1,0,0.37823938872897045
15,2019-2020,29,0,0,0.3825973294984428
15,2019-2020,30,0,0,0.38363500705758286
15,2019-2020,31,1,0,0.3463983225339373
15,2019-2020,32,1,0,0.3874047178409489
15,2019-2020,33,1,0,0.41797954656730807
15,2019-2020,34,1,0,0.47669869260128545
15,2019-2020,35,0,0,0.3429502319123999
15,2019-2020,36,1,1,0.5088583182439316
15,2019-2020,37,0,0,0.4036782750933124
15,2019-2020,38,0,0,0.34543969615161096
15,2019-2020,39,1,0,0.4443309047019866
15,2019-2020,40,0,1,0.6161157097455218
15,2019-2020,41,0,0,0.4204824270697171
15,2019-2020,42,1,0,0.38060439338802543
15,2019-2020,43,0,0,0.44637734912944166
15,2019-2020,44,1,1,0.5615801304911943
15,2019-2020,45,1,0,0.40827549128088697
15,2019-2020,46,1,0,0.38474805258443123
15,2019-2020,47,0,0,0.3231710763837915
15,2019-2020,48,1,1,0.5871966362516328
15,2019-2020,49,0,1,0.5715815371622522
15,2019-2020,50,0,0,0.2826874734856976
15,2019-2020,51,0,1,0.6023543713517889
15,2019-2020,52,0,0,0.3453179174084483
15,2019-2020,53,0,0,0.383388478883027
15,2019-2020,54,0,0,0.2646010094219822
15,2019-2020,55,1,1,0.5024907218020098
15,2019-2020,56,0,0,0.2828198935032537
15,2019-2020,57,1,0,0.44543064424653805
15,2019-2020,58,1,0,0.452263910175929
15,2019-2020,59,0,0,0.3928873613101749
15,2019-2020,60,1,0,0.43043583198611757
15,2019-2020,61,1,0,0.4833833145564678
15,2019-2020,62,0,0,0.2258601275817461
15,2019-2020,63,1,1,0.599060630474866
15,2019-2020,64,0,1,0.6170424024962962
15,2019-2020,65,0,0,0.4825096551876541
15,2019-2020,66,1,0,0.34928252775631824
15,2019-2020,67,1,0,0.47413685524166455
15,2019-2020,68,1,1,0.6385550209486455
15,2019-2020,69,0,0,0.4363429073150302
15,2019-2020,70,0,1,0.6235606583188409
15,2019-2020,71,1,1,0.5238396380804098
15,2019-2020,72,0,0,0.3010881513110152
15,2019-2020,73,1,0,0.45192181817608235
15,2019-2020,74,0,0,0.4055060668683586
15,2019-2020,75,0,1,0.5168500429684222
15,2019-2020,76,1,0,0.303831712160237
15,2019-2020,77,1,1,0.6048999611994335
15,2019-2020,78,0,0,0.251885706739276
15,2019-2020,79,0,0,0.4040728348559259
15,2019-2020,80,0,1,0.6394147528203215
15,2019-2020,81,0,0,0.3312471010879042
15,2019-2020,82,1,0,0.3636681592436039
15,2019-2020,83,1,0,0.4133099298994231
15,2019-2020,84,0,0,0.3568625653244063
15,2019-2020,85,1,0,0.3188579121714442
15,2019-2020,86,0,0,0.35060389922346097
15,2019-2020,87,0,0,0.4850978574400372
15,2019-2020,88,1,1,0.5518849345651061
15,2019-2020,89,0,0,0.3260207884294617
15,2019-2020,90,0,0,0.47275673741890517
15,2019-2020,91,1,1,0.5013338145985925
15,2019-2020,92,0,1,0.5956823286840165
15,2019-2020,93,1,0,0.3138340755567115
15,2019-2020,94,1,0,0.34759043987113225
15,2019-2020,95,0,1,0.5313371180923064
15,2019-2020,96,1,0,0.49615919521297414
15,2019-2020,97,0,0,0.46259881987634294
15,2019-2020,98,0,1,0.5485151209172833
15,2019-2020,99,0,0,0.45301413455898015
15,2019-2020,100,0,0,0.347805641878931
15,2019-2020,101,0,0,0.3386081941322978
15,2019-2020,102,1,1,0.5958358341502326
15,2019-2020,103,1,1,0.6336640326942734
15,2019-2020,104,1,1,0.5253707226999247
15,2019-2020,105,1,1,0.5452996069743316
15,2019-2020,106,1,0,0.4067526858816849
15,2019-2020,107,1,0,0.34359387295504895
15,2019-2020,108,1,1,0.5927624870302995
15,2019-2020,109,0,0,0.44890499534139466
15,2019-2020,110,1,1,0.6658077694445755
15,2019-2020,111,1,0,0.4591315355091744
15,2019-2020,112,0,1,0.5525530122480423
15,2019-2020,113,0,0,0.35586174951347954
15,2019-2020,114,1,1,0.5685778336438381
15,2019-2020,115,0,0,0.4012205069212031
15,2019-2020,116,0,0,0.3612068591671385
15,2019-2020,117,1,1,0.5707126703578956
15,2019-2020,118,1,0,0.39836553715322
15,2019-2020,119,0,0,0.38810551153915485
15,2019-2020,120,1,1,0.6106512927966096
15,2019-2020,121,1,1,0.5809877362106057
15,2019-2020,122,0,0,0.3887215657197827
15,2019-2020,123,1,0,0.2577925745980521
15,2019-2020,124,0,0,0.4089792957043361
15,2019-2020,125,1,1,0.670466943045368
15,2019-2020,126,1,0,0.4705070269289167
15,2019-2020,127,0,0,0.42162742022860605
15,2019-2020,128,1,0,0.3083770801540271
15,2019-2020,129,1,0,0.42333156731509025
15,2019-2020,130,0,0,0.43334614235250324
15,2019-2020,131,0,1,0.6264265062870313
15,2019-2020,132,1,0,0.45210624676039574
15,2019-2020,133,0,1,0.625840572239918
15,2019-2020,134,1,1,0.536547431177836
15,2019-2020,135,1,0,0.44652562497773335
15,2019-2020,136,1,1,0.5714146515141257
15,2019-2020,137,1,1,0.6824725908512305
15,2019-2020,138,0,0,0.30041048052012065
15,2019-2020,139,1,1,0.6440236087483354
15,2019-2020,140,1,0,0.45585554474035717
15,2019-2020,141,1,1,0.5267125830049469
15,2019-2020,142,0,0,0.3616903441780483
15,2019-2020,143,0,0,0.32835545629934476
15,2019-2020,144,1,1,0.5381087039429002
15,2019-2020,145,1,1,0.7085643443621439
15,2019-2020,146,0,0,0.2818606579722401
15,2019-2020,147,0,1,0.5155785920746667
15,2019-2020,148,0,1,0.5690568818046466
15,2019-2020,149,0,0,0.3810009954927615
15,2019-2020,150,0,0,0.4044546849425329
15,2019-2020,151,1,1,0.5936466317939336
15,2019-2020,152,1,0,0.46008426525437324
15,2019-2020,153,0,1,0.7106321481659269
15,2019-2020,154,1,0,0.4655065238287649
15,2019-2020,155,0,0,0.40277715750882004
15,2019-2020,156,0,1,0.5146962618351663
15,2019-2020,157,0,0,0.22233422187077082
15,2019-2020,158,0,0,0.3516533269308527
15,2019-2020,159,0,1,0.6190195107650264
15,2019-2020,160,1,0,0.44901648951021
15,2019-2020,161,1,0,0.266028359249315
15,2019-2020,162,1,0,0.4705914181441574
15,2019-2020,163,1,1,0.6192323750908609
15,2019-2020,164,1,0,0.3733849380933659
15,2019-2020,165,1,1,0.653519927754084
15,2019-2020,166,0,0,0.4627062715536239
15,2019-2020,167,1,1,0.6790952970857056
15,2019-2020,168,1,1,0.5939735680863595
15,2019-2020,169,1,1,0.6640709854350375
15,2019-2020,170,0,0,0.45418457860838235
15,2019-2020,171,1,1,0.7343422579409069
15,2019-2020,172,1,1,0.7946669749802004
15,2019-2020,173,0,1,0.5883450537820084
15,2019-2020,174,1,1,0.7286942872551283
15,2019-2020,175,0,1,0.6448577412487942
15,2019-2020,176,0,0,0.445870110527034
15,2019-2020,177,1,1,0.6715261789764634
15,2019-2020,178,1,0,0.44062918728626693
15,2019-2020,179,1,0,0.2896652185466164
15,2019-2020,180,1,1,0.7562555766355614
15,2019-2020,181,0,1,0.5453605892292311
15,2019-2020,182,1,1,0.7037583507622305
15,2019-2020,183,1,1,0.5813276250324221
15,2019-2020,184,0,0,0.34161871695796214
15,2019-2020,185,1,1,0.678849919757659
15,2019-2020,186,1,1,0.5255017059942761
15,2019-2020,187,0,1,0.5566345651690592
15,2019-2020,188,1,1,0.5287032685676707
15,2019-2020,189,1,1,0.8119027992920137
15,2019-2020,190,0,1,0.713037467183189
15,2019-2020,191,1,1,0.6448430189710302
15,2020-2021,16,1,1,0.61974722665715
15,2020-2021,17,1,1,0.6097796585532963
15,2020-2021,18,0,1,0.6257106675529146
15,2020-2021,19,1,1,0.6425078625667663
15,2020-2021,20,0,1,0.6668217625459751
15,2020-2021,21,1,1,0.6107390885733829
15,2020-2021,22,1,1,0.6437150002256088
15,2020-2021,23,0,1,0.6685464129689906
15,2020-2021,24,0,1,0.6098402016990869
15,2020-2021,25,1,1,0.5860908557183088
15,2020-2021,26,1,1,0.6266060775794654
15,2020-2021,27,0,1,0.5644133211087203
15,2020-2021,28,0,1,0.5017884335053456
15,2020-2021,29,1,1,0.6185351076324784
15,2020-2021,30,0,0,0.410300933069074
15,2020-2021,31,1,1,0.6091422468376081
15,2020-2021,32,1,1,0.6160825708874749
15,2020-2021,33,0,1,0.6212235457283769
15,2020-2021,34,1,1,0.5964673930282106
15,2020-2021,35,0,0,0.39625619443101767
15,2020-2021,36,1,1,0.5582031486987084
15,2020-2021,37,1,1,0.6333322838955595
15,2020-2021,38,1,1,0.6096010131554277
15,2020-2021,39,1,1,0.7812705620965602
15,2020-2021,40,0,0,0.45258159103402595
15,2020-2021,41,1,1,0.6028865213752423
15,2020-2021,42,1,1,0.8052148686420818
15,2020-2021,43,1,1,0.7344634083429213
15,2020-2021,44,1,1,0.6507645852674235
15,2020-2021,45,1,1,0.8111362688575189
15,2020-2021,46,1,0,0.42186223108081067
15,2020-2021,47,1,1,0.8198481239386319
15,2020-2021,48,1,1,0.5883089505124797
15,2020-2021,49,1,1,0.8277596976174444
15,2020-2021,50,0,0,0.4228321765177656
15,2020-2021,51,0,1,0.8181355784190014
15,2020-2021,52,1,1,0.8032904893699074
15,2020-2021,53,0,1,0.8680449417369919
15,2020-2021,54,1,1,0.7659462167385868
15,2020-2021,55,0,0,0.35392361523891036
15,2020-2021,56,0,1,0.5940083880679471
15,2020-2021,57,1,1,0.8025926012597399
15,2020-2021,58,0,1,0.576996566270683
15,2020-2021,59,1,1,0.8221226453603832
15,2020-2021,60,0,1,0.5591641743231105
15,2020-2021,61,1,1,0.7800383609805736
15,2020-2021,62,0,0,0.3621555978069517
15,2020-2021,63,1,1,0.5930279863877542
15,2020-2021,64,1,0,0.4836411800857498
15,2020-2021,65,1,1,0.7804575265655743
15,2020-2021,66,0,1,0.7995727194247135
15,2020-2021,67,0,0,0.31082404893718907
15,2020-2021,68,0,1,0.6303567207449563
15,2020-2021,69,0,0,0.361741420754615
15,2020-2021,70,1,1,0.8138789066009979
15,2020-2021,71,1,1,0.8166698547059369
15,2020-2021,72,1,1,0.7868720105924671
15,2020-2021,73,1,0,0.438662595133981
15,2020-2021,74,1,1,0.8618729080452754
15,2020-2021,75,0,1,0.8672962438006993
15,2020-2021,76,1,1,0.6709875367112753
15,2020-2021,77,1,0,0.43052257944441824
15,2020-2021,78,1,1,0.7236150879501374
15,2020-2021,79,1,1,0.6087459303128956
15,2020-2021,80,1,1,0.7088088556253209
15,2020-2021,81,1,1,0.7765761808319445
15,2020-2021,82,1,0,0.3107319583736371
15,2020-2021,83,0,1,0.8133455595506992
15,2020-2021,84,1,1,0.8194298417418985
15,2020-2021,85,0,1,0.762087039553656
15,2020-2021,86,1,1,0.7310056447397676
15,2020-2021,87,0,1,0.6399249524989856
15,2020-2021,88,1,1,0.7792923041542564
15,2020-2021,89,1,1,0.5676378798133221
15,2020-2021,90,1,1,0.6968278962912854
15,2020-2021,91,1,1,0.7613992686799899
15,2020-2021,92,1,1,0.6816869750737187
15,2020-2021,93,1,1,0.8123940139558065
15,2020-2021,94,0,1,0.7915182051669853
15,2020-2021,95,0,1,0.7968356313573361
15,2020-2021,96,0,1,0.6513565093954584
15,2020-2021,97,1,1,0.7077528464920568
15,2020-2021,98,1,1,0.7720959188683139
15,2020-2021,99,0,0,0.45892758157166935
15,2020-2021,100,0,1,0.5139750404872543
15,2020-2021,101,1,1,0.7308022942025424
15,2020-2021,102,0,1,0.5047498194331891
15,2020-2021,103,0,1,0.6136453098247565
15,2020-2021,104,1,1,0.7788645471574992
15,2020-2021,105,0,1,0.7877976854733328
15,2020-2021,106,1,1,0.6119959638864454
15,2020-2021,107,1,1,0.5993835573153538
15,2020-2021,108,0,0,0.4983996985950198
15,2020-2021,109,0,0,0.34862203973669403
15,2020-2021,110,1,1,0.790171699287862
15,2020-2021,111,0,0,0.35417441829001756
15,2020-2021,112,1,0,0.3499735697804958
15,2020-2021,113,1,1,0.7735930219568194
15,2020-2021,114,0,1,0.7472593297320246
15,2020-2021,115,1,1,0.5785553443285365
15,2020-2021,116,0,0,0.30422013723087776
15,2020-2021,117,0,1,0.5302568192064723
15,2020-2021,118,1,1,0.7356859387583663
15,2020-2021,119,1,1,0.5715920167592068
15,2020-2021,120,0,1,0.5605542987290115
15,2020-2021,121,1,1,0.7908754163224523
15,2020-2021,122,1,0,0.49253134131432075
15,2020-2021,123,0,0,0.44922282939842273
15,2020-2021,124,0,1,0.7627397436992327
15,2020-2021,125,0,1,0.7326475420298847
15,2020-2021,126,0,1,0.580382907242576
15,2020-2021,127,1,1,0.7199379318761484
15,2020-2021,128,0,0,0.38587213982276886
15,2020-2021,129,1,0,0.4456837435925255
15,2020-2021,130,1,1,0.6894031264404262
15,2020-2021,131,0,1,0.587366449233182
15,2020-2021,132,1,1,0.6970810142966775
15,2020-2021,133,1,1,0.8030810903359495
15,2020-2021,134,1,1,0.7270927321271823
15,2020-2021,135,0,1,0.736494799699842
15,2020-2021,136,0,1,0.6271021607042635
15,2020-2021,137,1,0,0.3892956784467708
15,2020-2021,138,1,1,0.5488115891885624
15,2020-2021,139,1,1,0.7814589414223294
15,2020-2021,140,1,0,0.3357547926763549
15,2020-2021,141,0,1,0.6123688412335894
15,2020-2021,142,0,1,0.5050679349941178
15,2020-2021,143,0,0,0.3654577080884214
15,2020-2021,144,1,1,0.7499242690086236
15,2020-2021,145,1,1,0.6430677974886005
15,2020-2021,146,0,1,0.6113313434130245
15,2020-2021,147,1,1,0.6367519710128381
15,2020-2021,148,0,0,0.3132152741351495
15,2020-2021,149,0,0,0.3302592713284754
15,2020-2021,150,1,1,0.6552347998766754
15,2020-2021,151,0,1,0.6708745091690452
15,2020-2021,152,0,0,0.46426225935517035
15,2020-2021,153,1,1,0.6887117999835507
15,2020-2021,154,0,1,0.5756867573277025
15,2020-2021,155,0,0,0.31931504768187907
15,2020-2021,156,0,0,0.4305286744358465
15,2020-2021,157,0,0,0.3582560848391694
15,2020-2021,158,1,1,0.5740404412590505
15,2020-2021,159,0,1,0.7415267959121478
15,2020-2021,160,1,1,0.6475539493148562
15,2020-2021,161,0,1,0.5270885243371984
15,2020-2021,162,1,1,0.523310413672796
15,2020-2021,163,0,0,0.37781704386522164
15,2020-2021,164,1,1,0.5941429650786808
15,2020-2021,165,1,1,0.6837281647680885
15,2020-2021,166,1,1,0.5688839508609972
15,2020-2021,167,0,0,0.38268551188916133
15,2020-2021,168,0,1,0.7752463774210906
15,2020-2021,169,1,0,0.36049301233945225
15,2020-2021,170,1,1,0.6892547230522547
15,2020-2021,171,0,0,0.49199112108829585
15,2020-2021,172,0,1,0.5962476599354117
15,2020-2021,173,0,0,0.35920349706330595
15,2020-2021,174,1,1,0.7606207175491633
15,2020-2021,175,0,1,0.5991815222865627
15,2020-2021,176,0,1,0.5583394243587854
15,2020-2021,177,1,1,0.6300756901311225
15,2020-2021,178,1,1,0.6902051078458894
15,2020-2021,179,1,1,0.6112342280576407
15,2020-2021,180,1,1,0.6063112384290527
15,2020-2021,181,1,1,0.6846594011206512
15,2020-2021,182,0,0,0.39125506572219493
15,2020-2021,183,1,1,0.6966590506281227
15,2020-2021,184,0,0,0.40491615687152743
15,2020-2021,185,1,1,0.6725585795469845
15,2020-2021,186,1,1,0.7155470495750368
15,2020-2021,187,1,1,0.809538466057571
15,2020-2021,188,0,0,0.2846248026150675
15,2020-2021,189,0,1,0.5210108311479579
15,2020-2021,190,0,0,0.2612492167415528
15,2020-2021,191,1,1,0.6260966990949318
15,2020-2021,192,1,1,0.7011668052497536
15,2020-2021,193,1,1,0.7732884219377075
15,2020-2021,194,0,0,0.32394766423224264
15,2020-2021,195,1,1,0.6930150896496482
15,2020-2021,196,0,1,0.507108521328369
15,2020-2021,197,1,0,0.33028858035474046
15,2020-2021,198,1,1,0.706925905568286
15,2020-2021,199,1,0,0.4326787298346503
15,2020-2021,200,0,0,0.49393353212360697
15,2020-2021,201,1,1,0.8091131850961858
15,2020-2021,202,1,0,0.3364986768570566
15,2020-2021,203,1,1,0.7799856091837359
15,2020-2021,204,1,1,0.7634710748312424
15,2020-2021,205,1,1,0.730152176681018
15,2020-2021,206,0,0,0.23781519324959277
15,2020-2021,207,1,1,0.7883482935584066
15,2020-2021,208,0,0,0.20597919477107102
15,2020-2021,209,1,0,0.425923194272547
15,2020-2021,210,0,1,0.653363996699784
15,2020-2021,211,1,1,0.8487893692453267
15,2020-2021,212,0,0,0.26562792462509105
15,2020-2021,213,1,1,0.7492732223183932
15,2020-2021,214,0,1,0.6379922752028756
15,2020-2021,215,0,0,0.2979614553551826
15,2020-2021,216,0,1,0.7694376471035801
15,2020-2021,217,1,1,0.6655679085266271
15,2020-2021,218,0,1,0.6778586948042139
15,2020-2021,219,0,1,0.7189997624810051
15,2020-2021,220,0,0,0.34207240503965297
15,2020-2021,221,1,0,0.4143039538953402
15,2020-2021,222,1,1,0.6998273898687827
15,2020-2021,223,0,0,0.32136881687824215
15,2020-2021,224,0,0,0.37100618620195935
15,2020-2021,225,0,0,0.4693801790441562
15,2020-2021,226,0,0,0.36866096997597464
15,2020-2021,227,0,0,0.4222091769026093
15,2020-2021,228,1,1,0.5728550599009636
15,2020-2021,229,0,1,0.6156387797381818
15,2020-2021,230,1,1,0.7936131865252601
15,2020-2021,231,1,1,0.7903743366088034
15,2020-2021,232,1,0,0.4544731359331081
15,2020-2021,233,0,0,0.22774895376757462
15,2020-2021,234,0,1,0.5338002330575007
15,2020-2021,235,0,0,0.2920484252309331
15,2020-2021,236,0,1,0.5950093478636965
15,2020-2021,237,0,0,0.45611340700029446
15,2020-2021,238,1,1,0.7734238897772793
15,2020-2021,239,1,1,0.6435054434111561
15,2020-2021,240,0,0,0.4202770255289208
15,2020-2021,241,1,0,0.33944039102239804
15,2020-2021,242,1,0,0.3232123489225787
15,2020-2021,243,0,0,0.2645150140103641
15,2020-2021,244,1,1,0.7940674637779053
15,2020-2021,245,1,1,0.7055020893517198
15,2020-2021,246,0,0,0.18875175762996949
15,2020-2021,247,0,0,0.16566135806485482
15,2020-2021,248,1,1,0.7591387194693299
15,2020-2021,249,1,1,0.6252059046991317
15,2020-2021,250,0,0,0.49931299326588996
15,2021-2022,16,0,0,0.47783447526000933
15,2021-2022,17,1,1,0.5110134844427286
15,2021-2022,18,0,1,0.5121426456476694
15,2021-2022,19,0,0,0.4552813956351674
15,2021-2022,20,1,0,0.4278975556882496
15,2021-2022,21,1,1,0.6265648620254753
15,2021-2022,22,0,1,0.6718414148953998
15,2021-2022,23,1,1,0.5032268983550093
15,2021-2022,24,1,0,0.45880376739673323
15,2021-2022,25,0,1,0.5587385947687038
15,2021-2022,26,0,1,0.5148164137119892
15,2021-2022,27,1,1,0.5773486279820784
15,2021-2022,28,1,1,0.6038916068841129
15,2021-2022,29,1,1,0.6654469139572998
15,2021-2022,30,0,1,0.5993602021393887
15,2021-2022,31,0,0,0.44398374223689063
15,2021-2022,32,0,1,0.5460819278759029
15,2021-2022,33,1,1,0.5482975214715853
15,2021-2022,34,1,0,0.4442425936979614
15,2021-2022,35,1,1,0.6657447696697667
15,2021-2022,36,1,1,0.5746599870618434
15,2021-2022,37,1,1,0.7139007382218373
15,2021-2022,38,1,1,0.7485306057894344
15,2021-2022,39,0,1,0.6673589682267504
15,2021-2022,40,1,1,0.7122929661415731
15,2021-2022,41,1,1,0.7608991623704066
15,2021-2022,42,0,1,0.559140919572287
15,2021-2022,43,1,1,0.7002762415930627
15,2021-2022,44,0,1,0.7187598747320202
15,2021-2022,45,1,1,0.7637711454184886
15,2021-2022,46,0,1,0.6494507497387602
15,2021-2022,47,0,1,0.6115321192045431
15,2021-2022,48,1,0,0.4843096957860834
15,2021-2022,49,1,1,0.5905250452351354
15,2021-2022,50,0,1,0.6176635891975892
15,2021-2022,51,1,1,0.5787579399105703
15,2021-2022,52,1,1,0.673165403559554
15,2021-2022,53,0,1,0.5340665468739203
15,2021-2022,54,1,1,0.6784507031048617
15,2021-2022,55,1,0,0.35750176783274973
15,2021-2022,56,0,1,0.6212073634655231
15,2021-2022,57,0,1,0.6677567437353542
15,2021-2022,58,1,1,0.6001657582337168
15,2021-2022,59,0,1,0.5349284248348707
15,2021-2022,60,0,1,0.5074583590007441
15,2021-2022,61,1,1,0.6228543129813439
15,2021-2022,62,0,1,0.5883705849679388
15,2021-2022,63,1,1,0.6352031734331571
15,2021-2022,64,0,0,0.4555693547171866
15,2021-2022,65,0,1,0.5213652289232257
15,2021-2022,66,0,0,0.42891872040086154
15,2021-2022,67,1,1,0.6742486629504716
15,2021-2022,68,1,1,0.5522455320981271
15,2021-2022,69,0,0,0.4303078836824863
15,2021-2022,70,1,1,0.6188518079304132
15,2021-2022,71,1,1,0.5809419874825549
15,2021-2022,72,1,1,0.5901240223572567
15,2021-2022,73,0,1,0.6403331528706786
15,2021-2022,74,0,1,0.5677942288130151
15,2021-2022,75,1,1,0.585242322153739
15,2021-2022,76,1,1,0.5757932733571899
15,2021-2022,77,1,1,0.5030606295285461
15,2021-2022,78,1,1,0.6946116554252242
15,2021-2022,79,1,1,0.7080936498773325
15,2021-2022,80,1,1,0.5656507242250705
15,2021-2022,81,0,0,0.32761305286622244
15,2021-2022,82,1,0,0.33172467269048683
15,2021-2022,83,1,1,0.7474253986980973
15,2021-2022,84,1,1,0.6845689991664425
15,2021-2022,85,1,1,0.7496431416179469
15,2021-2022,86,1,1,0.6809340268426647
15,2021-2022,87,0,1,0.6332831803684306
15,2021-2022,88,1,1,0.7500848602478987
15,2021-2022,89,1,1,0.7922970326145143
15,2021-2022,90,1,1,0.8296693299406878
15,2021-2022,91,0,1,0.7162798589060981
15,2021-2022,92,0,0,0.4167956633486166
15,2021-2022,93,1,1,0.60450714562009
15,2021-2022,94,1,1,0.8152100178488356
15,2021-2022,95,1,1,0.7710987818808595
15,2021-2022,96,1,1,0.711283393822499
15,2021-2022,97,0,0,0.42574999081866194
15,2021-2022,98,0,1,0.7473824100421004
15,2021-2022,99,0,0,0.3108353476466574
15,2021-2022,100,1,1,0.629207793581304
15,2021-2022,101,0,0,0.2567246596286412
15,2021-2022,102,0,1,0.8185463787989339
15,2021-2022,103,1,1,0.7439502173866084
15,2021-2022,104,1,1,0.6546357187646051
15,2021-2022,105,1,1,0.7024886965084458
15,2021-2022,106,0,0,0.3768387942237303
15,2021-2022,107,0,1,0.6276411613910639
15,2021-2022,108,1,1,0.7588112575800833
15,2021-2022,109,1,1,0.707168908407549
15,2021-2022,110,1,0,0.4123303275225847
15,2021-2022,111,1,0,0.3976041900770579
15,2021-2022,112,0,1,0.7354938873569212
15,2021-2022,113,1,1,0.7591823958129349
15,2021-2022,114,1,1,0.7285984199175713
15,2021-2022,115,1,0,0.3741958537868264
15,2021-2022,116,0,1,0.528117052109904
15,2021-2022,117,1,1,0.6607470219752843
15,2021-2022,118,1,1,0.6786830504495136
15,2021-2022,119,1,1,0.7954080971643465
15,2021-2022,120,1,1,0.7028076404054703
15,2021-2022,121,0,0,0.2904430923633956
15,2021-2022,122,1,0,0.47734466377952195
15,2021-2022,123,1,1,0.7850248006544398
15,2021-2022,124,0,1,0.7098625399176623
15,2021-2022,125,1,1,0.5795182327947896
15,2021-2022,126,1,1,0.8138265430845416
15,2021-2022,127,0,1,0.6448352405149098
15,2021-2022,128,1,1,0.8457781333709566
15,2021-2022,129,1,0,0.23803296869154264
15,2021-2022,130,1,1,0.6209615473005582
15,2021-2022,131,0,1,0.7055615080129055
15,2021-2022,132,1,1,0.7474302141929792
15,2021-2022,133,1,1,0.8023029441313564
15,2021-2022,134,1,1,0.6927063421589733
15,2021-2022,135,1,1,0.7093831338657833
15,2021-2022,136,1,1,0.775548356019278
15,2021-2022,137,1,1,0.6993758149039377
15,2021-2022,138,0,0,0.4313450688786653
15,2021-2022,139,0,0,0.4255428632085863
15,2021-2022,140,1,1,0.7363512505399751
15,2021-2022,141,1,1,0.5761515562554
15,2021-2022,142,1,1,0.8087304116488621
15,2021-2022,143,0,0,0.3301764650427047
15,2021-2022,144,1,1,0.7953683273117248
15,2021-2022,145,1,0,0.40686402933370164
15,2021-2022,146,0,0,0.4007965022781789
15,2021-2022,147,1,1,0.8385776054955204
15,2021-2022,148,0,1,0.5850561903993082
15,2021-2022,149,0,0,0.3510422313422096
15,2021-2022,150,1,1,0.7944570432494099
15,2021-2022,151,1,1,0.556342368888997
15,2021-2022,152,1,1,0.6763677075083572
15,2021-2022,153,1,1,0.755782856320995
15,2021-2022,154,1,1,0.6604566525329695
15,2021-2022,155,0,1,0.7239962157545626
15,2021-2022,156,0,1,0.7369561484606929
15,2021-2022,157,1,1,0.8443199578020755
15,2021-2022,158,1,1,0.7270494635539085
15,2021-2022,159,1,1,0.8532098663575258
15,2021-2022,160,1,0,0.47953080049202945
15,2021-2022,161,1,1,0.8458298273841753
15,2021-2022,162,1,1,0.834211161447183
15,2021-2022,163,0,1,0.6301936347952515
15,2021-2022,164,1,1,0.6807458954965087
15,2021-2022,165,1,1,0.7269567211776115
15,2021-2022,166,1,1,0.6783811646689176
15,2021-2022,167,1,1,0.5536107873770872
15,2021-2022,168,1,1,0.7823327146587478
15,2021-2022,169,0,1,0.714930743362025
15,2021-2022,170,0,0,0.391759952273132
15,2021-2022,171,1,1,0.7213149853532098
15,2021-2022,172,0,1,0.7409369239217215
15,2021-2022,173,1,1,0.5833135156676565
15,2021-2022,174,1,1,0.7421480789467999
15,2021-2022,175,0,1,0.6086926578348946
15,2021-2022,176,0,1,0.788057920410192
15,2021-2022,177,1,1,0.8093211159431716
15,2021-2022,178,1,1,0.8469435268756873
15,2021-2022,179,1,1,0.8580813622604756
15,2021-2022,180,0,1,0.7261675524617642
15,2021-2022,181,1,1,0.7330554143346851
15,2021-2022,182,0,1,0.6254628074052583
15,2021-2022,183,1,1,0.8180853163616846
15,2021-2022,184,1,1,0.8596508253348528
15,2021-2022,185,1,1,0.6417115374750431
15,2021-2022,186,1,1,0.7567622236390604
15,2021-2022,187,0,0,0.3769872357524347
15,2021-2022,188,0,1,0.6767852226002842
15,2021-2022,189,1,1,0.6011011499575504
15,2021-2022,190,0,0,0.37245602101880165
15,2021-2022,191,1,1,0.8703301177857609
15,2021-2022,192,0,1,0.5312890148944026
15,2021-2022,193,1,1,0.8691263438605327
15,2021-2022,194,1,1,0.7142439022740932
15,2021-2022,195,0,0,0.2883268859225089
15,2021-2022,196,1,1,0.8745656582401053
15,2021-2022,197,1,1,0.708968591970595
15,2021-2022,198,1,1,0.8008560629115866
15,2021-2022,199,0,1,0.5936467727903644
15,2021-2022,200,1,0,0.46369481114473454
15,2021-2022,201,0,1,0.555066412825649
15,2021-2022,202,0,1,0.730538643014503
15,2021-2022,203,0,0,0.4220840294905278
15,2021-2022,204,0,1,0.6124625729032368
15,2021-2022,205,1,0,0.21316592090359093
15,2021-2022,206,0,0,0.3057012226632975
15,2021-2022,207,1,1,0.8647361106497279
15,2021-2022,208,1,1,0.8594668383458235
15,2021-2022,209,0,0,0.3255154048359408
15,2021-2022,210,1,1,0.8797218945826013
15,2021-2022,211,1,1,0.8254987524711408
15,2021-2022,212,1,1,0.6122293717249186
15,2021-2022,213,0,1,0.6589087406049248
15,2021-2022,214,1,1,0.5270288923145026
15,2021-2022,215,1,1,0.8636137897448469
15,2021-2022,216,0,0,0.26824231607193505
15,2021-2022,217,0,1,0.5106108139432102
15,2021-2022,218,0,0,0.2805837109822609
15,2021-2022,219,1,1,0.5171075806024104
15,2021-2022,220,1,0,0.18495107464433214
15,2021-2022,221,0,0,0.3008177651340905
15,2021-2022,222,1,1,0.6884081003488627
15,2021-2022,223,0,1,0.6966285039930179
15,2021-2022,224,1,1,0.8242218779514003
15,2021-2022,225,1,1,0.7101740824383418
15,2021-2022,226,0,1,0.5436610800321781
15,2021-2022,227,1,1,0.6815796609255546
15,2021-2022,228,1,1,0.6536524733592116
15,2021-2022,229,0,1,0.5751818034770201
15,2021-2022,230,0,1,0.670067363367793
15,2021-2022,231,1,1,0.8599767087079709
15,2021-2022,232,1,1,0.6610719692870733
15,2021-2022,233,1,1,0.6900031167489358
15,2021-2022,234,1,1,0.7472125944264771
15,2021-2022,235,1,1,0.5444075121584522
15,2021-2022,236,1,1,0.881561830460457
15,2021-2022,237,0,1,0.7813274866708694
15,2021-2022,238,0,1,0.5362822989749191
15,2021-2022,239,1,1,0.600903329856226
15,2021-2022,240,0,1,0.7712259870195814
15,2021-2022,241,1,1,0.5429123182423883
15,2021-2022,242,0,1,0.5590274652343453
15,2021-2022,243,0,1,0.7683845557183139
15,2021-2022,244,1,1,0.8351857423053172
15,2021-2022,245,0,1,0.5936188654750507
15,2021-2022,246,0,1,0.6183549221621323
15,2021-2022,247,0,1,0.524317145653362
15,2021-2022,248,1,0,0.42699772141416775
15,2021-2022,249,0,0,0.4799283603442148
15,2021-2022,250,1,1,0.7291121852900093
15,2021-2022,251,1,0,0.3774032499390412
15,2021-2022,252,0,1,0.6521769376331364
15,2021-2022,253,0,0,0.4715178619463037
15,2021-2022,254,1,0,0.3638901489276337
15,2021-2022,255,1,1,0.8224475294504249
15,2021-2022,256,0,0,0.46028313690970335
15,2021-2022,257,1,0,0.3568738515286022
15,2021-2022,258,1,1,0.6291568798138675
15,2021-2022,259,0,0,0.45629465658662266
15,2021-2022,260,1,1,0.7888400476312931
15,2021-2022,261,1,1,0.8169728623991841
15,2021-2022,262,1,1,0.6995633811988006
15,2021-2022,263,1,1,0.7075435880606358
15,2021-2022,264,1,1,0.8481335385854208
15,2021-2022,265,1,1,0.764407218761059
15,2021-2022,266,1,1,0.8439545980623943
15,2021-2022,267,1,1,0.8269212336342642
15,2021-2022,268,1,1,0.8471373846980351
15,2021-2022,269,1,1,0.8710884237759011
15,2021-2022,270,0,0,0.3821367446441961
15,2021-2022,271,1,1,0.5755432310606693
15,2021-2022,272,0,1,0.5620088739342829
15,2021-2022,273,0,1,0.5726462601471384
15,2021-2022,274,0,0,0.2684885700505998
15,2021-2022,275,0,1,0.705859575566113
15,2021-2022,276,0,0,0.4658621097720421
15,2021-2022,277,0,0,0.4875269393332391
15,2021-2022,278,1,1,0.8325330627961319
15,2021-2022,279,1,1,0.5355636844907702
15,2021-2022,280,1,1,0.7942080876477435
15,2021-2022,281,1,1,0.539482259288332
15,2021-2022,282,0,1,0.5782054759157395
15,2021-2022,283,0,1,0.7415575766995207
15,2021-2022,284,0,0,0.36211910288772214
15,2021-2022,285,1,0,0.49516597161698556
15,2021-2022,286,1,1,0.6206872210935627
15,2021-2022,287,0,1,0.6942205428287361
15,2021-2022,288,1,1,0.514773479141106
15,2022-2023,16,0,1,0.646678741262886
15,2022-2023,17,1,1,0.5764826249512367
15,2022-2023,18,0,1,0.6022589754480826
15,2022-2023,19,1,1,0.5281964924147272
15,2022-2023,20,1,1,0.5750976708582225
15,2022-2023,21,0,1,0.6058931835289085
15,2022-2023,22,0,1,0.5747921001522387
15,2022-2023,23,0,1,0.5418733249468008
15,2022-2023,24,1,1,0.5189933555742451
15,2022-2023,25,1,1,0.529804614781103
15,2022-2023,26,1,1,0.5543735423626519
15,2022-2023,27,0,1,0.5841651744530221
15,2022-2023,28,1,1,0.5608095717068073
15,2022-2023,29,1,1,0.5739210399583277
15,2022-2023,30,1,1,0.6032694242506288
15,2022-2023,31,0,1,0.5952110022099603
15,2022-2023,32,0,1,0.5916639712245348
15,2022-2023,33,0,1,0.549782052416249
15,2022-2023,34,1,1,0.5408123493509697
15,2022-2023,35,1,1,0.5695277270514854
15,2022-2023,36,1,1,0.5890958380493817
15,2022-2023,37,0,1,0.5784896931612286
15,2022-2023,38,1,1,0.5876713084890298
15,2022-2023,39,0,1,0.5565197569632265
15,2022-2023,40,1,1,0.6363247601212819
15,2022-2023,41,1,1,0.6542085921404902
15,2022-2023,42,1,1,0.554816529476532
15,2022-2023,43,0,1,0.515047880429383
15,2022-2023,44,1,1,0.7096277312138265
15,2022-2023,45,1,1,0.6199276603463916
15,2022-2023,46,1,1,0.7377916432304781
15,2022-2023,47,1,1,0.7748005578437689
15,2022-2023,48,0,1,0.6232607215903573
15,2022-2023,49,1,1,0.6702084667984683
15,2022-2023,50,1,1,0.7105345474334445
15,2022-2023,51,0,1,0.6199196531375364
15,2022-2023,52,0,0,0.408618750832058
15,2022-2023,53,0,1,0.685653869758538
15,2022-2023,54,1,1,0.7624604261012866
15,2022-2023,55,0,0,0.437662466577239
15,2022-2023,56,1,1,0.5629486233810118
15,2022-2023,57,0,0,0.44795299253710646
15,2022-2023,58,0,1,0.6241470775314962
15,2022-2023,59,0,1,0.5733143054018572
15,2022-2023,60,1,1,0.7584770300490771
15,2022-2023,61,1,1,0.763445269434569
15,2022-2023,62,1,0,0.3078317127807059
15,2022-2023,63,1,1,0.6797159303301891
15,2022-2023,64,1,1,0.7745521088981091
15,2022-2023,65,0,1,0.5459636312227538
15,2022-2023,66,1,1,0.8045456830853026
15,2022-2023,67,1,0,0.4515363136308284
15,2022-2023,68,0,1,0.7046479195737212
15,2022-2023,69,1,1,0.7406145295996386
15,2022-2023,70,1,1,0.7119705158829375
15,2022-2023,71,0,0,0.4728901422850623
15,2022-2023,72,0,1,0.6892408710948466
15,2022-2023,73,0,1,0.7824817796614761
15,2022-2023,74,1,1,0.7621143794455805
15,2022-2023,75,0,0,0.36164480083054157
15,2022-2023,76,0,0,0.4317004602356571
15,2022-2023,77,0,0,0.383629573565478
15,2022-2023,78,1,1,0.5457364259704931
15,2022-2023,79,0,0,0.2903898825628242
15,2022-2023,80,0,0,0.2971670861849237
15,2022-2023,81,1,1,0.7010384987217158
15,2022-2023,82,0,1,0.5159808566786175
15,2022-2023,83,0,1,0.7545534677430324
15,2022-2023,84,0,0,0.3792475210183424
15,2022-2023,85,1,1,0.7024436565036036
15,2022-2023,86,1,1,0.7054860433710325
15,2022-2023,87,1,0,0.22901546664381525
15,2022-2023,88,0,0,0.2724798275570052
15,2022-2023,89,0,0,0.41850897579382357
15,2022-2023,90,1,0,0.3634136293919225
15,2022-2023,91,0,0,0.4574660934397181
15,2022-2023,92,0,1,0.7315588820503849
15,2022-2023,93,1,0,0.40878486046807405
15,2022-2023,94,0,0,0.47020237461373554
15,2022-2023,95,1,1,0.7422943018680924
15,2022-2023,96,0,0,0.32479751933773654
15,2022-2023,97,0,0,0.30182530359726417
15,2022-2023,98,1,0,0.36261410613595346
15,2022-2023,99,1,1,0.5696774251269583
15,2022-2023,100,1,0,0.3284033838905873
15,2022-2023,101,0,0,0.469888076036148
15,2022-2023,102,1,0,0.3766470271358147
15,2022-2023,103,1,1,0.7263876873496855
15,2022-2023,104,1,1,0.6982360804135936
15,2022-2023,105,1,1,0.7507091229914953
15,2022-2023,106,0,0,0.30991750750705765
15,2022-2023,107,1,0,0.4629468162582415
15,2022-2023,108,1,1,0.7951953630653371
15,2022-2023,109,0,0,0.4955038191065184
15,2022-2023,110,1,1,0.7607942360367657
15,2022-2023,111,1,1,0.6144030528823026
15,2022-2023,112,1,0,0.3913952364449044
15,2022-2023,113,0,1,0.5097442363817338
15,2022-2023,114,1,1,0.662889879856739
15,2022-2023,115,0,0,0.48769734629000794
15,2022-2023,116,0,1,0.7841003125499233
15,2022-2023,117,0,0,0.45963921285969384
15,2022-2023,118,0,1,0.7108614802509663
15,2022-2023,119,1,1,0.7788215795346076
15,2022-2023,120,0,0,0.3225692172919082
15,2022-2023,121,0,1,0.5354817130836369
15,2022-2023,122,1,1,0.7787000492452281
15,2022-2023,123,0,0,0.29741741555378
15,2022-2023,124,0,1,0.7120957215833946
15,2022-2023,125,1,1,0.8048318783295237
15,2022-2023,126,1,1,0.7139076893732189
15,2022-2023,127,1,1,0.6861346806528081
15,2022-2023,128,1,1,0.7288977947148737
15,2022-2023,129,0,1,0.6098811934228244
15,2022-2023,130,1,1,0.6716248076388576
15,2022-2023,131,1,1,0.7764925172846276
15,2022-2023,132,1,1,0.5255605941330103
15,2022-2023,133,1,1,0.7515325687591796
15,2022-2023,134,0,1,0.7439400529043723
15,2022-2023,135,0,0,0.2737118067513959
15,2022-2023,136,1,1,0.707876970274794
15,2022-2023,137,1,0,0.4260788904573588
15,2022-2023,138,0,0,0.4819092432540279
15,2022-2023,139,0,0,0.38571853955238633
15,2022-2023,140,0,0,0.3873197403656807
15,2022-2023,141,0,1,0.5613536870956513
15,2022-2023,142,1,1,0.6649581221387665
15,2022-2023,143,1,1,0.6380758973057943
15,2022-2023,144,0,0,0.3040201211935397
15,2022-2023,145,1,1,0.7260592726393112
15,2022-2023,146,1,1,0.8249101839724573
15,2022-2023,147,0,1,0.5139899861217647
15,2022-2023,148,0,1,0.5674557261496334
15,2022-2023,149,0,1,0.6975362104985036
15,2022-2023,150,0,1,0.6859386361807045
15,2022-2023,151,0,0,0.20897376592650369
15,2022-2023,152,1,1,0.812925270766224
15,2022-2023,153,0,0,0.3958448737135064
15,2022-2023,154,0,0,0.18114173403800995
15,2022-2023,155,1,1,0.5799879310558725
15,2022-2023,156,0,0,0.49236068699986246
15,2022-2023,157,0,1,0.6520958686910251
15,2022-2023,158,1,1,0.7672746244500881
15,2022-2023,159,0,0,0.40030937410071243
15,2022-2023,160,1,1,0.6719356345753985
15,2022-2023,161,1,1,0.5438094957470916
15,2022-2023,162,1,0,0.3401962382873824
15,2022-2023,163,0,0,0.34648918258505235
15,2022-2023,164,1,1,0.5551263196519852
15,2022-2023,165,1,1,0.7305051554773712
15,2022-2023,166,1,0,0.17677197371631936
15,2022-2023,167,1,0,0.402635744392397
15,2022-2023,168,0,0,0.30199604174915506
15,2022-2023,169,0,0,0.1887318833013158
15,2022-2023,170,1,1,0.7037559235361532
15,2022-2023,171,1,1,0.6799949721276665
15,2022-2023,172,0,1,0.6470317681613622
15,2022-2023,173,0,0,0.19936179027776813
15,2022-2023,174,1,0,0.2695421394049672
15,2022-2023,175,1,1,0.7643250752612406
15,2022-2023,176,1,1,0.7221413719283079
15,2022-2023,177,0,0,0.2606910357007821
15,2022-2023,178,1,0,0.2685501480202577
15,2022-2023,179,0,1,0.6695851001118583
15,2022-2023,180,0,1,0.7431375479791426
15,2022-2023,181,1,1,0.8207946860131718
15,2022-2023,182,1,1,0.7696354401224217
15,2022-2023,183,1,0,0.20446036504166826
15,2022-2023,184,1,1,0.700616340560362
15,2022-2023,185,1,1,0.8206116987259511
15,2022-2023,186,0,0,0.35914707944509044
15,2022-2023,187,0,1,0.7213233572632538
15,2022-2023,188,0,1,0.6164684343002166
15,2022-2023,189,1,0,0.4101900614225044
15,2022-2023,190,0,0,0.3268619387875533
15,2022-2023,191,0,1,0.6925132635794471
15,2022-2023,192,1,1,0.6732161342025667
15,2022-2023,193,0,0,0.3612571717900978
15,2022-2023,194,1,0,0.2815640448779697
15,2022-2023,195,1,1,0.646996222432724
15,2022-2023,196,1,0,0.3582547114277455
15,2022-2023,197,0,0,0.32681650627746417
15,2022-2023,198,1,1,0.5740890824701266
15,2022-2023,199,1,1,0.737403670819225
15,2022-2023,200,1,1,0.6718614567576232
15,2022-2023,201,1,1,0.5625448516147569
15,2022-2023,202,1,1,0.7413313939955466
15,2022-2023,203,1,1,0.5427419690649574
15,2022-2023,204,1,0,0.4224046222850511
15,2022-2023,205,1,1,0.6308614959553273
15,2022-2023,206,1,1,0.7613181485882611
15,2022-2023,207,1,1,0.7223842682274652
15,2022-2023,208,1,1,0.7403678945645175
15,2022-2023,209,1,1,0.6360282964458497
15,2022-2023,210,0,0,0.2924384145343547
15,2022-2023,211,1,1,0.6967663344771327
15,2022-2023,212,0,1,0.5681341764201707
15,2022-2023,213,0,0,0.46132370879202894
15,2022-2023,214,1,0,0.4666880258748317
15,2022-2023,215,0,0,0.35640759308718806
15,2022-2023,216,0,1,0.6764806606010336
15,2022-2023,217,0,0,0.3084650614889765
15,2022-2023,218,0,1,0.6026534726667628
15,2022-2023,219,0,0,0.4165749412512099
15,2022-2023,220,1,0,0.4431749346341782
15,2022-2023,221,0,0,0.26711219960039
15,2022-2023,222,0,0,0.304208982178157
15,2022-2023,223,1,1,0.7208736726580737
15,2022-2023,224,1,1,0.8064409153418051
15,2022-2023,225,1,0,0.48087696931475665
15,2022-2023,226,1,1,0.649496238777555
15,2022-2023,227,1,1,0.6006861179171812
15,2022-2023,228,0,1,0.670348246137165
15,2022-2023,229,0,0,0.4663617675604505
15,2022-2023,230,0,1,0.804153540235474
15,2022-2023,231,1,1,0.768485822206618
15,2022-2023,232,1,1,0.7541700489553778
15,2022-2023,233,0,1,0.6405415006134607
15,2022-2023,234,1,1,0.632533674293922
15,2022-2023,235,0,1,0.6249674361624578
15,2022-2023,236,0,0,0.2087404537398768
15,2022-2023,237,1,1,0.6765352951448854
15,2022-2023,238,1,1,0.8032963420088145
15,2022-2023,239,1,0,0.2852735164323671
15,2022-2023,240,0,0,0.25616518048713877
15,2022-2023,241,1,0,0.4561002516534941
15,2022-2023,242,1,1,0.512882968969293
15,2022-2023,243,0,0,0.3181938199459615
15,2022-2023,244,0,0,0.24128378454022129
15,2022-2023,245,1,1,0.7128686878962621
15,2022-2023,246,1,1,0.6663794898545969
15,2022-2023,247,1,1,0.6893541509942164
15,2022-2023,248,1,1,0.7252067725511118
15,2022-2023,249,1,0,0.422117044575364
15,2022-2023,250,0,1,0.5089169035149994
15,2022-2023,251,0,0,0.33891332820930237
15,2022-2023,252,1,1,0.7650164468453382
15,2022-2023,253,1,1,0.7084776811541069
15,2022-2023,254,1,1,0.6221353097218972
15,2022-2023,255,1,1,0.7773104641557557
15,2022-2023,256,1,1,0.7948722024371191
15,2022-2023,257,0,1,0.6072975356805489
15,2022-2023,258,1,0,0.400002537147084
15,2022-2023,259,0,0,0.25012640702535377
15,2022-2023,260,1,0,0.4614018866770695
15,2022-2023,261,0,1,0.6084608144340763
15,2022-2023,262,1,1,0.6193884232263733
15,2022-2023,263,1,0,0.4452862199930577
15,2022-2023,264,1,1,0.8232158788755967
15,2022-2023,265,0,1,0.5671738222807967
15,2022-2023,266,1,1,0.7210289639495294
15,2022-2023,267,1,1,0.8210386395864443
15,2022-2023,268,1,1,0.7854591329406414
15,2022-2023,269,1,1,0.6493844049409472
15,2022-2023,270,0,1,0.8142182329176896
15,2022-2023,271,1,0,0.39213848225322623
15,2022-2023,272,1,1,0.7486654139396904
15,2022-2023,273,0,0,0.2903015732516846
15,2022-2023,274,0,0,0.2601034462615252
15,2022-2023,275,0,1,0.6500996698995383
15,2022-2023,276,1,0,0.26023699692586244
15,2022-2023,277,0,1,0.7587281850525578
15,2022-2023,278,1,0,0.3242995100723904
15,2022-2023,279,1,1,0.7086282354782322
15,2022-2023,280,1,1,0.798349031370201
15,2022-2023,281,0,1,0.821542056161171
15,2022-2023,282,1,1,0.6441673660203551
15,2022-2023,283,1,1,0.6289113865691676
15,2022-2023,284,1,1,0.7206472177832094
15,2022-2023,285,0,1,0.757410672693095
15,2022-2023,286,1,1,0.7311361644761367
15,2022-2023,287,1,1,0.5031388247815742
15,2022-2023,288,1,0,0.3885916211299545
15,2022-2023,289,1,1,0.6852180033707561
15,2022-2023,290,0,1,0.7100384806289131
15,2022-2023,291,0,1,0.6716421681417348
15,2022-2023,292,1,0,0.4667159654922969
15,2022-2023,293,0,1,0.6487848936117819
15,2022-2023,294,0,0,0.3886478740098788
15,2022-2023,295,0,0,0.3806291960615645
15,2022-2023,296,0,1,0.5884445990850221
15,2023-2024,16,1,1,0.611096085496838
15,2023-2024,17,1,1,0.6413816304306044
15,2023-2024,18,0,1,0.6553930403634576
15,2023-2024,19,1,1,0.6214417560850096
15,2023-2024,20,1,1,0.606195554505117
15,2023-2024,21,1,1,0.684483891173272
15,2023-2024,22,0,1,0.6479507505429503
15,2023-2024,23,0,1,0.6166506554935985
15,2023-2024,24,1,1,0.5435724433183413
15,2023-2024,25,0,1,0.5940635921455163
15,2023-2024,26,1,1,0.6110175064342152
15,2023-2024,27,0,1,0.6006941929068097
15,2023-2024,28,0,1,0.5704982874657962
15,2023-2024,29,0,1,0.5303129282804789
15,2023-2024,30,0,1,0.5911522601725144
15,2023-2024,31,0,1,0.5586159066193768
15,2023-2024,32,0,1,0.5069626448822832
15,2023-2024,33,1,0,0.4694612601134169
15,2023-2024,34,1,1,0.538143123423564
15,2023-2024,35,1,1,0.5937047128971481
15,2023-2024,36,0,1,0.6404766255071531
15,2023-2024,37,1,1,0.570540456155862
15,2023-2024,38,1,1,0.563106169937343
15,2023-2024,39,1,1,0.557180704403347
15,2023-2024,40,1,1,0.5678012670573365
15,2023-2024,41,1,1,0.5511165338099272
15,2023-2024,42,0,1,0.6525553551461876
15,2023-2024,43,1,1,0.5674267125635483
15,2023-2024,44,1,1,0.630148157529151
15,2023-2024,45,1,1,0.6400985200239211
15,2023-2024,46,1,1,0.5082362234636727
15,2023-2024,47,0,1,0.5797090809910184
15,2023-2024,48,0,1,0.6095948391831432
15,2023-2024,49,0,1,0.632970816782235
15,2023-2024,50,1,1,0.5943478215149276
15,2023-2024,51,0,1,0.5740965427662494
15,2023-2024,52,1,1,0.5741219264597645
15,2023-2024,53,1,1,0.6328045392542284
15,2023-2024,54,1,1,0.6273551229788625
15,2023-2024,55,1,1,0.5797744267208064
15,2023-2024,56,1,1,0.5846909317330459
15,2023-2024,57,1,1,0.5773052915882928
15,2023-2024,58,1,1,0.654215811860823
15,2023-2024,59,1,1,0.6265470425260535
15,2023-2024,60,1,1,0.6773354834135293
15,2023-2024,61,1,1,0.672574522964078
15,2023-2024,62,1,1,0.6307826780084737
15,2023-2024,63,0,1,0.6407824254104357
15,2023-2024,64,0,1,0.5896349425591397
15,2023-2024,65,1,1,0.6118279406086577
15,2023-2024,66,1,1,0.662138200059555
15,2023-2024,67,1,1,0.6849024957198171
15,2023-2024,68,1,1,0.6702248151837795
15,2023-2024,69,0,1,0.5882474354220405
15,2023-2024,70,0,1,0.7181902535330456
15,2023-2024,71,1,1,0.7690925983090613
15,2023-2024,72,1,1,0.6962359271064619
15,2023-2024,73,1,1,0.7097312292223364
15,2023-2024,74,0,1,0.6577398579011922
15,2023-2024,75,0,1,0.7686145306310029
15,2023-2024,76,1,1,0.7065996305063038
15,2023-2024,77,1,1,0.7256940083117004
15,2023-2024,78,0,1,0.6603674636290641
15,2023-2024,79,1,1,0.6256739210292022
15,2023-2024,80,1,1,0.7741704506473965
15,2023-2024,81,0,1,0.6510529139438342
15,2023-2024,82,0,1,0.5543310763651601
15,2023-2024,83,1,1,0.5640210210286605
15,2023-2024,84,0,1,0.7100529841767235
15,2023-2024,85,0,1,0.537148116162486
15,2023-2024,86,1,1,0.7168929803388261
15,2023-2024,87,1,1,0.6487360069389818
15,2023-2024,88,0,0,0.4220631601001422
15,2023-2024,89,0,0,0.4927924597669233
15,2023-2024,90,1,1,0.7750860796117229
15,2023-2024,91,0,0,0.43649807850257294
15,2023-2024,92,0,1,0.8001676436053946
15,2023-2024,93,0,1,0.727408642110614
15,2023-2024,94,1,1,0.5884296446521847
15,2023-2024,95,0,1,0.6319192619272457
15,2023-2024,96,0,1,0.5198075084419002
15,2023-2024,97,1,1,0.7367516716993223
15,2023-2024,98,1,1,0.6088959762590044
15,2023-2024,99,1,1,0.6262108363859521
15,2023-2024,100,0,0,0.4861834832710029
15,2023-2024,101,1,1,0.6945550878457948
15,2023-2024,102,0,1,0.6454849155659237
15,2023-2024,103,1,0,0.3574582414413182
15,2023-2024,104,1,1,0.6380308464514276
15,2023-2024,105,1,1,0.7267351061806397
15,2023-2024,106,0,1,0.7220925440599157
15,2023-2024,107,0,1,0.5355931005651104
15,2023-2024,108,1,1,0.7039684812278937
15,2023-2024,109,1,1,0.6964457956824729
15,2023-2024,110,1,1,0.519586303263191
15,2023-2024,111,1,1,0.5948878416567759
15,2023-2024,112,0,0,0.4099197315780423
15,2023-2024,113,1,1,0.7556273481309301
15,2023-2024,114,0,1,0.6183998412505344
15,2023-2024,115,0,1,0.5860615479997527
15,2023-2024,116,1,0,0.46369504552231644
15,2023-2024,117,1,1,0.5683257943058296
15,2023-2024,118,1,1,0.6820923204127315
15,2023-2024,119,0,1,0.6506724013431541
15,2023-2024,120,0,0,0.4585140729024801
15,2023-2024,121,1,1,0.6960646201065837
15,2023-2024,122,0,1,0.7320429736383136
15,2023-2024,123,0,1,0.6085374033408426
15,2023-2024,124,1,0,0.4313617500396365
15,2023-2024,125,0,0,0.4061108491288212
15,2023-2024,126,0,0,0.3549738580731556
15,2023-2024,127,1,1,0.6892265547179671
15,2023-2024,128,1,1,0.7383221067728197
15,2023-2024,129,1,1,0.7433389842747444
15,2023-2024,130,1,1,0.6254135317967761
15,2023-2024,131,0,1,0.5146662437306536
15,2023-2024,132,1,1,0.7379309576549755
15,2023-2024,133,0,1,0.5103587062473509
15,2023-2024,134,0,1,0.5923845144571892
15,2023-2024,135,1,1,0.6985514119290108
15,2023-2024,136,1,1,0.5615461430856259
15,2023-2024,137,1,1,0.6807984730034458
15,2023-2024,138,1,1,0.6543137083891994
15,2023-2024,139,1,1,0.8076562025063714
15,2023-2024,140,0,1,0.6646069109923147
15,2023-2024,141,0,0,0.34309970633100756
15,2023-2024,142,1,0,0.47364906683933516
15,2023-2024,143,1,1,0.7264477555799672
15,2023-2024,144,1,0,0.4473919476514732
15,2023-2024,145,0,0,0.34918236385305795
15,2023-2024,146,1,1,0.7456824338718641
15,2023-2024,147,1,1,0.6862688890813965
15,2023-2024,148,1,1,0.7918074975162371
15,2023-2024,149,1,1,0.8033562035941774
15,2023-2024,150,0,1,0.5195011441758689
15,2023-2024,151,0,1,0.75498899903916
15,2023-2024,152,0,0,0.4554965693478543
15,2023-2024,153,0,0,0.2706439404675302
15,2023-2024,154,1,1,0.572099741394445
15,2023-2024,155,0,0,0.21258220338224887
15,2023-2024,156,0,1,0.6790924323876846
15,2023-2024,157,0,0,0.445326524087573
15,2023-2024,158,0,1,0.5759378948372081
15,2023-2024,159,0,0,0.4834522586226291
15,2023-2024,160,0,0,0.40061438337891386
15,2023-2024,161,1,0,0.46473505766154677
15,2023-2024,162,1,1,0.6489912766260343
15,2023-2024,163,0,0,0.3891585124238102
15,2023-2024,164,1,0,0.3869789347422597
15,2023-2024,165,0,0,0.44742000243730723
15,2023-2024,166,0,0,0.36958471111677377
15,2023-2024,167,1,0,0.39376168367956327
15,2023-2024,168,1,1,0.5976936342360522
15,2023-2024,169,1,0,0.3953479014323632
15,2023-2024,170,0,0,0.4695897383181259
15,2023-2024,171,1,0,0.3922794312408616
15,2023-2024,172,1,1,0.7122392267686625
15,2023-2024,173,0,0,0.495247612004223
15,2023-2024,174,1,1,0.7541602206174971
15,2023-2024,175,0,1,0.6817639853126974
15,2023-2024,176,0,1,0.6052063994038089
15,2023-2024,177,1,1,0.6682225065024727
15,2023-2024,178,1,1,0.7159645202599054
15,2023-2024,179,0,0,0.2420433756657818
15,2023-2024,180,1,1,0.7121280728464059
15,2023-2024,181,0,1,0.649297572591846
15,2023-2024,182,0,0,0.26827935273056436
15,2023-2024,183,0,0,0.24966841605743392
15,2023-2024,184,0,1,0.6551203257213322
15,2023-2024,185,1,1,0.6117033056160356
15,2023-2024,186,1,0,0.43969910500835646
15,2023-2024,187,1,1,0.766759888729404
15,2023-2024,188,1,1,0.7790688255962501
15,2023-2024,189,1,1,0.6494127260474784
15,2023-2024,190,1,1,0.7717544666140193
15,2023-2024,191,1,1,0.7548592036374735
15,2023-2024,192,1,0,0.40202250329684625
15,2023-2024,193,1,1,0.7656131504634996
15,2023-2024,194,1,1,0.6687551114752627
15,2023-2024,195,1,1,0.7572378143794108
15,2023-2024,196,1,1,0.7865237157057459
15,2023-2024,197,0,1,0.8280348703256496
15,2023-2024,198,1,1,0.8118902792659387
15,2023-2024,199,0,1,0.6594080568003906
15,2023-2024,200,0,1,0.5301131201646943
15,2023-2024,201,0,1,0.7639919240001015
15,2023-2024,202,0,0,0.2140594734860185
15,2023-2024,203,0,1,0.5320723888341848
15,2023-2024,204,1,1,0.5002320788313812
15,2023-2024,205,0,1,0.5158848332929319
15,2023-2024,206,0,1,0.6430886710053271
15,2023-2024,207,1,1,0.8161954054334517
15,2023-2024,208,1,0,0.2715070654818575
15,2023-2024,209,0,1,0.693531251463834
15,2023-2024,210,1,1,0.5994888659621783
15,2023-2024,211,1,1,0.6873198292974828
15,2023-2024,212,0,1,0.5620005664653408
15,2023-2024,213,0,0,0.33510790604429147
15,2023-2024,214,0,0,0.38436789713801095
15,2023-2024,215,1,1,0.6536342432748714
15,2023-2024,216,1,1,0.5019581256496103
15,2023-2024,217,1,1,0.6341115789495354
15,2023-2024,218,0,0,0.22088999816883445
15,2023-2024,219,0,1,0.7554590145607017
15,2023-2024,220,1,1,0.6986100993178601
15,2023-2024,221,1,0,0.4362589280608466
15,2023-2024,222,1,1,0.6669444205755277
15,2023-2024,223,1,1,0.6910321563710405
15,2023-2024,224,0,1,0.5178544341160997
15,2023-2024,225,0,1,0.5555194120710621
15,2023-2024,226,0,0,0.18051791651466126
15,2023-2024,227,0,1,0.622049665980424
15,2023-2024,228,1,1,0.7404456329135691
15,2023-2024,229,1,0,0.29957671290797006
15,2023-2024,230,0,0,0.3312270460325817
15,2023-2024,231,1,0,0.37586812696449934
15,2023-2024,232,1,1,0.5012554072978131
15,2023-2024,233,1,1,0.8055205380022806
15,2023-2024,234,0,0,0.48235325425988057
15,2023-2024,235,0,0,0.4846440183458115
15,2023-2024,236,1,1,0.6910058370266827
15,2023-2024,237,0,1,0.5436932578829979
15,2023-2024,238,1,0,0.3770550944833178
15,2023-2024,239,1,1,0.7868165446969256
15,2023-2024,240,1,1,0.7453107174453311
15,2023-2024,241,0,1,0.6480068142623936
15,2023-2024,242,1,1,0.5350205363426783
15,2023-2024,243,1,1,0.6493577554801029
15,2023-2024,244,0,0,0.26389227035892954
15,2023-2024,245,1,0,0.3399408318759347
15,2023-2024,246,0,1,0.5237789756141009
15,2023-2024,247,0,0,0.21285400276583802
15,2023-2024,248,0,0,0.20976256662659482
15,2023-2024,249,1,1,0.506641134380228
15,2023-2024,250,1,1,0.5288228999317098
15,2023-2024,251,1,0,0.3787530770863513
15,2023-2024,252,1,0,0.33158963103110417
15,2023-2024,253,0,0,0.2683123648359995
15,2023-2024,254,0,0,0.2686881813835416
15,2023-2024,255,0,1,0.7039686459638863
15,2023-2024,256,1,1,0.7122879989991255
15,2023-2024,257,0,1,0.5896061780180041
15,2023-2024,258,1,1,0.626134126577225
15,2023-2024,259,1,0,0.42850771227240697
15,2023-2024,260,1,1,0.7611976101395721
15,2023-2024,261,1,1,0.537049901435185
15,2023-2024,262,1,1,0.6166289247775458
15,2023-2024,263,1,1,0.5880752590521079
15,2023-2024,264,1,1,0.6584657543915795
15,2023-2024,265,1,1,0.6600041487111189
15,2023-2024,266,1,1,0.7626228989325992
15,2023-2024,267,0,1,0.6744200019888477
15,2023-2024,268,1,1,0.7852320116778826
15,2023-2024,269,1,1,0.5749930275326465
15,2023-2024,270,1,1,0.5839827844732343
15,2023-2024,271,1,1,0.7208752746901986
15,2023-2024,272,0,1,0.5844172779512936
15,2023-2024,273,1,0,0.48370444567253035
15,2023-2024,274,1,1,0.8056531675826345
15,2023-2024,275,1,1,0.7679269652308877
15,2023-2024,276,1,0,0.3849241571908376
15,2023-2024,277,0,1,0.5589842554664851
15,2023-2024,278,0,0,0.2880696502668985
15,2023-2024,279,1,1,0.7257453418027434
15,2023-2024,280,1,1,0.73081523158886
15,2023-2024,281,0,0,0.4487624148364184
15,2023-2024,282,0,0,0.2929768776628187
15,2023-2024,283,0,0,0.20794591353468334
15,2023-2024,284,1,1,0.5910907835809625
15,2023-2024,285,1,1,0.7421744681924881
15,2023-2024,286,1,1,0.7751542562536579
15,2023-2024,287,0,0,0.3052938511907568
15,2023-2024,288,1,1,0.7864891498871749
15,2023-2024,289,1,1,0.6391180766699568
15,2023-2024,290,0,1,0.7554488636793273
15,2023-2024,291,1,1,0.7958033073974424
15,2023-2024,292,0,1,0.6202282590718817
15,2023-2024,293,1,1,0.8254977051650604
15,2023-2024,294,1,1,0.7652957059566748
15,2023-2024,295,0,1,0.5254613710637014
15,2023-2024,296,1,1,0.8255769023722821
15,2023-2024,297,0,1,0.8103467371172631
15,2023-2024,298,1,1,0.736463080633194
15,2023-2024,299,1,1,0.8645041270294297
15,2023-2024,300,1,1,0.5788294319612282
15,2023-2024,301,1,1,0.5586519604757949
15,2023-2024,302,1,1,0.8161388275415595
15,2023-2024,303,1,1,0.6770852250991477
15,2023-2024,304,0,1,0.5664458995381455
15,2023-2024,305,1,1,0.5273181467507241
15,2023-2024,306,0,0,0.18224785027968815
15,2023-2024,307,1,1,0.8051040407811793
15,2023-2024,308,1,0,0.4358768847420055
15,2023-2024,309,0,0,0.2114694613725818
15,2023-2024,310,0,0,0.288512452824401
15,2023-2024,311,0,0,0.4390313773010975
15,2023-2024,312,1,1,0.8312647180755146
15,2023-2024,313,1,0,0.47874479227628275
15,2023-2024,314,1,1,0.6337145094993867
15,2023-2024,315,0,0,0.3379589509750656
15,2023-2024,316,0,1,0.5445056324792643
15,2023-2024,317,1,0,0.4040587994140154
15,2023-2024,318,0,0,0.29476963397159517
15,2023-2024,319,1,1,0.6408005173289025
15,2023-2024,320,1,0,0.3418570745586938
15,2023-2024,321,0,1,0.6340997041858785
15,2023-2024,322,0,0,0.27590501967556286
15,2023-2024,323,0,0,0.3521220211955842
15,2023-2024,324,0,0,0.42066838923751104
15,2023-2024,325,0,1,0.7497214061639893
15,2023-2024,326,1,1,0.781822859629336
15,2023-2024,327,0,1,0.752465954170826
15,2023-2024,328,0,0,0.19578128193565847
15,2023-2024,329,0,0,0.22825884330874438
15,2023-2024,330,1,1,0.5578951148908424
15,2023-2024,331,0,0,0.39198334327778134
15,2023-2024,332,0,0,0.25162598466928726
15,2023-2024,333,0,0,0.3443451548867104
15,2023-2024,334,0,0,0.3603890161473633
15,2023-2024,335,1,0,0.37110850026953596
15,2023-2024,336,1,1,0.8710728728141879
15,2023-2024,337,1,1,0.7709175808192176
15,2023-2024,338,1,1,0.7332444612372073
15,2023-2024,339,0,1,0.7705163468068471
15,2023-2024,340,1,1,0.695101728802887
15,2023-2024,341,1,1,0.8321871070425378
15,2023-2024,342,1,1,0.5973183140444681
15,2023-2024,343,1,1,0.6597698226377722
15,2023-2024,344,1,1,0.8077562273074722
15,2023-2024,345,1,1,0.7295657208185033
15,2023-2024,346,1,1,0.7304443694847629
15,2023-2024,347,1,0,0.4854241045672792
15,2023-2024,348,0,0,0.2792298387218396
15,2023-2024,349,1,1,0.534770676411971
15,2023-2024,350,0,0,0.4864365829543248
15,2023-2024,351,1,1,0.6839550591031267
15,2023-2024,352,0,0,0.2310531897299318
15,2023-2024,353,1,1,0.7550067516744803
15,2023-2024,354,0,0,0.3962977440911773
15,2023-2024,355,1,1,0.7718323258733175
15,2023-2024,356,1,1,0.780934848804763
15,2023-2024,357,1,1,0.5965315956568804
15,2023-2024,358,1,1,0.8358349726982824
15,2023-2024,359,0,1,0.6371136682447089
15,2023-2024,360,1,1,0.7685721156906424
15,2023-2024,361,1,1,0.7263931671428328
15,2023-2024,362,1,0,0.4709268394973402
15,2023-2024,363,0,1,0.5377457943583812
15,2023-2024,364,0,1,0.66420380051729
15,2023-2024,365,0,0,0.3618843776402904
15,2023-2024,366,0,1,0.7586103851153448
15,2023-2024,367,1,1,0.5422502270132945
15,2023-2024,368,0,1,0.5943745228729455
15,2023-2024,369,0,1,0.5981040657045629
15,2023-2024,370,1,0,0.32181199102864777
