placar_casa,placar_visitante,data,round,stage,ano,equipe_casa,equipe_visitante,resultado,Pts_casa,3P_casa,2P_casa,LL_casa,RT_casa,RO_casa,RD_casa,AS_casa,ER_casa,IA%_casa,3PC_casa,3PT_casa,3P%_casa,2PC_casa,2PT_casa,2P%_casa,LLC_casa,LLT_casa,LL%_casa,EN_casa,BR_casa,B/E_casa,TO_casa,FC_casa,T/FC_casa,ET_casa,VI_casa,EF_casa,Pts_visitante,3P_visitante,2P_visitante,LL_visitante,RT_visitante,RO_visitante,RD_visitante,AS_visitante,ER_visitante,IA%_visitante,3PC_visitante,3PT_visitante,3P%_visitante,2PC_visitante,2PT_visitante,2P%_visitante,LLC_visitante,LLT_visitante,LL%_visitante,EN_visitante,BR_visitante,B/E_visitante,TO_visitante,FC_visitante,T/FC_visitante,ET_visitante,VI_visitante,EF_visitante
84,82,2013-11-09,1,1,2013-2014,Flamengo,Brasília,1,0.0,0.0,0.0,0.0,0.0,0.0,0.0,0.0,0.0,0.0,0.0,0.0,0.0,0.0,0.0,0.0,0.0,0.0,0.0,0.0,0.0,0.0,0.0,0.0,0.0,0.0,0.0,0.0,0.0,0.0,0.0,0.0,0.0,0.0,0.0,0.0,0.0,0.0,0.0,0.0,0.0,0.0,0.0,0.0,0.0,0.0,0.0,0.0,0.0,0.0,0.0,0.0,0.0,0.0,0.0,0.0
53,91,2013-11-14,1,1,2013-2014,Pinheiros,Limeira,0,0.0,0.0,0.0,0.0,0.0,0.0,0.0,0.0,0.0,0.0,0.0,0.0,0.0,0.0,0.0,0.0,0.0,0.0,0.0,0.0,0.0,0.0,0.0,0.0,0.0,0.0,0.0,0.0,0.0,0.0,0.0,0.0,0.0,0.0,0.0,0.0,0.0,0.0,0.0,0.0,0.0,0.0,0.0,0.0,0.0,0.0,0.0,0.0,0.0,0.0,0.0,0.0,0.0,0.0,0.0,0.0
84,79,2013-11-14,1,1,2013-2014,Macaé Basquete,Goiânia,1,0.0,0.0,0.0,0.0,0.0,0.0,0.0,0.0,0.0,0.0,0.0,0.0,0.0,0.0,0.0,0.0,0.0,0.0,0.0,0.0,0.0,0.0,0.0,0.0,0.0,0.0,0.0,0.0,0.0,0.0,0.0,0.0,0.0,0.0,0.0,0.0,0.0,0.0,0.0,0.0,0.0,0.0,0.0,0.0,0.0,0.0,0.0,0.0,0.0,0.0,0.0,0.0,0.0,0.0,0.0,0.0
90,52,2013-11-14,1,1,2013-2014,Mogi,Sesi Franca,1,0.0,0.0,0.0,0.0,0.0,0.0,0.0,0.0,0.0,0.0,0.0,0.0,0.0,0.0,0.0,0.0,0.0,0.0,0.0,0.0,0.0,0.0,0.0,0.0,0.0,0.0,0.0,0.0,0.0,0.0,0.0,0.0,0.0,0.0,0.0,0.0,0.0,0.0,0.0,0.0,0.0,0.0,0.0,0.0,0.0,0.0,0.0,0.0,0.0,0.0,0.0,0.0,0.0,0.0,0.0,0.0
74,78,2013-11-14,1,1,2013-2014,Bauru Basket,Palmeiras,0,0.0,0.0,0.0,0.0,0.0,0.0,0.0,0.0,0.0,0.0,0.0,0.0,0.0,0.0,0.0,0.0,0.0,0.0,0.0,0.0,0.0,0.0,0.0,0.0,0.0,0.0,0.0,0.0,0.0,0.0,0.0,0.0,0.0,0.0,0.0,0.0,0.0,0.0,0.0,0.0,0.0,0.0,0.0,0.0,0.0,0.0,0.0,0.0,0.0,0.0,0.0,0.0,0.0,0.0,0.0,0.0
87,72,2013-11-14,1,1,2013-2014,Coop/São José Basketball,L. Sorocabana,1,0.0,0.0,0.0,0.0,0.0,0.0,0.0,0.0,0.0,0.0,0.0,0.0,0.0,0.0,0.0,0.0,0.0,0.0,0.0,0.0,0.0,0.0,0.0,0.0,0.0,0.0,0.0,0.0,0.0,0.0,0.0,0.0,0.0,0.0,0.0,0.0,0.0,0.0,0.0,0.0,0.0,0.0,0.0,0.0,0.0,0.0,0.0,0.0,0.0,0.0,0.0,0.0,0.0,0.0,0.0,0.0
86,96,2013-11-14,1,1,2013-2014,Fortaleza B. C. / CFO,Uberlândia,0,0.0,0.0,0.0,0.0,0.0,0.0,0.0,0.0,0.0,0.0,0.0,0.0,0.0,0.0,0.0,0.0,0.0,0.0,0.0,0.0,0.0,0.0,0.0,0.0,0.0,0.0,0.0,0.0,0.0,0.0,0.0,0.0,0.0,0.0,0.0,0.0,0.0,0.0,0.0,0.0,0.0,0.0,0.0,0.0,0.0,0.0,0.0,0.0,0.0,0.0,0.0,0.0,0.0,0.0,0.0,0.0
79,73,2013-11-16,2,1,2013-2014,Coop/São José Basketball,Paulistano,1,87.0,27.0,44.0,16.0,35.0,14.0,21.0,24.0,16.0,1.5,9.0,16.0,56.25,22.0,43.0,51.16,16.0,25.0,64.0,3.0,12.0,0.75,1.0,11.0,0.09,16.0,7.0,106.0,0.0,0.0,0.0,0.0,0.0,0.0,0.0,0.0,0.0,0.0,0.0,0.0,0.0,0.0,0.0,0.0,0.0,0.0,0.0,0.0,0.0,0.0,0.0,0.0,0.0,0.0,0.0,0.0
83,69,2013-11-16,2,1,2013-2014,Flamengo,Goiânia,1,86.0,27.0,38.0,21.0,41.0,10.0,31.0,11.0,12.0,0.92,9.0,23.0,39.13,19.0,36.0,52.78,21.0,27.0,77.78,1.0,5.0,0.42,0.0,16.0,0.0,12.0,3.0,94.0,79.0,42.0,26.0,11.0,31.0,7.0,24.0,14.0,15.0,0.93,14.0,28.0,50.0,13.0,32.0,40.63,11.0,18.0,61.11,0.0,8.0,0.53,1.0,22.0,0.05,15.0,1.0,78.0
91,97,2013-11-16,2,1,2013-2014,Bauru Basket,Pinheiros,0,74.0,30.0,36.0,8.0,37.0,8.0,29.0,12.0,12.0,1.0,10.0,24.0,41.67,18.0,37.0,48.65,8.0,13.0,61.54,0.0,7.0,0.58,0.0,19.0,0.0,12.0,4.0,80.0,53.0,21.0,20.0,12.0,35.0,10.0,25.0,7.0,15.0,0.47,7.0,24.0,29.17,10.0,38.0,26.32,12.0,17.0,70.59,0.0,10.0,0.67,8.0,18.0,0.44,15.0,2.0,48.0
67,85,2013-11-16,2,1,2013-2014,Palmeiras,Limeira,0,78.0,33.0,22.0,23.0,41.0,13.0,28.0,12.0,9.0,1.33,11.0,30.0,36.67,11.0,31.0,35.48,23.0,28.0,82.14,1.0,8.0,0.89,2.0,17.0,0.12,9.0,2.0,88.0,91.0,36.0,44.0,11.0,49.0,17.0,32.0,21.0,13.0,1.62,12.0,26.0,46.15,22.0,48.0,45.83,11.0,15.0,73.33,6.0,12.0,0.92,2.0,18.0,0.11,13.0,2.0,118.0
80,65,2013-11-16,2,1,2013-2014,Fortaleza B. C. / CFO,Sesi Franca,1,86.0,24.0,56.0,6.0,32.0,16.0,16.0,15.0,5.0,3.0,8.0,22.0,36.36,28.0,54.0,51.85,6.0,10.0,60.0,1.0,11.0,2.2,2.0,21.0,0.1,5.0,1.0,97.0,52.0,3.0,34.0,15.0,26.0,10.0,16.0,6.0,27.0,0.22,1.0,13.0,7.69,17.0,36.0,47.22,15.0,18.0,83.33,0.0,13.0,0.48,1.0,23.0,0.04,27.0,5.0,37.0
71,73,2013-11-16,2,1,2013-2014,Mogi,Uberlândia,0,90.0,21.0,46.0,23.0,42.0,19.0,23.0,19.0,16.0,1.19,7.0,23.0,30.43,23.0,39.0,58.97,23.0,28.0,82.14,2.0,22.0,1.38,0.0,18.0,0.0,16.0,4.0,120.0,96.0,24.0,52.0,20.0,31.0,8.0,23.0,18.0,12.0,1.5,8.0,17.0,47.06,26.0,40.0,65.0,20.0,23.0,86.96,3.0,4.0,0.33,2.0,15.0,0.13,12.0,1.0,113.0
68,67,2013-11-16,2,1,2013-2014,Espírito Santo,Minas,1,0.0,0.0,0.0,0.0,0.0,0.0,0.0,0.0,0.0,0.0,0.0,0.0,0.0,0.0,0.0,0.0,0.0,0.0,0.0,0.0,0.0,0.0,0.0,0.0,0.0,0.0,0.0,0.0,0.0,0.0,0.0,0.0,0.0,0.0,0.0,0.0,0.0,0.0,0.0,0.0,0.0,0.0,0.0,0.0,0.0,0.0,0.0,0.0,0.0,0.0,0.0,0.0,0.0,0.0,0.0,0.0
64,78,2013-11-21,3,1,2013-2014,Goiânia,Mogi,0,74.0,31.5,29.0,13.5,30.0,6.0,24.0,10.5,17.0,0.65,10.5,24.0,42.5,14.5,31.0,46.980000000000004,13.5,19.0,70.555,0.0,8.5,0.5,0.5,20.5,0.025,17.0,1.5,71.0,80.5,18.0,43.0,19.5,42.5,17.0,25.5,15.0,15.5,0.96,6.0,21.5,27.715,21.5,40.0,53.875,19.5,25.5,75.85499999999999,1.0,14.5,0.9249999999999999,1.5,18.0,0.085,15.5,2.0,98.5
82,78,2013-11-21,3,1,2013-2014,Pinheiros,Macaé Basquete,1,75.0,31.5,34.0,9.5,34.5,10.0,24.5,14.5,12.0,1.455,10.5,25.5,40.510000000000005,17.0,40.0,41.730000000000004,9.5,13.5,70.295,1.0,9.5,0.835,5.0,16.5,0.28500000000000003,12.0,1.5,84.5,84.0,33.0,32.0,19.0,38.0,9.0,29.0,16.0,10.0,1.6,11.0,30.0,36.67,16.0,31.0,51.61,19.0,26.0,73.08,1.0,13.0,1.3,0.0,17.0,0.0,10.0,0.0,100.0
87,90,2013-11-21,3,1,2013-2014,Minas,Coop/São José Basketball,0,67.0,6.0,44.0,17.0,30.0,6.0,24.0,6.0,7.0,0.86,2.0,11.0,18.18,22.0,41.0,53.66,17.0,21.0,80.95,2.0,4.0,0.57,2.0,22.0,0.09,7.0,3.0,70.0,83.0,28.5,42.0,12.5,36.5,12.0,24.5,22.0,16.0,1.375,9.5,18.5,51.935,21.0,42.5,49.39,12.5,18.5,69.5,2.0,11.5,0.72,2.5,11.5,0.21000000000000002,16.0,5.0,103.0
56,72,2013-11-21,3,1,2013-2014,Paulistano,Limeira,0,73.0,33.0,36.0,4.0,33.0,8.0,25.0,12.0,15.0,0.8,11.0,25.0,44.0,18.0,41.0,43.9,4.0,8.0,50.0,0.0,11.0,0.73,3.0,15.0,0.2,15.0,3.0,76.0,88.0,30.0,42.0,16.0,44.0,12.5,31.5,17.5,11.5,1.51,10.0,21.5,46.605000000000004,21.0,45.5,46.17,16.0,22.0,72.87,3.5,9.0,0.76,3.0,21.0,0.14,11.5,2.0,108.0
72,85,2013-11-21,3,1,2013-2014,L. Sorocabana,Bauru Basket,0,72.0,33.0,32.0,7.0,24.0,5.0,19.0,17.0,15.0,1.13,11.0,25.0,44.0,16.0,28.0,57.14,7.0,10.0,70.0,1.0,9.0,0.6,3.0,24.0,0.13,15.0,2.0,81.0,82.5,33.0,38.0,11.5,36.5,9.5,27.0,14.5,11.0,1.35,11.0,26.0,42.265,19.0,37.5,50.64,11.5,15.5,72.435,1.0,7.5,0.69,1.0,16.5,0.07,11.0,2.5,93.5
71,84,2013-11-21,3,1,2013-2014,Palmeiras,Flamengo,0,72.5,24.0,29.0,19.5,37.5,12.0,25.5,11.5,8.5,1.355,8.0,26.5,29.205,14.5,35.0,40.815,19.5,27.5,70.7,1.5,7.5,0.885,2.0,19.5,0.105,8.5,1.5,75.5,84.5,30.0,36.0,18.5,38.0,11.5,26.5,14.0,12.5,1.115,10.0,28.0,36.230000000000004,18.0,34.0,52.955,18.5,23.0,80.995,1.0,11.0,0.865,0.5,16.0,0.03,12.5,3.5,97.0
88,75,2013-11-21,3,1,2013-2014,Brasília,Fortaleza B. C. / CFO,1,82.0,30.0,46.0,6.0,33.0,10.0,23.0,15.0,6.0,2.5,10.0,32.0,31.25,23.0,43.0,53.49,6.0,6.0,100.0,0.0,6.0,1.0,1.0,23.0,0.04,6.0,1.0,89.0,83.0,24.0,49.0,10.0,35.5,15.5,20.0,15.5,11.0,1.97,8.0,19.5,41.71,24.5,50.0,48.75,10.0,14.5,66.84,1.0,12.0,1.48,3.0,25.5,0.115,11.0,4.0,96.5
75,63,2013-11-23,4,1,2013-2014,Goiânia,Fortaleza B. C. / CFO,1,70.66666666666667,25.0,32.666666666666664,13.0,33.333333333333336,8.0,25.333333333333332,11.333333333333334,15.0,0.8266666666666667,8.333333333333334,25.0,33.27,16.333333333333332,34.0,47.98666666666667,13.0,18.0,72.03666666666668,0.0,8.666666666666666,0.6066666666666666,1.3333333333333333,21.333333333333332,0.06,15.0,3.3333333333333335,71.0,80.33333333333333,19.0,52.0,9.333333333333334,34.0,13.0,21.0,12.0,9.666666666666666,1.55,6.333333333333333,17.666666666666668,34.949999999999996,26.0,51.666666666666664,50.07666666666666,9.333333333333334,14.0,65.07333333333334,2.0,11.333333333333334,1.4633333333333332,2.6666666666666665,23.666666666666668,0.11,9.666666666666666,3.3333333333333335,89.0
86,79,2013-11-23,4,1,2013-2014,Espírito Santo,Coop/São José Basketball,1,68.0,18.0,32.0,18.0,32.0,9.0,23.0,12.0,7.0,1.71,6.0,22.0,27.27,16.0,31.0,51.61,18.0,24.0,75.0,1.0,3.0,0.43,2.0,21.0,0.1,7.0,2.0,73.0,85.33333333333333,22.0,42.666666666666664,20.666666666666668,42.333333333333336,13.0,29.333333333333332,20.0,16.0,1.25,7.333333333333333,22.0,38.07,21.333333333333332,43.333333333333336,49.223333333333336,20.666666666666668,27.333333333333332,73.74,1.3333333333333333,11.333333333333334,0.71,3.0,15.0,0.20000000000000004,16.0,4.666666666666667,102.66666666666667
74,62,2013-11-23,4,1,2013-2014,Pinheiros,Flamengo,1,77.33333333333333,32.0,36.0,9.333333333333334,33.666666666666664,10.333333333333334,23.333333333333332,15.0,11.666666666666666,1.4533333333333334,10.666666666666666,25.333333333333332,41.67333333333334,18.0,40.666666666666664,43.693333333333335,9.333333333333334,16.333333333333332,60.5,0.6666666666666666,11.0,0.98,5.0,17.666666666666668,0.2733333333333334,11.666666666666666,2.0,86.0,84.33333333333333,27.0,36.666666666666664,20.666666666666668,38.666666666666664,11.0,27.666666666666668,13.333333333333334,13.666666666666666,0.9933333333333333,9.0,25.0,36.43333333333334,18.333333333333332,35.666666666666664,51.54333333333333,20.666666666666668,26.333333333333332,79.25,1.6666666666666667,11.333333333333334,0.8266666666666667,2.3333333333333335,16.666666666666668,0.13,13.666666666666666,2.6666666666666665,97.33333333333333
87,66,2013-11-23,4,1,2013-2014,Paulistano,Bauru Basket,1,64.5,25.5,32.0,7.0,33.5,13.0,20.5,10.0,10.5,1.065,8.5,26.5,32.715,16.0,40.0,39.9,7.0,11.0,60.715,0.5,8.5,0.865,2.5,17.0,0.155,10.5,2.5,62.5,83.33333333333333,33.0,36.0,14.333333333333334,32.333333333333336,8.333333333333334,24.0,13.0,13.0,1.0966666666666667,11.0,22.666666666666668,51.093333333333334,18.0,33.333333333333336,55.093333333333334,14.333333333333334,20.0,71.28,1.3333333333333333,7.666666666666667,0.6166666666666666,1.6666666666666667,17.333333333333332,0.10000000000000002,13.0,2.6666666666666665,92.33333333333333
74,76,2013-11-23,4,1,2013-2014,L. Sorocabana,Limeira,0,72.0,21.0,38.0,13.0,22.5,5.5,17.0,15.0,12.5,1.2149999999999999,7.0,19.0,33.54,19.0,31.5,60.0,13.0,17.0,74.58500000000001,1.5,11.0,0.95,2.0,24.5,0.085,12.5,1.5,81.5,82.66666666666667,27.0,41.333333333333336,14.333333333333334,42.333333333333336,11.333333333333334,31.0,16.666666666666668,12.0,1.39,9.0,20.0,44.796666666666674,20.666666666666668,42.333333333333336,49.300000000000004,14.333333333333334,18.666666666666668,79.13666666666667,2.3333333333333335,7.0,0.5833333333333334,3.6666666666666665,21.333333333333332,0.17,12.0,3.3333333333333335,103.33333333333333
92,85,2013-11-23,4,1,2013-2014,Palmeiras,Macaé Basquete,1,72.0,21.0,33.333333333333336,17.666666666666668,38.0,12.666666666666666,25.333333333333332,11.0,10.666666666666666,1.1266666666666667,7.0,22.666666666666668,30.58,16.666666666666668,40.666666666666664,40.669999999999995,17.666666666666668,27.0,65.08333333333333,2.3333333333333335,9.666666666666666,0.9,3.0,21.333333333333332,0.1366666666666667,10.666666666666666,1.3333333333333333,74.0,81.0,27.0,38.0,16.0,39.0,9.5,29.5,15.0,12.5,1.2650000000000001,9.0,25.0,35.835,19.0,36.0,52.635,16.0,21.5,74.775,1.0,10.5,0.915,1.0,19.5,0.045,12.5,0.0,95.5
78,85,2013-11-23,4,1,2013-2014,Brasília,Mogi,0,85.0,27.0,46.0,12.0,36.5,9.0,27.5,12.5,9.5,1.635,9.0,25.5,36.68,23.0,43.5,52.88,12.0,13.5,92.85499999999999,0.0,5.0,0.655,0.5,20.5,0.02,9.5,1.0,91.5,79.66666666666667,21.0,38.0,20.666666666666668,41.666666666666664,14.666666666666666,27.0,13.0,15.0,0.8533333333333334,7.0,23.666666666666668,29.189999999999998,19.0,37.333333333333336,50.5,20.666666666666668,26.666666666666668,77.00666666666666,0.6666666666666666,10.333333333333334,0.6633333333333332,1.6666666666666667,18.0,0.09333333333333334,15.0,2.0,90.33333333333333
92,75,2013-11-23,4,1,2013-2014,Sesi Franca,Uberlândia,1,58.5,3.0,33.0,22.5,28.0,11.5,16.5,8.5,22.0,0.435,1.0,11.0,9.4,16.5,37.5,44.125,22.5,28.5,80.125,0.5,11.0,0.505,2.5,21.5,0.12000000000000001,22.0,4.0,49.5,84.5,21.0,45.0,18.5,32.5,8.5,24.0,16.0,11.5,1.385,7.0,19.0,37.815,22.5,41.5,54.595,18.5,21.5,85.97999999999999,3.0,9.0,0.8,3.0,18.5,0.155,11.5,2.0,99.5
68,80,2013-11-28,5,1,2013-2014,Macaé Basquete,Paulistano,0,82.33333333333333,26.0,37.333333333333336,19.0,37.0,11.0,26.0,14.666666666666666,13.0,1.1766666666666667,8.666666666666666,24.0,36.01,18.666666666666668,38.333333333333336,49.04333333333333,19.0,27.0,71.78000000000002,1.3333333333333333,10.666666666666666,0.8733333333333334,1.0,21.0,0.043333333333333335,13.0,1.3333333333333333,89.66666666666667,72.0,27.0,35.333333333333336,9.666666666666666,34.0,11.666666666666666,22.333333333333332,10.0,13.666666666666666,0.8766666666666666,9.0,24.333333333333332,38.47666666666667,17.666666666666668,38.666666666666664,46.04333333333333,9.666666666666666,12.333333333333334,73.81,0.6666666666666666,8.0,0.6933333333333334,2.0,19.333333333333332,0.11666666666666665,13.666666666666666,3.0,73.33333333333333
93,97,2013-11-28,5,1,2013-2014,Uberlândia,Goiânia,0,81.33333333333333,19.0,45.333333333333336,17.0,30.666666666666668,8.333333333333334,22.333333333333332,15.0,12.0,1.2566666666666666,6.333333333333333,17.666666666666668,36.32,22.666666666666668,43.0,53.06333333333333,17.0,19.666666666666668,86.48666666666666,3.0,8.666666666666666,0.7400000000000001,3.0,20.333333333333332,0.14666666666666667,12.0,2.6666666666666665,92.33333333333333,71.75,23.25,35.0,13.5,34.0,7.5,26.5,10.75,15.75,0.745,7.75,22.0,36.49,17.5,34.75,50.18,13.5,18.75,71.885,0.25,8.25,0.5525,1.75,21.0,0.08249999999999999,15.75,3.5,74.0
70,69,2013-11-28,5,1,2013-2014,Fortaleza B. C. / CFO,Palmeiras,1,76.0,16.5,49.5,10.0,32.0,12.25,19.75,11.25,9.5,1.4125,5.5,18.5,29.784999999999997,24.75,49.5,49.7675,10.0,14.25,68.805,1.5,11.5,1.43,2.5,22.25,0.11,9.5,3.0,81.75,77.0,22.5,34.5,20.0,37.75,12.0,25.75,11.75,12.5,1.04,7.5,22.75,32.7175,17.25,37.75,46.88249999999999,20.0,29.5,67.055,2.25,9.0,0.7725000000000001,3.0,23.0,0.13,12.5,2.0,80.75
80,88,2013-11-28,5,1,2013-2014,Mogi,Pinheiros,0,81.0,23.25,39.5,18.25,39.75,13.0,26.75,12.75,14.75,0.855,7.75,22.0,36.5975,19.75,39.75,49.5775,18.25,23.5,77.3975,0.5,10.5,0.695,1.75,19.25,0.0925,14.75,2.0,91.5,76.5,30.75,37.0,8.75,33.75,9.5,24.25,15.0,11.0,1.5075,10.25,25.5,39.910000000000004,18.5,40.0,45.9275,8.75,15.0,61.285,1.0,10.5,0.985,5.0,17.25,0.28250000000000003,11.0,1.5,86.75
83,53,2013-11-28,5,1,2013-2014,Limeira,Espírito Santo,1,81.0,25.5,42.5,13.0,38.25,9.25,29.0,17.0,12.5,1.365,8.5,19.25,43.892500000000005,21.25,41.5,51.7175,13.0,17.0,78.1025,1.75,7.75,0.615,3.5,21.25,0.1625,12.5,3.0,100.0,77.0,27.0,34.0,16.0,31.5,9.5,22.0,13.0,7.0,1.855,9.0,26.5,32.99,17.0,34.0,50.129999999999995,16.0,20.5,78.675,3.0,6.0,0.86,1.5,22.0,0.07,7.0,1.0,83.0
95,72,2013-11-28,5,1,2013-2014,Flamengo,L. Sorocabana,1,78.75,22.5,38.5,17.75,39.25,11.75,27.5,13.5,13.5,1.0150000000000001,7.5,24.25,30.735000000000003,19.25,38.25,50.614999999999995,17.75,22.0,84.4375,2.75,10.25,0.755,2.25,17.5,0.1225,13.5,2.75,90.5,72.66666666666667,20.0,40.0,12.666666666666666,26.666666666666668,7.666666666666667,19.0,13.333333333333334,12.666666666666666,1.0666666666666667,6.666666666666667,20.666666666666668,30.69333333333333,20.0,32.333333333333336,61.56999999999999,12.666666666666666,18.333333333333332,68.77,1.3333333333333333,11.333333333333334,0.94,2.6666666666666665,23.0,0.12333333333333334,12.666666666666666,2.0,82.0
94,97,2013-11-30,6,1,2013-2014,Fortaleza B. C. / CFO,Pinheiros,0,74.8,15.6,48.0,11.2,31.0,11.4,19.6,11.2,10.6,1.2760000000000002,5.2,18.2,28.534,24.0,47.2,50.866,11.2,15.6,70.28200000000001,1.6,12.2,1.3439999999999999,2.0,20.8,0.088,10.6,3.8,80.0,78.8,30.0,37.6,11.2,33.8,9.2,24.6,15.2,10.6,1.562,10.0,26.4,37.928000000000004,18.8,38.6,48.864,11.2,17.4,64.58399999999999,1.2,10.8,1.0539999999999998,5.0,18.0,0.274,10.6,1.2,90.6
74,66,2013-11-30,6,1,2013-2014,Limeira,Minas,1,81.4,25.8,43.2,12.4,37.2,8.2,29.0,17.4,11.6,1.568,8.6,18.8,45.702000000000005,21.6,40.6,53.806,12.4,16.8,74.982,2.2,8.4,0.768,3.4,20.8,0.162,11.6,2.6,102.6,77.0,15.0,46.0,16.0,35.5,6.0,29.5,13.5,11.5,1.085,5.0,17.5,25.755,23.0,47.0,49.47,16.0,21.5,74.565,2.0,7.0,0.6,3.5,26.5,0.125,11.5,2.5,83.0
91,67,2013-11-30,6,1,2013-2014,Macaé Basquete,L. Sorocabana,1,78.75,22.5,40.0,16.25,35.0,10.75,24.25,12.75,12.0,1.0775000000000001,7.5,22.5,32.5625,20.0,39.75,50.42,16.25,22.25,78.83500000000001,1.0,9.25,0.795,1.0,21.0,0.045,12.0,1.5,84.0,72.5,17.25,42.5,12.75,26.25,7.5,18.75,11.75,10.75,1.15,5.75,19.0,28.377499999999998,21.25,35.0,60.71249999999999,12.75,19.5,65.7075,1.0,10.0,1.005,2.0,23.25,0.0925,10.75,1.75,78.0
80,58,2013-11-30,6,1,2013-2014,Flamengo,Paulistano,1,82.0,22.8,39.6,19.6,38.6,11.8,26.8,14.8,13.0,1.1760000000000002,7.6,23.6,32.208000000000006,19.8,38.2,52.06999999999999,19.6,24.6,82.978,3.0,8.6,0.64,2.6,19.4,0.128,13.0,2.8,94.2,74.0,26.25,37.5,10.25,31.5,10.25,21.25,9.75,12.0,0.98,8.75,24.25,37.19,18.75,38.0,49.81,10.25,13.5,73.005,0.5,7.75,0.77,1.5,20.0,0.0875,12.0,2.25,74.5
61,63,2013-11-30,6,1,2013-2014,Sesi Franca,Goiânia,0,69.66666666666667,8.0,39.333333333333336,22.333333333333332,32.0,12.666666666666666,19.333333333333332,12.0,18.0,0.9233333333333333,2.6666666666666665,13.0,18.03,19.666666666666668,40.333333333333336,48.25666666666667,22.333333333333332,30.0,75.64,1.0,10.333333333333334,0.6366666666666667,3.6666666666666665,18.666666666666668,0.23333333333333336,18.0,3.0,71.0,76.8,27.0,35.6,14.2,33.6,8.2,25.4,12.2,14.4,0.9960000000000001,9.0,23.2,39.192,17.8,34.0,52.402,14.2,19.8,71.674,0.4,7.8,0.576,1.4,22.0,0.06599999999999999,14.4,3.0,81.4
89,69,2013-11-30,6,1,2013-2014,Mogi,Palmeiras,1,80.8,22.2,40.8,17.8,39.6,12.8,26.8,12.8,14.6,0.8699999999999999,7.4,21.6,35.278,20.4,40.6,50.116,17.8,23.6,75.252,1.4,10.0,0.6699999999999999,1.4,19.6,0.074,14.6,2.0,89.8,75.4,22.8,34.8,17.8,36.4,11.4,25.0,13.0,14.4,0.9960000000000001,7.6,23.2,32.574,17.4,35.8,50.364,17.8,25.6,71.644,2.8,8.8,0.6900000000000001,2.6,22.2,0.11400000000000002,14.4,3.0,80.0
75,70,2013-12-03,5,1,2013-2014,Sesi Franca,Brasília,1,67.5,8.25,40.5,18.75,34.25,12.5,21.75,11.5,17.25,0.86,2.75,14.0,17.935000000000002,20.25,41.75,48.150000000000006,18.75,25.25,74.91250000000001,0.75,9.75,0.6100000000000001,3.5,18.0,0.22250000000000003,17.25,3.25,70.0,82.66666666666667,27.0,42.666666666666664,13.0,34.666666666666664,8.0,26.666666666666668,13.666666666666666,11.333333333333334,1.4466666666666665,9.0,26.333333333333332,35.166666666666664,21.333333333333332,39.0,55.25333333333333,13.0,15.0,89.67999999999999,0.6666666666666666,7.0,0.68,2.0,19.333333333333332,0.10999999999999999,11.333333333333334,2.0,91.66666666666667
76,84,2013-12-05,7,1,2013-2014,Pinheiros,Uberlândia,0,81.83333333333333,30.5,38.666666666666664,12.666666666666666,34.833333333333336,8.833333333333334,26.0,15.333333333333334,11.5,1.4683333333333335,10.166666666666666,26.0,39.245000000000005,19.333333333333332,38.666666666666664,50.12166666666667,12.666666666666666,18.333333333333332,68.31333333333332,1.6666666666666667,9.666666666666666,0.9199999999999999,4.333333333333333,17.666666666666668,0.23833333333333337,11.5,1.5,93.66666666666667,84.25,23.25,44.0,17.0,29.75,8.75,21.0,17.0,10.75,1.7650000000000001,7.75,19.0,40.2825,22.0,40.75,54.5025,17.0,21.25,81.21,2.5,8.5,0.8400000000000001,2.5,20.5,0.1225,10.75,2.25,97.0
76,82,2013-12-05,7,1,2013-2014,Coop/São José Basketball,Limeira,0,83.75,22.5,41.0,20.25,39.75,11.5,28.25,16.75,15.5,1.0625,7.5,21.75,38.0775,20.5,41.25,49.775000000000006,20.25,26.0,76.895,1.25,10.25,0.6575,2.75,15.25,0.18250000000000002,15.5,4.75,97.0,80.16666666666667,26.0,41.666666666666664,12.5,35.833333333333336,8.5,27.333333333333332,17.333333333333332,11.333333333333334,1.5899999999999999,8.666666666666666,18.666666666666668,46.41833333333333,20.833333333333332,39.833333333333336,52.708333333333336,12.5,17.0,74.52166666666666,2.1666666666666665,8.166666666666666,0.7566666666666667,2.8333333333333335,20.5,0.135,11.333333333333334,2.6666666666666665,99.5
65,89,2013-12-05,7,1,2013-2014,Espírito Santo,Macaé Basquete,0,69.0,25.0,29.333333333333332,14.666666666666666,31.0,9.666666666666666,21.333333333333332,12.666666666666666,8.666666666666666,1.57,8.333333333333334,23.0,36.57666666666667,14.666666666666666,34.666666666666664,42.68,14.666666666666666,19.0,77.45,2.0,5.666666666666667,0.7133333333333334,1.6666666666666667,21.0,0.08333333333333333,8.666666666666666,1.0,72.33333333333333,81.2,23.4,40.8,17.0,32.8,10.4,22.4,12.6,11.0,1.2040000000000002,7.8,22.6,33.876,20.4,39.2,52.227999999999994,17.0,22.0,82.11600000000001,0.8,10.2,1.036,1.0,20.2,0.048,11.0,1.2,88.2
84,66,2013-12-05,7,1,2013-2014,Minas,Flamengo,1,73.33333333333333,17.0,41.333333333333336,15.0,32.333333333333336,5.666666666666667,26.666666666666668,14.0,11.333333333333334,1.1766666666666667,5.666666666666667,16.333333333333332,33.836666666666666,20.666666666666668,41.0,51.370000000000005,15.0,20.0,75.2,1.3333333333333333,6.333333333333333,0.5499999999999999,2.6666666666666665,24.666666666666668,0.09999999999999999,11.333333333333334,3.0,81.33333333333333,81.66666666666667,22.5,40.0,19.166666666666668,38.666666666666664,11.333333333333334,27.333333333333332,14.0,13.5,1.0850000000000002,7.5,23.5,31.911666666666672,20.0,38.333333333333336,52.36666666666667,19.166666666666668,24.166666666666668,82.02666666666666,2.5,9.0,0.6483333333333333,2.6666666666666665,19.166666666666668,0.135,13.5,2.5,93.16666666666667
93,89,2013-12-05,7,1,2013-2014,Paulistano,Mogi,1,70.8,25.8,34.8,10.2,31.8,9.6,22.2,9.6,12.4,0.9119999999999999,8.6,24.4,36.152,17.4,36.6,47.59,10.2,14.0,70.904,0.4,8.8,0.8019999999999999,1.6,20.0,0.09,12.4,2.2,71.4,82.16666666666667,23.0,40.666666666666664,18.5,39.333333333333336,12.833333333333334,26.5,14.333333333333334,14.833333333333334,0.955,7.666666666666667,21.666666666666668,36.21666666666666,20.333333333333332,39.666666666666664,51.28666666666667,18.5,24.333333333333332,75.80499999999999,1.6666666666666667,10.333333333333334,0.6833333333333332,1.5,20.166666666666668,0.07666666666666666,14.833333333333334,2.3333333333333335,93.66666666666667
92,83,2013-12-05,7,1,2013-2014,L. Sorocabana,Fortaleza B. C. / CFO,1,71.4,19.2,40.0,12.2,26.6,8.2,18.4,11.0,12.4,1.004,6.4,19.6,30.883999999999997,20.0,33.8,58.91399999999999,12.2,18.6,65.9,0.8,9.4,0.8779999999999999,1.8,22.4,0.08399999999999999,12.4,2.4,74.4,78.0,18.0,49.333333333333336,10.666666666666666,31.833333333333332,11.333333333333334,20.5,12.666666666666666,10.0,1.54,6.0,19.333333333333332,30.444999999999997,24.666666666666668,48.5,50.873333333333335,10.666666666666666,15.166666666666666,68.825,2.1666666666666665,12.0,1.3816666666666666,1.6666666666666667,21.0,0.07333333333333333,10.0,3.6666666666666665,84.5
89,84,2013-12-06,7,1,2013-2014,Palmeiras,Sesi Franca,1,74.33333333333333,21.5,35.666666666666664,17.166666666666668,36.666666666666664,13.333333333333334,23.333333333333332,13.166666666666666,14.666666666666666,0.9766666666666667,7.166666666666667,23.0,30.933333333333334,17.833333333333332,38.0,48.77333333333333,17.166666666666668,24.666666666666668,71.37,2.6666666666666665,8.833333333333334,0.6683333333333333,2.5,22.333333333333332,0.11,14.666666666666666,3.0,77.33333333333333,69.0,10.8,39.6,18.6,35.8,12.4,23.4,12.0,16.6,0.8879999999999999,3.6,15.4,21.014000000000003,19.8,41.8,47.092000000000006,18.6,25.4,73.77600000000001,0.8,10.2,0.66,3.2,18.2,0.20000000000000004,16.6,2.6,73.0
96,87,2013-12-07,8,1,2013-2014,Pinheiros,Sesi Franca,1,81.0,30.857142857142858,37.42857142857143,12.714285714285714,34.142857142857146,8.857142857142858,25.285714285714285,14.857142857142858,12.142857142857142,1.3657142857142859,10.285714285714286,26.571428571428573,38.877142857142864,18.714285714285715,37.285714285714285,50.35000000000001,12.714285714285714,18.428571428571427,68.32857142857142,1.7142857142857142,9.714285714285714,0.8785714285714284,4.428571428571429,17.285714285714285,0.25142857142857145,12.142857142857142,2.0,91.42857142857143,71.5,12.0,41.333333333333336,18.166666666666668,34.5,11.0,23.5,13.0,16.833333333333332,0.9066666666666666,4.0,15.333333333333334,24.17833333333333,20.666666666666668,42.166666666666664,48.71333333333334,18.166666666666668,24.5,74.81333333333335,1.0,10.0,0.6333333333333334,3.1666666666666665,19.333333333333332,0.18666666666666668,16.833333333333332,2.6666666666666665,76.16666666666667
72,101,2013-12-07,8,1,2013-2014,Goiânia,Brasília,0,74.5,26.0,35.333333333333336,13.166666666666666,33.833333333333336,7.833333333333333,26.0,12.0,14.0,0.9833333333333334,8.666666666666666,23.833333333333332,36.98166666666667,17.666666666666668,33.333333333333336,53.11333333333334,13.166666666666666,18.666666666666668,69.985,0.3333333333333333,8.333333333333334,0.6333333333333333,1.3333333333333333,22.0,0.06333333333333332,14.0,3.1666666666666665,79.66666666666667,79.5,27.75,40.0,11.75,34.25,7.0,27.25,12.75,13.0,1.225,9.25,27.25,34.707499999999996,20.0,36.75,54.772499999999994,11.75,14.25,83.9275,1.0,8.5,0.69,1.75,19.5,0.09499999999999999,13.0,2.75,86.5
78,88,2013-12-07,8,1,2013-2014,Coop/São José Basketball,Bauru Basket,0,82.2,21.6,40.8,19.8,38.2,11.4,26.8,15.0,15.2,0.9640000000000001,7.2,21.6,36.176,20.4,41.0,49.82000000000001,19.8,24.6,80.464,1.2,9.0,0.584,2.6,15.0,0.17400000000000002,15.2,4.6,92.0,79.0,29.25,35.5,14.25,30.25,8.25,22.0,12.5,13.25,1.02,9.75,23.0,44.57,17.75,33.25,54.2,14.25,19.75,71.88,1.25,9.25,0.7124999999999999,2.25,17.75,0.1275,13.25,3.0,85.75
67,65,2013-12-07,8,1,2013-2014,Minas,Macaé Basquete,1,76.0,18.75,43.5,13.75,32.0,7.0,25.0,15.5,11.0,1.3825,6.25,16.25,37.8775,21.75,42.5,51.825,13.75,19.5,70.28999999999999,2.0,8.0,0.7375,3.25,24.75,0.125,11.0,2.25,87.25,82.5,23.0,43.333333333333336,16.166666666666668,34.5,10.666666666666666,23.833333333333332,13.166666666666666,11.666666666666666,1.1816666666666669,7.666666666666667,21.5,35.52166666666667,21.666666666666668,41.0,52.85666666666666,16.166666666666668,21.166666666666668,80.19500000000001,0.6666666666666666,10.333333333333334,0.985,1.0,19.833333333333332,0.049999999999999996,11.666666666666666,1.1666666666666667,91.66666666666667
94,79,2013-12-07,8,1,2013-2014,Paulistano,Fortaleza B. C. / CFO,1,74.5,27.5,34.666666666666664,12.333333333333334,31.833333333333332,8.666666666666666,23.166666666666668,10.666666666666666,12.166666666666666,1.0016666666666667,9.166666666666666,24.333333333333332,38.46,17.333333333333332,36.0,48.245000000000005,12.333333333333334,16.5,72.30499999999999,0.3333333333333333,8.666666666666666,0.79,1.5,21.333333333333332,0.08166666666666665,12.166666666666666,2.0,77.0,78.71428571428571,18.857142857142858,48.0,11.857142857142858,31.428571428571427,10.857142857142858,20.571428571428573,12.571428571428571,10.857142857142858,1.4271428571428573,6.285714285714286,19.571428571428573,31.538571428571426,24.0,46.714285714285715,51.542857142857144,11.857142857142858,16.571428571428573,69.85000000000001,2.0,11.428571428571429,1.2557142857142856,1.7142857142857142,21.285714285714285,0.07571428571428572,10.857142857142858,3.4285714285714284,84.28571428571429
81,79,2013-12-07,8,1,2013-2014,L. Sorocabana,Mogi,1,74.83333333333333,19.5,41.333333333333336,14.0,27.666666666666668,8.666666666666666,19.0,11.5,11.666666666666666,1.1283333333333332,6.5,19.333333333333332,32.218333333333334,20.666666666666668,36.166666666666664,57.42833333333332,14.0,19.833333333333332,69.66,1.3333333333333333,10.0,1.0033333333333332,2.1666666666666665,22.333333333333332,0.09999999999999999,11.666666666666666,2.0,80.33333333333333,83.14285714285714,23.142857142857142,40.285714285714285,19.714285714285715,38.57142857142857,12.0,26.571428571428573,14.857142857142858,14.285714285714286,1.0528571428571427,7.714285714285714,21.571428571428573,36.48571428571428,20.142857142857142,39.142857142857146,51.5,19.714285714285715,26.0,75.68999999999998,1.4285714285714286,10.142857142857142,0.7028571428571428,1.8571428571428572,20.714285714285715,0.09,14.285714285714286,2.142857142857143,95.14285714285714
68,64,2013-12-07,8,1,2013-2014,Palmeiras,Uberlândia,1,76.42857142857143,20.142857142857142,38.0,18.285714285714285,37.0,13.285714285714286,23.714285714285715,13.0,14.285714285714286,0.9800000000000001,6.714285714285714,23.0,28.99857142857143,19.0,38.42857142857143,50.86428571428571,18.285714285714285,26.0,71.67857142857143,3.0,9.428571428571429,0.7271428571428571,2.7142857142857144,23.0,0.11571428571428573,14.285714285714286,2.5714285714285716,80.85714285714286,84.2,23.4,46.0,14.8,31.6,9.4,22.2,17.0,11.8,1.624,7.8,19.6,39.498000000000005,23.0,42.2,54.852,14.8,18.4,82.10999999999999,3.4,9.0,0.8100000000000002,2.4,19.4,0.124,11.8,3.0,97.8
60,77,2013-12-07,8,1,2013-2014,Espírito Santo,Flamengo,0,68.0,25.5,28.5,14.0,29.25,8.25,21.0,11.5,10.0,1.32,8.5,25.0,34.69,14.25,32.25,45.01,14.0,18.75,74.755,1.75,7.5,0.7675000000000001,1.25,19.75,0.0625,10.0,1.25,68.25,79.42857142857143,21.0,38.57142857142857,19.857142857142858,37.42857142857143,11.0,26.428571428571427,13.571428571428571,14.428571428571429,1.0085714285714287,7.0,21.714285714285715,32.547142857142866,19.285714285714285,38.0,50.83857142857143,19.857142857142858,25.142857142857142,81.36857142857141,2.2857142857142856,9.142857142857142,0.6271428571428572,2.857142857142857,19.857142857142858,0.14,14.428571428571429,2.4285714285714284,89.28571428571429
95,81,2013-12-09,6,1,2013-2014,Uberlândia,Brasília,1,80.83333333333333,22.5,43.666666666666664,14.666666666666666,32.5,9.0,23.5,16.666666666666668,11.666666666666666,1.58,7.5,19.5,38.178333333333335,21.833333333333332,42.0,52.21333333333333,14.666666666666666,18.0,83.00833333333333,3.5,8.0,0.7200000000000001,2.1666666666666665,19.333333333333332,0.11166666666666668,11.666666666666666,2.8333333333333335,93.0,83.8,33.0,39.6,11.2,32.8,6.4,26.4,14.2,11.6,1.6460000000000001,11.0,27.2,41.1,19.8,34.4,59.017999999999994,11.2,14.2,80.0,0.8,7.8,0.718,1.6,18.0,0.092,11.6,2.4,94.8
80,73,2013-12-11,9,1,2013-2014,Sesi Franca,L. Sorocabana,1,73.71428571428571,14.571428571428571,41.142857142857146,18.0,34.0,11.142857142857142,22.857142857142858,13.714285714285714,16.857142857142858,0.9285714285714286,4.857142857142857,16.285714285714285,27.217142857142854,20.571428571428573,41.42857142857143,49.47571428571429,18.0,24.142857142857142,75.16428571428573,0.8571428571428571,9.857142857142858,0.6185714285714285,3.0,19.0,0.17714285714285719,16.857142857142858,2.857142857142857,79.0,75.71428571428571,20.142857142857142,40.285714285714285,15.285714285714286,28.857142857142858,9.142857142857142,19.714285714285715,11.714285714285714,11.571428571428571,1.1357142857142857,6.714285714285714,19.428571428571427,33.33,20.142857142857142,36.142857142857146,55.96999999999999,15.285714285714286,20.857142857142858,71.87857142857142,1.1428571428571428,9.428571428571429,0.9385714285714285,2.142857142857143,23.285714285714285,0.09571428571428571,11.571428571428571,2.142857142857143,82.0
81,77,2013-12-12,9,1,2013-2014,Goiânia,Palmeiras,1,74.14285714285714,26.571428571428573,34.57142857142857,13.0,31.142857142857142,7.571428571428571,23.571428571428573,12.142857142857142,12.857142857142858,1.1528571428571428,8.857142857142858,23.428571428571427,38.50142857142857,17.285714285714285,33.714285714285715,51.478571428571435,13.0,18.0,72.23142857142857,0.8571428571428571,7.857142857142857,0.6614285714285714,1.2857142857142858,21.714285714285715,0.06142857142857142,12.857142857142858,2.857142857142857,77.71428571428571,75.375,21.375,36.5,17.5,37.375,12.75,24.625,13.25,13.375,1.125,7.125,23.125,30.582500000000003,18.25,38.25,48.89874999999999,17.5,25.0,71.0525,2.625,9.125,0.76125,2.625,22.5,0.115,13.375,2.625,80.875
82,85,2013-12-12,9,1,2013-2014,Macaé Basquete,Coop/São José Basketball,0,80.0,22.285714285714285,41.142857142857146,16.571428571428573,33.57142857142857,9.571428571428571,24.0,13.285714285714286,12.428571428571429,1.1300000000000001,7.428571428571429,21.0,35.208571428571425,20.571428571428573,39.285714285714285,52.202857142857134,16.571428571428573,21.857142857142858,79.17857142857144,0.5714285714285714,10.142857142857142,0.92,1.0,20.285714285714285,0.048571428571428564,12.428571428571429,1.4285714285714286,88.0,81.5,21.5,41.333333333333336,18.666666666666668,37.333333333333336,11.0,26.333333333333332,15.166666666666666,15.0,0.9933333333333333,7.166666666666667,22.5,34.468333333333334,20.666666666666668,40.5,51.165,18.666666666666668,23.166666666666668,80.595,1.1666666666666667,9.166666666666666,0.605,2.6666666666666665,14.5,0.18666666666666668,15.0,4.0,91.16666666666667
80,81,2013-12-12,9,1,2013-2014,Uberlândia,Paulistano,0,82.85714285714286,24.428571428571427,44.0,14.428571428571429,33.42857142857143,9.142857142857142,24.285714285714285,16.857142857142858,11.571428571428571,1.5885714285714287,8.142857142857142,20.142857142857142,39.86714285714286,22.0,42.285714285714285,52.22142857142857,14.428571428571429,18.285714285714285,80.43571428571428,3.2857142857142856,8.142857142857142,0.7342857142857143,2.142857142857143,19.571428571428573,0.11,11.571428571428571,2.857142857142857,95.71428571428571,77.28571428571429,27.428571428571427,35.714285714285715,14.142857142857142,32.0,9.285714285714286,22.714285714285715,11.571428571428571,12.285714285714286,1.0457142857142858,9.142857142857142,24.428571428571427,38.10857142857143,17.857142857142858,36.142857142857146,49.46142857142858,14.142857142857142,18.142857142857142,74.73142857142857,0.2857142857142857,8.857142857142858,0.7871428571428571,1.5714285714285714,20.857142857142858,0.08571428571428572,12.285714285714286,1.8571428571428572,81.42857142857143
94,76,2013-12-12,9,1,2013-2014,Mogi,Espírito Santo,1,82.625,22.125,40.25,20.25,37.625,11.875,25.75,14.5,13.5,1.10875,7.375,20.375,37.13375,20.125,39.625,50.87625,20.25,26.875,75.32,1.375,9.875,0.74,1.875,21.125,0.08875,13.5,2.125,93.875,66.4,24.6,27.2,14.6,29.8,9.4,20.4,10.0,10.0,1.1360000000000001,8.2,25.2,33.136,13.6,32.0,43.104,14.6,20.8,71.52799999999999,1.6,7.8,0.794,1.0,18.8,0.05,10.0,1.8,63.4
84,82,2013-12-12,9,1,2013-2014,Brasília,Pinheiros,1,83.33333333333333,32.5,39.333333333333336,11.5,32.5,6.166666666666667,26.333333333333332,14.833333333333334,11.666666666666666,1.6216666666666668,10.833333333333334,27.5,39.99666666666666,19.666666666666668,34.333333333333336,58.495,11.5,14.5,80.20833333333333,0.6666666666666666,7.5,0.6816666666666666,1.6666666666666667,18.666666666666668,0.09166666666666666,11.666666666666666,2.1666666666666665,93.83333333333333,82.875,31.125,39.25,12.5,33.25,8.875,24.375,15.125,12.375,1.34625,10.375,25.875,40.565000000000005,19.625,37.875,51.79375,12.5,17.875,69.60874999999999,2.0,10.0,0.87625,4.0,17.875,0.22625000000000003,12.375,2.25,93.75
60,71,2013-12-12,9,1,2013-2014,Fortaleza B. C. / CFO,Minas,0,78.75,19.125,48.25,11.375,31.25,10.875,20.375,12.5,11.0,1.37375,6.375,19.625,31.971249999999998,24.125,46.25,52.3675,11.375,15.875,70.21000000000001,2.0,10.875,1.17125,2.0,22.0,0.085,11.0,3.125,84.5,74.2,15.6,44.0,14.6,32.0,6.4,25.6,14.8,12.0,1.256,5.2,15.6,31.839999999999996,22.0,41.8,53.254,14.6,19.6,74.232,2.2,7.6,0.666,3.0,25.0,0.11599999999999999,12.0,2.4,84.4
70,60,2013-12-14,10,1,2013-2014,Mogi,Minas,1,83.88888888888889,21.333333333333332,42.0,20.555555555555557,37.77777777777778,11.666666666666666,26.11111111111111,15.11111111111111,13.11111111111111,1.2077777777777776,7.111111111111111,19.555555555555557,37.28111111111111,21.0,40.666666666666664,51.57222222222222,20.555555555555557,26.666666666666668,77.17333333333333,1.3333333333333333,9.666666666666666,0.7466666666666666,1.7777777777777777,21.555555555555557,0.08333333333333333,13.11111111111111,2.0,96.88888888888889,73.66666666666667,14.0,44.0,15.666666666666666,32.333333333333336,6.666666666666667,25.666666666666668,14.333333333333334,12.166666666666666,1.2,4.666666666666667,15.0,29.311666666666667,22.0,41.666666666666664,53.32166666666666,15.666666666666666,21.833333333333332,72.46666666666665,2.3333333333333335,8.5,0.7216666666666667,2.8333333333333335,25.333333333333332,0.10833333333333332,12.166666666666666,2.8333333333333335,83.33333333333333
74,88,2013-12-14,10,1,2013-2014,Goiânia,Pinheiros,0,75.0,25.125,36.0,13.875,31.75,8.25,23.5,12.75,12.875,1.1725,8.375,23.0,36.81375,18.0,34.75,51.88875,13.875,18.75,73.61875,0.875,7.125,0.5975,1.125,21.875,0.05374999999999999,12.875,3.25,78.625,82.77777777777777,32.333333333333336,38.22222222222222,12.222222222222221,33.44444444444444,8.777777777777779,24.666666666666668,15.222222222222221,12.333333333333334,1.3444444444444443,10.777777777777779,25.88888888888889,42.04111111111112,19.11111111111111,37.888888888888886,50.42444444444445,12.222222222222221,17.333333333333332,70.42111111111109,2.2222222222222223,9.88888888888889,0.8622222222222222,3.7777777777777777,17.88888888888889,0.21333333333333337,12.333333333333334,2.111111111111111,93.77777777777777
71,77,2013-12-14,10,1,2013-2014,Brasília,Palmeiras,0,83.42857142857143,33.857142857142854,38.857142857142854,10.714285714285714,32.42857142857143,5.857142857142857,26.571428571428573,15.0,11.571428571428571,1.5971428571428572,11.285714285714286,28.142857142857142,40.53285714285715,19.428571428571427,33.857142857142854,58.43285714285714,10.714285714285714,13.714285714285714,78.27428571428571,1.0,7.571428571428571,0.6885714285714286,1.8571428571428572,18.142857142857142,0.10714285714285714,11.571428571428571,2.142857142857143,94.42857142857143,75.55555555555556,22.0,36.22222222222222,17.333333333333332,37.111111111111114,12.777777777777779,24.333333333333332,14.11111111111111,13.444444444444445,1.1666666666666667,7.333333333333333,24.22222222222222,30.214444444444446,18.11111111111111,37.77777777777778,49.021111111111104,17.333333333333332,24.88888888888889,70.56555555555555,2.5555555555555554,8.88888888888889,0.7322222222222222,2.7777777777777777,22.333333333333332,0.12333333333333335,13.444444444444445,3.6666666666666665,80.88888888888889
59,81,2013-12-14,10,1,2013-2014,Flamengo,Coop/São José Basketball,0,79.125,21.75,39.0,18.375,38.0,11.375,26.625,13.75,14.25,1.02625,7.25,22.25,32.806250000000006,19.5,37.625,51.98375,18.375,24.125,77.07999999999998,2.375,8.75,0.6062500000000001,3.125,19.75,0.15500000000000003,14.25,2.625,89.625,82.0,21.428571428571427,41.42857142857143,19.142857142857142,38.57142857142857,11.571428571428571,27.0,14.857142857142858,14.714285714285714,0.9942857142857143,7.142857142857143,22.714285714285715,33.71142857142858,20.714285714285715,40.285714285714285,51.548571428571435,19.142857142857142,23.857142857142858,80.30571428571429,1.0,8.0,0.53,2.4285714285714284,14.571428571428571,0.17,14.714285714285714,3.857142857142857,91.28571428571429
71,90,2013-12-14,10,1,2013-2014,Bauru Basket,Limeira,0,80.8,28.8,38.4,13.6,32.4,9.2,23.2,13.4,13.4,1.058,9.6,22.4,44.656,19.2,36.2,53.775999999999996,13.6,19.0,71.25399999999999,1.6,10.0,0.756,2.0,17.8,0.11400000000000002,13.4,3.0,90.0,80.42857142857143,26.142857142857142,42.0,12.285714285714286,35.42857142857143,8.571428571428571,26.857142857142858,17.285714285714285,11.142857142857142,1.6057142857142854,8.714285714285714,18.714285714285715,46.55428571428571,21.0,40.285714285714285,52.48714285714285,12.285714285714286,16.428571428571427,75.96428571428571,1.8571428571428572,8.428571428571429,0.7914285714285715,2.7142857142857144,20.285714285714285,0.13142857142857142,11.142857142857142,2.857142857142857,99.71428571428571
83,84,2013-12-14,10,1,2013-2014,Sesi Franca,Paulistano,0,74.5,15.75,40.75,18.0,34.125,10.875,23.25,13.875,17.5,0.8975,5.25,16.75,28.814999999999998,20.375,40.25,50.713750000000005,18.0,24.125,75.14375000000001,1.125,9.875,0.5975,3.0,18.375,0.18125000000000002,17.5,3.0,80.375,77.75,26.625,37.75,13.375,32.375,10.125,22.25,11.75,11.5,1.18625,8.875,25.0,36.3625,18.875,37.0,50.837500000000006,13.375,17.25,74.48125,0.25,8.625,0.835,1.625,20.625,0.08875,11.5,2.0,82.5
87,63,2013-12-14,10,1,2013-2014,Uberlândia,L. Sorocabana,1,82.5,25.125,43.0,14.375,33.625,9.625,24.0,17.375,11.5,1.6287500000000001,8.375,20.25,40.83625,21.5,41.875,51.46249999999999,14.375,18.5,79.13125,3.25,7.5,0.67625,2.125,19.0,0.1125,11.5,3.0,95.25,75.375,19.125,41.5,14.75,28.875,9.375,19.5,12.0,11.5,1.1524999999999999,6.375,18.375,33.70875,20.75,38.625,54.553749999999994,14.75,19.875,73.47125,1.5,10.25,1.0025,2.0,23.125,0.09,11.5,2.125,82.0
78,60,2013-12-14,10,1,2013-2014,Fortaleza B. C. / CFO,Espírito Santo,1,76.66666666666667,18.0,46.666666666666664,12.0,31.444444444444443,10.555555555555555,20.88888888888889,12.222222222222221,11.777777777777779,1.2833333333333334,6.0,18.555555555555557,31.75222222222222,23.333333333333332,46.111111111111114,50.74666666666667,12.0,16.88888888888889,69.96444444444445,2.0,10.333333333333334,1.0777777777777777,2.0,22.11111111111111,0.08555555555555555,11.777777777777779,3.111111111111111,80.66666666666667,68.0,25.5,27.666666666666668,14.833333333333334,29.0,9.166666666666666,19.833333333333332,11.0,10.5,1.1516666666666666,8.5,25.5,33.78666666666667,13.833333333333334,32.166666666666664,43.495,14.833333333333334,20.666666666666668,72.94,1.8333333333333333,7.5,0.7383333333333334,0.8333333333333334,19.666666666666668,0.041666666666666664,10.5,2.0,64.66666666666667
78,91,2013-12-16,2,1,2013-2014,Macaé Basquete,Brasília,0,80.25,23.25,40.75,16.25,33.125,9.375,23.75,13.375,11.125,1.86375,7.75,21.875,35.271249999999995,20.375,39.5,51.47,16.25,21.0,80.94750000000002,0.625,10.125,1.4300000000000002,1.125,20.25,0.05499999999999999,11.125,1.25,88.875,81.875,34.125,37.5,10.25,33.25,6.75,26.5,14.75,11.625,1.5325,11.375,28.875,39.877500000000005,18.75,34.125,55.989999999999995,10.25,12.875,80.99,1.0,7.5,0.675,2.125,18.375,0.11875,11.625,1.875,92.375
67,88,2013-12-19,11,1,2013-2014,Limeira,Flamengo,0,81.625,26.625,42.75,12.25,35.375,8.125,27.25,17.375,10.875,1.6549999999999998,8.875,19.0,46.6875,21.375,40.5,53.068749999999994,12.25,16.625,74.8025,1.625,8.625,0.83125,2.375,20.875,0.115,10.875,2.5,100.875,76.88888888888889,21.333333333333332,38.44444444444444,17.11111111111111,37.0,10.88888888888889,26.11111111111111,13.444444444444445,14.777777777777779,0.9766666666666668,7.111111111111111,22.11111111111111,32.33555555555556,19.22222222222222,37.44444444444444,51.45444444444445,17.11111111111111,22.555555555555557,76.29333333333332,2.2222222222222223,8.666666666666666,0.5855555555555556,2.888888888888889,19.11111111111111,0.14555555555555558,14.777777777777779,2.7777777777777777,85.44444444444444
90,86,2013-12-19,11,1,2013-2014,Bauru Basket,Macaé Basquete,1,79.16666666666667,27.0,37.333333333333336,14.833333333333334,32.0,9.0,23.0,13.166666666666666,12.833333333333334,1.0816666666666668,9.0,23.0,41.06,18.666666666666668,35.333333333333336,53.415,14.833333333333334,21.333333333333332,69.985,1.5,9.833333333333334,0.7799999999999999,1.6666666666666667,17.666666666666668,0.09500000000000001,12.833333333333334,2.5,85.83333333333333,80.0,22.666666666666668,41.333333333333336,16.0,32.22222222222222,9.11111111111111,23.11111111111111,13.88888888888889,10.555555555555555,1.99,7.555555555555555,22.333333333333332,33.91666666666666,20.666666666666668,40.0,51.55888888888889,16.0,20.77777777777778,80.14000000000003,0.5555555555555556,10.11111111111111,1.4566666666666668,1.1111111111111112,20.444444444444443,0.054444444444444434,10.555555555555555,1.1111111111111112,87.88888888888889
90,78,2013-12-19,11,1,2013-2014,Coop/São José Basketball,Mogi,1,81.875,23.25,40.75,17.875,37.75,11.25,26.5,15.25,14.375,1.0575,7.75,22.625,36.316250000000004,20.375,40.25,50.730000000000004,17.875,22.25,80.495,1.0,8.625,0.59875,2.25,14.5,0.15750000000000003,14.375,3.75,92.25,82.5,20.7,40.4,21.4,38.2,11.9,26.3,14.0,14.0,1.105,6.9,19.6,36.053,20.2,39.5,50.897999999999996,21.4,27.6,77.51199999999999,1.2,9.8,0.722,1.7,21.3,0.08,14.0,2.6,94.0
59,65,2013-12-19,11,1,2013-2014,Minas,Sesi Franca,0,71.71428571428571,13.285714285714286,42.857142857142854,15.571428571428571,30.714285714285715,6.571428571428571,24.142857142857142,14.285714285714286,12.285714285714286,1.182857142857143,4.428571428571429,16.142857142857142,26.987142857142857,21.428571428571427,40.142857142857146,53.998571428571424,15.571428571428571,21.571428571428573,72.82857142857142,2.4285714285714284,9.0,0.75,2.4285714285714284,25.571428571428573,0.09285714285714285,12.285714285714286,2.7142857142857144,79.42857142857143,75.44444444444444,16.333333333333332,41.111111111111114,18.0,34.22222222222222,10.88888888888889,23.333333333333332,13.88888888888889,17.22222222222222,0.9011111111111111,5.444444444444445,17.333333333333332,29.148888888888887,20.555555555555557,40.0,51.51111111111111,18.0,24.22222222222222,74.79444444444445,1.3333333333333333,9.777777777777779,0.5977777777777777,2.888888888888889,18.555555555555557,0.17222222222222225,17.22222222222222,2.7777777777777777,81.44444444444444
96,74,2013-12-19,11,1,2013-2014,Paulistano,Brasília,1,78.44444444444444,25.333333333333332,39.55555555555556,13.555555555555555,32.333333333333336,10.333333333333334,22.0,11.555555555555555,11.555555555555555,1.1466666666666667,8.444444444444445,24.11111111111111,35.59,19.77777777777778,37.888888888888886,51.85555555555556,13.555555555555555,17.77777777777778,73.7811111111111,0.3333333333333333,9.11111111111111,0.8622222222222222,1.4444444444444444,20.88888888888889,0.07888888888888888,11.555555555555555,2.0,83.33333333333333,82.88888888888889,33.666666666666664,37.55555555555556,11.666666666666666,34.333333333333336,7.222222222222222,27.11111111111111,14.555555555555555,11.555555555555555,1.4933333333333332,11.222222222222221,28.555555555555557,39.72,18.77777777777778,34.111111111111114,55.977777777777774,11.666666666666666,14.444444444444445,81.45666666666665,1.0,7.333333333333333,0.6611111111111111,1.8888888888888888,18.444444444444443,0.10555555555555556,11.555555555555555,1.7777777777777777,94.0
96,98,2013-12-19,11,1,2013-2014,L. Sorocabana,Goiânia,0,74.0,19.333333333333332,40.22222222222222,14.444444444444445,28.555555555555557,9.555555555555555,19.0,11.88888888888889,11.555555555555555,1.1266666666666665,6.444444444444445,18.77777777777778,33.49888888888889,20.11111111111111,38.111111111111114,53.39444444444444,14.444444444444445,19.88888888888889,71.97444444444444,1.6666666666666667,10.666666666666666,1.021111111111111,2.0,23.11111111111111,0.09,11.555555555555555,2.111111111111111,79.77777777777777,74.88888888888889,24.666666666666668,36.888888888888886,13.333333333333334,31.88888888888889,8.555555555555555,23.333333333333332,13.555555555555555,12.333333333333334,1.32,8.222222222222221,23.77777777777778,35.315555555555555,18.444444444444443,35.111111111111114,52.55555555555556,13.333333333333334,17.77777777777778,75.4388888888889,1.0,7.0,0.6144444444444445,1.2222222222222223,21.666666666666668,0.05888888888888888,12.333333333333334,3.2222222222222223,79.55555555555556
98,91,2013-12-20,12,1,2013-2014,Pinheiros,Palmeiras,1,83.3,32.7,38.4,12.2,32.9,8.4,24.5,15.3,11.9,1.41,10.9,25.7,42.837,19.2,37.8,50.787000000000006,12.2,16.9,72.60999999999999,2.3,9.4,0.8390000000000001,3.6,17.4,0.20700000000000002,11.9,2.0,94.5,75.7,21.9,37.4,16.4,37.9,13.0,24.9,13.6,13.5,1.114,7.3,23.5,31.311,18.7,39.2,48.733999999999995,16.4,23.9,68.842,2.3,9.1,0.738,2.9,21.6,0.138,13.5,3.9,81.5
83,91,2013-12-21,12,1,2013-2014,Minas,Uberlândia,0,70.125,13.5,41.5,15.125,30.125,6.25,23.875,13.75,13.25,1.0975000000000001,4.5,16.125,27.52,20.75,39.25,53.308749999999996,15.125,20.875,73.1,2.125,9.625,0.74375,2.25,25.0,0.0875,13.25,2.75,76.75,83.0,25.333333333333332,42.888888888888886,14.777777777777779,34.22222222222222,9.666666666666666,24.555555555555557,17.555555555555557,12.11111111111111,1.5722222222222224,8.444444444444445,20.77777777777778,40.29888888888889,21.444444444444443,40.55555555555556,53.52222222222221,14.777777777777779,19.0,79.03444444444443,3.2222222222222223,7.777777777777778,0.6666666666666666,2.2222222222222223,18.88888888888889,0.11888888888888889,12.11111111111111,3.0,97.0
94,96,2013-12-21,12,1,2013-2014,Bauru Basket,Flamengo,0,80.71428571428571,27.857142857142858,35.42857142857143,17.428571428571427,31.857142857142858,9.0,22.857142857142858,12.857142857142858,11.857142857142858,1.1885714285714286,9.285714285714286,23.571428571428573,41.01428571428572,17.714285714285715,34.857142857142854,51.14142857142857,17.428571428571427,23.857142857142858,72.07571428571428,1.2857142857142858,9.571428571428571,0.8585714285714285,1.5714285714285714,18.142857142857142,0.08857142857142859,11.857142857142858,2.2857142857142856,86.85714285714286,78.0,22.5,38.2,17.3,37.7,11.6,26.1,13.7,14.5,1.012,7.5,22.5,33.333000000000006,19.1,37.6,50.924,17.3,22.6,76.92499999999998,2.2,8.6,0.5940000000000001,2.7,19.4,0.13600000000000004,14.5,2.8,87.4
54,71,2013-12-21,12,1,2013-2014,Coop/São José Basketball,Fortaleza B. C. / CFO,0,82.77777777777777,24.333333333333332,41.55555555555556,16.88888888888889,37.44444444444444,11.444444444444445,26.0,15.88888888888889,14.444444444444445,1.0955555555555556,8.11111111111111,23.11111111111111,36.80777777777778,20.77777777777778,39.888888888888886,52.300000000000004,16.88888888888889,21.22222222222222,79.24333333333334,1.0,8.555555555555555,0.5911111111111111,2.111111111111111,14.88888888888889,0.1466666666666667,14.444444444444445,3.5555555555555554,93.88888888888889,76.8,17.1,47.8,11.9,31.9,10.7,21.2,12.5,11.9,1.27,5.7,18.4,30.341999999999995,23.9,46.3,51.714,11.9,16.6,70.825,2.3,11.1,1.1079999999999999,2.1,21.5,0.096,11.9,3.1,82.7
95,93,2013-12-21,12,1,2013-2014,Paulistano,Goiânia,1,80.2,26.1,40.2,13.9,32.6,10.0,22.6,11.8,11.5,1.159,8.7,24.5,35.96,20.1,37.5,53.435,13.9,17.8,75.84700000000001,0.3,9.1,0.858,1.4,21.1,0.075,11.5,1.9,86.5,77.2,24.9,37.8,14.5,31.6,8.0,23.6,14.2,12.8,1.306,8.3,23.4,36.284,18.9,34.9,54.27,14.5,19.0,76.22800000000001,1.1,7.4,0.6180000000000001,1.3,21.6,0.06299999999999999,12.8,3.4,83.3
83,84,2013-12-21,12,1,2013-2014,L. Sorocabana,Brasília,0,76.2,21.0,40.4,14.8,28.7,9.7,19.0,11.8,11.7,1.0989999999999998,7.0,19.5,34.763999999999996,20.2,38.6,52.939,14.8,20.2,72.603,1.7,10.8,1.011,2.2,23.4,0.096,11.7,2.1,81.7,82.0,32.4,37.0,12.6,33.8,7.4,26.4,13.8,11.6,1.402,10.8,28.2,38.548,18.5,34.1,55.08599999999999,12.6,15.4,82.06099999999999,1.1,7.5,0.67,1.7,18.5,0.095,11.6,1.7,91.4
76,74,2013-12-21,12,1,2013-2014,Limeira,Macaé Basquete,1,80.0,25.0,42.22222222222222,12.777777777777779,34.888888888888886,8.333333333333334,26.555555555555557,17.0,11.222222222222221,1.582222222222222,8.333333333333334,18.22222222222222,45.20333333333333,21.11111111111111,40.77777777777778,52.082222222222214,12.777777777777779,17.555555555555557,74.04666666666667,1.4444444444444444,8.555555555555555,0.8022222222222223,2.6666666666666665,21.11111111111111,0.12666666666666668,11.222222222222221,2.4444444444444446,97.55555555555556,80.6,22.5,42.4,15.7,32.3,8.6,23.7,14.5,11.0,1.9240000000000002,7.5,21.9,34.413999999999994,21.2,39.9,53.06999999999999,15.7,20.7,78.62600000000002,0.5,9.5,1.338,1.2,21.3,0.055999999999999994,11.0,1.6,89.0
75,68,2014-01-05,13,1,2013-2014,Palmeiras,Paulistano,1,77.0,21.0,40.8,15.2,37.4,13.4,24.0,13.6,13.4,1.131,7.0,22.5,31.644,20.4,41.9,50.013999999999996,15.2,22.8,67.09900000000002,2.6,9.5,0.799,2.8,22.3,0.13,13.4,4.0,82.3,82.4,25.2,40.4,16.8,31.9,9.8,22.1,11.8,11.5,1.159,8.4,24.1,35.370000000000005,20.2,37.1,54.17999999999999,16.8,20.9,79.309,0.4,9.7,0.898,1.1,21.9,0.05500000000000001,11.5,1.9,88.7
53,62,2014-01-05,13,1,2013-2014,Goiânia,Minas,0,78.6,21.9,41.2,15.5,31.5,7.9,23.6,14.2,13.5,1.277,7.3,21.5,35.728,20.6,36.3,56.729,15.5,20.1,77.358,1.4,7.7,0.615,1.4,22.3,0.06499999999999999,13.5,3.6,85.4,71.55555555555556,13.333333333333334,42.888888888888886,15.333333333333334,30.555555555555557,7.111111111111111,23.444444444444443,14.11111111111111,13.222222222222221,1.1211111111111114,4.444444444444445,15.88888888888889,27.636666666666667,21.444444444444443,39.888888888888886,54.05222222222222,15.333333333333334,21.444444444444443,72.24222222222221,2.4444444444444446,9.333333333333334,0.7211111111111111,2.111111111111111,25.666666666666668,0.0811111111111111,13.222222222222221,2.7777777777777777,78.44444444444444
98,73,2014-01-05,13,1,2013-2014,Brasília,Espírito Santo,1,82.2,33.6,35.4,13.2,34.0,6.8,27.2,13.6,12.8,1.224,11.2,28.2,39.797999999999995,17.7,32.9,54.576,13.2,16.4,79.561,1.2,8.1,0.6369999999999999,2.0,18.5,0.10799999999999998,12.8,1.9,91.7,66.85714285714286,25.714285714285715,27.714285714285715,13.428571428571429,29.142857142857142,9.142857142857142,20.0,11.142857142857142,12.0,1.0685714285714287,8.571428571428571,25.571428571428573,33.90571428571429,13.857142857142858,31.571428571428573,44.42428571428571,13.428571428571429,19.285714285714285,69.01285714285714,1.7142857142857142,7.714285714285714,0.6942857142857143,0.8571428571428571,18.857142857142858,0.045714285714285714,12.0,2.142857142857143,63.142857142857146
75,74,2014-01-05,13,1,2013-2014,Mogi,Bauru Basket,1,81.3,20.1,41.0,20.2,36.5,10.8,25.7,13.7,13.5,1.1309999999999998,6.7,18.7,36.580999999999996,20.5,39.9,51.04799999999999,20.2,26.9,74.536,1.0,8.9,0.7019999999999998,1.9,21.4,0.091,13.5,2.3,90.7,82.375,28.875,35.0,18.5,32.375,9.25,23.125,14.0,11.25,1.4325,9.625,25.0,40.173750000000005,17.5,34.375,51.2,18.5,24.75,73.55,1.875,9.875,0.965,1.5,18.5,0.08375000000000002,11.25,2.375,90.375
73,64,2014-01-05,13,1,2013-2014,Fortaleza B. C. / CFO,Limeira,1,75.3,16.8,47.0,11.5,33.4,10.2,23.2,12.9,12.8,1.106,5.6,18.4,29.887999999999998,23.5,45.2,52.11,11.5,16.0,69.825,2.6,11.2,0.9739999999999999,2.0,20.9,0.09300000000000001,12.8,3.6,83.0,79.6,24.6,41.8,13.2,34.2,8.2,26.0,17.0,11.2,1.579,8.2,18.3,44.367,20.9,40.1,52.462,13.2,18.4,73.17999999999999,1.3,8.7,0.8130000000000001,2.6,20.8,0.12500000000000003,11.2,2.3,96.4
95,65,2014-01-05,13,1,2013-2014,Pinheiros,L. Sorocabana,1,87.8,33.3,40.6,13.9,33.1,8.5,24.6,17.0,11.8,1.534,11.1,25.7,43.67,20.3,37.3,54.519000000000005,13.9,18.6,74.08,2.8,8.8,0.8009999999999999,3.7,17.3,0.21600000000000003,11.8,1.9,102.3,77.3,20.7,41.0,15.6,30.6,10.5,20.1,11.3,11.7,1.066,6.9,19.8,33.934999999999995,20.5,39.9,51.859,15.6,21.2,73.103,1.6,11.3,1.044,2.0,23.2,0.08800000000000001,11.7,2.1,82.9
92,104,2014-01-05,13,1,2013-2014,Uberlândia,Coop/São José Basketball,0,83.8,24.9,42.6,16.3,33.6,9.7,23.9,17.3,11.9,1.5650000000000002,8.3,20.1,41.269,21.3,40.1,53.726,16.3,20.9,79.026,3.1,7.6,0.6599999999999999,2.3,19.4,0.12000000000000002,11.9,2.8,97.5,79.9,24.0,40.0,15.9,37.0,11.5,25.5,15.3,14.3,1.0630000000000002,8.0,23.8,35.46,20.0,39.1,51.133,15.9,20.3,77.15200000000002,0.9,8.5,0.5940000000000001,2.0,14.2,0.14500000000000002,14.3,3.3,89.1
91,82,2014-01-07,14,1,2013-2014,Sesi Franca,Coop/São José Basketball,1,74.4,15.9,41.4,17.1,34.6,11.0,23.6,14.1,17.4,0.8949999999999999,5.3,17.8,28.052,20.7,39.6,52.471000000000004,17.1,23.4,72.94000000000001,1.4,10.2,0.612,2.7,18.6,0.16000000000000003,17.4,2.8,80.9,81.6,24.9,40.4,16.3,37.0,10.5,26.5,14.9,13.6,1.135,8.3,25.0,34.121,20.2,38.8,52.01700000000001,16.3,20.2,79.08500000000001,0.6,8.1,0.608,2.0,14.4,0.14400000000000004,13.6,2.7,90.8
82,83,2014-01-07,14,1,2013-2014,Goiânia,Espírito Santo,0,77.0,20.7,41.4,14.9,32.2,8.1,24.1,14.8,12.9,1.34,6.9,21.7,33.592,20.7,36.8,56.253,14.9,19.4,77.04999999999998,1.4,7.4,0.614,1.4,22.8,0.06499999999999999,12.9,3.7,84.5,67.625,25.5,29.5,12.625,30.5,9.25,21.25,11.25,12.25,1.0425,8.5,25.375,33.83375,14.75,33.25,44.705,12.625,17.875,71.32374999999999,1.5,7.25,0.64375,0.875,18.875,0.04625,12.25,2.25,64.625
79,69,2014-01-07,13,1,2013-2014,Flamengo,Macaé Basquete,1,79.0,22.5,38.8,17.7,37.8,11.7,26.1,14.3,14.7,1.041,7.5,22.9,32.753,19.4,37.8,51.435,17.7,22.7,78.076,2.1,8.5,0.5810000000000001,2.8,20.5,0.14000000000000004,14.7,2.7,88.9,79.6,21.9,42.0,15.7,31.3,8.5,22.8,14.8,11.1,1.937,7.3,21.1,34.838,21.0,39.7,52.737,15.7,20.3,79.95400000000001,0.9,9.0,1.2810000000000001,1.2,21.7,0.055999999999999994,11.1,1.6,87.7
69,71,2014-01-07,14,1,2013-2014,Palmeiras,L. Sorocabana,0,77.8,21.3,41.8,14.7,37.7,13.5,24.2,14.3,13.5,1.193,7.1,22.5,32.079,20.9,42.3,50.74799999999999,14.7,22.2,66.41100000000002,2.7,10.1,0.8550000000000001,2.7,21.7,0.127,13.5,4.2,84.8,76.6,21.6,39.2,15.8,32.0,11.0,21.0,11.0,12.4,0.9949999999999999,7.2,20.8,34.236,19.6,39.9,49.287,15.8,21.2,73.936,1.4,11.0,0.9730000000000001,1.9,23.0,0.084,12.4,2.2,80.8
82,54,2014-01-07,14,1,2013-2014,Brasília,Minas,1,83.2,34.5,36.0,12.7,34.3,7.4,26.9,14.8,12.2,1.461,11.5,29.2,39.379999999999995,18.0,33.2,54.88099999999999,12.7,16.2,77.83200000000001,1.4,8.7,0.7489999999999999,2.4,18.2,0.13499999999999998,12.2,2.1,94.8,70.6,13.2,41.4,16.0,31.2,7.1,24.1,13.9,12.9,1.129,4.4,16.5,26.690999999999995,20.7,39.1,53.022000000000006,16.0,22.2,72.604,2.3,9.2,0.729,2.1,24.7,0.086,12.9,2.7,77.4
67,78,2014-01-07,14,1,2013-2014,Mogi,Limeira,0,81.7,21.0,40.8,19.9,37.8,12.4,25.4,13.8,14.1,1.1149999999999998,7.0,19.7,36.748,20.4,40.8,49.970000000000006,19.9,26.3,75.22600000000001,1.2,9.9,0.736,1.8,21.3,0.08600000000000001,14.1,2.9,91.4,76.9,23.7,40.6,12.6,32.5,7.2,25.3,16.2,11.3,1.51,7.9,18.7,42.751999999999995,20.3,38.2,53.395999999999994,12.6,17.7,72.097,0.7,8.5,0.792,2.5,21.0,0.11900000000000002,11.3,2.2,91.5
84,80,2014-01-07,14,1,2013-2014,Fortaleza B. C. / CFO,Bauru Basket,1,74.6,16.2,46.8,11.6,34.1,10.5,23.6,12.6,12.2,1.13,5.4,19.1,27.682,23.4,44.9,52.19599999999999,11.6,16.4,68.979,2.9,10.9,0.9890000000000001,1.8,19.7,0.091,12.2,3.0,81.8,81.44444444444444,29.333333333333332,34.0,18.11111111111111,32.0,8.777777777777779,23.22222222222222,13.88888888888889,12.0,1.3533333333333335,9.777777777777779,24.666666666666668,41.26555555555556,17.0,33.888888888888886,50.32555555555555,18.11111111111111,24.333333333333332,73.31444444444443,1.7777777777777777,10.444444444444445,0.9499999999999998,1.8888888888888888,18.333333333333332,0.10666666666666669,12.0,2.111111111111111,89.66666666666667
91,93,2014-01-08,14,1,2013-2014,Pinheiros,Paulistano,0,87.6,34.2,38.2,15.2,33.5,8.2,25.3,16.9,12.0,1.4810000000000003,11.4,26.9,42.84400000000001,19.1,35.2,54.519000000000005,15.2,19.7,76.604,2.6,9.3,0.8280000000000001,3.7,18.1,0.21200000000000002,12.0,1.9,102.9,83.6,24.9,41.0,17.7,32.5,9.2,23.3,11.7,12.3,1.076,8.3,23.8,35.227,20.5,36.6,55.589999999999996,17.7,21.5,81.666,0.3,9.7,0.841,1.1,22.2,0.053000000000000005,12.3,1.7,90.9
66,75,2014-01-11,15,1,2013-2014,Minas,Pinheiros,0,69.3,14.4,39.6,15.3,32.2,7.8,24.4,14.2,14.0,1.093,4.8,17.0,28.623,19.8,38.9,50.989,15.3,22.1,69.509,2.1,9.5,0.711,2.2,24.4,0.09300000000000001,14.0,3.0,75.3,88.5,34.8,37.6,16.1,33.4,7.6,25.8,17.1,12.6,1.442,11.6,27.4,42.777,18.8,33.7,56.053,16.1,20.0,79.713,2.7,9.0,0.766,3.8,18.8,0.20900000000000002,12.6,1.9,104.6
92,76,2014-01-11,15,1,2013-2014,Flamengo,Mogi,1,78.6,21.9,39.0,17.7,38.7,12.1,26.6,13.6,14.8,0.9810000000000002,7.3,22.7,32.323,19.5,38.4,50.858999999999995,17.7,23.0,76.928,2.0,7.5,0.5,2.8,21.4,0.13800000000000004,14.8,2.5,86.8,80.6,20.7,41.4,18.5,36.4,12.7,23.7,13.9,13.9,1.134,6.9,19.7,36.391000000000005,20.7,41.0,50.595000000000006,18.5,24.8,73.724,1.3,10.8,0.8139999999999998,1.6,21.2,0.075,13.9,2.8,90.0
74,76,2014-01-11,15,1,2013-2014,Bauru Basket,Uberlândia,0,81.3,28.5,34.6,18.2,32.2,9.0,23.2,13.6,11.8,1.328,9.5,24.7,39.93900000000001,17.3,34.3,50.556,18.2,24.2,74.244,1.6,10.3,0.945,1.8,18.5,0.10100000000000002,11.8,2.1,89.2,83.4,26.7,41.6,15.1,34.3,9.7,24.6,18.5,12.0,1.6460000000000001,8.9,21.9,40.563,20.8,39.9,52.751999999999995,15.1,19.6,78.33,3.4,7.9,0.6809999999999999,2.5,20.0,0.126,12.0,3.2,98.0
77,87,2014-01-11,15,1,2013-2014,Coop/São José Basketball,Brasília,0,81.9,25.5,40.8,15.6,36.6,10.7,25.9,14.7,13.2,1.16,8.5,25.3,34.359,20.4,39.3,51.936,15.6,19.2,81.58500000000001,0.5,7.8,0.606,1.7,14.5,0.11900000000000004,13.2,2.5,90.2,83.6,34.8,36.2,12.6,35.0,8.0,27.0,14.8,11.6,1.5320000000000003,11.6,29.6,39.291000000000004,18.1,33.7,54.30999999999999,12.6,16.0,78.249,1.3,8.6,0.787,2.5,18.5,0.136,11.6,1.8,95.9
96,70,2014-01-11,15,1,2013-2014,Paulistano,L. Sorocabana,1,84.2,24.6,40.6,19.0,33.0,9.9,23.1,11.6,11.8,1.0859999999999999,8.2,24.4,33.689,20.3,37.0,54.507000000000005,19.0,23.4,79.901,0.3,10.3,0.893,1.1,22.3,0.053000000000000005,11.8,1.7,91.1,76.3,21.6,39.2,15.5,32.4,11.3,21.1,10.8,12.3,0.985,7.2,19.6,36.736,19.6,41.8,46.967000000000006,15.5,20.4,75.14500000000001,1.5,11.1,0.9890000000000001,1.8,22.6,0.083,12.3,2.1,80.6
64,80,2014-01-11,15,1,2013-2014,Limeira,Sesi Franca,0,76.2,24.0,40.2,12.0,32.4,7.7,24.7,16.2,12.0,1.4520000000000002,8.0,19.2,42.137,20.1,37.0,54.551,12.0,16.3,74.85600000000001,0.6,8.8,0.785,2.3,20.6,0.11200000000000002,12.0,2.3,91.5,78.3,18.3,43.2,16.8,35.3,10.8,24.5,15.8,15.5,1.161,6.1,18.6,31.569,21.6,40.5,53.527,16.8,23.2,72.107,1.7,9.9,0.6890000000000001,2.9,17.1,0.19400000000000003,15.5,2.3,88.9
90,95,2014-01-11,15,1,2013-2014,Espírito Santo,Palmeiras,0,69.33333333333333,26.0,30.22222222222222,13.11111111111111,30.22222222222222,9.555555555555555,20.666666666666668,11.555555555555555,11.666666666666666,1.1488888888888888,8.666666666666666,25.555555555555557,34.190000000000005,15.11111111111111,33.77777777777778,45.00111111111111,13.11111111111111,18.555555555555557,71.26888888888888,1.4444444444444444,7.444444444444445,0.7155555555555556,0.8888888888888888,19.0,0.04666666666666666,11.666666666666666,2.4444444444444446,66.77777777777777,77.6,21.6,41.6,14.4,37.3,13.1,24.2,15.4,13.5,1.266,7.2,23.7,30.967999999999996,20.8,40.5,52.592000000000006,14.4,21.1,68.35900000000001,2.8,9.7,0.829,2.4,20.6,0.121,13.5,4.3,86.0
80,74,2014-01-11,15,1,2013-2014,Macaé Basquete,Fortaleza B. C. / CFO,1,78.7,21.6,40.6,16.5,30.3,8.0,22.3,14.1,10.9,1.8980000000000001,7.2,21.2,34.195,20.3,39.1,51.657000000000004,16.5,21.1,80.70700000000001,0.8,9.2,1.305,1.1,21.5,0.052000000000000005,10.9,2.0,85.1,75.5,17.7,45.0,12.8,34.4,10.7,23.7,13.0,12.8,1.128,5.9,19.4,30.244999999999997,22.5,43.5,51.801,12.8,17.8,70.232,2.5,10.6,0.9,1.8,19.8,0.091,12.8,3.1,83.0
79,74,2014-01-13,16,1,2013-2014,Macaé Basquete,Mogi,1,78.2,21.9,40.4,15.9,30.2,7.3,22.9,14.2,10.1,2.048,7.3,21.4,34.309,20.2,38.5,52.06600000000001,15.9,19.7,82.045,0.9,9.2,1.409,1.3,21.0,0.064,10.1,1.7,86.8,79.7,19.5,41.2,19.0,35.5,12.6,22.9,13.6,13.5,1.1380000000000001,6.5,19.4,34.795,20.6,40.3,51.164,19.0,26.2,71.581,1.4,10.8,0.845,1.5,21.1,0.07100000000000001,13.5,2.9,87.8
87,72,2014-01-13,16,1,2013-2014,Bauru Basket,Sesi Franca,1,81.3,28.8,33.8,18.7,31.2,9.7,21.5,13.9,12.1,1.328,9.6,24.6,40.555,16.9,34.3,49.475,18.7,24.3,77.376,1.7,10.8,0.9670000000000002,2.0,17.9,0.11600000000000002,12.1,1.9,89.1,79.8,20.4,44.4,15.0,36.4,10.2,26.2,16.2,15.5,1.1840000000000002,6.8,19.2,35.791,22.2,40.5,55.065,15.0,20.8,72.41499999999999,1.7,9.6,0.671,2.6,16.9,0.18000000000000002,15.5,2.3,92.6
69,81,2014-01-13,16,1,2013-2014,Limeira,Uberlândia,0,75.4,24.6,39.2,11.6,30.5,7.0,23.5,16.0,11.4,1.5230000000000001,8.2,20.0,41.61899999999999,19.6,36.7,53.54,11.6,16.2,72.05300000000001,0.6,9.7,0.9330000000000002,2.0,20.3,0.1,11.4,1.7,88.7,83.7,27.9,41.4,14.4,34.2,10.0,24.2,18.6,12.8,1.598,9.3,22.0,42.251,20.7,38.6,54.33299999999999,14.4,18.9,77.522,3.4,7.8,0.6219999999999999,2.3,19.5,0.12000000000000002,12.8,3.4,98.7
82,75,2014-01-13,16,1,2013-2014,Coop/São José Basketball,Goiânia,1,80.6,27.3,40.8,12.5,35.7,10.4,25.3,14.4,12.9,1.16,9.1,25.2,36.539,20.4,39.2,52.047000000000004,12.5,15.4,81.93400000000001,0.6,7.6,0.6060000000000001,2.1,13.4,0.17400000000000002,12.9,2.5,89.7,78.8,23.1,41.2,14.5,31.0,7.3,23.7,15.3,13.1,1.36,7.7,21.1,37.825,20.6,35.9,57.38199999999999,14.5,18.8,77.54999999999998,1.4,6.8,0.555,1.4,22.8,0.065,13.1,3.2,87.2
50,97,2014-01-13,16,1,2013-2014,Espírito Santo,Pinheiros,0,71.4,27.3,31.2,12.9,29.6,9.6,20.0,11.7,11.8,1.134,9.1,25.7,35.586,15.6,34.1,45.906,12.9,17.8,74.142,1.4,7.8,0.729,0.8,18.8,0.041999999999999996,11.8,2.6,69.5,88.6,33.9,38.2,16.5,33.9,7.5,26.4,17.4,13.3,1.3880000000000003,11.3,26.7,42.473,19.1,33.5,57.178999999999995,16.5,20.6,79.82000000000001,2.9,9.1,0.729,3.8,18.6,0.21400000000000002,13.3,2.1,105.6
85,75,2014-01-13,16,1,2013-2014,Minas,Palmeiras,1,67.2,14.4,38.2,14.6,31.1,8.1,23.0,14.0,13.5,1.135,4.8,16.3,29.996000000000002,19.1,38.4,50.003,14.6,21.2,68.845,1.9,9.8,0.7659999999999999,2.1,23.3,0.097,13.5,2.8,73.3,77.9,21.3,43.2,13.4,36.3,12.9,23.4,14.7,13.0,1.2420000000000002,7.1,23.0,32.055,21.6,41.5,52.963,13.4,19.4,69.562,2.7,9.9,0.859,2.3,19.4,0.123,13.0,4.1,86.3
72,69,2014-01-13,16,1,2013-2014,Flamengo,Fortaleza B. C. / CFO,1,79.4,24.0,38.6,16.8,38.1,12.0,26.1,14.8,14.7,1.0660000000000003,8.0,23.5,33.824,19.3,37.4,51.849000000000004,16.8,22.2,75.752,2.2,6.8,0.458,2.3,21.9,0.10900000000000003,14.7,2.6,87.7,76.6,18.3,45.0,13.3,36.0,10.9,25.1,12.7,13.2,1.074,6.1,19.0,31.756999999999998,22.5,43.8,51.48199999999999,13.3,18.4,70.327,2.5,9.8,0.798,2.1,20.3,0.10200000000000001,13.2,3.0,84.7
65,67,2014-01-16,17,1,2013-2014,Goiânia,Limeira,0,78.8,24.3,40.2,14.3,30.4,7.8,22.6,16.2,12.2,1.5100000000000002,8.1,21.9,37.971999999999994,20.1,36.9,55.10999999999999,14.3,18.2,79.07399999999998,1.3,7.6,0.683,1.3,23.2,0.057999999999999996,12.2,3.0,87.6,74.7,24.6,37.6,12.5,30.4,7.6,22.8,15.8,10.7,1.623,8.2,20.5,40.683,18.8,36.5,51.697,12.5,17.4,72.053,0.7,9.4,0.9620000000000001,2.0,20.7,0.098,10.7,1.6,86.7
80,66,2014-01-16,17,1,2013-2014,Paulistano,Minas,1,85.8,26.1,39.6,20.1,34.9,10.7,24.2,12.4,12.4,1.088,8.7,24.4,35.772999999999996,19.8,36.8,53.396,20.1,24.5,81.05600000000001,0.3,10.1,0.8310000000000001,1.2,22.5,0.05700000000000001,12.4,2.0,94.9,69.1,14.7,39.2,15.2,31.8,8.8,23.0,14.5,13.8,1.1420000000000001,4.9,16.4,30.329,19.6,39.8,49.370000000000005,15.2,21.8,69.459,2.0,10.2,0.7849999999999999,2.2,22.7,0.10500000000000002,13.8,2.7,75.7
75,67,2014-01-16,17,1,2013-2014,L. Sorocabana,Espírito Santo,1,76.1,21.9,38.0,16.2,32.3,11.4,20.9,11.3,12.3,1.085,7.3,20.1,36.69799999999999,19.0,41.4,46.025,16.2,20.7,77.185,1.6,11.4,1.049,2.0,22.7,0.091,12.3,2.0,81.1,69.6,27.0,30.4,12.2,28.5,9.4,19.1,11.2,12.6,1.01,9.0,25.6,35.24,15.2,34.1,44.616,12.2,16.8,74.499,1.3,8.2,0.7329999999999999,0.7,18.5,0.038,12.6,2.7,65.5
92,74,2014-01-16,17,1,2013-2014,Palmeiras,Coop/São José Basketball,1,78.5,19.8,45.2,13.5,36.2,13.0,23.2,13.7,12.7,1.2020000000000002,6.6,22.0,30.855,22.6,43.5,52.367000000000004,13.5,19.7,68.25399999999999,2.2,9.9,0.8649999999999999,2.5,19.5,0.133,12.7,4.2,85.6,80.9,27.3,41.2,12.4,36.7,10.8,25.9,15.2,13.5,1.185,9.1,25.0,36.940000000000005,20.6,39.3,52.46,12.4,15.7,80.498,0.5,7.6,0.591,2.1,13.5,0.173,13.5,2.3,91.1
82,72,2014-01-16,17,1,2013-2014,Brasília,Bauru Basket,1,85.3,36.3,36.6,12.4,35.7,8.6,27.1,15.5,10.7,1.6650000000000003,12.1,29.7,40.797,18.3,35.3,52.89,12.4,15.6,79.08200000000001,1.1,8.2,0.8150000000000001,2.8,17.7,0.16400000000000003,10.7,1.3,99.0,80.9,27.0,35.0,18.9,31.5,9.8,21.7,13.9,12.4,1.2890000000000001,9.0,23.3,40.269,17.5,34.8,50.259,18.9,24.4,77.99000000000001,1.8,11.0,0.9640000000000001,2.0,18.7,0.11100000000000002,12.4,1.8,89.7
82,68,2014-01-16,17,1,2013-2014,Sesi Franca,Macaé Basquete,1,77.8,21.0,42.4,14.4,34.9,9.6,25.3,15.6,15.6,1.1119999999999999,7.0,19.2,36.968,21.2,39.7,53.624,14.4,19.6,73.367,1.5,9.9,0.69,2.1,17.5,0.139,15.6,2.3,88.7,79.3,23.1,39.0,17.2,30.4,7.1,23.3,14.6,10.5,2.055,7.7,21.6,36.087,19.5,37.6,51.468,17.2,21.5,80.12199999999999,1.0,9.4,1.407,1.3,21.3,0.063,10.5,1.7,88.2
95,101,2014-01-16,17,1,2013-2014,Uberlândia,Flamengo,0,84.3,29.4,40.6,14.3,35.1,10.1,25.0,18.9,13.0,1.605,9.8,22.4,44.181,20.3,37.4,54.92100000000001,14.3,19.2,75.61399999999999,3.4,7.4,0.587,2.5,19.5,0.12799999999999997,13.0,3.5,100.6,80.4,25.5,38.2,16.7,36.9,11.3,25.6,15.4,14.8,1.101,8.5,24.2,35.219,19.1,35.9,53.517999999999994,16.7,22.5,72.419,2.0,7.3,0.49000000000000005,2.2,21.5,0.10500000000000002,14.8,2.4,89.1
77,95,2014-01-18,18,1,2013-2014,Pinheiros,Coop/São José Basketball,0,89.5,33.0,41.0,15.5,34.2,7.5,26.7,17.7,13.3,1.421,11.0,25.2,43.473,20.5,34.8,58.50899999999999,15.5,19.2,80.504,3.1,9.0,0.718,3.8,18.2,0.219,13.3,2.2,108.7,80.7,27.9,41.4,11.4,36.8,10.7,26.1,16.9,12.8,1.4849999999999999,9.3,25.5,37.160000000000004,20.7,39.1,52.986000000000004,11.4,15.1,77.178,0.6,7.6,0.6190000000000001,2.1,13.2,0.177,12.8,2.0,93.0
82,67,2014-01-18,18,1,2013-2014,Brasília,Limeira,1,83.4,34.2,37.0,12.2,36.8,8.9,27.9,15.3,10.8,1.589,11.4,29.8,38.059,18.5,36.9,50.412,12.2,15.0,81.40299999999999,1.3,8.0,0.775,3.0,18.6,0.17,10.8,1.3,96.1,73.1,24.6,35.6,12.9,31.4,8.0,23.4,15.2,11.0,1.5030000000000001,8.2,21.3,38.989,17.8,36.1,49.42,12.9,17.8,72.803,0.3,8.5,0.842,2.1,20.6,0.10400000000000001,11.0,1.6,83.0
98,86,2014-01-18,18,1,2013-2014,Uberlândia,Macaé Basquete,1,84.5,30.3,40.2,14.0,35.0,10.2,24.8,18.6,13.7,1.419,10.1,23.0,44.136,20.1,37.4,54.333000000000006,14.0,18.4,76.85399999999998,3.7,7.6,0.544,2.5,20.0,0.127,13.7,3.4,99.9,77.0,21.9,38.8,16.3,30.6,6.8,23.8,14.9,10.9,2.0200000000000005,7.3,21.0,35.115,19.4,37.8,50.907000000000004,16.3,20.7,79.05999999999999,1.1,9.1,1.307,1.5,21.7,0.07100000000000001,10.9,2.2,85.7
83,87,2014-01-18,18,1,2013-2014,Goiânia,Bauru Basket,0,75.6,21.6,39.6,14.4,31.4,7.9,23.5,15.9,11.7,1.685,7.2,21.5,35.05499999999999,19.8,38.1,52.702,14.4,18.4,78.91399999999999,1.4,8.0,0.866,1.5,22.8,0.06699999999999999,11.7,3.1,84.1,79.6,24.9,36.8,17.9,33.4,10.7,22.7,13.9,11.1,1.48,8.3,24.6,34.773,18.4,36.7,49.541000000000004,17.9,23.6,75.855,1.8,10.8,1.067,2.0,18.0,0.12,11.1,1.6,88.2
96,61,2014-01-18,18,1,2013-2014,Paulistano,Espírito Santo,1,88.0,25.2,42.0,20.8,35.2,11.3,23.9,12.5,12.4,1.095,8.4,23.8,35.205,21.0,38.0,55.105999999999995,20.8,25.0,82.90100000000001,0.9,10.3,0.845,1.4,22.1,0.072,12.4,2.2,98.4,67.7,25.2,30.6,11.9,28.2,9.1,19.1,10.8,13.7,0.866,8.4,24.2,34.898,15.3,33.4,46.083999999999996,11.9,17.1,71.76399999999998,0.9,7.8,0.632,0.8,18.5,0.043,13.7,3.3,62.5
79,76,2014-01-18,18,1,2013-2014,L. Sorocabana,Minas,1,76.9,21.3,38.6,17.0,32.2,11.4,20.8,11.7,11.7,1.135,7.1,19.9,36.107,19.3,42.0,45.995999999999995,17.0,21.6,78.018,1.8,11.9,1.104,2.0,23.0,0.091,11.7,2.2,82.9,67.3,13.8,38.4,15.1,31.5,8.1,23.4,13.3,14.5,0.9890000000000001,4.6,16.0,29.496000000000002,19.2,39.0,49.436,15.1,20.9,73.90299999999999,1.6,9.8,0.708,2.0,22.3,0.099,14.5,2.8,72.4
70,80,2014-01-18,18,1,2013-2014,Sesi Franca,Flamengo,0,79.9,22.8,42.4,14.7,34.6,9.8,24.8,16.1,15.5,1.1520000000000001,7.6,19.6,39.489,21.2,39.2,54.206999999999994,14.7,20.1,72.96900000000001,1.7,9.7,0.6799999999999999,2.2,17.9,0.13999999999999999,15.5,2.1,91.5,81.0,26.4,38.0,16.6,36.6,11.3,25.3,15.1,14.9,1.061,8.8,24.8,35.483,19.0,35.2,54.503,16.6,22.5,72.13399999999999,1.6,8.5,0.589,1.9,20.6,0.09600000000000004,14.9,2.3,90.1
71,69,2014-01-18,18,1,2013-2014,Fortaleza B. C. / CFO,Mogi,1,76.5,18.6,45.0,12.9,37.1,11.3,25.8,12.4,13.7,1.0410000000000001,6.2,19.0,32.345000000000006,22.5,44.3,50.839999999999996,12.9,18.0,69.767,2.7,9.5,0.758,2.1,20.4,0.10200000000000001,13.7,3.0,84.2,79.1,20.7,39.0,19.4,35.3,12.9,22.4,13.3,13.4,1.1219999999999999,6.9,19.9,35.795,19.5,39.2,49.573,19.4,26.5,72.321,0.9,11.0,0.8649999999999999,1.6,21.5,0.07500000000000001,13.4,3.1,87.1
79,74,2014-01-20,6,1,2013-2014,Bauru Basket,Espírito Santo,1,81.7,26.7,36.8,18.2,33.6,10.5,23.1,14.4,10.7,1.5610000000000002,8.9,25.1,36.411,18.4,36.5,49.873000000000005,18.2,23.5,77.931,2.1,9.9,1.017,1.6,17.8,0.09899999999999999,10.7,1.4,90.8,68.5,25.5,31.8,11.2,28.0,9.2,18.8,10.7,14.1,0.835,8.5,25.5,33.282,15.9,32.5,49.232,11.2,16.1,72.59700000000001,1.0,7.9,0.628,0.7,18.6,0.037,14.1,3.5,63.2
76,83,2014-01-23,1,2,2013-2014,Uberlândia,Fortaleza B. C. / CFO,0,85.9,33.3,38.8,13.8,33.9,9.9,24.0,19.5,13.1,1.573,11.1,23.9,46.306,19.4,36.4,53.971000000000004,13.8,18.1,78.28299999999999,3.4,7.6,0.585,2.6,20.8,0.127,13.1,3.3,102.3,74.2,16.8,43.6,13.8,36.4,10.8,25.6,11.8,14.0,0.8949999999999999,5.6,18.5,30.345,21.8,42.5,51.425,13.8,19.5,69.684,2.6,9.6,0.7209999999999999,2.6,20.0,0.13,14.0,2.8,81.3
74,78,2014-01-23,1,2,2013-2014,Sesi Franca,Mogi,0,79.4,22.2,43.2,14.0,34.6,10.6,24.0,15.8,15.6,1.1250000000000002,7.4,19.5,38.656,21.6,39.7,54.602,14.0,19.1,72.921,1.8,9.3,0.647,2.4,17.7,0.153,15.6,2.4,90.5,77.1,18.3,39.8,19.0,36.0,13.1,22.9,12.2,13.3,1.057,6.1,19.1,32.418,19.9,40.7,48.659000000000006,19.0,26.1,71.96399999999998,0.6,10.6,0.8429999999999997,1.5,21.3,0.07100000000000001,13.3,2.9,83.2
87,84,2014-01-23,1,2,2013-2014,Palmeiras,Bauru Basket,1,80.8,21.0,46.6,13.2,35.9,11.5,24.4,13.7,11.9,1.2890000000000001,7.0,22.1,32.495,23.3,42.9,54.564,13.2,19.3,68.12899999999999,2.2,9.6,0.884,2.4,19.0,0.13,11.9,4.2,89.7,80.8,25.8,36.2,18.8,32.3,10.1,22.2,14.5,10.0,1.6969999999999998,8.6,24.8,35.440000000000005,18.1,35.8,50.03099999999999,18.8,24.0,79.151,2.2,9.6,1.067,1.7,17.2,0.10999999999999999,10.0,1.1,89.7
73,80,2014-01-23,1,2,2013-2014,L. Sorocabana,Coop/São José Basketball,0,75.6,20.1,38.0,17.5,32.1,11.3,20.8,11.1,11.8,1.049,6.7,19.1,35.218,19.0,41.4,45.995999999999995,17.5,22.8,76.53999999999999,1.7,11.2,1.008,1.9,23.3,0.08499999999999999,11.8,2.4,80.0,82.4,29.4,41.2,11.8,37.3,10.9,26.4,16.9,13.0,1.471,9.8,24.9,40.281,20.6,39.4,52.318999999999996,11.8,15.5,77.553,0.5,7.8,0.623,1.9,13.5,0.15899999999999997,13.0,2.2,95.7
74,95,2014-01-23,2,2,2013-2014,Goiânia,Flamengo,0,77.6,21.6,41.2,14.8,31.0,8.1,22.9,16.4,11.3,1.793,7.2,21.1,35.504999999999995,20.6,38.8,53.79200000000001,14.8,18.6,80.76,1.5,7.4,0.8370000000000001,1.5,22.9,0.066,11.3,2.8,86.7,81.0,27.0,38.0,16.0,36.0,11.6,24.4,15.4,14.3,1.1280000000000001,9.0,24.5,36.94,19.0,35.7,53.891,16.0,21.5,73.574,1.6,8.4,0.62,1.7,20.4,0.08500000000000003,14.3,2.4,90.5
96,71,2014-01-23,2,2,2013-2014,Brasília,Macaé Basquete,1,83.5,34.2,36.8,12.5,37.4,9.3,28.1,15.6,10.9,1.6010000000000002,11.4,30.1,37.736000000000004,18.4,36.5,50.824,12.5,15.4,81.27799999999999,1.6,8.5,0.8099999999999999,3.2,18.1,0.18500000000000003,10.9,1.3,97.6,76.7,23.4,36.8,16.5,28.9,6.2,22.7,15.3,11.0,2.0380000000000003,7.8,21.7,35.95700000000001,18.4,35.9,51.11300000000001,16.5,20.8,79.779,1.1,8.5,1.2650000000000001,1.6,21.4,0.078,11.0,2.6,84.3
79,81,2014-01-25,1,2,2013-2014,Brasília,Flamengo,0,84.7,33.6,37.4,13.7,37.6,9.7,27.9,16.3,10.5,1.7849999999999997,11.2,29.6,37.805,18.7,37.2,50.544000000000004,13.7,16.6,83.182,1.5,8.9,0.9079999999999998,3.2,18.5,0.181,10.5,1.1,100.4,83.9,29.4,38.6,15.9,36.8,11.8,25.0,16.5,14.0,1.202,9.8,26.3,37.44199999999999,19.3,35.6,54.867,15.9,21.2,74.046,1.9,8.8,0.6519999999999999,1.7,19.8,0.09,14.0,2.7,95.6
66,72,2014-01-25,1,2,2013-2014,Goiânia,Macaé Basquete,0,77.8,20.4,42.0,15.4,33.1,8.5,24.6,16.6,12.5,1.659,6.8,20.7,34.272,21.0,39.3,54.259,15.4,19.6,79.689,1.2,8.0,0.8150000000000001,1.8,23.4,0.07700000000000001,12.5,2.8,88.4,77.3,23.7,37.8,15.8,29.0,6.2,22.8,14.8,11.1,2.0060000000000002,7.9,21.6,36.742000000000004,18.9,36.8,51.285000000000004,15.8,19.5,81.702,1.2,8.3,1.251,1.6,21.3,0.07900000000000001,11.1,2.7,84.6
92,93,2014-01-25,2,2,2013-2014,Paulistano,Coop/São José Basketball,0,88.3,24.9,42.8,20.6,35.4,12.3,23.1,12.6,11.9,1.233,8.3,23.9,34.605000000000004,21.4,38.6,55.339,20.6,24.7,83.047,1.0,10.8,0.9890000000000001,1.3,20.7,0.06799999999999999,11.9,2.1,99.6,81.9,29.1,40.4,12.4,36.2,10.5,25.7,16.4,13.1,1.4280000000000002,9.7,24.2,40.893,20.2,38.9,51.934000000000005,12.4,16.4,77.26399999999998,0.5,8.7,0.686,1.9,13.9,0.157,13.1,2.2,94.8
73,62,2014-01-25,2,2,2013-2014,Minas,Espírito Santo,1,68.2,15.0,37.8,15.4,31.0,8.1,22.9,13.4,13.9,1.044,5.0,16.2,32.06,18.9,38.7,49.095,15.4,21.7,72.40299999999999,1.5,9.8,0.7299999999999999,2.1,22.8,0.10100000000000002,13.9,2.8,73.3,69.4,25.5,33.4,10.5,28.9,9.7,19.2,11.6,14.4,0.8779999999999999,8.5,24.6,34.46999999999999,16.7,33.5,50.032,10.5,15.2,71.48600000000002,1.1,7.2,0.57,0.8,19.2,0.041999999999999996,14.4,3.7,65.9
73,61,2014-01-25,2,2,2013-2014,Sesi Franca,Fortaleza B. C. / CFO,1,78.4,22.2,42.8,13.4,34.9,11.2,23.7,15.4,15.4,1.1130000000000002,7.4,19.7,38.185,21.4,39.7,54.147000000000006,13.4,18.7,71.171,1.6,9.4,0.66,2.6,18.0,0.15899999999999997,15.4,2.2,89.3,74.2,16.5,44.8,12.9,37.5,11.2,26.3,11.9,13.4,0.95,5.5,17.8,31.535000000000004,22.4,44.6,50.43000000000001,12.9,18.6,68.334,2.9,9.9,0.7809999999999999,2.4,19.5,0.121,13.4,2.7,82.3
79,76,2014-01-25,2,2,2013-2014,Uberlândia,Mogi,1,87.1,32.7,40.8,13.6,33.3,9.7,23.6,19.9,13.1,1.6099999999999999,10.9,24.6,44.68599999999999,20.4,36.0,57.096000000000004,13.6,18.0,77.53299999999999,3.4,8.2,0.64,2.7,20.7,0.13300000000000003,13.1,3.1,104.4,76.0,17.1,40.2,18.7,35.9,13.4,22.5,11.8,13.8,0.9810000000000002,5.7,18.0,32.608,20.1,41.4,48.26500000000001,18.7,25.4,72.74,0.7,11.1,0.8489999999999999,1.2,21.1,0.059,13.8,3.1,81.9
93,81,2014-01-25,2,2,2013-2014,Limeira,Palmeiras,1,72.4,23.7,35.8,12.9,31.3,7.4,23.9,14.4,11.5,1.3929999999999998,7.9,21.4,37.147,17.9,36.0,49.841,12.9,17.9,72.42299999999999,0.1,9.0,0.8520000000000001,2.1,20.5,0.10400000000000001,11.5,1.7,81.1,80.6,22.5,46.6,11.5,34.2,10.6,23.6,14.4,11.6,1.4,7.5,21.6,35.756,23.3,43.1,54.27,11.5,17.0,68.049,2.2,9.3,0.8869999999999999,2.1,17.9,0.12100000000000002,11.6,4.5,89.6
90,73,2014-01-27,8,2,2013-2014,Flamengo,Espírito Santo,1,84.3,29.4,38.4,16.5,37.0,12.0,25.0,16.2,13.7,1.207,9.8,26.1,37.730000000000004,19.2,36.7,53.214999999999996,16.5,21.6,76.00699999999999,1.7,9.5,0.736,1.2,19.5,0.064,13.7,2.5,95.6,69.6,24.3,34.4,10.9,28.9,9.1,19.8,11.8,15.4,0.868,8.1,23.9,33.357,17.2,33.7,51.331999999999994,10.9,14.7,74.374,1.0,6.9,0.51,1.1,20.6,0.052000000000000005,15.4,3.9,66.8
76,69,2014-01-28,5,1,2013-2014,Bauru Basket,Minas,1,82.1,27.3,36.8,18.0,32.4,10.1,22.3,14.8,10.5,1.6770000000000003,9.1,24.5,37.915000000000006,18.4,35.9,50.80799999999999,18.0,22.1,82.07300000000001,2.2,9.2,1.01,2.0,17.1,0.12899999999999998,10.5,1.5,92.9,68.4,16.2,36.6,15.6,30.8,8.0,22.8,14.1,13.7,1.1250000000000002,5.4,16.8,33.726,18.3,38.1,48.3,15.6,21.6,73.227,1.2,9.3,0.703,2.3,22.5,0.11100000000000002,13.7,2.6,74.0
87,72,2014-01-28,5,2,2013-2014,Brasília,Sesi Franca,1,85.5,33.9,38.0,13.6,37.5,9.4,28.1,17.2,10.8,1.8239999999999998,11.3,29.1,38.759,19.0,37.5,51.013999999999996,13.6,16.7,80.682,1.4,9.0,0.9029999999999999,3.1,18.2,0.179,10.8,1.3,102.1,77.0,20.4,42.8,13.8,34.7,10.4,24.3,15.0,14.6,1.163,6.8,19.7,35.458000000000006,21.4,39.1,55.194,13.8,18.9,72.194,1.8,9.7,0.74,2.9,18.2,0.173,14.6,1.9,88.9
79,72,2014-01-30,3,2,2013-2014,Coop/São José Basketball,Minas,1,83.1,28.8,41.6,12.7,35.8,10.4,25.4,16.4,13.3,1.407,9.6,24.4,40.021,20.8,39.2,53.01500000000001,12.7,16.6,78.31299999999999,0.4,8.1,0.628,2.1,14.5,0.165,13.3,2.6,95.1,69.3,16.8,37.0,15.5,32.2,8.5,23.7,14.0,13.3,1.161,5.6,16.6,34.803,18.5,38.9,47.622,15.5,21.5,73.095,1.1,9.0,0.711,2.6,22.2,0.12400000000000003,13.3,2.6,76.4
87,78,2014-01-30,3,2,2013-2014,Limeira,Paulistano,1,73.5,23.4,35.6,14.5,31.4,7.4,24.0,14.5,11.8,1.361,7.8,22.0,35.61,17.8,35.4,50.400999999999996,14.5,19.7,72.671,0.2,9.1,0.837,2.0,21.1,0.097,11.8,1.7,81.7,88.1,24.6,43.8,19.7,36.1,12.7,23.4,12.2,11.8,1.2099999999999997,8.2,23.9,34.205,21.9,39.5,55.31500000000001,19.7,24.1,81.391,1.2,10.5,0.97,1.6,20.8,0.08299999999999999,11.8,2.5,99.0
110,93,2014-01-30,3,2,2013-2014,Bauru Basket,L. Sorocabana,1,80.7,26.7,37.6,16.4,33.2,10.5,22.7,15.2,10.9,1.6440000000000001,8.9,24.3,37.440999999999995,18.8,36.0,51.90599999999999,16.4,20.6,80.694,2.5,9.0,0.9369999999999999,2.2,16.8,0.14099999999999996,10.9,1.5,92.5,74.8,20.4,38.0,16.4,30.3,10.3,20.0,11.3,12.1,1.038,6.8,18.9,36.218,19.0,41.0,46.586999999999996,16.4,22.0,74.337,1.9,11.3,1.003,1.9,23.0,0.086,12.1,2.3,77.8
84,76,2014-01-30,3,2,2013-2014,Flamengo,Palmeiras,1,87.4,30.6,38.6,18.2,38.5,12.5,26.0,16.9,13.2,1.2779999999999998,10.2,26.2,39.418,19.3,36.8,53.358000000000004,18.2,23.9,76.28,1.9,9.7,0.765,1.1,20.5,0.05700000000000001,13.2,2.2,101.2,81.9,21.3,49.2,11.4,33.5,10.5,23.0,14.3,12.4,1.2790000000000001,7.1,20.7,35.589,24.6,43.9,56.534000000000006,11.4,16.9,67.853,2.5,9.2,0.827,2.0,18.7,0.11400000000000002,12.4,4.3,90.1
82,76,2014-01-30,3,2,2013-2014,Mogi,Goiânia,1,75.7,18.3,39.0,18.4,35.5,13.2,22.3,11.6,14.3,0.9080000000000001,6.1,18.7,33.178,19.5,40.7,47.503,18.4,24.6,73.86699999999999,0.9,11.7,0.857,1.0,20.9,0.051000000000000004,14.3,3.3,81.2,76.3,21.0,40.8,14.5,33.1,8.6,24.5,15.9,12.8,1.591,7.0,21.1,34.68900000000001,20.4,39.1,53.033,14.5,18.6,79.213,1.2,8.7,0.8560000000000001,1.9,23.2,0.08200000000000002,12.8,2.6,86.2
88,77,2014-01-30,3,2,2013-2014,Fortaleza B. C. / CFO,Brasília,1,72.4,16.2,42.8,13.4,38.1,11.1,27.0,11.3,13.9,0.885,5.4,17.3,32.035000000000004,21.4,44.3,48.366,13.4,19.3,68.283,2.9,9.8,0.7579999999999998,2.1,19.0,0.11100000000000002,13.9,2.9,79.1,85.1,33.9,38.4,12.8,37.6,9.5,28.1,17.9,10.4,1.9919999999999998,11.3,30.0,37.769999999999996,19.2,37.9,50.952,12.8,15.6,81.53800000000001,1.6,9.2,0.962,3.6,17.6,0.217,10.4,1.3,102.8
88,72,2014-02-01,4,2,2013-2014,Coop/São José Basketball,Espírito Santo,1,82.0,28.2,40.8,13.0,36.6,10.6,26.0,15.8,12.8,1.4170000000000003,9.4,24.5,39.161,20.4,39.6,51.407000000000004,13.0,16.7,79.96100000000001,0.3,8.0,0.645,2.4,13.8,0.195,12.8,2.4,94.0,69.3,21.9,36.6,10.8,29.4,9.3,20.1,11.0,15.7,0.7949999999999998,7.3,23.3,30.605,18.3,35.0,52.439,10.8,14.9,73.19200000000001,0.9,7.3,0.5269999999999999,1.1,20.6,0.052000000000000005,15.7,4.1,65.6
77,90,2014-02-01,4,2,2013-2014,Bauru Basket,Paulistano,0,82.3,26.4,39.6,16.3,32.0,9.7,22.3,15.4,11.4,1.53,8.8,22.7,39.800999999999995,19.8,36.1,54.870000000000005,16.3,20.5,80.64000000000001,2.1,8.5,0.8240000000000001,2.4,17.4,0.147,11.4,1.5,94.7,87.8,24.9,43.0,19.9,35.1,12.0,23.1,12.6,12.0,1.2060000000000002,8.3,22.9,36.002,21.5,39.7,54.157000000000004,19.9,24.8,79.674,1.2,11.1,1.016,1.4,21.2,0.072,12.0,2.5,98.3
69,71,2014-02-01,4,2,2013-2014,Limeira,L. Sorocabana,0,73.2,23.4,34.8,15.0,31.8,7.9,23.9,14.4,12.7,1.255,7.8,21.9,35.848,17.4,34.6,50.569,15.0,20.1,73.731,0.2,8.6,0.7539999999999999,2.3,20.7,0.11099999999999999,12.7,2.0,81.2,76.8,21.9,37.2,17.7,29.8,10.1,19.7,11.2,12.1,1.0290000000000001,7.3,20.3,36.182,18.6,39.2,47.648999999999994,17.7,23.9,73.37500000000001,1.5,10.5,0.931,2.0,23.8,0.088,12.1,2.4,78.4
101,93,2014-02-01,4,2,2013-2014,Macaé Basquete,Palmeiras,1,76.3,23.1,37.4,15.8,29.0,5.8,23.2,14.7,12.2,1.4060000000000001,7.7,21.0,36.807,18.7,35.5,52.722,15.8,20.1,79.036,1.2,8.5,0.843,1.5,21.0,0.075,12.2,3.1,83.4,81.8,19.8,51.2,10.8,32.7,9.8,22.9,13.9,12.6,1.2349999999999999,6.6,19.0,35.362,25.6,44.3,58.638999999999996,10.8,16.1,67.436,2.3,9.6,0.8460000000000001,1.8,18.8,0.10400000000000002,12.6,3.3,90.8
102,85,2014-02-01,4,2,2013-2014,Fortaleza B. C. / CFO,Goiânia,1,75.2,18.3,44.0,12.9,39.1,11.3,27.8,12.4,13.0,1.0619999999999998,6.1,17.7,36.178000000000004,22.0,44.3,49.699,12.9,18.3,69.48299999999999,2.9,10.9,0.914,2.1,19.1,0.11000000000000001,13.0,2.9,87.4,76.5,20.7,40.6,15.2,32.7,8.6,24.1,15.8,13.4,1.4769999999999999,6.9,19.8,35.885000000000005,20.3,39.5,52.24399999999999,15.2,20.0,76.88000000000001,1.1,9.5,0.881,2.1,23.6,0.08900000000000002,13.4,2.7,86.3
85,90,2014-02-01,4,2,2013-2014,Mogi,Brasília,0,74.5,19.5,37.6,17.4,36.0,14.2,21.8,11.3,15.3,0.7929999999999999,6.5,20.1,32.665,18.8,39.4,47.622,17.4,24.2,70.857,0.9,11.6,0.8119999999999999,0.9,20.7,0.047,15.3,3.6,78.0,85.4,34.2,37.8,13.4,39.0,9.7,29.3,17.9,10.9,1.9749999999999996,11.4,30.1,38.04699999999999,18.9,36.7,52.15500000000001,13.4,16.3,81.498,1.6,8.8,0.9159999999999998,3.8,17.2,0.22999999999999998,10.9,1.2,104.6
71,80,2014-02-01,4,2,2013-2014,Flamengo,Pinheiros,0,87.0,30.9,38.2,17.9,37.3,11.9,25.4,17.2,13.3,1.291,10.3,27.0,38.716,19.1,35.7,54.45700000000001,17.9,23.4,76.908,1.9,10.1,0.79,1.0,20.4,0.052000000000000005,13.3,2.0,100.5,87.5,33.0,40.2,14.3,33.1,7.8,25.3,17.2,13.2,1.3940000000000001,11.0,25.9,42.438,20.1,34.2,58.32299999999999,14.3,18.1,78.475,2.7,9.8,0.7729999999999999,3.9,18.4,0.22399999999999998,13.2,2.1,105.5
77,80,2014-02-03,3,2,2013-2014,Macaé Basquete,Pinheiros,0,78.6,24.6,36.4,17.6,29.1,5.5,23.6,15.0,13.3,1.23,8.2,20.2,40.61,18.2,34.4,52.95,17.6,22.1,79.87299999999999,1.3,8.5,0.735,1.9,21.4,0.08900000000000001,13.3,3.3,87.1,87.9,32.4,41.0,14.5,33.7,7.8,25.9,17.3,12.7,1.437,10.8,25.1,42.862,20.5,35.4,57.78499999999999,14.5,18.1,79.528,2.7,10.2,0.837,3.7,18.7,0.20800000000000005,12.7,1.9,107.3
90,59,2014-02-03,7,2,2013-2014,Flamengo,Minas,1,84.5,30.9,37.0,16.6,36.3,11.2,25.1,17.2,13.5,1.276,10.3,26.6,39.29600000000001,18.5,35.2,53.516,16.6,22.4,74.646,1.9,10.3,0.7989999999999999,0.9,19.4,0.048,13.5,1.8,96.9,70.6,15.9,39.8,14.9,34.0,10.0,24.0,13.7,12.0,1.2109999999999999,5.3,16.9,32.730999999999995,19.9,41.7,47.692,14.9,20.6,74.16600000000001,1.4,8.6,0.784,2.7,22.0,0.13,12.0,2.3,78.5
84,82,2014-02-06,5,2,2013-2014,Pinheiros,Mogi,1,86.3,31.8,38.4,16.1,34.6,7.8,26.8,16.6,12.7,1.387,10.6,25.4,41.374,19.2,34.4,55.657999999999994,16.1,19.9,80.10900000000001,2.5,10.4,0.851,4.1,18.2,0.23200000000000004,12.7,1.8,105.5,76.0,21.0,38.8,16.2,35.8,14.3,21.5,12.3,14.0,0.931,7.0,20.6,34.165,19.4,40.7,47.663,16.2,23.0,69.88399999999999,1.0,11.6,0.884,0.8,20.6,0.041999999999999996,14.0,2.9,80.8
75,94,2014-02-06,5,2,2013-2014,Goiânia,Uberlândia,0,75.2,19.2,40.2,15.8,32.9,9.2,23.7,14.7,13.5,1.409,6.4,19.1,34.462,20.1,40.0,50.8,15.8,21.3,75.756,0.9,9.5,0.877,1.9,23.6,0.079,13.5,2.4,82.6,85.5,33.3,38.8,13.4,32.5,9.7,22.8,20.5,13.7,1.587,11.1,25.3,44.202,19.4,34.1,57.069,13.4,17.5,78.36600000000001,3.5,8.2,0.611,2.7,20.9,0.13200000000000003,13.7,3.1,102.7
69,85,2014-02-06,5,2,2013-2014,Palmeiras,Fortaleza B. C. / CFO,0,83.4,19.8,52.2,11.4,31.9,10.0,21.9,14.2,12.8,1.246,6.6,19.4,34.577,26.1,44.5,59.39399999999999,11.4,16.8,68.46700000000001,2.3,9.7,0.842,1.6,20.2,0.084,12.8,3.0,91.4,77.6,20.7,42.8,14.1,38.3,10.7,27.6,13.5,12.9,1.164,6.9,18.3,39.196,21.4,43.1,50.04600000000001,14.1,20.0,69.045,2.9,10.7,0.909,1.8,20.3,0.091,12.9,2.7,90.0
79,98,2014-02-06,5,2,2013-2014,L. Sorocabana,Flamengo,0,77.6,21.9,37.2,18.5,30.2,9.8,20.4,10.6,11.7,1.0,7.3,20.3,36.182,18.6,39.0,47.925,18.5,24.3,75.708,1.5,9.9,0.914,1.8,23.1,0.079,11.7,2.4,79.2,85.6,31.2,37.0,17.4,35.8,10.5,25.3,18.0,13.1,1.3850000000000002,10.4,25.8,40.741,18.5,34.0,55.702,17.4,23.1,75.649,2.1,10.3,0.819,0.9,18.6,0.05,13.1,1.6,100.9
110,93,2014-02-06,5,2,2013-2014,Paulistano,Macaé Basquete,1,88.4,25.8,41.8,20.8,34.6,11.6,23.0,12.8,12.2,1.209,8.6,23.3,36.871,20.9,38.4,54.720000000000006,20.8,25.9,80.12899999999999,1.2,11.0,0.994,1.5,20.8,0.077,12.2,2.6,98.7,77.7,25.5,34.8,17.4,29.2,5.9,23.3,14.9,13.2,1.233,8.5,21.0,40.567,17.4,34.2,51.147999999999996,17.4,21.5,81.22999999999999,1.3,9.2,0.7869999999999999,2.0,21.3,0.093,13.2,2.7,86.4
71,77,2014-02-06,5,2,2013-2014,Minas,Bauru Basket,0,68.2,15.3,38.4,14.5,32.7,9.5,23.2,13.1,11.6,1.202,5.1,16.8,31.411999999999995,19.2,41.7,46.136,14.5,19.6,75.753,1.0,8.8,0.8299999999999998,2.8,21.2,0.13600000000000004,11.6,2.2,74.7,82.6,25.5,41.0,16.1,31.4,9.9,21.5,16.0,10.9,1.6039999999999999,8.5,23.1,37.878,20.5,35.9,57.67999999999999,16.1,20.1,81.144,2.2,7.8,0.8029999999999999,2.1,18.1,0.12600000000000003,10.9,1.5,94.9
84,99,2014-02-06,5,2,2013-2014,Espírito Santo,Limeira,0,70.5,20.1,39.0,11.4,30.0,9.6,20.4,11.1,14.5,0.882,6.7,23.4,28.254,19.5,36.8,53.090999999999994,11.4,15.2,76.50399999999999,0.9,7.5,0.6060000000000001,1.1,21.4,0.049999999999999996,14.5,4.0,67.9,73.4,24.3,35.0,14.1,32.1,7.8,24.3,14.7,12.1,1.3679999999999999,8.1,22.5,36.403999999999996,17.5,34.1,51.413,14.1,18.9,73.085,0.2,8.3,0.76,1.9,20.4,0.094,12.1,1.8,82.5
93,73,2014-02-08,6,2,2013-2014,Pinheiros,Fortaleza B. C. / CFO,1,86.5,30.0,39.2,17.3,34.6,7.8,26.8,16.9,13.0,1.3809999999999998,10.0,25.1,39.467,19.6,33.7,57.839999999999996,17.3,21.8,79.292,2.3,10.3,0.829,4.4,18.6,0.244,13.0,2.0,106.0,79.0,21.6,41.8,15.6,37.2,10.2,27.0,13.3,12.7,1.17,7.2,18.3,40.559,20.9,42.9,49.099000000000004,15.6,21.4,73.489,2.8,11.1,0.9560000000000001,2.2,20.5,0.11300000000000002,12.7,2.5,91.2
83,78,2014-02-08,6,2,2013-2014,Goiânia,Sesi Franca,1,73.4,20.4,37.6,15.4,32.9,9.4,23.5,14.8,12.5,1.47,6.8,19.9,34.724000000000004,18.8,38.8,49.278,15.4,21.1,74.811,0.7,8.8,0.86,1.7,22.7,0.07200000000000001,12.5,2.7,80.3,76.2,19.2,44.2,12.8,35.4,10.8,24.6,14.5,13.5,1.1860000000000002,6.4,19.4,33.811,22.1,41.8,53.663,12.8,17.6,71.96700000000001,1.6,9.3,0.75,2.6,18.4,0.152,13.5,1.6,86.9
98,91,2014-02-08,6,2,2013-2014,Palmeiras,Mogi,1,81.2,18.9,51.0,11.3,31.9,9.3,22.6,14.3,13.7,1.1720000000000002,6.3,19.6,32.85,25.5,42.9,59.803999999999995,11.3,16.8,67.878,2.4,9.3,0.739,1.8,19.8,0.095,13.7,2.8,88.6,76.4,22.2,37.4,16.8,37.3,15.0,22.3,12.9,14.2,0.9549999999999998,7.4,21.7,34.194,18.7,40.6,46.14,16.8,23.7,70.71700000000001,1.1,11.3,0.843,0.6,21.3,0.031,14.2,3.1,81.2
67,98,2014-02-08,6,2,2013-2014,Paulistano,Flamengo,0,89.8,26.4,41.8,21.6,33.9,11.9,22.0,13.4,12.3,1.249,8.8,23.3,37.585,20.9,38.8,54.007999999999996,21.6,26.9,79.61399999999999,1.3,11.4,1.02,1.4,21.3,0.07300000000000001,12.3,2.6,99.8,86.2,30.6,37.2,18.4,36.0,10.5,25.5,17.0,12.8,1.342,10.2,25.5,40.556000000000004,18.6,34.2,55.646,18.4,23.6,77.916,1.7,10.7,0.861,0.9,19.1,0.05,12.8,1.5,101.9
64,62,2014-02-08,6,2,2013-2014,Minas,Limeira,1,69.1,17.1,38.8,13.2,32.5,10.4,22.1,13.4,11.8,1.207,5.7,16.9,33.94199999999999,19.4,42.6,45.663,13.2,18.5,73.167,1.0,9.3,0.858,2.7,21.7,0.12800000000000003,11.8,2.1,75.5,75.7,27.0,35.0,13.7,32.2,8.0,24.2,14.3,12.1,1.331,9.0,23.8,37.72,17.5,34.2,51.254,13.7,17.9,74.672,0.2,8.4,0.7689999999999999,1.8,20.9,0.08700000000000001,12.1,1.9,84.6
85,88,2014-02-08,6,2,2013-2014,Espírito Santo,Bauru Basket,0,71.6,19.5,39.6,12.5,29.0,9.3,19.7,11.3,14.3,0.9129999999999999,6.5,23.1,27.778,19.8,35.8,55.28099999999999,12.5,16.8,75.25399999999999,0.9,7.6,0.619,1.1,21.4,0.05,14.3,3.7,69.4,82.3,26.1,40.2,16.0,31.7,10.0,21.7,16.3,11.6,1.576,8.7,22.7,39.364,20.1,35.7,56.86100000000001,16.0,19.7,82.357,2.2,7.9,0.772,2.5,18.2,0.14500000000000002,11.6,1.6,95.7
73,54,2014-02-08,6,2,2013-2014,L. Sorocabana,Macaé Basquete,1,75.9,20.1,36.4,19.4,29.8,9.9,19.9,10.6,11.5,1.0150000000000001,6.7,19.9,34.294,18.2,38.5,47.515,19.4,25.4,75.82300000000001,1.3,9.6,0.9040000000000001,1.6,23.1,0.07199999999999998,11.5,2.3,76.5,79.6,26.1,35.8,17.7,29.1,5.7,23.4,14.4,14.1,1.13,8.7,21.2,41.059,17.9,34.0,53.35699999999999,17.7,22.0,80.742,1.0,9.1,0.7489999999999999,2.2,21.8,0.101,14.1,3.3,87.4
94,87,2014-02-10,4,2,2013-2014,Uberlândia,Sesi Franca,1,86.9,35.7,37.6,13.6,31.6,9.2,22.4,19.8,13.4,1.5710000000000002,11.9,26.4,45.065,18.8,33.1,56.592,13.6,17.3,80.25500000000001,3.6,8.5,0.659,2.6,21.5,0.12400000000000003,13.4,2.9,103.5,75.7,19.8,43.8,12.1,35.1,11.4,23.7,14.5,13.2,1.2100000000000002,6.6,19.5,34.54200000000001,21.9,42.0,52.874,12.1,16.7,71.64200000000001,1.4,9.3,0.7649999999999999,2.7,18.6,0.156,13.2,1.8,86.4
73,81,2014-02-11,2,2,2013-2014,Pinheiros,Bauru Basket,0,87.0,28.8,39.8,18.4,35.8,8.6,27.2,17.4,13.9,1.305,9.6,25.1,37.8,19.9,34.2,57.91099999999999,18.4,23.5,77.728,2.4,11.1,0.842,4.5,19.2,0.24500000000000002,13.9,2.1,107.0,83.7,24.9,41.2,17.6,33.6,9.6,24.0,15.9,11.7,1.5450000000000002,8.3,22.7,37.624,20.6,35.9,57.949,17.6,21.4,82.426,2.1,7.2,0.723,2.7,19.1,0.148,11.7,1.6,97.8
85,67,2014-02-13,7,2,2013-2014,Macaé Basquete,Espírito Santo,1,78.1,25.8,35.2,17.1,28.9,5.9,23.0,14.3,14.4,1.1139999999999999,8.6,21.0,40.833999999999996,17.6,33.4,53.209,17.1,21.6,79.48500000000001,1.2,8.8,0.716,2.3,21.8,0.10600000000000001,14.4,3.5,85.3,71.8,19.8,39.8,12.2,30.1,9.6,20.5,11.5,14.3,0.9420000000000002,6.6,23.6,27.512,19.9,36.7,54.58699999999999,12.2,16.2,75.949,0.9,7.9,0.6609999999999999,1.6,21.9,0.06899999999999999,14.3,3.5,70.8
81,73,2014-02-13,7,2,2013-2014,Limeira,Coop/São José Basketball,1,75.5,26.7,34.2,14.6,32.4,8.3,24.1,14.0,12.3,1.301,8.9,22.8,38.72,17.1,34.1,50.023,14.6,19.6,74.02199999999999,0.2,8.4,0.761,1.8,21.0,0.08700000000000002,12.3,1.9,83.9,85.4,27.9,42.8,14.7,37.8,10.7,27.1,16.9,13.0,1.4800000000000002,9.3,23.9,39.328,21.4,40.0,53.733000000000004,14.7,18.8,81.401,0.3,7.9,0.63,2.7,14.9,0.20299999999999999,13.0,2.5,100.4
66,79,2014-02-13,7,2,2013-2014,Mogi,Paulistano,0,78.0,21.6,38.2,18.2,35.3,12.6,22.7,13.5,14.1,0.9880000000000001,7.2,21.0,34.135999999999996,19.1,39.9,47.68900000000001,18.2,25.3,71.252,0.9,11.0,0.8319999999999999,0.5,22.5,0.022,14.1,2.7,82.5,87.0,27.0,41.2,18.8,34.7,12.6,22.1,13.6,12.4,1.2570000000000001,9.0,24.1,37.223,20.6,39.0,52.976,18.8,23.7,78.295,1.3,10.6,0.9630000000000001,1.5,21.1,0.07800000000000001,12.4,2.6,96.5
76,77,2014-02-13,7,2,2013-2014,Uberlândia,Pinheiros,0,87.6,36.6,37.8,13.2,30.9,9.0,21.9,19.8,12.9,1.6170000000000002,12.2,26.7,45.751,18.9,33.3,56.467,13.2,16.8,80.20700000000001,3.8,8.6,0.6920000000000001,2.6,21.9,0.121,12.9,2.6,104.1,84.5,28.5,39.2,16.8,35.2,8.0,27.2,16.8,14.3,1.2339999999999998,9.5,24.7,38.05,19.6,33.7,57.976,16.8,21.9,76.42099999999999,2.0,11.4,0.8520000000000001,3.8,19.7,0.20099999999999998,14.3,2.3,103.0
95,62,2014-02-13,7,2,2013-2014,Sesi Franca,Palmeiras,1,77.9,20.7,43.8,13.4,34.6,11.4,23.2,14.1,12.5,1.226,6.9,19.2,36.408,21.9,42.9,51.652,13.4,17.9,73.874,1.3,9.1,0.791,2.7,18.4,0.15699999999999997,12.5,1.6,88.0,83.5,19.2,51.2,13.1,32.9,9.5,23.4,14.3,14.7,1.0669999999999997,6.4,19.2,33.925,25.6,43.7,59.16099999999999,13.1,18.4,70.47800000000001,2.3,9.4,0.669,1.8,21.2,0.092,14.7,2.8,91.0
92,87,2014-02-13,7,2,2013-2014,Fortaleza B. C. / CFO,L. Sorocabana,1,79.0,21.0,42.6,15.4,36.1,9.8,26.3,12.8,13.0,1.109,7.0,18.0,39.964,21.3,43.6,49.248000000000005,15.4,20.8,74.614,2.5,11.4,0.958,2.2,21.1,0.11000000000000001,13.0,2.5,89.8,74.9,19.2,36.0,19.7,29.2,9.7,19.5,10.4,11.1,1.026,6.4,19.2,34.056,18.0,37.9,47.738,19.7,25.6,76.505,1.3,9.1,0.893,1.6,22.8,0.07200000000000001,11.1,2.4,75.5
78,76,2014-02-15,8,2,2013-2014,Bauru Basket,Coop/São José Basketball,1,83.1,25.5,40.0,17.6,32.3,9.1,23.2,15.8,11.2,1.614,8.5,23.3,37.434000000000005,20.0,35.3,57.306999999999995,17.6,21.8,80.86999999999999,2.3,7.4,0.7959999999999999,2.5,19.2,0.13899999999999998,11.2,1.7,95.6,82.3,26.4,41.2,14.7,37.0,10.9,26.1,15.9,13.6,1.325,8.8,23.1,38.542,20.6,39.0,53.06600000000001,14.7,18.9,81.06800000000001,0.3,8.0,0.601,2.8,15.9,0.20399999999999996,13.6,2.8,95.5
91,82,2014-02-15,8,2,2013-2014,Brasília,Goiânia,1,86.0,35.4,37.4,13.2,39.1,10.2,28.9,19.3,10.4,2.1109999999999998,11.8,30.7,38.409,18.7,36.2,52.31600000000001,13.2,16.1,81.141,1.5,8.3,0.9030000000000001,4.2,17.0,0.251,10.4,1.0,107.2,76.4,21.3,38.6,16.5,31.9,9.4,22.5,15.2,12.3,1.525,7.1,19.6,36.517999999999994,19.3,38.6,51.088,16.5,22.3,75.519,0.9,9.1,0.8960000000000001,1.9,22.3,0.082,12.3,2.4,84.6
85,69,2014-02-15,8,2,2013-2014,Macaé Basquete,Minas,1,78.6,25.8,35.8,17.0,28.8,5.5,23.3,14.3,15.3,0.9640000000000001,8.6,21.0,40.833999999999996,17.9,32.8,55.065999999999995,17.0,21.5,79.394,1.3,9.0,0.62,2.2,21.6,0.10200000000000001,15.3,3.7,85.8,70.1,17.4,39.4,13.3,31.4,9.8,21.6,13.6,11.3,1.242,5.8,17.1,34.081,19.7,42.1,47.036,13.3,18.3,74.27799999999999,1.2,9.7,0.9039999999999999,2.7,22.1,0.125,11.3,1.7,77.5
54,77,2014-02-15,8,2,2013-2014,Fortaleza B. C. / CFO,Paulistano,0,79.8,21.3,43.6,14.9,37.5,10.2,27.3,13.7,13.1,1.169,7.1,18.5,39.349000000000004,21.8,44.6,49.272000000000006,14.9,20.5,73.45700000000001,2.8,11.6,0.968,2.3,20.8,0.11699999999999999,13.1,2.4,92.0,88.1,27.9,41.4,18.8,34.0,12.2,21.8,14.0,12.3,1.292,9.3,23.6,39.223,20.7,39.2,52.976,18.8,23.9,77.43100000000001,1.4,11.2,1.012,1.5,21.1,0.07800000000000001,12.3,3.0,98.5
89,61,2014-02-15,8,2,2013-2014,Mogi,L. Sorocabana,1,77.9,21.0,38.8,18.1,36.4,12.6,23.8,13.9,14.6,0.9869999999999999,7.0,19.8,35.028999999999996,19.4,40.9,47.234,18.1,26.1,68.459,1.0,10.8,0.7929999999999999,0.5,22.8,0.022,14.6,2.8,82.6,77.1,21.0,36.6,19.5,29.1,9.3,19.8,10.4,10.5,1.058,7.0,19.9,35.446999999999996,18.3,38.4,48.024,19.5,25.1,77.755,1.4,9.2,0.9339999999999999,2.0,22.9,0.08900000000000001,10.5,2.4,78.7
94,74,2014-02-15,8,2,2013-2014,Sesi Franca,Pinheiros,1,78.3,21.6,41.4,15.3,35.1,11.5,23.6,12.7,13.9,0.9790000000000001,7.2,19.4,37.339000000000006,20.7,41.4,50.541000000000004,15.3,19.9,74.985,1.0,9.8,0.743,3.0,20.0,0.144,13.9,2.2,87.4,82.7,25.2,41.6,15.9,34.5,8.1,26.4,16.6,13.9,1.314,8.4,23.3,36.090999999999994,20.8,35.1,59.11900000000001,15.9,21.3,74.22999999999999,2.2,10.7,0.825,3.7,19.3,0.197,13.9,2.4,99.7
79,77,2014-02-15,8,2,2013-2014,Uberlândia,Palmeiras,1,86.1,36.6,37.8,11.7,31.0,8.6,22.4,20.5,12.6,1.781,12.2,27.2,44.435,18.9,33.3,56.467,11.7,15.3,78.834,3.6,8.5,0.7030000000000001,2.4,20.8,0.11600000000000002,12.6,2.5,102.9,82.8,18.6,50.4,13.8,32.5,9.5,23.0,13.3,15.7,0.9709999999999999,6.2,18.2,34.056,25.2,44.4,57.181,13.8,19.2,70.971,1.8,9.9,0.6619999999999999,1.9,22.3,0.09000000000000001,15.7,3.4,88.1
72,79,2014-02-18,1,2,2013-2014,Limeira,Pinheiros,0,75.8,26.4,34.8,14.6,31.9,8.1,23.8,14.2,12.1,1.326,8.8,22.5,38.839999999999996,17.4,34.8,49.743,14.6,20.2,71.165,0.2,8.4,0.768,1.8,21.6,0.08499999999999999,12.1,2.0,83.3,81.0,23.7,41.6,15.7,34.7,8.3,26.4,15.8,13.4,1.291,7.9,22.5,35.394,20.8,35.8,57.823,15.7,21.0,74.30300000000001,2.5,10.4,0.827,3.4,19.0,0.188,13.4,2.2,97.0
84,75,2014-02-18,6,2,2013-2014,Brasília,Uberlândia,1,85.3,36.9,35.6,12.8,38.0,9.4,28.6,18.0,10.6,1.8969999999999998,12.3,32.2,38.251999999999995,17.8,33.6,54.879000000000005,12.8,15.5,81.22200000000001,1.5,8.2,0.8600000000000001,4.2,17.2,0.24799999999999994,10.6,0.8,104.7,84.8,35.1,37.8,11.9,29.8,8.2,21.6,19.2,11.9,1.8330000000000002,11.7,26.3,43.897000000000006,18.9,32.7,57.504,11.9,15.9,77.084,3.3,8.7,0.799,2.1,20.5,0.10300000000000001,11.9,2.2,100.3
82,110,2014-02-25,9,2,2013-2014,Pinheiros,Brasília,0,81.4,25.8,39.6,16.0,33.6,8.5,25.1,15.2,12.5,1.3489999999999998,8.6,23.4,36.879000000000005,19.8,35.3,55.628,16.0,20.8,77.165,2.3,10.5,0.9209999999999999,3.1,19.3,0.164,12.5,2.0,96.2,85.5,36.9,36.2,12.4,38.0,9.0,29.0,18.3,11.2,1.846,12.3,32.1,38.352999999999994,18.1,33.4,56.117,12.4,14.9,82.47200000000001,1.6,8.0,0.8019999999999999,4.3,16.7,0.26499999999999996,11.2,0.9,105.3
79,86,2014-02-25,9,2,2013-2014,Limeira,Bauru Basket,0,76.6,26.4,35.2,15.0,33.4,8.9,24.5,14.6,12.7,1.2710000000000001,8.8,22.0,39.739999999999995,17.6,34.9,50.198,15.0,20.6,72.134,0.3,7.9,0.651,1.7,21.4,0.08,12.7,2.2,85.4,83.7,27.6,38.6,17.5,32.1,9.1,23.0,16.5,12.0,1.5059999999999998,9.2,22.6,41.055,19.3,35.6,55.455,17.5,21.0,83.03099999999999,2.4,7.7,0.7209999999999999,2.2,19.4,0.11399999999999999,12.0,1.8,97.0
86,63,2014-02-25,9,2,2013-2014,Palmeiras,Goiânia,1,81.0,18.9,48.4,13.7,33.0,9.4,23.6,13.8,15.5,1.0259999999999998,6.3,18.5,33.79299999999999,24.2,44.0,55.114999999999995,13.7,19.0,71.36,1.8,9.4,0.629,1.9,22.5,0.088,15.5,3.4,86.3,76.4,20.1,39.0,17.3,33.0,10.0,23.0,14.4,12.3,1.464,6.7,19.3,35.248,19.5,40.1,49.523999999999994,17.3,23.3,75.519,1.0,9.4,0.9190000000000002,1.8,21.4,0.08299999999999999,12.3,2.6,83.5
79,88,2014-02-25,9,2,2013-2014,L. Sorocabana,Sesi Franca,0,76.1,20.7,35.8,19.6,27.9,8.4,19.5,10.8,10.6,1.083,6.9,20.7,32.947,17.9,36.7,48.873000000000005,19.6,25.3,77.499,1.4,8.6,0.8800000000000001,1.7,23.1,0.07,10.6,2.3,76.2,79.7,22.5,41.0,16.2,35.0,12.4,22.6,12.8,13.5,1.014,7.5,20.6,36.08,20.5,42.0,49.344,16.2,20.9,75.385,1.3,10.3,0.7929999999999999,3.2,20.6,0.15099999999999997,13.5,2.0,88.1
90,79,2014-02-25,9,2,2013-2014,Paulistano,Uberlândia,1,86.5,28.2,40.8,17.5,35.1,12.1,23.0,14.2,12.5,1.297,9.4,23.8,39.332,20.4,39.1,52.32899999999999,17.5,22.5,76.69600000000001,1.4,11.0,0.99,1.5,20.8,0.07900000000000001,12.5,3.2,97.6,84.7,35.4,37.2,12.1,29.4,7.7,21.7,18.8,11.2,1.846,11.8,26.7,43.583,18.6,33.3,55.67099999999999,12.1,16.0,77.963,3.2,8.6,0.8309999999999998,2.1,20.2,0.10499999999999998,11.2,2.1,98.9
79,81,2014-02-25,9,2,2013-2014,Minas,Fortaleza B. C. / CFO,0,70.4,16.8,39.6,14.0,30.3,9.5,20.8,12.5,11.0,1.169,5.6,17.3,32.532999999999994,19.8,40.8,48.637,14.0,19.6,73.893,1.3,9.0,0.861,2.4,22.3,0.11000000000000001,11.0,1.8,75.3,77.8,21.0,42.2,14.6,37.1,10.2,26.9,14.2,13.2,1.202,7.0,18.8,38.408,21.1,44.4,47.888999999999996,14.6,20.7,71.449,3.1,12.2,1.0080000000000002,2.3,20.5,0.12,13.2,2.6,89.2
70,73,2014-02-25,9,2,2013-2014,Espírito Santo,Mogi,0,69.5,17.4,39.8,12.3,31.2,9.6,21.6,10.8,14.6,0.8799999999999999,5.8,23.1,24.969999999999995,19.9,36.8,54.44499999999999,12.3,16.7,73.449,0.9,7.9,0.6449999999999999,1.6,22.6,0.06899999999999999,14.6,3.3,67.8,79.2,22.5,39.0,17.7,36.9,12.2,24.7,15.1,14.5,1.1300000000000001,7.5,20.3,36.532,19.5,40.7,47.772999999999996,17.7,25.0,69.804,1.0,10.9,0.8160000000000001,0.6,21.9,0.032,14.5,2.7,86.9
96,88,2014-02-25,9,2,2013-2014,Coop/São José Basketball,Macaé Basquete,1,81.7,25.8,40.8,15.1,36.6,10.2,26.4,15.8,13.9,1.2879999999999998,8.6,23.9,36.666999999999994,20.4,37.2,55.282,15.1,19.3,81.06800000000001,0.3,8.1,0.5939999999999999,2.7,16.2,0.196,13.9,3.1,94.7,79.2,26.1,36.6,16.5,28.9,5.2,23.7,14.6,15.1,1.006,8.7,20.6,42.458999999999996,18.3,32.5,56.772000000000006,16.5,21.0,78.936,1.6,9.0,0.63,2.1,21.3,0.098,15.1,4.0,88.1
96,86,2014-02-27,10,2,2013-2014,Paulistano,Sesi Franca,1,85.9,26.4,40.8,18.7,34.6,12.0,22.6,13.2,13.2,1.201,8.8,23.5,37.248,20.4,39.3,52.051,18.7,23.5,77.69300000000001,1.6,11.1,0.9820000000000002,1.4,20.1,0.07500000000000001,13.2,3.2,94.5,81.3,22.8,42.8,15.7,35.9,12.7,23.2,13.6,13.7,1.0580000000000003,7.6,20.9,35.874,21.4,42.2,51.382999999999996,15.7,20.6,73.877,1.9,10.1,0.7609999999999999,3.3,20.2,0.15899999999999997,13.7,2.1,91.5
90,78,2014-02-27,10,2,2013-2014,Pinheiros,Goiânia,1,79.9,26.7,36.2,17.0,32.8,8.2,24.6,14.2,12.5,1.238,8.9,24.5,36.341,18.1,34.1,53.237,17.0,22.2,76.48100000000001,1.9,10.0,0.866,2.9,19.6,0.15,12.5,1.9,90.5,75.2,18.6,39.4,17.2,32.9,10.1,22.8,13.9,13.1,1.34,6.2,19.3,32.867000000000004,19.7,39.3,50.735,17.2,23.6,73.51899999999999,1.0,9.4,0.8400000000000001,1.8,20.8,0.086,13.1,2.6,81.0
82,94,2014-02-27,10,2,2013-2014,Palmeiras,Brasília,0,82.1,21.0,46.6,14.5,34.0,9.6,24.4,14.7,15.5,1.073,7.0,19.7,35.497,23.3,42.3,55.41099999999999,14.5,19.8,72.239,2.1,10.1,0.666,1.9,22.7,0.087,15.5,2.8,90.3,87.8,37.5,36.8,13.5,37.9,8.8,29.1,18.9,11.1,1.9449999999999998,12.5,32.7,38.108999999999995,18.4,32.0,58.766999999999996,13.5,16.2,83.06700000000001,1.9,7.7,0.777,4.3,17.7,0.25,11.1,1.1,109.0
82,74,2014-02-27,10,2,2013-2014,Espírito Santo,Fortaleza B. C. / CFO,1,71.5,17.7,39.8,14.0,31.7,9.3,22.4,10.7,14.6,0.873,5.9,22.9,25.746999999999996,19.9,36.2,55.374,14.0,18.8,73.592,1.1,8.3,0.671,1.6,23.6,0.067,14.6,3.3,71.1,79.0,21.3,43.2,14.5,37.0,10.1,26.9,14.8,12.5,1.27,7.1,18.4,40.081999999999994,21.6,44.6,48.783,14.5,21.1,69.628,2.8,11.5,0.9860000000000001,2.6,21.2,0.133,12.5,2.2,91.5
94,93,2014-02-27,10,2,2013-2014,Minas,Mogi,1,69.8,16.5,39.2,14.1,29.8,9.2,20.6,12.3,10.6,1.206,5.5,17.6,31.08899999999999,19.6,40.3,48.753,14.1,20.1,72.775,1.5,8.9,0.877,2.6,23.2,0.11400000000000002,10.6,1.8,74.0,79.1,20.4,41.0,17.7,37.5,12.6,24.9,15.1,15.1,1.106,6.8,19.5,34.29699999999999,20.5,41.6,49.375,17.7,25.6,68.458,1.0,11.0,0.797,0.8,22.4,0.038,15.1,2.6,86.7
90,91,2014-03-06,11,2,2013-2014,Mogi,Coop/São José Basketball,0,81.5,22.8,40.4,18.3,36.6,12.3,24.3,15.8,15.9,1.111,7.6,20.5,37.33299999999999,20.2,40.3,50.251,18.3,26.4,68.458,1.0,10.9,0.7740000000000001,1.0,22.8,0.045,15.9,2.8,88.8,83.6,24.3,42.0,17.3,35.6,9.9,25.7,16.4,14.4,1.294,8.1,22.9,35.675,21.0,37.1,56.794,17.3,22.1,80.497,0.3,8.6,0.603,2.1,17.4,0.132,14.4,3.2,96.2
98,94,2014-03-06,11,2,2013-2014,Macaé Basquete,Bauru Basket,1,81.2,27.0,37.2,17.0,28.8,4.8,24.0,15.1,15.5,1.0030000000000001,9.0,20.9,43.518,18.6,32.6,57.386999999999986,17.0,21.7,78.474,1.7,8.8,0.59,2.1,21.9,0.095,15.5,3.6,89.9,83.6,27.0,39.0,17.6,32.5,9.2,23.3,16.1,12.0,1.466,9.0,21.9,41.462,19.5,35.8,55.729000000000006,17.6,21.2,82.58699999999999,2.2,7.7,0.721,2.3,19.4,0.12,12.0,1.6,97.4
92,90,2014-03-06,11,2,2013-2014,Goiânia,L. Sorocabana,1,76.5,19.5,40.0,17.0,32.1,9.9,22.2,13.8,14.1,1.065,6.5,19.5,33.861000000000004,20.0,39.1,51.648,17.0,22.9,75.017,0.9,9.6,0.6759999999999999,1.6,20.9,0.077,14.1,2.6,81.5,77.0,22.2,36.8,18.0,28.0,8.3,19.7,11.5,11.3,1.001,7.4,21.3,34.442,18.4,36.4,50.668,18.0,23.4,75.521,1.6,8.7,0.783,1.7,22.3,0.074,11.3,2.4,78.3
84,65,2014-03-06,11,2,2013-2014,Sesi Franca,Minas,1,81.7,21.3,44.2,16.2,35.0,12.3,22.7,13.5,13.5,1.068,7.1,20.5,33.940999999999995,22.1,42.8,52.187,16.2,21.0,75.002,2.0,10.7,0.818,3.0,20.1,0.14399999999999996,13.5,2.1,91.5,72.6,17.1,40.8,14.7,29.7,9.4,20.3,13.9,10.2,1.344,5.7,18.0,31.296999999999997,20.4,41.2,49.410000000000004,14.7,21.3,69.918,1.6,9.4,0.932,2.8,23.9,0.118,10.2,2.2,78.5
100,77,2014-03-06,11,2,2013-2014,Brasília,Paulistano,1,89.0,37.5,36.6,14.9,37.9,8.9,29.0,19.0,12.0,1.807,12.5,32.5,38.411,18.3,31.3,59.52700000000001,14.9,18.0,82.39399999999999,1.7,8.5,0.8029999999999999,4.4,17.7,0.255,12.0,1.4,110.7,87.5,28.8,40.0,18.7,34.3,11.8,22.5,13.8,13.1,1.2530000000000001,9.6,24.3,39.431,20.0,38.5,52.18399999999999,18.7,23.2,79.042,1.3,10.6,0.9520000000000002,1.0,20.4,0.049999999999999996,13.1,2.9,96.3
74,64,2014-03-08,12,2,2013-2014,Fortaleza B. C. / CFO,Coop/São José Basketball,1,79.3,21.0,44.4,13.9,37.8,10.4,27.4,14.4,12.5,1.23,7.0,17.9,40.081999999999994,22.2,45.9,48.507000000000005,13.9,20.1,69.66799999999999,2.6,11.1,0.9460000000000001,2.3,21.7,0.11400000000000002,12.5,2.6,91.6,84.5,24.0,43.0,17.5,35.0,10.0,25.0,17.0,13.6,1.394,8.0,23.7,34.057,21.5,37.7,57.19,17.5,22.4,80.44000000000001,0.3,9.2,0.6759999999999999,1.9,17.6,0.12000000000000002,13.6,3.1,97.2
74,76,2014-03-08,12,2,2013-2014,Goiânia,Paulistano,0,77.4,21.0,38.8,17.6,31.8,10.2,21.6,14.4,14.1,1.1400000000000001,7.0,19.3,36.532,19.4,39.2,49.891,17.6,24.0,73.94,0.8,9.5,0.663,1.7,21.4,0.08,14.1,2.7,82.2,85.6,27.6,39.6,18.4,34.7,11.2,23.5,12.8,13.9,1.02,9.2,24.5,37.623999999999995,19.8,38.4,51.799,18.4,22.7,79.53600000000002,1.2,10.2,0.7990000000000002,1.2,21.8,0.056999999999999995,13.9,3.0,92.3
