placar_casa,placar_visitante,data,round,stage,ano,equipe_casa,equipe_visitante,resultado,Pts_casa,3P_casa,2P_casa,LL_casa,RT_casa,RO_casa,RD_casa,AS_casa,ER_casa,IA%_casa,3PC_casa,3PT_casa,3P%_casa,2PC_casa,2PT_casa,2P%_casa,LLC_casa,LLT_casa,LL%_casa,EN_casa,BR_casa,B/E_casa,TO_casa,FC_casa,T/FC_casa,ET_casa,VI_casa,EF_casa,Pts_visitante,3P_visitante,2P_visitante,LL_visitante,RT_visitante,RO_visitante,RD_visitante,AS_visitante,ER_visitante,IA%_visitante,3PC_visitante,3PT_visitante,3P%_visitante,2PC_visitante,2PT_visitante,2P%_visitante,LLC_visitante,LLT_visitante,LL%_visitante,EN_visitante,BR_visitante,B/E_visitante,TO_visitante,FC_visitante,T/FC_visitante,ET_visitante,VI_visitante,EF_visitante
77,70,2012-11-23,1,1,2012-2013,Minas,Tijuca,1,0.0,0.0,0.0,0.0,0.0,0.0,0.0,0.0,0.0,0.0,0.0,0.0,0.0,0.0,0.0,0.0,0.0,0.0,0.0,0.0,0.0,0.0,0.0,0.0,0.0,0.0,0.0,0.0,0.0,0.0,0.0,0.0,0.0,0.0,0.0,0.0,0.0,0.0,0.0,0.0,0.0,0.0,0.0,0.0,0.0,0.0,0.0,0.0,0.0,0.0,0.0,0.0,0.0,0.0,0.0,0.0
62,76,2012-11-24,1,1,2012-2013,Sesi Franca,Brasília,0,0.0,0.0,0.0,0.0,0.0,0.0,0.0,0.0,0.0,0.0,0.0,0.0,0.0,0.0,0.0,0.0,0.0,0.0,0.0,0.0,0.0,0.0,0.0,0.0,0.0,0.0,0.0,0.0,0.0,0.0,0.0,0.0,0.0,0.0,0.0,0.0,0.0,0.0,0.0,0.0,0.0,0.0,0.0,0.0,0.0,0.0,0.0,0.0,0.0,0.0,0.0,0.0,0.0,0.0,0.0,0.0
62,82,2012-11-24,1,1,2012-2013,Coop/São José Basketball,Bauru Basket,0,0.0,0.0,0.0,0.0,0.0,0.0,0.0,0.0,0.0,0.0,0.0,0.0,0.0,0.0,0.0,0.0,0.0,0.0,0.0,0.0,0.0,0.0,0.0,0.0,0.0,0.0,0.0,0.0,0.0,0.0,0.0,0.0,0.0,0.0,0.0,0.0,0.0,0.0,0.0,0.0,0.0,0.0,0.0,0.0,0.0,0.0,0.0,0.0,0.0,0.0,0.0,0.0,0.0,0.0,0.0,0.0
71,59,2012-11-24,1,1,2012-2013,Mogi,L. Sorocabana,1,0.0,0.0,0.0,0.0,0.0,0.0,0.0,0.0,0.0,0.0,0.0,0.0,0.0,0.0,0.0,0.0,0.0,0.0,0.0,0.0,0.0,0.0,0.0,0.0,0.0,0.0,0.0,0.0,0.0,0.0,0.0,0.0,0.0,0.0,0.0,0.0,0.0,0.0,0.0,0.0,0.0,0.0,0.0,0.0,0.0,0.0,0.0,0.0,0.0,0.0,0.0,0.0,0.0,0.0,0.0,0.0
86,82,2012-11-24,1,1,2012-2013,Paulistano,Limeira,1,0.0,0.0,0.0,0.0,0.0,0.0,0.0,0.0,0.0,0.0,0.0,0.0,0.0,0.0,0.0,0.0,0.0,0.0,0.0,0.0,0.0,0.0,0.0,0.0,0.0,0.0,0.0,0.0,0.0,0.0,0.0,0.0,0.0,0.0,0.0,0.0,0.0,0.0,0.0,0.0,0.0,0.0,0.0,0.0,0.0,0.0,0.0,0.0,0.0,0.0,0.0,0.0,0.0,0.0,0.0,0.0
88,87,2012-11-24,1,1,2012-2013,Pinheiros,Joinville,1,0.0,0.0,0.0,0.0,0.0,0.0,0.0,0.0,0.0,0.0,0.0,0.0,0.0,0.0,0.0,0.0,0.0,0.0,0.0,0.0,0.0,0.0,0.0,0.0,0.0,0.0,0.0,0.0,0.0,0.0,0.0,0.0,0.0,0.0,0.0,0.0,0.0,0.0,0.0,0.0,0.0,0.0,0.0,0.0,0.0,0.0,0.0,0.0,0.0,0.0,0.0,0.0,0.0,0.0,0.0,0.0
95,86,2012-11-24,1,1,2012-2013,Palmeiras,Suzano,1,0.0,0.0,0.0,0.0,0.0,0.0,0.0,0.0,0.0,0.0,0.0,0.0,0.0,0.0,0.0,0.0,0.0,0.0,0.0,0.0,0.0,0.0,0.0,0.0,0.0,0.0,0.0,0.0,0.0,0.0,0.0,0.0,0.0,0.0,0.0,0.0,0.0,0.0,0.0,0.0,0.0,0.0,0.0,0.0,0.0,0.0,0.0,0.0,0.0,0.0,0.0,0.0,0.0,0.0,0.0,0.0
84,71,2012-11-24,1,1,2012-2013,Uberlândia,Fortaleza B. C. / CFO,1,0.0,0.0,0.0,0.0,0.0,0.0,0.0,0.0,0.0,0.0,0.0,0.0,0.0,0.0,0.0,0.0,0.0,0.0,0.0,0.0,0.0,0.0,0.0,0.0,0.0,0.0,0.0,0.0,0.0,0.0,0.0,0.0,0.0,0.0,0.0,0.0,0.0,0.0,0.0,0.0,0.0,0.0,0.0,0.0,0.0,0.0,0.0,0.0,0.0,0.0,0.0,0.0,0.0,0.0,0.0,0.0
61,82,2012-11-24,1,1,2012-2013,Espírito Santo,Flamengo,0,0.0,0.0,0.0,0.0,0.0,0.0,0.0,0.0,0.0,0.0,0.0,0.0,0.0,0.0,0.0,0.0,0.0,0.0,0.0,0.0,0.0,0.0,0.0,0.0,0.0,0.0,0.0,0.0,0.0,0.0,0.0,0.0,0.0,0.0,0.0,0.0,0.0,0.0,0.0,0.0,0.0,0.0,0.0,0.0,0.0,0.0,0.0,0.0,0.0,0.0,0.0,0.0,0.0,0.0,0.0,0.0
90,68,2012-11-26,2,1,2012-2013,Sesi Franca,Fortaleza B. C. / CFO,1,62.0,60.0,40.0,10.0,33.0,11.0,22.0,12.0,20.0,0.6,4.0,15.0,26.67,20.0,47.0,42.55,10.0,13.0,76.92,1.0,11.0,0.55,3.0,15.0,0.2,20.0,4.0,67.0,71.0,57.0,38.0,18.0,28.0,12.0,16.0,12.0,8.0,1.5,5.0,18.0,27.78,19.0,49.0,38.78,18.0,26.0,69.23,0.0,14.0,1.75,3.0,20.0,0.15,8.0,0.0,77.0
73,80,2012-11-26,2,1,2012-2013,Mogi,Bauru Basket,0,71.0,45.0,30.0,20.0,41.0,12.0,29.0,17.0,15.0,1.13,7.0,17.0,41.18,15.0,34.0,44.12,20.0,25.0,80.0,1.0,4.0,0.27,2.0,21.0,0.1,15.0,4.0,95.0,82.0,63.0,42.0,13.0,39.0,15.0,24.0,12.0,11.0,1.09,9.0,33.0,27.27,21.0,34.0,61.76,13.0,21.0,61.9,1.0,2.0,0.18,1.0,12.0,0.08,11.0,3.0,91.0
58,56,2012-11-26,2,1,2012-2013,Espírito Santo,Tijuca,1,61.0,60.0,40.0,12.0,19.0,7.0,12.0,9.0,14.0,0.64,3.0,18.0,16.67,20.0,45.0,44.44,12.0,20.0,60.0,0.0,8.0,0.57,1.0,22.0,0.05,14.0,3.0,47.0,70.0,54.0,36.0,16.0,23.0,3.0,20.0,14.0,16.0,0.88,6.0,15.0,40.0,18.0,36.0,50.0,16.0,19.0,84.21,2.0,4.0,0.25,1.0,18.0,0.06,16.0,4.0,73.0
95,71,2012-11-26,2,1,2012-2013,Paulistano,Joinville,1,86.0,72.0,48.0,14.0,25.0,8.0,17.0,20.0,14.0,1.43,8.0,18.0,44.44,24.0,42.0,57.14,14.0,23.0,60.87,4.0,13.0,0.93,1.0,21.0,0.05,14.0,0.0,103.0,87.0,72.0,48.0,24.0,25.0,7.0,18.0,12.0,16.0,0.75,5.0,23.0,21.74,24.0,46.0,52.17,24.0,35.0,68.57,0.0,11.0,0.69,2.0,27.0,0.07,16.0,8.0,89.0
77,73,2012-11-27,2,1,2012-2013,Coop/São José Basketball,L. Sorocabana,1,62.0,42.0,28.0,10.0,28.0,8.0,20.0,9.0,9.0,1.0,8.0,23.0,34.78,14.0,35.0,40.0,10.0,14.0,71.43,1.0,3.0,0.33,1.0,18.0,0.06,9.0,2.0,60.0,59.0,54.0,36.0,17.0,29.0,12.0,17.0,8.0,10.0,0.8,2.0,25.0,8.0,18.0,40.0,45.0,17.0,24.0,70.83,1.0,9.0,0.9,1.0,22.0,0.05,10.0,3.0,54.0
76,67,2012-11-29,3,1,2012-2013,Tijuca,Mogi,1,63.0,61.5,41.0,10.0,28.5,4.5,24.0,11.5,14.5,0.7849999999999999,4.0,15.0,26.665,20.5,41.0,50.0,10.0,13.0,70.675,2.0,6.0,0.435,2.0,14.5,0.165,14.5,5.5,70.5,72.0,57.0,38.0,14.5,36.5,12.0,24.5,13.5,15.5,0.8799999999999999,6.5,17.5,37.254999999999995,19.0,41.0,46.019999999999996,14.5,20.5,68.125,1.5,5.5,0.355,1.0,21.5,0.05,15.5,3.5,83.5
79,86,2012-11-29,3,1,2012-2013,Palmeiras,Paulistano,0,95.0,69.0,46.0,16.0,29.0,7.0,22.0,18.0,9.0,2.0,11.0,26.0,42.31,23.0,38.0,60.53,16.0,23.0,69.57,3.0,11.0,1.22,5.0,25.0,0.2,9.0,2.0,121.0,90.5,72.0,48.0,20.0,30.5,10.0,20.5,21.5,15.5,1.3900000000000001,7.5,19.5,38.885,24.0,40.5,59.34,20.0,30.0,65.57,6.0,14.0,0.905,0.5,22.5,0.025,15.5,2.0,115.0
73,55,2012-11-29,3,1,2012-2013,Joinville,Minas,1,79.0,61.5,41.0,18.5,29.0,9.5,19.5,12.5,19.0,0.6699999999999999,6.5,22.0,29.92,20.5,43.0,47.335,18.5,28.5,63.83,0.5,9.0,0.505,1.5,29.0,0.05,19.0,4.0,78.0,77.0,51.0,34.0,7.0,34.0,10.0,24.0,16.0,17.0,0.94,12.0,29.0,41.38,17.0,32.0,53.13,7.0,8.0,87.5,2.0,5.0,0.29,2.0,25.0,0.08,17.0,3.0,88.0
88,87,2012-11-29,3,1,2012-2013,Limeira,Espírito Santo,1,82.0,57.0,38.0,11.0,28.0,8.0,20.0,19.0,18.0,1.06,11.0,21.0,52.38,19.0,39.0,48.72,11.0,15.0,73.33,1.0,9.0,0.5,1.0,23.0,0.04,18.0,2.0,93.0,59.5,57.0,38.0,8.0,29.0,9.0,20.0,10.0,15.0,0.665,4.5,20.5,21.380000000000003,19.0,44.0,43.15,8.0,13.0,63.335,0.5,8.5,0.565,1.5,17.5,0.1,15.0,3.0,55.5
59,80,2012-11-29,3,1,2012-2013,L. Sorocabana,Sesi Franca,0,66.0,63.0,42.0,13.5,33.0,12.0,21.0,9.5,14.5,0.69,3.5,20.5,19.625,21.0,42.5,49.165,13.5,20.0,66.66499999999999,1.5,7.5,0.61,1.0,21.0,0.05,14.5,2.5,66.5,76.0,63.0,42.0,14.5,34.5,10.5,24.0,15.5,19.0,0.8300000000000001,6.5,15.0,43.335,21.0,49.0,42.845,14.5,19.5,75.0,1.5,12.0,0.635,4.0,19.5,0.20500000000000002,19.0,6.5,93.0
81,82,2012-11-29,3,1,2012-2013,Bauru Basket,Uberlândia,0,81.0,64.5,43.0,14.0,35.0,12.5,22.5,14.0,13.5,1.045,8.0,30.5,26.134999999999998,21.5,35.5,60.61,14.0,20.0,70.425,1.0,3.0,0.215,1.5,13.5,0.10500000000000001,13.5,3.0,87.5,84.0,48.0,32.0,16.0,26.0,5.0,21.0,18.0,16.0,1.13,12.0,28.0,42.86,16.0,29.0,55.17,16.0,19.0,84.21,3.0,10.0,0.63,2.0,22.0,0.09,16.0,1.0,96.0
99,80,2012-12-01,4,1,2012-2013,Joinville,Espírito Santo,1,77.0,64.0,42.666666666666664,16.333333333333332,31.0,9.333333333333334,21.666666666666668,12.0,19.0,0.64,6.0,20.333333333333332,29.75,21.333333333333332,45.0,47.20333333333334,16.333333333333332,23.666666666666668,71.12333333333333,1.0,10.333333333333334,0.5633333333333334,1.6666666666666667,25.333333333333332,0.07,19.0,4.333333333333333,79.33333333333333,68.66666666666667,52.0,34.666666666666664,12.0,26.666666666666668,7.333333333333333,19.333333333333332,12.666666666666666,16.0,0.7766666666666667,7.333333333333333,22.0,31.58666666666667,17.333333333333332,39.0,44.85999999999999,12.0,16.333333333333332,71.21,0.6666666666666666,7.666666666666667,0.48666666666666664,2.0,18.333333333333332,0.11666666666666665,16.0,4.666666666666667,70.0
74,63,2012-12-01,4,1,2012-2013,L. Sorocabana,Uberlândia,1,63.666666666666664,56.0,37.333333333333336,13.333333333333334,27.666666666666668,8.666666666666666,19.0,7.333333333333333,13.666666666666666,0.5433333333333333,4.333333333333333,19.333333333333332,24.846666666666664,18.666666666666668,37.0,50.72666666666667,13.333333333333334,19.666666666666668,67.25,2.3333333333333335,5.666666666666667,0.4633333333333333,1.0,20.666666666666668,0.05000000000000001,13.666666666666666,3.0,61.333333333333336,83.0,57.0,38.0,15.0,24.5,5.5,19.0,19.5,13.0,1.615,10.0,25.0,39.61,19.0,32.0,59.015,15.0,16.5,92.10499999999999,5.0,7.5,0.565,2.5,22.5,0.11,13.0,1.5,97.5
84,72,2012-12-01,4,1,2012-2013,Paulistano,Suzano,1,89.0,73.0,48.666666666666664,19.333333333333332,36.666666666666664,13.333333333333334,23.333333333333332,19.666666666666668,16.333333333333332,1.2233333333333334,7.0,18.333333333333332,38.42333333333333,24.333333333333332,46.0,54.18000000000001,19.333333333333332,29.0,65.93666666666667,5.0,11.0,0.6966666666666667,0.6666666666666666,23.333333333333332,0.03,16.333333333333332,4.0,111.66666666666667,86.0,60.0,40.0,16.0,35.0,11.0,24.0,12.0,21.0,0.57,10.0,22.0,45.45,20.0,45.0,44.44,16.0,23.0,69.57,0.0,3.0,0.14,2.0,23.0,0.09,21.0,4.0,84.0
67,74,2012-12-01,4,1,2012-2013,Bauru Basket,Sesi Franca,0,81.0,63.0,42.0,14.0,33.333333333333336,13.666666666666666,19.666666666666668,16.333333333333332,12.333333333333334,1.3966666666666665,8.333333333333334,27.333333333333332,31.709999999999997,21.0,38.333333333333336,55.55666666666667,14.0,20.333333333333332,69.17333333333333,1.6666666666666667,4.0,0.3433333333333333,1.0,14.333333333333334,0.07,12.333333333333334,2.6666666666666665,89.66666666666667,77.33333333333333,69.0,46.0,13.333333333333334,32.333333333333336,9.666666666666666,22.666666666666668,13.0,17.0,0.7600000000000001,6.0,13.666666666666666,44.04,23.0,50.666666666666664,45.23,13.333333333333334,18.666666666666668,71.57,2.0,12.666666666666666,0.7833333333333333,3.3333333333333335,19.0,0.17333333333333334,17.0,5.0,91.33333333333333
85,87,2012-12-01,4,1,2012-2013,Limeira,Minas,0,85.0,61.5,41.0,14.0,26.0,6.5,19.5,18.0,13.5,1.475,10.0,22.5,44.94,20.5,36.0,57.695,14.0,17.5,79.16499999999999,1.5,7.0,0.53,1.5,24.0,0.06,13.5,1.5,97.5,66.0,46.5,31.0,12.5,29.0,9.0,20.0,9.0,16.5,0.5349999999999999,7.5,26.0,27.21,15.5,30.5,50.705,12.5,15.5,82.88,1.0,4.5,0.27,2.0,21.0,0.1,16.5,4.0,64.5
101,75,2012-12-06,5,1,2012-2013,Sesi Franca,Tijuca,1,76.5,72.0,48.0,13.5,30.25,9.25,21.0,13.25,13.75,1.445,5.0,14.5,35.97,24.0,49.0,49.2625,13.5,18.75,72.0975,2.0,11.5,1.0875,2.5,18.0,0.13,13.75,3.75,89.5,67.33333333333333,63.0,42.0,13.333333333333334,26.0,5.333333333333333,20.666666666666668,10.0,12.666666666666666,0.7833333333333332,4.0,16.333333333333332,24.793333333333333,21.0,39.0,54.28666666666667,13.333333333333334,18.0,70.92666666666666,1.3333333333333333,7.666666666666667,0.6966666666666667,1.6666666666666667,17.0,0.12666666666666668,12.666666666666666,5.333333333333333,75.0
84,76,2012-12-06,5,1,2012-2013,Coop/São José Basketball,Limeira,1,69.5,42.0,28.0,13.0,26.5,7.5,19.0,14.0,14.0,1.0,9.5,27.0,35.129999999999995,14.0,31.0,45.925,13.0,16.5,77.82,1.0,4.0,0.29500000000000004,2.0,19.0,0.105,14.0,3.0,70.5,85.0,56.0,37.333333333333336,14.666666666666666,26.666666666666668,6.0,20.666666666666668,16.666666666666668,14.0,1.2933333333333334,11.0,25.333333333333332,43.94,18.666666666666668,34.666666666666664,54.09,14.666666666666666,18.333333333333332,79.44333333333333,1.6666666666666667,6.0,0.44333333333333336,1.3333333333333333,24.0,0.05333333333333334,14.0,2.0,93.33333333333333
68,70,2012-12-06,5,1,2012-2013,Mogi,Joinville,0,70.33333333333333,57.0,38.0,14.333333333333334,35.333333333333336,11.666666666666666,23.666666666666668,11.333333333333334,14.666666666666666,0.7666666666666666,6.0,17.666666666666668,34.096666666666664,19.0,38.666666666666664,49.306666666666665,14.333333333333334,20.666666666666668,67.64,1.0,5.0,0.34,0.6666666666666666,24.0,0.03333333333333333,14.666666666666666,3.3333333333333335,80.0,82.5,73.5,49.0,17.75,34.5,10.5,24.0,14.0,18.0,0.8125,5.25,19.5,26.725,24.5,46.5,52.07000000000001,17.75,25.0,72.3075,1.75,10.75,0.6225,2.25,24.25,0.1,18.0,5.0,94.75
68,59,2012-12-06,5,1,2012-2013,Espírito Santo,Palmeiras,1,71.5,50.25,33.5,13.25,25.25,7.25,18.0,12.25,16.0,0.755,8.25,21.75,36.785000000000004,16.75,38.25,44.0625,13.25,18.0,71.88499999999999,1.0,6.75,0.4275,1.75,18.25,0.1025,16.0,4.25,70.75,87.0,63.0,42.0,16.5,28.5,8.5,20.0,15.0,9.5,1.6,9.5,26.5,35.97,21.0,41.0,51.855000000000004,16.5,23.0,71.74,2.0,9.5,1.01,3.5,26.0,0.135,9.5,2.5,99.5
100,78,2012-12-06,5,1,2012-2013,Minas,Suzano,1,73.0,57.0,38.0,15.0,31.0,9.333333333333334,21.666666666666668,12.333333333333334,14.333333333333334,0.9899999999999999,6.666666666666667,24.0,26.473333333333333,19.0,36.333333333333336,51.85999999999999,15.0,19.0,80.89333333333333,1.0,6.333333333333333,0.5133333333333333,2.6666666666666665,20.333333333333332,0.1366666666666667,14.333333333333334,4.0,80.33333333333333,79.0,58.5,39.0,13.0,34.5,13.0,21.5,12.5,19.0,0.665,9.0,26.0,36.06,19.5,43.5,44.84,13.0,20.0,64.195,0.5,9.0,0.51,2.0,25.5,0.08,19.0,3.0,80.0
89,88,2012-12-06,5,1,2012-2013,Paulistano,Pinheiros,1,87.75,69.75,46.5,21.0,37.25,12.0,25.25,19.25,18.0,1.1125,6.75,16.75,41.317499999999995,23.25,44.25,53.455000000000005,21.0,31.25,66.5575,4.75,10.25,0.61,1.5,22.0,0.0775,18.0,3.5,110.5,88.0,69.0,46.0,21.0,34.0,6.0,28.0,15.0,21.0,0.71,7.0,25.0,28.0,23.0,32.0,71.88,21.0,27.0,77.78,3.0,3.0,0.14,1.0,29.0,0.03,21.0,1.0,94.0
71,62,2012-12-06,5,1,2012-2013,Fortaleza B. C. / CFO,L. Sorocabana,1,69.5,61.5,41.0,16.5,29.5,12.0,17.5,13.0,16.0,1.04,4.0,18.0,22.225,20.5,46.5,44.39,16.5,23.5,70.33000000000001,0.5,10.5,1.02,2.5,22.5,0.11499999999999999,16.0,4.0,73.0,66.25,57.0,38.0,15.5,29.0,9.5,19.5,7.5,12.25,0.6575,4.25,19.25,23.897499999999997,19.0,37.75,50.545,15.5,21.25,71.5925,1.75,6.25,0.5974999999999999,0.75,19.5,0.037500000000000006,12.25,2.25,66.0
72,89,2012-12-08,6,1,2012-2013,Mogi,Limeira,0,69.75,57.0,38.0,16.0,35.0,11.25,23.75,10.25,16.5,0.6549999999999999,5.25,17.0,30.572499999999998,19.0,39.75,48.027499999999996,16.0,23.25,67.665,1.0,6.5,0.38,1.25,23.5,0.060000000000000005,16.5,4.0,77.75,82.75,54.75,36.5,14.0,25.75,5.5,20.25,17.5,14.25,1.3025000000000002,10.75,24.75,43.824999999999996,18.25,35.25,52.05500000000001,14.0,17.25,81.00999999999999,1.25,6.5,0.465,1.25,22.0,0.055,14.25,2.0,90.5
83,76,2012-12-08,6,1,2012-2013,Coop/São José Basketball,Joinville,1,74.33333333333333,46.0,30.666666666666668,10.666666666666666,28.0,7.0,21.0,15.0,16.333333333333332,0.9366666666666666,11.0,26.0,42.86333333333332,15.333333333333334,31.666666666666668,48.79999999999999,10.666666666666666,13.666666666666666,76.88,0.6666666666666666,4.666666666666667,0.2933333333333334,1.6666666666666667,18.666666666666668,0.09000000000000001,16.333333333333332,2.6666666666666665,78.66666666666667,80.0,70.2,46.8,18.2,33.4,10.0,23.4,12.8,17.8,0.744,5.0,20.8,24.456,23.4,43.8,53.172000000000004,18.2,25.0,73.846,1.4,10.2,0.592,2.6,24.6,0.11000000000000001,17.8,4.6,89.6
89,77,2012-12-08,6,1,2012-2013,Minas,Palmeiras,1,79.75,61.5,41.0,16.25,30.0,8.5,21.5,14.5,14.0,1.1475,7.5,22.75,33.0125,20.5,37.5,54.13999999999999,16.25,20.0,82.41,1.25,7.75,0.615,3.25,21.0,0.1575,14.0,3.75,92.75,77.66666666666667,60.0,40.0,12.666666666666666,26.333333333333332,7.666666666666667,18.666666666666668,12.333333333333334,10.333333333333334,1.26,8.333333333333334,23.666666666666668,35.089999999999996,20.0,43.0,47.336666666666666,12.666666666666666,19.333333333333332,61.71666666666666,2.0,9.333333333333334,0.9233333333333333,2.3333333333333335,24.0,0.09000000000000001,10.333333333333334,1.6666666666666667,81.0
83,82,2012-12-08,6,1,2012-2013,Fortaleza B. C. / CFO,Bauru Basket,1,70.0,64.0,42.666666666666664,13.333333333333334,29.333333333333332,10.333333333333334,19.0,14.333333333333334,14.0,1.26,4.666666666666667,16.333333333333332,30.2,21.333333333333332,44.333333333333336,48.76,13.333333333333334,19.666666666666668,66.33,1.0,8.333333333333334,0.8133333333333334,2.6666666666666665,21.333333333333332,0.13,14.0,3.0,79.0,77.5,61.5,41.0,12.5,32.25,11.75,20.5,16.25,13.75,1.2699999999999998,8.0,25.0,33.504999999999995,20.5,37.75,54.862500000000004,12.5,17.75,71.88,2.0,4.25,0.3275,1.0,16.25,0.065,13.75,2.75,86.0
71,57,2012-12-08,6,1,2012-2013,Uberlândia,Tijuca,1,76.33333333333333,56.0,37.333333333333336,12.0,24.0,5.0,19.0,18.0,14.0,1.39,9.0,22.666666666666668,39.37,18.666666666666668,33.0,56.48666666666667,12.0,14.0,83.62666666666667,4.666666666666667,7.0,0.5033333333333333,1.6666666666666667,22.333333333333332,0.07333333333333333,14.0,1.6666666666666667,86.66666666666667,69.25,54.75,36.5,14.75,24.5,5.75,18.75,11.0,14.75,0.7549999999999999,6.0,19.75,28.595,18.25,35.75,50.330000000000005,14.75,19.0,74.785,1.0,8.0,0.63,2.0,17.25,0.1375,14.75,5.25,74.0
86,89,2012-12-08,6,1,2012-2013,Espírito Santo,Suzano,0,70.8,48.6,32.4,12.6,27.6,7.6,20.0,11.6,14.8,0.784,8.6,22.0,38.124,16.2,37.2,43.734,12.6,18.2,68.03399999999999,1.0,6.2,0.422,1.8,18.4,0.10400000000000001,14.8,3.8,72.6,78.66666666666667,55.0,36.666666666666664,13.0,31.333333333333332,12.333333333333334,19.0,12.666666666666666,18.0,0.7133333333333334,9.666666666666666,26.0,38.14333333333334,18.333333333333332,41.333333333333336,44.30666666666667,13.0,20.666666666666668,62.49333333333333,0.3333333333333333,8.333333333333334,0.48666666666666664,2.0,23.333333333333332,0.09000000000000001,18.0,2.6666666666666665,78.33333333333333
102,100,2012-12-10,2,1,2012-2013,Pinheiros,Limeira,1,88.0,52.5,35.0,27.5,29.5,5.0,24.5,14.0,18.0,0.79,8.5,22.0,40.315,17.5,32.5,54.12,27.5,34.5,79.36500000000001,2.0,6.5,0.405,1.0,27.5,0.035,18.0,2.5,95.0,84.0,51.6,34.4,13.6,27.8,6.2,21.6,17.6,14.4,1.2820000000000003,12.0,25.2,47.652,17.2,35.4,48.86600000000001,13.6,16.6,81.94999999999999,1.0,6.2,0.438,2.0,21.8,0.092,14.4,2.2,94.0
95,89,2012-12-10,2,1,2012-2013,Uberlândia,Brasília,1,75.0,56.25,37.5,10.5,28.0,5.75,22.25,17.0,13.25,1.3599999999999999,9.0,23.25,38.5275,18.75,33.75,55.56,10.5,12.5,81.47,4.5,6.5,0.48999999999999994,1.5,21.0,0.07,13.25,1.5,87.0,76.0,39.0,26.0,8.0,32.0,8.0,24.0,18.0,22.0,0.82,14.0,26.0,53.85,13.0,37.0,35.14,8.0,11.0,72.73,1.0,10.0,0.45,6.0,20.0,0.3,22.0,4.0,88.0
77,82,2012-12-10,6,1,2012-2013,Sesi Franca,Flamengo,0,81.4,76.8,51.2,14.6,31.0,9.8,21.2,16.2,14.4,1.486,5.2,14.6,36.775999999999996,25.6,48.8,52.74400000000001,14.6,20.4,71.752,3.0,11.6,1.012,3.4,17.8,0.186,14.4,3.6,100.2,82.0,75.0,50.0,17.0,29.0,5.0,24.0,12.0,24.0,0.5,5.0,13.0,38.46,25.0,34.0,73.53,17.0,24.0,70.83,1.0,9.0,0.38,3.0,19.0,0.16,24.0,5.0,99.0
69,83,2012-12-13,7,1,2012-2013,Tijuca,Fortaleza B. C. / CFO,0,66.8,51.6,34.4,13.2,25.4,6.4,19.0,11.4,12.8,1.1239999999999999,6.4,20.8,29.276,17.2,36.8,46.60600000000001,13.2,16.8,77.328,1.2,7.8,0.784,1.8,16.8,0.12400000000000003,12.8,4.4,70.8,73.25,66.75,44.5,13.0,30.75,10.5,20.25,11.0,13.25,0.9675,5.25,17.5,30.982499999999998,22.25,45.0,49.8675,13.0,18.75,68.4975,0.75,8.0,0.77,2.5,20.25,0.1275,13.25,2.75,80.0
92,90,2012-12-13,7,1,2012-2013,Pinheiros,Espírito Santo,1,92.66666666666667,54.0,36.0,28.666666666666668,30.0,5.0,25.0,13.666666666666666,14.333333333333334,1.1466666666666667,9.333333333333334,26.333333333333332,37.35333333333333,18.0,32.0,56.51,28.666666666666668,37.0,77.51333333333334,1.6666666666666667,7.0,0.65,2.3333333333333335,25.666666666666668,0.10000000000000002,14.333333333333334,2.0,102.33333333333333,73.33333333333333,51.5,34.333333333333336,13.5,27.666666666666668,8.333333333333334,19.333333333333332,11.333333333333334,13.333333333333334,0.9316666666666666,8.5,22.166666666666668,37.56666666666667,17.166666666666668,37.0,46.63,13.5,19.0,69.73833333333333,1.3333333333333333,6.166666666666667,0.5183333333333333,1.8333333333333333,19.0,0.10166666666666667,13.333333333333334,3.8333333333333335,77.33333333333333
92,78,2012-12-13,7,1,2012-2013,Paulistano,Minas,1,88.0,72.0,48.0,19.6,39.0,13.6,25.4,18.2,17.6,1.066,6.8,17.8,39.41799999999999,24.0,46.0,52.952,19.6,29.6,65.42,4.0,9.8,0.588,1.8,24.4,0.08,17.6,3.0,109.2,81.6,62.4,41.6,17.8,29.0,8.8,20.2,13.8,12.4,1.284,7.4,22.2,33.410000000000004,20.8,36.8,56.254,17.8,22.2,81.412,1.0,7.2,0.658,2.8,21.2,0.136,12.4,3.2,94.4
78,77,2012-12-13,7,1,2012-2013,Suzano,Mogi,1,81.25,60.0,40.0,14.25,28.0,10.75,17.25,11.25,15.5,0.755,9.0,24.5,37.3575,20.0,39.0,52.7625,14.25,22.0,64.1775,0.25,7.25,0.49,1.75,22.25,0.08,15.5,2.0,81.5,70.2,56.4,37.6,15.2,34.4,11.0,23.4,11.8,16.2,0.7639999999999999,5.8,17.8,32.077999999999996,18.8,41.0,46.248,15.2,22.0,68.25,1.0,6.2,0.37,1.0,23.2,0.048,16.2,3.6,76.8
75,66,2012-12-13,7,1,2012-2013,Palmeiras,Coop/São José Basketball,1,77.5,57.75,38.5,14.25,25.75,8.25,17.5,12.75,9.75,1.3825,8.25,22.5,36.845,19.25,41.75,46.6875,14.25,20.75,65.2875,1.75,7.75,0.7875,1.75,24.75,0.0675,9.75,2.0,81.0,76.5,51.75,34.5,9.75,29.75,7.5,22.25,16.0,17.0,0.9525,10.75,25.75,42.147499999999994,17.25,34.25,50.28999999999999,9.75,12.75,75.16,0.75,6.5,0.37750000000000006,2.0,18.0,0.115,17.0,2.25,84.0
50,59,2012-12-13,7,1,2012-2013,Joinville,Sesi Franca,0,79.33333333333333,71.5,47.666666666666664,16.666666666666668,32.5,9.5,23.0,13.166666666666666,17.5,0.7766666666666667,5.0,21.0,24.168333333333333,23.833333333333332,44.666666666666664,53.153333333333336,16.666666666666668,22.666666666666668,75.175,1.6666666666666667,10.5,0.6183333333333333,2.6666666666666665,23.5,0.12000000000000001,17.5,3.8333333333333335,87.66666666666667,80.66666666666667,77.0,51.333333333333336,13.833333333333334,30.666666666666668,9.0,21.666666666666668,16.0,14.0,1.4466666666666665,5.166666666666667,15.666666666666666,34.615,25.666666666666668,48.166666666666664,53.583333333333336,13.833333333333334,20.166666666666668,68.565,2.8333333333333335,11.5,0.9966666666666666,3.5,18.5,0.18499999999999997,14.0,3.3333333333333335,98.66666666666667
77,87,2012-12-13,7,1,2012-2013,Limeira,Uberlândia,0,86.66666666666667,55.5,37.0,14.166666666666666,30.833333333333332,7.833333333333333,23.0,17.666666666666668,14.333333333333334,1.2833333333333334,11.833333333333334,25.666666666666668,46.25833333333333,18.5,37.666666666666664,49.225,14.166666666666666,17.833333333333332,80.09666666666665,0.8333333333333334,5.833333333333333,0.41333333333333333,1.6666666666666667,23.5,0.07666666666666666,14.333333333333334,2.3333333333333335,97.66666666666667,79.0,56.4,37.6,13.8,29.4,6.0,23.4,17.8,13.4,1.388,9.2,24.4,37.718,18.8,33.4,56.324,13.8,16.2,82.596,3.8,5.8,0.434,1.4,23.4,0.06200000000000001,13.4,2.2,92.4
76,90,2012-12-13,7,1,2012-2013,L. Sorocabana,Bauru Basket,0,65.4,55.2,36.8,14.8,28.4,8.6,19.8,7.6,12.2,0.6599999999999999,4.6,18.2,27.689999999999998,18.4,37.8,48.858000000000004,14.8,21.2,68.702,1.6,6.8,0.6279999999999999,0.8,19.2,0.042,12.2,2.2,66.0,78.4,61.8,41.2,13.2,32.2,11.2,21.0,14.2,13.0,1.1359999999999997,8.0,25.2,32.958,20.6,38.4,54.134,13.2,18.2,73.50399999999999,1.6,5.0,0.42200000000000004,1.4,16.4,0.088,13.0,2.2,85.4
102,88,2012-12-13,7,1,2012-2013,Flamengo,Brasília,1,82.0,75.0,50.0,18.5,31.0,7.0,24.0,12.0,20.5,0.605,4.5,15.0,30.995,25.0,39.0,65.175,18.5,24.5,75.41499999999999,0.5,9.0,0.455,1.5,18.0,0.08,20.5,4.5,95.0,82.5,43.5,29.0,17.5,28.0,7.5,20.5,16.5,15.0,1.3499999999999999,12.0,28.0,43.59,14.5,34.5,42.57,17.5,22.5,76.07,1.0,8.5,0.665,3.0,23.0,0.15,15.0,3.5,91.0
80,90,2012-12-15,8,1,2012-2013,Paulistano,Espírito Santo,0,88.66666666666667,72.0,48.0,18.666666666666668,37.833333333333336,12.666666666666666,25.166666666666668,18.0,17.666666666666668,1.045,7.333333333333333,17.5,43.26499999999999,24.0,45.333333333333336,53.65,18.666666666666668,27.833333333333332,66.79666666666667,4.0,9.0,0.5366666666666666,2.0,23.833333333333332,0.09000000000000001,17.666666666666668,3.0,109.33333333333333,75.71428571428571,53.142857142857146,35.42857142857143,13.714285714285714,28.285714285714285,8.857142857142858,19.428571428571427,11.285714285714286,13.428571428571429,0.9114285714285714,8.857142857142858,22.857142857142858,38.019999999999996,17.714285714285715,37.142857142857146,47.862857142857145,13.714285714285714,18.857142857142858,71.67999999999999,1.2857142857142858,7.285714285714286,0.5871428571428571,1.7142857142857142,19.428571428571427,0.09428571428571429,13.428571428571429,3.7142857142857144,81.14285714285714
91,77,2012-12-15,8,1,2012-2013,Pinheiros,Minas,1,92.5,54.75,36.5,26.0,29.5,5.0,24.5,13.5,16.0,1.0150000000000001,10.0,27.5,37.6925,18.25,30.5,60.6525,26.0,33.5,77.7,1.75,7.5,0.595,2.0,24.25,0.08750000000000001,16.0,1.75,101.0,81.0,62.0,41.333333333333336,17.166666666666668,27.833333333333332,8.333333333333334,19.5,14.0,12.166666666666666,1.2966666666666666,7.5,22.166666666666668,33.90166666666667,20.666666666666668,37.166666666666664,55.42499999999999,17.166666666666668,22.0,78.955,0.8333333333333334,7.333333333333333,0.6699999999999999,2.5,21.666666666666668,0.12000000000000001,12.166666666666666,3.1666666666666665,92.5
53,73,2012-12-15,8,1,2012-2013,Tijuca,Brasília,0,67.16666666666667,50.5,33.666666666666664,14.5,24.5,6.166666666666667,18.333333333333332,10.666666666666666,12.166666666666666,1.0666666666666667,6.333333333333333,20.666666666666668,29.396666666666665,16.833333333333332,35.333333333333336,47.76666666666667,14.5,18.666666666666668,76.94,1.1666666666666667,7.666666666666667,0.7833333333333333,1.5,16.666666666666668,0.10333333333333335,12.166666666666666,4.5,71.0,84.33333333333333,47.0,31.333333333333332,20.0,27.666666666666668,8.666666666666666,19.0,15.0,11.666666666666666,1.7,11.0,27.0,41.06,15.666666666666666,35.333333333333336,44.596666666666664,20.0,27.0,73.86,1.3333333333333333,8.333333333333334,0.9766666666666667,2.6666666666666665,25.666666666666668,0.12,11.666666666666666,3.0,93.66666666666667
80,100,2012-12-15,8,1,2012-2013,Suzano,Coop/São José Basketball,0,80.6,56.4,37.6,15.4,26.8,9.4,17.4,11.4,16.0,0.738,9.2,25.0,37.294,18.8,37.2,51.544000000000004,15.4,22.4,68.008,0.6,7.6,0.492,2.0,22.0,0.092,16.0,3.0,81.2,74.4,51.6,34.4,10.6,30.6,8.4,22.2,15.4,16.8,0.924,9.8,25.8,38.33399999999999,17.2,34.6,49.675999999999995,10.6,14.0,74.864,0.6,6.2,0.36400000000000005,2.0,19.8,0.10600000000000001,16.8,2.0,80.4
71,62,2012-12-15,8,1,2012-2013,Joinville,Uberlândia,1,75.14285714285714,68.14285714285714,45.42857142857143,16.0,32.142857142857146,10.285714285714286,21.857142857142858,12.714285714285714,17.142857142857142,0.7614285714285715,4.571428571428571,21.285714285714285,21.958571428571425,22.714285714285715,43.857142857142854,51.42142857142858,16.0,23.0,71.29285714285714,1.7142857142857142,10.285714285714286,0.6157142857142857,2.857142857142857,24.0,0.1242857142857143,17.142857142857142,3.857142857142857,82.0,80.33333333333333,58.5,39.0,13.333333333333334,28.833333333333332,5.5,23.333333333333332,18.166666666666668,14.166666666666666,1.3416666666666666,9.333333333333334,23.666666666666668,39.765,19.5,33.0,59.30166666666667,13.333333333333334,15.333333333333334,85.49666666666667,3.5,5.166666666666667,0.37999999999999995,1.1666666666666667,21.833333333333332,0.05166666666666667,14.166666666666666,2.6666666666666665,94.33333333333333
78,75,2012-12-15,8,1,2012-2013,Mogi,Palmeiras,1,71.33333333333333,57.0,38.0,14.833333333333334,35.333333333333336,11.5,23.833333333333332,11.166666666666666,17.666666666666668,0.69,6.166666666666667,18.5,32.791666666666664,19.0,41.5,46.115,14.833333333333334,21.333333333333332,68.91166666666668,0.8333333333333334,5.833333333333333,0.335,1.0,23.0,0.04833333333333334,17.666666666666668,3.6666666666666665,75.83333333333333,77.0,55.2,36.8,14.4,27.6,8.6,19.0,12.2,10.8,1.24,8.6,24.0,36.141999999999996,18.4,39.4,47.35,14.4,21.6,64.22999999999999,1.4,8.0,0.75,1.6,24.6,0.062,10.8,2.6,81.8
72,58,2012-12-15,8,1,2012-2013,Limeira,Sesi Franca,1,85.28571428571429,56.142857142857146,37.42857142857143,13.142857142857142,29.857142857142858,8.285714285714286,21.571428571428573,17.571428571428573,13.428571428571429,1.4042857142857146,11.571428571428571,26.857142857142858,43.85142857142858,18.714285714285715,37.57142857142857,49.91428571428572,13.142857142857142,16.571428571428573,79.76571428571427,1.2857142857142858,6.285714285714286,0.5157142857142857,1.4285714285714286,22.285714285714285,0.06571428571428571,13.428571428571429,2.2857142857142856,95.14285714285714,77.57142857142857,73.71428571428571,49.142857142857146,14.285714285714286,30.857142857142858,8.285714285714286,22.571428571428573,14.428571428571429,15.428571428571429,1.27,4.714285714285714,14.714285714285714,32.84428571428571,24.571428571428573,46.57142857142857,52.878571428571426,14.285714285714286,21.285714285714285,67.44285714285714,3.0,10.857142857142858,0.8957142857142857,3.2857142857142856,18.571428571428573,0.1742857142857143,15.428571428571429,4.285714285714286,93.85714285714286
86,61,2012-12-15,8,1,2012-2013,Flamengo,Fortaleza B. C. / CFO,1,88.66666666666667,78.0,52.0,20.666666666666668,34.0,10.0,24.0,11.0,16.666666666666668,0.7366666666666667,5.333333333333333,17.333333333333332,31.27,26.0,40.666666666666664,64.66333333333334,20.666666666666668,29.0,72.20666666666666,0.6666666666666666,6.666666666666667,0.3766666666666667,1.0,22.333333333333332,0.05333333333333334,16.666666666666668,4.0,102.0,75.2,66.6,44.4,11.6,30.6,9.6,21.0,12.4,13.2,1.05,6.4,18.0,35.786,22.2,43.2,52.116,11.6,17.0,66.798,1.2,7.0,0.662,2.6,21.6,0.124,13.2,2.8,84.8
74,79,2012-12-17,4,1,2012-2013,Tijuca,Coop/São José Basketball,0,65.14285714285714,52.285714285714285,34.857142857142854,13.571428571428571,24.571428571428573,6.714285714285714,17.857142857142858,10.428571428571429,12.142857142857142,1.0214285714285714,5.571428571428571,19.428571428571427,26.38714285714286,17.428571428571427,36.714285714285715,47.61000000000001,13.571428571428571,19.142857142857142,71.14285714285714,1.0,7.142857142857143,0.7185714285714286,1.4285714285714286,16.857142857142858,0.09714285714285717,12.142857142857142,4.142857142857143,67.57142857142857,78.66666666666667,58.5,39.0,11.666666666666666,32.5,9.5,23.0,17.333333333333332,16.666666666666668,1.0516666666666667,9.333333333333334,25.166666666666668,37.24833333333333,19.5,37.0,51.94166666666666,11.666666666666666,15.0,76.55333333333333,0.5,6.666666666666667,0.3966666666666667,2.1666666666666665,19.833333333333332,0.11333333333333334,16.666666666666668,1.8333333333333333,89.16666666666667
72,91,2012-12-17,3,1,2012-2013,Suzano,Pinheiros,0,80.5,57.0,38.0,15.0,26.166666666666668,8.333333333333334,17.833333333333332,12.5,16.5,0.7733333333333333,9.166666666666666,24.333333333333332,38.221666666666664,19.0,37.5,51.5,15.0,21.833333333333332,68.07666666666667,0.5,7.666666666666667,0.48,2.3333333333333335,21.5,0.11166666666666668,16.5,2.8333333333333335,81.83333333333333,92.2,59.4,39.6,22.6,29.8,5.2,24.6,14.0,16.0,1.012,10.0,26.4,39.24400000000001,19.8,32.8,60.902,22.6,29.4,76.006,1.8,7.8,0.588,2.2,23.0,0.10400000000000001,16.0,1.6,102.2
70,64,2012-12-17,4,1,2012-2013,Flamengo,Mogi,1,88.0,74.25,49.5,20.5,36.75,9.25,27.5,9.5,15.75,0.6475,6.0,18.25,32.9775,24.75,39.5,63.08,20.5,28.0,74.155,1.0,5.75,0.34,1.0,22.75,0.05,15.75,3.0,101.25,72.28571428571429,57.42857142857143,38.285714285714285,16.0,34.57142857142857,10.857142857142858,23.714285714285715,11.714285714285714,17.285714285714285,0.7342857142857142,6.0,18.142857142857142,32.57142857142857,19.142857142857142,41.0,47.04571428571428,16.0,22.285714285714285,70.80142857142857,0.7142857142857143,5.428571428571429,0.3157142857142858,1.2857142857142858,22.857142857142858,0.06142857142857144,17.285714285714285,3.2857142857142856,77.28571428571429
89,73,2012-12-19,9,1,2012-2013,Uberlândia,Palmeiras,1,77.71428571428571,59.142857142857146,39.42857142857143,13.0,29.285714285714285,6.714285714285714,22.571428571428573,17.285714285714285,14.0,1.2814285714285714,8.428571428571429,23.571428571428573,35.94714285714286,19.714285714285715,34.57142857142857,57.64857142857143,13.0,15.428571428571429,83.10428571428572,3.4285714285714284,5.142857142857143,0.37999999999999995,1.1428571428571428,21.0,0.052857142857142866,14.0,2.857142857142857,89.42857142857143,76.66666666666667,54.5,36.333333333333336,13.333333333333334,27.333333333333332,8.333333333333334,19.0,11.833333333333334,11.833333333333334,1.1316666666666666,9.0,24.5,36.90833333333333,18.166666666666668,38.666666666666664,47.553333333333335,13.333333333333334,20.666666666666668,61.85833333333333,1.1666666666666667,8.5,0.7333333333333334,1.6666666666666667,24.5,0.065,11.833333333333334,3.1666666666666665,81.33333333333333
97,89,2012-12-20,9,1,2012-2013,Brasília,Limeira,1,81.5,49.5,33.0,19.25,31.25,9.5,21.75,15.25,13.0,1.5099999999999998,9.75,26.25,37.045,16.5,34.25,48.769999999999996,19.25,25.25,76.645,1.25,7.75,0.8200000000000001,2.5,24.25,0.11499999999999999,13.0,4.5,95.5,83.625,54.75,36.5,12.625,30.25,8.375,21.875,17.75,13.625,1.3875000000000002,11.5,27.5,42.667500000000004,18.25,37.0,49.35625,12.625,16.125,78.44874999999999,1.125,6.125,0.4925,1.25,21.625,0.057499999999999996,13.625,2.5,93.125
59,87,2012-12-20,9,1,2012-2013,L. Sorocabana,Flamengo,0,67.16666666666667,57.5,38.333333333333336,15.333333333333334,27.666666666666668,8.333333333333334,19.333333333333332,7.833333333333333,11.333333333333334,0.765,4.5,18.5,26.40833333333333,19.166666666666668,39.0,49.23333333333334,15.333333333333334,21.666666666666668,69.75166666666667,1.5,7.0,0.7133333333333333,1.3333333333333333,20.166666666666668,0.06166666666666667,11.333333333333334,2.0,67.83333333333333,84.4,72.0,48.0,20.2,36.6,9.0,27.6,10.6,13.6,1.1179999999999999,5.4,18.2,29.715999999999998,24.0,41.2,59.214,20.2,27.4,74.524,1.0,6.0,0.5519999999999999,0.8,21.4,0.04,13.6,2.8,97.6
81,68,2012-12-20,9,1,2012-2013,Bauru Basket,Tijuca,1,80.33333333333333,61.5,41.0,14.833333333333334,33.333333333333336,10.333333333333334,23.0,13.166666666666666,13.166666666666666,1.0416666666666665,8.166666666666666,23.5,37.464999999999996,20.5,39.0,53.04833333333334,14.833333333333334,20.0,74.47166666666666,1.6666666666666667,4.5,0.37500000000000006,1.3333333333333333,17.666666666666668,0.08,13.166666666666666,2.5,88.16666666666667,66.25,54.375,36.25,14.25,26.125,7.375,18.75,10.375,12.125,0.9974999999999999,5.25,18.75,25.767500000000002,18.125,38.25,47.526250000000005,14.25,19.625,72.57625,1.0,7.125,0.70125,1.625,18.125,0.09875000000000002,12.125,3.875,69.625
108,66,2012-12-20,9,1,2012-2013,Sesi Franca,Suzano,1,75.125,70.875,47.25,13.625,31.625,8.875,22.75,15.0,15.625,1.2512500000000002,4.75,15.875,31.3425,23.625,45.5,51.86125,13.625,20.25,67.66624999999999,2.875,10.0,0.81375,3.375,18.5,0.18,15.625,3.875,90.375,79.28571428571429,60.0,40.0,14.0,26.428571428571427,8.428571428571429,18.0,11.857142857142858,16.0,0.7514285714285714,8.428571428571429,24.571428571428573,34.958571428571425,20.0,39.57142857142857,51.285714285714285,14.0,20.428571428571427,67.87571428571428,0.42857142857142855,8.714285714285714,0.5757142857142856,2.857142857142857,20.714285714285715,0.15,16.0,3.0,80.42857142857143
93,77,2012-12-20,9,1,2012-2013,Coop/São José Basketball,Pinheiros,1,78.71428571428571,58.285714285714285,38.857142857142854,14.142857142857142,31.857142857142858,9.142857142857142,22.714285714285715,15.857142857142858,16.0,0.9842857142857143,8.571428571428571,24.142857142857142,35.10142857142856,19.428571428571427,37.142857142857146,51.66428571428571,14.142857142857142,17.714285714285715,77.80142857142857,0.42857142857142855,7.0,0.4471428571428572,2.142857142857143,20.285714285714285,0.11,16.0,1.5714285714285714,87.85714285714286,92.0,59.5,39.666666666666664,21.333333333333332,32.666666666666664,5.833333333333333,26.833333333333332,14.166666666666666,16.5,0.9750000000000001,10.333333333333334,26.166666666666668,40.70333333333334,19.833333333333332,33.833333333333336,59.298333333333325,21.333333333333332,28.0,75.24333333333334,2.0,7.333333333333333,0.5333333333333333,2.5,22.0,0.12666666666666668,16.5,1.6666666666666667,104.0
77,73,2012-12-20,9,1,2012-2013,Mogi,Paulistano,1,71.25,56.625,37.75,15.875,34.75,10.25,24.5,12.0,16.625,0.78875,5.875,18.5,31.47625,18.875,40.25,47.23625,15.875,21.75,72.3675,0.625,5.0,0.29750000000000004,1.25,23.0,0.058750000000000004,16.625,3.25,76.875,87.42857142857143,72.42857142857143,48.285714285714285,16.857142857142858,37.714285714285715,13.142857142857142,24.571428571428573,17.285714285714285,17.0,1.0385714285714285,7.428571428571429,18.571428571428573,41.65571428571428,24.142857142857142,45.57142857142857,53.58428571428571,16.857142857142858,25.428571428571427,65.04714285714286,3.7142857142857144,8.285714285714286,0.5042857142857142,2.0,23.857142857142858,0.08857142857142856,17.0,2.7142857142857144,105.85714285714286
82,84,2012-12-20,9,1,2012-2013,Espírito Santo,Minas,0,77.5,54.375,36.25,14.25,28.375,8.5,19.875,12.25,13.25,0.995,9.0,22.25,40.2125,18.125,37.625,48.2825,14.25,19.375,72.5025,1.25,7.125,0.5762499999999999,1.625,19.25,0.09,13.25,4.0,84.875,80.42857142857143,63.42857142857143,42.285714285714285,15.857142857142858,27.428571428571427,8.0,19.428571428571427,14.714285714285714,12.571428571428571,1.292857142857143,7.428571428571429,21.714285714285715,34.32142857142858,21.142857142857142,38.142857142857146,55.3,15.857142857142858,20.714285714285715,76.46714285714286,0.8571428571428571,7.714285714285714,0.6699999999999999,2.5714285714285716,21.285714285714285,0.12571428571428572,12.571428571428571,3.0,92.0
78,62,2012-12-20,9,1,2012-2013,Fortaleza B. C. / CFO,Joinville,1,72.83333333333333,62.0,41.333333333333336,12.0,30.0,9.5,20.5,10.833333333333334,12.166666666666666,0.9466666666666667,6.5,19.666666666666668,33.98833333333334,20.666666666666668,42.666666666666664,48.846666666666664,12.0,17.666666666666668,66.77666666666667,1.1666666666666667,7.0,0.7183333333333334,2.5,22.0,0.11666666666666665,12.166666666666666,2.8333333333333335,78.66666666666667,74.625,66.75,44.5,15.875,33.375,11.25,22.125,11.875,17.0,0.71375,4.75,20.75,23.624999999999996,22.25,44.375,49.941250000000004,15.875,22.5,72.25,1.625,9.625,0.5774999999999999,2.75,23.0,0.125,17.0,3.875,81.0
94,83,2012-12-22,10,1,2012-2013,Brasília,Joinville,1,84.6,51.6,34.4,18.4,30.4,9.0,21.4,16.2,12.2,1.652,10.6,27.8,37.872,17.2,33.2,52.80999999999999,18.4,23.8,77.982,1.4,7.4,0.79,2.4,23.0,0.11399999999999999,12.2,3.8,99.4,73.22222222222223,66.33333333333333,44.22222222222222,16.0,33.0,11.11111111111111,21.88888888888889,11.555555555555555,17.0,0.6933333333333334,4.333333333333333,20.333333333333332,21.65333333333333,22.11111111111111,44.44444444444444,49.57777777777778,16.0,22.666666666666668,72.09222222222223,1.6666666666666667,9.555555555555555,0.5722222222222222,2.7777777777777777,23.0,0.12555555555555553,17.0,3.5555555555555554,78.33333333333333
68,76,2012-12-22,10,1,2012-2013,Coop/São José Basketball,Paulistano,0,80.5,60.0,40.0,15.0,32.875,9.25,23.625,16.5,16.375,1.0,8.5,23.875,35.25874999999999,20.0,37.75,52.348749999999995,15.0,18.625,78.57625,0.625,7.125,0.44375000000000003,2.375,20.625,0.11750000000000001,16.375,1.75,91.625,85.625,70.875,47.25,16.25,36.625,12.625,24.0,17.0,16.25,1.0787499999999999,7.375,19.125,40.2525,23.625,45.5,52.44125,16.25,24.375,65.74000000000001,3.75,8.125,0.52125,2.25,23.375,0.10250000000000001,16.25,2.625,102.375
72,67,2012-12-22,10,1,2012-2013,L. Sorocabana,Tijuca,1,66.0,57.857142857142854,38.57142857142857,14.142857142857142,27.142857142857142,8.285714285714286,18.857142857142858,8.142857142857142,11.428571428571429,0.7742857142857142,4.428571428571429,19.142857142857142,25.119999999999997,19.285714285714285,39.57142857142857,48.84428571428572,14.142857142857142,19.857142857142858,70.89857142857143,1.2857142857142858,7.0,0.6942857142857142,1.2857142857142858,19.714285714285715,0.06142857142857143,11.428571428571429,2.2857142857142856,65.42857142857143,66.44444444444444,54.666666666666664,36.44444444444444,13.666666666666666,26.88888888888889,7.555555555555555,19.333333333333332,10.444444444444445,11.777777777777779,1.0222222222222221,5.444444444444445,18.555555555555557,27.480000000000004,18.22222222222222,38.666666666666664,47.272222222222226,13.666666666666666,18.88888888888889,72.20444444444445,1.0,6.777777777777778,0.6722222222222223,1.5555555555555556,18.444444444444443,0.09333333333333335,11.777777777777779,4.0,70.77777777777777
97,102,2012-12-22,10,1,2012-2013,Bauru Basket,Flamengo,0,80.42857142857143,60.0,40.0,15.571428571428571,33.57142857142857,10.285714285714286,23.285714285714285,13.0,12.428571428571429,1.107142857142857,8.285714285714286,23.428571428571427,37.70285714285715,20.0,38.285714285714285,52.612857142857145,15.571428571428571,20.714285714285715,75.26142857142857,1.5714285714285714,4.285714285714286,0.3757142857142858,1.1428571428571428,17.714285714285715,0.06857142857142857,12.428571428571429,2.5714285714285716,89.14285714285714,84.83333333333333,72.0,48.0,19.333333333333332,35.166666666666664,8.333333333333334,26.833333333333332,10.833333333333334,14.0,1.0566666666666666,5.833333333333333,17.0,36.885,24.0,41.333333333333336,58.86833333333333,19.333333333333332,25.666666666666668,76.81,1.5,6.166666666666667,0.5333333333333333,0.8333333333333334,20.5,0.043333333333333335,14.0,2.8333333333333335,98.16666666666667
65,84,2012-12-22,10,1,2012-2013,Fortaleza B. C. / CFO,Limeira,0,73.57142857142857,60.42857142857143,40.285714285714285,13.142857142857142,30.857142857142858,9.428571428571429,21.428571428571427,11.428571428571429,12.0,1.0057142857142858,6.714285714285714,20.142857142857142,34.10142857142857,20.142857142857142,41.42857142857143,49.01142857142857,13.142857142857142,18.714285714285715,68.66571428571429,1.1428571428571428,7.142857142857143,0.7200000000000001,2.5714285714285716,22.142857142857142,0.11857142857142856,12.0,2.7142857142857144,81.57142857142857,84.22222222222223,57.333333333333336,38.22222222222222,12.666666666666666,30.333333333333332,8.555555555555555,21.77777777777778,17.77777777777778,13.222222222222221,1.4333333333333336,11.11111111111111,27.77777777777778,40.89000000000001,19.11111111111111,37.111111111111114,51.47444444444445,12.666666666666666,15.88888888888889,80.05,1.1111111111111112,6.222222222222222,0.5155555555555555,1.1111111111111112,21.333333333333332,0.05111111111111111,13.222222222222221,2.4444444444444446,94.22222222222223
109,73,2012-12-22,10,1,2012-2013,Uberlândia,Suzano,1,79.125,60.0,40.0,13.25,30.25,6.875,23.375,17.625,14.0,1.2999999999999998,8.625,23.625,36.6625,20.0,34.875,57.875,13.25,15.5,84.435,3.75,5.0,0.36874999999999997,1.625,20.5,0.0825,14.0,2.875,92.625,77.625,58.875,39.25,14.0,26.75,9.0,17.75,11.625,17.125,0.7075,8.125,23.5,35.27625,19.625,39.5,50.323750000000004,14.0,20.875,66.6825,0.5,8.375,0.53375,2.625,19.625,0.14125000000000001,17.125,3.375,78.0
82,61,2012-12-22,10,1,2012-2013,Sesi Franca,Palmeiras,1,78.77777777777777,74.33333333333333,49.55555555555556,13.222222222222221,31.555555555555557,8.88888888888889,22.666666666666668,17.0,15.333333333333334,1.3944444444444446,5.333333333333333,16.88888888888889,32.30444444444444,24.77777777777778,45.44444444444444,54.49444444444444,13.222222222222221,19.555555555555557,68.08444444444444,4.0,10.666666666666666,0.86,3.2222222222222223,18.444444444444443,0.17222222222222222,15.333333333333334,3.888888888888889,97.55555555555556,76.14285714285714,54.0,36.0,13.142857142857142,26.571428571428573,7.857142857142857,18.714285714285715,12.285714285714286,11.142857142857142,1.2757142857142856,9.0,24.714285714285715,36.58142857142857,18.0,38.857142857142854,46.83142857142857,13.142857142857142,20.142857142857142,63.105714285714285,1.4285714285714286,8.428571428571429,0.7914285714285715,1.4285714285714286,23.857142857142858,0.055714285714285716,11.142857142857142,2.7142857142857144,79.85714285714286
76,95,2012-12-22,10,1,2012-2013,Mogi,Pinheiros,0,71.88888888888889,57.0,38.0,15.88888888888889,34.666666666666664,10.11111111111111,24.555555555555557,12.333333333333334,16.22222222222222,0.8288888888888888,6.0,18.555555555555557,32.07222222222222,19.0,40.111111111111114,47.68555555555555,15.88888888888889,21.666666666666668,72.79222222222224,0.5555555555555556,5.333333333333333,0.33333333333333337,1.2222222222222223,22.77777777777778,0.05777777777777778,16.22222222222222,3.0,78.55555555555556,89.85714285714286,58.714285714285715,39.142857142857146,21.571428571428573,32.57142857142857,7.0,25.571428571428573,14.714285714285714,15.571428571428571,1.092857142857143,9.714285714285714,27.0,37.56714285714286,19.571428571428573,33.857142857142854,58.38999999999999,21.571428571428573,28.0,76.22857142857143,1.7142857142857142,7.285714285714286,0.5571428571428572,2.7142857142857144,22.285714285714285,0.13285714285714287,15.571428571428571,1.4285714285714286,101.42857142857143
51,77,2013-01-05,11,1,2012-2013,Paulistano,Sesi Franca,0,84.55555555555556,72.0,48.0,15.555555555555555,36.666666666666664,12.444444444444445,24.22222222222222,16.666666666666668,15.444444444444445,1.1322222222222222,7.0,19.0,38.24888888888889,24.0,45.666666666666664,52.99777777777777,15.555555555555555,23.0,67.69444444444446,4.0,7.666666666666667,0.5122222222222222,2.2222222222222223,22.444444444444443,0.10555555555555557,15.444444444444445,2.4444444444444446,101.11111111111111,79.1,74.4,49.6,13.0,31.9,9.1,22.8,17.4,15.2,1.405,5.5,16.7,33.741,24.8,45.3,54.727,13.0,20.1,65.676,4.1,10.6,0.845,3.6,18.5,0.192,15.2,3.7,99.4
70,94,2013-01-05,11,1,2012-2013,Tijuca,Flamengo,0,66.5,55.2,36.8,13.8,27.1,7.5,19.6,9.7,12.2,0.9389999999999998,5.3,17.9,28.065000000000005,18.4,39.3,46.989000000000004,13.8,19.3,71.506,0.9,6.5,0.6300000000000001,1.5,18.3,0.09000000000000001,12.2,3.9,69.5,87.28571428571429,70.28571428571429,46.857142857142854,21.142857142857142,35.57142857142857,7.571428571428571,28.0,11.857142857142858,13.714285714285714,1.1199999999999999,6.428571428571429,17.857142857142858,37.82714285714286,23.428571428571427,41.0,57.784285714285716,21.142857142857142,27.714285714285715,77.26571428571428,1.2857142857142858,6.0,0.5171428571428571,0.7142857142857143,20.714285714285715,0.037142857142857144,13.714285714285714,2.5714285714285716,101.28571428571429
97,77,2013-01-05,11,1,2012-2013,Minas,Coop/São José Basketball,1,80.875,62.625,41.75,15.125,26.75,7.5,19.25,14.5,13.625,1.20875,8.0,21.625,37.173750000000005,20.875,37.375,55.809999999999995,15.125,20.125,74.72125,1.0,8.125,0.6512499999999999,2.25,21.25,0.11000000000000001,13.625,3.375,92.125,79.11111111111111,59.0,39.333333333333336,14.444444444444445,32.0,8.88888888888889,23.11111111111111,16.0,15.555555555555555,1.0366666666666666,8.444444444444445,24.444444444444443,34.40666666666666,19.666666666666668,37.0,52.62555555555556,14.444444444444445,17.88888888888889,79.10444444444445,0.5555555555555556,6.888888888888889,0.4566666666666667,2.4444444444444446,20.11111111111111,0.12555555555555556,15.555555555555555,1.7777777777777777,89.33333333333333
87,92,2013-01-05,11,1,2012-2013,Pinheiros,Uberlândia,0,90.5,57.375,38.25,21.125,32.0,6.375,25.625,15.5,15.375,1.14375,10.375,27.375,39.12125,19.125,32.875,58.78375,21.125,27.75,75.35375,1.625,7.375,0.5587500000000001,2.75,22.625,0.13125,15.375,1.375,103.375,82.44444444444444,61.666666666666664,41.111111111111114,13.666666666666666,30.333333333333332,7.0,23.333333333333332,17.77777777777778,13.555555555555555,1.3666666666666665,9.222222222222221,23.444444444444443,39.66,20.555555555555557,35.333333333333336,58.56666666666667,13.666666666666666,16.22222222222222,83.63888888888889,3.7777777777777777,5.444444444444445,0.42777777777777776,1.6666666666666667,20.0,0.08777777777777779,13.555555555555555,2.6666666666666665,97.77777777777777
71,85,2013-01-05,11,1,2012-2013,Suzano,Fortaleza B. C. / CFO,0,77.11111111111111,57.333333333333336,38.22222222222222,13.555555555555555,26.333333333333332,9.11111111111111,17.22222222222222,11.444444444444445,16.77777777777778,0.7077777777777778,8.444444444444445,23.444444444444443,36.67111111111111,19.11111111111111,39.44444444444444,49.00555555555556,13.555555555555555,20.0,67.82,0.4444444444444444,8.11111111111111,0.5222222222222221,2.3333333333333335,19.77777777777778,0.12555555555555556,16.77777777777778,3.111111111111111,76.33333333333333,72.5,60.0,40.0,12.625,30.625,9.5,21.125,10.75,11.25,1.005,6.625,21.375,32.338750000000005,20.0,41.5,48.54,12.625,18.5,66.7,1.25,6.5,0.6712500000000001,2.5,21.25,0.12,11.25,2.875,78.25
78,88,2013-01-05,11,1,2012-2013,Palmeiras,Brasília,0,74.25,52.125,34.75,13.625,26.5,7.875,18.625,11.75,12.375,1.16375,8.625,24.5,35.269999999999996,17.375,37.75,46.39375,13.625,20.375,64.87625,1.5,8.25,0.73375,1.625,24.125,0.06375,12.375,3.5,77.25,86.16666666666667,54.0,36.0,18.166666666666668,29.666666666666668,8.833333333333334,20.833333333333332,16.666666666666668,11.333333333333334,1.8283333333333331,10.666666666666666,27.833333333333332,38.108333333333334,18.0,33.833333333333336,53.91833333333332,18.166666666666668,23.333333333333332,78.47666666666666,1.3333333333333333,7.333333333333333,0.8250000000000001,3.0,22.0,0.15333333333333332,11.333333333333334,3.5,102.0
71,83,2013-01-05,11,1,2012-2013,Joinville,Bauru Basket,0,74.2,67.5,45.0,15.4,32.8,11.1,21.7,11.8,16.8,0.717,4.6,20.3,22.987999999999996,22.5,45.2,49.620000000000005,15.4,21.8,72.026,1.8,9.2,0.5549999999999999,2.9,22.6,0.13399999999999998,16.8,3.7,79.4,82.5,61.125,40.75,15.5,34.25,10.25,24.0,14.0,12.25,1.2074999999999998,8.75,24.0,38.347500000000004,20.375,40.25,51.36,15.5,20.5,75.7225,1.375,5.0,0.44250000000000006,1.0,19.125,0.06,12.25,2.625,92.0
92,85,2013-01-05,11,1,2012-2013,Espírito Santo,Mogi,1,78.0,53.333333333333336,35.55555555555556,15.777777777777779,28.11111111111111,8.444444444444445,19.666666666666668,11.777777777777779,13.444444444444445,0.9433333333333334,8.88888888888889,22.88888888888889,38.91888888888889,17.77777777777778,36.55555555555556,48.87,15.777777777777779,21.0,73.59666666666666,1.4444444444444444,7.555555555555555,0.5933333333333333,1.4444444444444444,19.22222222222222,0.08,13.444444444444445,3.6666666666666665,84.33333333333333,72.3,58.8,39.2,15.7,34.4,9.9,24.5,12.5,15.7,0.8729999999999999,5.8,18.8,30.77,19.6,40.9,48.12499999999999,15.7,21.4,72.88100000000001,0.6,5.9,0.4,1.2,22.7,0.05700000000000001,15.7,2.8,79.1
85,66,2013-01-05,11,1,2012-2013,Limeira,L. Sorocabana,1,84.2,58.5,39.0,11.9,31.8,8.7,23.1,17.8,13.2,1.4280000000000002,11.1,27.0,42.301,19.5,37.9,51.438,11.9,15.3,77.04499999999999,1.3,5.7,0.472,1.1,20.9,0.052000000000000005,13.2,2.6,95.7,66.75,59.625,39.75,13.875,26.875,7.875,19.0,8.375,11.25,0.8025,4.375,19.25,24.479999999999997,19.875,40.0,49.715,13.875,19.125,72.75,1.5,7.625,0.7575,1.5,20.0,0.07125000000000001,11.25,2.375,67.25
97,82,2013-01-07,12,1,2012-2013,Pinheiros,Sesi Franca,1,90.11111111111111,57.333333333333336,38.22222222222222,20.555555555555557,30.88888888888889,6.666666666666667,24.22222222222222,15.222222222222221,15.0,1.1366666666666667,10.444444444444445,27.555555555555557,38.988888888888894,19.11111111111111,33.333333333333336,57.95777777777778,20.555555555555557,27.0,75.44666666666666,1.4444444444444444,7.333333333333333,0.5611111111111112,2.5555555555555554,22.0,0.12333333333333335,15.0,1.6666666666666667,101.44444444444444,80.6,76.5,51.0,12.8,32.2,8.6,23.6,17.7,14.4,1.47,5.6,16.5,34.92,25.5,45.3,56.217000000000006,12.8,20.1,64.138,4.1,10.5,0.8729999999999999,3.7,19.0,0.192,14.4,3.6,103.2
76,88,2013-01-07,12,1,2012-2013,Paulistano,Uberlândia,0,81.2,69.3,46.2,14.6,36.0,12.2,23.8,15.4,15.6,1.043,6.8,19.3,36.697,23.1,45.1,51.448,14.6,21.9,65.92500000000001,3.6,7.5,0.496,2.2,22.5,0.10400000000000001,15.6,2.3,94.5,83.4,63.0,42.0,13.2,30.7,7.3,23.4,18.2,13.9,1.359,9.4,23.9,39.623000000000005,21.0,35.3,59.852999999999994,13.2,15.9,82.19800000000001,3.6,5.5,0.41999999999999993,1.7,20.0,0.089,13.9,3.1,99.9
86,93,2013-01-07,12,1,2012-2013,Espírito Santo,Coop/São José Basketball,0,79.4,51.9,34.6,17.2,29.0,8.5,20.5,12.0,14.3,0.913,9.2,23.5,39.165,17.3,36.0,48.177,17.2,22.7,74.132,1.4,7.9,0.584,1.9,20.3,0.092,14.3,4.1,87.0,78.9,59.7,39.8,14.8,31.9,9.2,22.7,16.3,15.4,1.069,8.1,23.8,33.74399999999999,19.9,37.0,53.309000000000005,14.8,18.8,77.861,0.5,6.9,0.461,2.4,19.7,0.12600000000000003,15.4,1.6,89.8
84,86,2013-01-07,12,1,2012-2013,Minas,Mogi,0,82.66666666666667,62.666666666666664,41.77777777777778,15.555555555555555,26.11111111111111,7.444444444444445,18.666666666666668,15.222222222222221,13.333333333333334,1.2866666666666666,8.444444444444445,22.0,38.37666666666667,20.88888888888889,37.0,56.47111111111111,15.555555555555555,20.333333333333332,76.01444444444445,0.8888888888888888,7.888888888888889,0.6399999999999999,2.2222222222222223,21.22222222222222,0.1088888888888889,13.333333333333334,3.2222222222222223,94.33333333333333,73.7,60.9,40.6,16.3,33.3,9.7,23.6,11.5,15.6,0.8099999999999999,5.6,19.4,28.826,20.3,42.7,47.943999999999996,16.3,22.1,73.006,0.5,6.1,0.41600000000000004,1.0,23.1,0.047,15.6,2.8,76.6
81,92,2013-01-07,12,1,2012-2013,Suzano,Brasília,0,76.5,58.8,39.2,13.6,27.1,9.6,17.5,11.4,17.3,0.687,7.9,22.5,35.147,19.6,40.1,49.322,13.6,20.5,66.638,0.4,7.7,0.4879999999999999,2.4,19.8,0.128,17.3,3.1,75.8,86.42857142857143,55.714285714285715,37.142857142857146,18.428571428571427,31.714285714285715,9.285714285714286,22.428571428571427,16.0,11.857142857142858,1.6814285714285713,10.285714285714286,27.142857142857142,37.63285714285714,18.571428571428573,34.57142857142857,54.27428571428571,18.428571428571427,23.571428571428573,78.6942857142857,1.2857142857142858,7.0,0.7542857142857143,3.4285714285714284,22.428571428571427,0.1657142857142857,11.857142857142858,3.2857142857142856,103.14285714285714
81,86,2013-01-07,12,1,2012-2013,Palmeiras,Fortaleza B. C. / CFO,0,74.66666666666667,51.666666666666664,34.44444444444444,14.555555555555555,27.0,8.666666666666666,18.333333333333332,11.444444444444445,11.88888888888889,1.1600000000000001,8.555555555555555,24.88888888888889,34.52555555555555,17.22222222222222,38.22222222222222,45.47222222222222,14.555555555555555,21.666666666666668,65.30666666666667,1.6666666666666667,8.333333333333334,0.7777777777777778,1.5555555555555556,23.77777777777778,0.06222222222222223,11.88888888888889,3.111111111111111,76.88888888888889,73.88888888888889,61.666666666666664,41.111111111111114,13.11111111111111,30.333333333333332,9.11111111111111,21.22222222222222,11.88888888888889,11.444444444444445,1.0733333333333333,6.555555555555555,20.666666666666668,33.190000000000005,20.555555555555557,41.888888888888886,49.32,13.11111111111111,18.77777777777778,68.28333333333335,1.3333333333333333,7.0,0.6911111111111112,2.6666666666666665,21.0,0.13,11.444444444444445,2.6666666666666665,81.55555555555556
86,93,2013-01-07,12,1,2012-2013,Joinville,L. Sorocabana,0,72.6,66.3,44.2,14.0,33.4,11.2,22.2,11.9,16.8,0.7230000000000001,4.8,20.5,23.613999999999997,22.1,44.3,49.808,14.0,19.6,72.861,1.9,8.9,0.536,3.1,22.0,0.146,16.8,3.1,78.3,66.66666666666667,59.666666666666664,39.77777777777778,13.88888888888889,26.555555555555557,7.666666666666667,18.88888888888889,8.555555555555555,11.555555555555555,0.7922222222222222,4.333333333333333,19.11111111111111,24.228888888888886,19.88888888888889,39.44444444444444,50.54,13.88888888888889,19.22222222222222,72.44444444444444,1.6666666666666667,7.666666666666667,0.7366666666666667,1.4444444444444444,19.555555555555557,0.07,11.555555555555555,2.3333333333333335,67.33333333333333
82,84,2013-01-07,12,1,2012-2013,Limeira,Bauru Basket,0,84.5,57.6,38.4,11.9,32.0,8.9,23.1,17.8,12.8,1.4579999999999997,11.4,27.0,43.730000000000004,19.2,37.8,50.777,11.9,15.2,77.569,1.4,5.6,0.4790000000000001,1.1,20.5,0.053000000000000005,12.8,2.6,96.6,82.55555555555556,62.333333333333336,41.55555555555556,15.0,33.44444444444444,9.777777777777779,23.666666666666668,13.444444444444445,12.444444444444445,1.1444444444444444,8.666666666666666,23.22222222222222,39.31555555555556,20.77777777777778,39.888888888888886,52.86,15.0,20.77777777777778,72.62333333333333,1.5555555555555556,5.444444444444445,0.4644444444444445,1.3333333333333333,18.88888888888889,0.08,12.444444444444445,2.888888888888889,93.0
77,82,2013-01-10,13,1,2012-2013,Tijuca,Limeira,0,66.5,55.5,37.0,13.6,27.6,8.0,19.6,9.1,11.5,0.9400000000000001,5.3,18.9,26.465000000000003,18.5,39.5,46.989,13.6,19.4,70.08500000000001,0.7,6.4,0.6380000000000001,1.4,18.8,0.084,11.5,3.6,68.5,83.9,57.3,38.2,11.5,31.8,8.9,22.9,18.1,13.4,1.4020000000000001,11.4,26.8,44.071000000000005,19.1,38.3,49.636,11.5,14.9,76.71600000000001,1.2,5.9,0.4760000000000001,1.1,20.5,0.05299999999999999,13.4,2.6,95.4
96,99,2013-01-10,13,1,2012-2013,Brasília,Pinheiros,0,87.125,55.875,37.25,18.0,32.125,9.75,22.375,16.375,12.5,1.61125,10.625,28.125,37.57125,18.625,34.375,54.68749999999999,18.0,22.75,79.88749999999999,1.25,7.25,0.7262500000000001,3.375,22.25,0.16249999999999998,12.5,3.125,103.625,90.8,57.6,38.4,19.7,30.3,6.8,23.5,16.4,14.6,1.268,10.9,27.7,40.262,19.2,34.2,56.924,19.7,26.0,74.961,1.7,7.7,0.6050000000000001,2.4,21.7,0.11600000000000002,14.6,1.6,102.8
94,67,2013-01-10,13,1,2012-2013,Flamengo,Joinville,1,88.125,71.25,47.5,21.125,35.875,8.125,27.75,12.125,12.625,1.33,6.5,18.375,37.07625,23.75,40.875,58.68625,21.125,28.25,75.81125,1.375,6.125,0.6275,0.875,20.75,0.045,12.625,2.5,104.0,74.1,67.5,45.0,14.4,33.1,11.0,22.1,12.0,17.1,0.7200000000000001,4.9,20.3,24.541,22.5,44.2,50.943,14.4,20.2,73.023,1.8,8.9,0.5320000000000001,3.3,21.3,0.156,17.1,3.5,80.7
93,73,2013-01-10,13,1,2012-2013,L. Sorocabana,Palmeiras,1,69.3,60.9,40.6,14.3,26.5,8.0,18.5,8.5,11.5,0.7859999999999999,4.8,19.0,26.805999999999994,20.3,39.7,51.2,14.3,20.4,71.006,1.8,8.3,0.79,1.6,19.3,0.081,11.5,2.3,71.4,75.3,53.7,35.8,14.3,27.9,9.0,18.9,10.7,12.0,1.0750000000000002,8.4,23.9,35.739999999999995,17.9,39.8,45.369,14.3,21.0,66.776,1.5,8.3,0.762,1.5,23.2,0.06200000000000001,12.0,3.0,77.3
85,44,2013-01-10,13,1,2012-2013,Bauru Basket,Suzano,1,82.7,62.4,41.6,15.0,33.6,10.1,23.5,14.3,13.3,1.135,8.7,22.9,39.884,20.8,40.0,52.696000000000005,15.0,21.0,71.88300000000001,1.7,5.4,0.44200000000000006,1.5,18.8,0.089,13.3,3.4,94.2,76.0,59.4,39.6,13.3,26.4,9.6,16.8,11.6,17.4,0.6940000000000001,7.7,22.8,33.802,19.8,39.3,50.824000000000005,13.3,20.5,65.333,0.6,8.5,0.5239999999999999,2.4,18.9,0.133,17.4,3.2,76.1
88,86,2013-01-10,13,1,2012-2013,Uberlândia,Minas,1,83.8,64.8,43.2,13.6,30.9,7.2,23.7,18.0,13.2,1.424,9.0,23.6,38.537,21.6,35.7,61.002999999999986,13.6,16.5,81.777,3.6,5.1,0.42400000000000004,1.5,20.3,0.08,13.2,3.2,100.6,82.8,63.0,42.0,15.9,26.2,7.3,18.9,14.9,13.0,1.278,8.3,21.7,38.223,21.0,37.0,56.769999999999996,15.9,20.6,76.674,0.8,7.3,0.5959999999999999,2.3,21.6,0.11000000000000001,13.0,3.4,94.5
96,86,2013-01-10,13,1,2012-2013,Sesi Franca,Espírito Santo,1,79.8,76.8,51.2,12.7,32.3,8.7,23.6,16.9,14.8,1.4140000000000001,5.3,16.6,32.67,25.6,44.5,57.251999999999995,12.7,19.8,64.65599999999999,4.3,9.7,0.8240000000000001,3.5,18.3,0.189,14.8,3.0,100.2,81.9,51.0,34.0,17.6,29.2,8.5,20.7,12.2,13.7,0.9870000000000001,10.1,24.8,41.36899999999999,17.0,34.7,49.04600000000001,17.6,23.0,75.08900000000001,1.5,7.8,0.615,1.8,20.4,0.087,13.7,4.2,91.0
105,67,2013-01-10,13,1,2012-2013,Coop/São José Basketball,Mogi,1,82.0,61.8,41.2,15.9,32.0,9.1,22.9,16.7,15.2,1.155,8.3,23.9,34.433,20.6,36.8,55.673,15.9,19.9,79.11800000000001,0.4,6.9,0.471,2.3,20.1,0.12000000000000002,15.2,1.6,94.5,75.0,58.5,39.0,18.0,32.8,9.2,23.6,12.2,14.7,0.9899999999999999,6.0,19.6,30.493000000000006,19.5,41.4,47.438,18.0,23.7,75.506,0.3,5.6,0.40099999999999997,1.3,23.2,0.06,14.7,2.7,79.4
95,76,2013-01-10,13,1,2012-2013,Fortaleza B. C. / CFO,Paulistano,1,75.1,64.2,42.8,13.4,30.6,8.9,21.7,12.3,11.7,1.08,6.3,20.5,31.976000000000006,21.4,42.4,50.558,13.4,18.8,69.876,1.3,7.2,0.686,2.6,20.6,0.129,11.7,2.5,83.4,80.2,68.4,45.6,14.8,38.2,13.9,24.3,14.2,15.2,0.9800000000000001,6.6,20.0,34.653,22.8,46.4,49.552,14.8,22.1,66.23800000000001,3.4,6.7,0.453,2.4,23.0,0.11099999999999999,15.2,2.4,91.9
58,79,2013-01-12,14,1,2012-2013,Tijuca,Joinville,0,68.6,54.9,36.6,14.9,26.5,8.1,18.4,9.7,11.2,1.0210000000000001,5.7,19.7,27.740999999999996,18.3,38.4,47.989,14.9,20.9,72.098,0.5,6.3,0.6460000000000001,1.3,19.7,0.067,11.2,3.0,70.1,73.5,65.7,43.8,14.7,32.2,11.4,20.8,11.8,17.1,0.7090000000000001,5.0,20.7,24.457,21.9,43.4,50.395,14.7,20.9,71.595,1.6,8.1,0.48999999999999994,3.3,21.6,0.15500000000000003,17.1,3.2,77.8
84,85,2013-01-12,14,1,2012-2013,Fortaleza B. C. / CFO,Pinheiros,0,77.5,65.4,43.6,12.6,29.8,8.1,21.7,13.6,11.6,1.2870000000000001,7.1,21.0,34.85,21.8,41.3,52.733000000000004,12.6,17.4,71.28600000000002,1.3,6.8,0.6539999999999999,2.6,20.6,0.129,11.6,2.6,87.9,91.9,56.7,37.8,19.3,29.6,6.8,22.8,17.4,14.4,1.329,11.6,27.9,42.647000000000006,18.9,34.4,55.61800000000001,19.3,25.3,75.683,1.9,8.0,0.6230000000000001,2.9,20.9,0.14200000000000002,14.4,1.8,105.4
68,67,2013-01-12,14,1,2012-2013,Brasília,Paulistano,1,88.11111111111111,58.333333333333336,38.888888888888886,18.22222222222222,31.555555555555557,9.555555555555555,22.0,17.22222222222222,12.444444444444445,1.6544444444444446,10.333333333333334,27.333333333333332,37.63,19.444444444444443,35.666666666666664,54.8911111111111,18.22222222222222,22.88888888888889,80.27,1.3333333333333333,7.444444444444445,0.7288888888888889,3.6666666666666665,21.77777777777778,0.1811111111111111,12.444444444444445,3.0,105.33333333333333,78.3,66.0,44.0,13.9,37.9,13.9,24.0,12.8,14.9,0.9090000000000001,6.8,19.9,35.82000000000001,22.0,46.3,47.608999999999995,13.9,20.9,66.011,2.8,5.5,0.386,2.5,22.5,0.11599999999999999,14.9,2.4,87.1
98,81,2013-01-12,14,1,2012-2013,Flamengo,Limeira,1,88.77777777777777,71.66666666666667,47.77777777777778,20.333333333333332,34.666666666666664,7.777777777777778,26.88888888888889,13.0,12.444444444444445,1.3844444444444446,6.888888888888889,18.555555555555557,38.51222222222222,23.88888888888889,40.333333333333336,59.88111111111112,20.333333333333332,27.666666666666668,74.1511111111111,2.0,6.777777777777778,0.6788888888888889,1.3333333333333333,20.77777777777778,0.06666666666666667,12.444444444444445,2.3333333333333335,106.33333333333333,83.6,58.2,38.8,11.5,31.6,9.0,22.6,18.2,13.3,1.4160000000000001,11.1,26.0,44.225,19.4,38.3,50.573,11.5,14.7,77.605,1.1,6.3,0.506,1.0,20.0,0.049,13.3,2.9,96.5
87,70,2013-01-12,14,1,2012-2013,L. Sorocabana,Suzano,1,72.7,64.5,43.0,14.7,26.4,7.6,18.8,9.4,11.9,0.827,5.0,17.6,29.641999999999996,21.5,40.2,53.367,14.7,20.8,71.423,2.3,8.8,0.8,1.8,19.0,0.092,11.9,2.0,77.9,73.2,57.9,38.6,13.0,25.8,9.0,16.8,10.9,17.7,0.6479999999999999,7.2,21.6,32.802,19.3,38.2,50.81600000000001,13.0,20.0,65.284,0.5,7.6,0.466,2.3,17.6,0.13299999999999998,17.7,3.5,72.3
91,67,2013-01-12,14,1,2012-2013,Bauru Basket,Palmeiras,1,83.0,62.4,41.6,15.0,32.7,9.6,23.1,15.3,13.1,1.27,8.8,22.0,41.324,20.8,40.6,51.77,15.0,20.4,74.36,1.6,6.7,0.591,1.5,19.2,0.087,13.1,3.2,96.3,73.1,51.9,34.6,13.9,27.2,9.2,18.0,10.3,12.3,0.992,8.2,23.7,35.259,17.3,39.1,44.8,13.9,20.8,65.53299999999999,1.3,8.0,0.7070000000000001,1.1,23.3,0.046,12.3,3.1,73.2
73,64,2013-01-12,14,1,2012-2013,Uberlândia,Espírito Santo,1,84.4,63.9,42.6,15.1,31.3,7.6,23.7,17.8,13.9,1.3259999999999998,8.9,23.3,38.585,21.3,35.6,60.30499999999999,15.1,18.1,81.44399999999999,3.0,5.2,0.409,1.3,20.0,0.072,13.9,3.1,100.5,84.7,51.6,34.4,19.4,28.4,8.4,20.0,12.4,13.6,1.005,10.3,25.6,41.340999999999994,17.2,34.5,49.738,19.4,24.8,77.589,1.6,8.2,0.646,1.7,21.5,0.076,13.6,4.1,93.3
78,77,2013-01-12,14,1,2012-2013,Sesi Franca,Minas,1,81.4,76.2,50.8,13.8,33.0,8.6,24.4,17.9,15.0,1.472,5.6,17.4,32.336,25.4,43.1,58.501999999999995,13.8,21.4,64.852,4.5,9.3,0.7830000000000001,3.8,17.8,0.21599999999999997,15.0,2.8,103.7,83.7,63.9,42.6,17.4,24.9,6.8,18.1,14.8,12.1,1.3719999999999999,7.9,20.7,38.29600000000001,21.3,37.4,57.01299999999999,17.4,22.2,77.091,0.6,7.6,0.667,2.2,21.1,0.10700000000000001,12.1,3.1,95.3
83,75,2013-01-14,3,1,2012-2013,Flamengo,Coop/São José Basketball,1,89.7,72.3,48.2,20.2,33.9,7.7,26.2,12.5,12.4,1.3130000000000002,7.1,18.8,38.947,24.1,40.1,60.735,20.2,27.4,74.336,1.9,7.0,0.6859999999999999,1.3,20.4,0.06599999999999999,12.4,2.4,106.7,84.8,65.7,43.8,16.1,33.8,9.1,24.7,18.0,14.8,1.268,8.3,23.4,35.116,21.9,38.3,56.916999999999994,16.1,19.9,80.171,0.6,7.4,0.5119999999999999,2.5,20.1,0.12999999999999998,14.8,1.5,101.7
92,77,2013-01-15,3,1,2012-2013,Brasília,Fortaleza B. C. / CFO,1,86.1,58.2,38.8,17.6,32.0,9.5,22.5,16.6,12.4,1.581,9.9,27.0,36.367000000000004,19.4,36.1,54.152,17.6,21.9,81.474,1.2,7.3,0.7060000000000001,3.6,21.9,0.176,12.4,2.9,102.3,79.1,65.7,43.8,12.5,30.7,8.2,22.5,13.0,10.0,1.3290000000000002,7.6,21.4,36.819,21.9,40.9,53.483000000000004,12.5,17.3,71.143,1.3,6.6,0.688,2.5,20.2,0.126,10.0,2.2,91.3
85,94,2013-01-15,4,1,2012-2013,Palmeiras,Pinheiros,0,71.9,51.0,34.0,14.2,26.8,8.9,17.9,10.1,12.7,0.943,7.9,22.9,34.928,17.0,38.0,45.330000000000005,14.2,21.0,66.142,1.2,7.7,0.663,1.0,22.4,0.045,12.7,3.1,71.9,91.6,59.7,39.8,17.3,29.1,6.6,22.5,17.6,13.7,1.4299999999999997,11.5,27.9,42.121,19.9,34.7,58.093,17.3,23.3,73.952,1.8,7.1,0.569,3.0,20.2,0.14900000000000002,13.7,1.5,105.0
77,94,2013-01-17,15,1,2012-2013,Pinheiros,L. Sorocabana,0,90.8,59.4,39.6,16.4,29.1,6.7,22.4,17.3,14.3,1.3210000000000002,11.6,26.6,44.43300000000001,19.8,34.6,57.964,16.4,22.0,74.15700000000001,1.7,6.7,0.48599999999999993,2.6,20.4,0.13000000000000003,14.3,1.6,104.0,74.1,66.6,44.4,15.3,26.0,7.5,18.5,9.4,10.8,0.907,4.8,17.6,28.392000000000003,22.2,40.5,54.492,15.3,21.7,71.57300000000001,2.5,8.7,0.8310000000000001,1.9,18.7,0.099,10.8,1.9,80.1
87,66,2013-01-17,15,1,2012-2013,Coop/São José Basketball,Sesi Franca,1,83.9,66.3,44.2,16.9,33.0,8.5,24.5,17.1,13.8,1.2600000000000002,7.6,23.3,32.32600000000001,22.1,38.0,58.129,16.9,20.6,82.004,0.7,7.4,0.538,2.5,20.6,0.12800000000000003,13.8,1.5,100.0,81.8,76.8,51.2,13.8,33.2,8.6,24.6,18.0,15.9,1.2369999999999999,5.6,16.7,33.160000000000004,25.6,44.2,57.638999999999996,13.8,21.3,65.262,4.6,9.9,0.6910000000000001,4.0,17.8,0.22899999999999995,15.9,3.0,104.3
83,81,2013-01-17,15,1,2012-2013,Mogi,Uberlândia,1,75.0,57.3,38.2,18.2,32.1,9.2,22.9,12.6,14.9,1.009,6.2,20.0,30.897000000000002,19.1,42.1,45.509,18.2,24.0,75.506,0.4,5.8,0.41000000000000003,1.3,22.2,0.06,14.9,2.5,77.6,85.4,64.8,43.2,15.5,32.3,7.7,24.6,17.9,14.3,1.3119999999999998,8.9,23.8,37.739000000000004,21.6,35.2,61.936,15.5,18.6,81.92,2.8,5.3,0.40599999999999997,1.5,19.2,0.086,14.3,3.0,102.6
85,94,2013-01-17,15,1,2012-2013,Espírito Santo,Fortaleza B. C. / CFO,0,82.4,53.1,35.4,18.5,29.0,9.1,19.9,11.7,13.1,0.9899999999999999,9.5,25.8,37.992999999999995,17.7,35.5,49.782000000000004,18.5,23.8,77.35499999999999,1.6,9.0,0.721,1.5,21.0,0.06800000000000002,13.1,3.6,90.0,79.7,64.8,43.2,13.7,31.5,8.7,22.8,12.4,10.7,1.224,7.6,22.1,35.204,21.6,41.1,52.495000000000005,13.7,18.5,73.227,1.3,6.5,0.6659999999999999,2.3,20.2,0.11500000000000002,10.7,2.5,90.2
86,90,2013-01-17,15,1,2012-2013,Minas,Brasília,0,85.9,66.9,44.6,17.0,25.4,6.3,19.1,15.5,12.6,1.402,8.1,20.1,39.93300000000001,22.3,38.1,58.85199999999999,17.0,21.5,78.015,0.6,8.0,0.6799999999999999,2.0,21.6,0.095,12.6,3.1,99.5,87.7,60.9,40.6,18.3,31.8,9.7,22.1,16.8,11.0,1.749,9.6,27.9,34.125,20.3,36.1,56.58399999999999,18.3,22.4,83.576,1.1,7.2,0.774,3.2,22.1,0.155,11.0,2.7,104.3
76,73,2013-01-17,15,1,2012-2013,Paulistano,Bauru Basket,1,76.4,64.2,42.8,13.2,36.4,13.0,23.4,12.1,14.4,0.8889999999999999,6.8,20.1,35.403,21.4,45.0,47.541000000000004,13.2,20.3,64.58200000000001,2.5,5.4,0.389,2.7,22.0,0.12699999999999997,14.4,2.2,83.9,84.1,64.2,42.8,14.9,32.7,9.5,23.2,15.1,12.5,1.31,8.8,21.3,42.157,21.4,41.0,52.653,14.9,20.2,74.7,1.7,7.3,0.666,1.8,19.8,0.098,12.5,3.1,99.5
74,105,2013-01-17,15,1,2012-2013,Suzano,Flamengo,0,72.4,59.7,39.8,12.5,25.3,8.3,17.0,10.0,17.0,0.611,6.7,20.9,31.729000000000003,19.9,38.0,52.778,12.5,19.1,65.52900000000001,0.6,7.3,0.466,2.1,17.6,0.122,17.0,3.4,71.2,89.8,70.5,47.0,20.6,33.7,8.0,25.7,12.6,10.7,1.449,7.4,19.9,38.434000000000005,23.5,40.6,58.254000000000005,20.6,27.4,76.00300000000001,1.8,6.9,0.7619999999999999,1.0,20.4,0.05,10.7,2.0,105.7
77,79,2013-01-17,15,1,2012-2013,Palmeiras,Tijuca,0,74.5,53.7,35.8,15.6,27.4,9.6,17.8,10.9,12.6,1.0210000000000001,7.7,23.1,33.595,17.9,38.2,47.010000000000005,15.6,22.5,69.012,1.2,7.6,0.6609999999999999,1.1,23.2,0.048999999999999995,12.6,3.3,76.5,66.8,53.7,35.8,13.6,26.8,7.9,18.9,10.1,11.6,1.028,5.8,19.3,28.968999999999994,17.9,39.2,45.889,13.6,19.4,70.34,0.6,5.8,0.5700000000000001,1.4,19.0,0.075,11.6,2.6,67.1
77,62,2013-01-17,15,1,2012-2013,Joinville,Limeira,1,71.5,64.2,42.8,13.4,31.5,10.9,20.6,11.4,16.9,0.6990000000000001,5.1,20.9,24.797,21.4,42.8,50.172000000000004,13.4,19.2,71.50899999999999,1.4,7.8,0.4789999999999999,3.2,21.0,0.15599999999999997,16.9,2.9,74.2,84.1,59.1,39.4,11.7,31.5,9.1,22.4,17.4,12.6,1.433,11.0,25.7,44.376999999999995,19.7,38.5,51.10600000000001,11.7,15.0,77.269,1.1,6.2,0.541,1.0,20.7,0.047,12.6,2.8,97.2
59,95,2013-01-19,16,1,2012-2013,Mogi,Sesi Franca,0,76.5,57.9,38.6,18.1,31.7,9.2,22.5,13.2,13.2,1.2369999999999999,6.6,20.6,32.230000000000004,19.3,42.8,45.29,18.1,23.3,77.065,0.3,5.3,0.48,1.2,22.5,0.054000000000000006,13.2,1.9,79.1,78.3,74.1,49.4,12.4,32.6,8.3,24.3,16.3,15.7,1.145,5.5,17.0,31.938,24.7,43.5,56.58200000000001,12.4,19.8,62.391999999999996,4.0,9.3,0.66,3.5,17.7,0.20099999999999998,15.7,2.8,96.8
94,96,2013-01-19,16,1,2012-2013,Paulistano,L. Sorocabana,0,75.6,64.8,43.2,12.0,35.6,13.2,22.4,11.9,13.8,0.9049999999999999,6.8,20.6,33.932,21.6,44.5,48.884,12.0,18.7,64.104,2.4,5.1,0.383,2.5,22.3,0.11500000000000002,13.8,2.2,82.4,77.6,69.0,46.0,17.2,27.5,8.5,19.0,10.0,10.6,0.9720000000000001,4.8,17.9,27.863,23.0,42.4,53.996,17.2,23.3,73.874,2.3,9.4,0.9040000000000001,1.9,18.7,0.099,10.6,1.8,85.1
61,106,2013-01-19,16,1,2012-2013,Palmeiras,Flamengo,0,74.5,55.5,37.0,15.3,28.9,10.0,18.9,10.9,12.8,0.986,7.4,22.8,32.509,18.5,39.6,46.959,15.3,22.2,68.685,1.4,7.7,0.663,1.1,22.9,0.048999999999999995,12.8,3.2,77.0,92.1,71.7,47.8,20.6,34.4,8.0,26.4,13.3,10.0,1.568,7.9,20.3,40.367000000000004,23.9,40.8,58.876,20.6,27.4,76.003,2.2,6.9,0.7989999999999999,1.5,20.6,0.076,10.0,1.6,110.5
80,76,2013-01-19,16,1,2012-2013,Coop/São José Basketball,Uberlândia,1,84.3,66.9,44.6,17.2,32.2,8.1,24.1,17.9,13.1,1.3850000000000002,7.5,22.8,32.826,22.3,37.3,59.79600000000001,17.2,21.3,80.88600000000001,0.6,7.1,0.55,2.5,20.6,0.12799999999999997,13.1,1.4,102.0,86.4,65.1,43.4,16.6,32.0,8.0,24.0,17.6,14.1,1.307,8.8,23.5,37.775000000000006,21.7,35.8,61.42,16.6,20.6,80.49100000000001,2.5,5.1,0.394,1.6,19.3,0.091,14.1,3.0,102.8
76,74,2013-01-19,16,1,2012-2013,Minas,Fortaleza B. C. / CFO,1,85.8,67.2,44.8,16.4,23.4,5.8,17.6,14.4,13.2,1.2619999999999998,8.2,20.2,40.29,22.4,37.1,60.539999999999985,16.4,20.4,79.656,0.6,7.6,0.618,1.6,21.6,0.074,13.2,2.9,95.8,80.8,66.0,44.0,14.3,30.8,8.2,22.6,13.7,11.4,1.293,7.5,21.9,35.029,22.0,40.2,54.80799999999999,14.3,19.2,73.55299999999998,1.5,6.7,0.6519999999999999,2.4,20.5,0.118,11.4,2.7,93.1
73,74,2013-01-19,16,1,2012-2013,Pinheiros,Bauru Basket,0,89.3,59.1,39.4,16.0,28.9,6.8,22.1,17.9,13.9,1.371,11.3,25.4,45.299,19.7,35.2,56.28099999999999,16.0,21.7,73.331,1.7,6.3,0.472,2.9,20.8,0.14200000000000002,13.9,1.9,103.7,83.3,64.2,42.8,14.4,32.5,9.0,23.5,14.3,12.6,1.218,8.7,21.7,41.071,21.4,40.8,52.86999999999999,14.4,19.3,75.53299999999999,1.6,7.6,0.6880000000000001,1.8,20.4,0.098,12.6,3.1,97.6
86,79,2013-01-19,16,1,2012-2013,Suzano,Tijuca,1,70.9,57.9,38.6,12.5,26.4,8.5,17.9,10.4,17.9,0.5880000000000001,6.6,21.4,30.629,19.3,39.0,49.489,12.5,18.7,66.78799999999998,0.6,7.3,0.44000000000000006,2.5,17.7,0.14200000000000002,17.9,3.6,68.7,67.2,54.9,36.6,14.1,28.1,7.9,20.2,10.1,10.8,1.069,5.5,18.2,29.706,18.3,40.2,45.932,14.1,20.0,70.275,0.6,5.1,0.542,1.7,19.4,0.08499999999999999,10.8,2.3,69.1
94,85,2013-01-19,16,1,2012-2013,Espírito Santo,Brasília,1,82.9,54.3,36.2,18.8,29.3,9.6,19.7,11.9,13.4,0.9889999999999999,9.3,26.4,36.087999999999994,18.1,36.0,50.249,18.8,23.7,79.05499999999999,1.5,9.5,0.743,1.7,21.5,0.07500000000000001,13.4,4.1,91.0,87.8,61.8,41.2,17.5,31.8,9.6,22.2,17.6,11.3,1.7700000000000002,9.7,27.2,35.575,20.6,36.5,56.86199999999999,17.5,21.0,85.13499999999999,1.0,7.7,0.795,3.6,21.5,0.175,11.3,2.7,106.5
86,75,2013-01-21,6,1,2012-2013,Brasília,L. Sorocabana,1,87.5,61.5,41.0,17.1,31.6,9.5,22.1,17.6,11.7,1.6629999999999998,9.8,27.7,35.30799999999999,20.5,35.7,57.858999999999995,17.1,20.4,85.191,0.8,7.6,0.713,3.8,21.4,0.182,11.7,3.0,106.3,79.8,68.7,45.8,16.9,26.7,7.9,18.8,11.1,11.3,0.999,5.7,18.5,30.958,22.9,42.6,53.519999999999996,16.9,22.9,74.04800000000002,2.3,9.8,0.884,2.2,19.7,0.11100000000000002,11.3,2.1,87.9
90,105,2013-01-21,2,1,2012-2013,Minas,Flamengo,0,83.4,65.7,43.8,17.1,23.6,6.0,17.6,13.4,13.4,1.173,7.5,19.9,36.902,21.9,37.8,58.608999999999995,17.1,21.1,79.96000000000001,0.5,7.0,0.5660000000000001,1.5,21.9,0.067,13.4,2.9,90.1,92.5,71.7,47.8,20.7,34.0,6.7,27.3,14.3,9.9,1.706,8.0,20.1,41.184999999999995,23.9,41.1,58.46900000000001,20.7,26.7,77.811,2.2,7.6,0.8899999999999999,1.6,19.4,0.081,9.9,1.3,112.1
64,73,2013-01-24,17,1,2012-2013,Tijuca,Pinheiros,0,69.4,57.3,38.2,15.9,27.8,7.7,20.1,10.4,11.7,0.923,5.1,17.6,28.611,19.1,39.9,48.287,15.9,22.8,68.46900000000001,0.5,5.2,0.4590000000000001,1.8,20.1,0.087,11.7,2.2,71.8,87.5,57.0,38.0,15.6,28.5,6.7,21.8,17.9,13.3,1.431,11.3,26.3,43.980000000000004,19.0,34.3,55.849000000000004,15.6,21.2,72.658,1.8,5.8,0.45599999999999996,2.8,20.5,0.13800000000000004,13.3,1.9,100.8
94,67,2013-01-24,17,1,2012-2013,Brasília,Mogi,1,88.8,62.1,41.4,16.8,32.1,9.9,22.2,17.7,11.8,1.6629999999999998,10.2,28.1,36.379,20.7,36.2,57.563,16.8,20.1,84.926,0.7,7.8,0.7220000000000001,4.3,21.6,0.20399999999999996,11.8,2.2,107.7,75.2,57.0,38.0,18.9,31.5,8.7,22.8,12.5,14.3,1.159,6.1,19.6,31.147,19.0,41.8,45.544,18.9,24.5,76.90299999999999,0.2,5.4,0.47000000000000003,1.2,22.8,0.054000000000000006,14.3,2.1,77.3
75,60,2013-01-24,17,1,2012-2013,Joinville,Palmeiras,1,72.2,63.0,42.0,13.1,32.4,11.2,21.2,12.0,16.2,0.792,5.7,20.3,28.259000000000004,21.0,43.4,48.260000000000005,13.1,18.7,72.00899999999999,1.6,7.4,0.4720000000000001,3.2,20.4,0.16099999999999998,16.2,3.0,77.0,73.1,55.8,37.2,15.2,28.2,9.6,18.6,10.7,12.9,0.969,6.9,21.5,32.117000000000004,18.6,41.3,45.36300000000001,15.2,21.7,69.685,1.4,7.4,0.6410000000000001,1.1,23.3,0.048999999999999995,12.9,3.0,73.3
96,65,2013-01-24,17,1,2012-2013,Limeira,Suzano,1,81.4,61.5,41.0,11.3,30.7,9.2,21.5,16.2,11.8,1.3989999999999998,9.7,25.1,39.986000000000004,20.5,39.1,52.495000000000005,11.3,15.5,72.909,1.5,6.2,0.579,0.7,20.7,0.033,11.8,2.8,92.5,71.7,61.2,40.8,12.6,27.4,9.2,18.2,10.9,17.6,0.6340000000000001,6.1,20.5,29.702999999999996,20.4,41.2,49.63,12.6,18.5,68.0,0.8,7.2,0.44299999999999995,2.5,18.3,0.139,17.6,3.2,70.1
94,70,2013-01-24,17,1,2012-2013,Flamengo,Paulistano,1,94.4,73.5,49.0,20.5,33.1,7.7,25.4,15.5,9.8,1.81,8.3,20.3,42.158,24.5,42.1,58.50600000000001,20.5,26.5,77.637,2.1,7.7,0.9,1.5,18.5,0.077,9.8,1.6,114.4,76.1,67.2,44.8,12.1,34.6,12.4,22.2,11.7,14.1,0.8799999999999999,6.4,19.5,33.477,22.4,45.1,49.721999999999994,12.1,18.7,64.53900000000002,2.8,5.2,0.38,2.5,21.0,0.12000000000000002,14.1,2.4,82.6
82,84,2013-01-24,17,1,2012-2013,L. Sorocabana,Minas,0,81.1,68.7,45.8,17.3,26.6,8.4,18.2,11.5,11.1,1.052,6.0,19.8,30.005000000000003,22.9,43.1,53.029999999999994,17.3,23.2,75.001,2.4,10.3,0.9490000000000001,2.2,19.9,0.11000000000000001,11.1,2.1,88.7,83.5,66.0,44.0,15.5,23.4,6.1,17.3,13.9,13.7,1.168,8.0,20.5,38.017,22.0,38.6,57.614,15.5,19.0,80.218,0.5,7.3,0.572,1.6,21.4,0.074,13.7,3.1,90.0
85,70,2013-01-24,17,1,2012-2013,Bauru Basket,Espírito Santo,1,84.0,63.9,42.6,15.0,32.9,9.3,23.6,13.9,11.8,1.2489999999999999,8.8,21.6,41.888,21.3,41.9,51.422000000000004,15.0,19.9,76.28299999999999,1.6,7.6,0.7100000000000001,1.9,19.7,0.10600000000000001,11.8,3.1,98.2,85.5,55.8,37.2,20.7,28.5,9.9,18.6,11.7,13.4,0.969,9.2,26.3,35.830999999999996,18.6,36.4,51.14200000000001,20.7,25.3,82.078,1.4,9.5,0.7430000000000001,1.5,22.5,0.064,13.4,4.1,92.5
91,87,2013-01-24,17,1,2012-2013,Uberlândia,Sesi Franca,1,84.5,64.5,43.0,15.1,31.2,8.0,23.2,17.5,13.8,1.3390000000000002,8.8,23.0,38.49400000000001,21.5,36.1,60.339,15.1,18.9,80.352,2.5,5.6,0.44600000000000006,1.7,17.7,0.1,13.8,2.6,100.5,80.1,73.5,49.0,13.4,32.6,8.9,23.7,16.4,15.2,1.249,5.9,17.1,33.648,24.5,43.5,56.137,13.4,20.9,63.79599999999999,4.0,9.0,0.682,3.3,18.2,0.18999999999999997,15.2,2.7,98.7
73,63,2013-01-24,17,1,2012-2013,Fortaleza B. C. / CFO,Coop/São José Basketball,1,79.9,64.5,43.0,16.5,31.7,8.6,23.1,13.5,11.9,1.244,6.8,21.2,32.606,21.5,41.5,52.166,16.5,21.3,76.585,1.2,6.9,0.657,2.6,20.3,0.127,11.9,2.9,91.2,85.7,68.1,45.4,17.2,32.3,8.1,24.2,18.9,12.8,1.481,7.7,22.4,34.154,22.7,37.8,60.196000000000005,17.2,21.1,81.75300000000001,0.7,7.3,0.5730000000000001,2.5,19.4,0.13399999999999998,12.8,1.4,105.5
52,74,2013-01-26,18,1,2012-2013,Tijuca,Paulistano,0,68.9,59.1,39.4,15.7,29.2,8.1,21.1,10.3,12.0,0.8949999999999999,4.6,16.9,26.380000000000003,19.7,41.2,48.052,15.7,22.7,68.006,0.5,4.8,0.40599999999999997,2.0,20.1,0.1,12.0,1.8,71.2,73.9,66.6,44.4,11.5,33.8,12.4,21.4,11.4,13.2,0.9419999999999998,6.0,19.7,30.559999999999995,22.2,45.4,48.897,11.5,18.3,62.504000000000005,2.7,5.6,0.45199999999999996,2.4,20.8,0.11700000000000002,13.2,2.3,79.3
90,57,2013-01-26,18,1,2012-2013,Brasília,Coop/São José Basketball,1,88.5,63.9,42.6,16.5,33.5,9.7,23.8,17.7,12.6,1.559,9.8,27.5,35.831999999999994,21.3,36.9,57.888,16.5,20.0,83.652,0.6,8.2,0.7140000000000001,4.2,22.3,0.197,12.6,2.5,108.7,82.0,62.1,41.4,16.0,31.1,7.1,24.0,17.5,13.2,1.3770000000000002,8.2,23.2,34.972,20.7,35.4,58.269000000000005,16.0,20.2,77.79800000000002,0.7,7.0,0.5469999999999999,2.6,19.5,0.13799999999999998,13.2,2.1,99.4
79,67,2013-01-26,18,1,2012-2013,Joinville,Suzano,1,72.1,64.2,42.8,13.1,33.6,11.6,22.0,12.3,16.4,0.798,5.4,19.5,27.415000000000003,21.4,43.7,48.723,13.1,19.0,70.256,1.8,7.5,0.469,3.8,20.1,0.20400000000000001,16.4,3.7,80.2,70.2,60.9,40.6,13.1,27.7,9.8,17.9,10.2,18.0,0.587,5.5,20.0,27.291999999999994,20.3,41.3,49.252,13.1,18.6,70.158,0.8,7.6,0.45299999999999996,2.3,18.6,0.12700000000000003,18.0,3.5,68.0
102,85,2013-01-26,18,1,2012-2013,Flamengo,Pinheiros,1,96.8,75.6,50.4,20.0,32.6,7.7,24.9,15.0,10.5,1.593,8.8,20.6,44.301,25.2,41.4,60.96,20.0,26.0,77.037,2.1,8.1,0.852,1.6,18.6,0.083,10.5,1.5,117.1,85.7,56.1,37.4,14.7,27.0,6.5,20.5,18.1,12.4,1.522,11.2,26.8,42.847,18.7,33.6,56.034000000000006,14.7,20.0,72.18199999999999,1.6,6.2,0.52,2.5,21.3,0.11800000000000002,12.4,2.1,98.7
82,76,2013-01-26,18,1,2012-2013,L. Sorocabana,Espírito Santo,1,81.7,68.7,45.8,17.6,27.0,8.5,18.5,11.7,11.4,1.033,6.1,20.5,29.857,22.9,43.0,53.145999999999994,17.6,23.1,76.631,2.3,10.5,0.9349999999999999,1.8,19.6,0.094,11.4,2.0,88.8,83.9,53.7,35.8,20.8,28.6,9.6,19.0,11.8,14.2,0.8809999999999999,9.1,26.1,35.68599999999999,17.9,37.0,48.602000000000004,20.8,25.2,82.888,1.2,9.5,0.6859999999999999,1.4,21.7,0.06200000000000001,14.2,4.1,89.0
91,59,2013-01-26,18,1,2012-2013,Bauru Basket,Minas,1,84.3,65.1,43.4,14.2,32.8,9.3,23.5,15.4,12.2,1.339,8.9,21.7,42.144,21.7,41.4,53.24400000000001,14.2,19.0,75.556,1.9,7.7,0.6940000000000001,2.0,19.9,0.10900000000000001,12.2,3.4,100.9,84.1,65.1,43.4,16.7,24.2,6.0,18.2,13.7,15.0,1.0859999999999999,8.0,19.9,39.381,21.7,37.7,58.153000000000006,16.7,20.0,81.938,0.6,7.5,0.5409999999999999,1.8,21.3,0.08299999999999999,15.0,3.3,91.7
75,65,2013-01-26,18,1,2012-2013,Limeira,Palmeiras,1,81.0,61.8,41.2,11.6,29.4,8.9,20.5,16.8,12.1,1.411,9.4,23.9,41.057,20.6,39.2,52.593,11.6,16.0,72.723,1.9,6.8,0.609,1.1,19.5,0.053000000000000005,12.1,2.9,93.1,71.6,56.4,37.6,15.1,28.1,9.6,18.5,10.6,12.6,0.974,6.3,21.0,30.316000000000003,18.8,41.9,45.14000000000001,15.1,21.6,69.352,1.6,7.0,0.6260000000000001,1.1,22.5,0.05399999999999999,12.6,2.6,70.6
71,74,2013-01-26,18,1,2012-2013,Fortaleza B. C. / CFO,Mogi,0,81.1,66.0,44.0,16.7,32.7,9.0,23.7,14.2,12.4,1.284,6.8,21.0,32.797999999999995,22.0,41.1,53.916,16.7,21.6,76.58499999999998,1.1,6.9,0.615,2.6,19.6,0.131,12.4,3.0,94.8,74.2,57.3,38.2,18.9,30.9,8.5,22.4,12.4,13.7,1.164,5.7,19.3,29.615999999999996,19.1,42.4,45.199000000000005,18.9,25.0,75.333,0.2,5.8,0.496,1.1,22.7,0.049,13.7,2.4,76.2
80,60,2013-01-28,5,1,2012-2013,Brasília,Bauru Basket,1,88.1,64.5,43.0,15.7,34.6,10.5,24.1,17.1,12.7,1.4509999999999998,9.8,27.0,36.68599999999999,21.5,38.2,56.742,15.7,19.0,83.739,0.5,8.6,0.752,3.6,22.5,0.16199999999999998,12.7,2.4,107.8,84.4,63.3,42.2,13.4,31.6,9.0,22.6,16.6,12.0,1.4489999999999998,9.6,23.0,41.858,21.1,39.6,54.315,13.4,18.5,73.875,2.0,8.5,0.763,2.0,19.4,0.11000000000000001,12.0,3.2,102.4
78,87,2013-01-28,5,1,2012-2013,Uberlândia,Flamengo,0,84.9,63.9,42.6,16.5,32.0,8.8,23.2,16.9,13.5,1.3210000000000002,8.6,22.8,37.938,21.3,36.9,58.30500000000001,16.5,20.8,78.68500000000002,2.5,6.0,0.475,1.9,19.1,0.10700000000000001,13.5,2.4,100.8,98.3,75.0,50.0,20.7,33.7,8.2,25.5,15.1,10.5,1.599,9.2,21.5,43.028000000000006,25.0,41.3,60.612,20.7,27.2,75.799,1.8,8.1,0.852,1.6,18.8,0.083,10.5,1.7,119.4
65,75,2013-01-31,1,2,2012-2013,Tijuca,Minas,0,68.8,56.7,37.8,16.3,28.6,7.3,21.3,10.4,12.2,0.891,4.9,17.0,28.624000000000002,18.9,39.8,47.579,16.3,22.5,71.36999999999999,0.5,5.0,0.4159999999999999,2.0,19.8,0.101,12.2,2.4,72.0,82.3,63.6,42.4,17.4,24.7,6.9,17.8,12.4,14.5,1.019,7.5,19.8,36.80800000000001,21.2,37.8,56.92,17.4,20.8,82.92699999999999,0.6,6.9,0.514,1.7,21.6,0.076,14.5,3.1,87.7
93,77,2013-01-31,1,2,2012-2013,Brasília,Sesi Franca,1,87.3,63.3,42.2,16.0,34.6,10.9,23.7,17.0,12.3,1.4709999999999996,9.7,27.9,35.396,21.1,37.8,56.24399999999999,16.0,19.1,84.58500000000001,0.5,8.9,0.792,3.3,21.8,0.155,12.3,2.2,106.1,82.9,75.0,50.0,14.3,31.0,9.0,22.0,17.0,13.7,1.35,6.2,18.1,34.058,25.0,43.7,57.169000000000004,14.3,21.6,65.15400000000001,3.9,9.6,0.797,3.3,18.8,0.187,13.7,1.7,101.2
87,82,2013-01-31,1,2,2012-2013,Bauru Basket,Coop/São José Basketball,1,82.3,63.0,42.0,13.0,31.5,8.9,22.6,16.7,12.6,1.392,9.1,22.6,40.05,21.0,40.2,53.31500000000001,13.0,18.3,72.832,2.0,9.1,0.7889999999999999,2.2,19.8,0.11900000000000002,12.6,3.1,99.6,79.8,60.9,40.6,14.0,31.0,7.1,23.9,17.9,13.5,1.3920000000000001,8.4,24.0,35.058,20.3,35.2,57.436,14.0,18.2,75.69800000000001,0.7,6.7,0.512,2.7,19.0,0.146,13.5,2.4,96.5
81,74,2013-01-31,1,2,2012-2013,L. Sorocabana,Mogi,1,84.0,69.0,46.0,18.2,27.5,8.1,19.4,11.9,12.0,1.017,6.6,20.5,32.03099999999999,23.0,42.5,54.020999999999994,18.2,23.9,76.49999999999999,2.4,10.4,0.9099999999999999,1.8,19.7,0.09400000000000001,12.0,2.0,92.2,73.8,57.3,38.2,18.2,31.7,8.6,23.1,11.8,13.4,1.1389999999999998,5.8,19.2,30.490999999999996,19.1,43.0,44.48100000000001,18.2,24.1,75.54,0.2,5.7,0.49300000000000005,0.8,22.8,0.035,13.4,2.4,75.5
89,68,2013-01-31,1,2,2012-2013,Limeira,Paulistano,1,80.8,60.9,40.6,11.7,30.4,8.7,21.7,17.1,12.3,1.3980000000000001,9.5,22.8,42.899,20.3,39.8,51.141,11.7,16.3,71.612,1.9,6.7,0.5759999999999998,1.3,19.5,0.066,12.3,3.1,94.6,73.3,66.0,44.0,11.9,33.4,11.7,21.7,11.0,13.0,0.9239999999999998,5.8,18.5,31.974999999999994,22.0,45.0,48.927,11.9,19.0,62.605,2.6,5.7,0.466,2.2,20.6,0.10900000000000001,13.0,2.6,79.5
79,87,2013-01-31,1,2,2012-2013,Suzano,Palmeiras,0,69.7,58.2,38.8,15.0,28.6,10.5,18.1,10.0,18.5,0.558,5.3,18.8,27.183,19.4,39.3,49.565000000000005,15.0,21.3,70.41400000000002,0.8,6.6,0.366,1.7,19.1,0.089,18.5,3.6,68.3,70.8,55.8,37.2,15.0,29.3,9.9,19.4,10.4,13.7,0.8319999999999999,6.2,20.9,30.053999999999995,18.6,41.6,44.94400000000001,15.0,21.2,70.755,1.4,6.6,0.534,1.2,22.3,0.059999999999999984,13.7,3.0,69.9
60,72,2013-01-31,1,2,2012-2013,Fortaleza B. C. / CFO,Uberlândia,0,80.4,67.8,45.2,16.0,31.4,8.4,23.0,12.9,11.6,1.215,6.4,21.1,30.987000000000002,22.6,41.5,54.968999999999994,16.0,20.9,75.807,1.1,6.7,0.742,2.7,19.5,0.136,11.6,2.8,91.7,86.5,63.0,42.0,16.6,31.4,8.0,23.4,17.5,12.9,1.4860000000000002,9.3,22.5,41.634,21.0,36.8,57.718,16.6,20.8,79.31000000000002,2.5,5.9,0.49400000000000005,2.1,19.5,0.11599999999999999,12.9,2.1,103.6
96,77,2013-01-31,1,2,2012-2013,Flamengo,Espírito Santo,1,96.8,76.2,50.8,19.0,33.4,8.9,24.5,14.7,9.6,1.916,9.0,21.2,42.68,25.4,42.0,60.701,19.0,25.0,76.132,2.1,7.9,0.9099999999999999,1.8,18.3,0.095,9.6,1.7,117.9,82.5,52.8,35.2,21.2,28.3,9.0,19.3,11.5,14.2,0.859,8.7,25.5,34.94499999999999,17.6,37.0,47.813,21.2,25.9,82.155,1.4,8.9,0.643,1.3,21.6,0.05700000000000001,14.2,4.0,86.1
63,71,2013-02-02,2,2,2012-2013,Joinville,Paulistano,0,75.0,64.5,43.0,13.7,33.2,11.2,22.0,13.2,16.0,0.9040000000000001,6.1,20.0,29.758999999999997,21.5,43.2,49.62,13.7,18.8,73.282,1.7,7.8,0.518,3.7,20.2,0.19999999999999998,16.0,3.6,84.9,72.8,64.8,43.2,11.9,33.6,12.2,21.4,10.9,13.7,0.866,5.9,18.5,32.410000000000004,21.6,43.7,49.483,11.9,19.3,61.54599999999999,2.7,5.3,0.41900000000000004,2.0,20.7,0.09899999999999999,13.7,2.7,78.9
102,80,2013-02-02,2,2,2012-2013,Brasília,Uberlândia,1,87.4,63.3,42.2,16.1,34.0,10.3,23.7,17.1,12.3,1.4769999999999999,9.7,26.8,37.099000000000004,21.1,37.8,56.24399999999999,16.1,19.8,82.42800000000001,0.5,9.3,0.8150000000000001,3.0,21.9,0.141,12.3,2.4,107.1,84.8,62.4,41.6,16.2,30.9,7.6,23.3,16.8,12.7,1.451,9.0,21.8,41.585,20.8,37.4,56.423,16.2,21.0,76.046,2.4,5.6,0.47300000000000003,1.8,19.9,0.097,12.7,2.3,100.1
82,74,2013-02-02,2,2,2012-2013,Tijuca,Espírito Santo,1,67.9,55.5,37.0,15.6,27.3,6.4,20.9,10.5,12.4,0.8869999999999998,5.1,17.7,28.862000000000002,18.5,38.4,48.314,15.6,21.9,70.16799999999999,0.4,5.3,0.429,1.8,19.1,0.09500000000000001,12.4,2.7,70.6,81.2,53.1,35.4,20.6,28.1,9.2,18.9,10.1,14.6,0.732,8.4,26.1,32.306,17.7,36.7,48.480000000000004,20.6,25.1,82.32900000000001,1.4,8.7,0.6180000000000001,1.3,22.0,0.05600000000000001,14.6,4.1,82.2
66,65,2013-02-02,2,2,2012-2013,L. Sorocabana,Coop/São José Basketball,1,84.9,65.4,43.6,18.8,27.6,8.5,19.1,12.2,12.3,1.017,7.5,21.3,34.67399999999999,21.8,40.6,53.43999999999998,18.8,24.7,76.11100000000002,2.2,9.6,0.8210000000000001,1.6,19.4,0.085,12.3,2.2,93.2,78.7,58.8,39.2,14.0,29.9,6.8,23.1,17.7,12.6,1.471,8.5,24.2,35.172000000000004,19.6,34.5,56.57900000000001,14.0,18.2,75.69800000000001,0.5,6.5,0.53,2.4,18.4,0.135,12.6,2.2,94.2
87,84,2013-02-02,2,2,2012-2013,Bauru Basket,Mogi,1,81.3,63.0,42.0,13.5,31.3,9.2,22.1,16.1,12.4,1.3679999999999999,8.6,21.7,39.448,21.0,39.5,53.95,13.5,18.5,74.46099999999998,2.0,8.9,0.7869999999999999,2.5,18.8,0.135,12.4,3.1,99.2,74.8,56.1,37.4,18.5,29.6,8.6,21.0,11.4,13.4,1.105,6.3,19.3,32.655,18.7,42.3,44.267,18.5,24.6,75.033,0.2,5.8,0.5010000000000001,0.9,22.5,0.041,13.4,2.8,75.3
87,88,2013-02-02,2,2,2012-2013,Fortaleza B. C. / CFO,Sesi Franca,0,79.9,65.4,43.6,17.1,32.5,8.7,23.8,13.9,12.0,1.275,6.4,20.3,31.714,21.8,41.6,53.00300000000001,17.1,22.1,77.41,1.0,7.2,0.7790000000000001,3.0,19.7,0.15200000000000002,12.0,2.5,93.3,84.8,75.9,50.6,14.4,29.2,8.2,21.0,16.4,13.6,1.3190000000000002,6.6,17.5,36.975,25.3,44.2,57.346000000000004,14.4,21.6,65.923,3.8,10.1,0.8290000000000001,2.9,19.4,0.16499999999999998,13.6,1.7,101.7
90,77,2013-02-02,2,2,2012-2013,Flamengo,Minas,1,97.0,77.4,51.6,18.7,32.3,8.2,24.1,15.5,10.3,1.8189999999999997,8.9,21.1,42.355000000000004,25.8,42.0,61.701,18.7,24.1,77.39500000000001,2.0,7.9,0.828,1.7,18.1,0.09000000000000002,10.3,2.2,117.9,81.4,65.4,43.6,18.3,26.9,8.0,18.9,11.9,13.7,1.0189999999999997,6.5,19.1,32.52300000000001,21.8,39.3,56.301,18.3,21.8,83.985,0.4,6.5,0.516,1.8,21.6,0.081,13.7,2.6,87.3
83,69,2013-02-05,3,2,2012-2013,Paulistano,Palmeiras,1,72.3,62.4,41.6,12.7,32.6,12.4,20.2,10.2,14.4,0.7540000000000001,6.0,17.9,34.355000000000004,20.8,43.0,48.488,12.7,21.5,58.50699999999999,2.1,6.1,0.45,2.1,20.6,0.10700000000000001,14.4,2.9,77.7,73.4,57.9,38.6,14.7,30.5,10.4,20.1,11.2,13.1,0.901,6.7,21.5,31.238,19.3,42.4,45.87400000000001,14.7,21.8,68.02799999999999,1.5,7.2,0.588,1.4,22.3,0.06699999999999999,13.1,2.2,74.9
72,64,2013-02-05,3,2,2012-2013,Espírito Santo,Limeira,1,80.4,55.5,37.0,19.4,28.7,9.1,19.6,10.2,13.6,0.859,8.0,25.7,31.116000000000003,18.5,37.8,49.019999999999996,19.4,23.8,81.71300000000001,1.2,8.4,0.7050000000000001,1.3,22.1,0.05600000000000001,13.6,4.2,82.6,82.5,60.6,40.4,12.4,28.9,7.9,21.0,17.1,11.8,1.461,9.9,22.1,45.461,20.2,38.8,52.68299999999999,12.4,16.8,73.578,2.0,7.3,0.6529999999999999,1.8,20.2,0.087,11.8,2.9,98.2
68,83,2013-02-05,3,2,2012-2013,Mogi,Tijuca,0,75.5,56.7,37.8,17.6,29.2,8.4,20.8,11.8,13.4,1.136,6.7,19.7,33.754000000000005,18.9,42.1,45.084999999999994,17.6,23.5,74.414,0.3,5.8,0.5010000000000001,0.9,22.2,0.041999999999999996,13.4,2.8,76.4,69.3,55.8,37.2,15.3,27.0,5.9,21.1,10.3,12.7,0.8399999999999999,5.6,18.5,29.544000000000004,18.6,37.6,49.672,15.3,21.6,69.245,0.4,5.1,0.402,1.8,19.1,0.09500000000000001,12.7,2.4,71.3
82,84,2013-02-05,3,2,2012-2013,Coop/São José Basketball,Flamengo,0,78.4,58.5,39.0,13.9,30.6,6.9,23.7,17.6,12.9,1.4300000000000002,8.5,23.6,35.891,19.5,34.7,55.943000000000005,13.9,18.4,73.794,0.5,6.5,0.516,2.2,18.6,0.122,12.9,2.2,94.3,96.6,76.8,51.2,19.3,33.1,8.8,24.3,14.3,10.5,1.6990000000000003,8.7,21.7,40.432,25.6,42.5,60.367,19.3,24.2,79.641,1.4,7.7,0.796,1.2,18.1,0.066,10.5,2.9,115.4
85,64,2013-02-05,3,2,2012-2013,Sesi Franca,L. Sorocabana,1,82.8,71.7,47.8,16.1,28.4,7.6,20.8,14.3,13.1,1.2150000000000003,6.3,16.2,38.808,23.9,44.1,54.335,16.1,23.2,67.78,2.6,9.1,0.781,2.9,19.7,0.16399999999999998,13.1,1.5,95.8,84.9,64.5,43.0,18.2,28.5,8.9,19.6,12.5,12.1,1.054,7.9,22.0,35.652,21.5,41.1,51.976,18.2,23.7,77.11100000000002,2.0,9.7,0.8390000000000001,1.7,19.7,0.09,12.1,2.6,94.1
94,83,2013-02-05,3,2,2012-2013,Uberlândia,Bauru Basket,1,81.9,61.8,41.2,15.5,30.5,7.5,23.0,15.9,13.1,1.332,8.4,21.7,39.031000000000006,20.6,37.2,56.229000000000006,15.5,19.9,77.41,2.1,5.0,0.404,1.6,20.0,0.084,13.1,2.4,94.3,81.7,61.5,41.0,13.4,31.5,9.8,21.7,16.9,12.4,1.425,9.1,23.3,38.681,20.5,39.3,52.892999999999994,13.4,17.5,77.36999999999999,1.7,9.0,0.7939999999999999,2.4,18.7,0.12999999999999998,12.4,3.0,99.1
78,69,2013-02-05,3,2,2012-2013,Minas,Joinville,1,79.4,66.6,44.4,18.2,28.1,8.2,19.9,10.5,14.0,0.8779999999999999,5.6,17.8,30.223000000000003,22.2,40.4,55.681000000000004,18.2,22.2,82.27199999999999,0.4,6.4,0.49700000000000005,1.7,21.8,0.075,14.0,2.4,84.1,74.2,65.4,43.6,12.9,32.1,10.6,21.5,13.4,16.2,0.9099999999999999,5.9,19.9,28.73,21.8,42.9,50.551,12.9,18.0,71.751,2.1,8.1,0.531,3.8,21.2,0.19899999999999998,16.2,3.7,84.0
87,82,2013-02-07,4,2,2012-2013,Pinheiros,Palmeiras,1,86.5,55.2,36.8,13.4,25.3,5.4,19.9,18.2,12.4,1.532,12.1,26.8,45.660000000000004,18.4,33.1,55.912,13.4,19.1,69.231,1.7,6.4,0.54,2.2,20.8,0.10600000000000001,12.4,2.3,99.1,72.5,57.0,38.0,15.0,29.8,9.8,20.0,10.9,13.9,0.826,6.5,20.4,31.910000000000004,19.0,41.2,46.397000000000006,15.0,22.1,68.296,1.2,7.1,0.525,1.5,22.4,0.071,13.9,2.7,74.5
85,87,2013-02-07,4,2,2012-2013,Suzano,Paulistano,0,71.0,58.8,39.2,14.4,29.2,10.1,19.1,10.2,18.3,0.57,5.8,19.5,28.215999999999998,19.6,39.5,49.839999999999996,14.4,20.9,68.581,0.8,6.5,0.364,1.7,19.9,0.08600000000000001,18.3,3.4,70.1,75.5,63.3,42.2,14.1,32.9,12.7,20.2,11.1,14.0,0.8300000000000001,6.4,17.7,36.58200000000001,21.1,42.8,49.475,14.1,23.0,60.91399999999999,2.4,6.2,0.46900000000000003,2.1,21.0,0.10499999999999998,14.0,3.2,84.0
67,59,2013-02-07,4,2,2012-2013,Espírito Santo,Joinville,1,78.4,57.6,38.4,18.1,29.2,8.9,20.3,9.9,12.3,0.917,7.3,24.8,29.477999999999998,19.2,38.6,49.95399999999999,18.1,22.5,80.61800000000001,1.3,8.0,0.7330000000000001,1.0,20.5,0.05700000000000001,12.3,3.7,81.0,74.9,64.5,43.0,12.1,31.8,10.6,21.2,14.1,15.8,0.9800000000000001,6.6,20.3,31.952000000000005,21.5,42.2,50.620999999999995,12.1,17.3,69.96200000000002,2.0,8.2,0.555,4.4,20.8,0.233,15.8,3.8,87.0
81,61,2013-02-07,4,2,2012-2013,Minas,Limeira,1,78.8,66.0,44.0,17.7,27.9,8.6,19.3,10.2,14.8,0.808,5.7,17.4,31.871999999999996,22.0,40.5,54.998000000000005,17.7,21.7,81.789,0.4,7.3,0.538,1.8,21.2,0.084,14.8,2.2,83.2,80.0,57.0,38.0,11.7,29.3,7.9,21.4,16.1,11.5,1.395,10.1,21.8,46.498,19.0,39.0,49.340999999999994,11.7,16.5,69.74699999999999,2.0,7.1,0.654,2.1,20.8,0.099,11.5,2.7,94.4
81,65,2013-02-07,4,2,2012-2013,Coop/São José Basketball,Tijuca,1,78.9,59.4,39.6,13.2,30.5,6.5,24.0,17.1,12.3,1.469,8.7,23.6,37.001999999999995,19.8,35.7,55.31600000000001,13.2,17.1,74.984,0.6,6.1,0.504,2.1,19.2,0.11400000000000002,12.3,2.3,93.9,70.9,53.4,35.6,17.0,26.6,5.6,21.0,11.5,12.8,0.9090000000000001,6.1,19.1,31.211000000000002,17.8,36.2,49.099000000000004,17.0,23.2,70.928,0.5,5.8,0.442,1.8,19.3,0.09400000000000001,12.8,2.6,75.0
80,82,2013-02-07,4,2,2012-2013,Sesi Franca,Bauru Basket,0,83.1,71.7,47.8,17.0,27.9,7.4,20.5,14.3,13.9,1.16,6.1,16.5,36.919,23.9,43.4,55.40999999999999,17.0,23.1,71.71300000000001,2.5,9.3,0.7649999999999999,2.3,19.8,0.13200000000000003,13.9,1.6,94.7,81.6,61.2,40.8,13.5,30.0,9.0,21.0,16.5,11.1,1.545,9.1,23.3,38.681,20.4,39.7,52.214999999999996,13.5,16.9,80.25999999999999,1.6,9.4,0.8829999999999998,2.2,18.7,0.11900000000000002,11.1,2.3,97.4
84,81,2013-02-07,4,2,2012-2013,Uberlândia,L. Sorocabana,1,82.1,62.1,41.4,16.1,30.4,7.2,23.2,16.1,12.8,1.374,8.2,20.9,39.602000000000004,20.7,37.6,55.753,16.1,20.2,79.862,2.2,4.8,0.398,1.9,19.7,0.10300000000000001,12.8,1.9,94.8,82.0,62.7,41.8,17.4,28.4,8.7,19.7,13.1,13.2,1.0450000000000002,7.6,22.8,32.959999999999994,20.9,39.8,52.468999999999994,17.4,22.4,76.86099999999999,1.7,9.5,0.767,1.5,20.2,0.07700000000000001,13.2,2.9,90.1
59,63,2013-02-14,5,2,2012-2013,Tijuca,Sesi Franca,0,70.4,52.2,34.8,16.4,26.5,5.6,20.9,12.0,13.3,0.913,6.4,19.3,32.144,17.4,34.8,50.349,16.4,22.5,70.082,0.5,5.9,0.438,2.1,18.7,0.11200000000000002,13.3,2.9,76.2,83.4,69.9,46.6,17.3,27.4,8.0,19.4,14.2,13.7,1.1749999999999998,6.5,17.2,37.573,23.3,43.5,54.04,17.3,24.3,69.959,2.7,9.2,0.772,2.3,19.8,0.132,13.7,1.4,93.3
88,86,2013-02-14,5,2,2012-2013,Pinheiros,Paulistano,1,85.7,55.5,37.0,13.6,24.7,5.6,19.1,17.8,12.3,1.5130000000000001,11.7,26.7,44.453,18.5,33.0,56.55799999999999,13.6,18.7,71.399,1.8,6.3,0.537,2.1,20.1,0.10500000000000002,12.3,2.6,97.4,76.6,62.1,41.4,14.2,31.0,11.4,19.6,11.6,14.0,0.8800000000000001,7.0,18.3,38.053000000000004,20.7,41.1,50.131,14.2,23.2,60.81,2.2,6.2,0.46900000000000003,1.9,20.6,0.098,14.0,3.2,84.8
76,86,2013-02-14,5,2,2012-2013,L. Sorocabana,Fortaleza B. C. / CFO,0,80.8,59.4,39.6,17.2,28.4,9.6,18.8,12.6,12.5,1.095,8.0,24.2,32.523999999999994,19.8,39.0,50.937000000000005,17.2,21.8,77.99699999999999,1.3,8.5,0.724,1.2,20.2,0.061,12.5,3.1,86.7,80.1,63.6,42.4,17.3,32.1,8.8,23.3,12.7,11.3,1.2630000000000001,6.8,21.2,31.881,21.2,41.3,51.97099999999999,17.3,22.2,77.951,0.8,6.6,0.777,2.8,20.1,0.14,11.3,2.5,91.0
79,83,2013-02-14,5,2,2012-2013,Limeira,Coop/São José Basketball,0,77.7,55.8,37.2,12.0,27.5,8.0,19.5,15.5,11.7,1.3370000000000002,9.5,22.0,43.271,18.6,38.3,49.23,12.0,16.5,72.747,1.7,7.2,0.659,2.2,21.3,0.10200000000000001,11.7,2.6,89.1,77.7,59.7,39.8,12.7,30.5,6.4,24.1,17.7,13.2,1.402,8.4,23.3,36.168,19.9,36.3,54.593,12.7,16.7,74.203,0.6,6.2,0.48600000000000004,2.2,18.9,0.11900000000000002,13.2,2.5,92.3
85,90,2013-02-14,5,2,2012-2013,Joinville,Mogi,0,72.5,60.9,40.6,12.4,31.0,10.4,20.6,13.5,15.8,0.9400000000000001,6.5,19.7,32.73800000000001,20.3,41.0,49.121,12.4,18.4,68.019,1.8,8.5,0.575,4.1,20.9,0.217,15.8,3.8,83.7,74.7,54.3,36.2,17.2,28.8,8.2,20.6,11.8,14.2,1.083,7.1,19.8,35.485,18.1,40.9,44.599000000000004,17.2,23.2,73.296,0.2,5.0,0.417,0.8,22.7,0.037000000000000005,14.2,2.9,74.3
87,65,2013-02-14,5,2,2012-2013,Palmeiras,Espírito Santo,1,72.6,54.0,36.0,15.3,29.0,9.8,19.2,11.7,14.0,0.881,7.1,21.9,31.576,18.0,38.7,46.78099999999999,15.3,22.6,67.796,1.4,6.9,0.506,1.5,23.1,0.069,14.0,2.7,74.9,76.5,57.6,38.4,18.3,30.1,9.1,21.0,9.8,13.1,0.842,6.6,23.3,28.732,19.2,38.6,49.95399999999999,18.3,22.5,81.48700000000001,1.3,8.0,0.6890000000000001,1.4,20.2,0.077,13.1,3.7,80.3
76,97,2013-02-14,5,2,2012-2013,Suzano,Minas,0,72.2,60.6,40.4,15.3,29.7,9.5,20.2,10.5,19.1,0.558,5.5,19.1,27.644,20.2,38.7,52.767999999999994,15.3,22.2,68.197,0.8,6.5,0.34800000000000003,1.8,20.3,0.09000000000000001,19.1,3.8,73.3,78.3,66.6,44.4,17.1,28.8,9.0,19.8,10.3,14.6,0.8870000000000001,5.6,17.4,31.345000000000006,22.2,40.7,55.230999999999995,17.1,21.4,80.24100000000001,0.6,7.4,0.588,2.0,20.9,0.097,14.6,2.4,84.3
86,91,2013-02-16,6,2,2012-2013,Flamengo,Sesi Franca,0,95.2,76.2,50.8,18.9,33.2,9.1,24.1,14.6,9.8,1.8519999999999999,8.5,22.0,39.063,25.4,43.9,58.14,18.9,23.4,80.86500000000001,1.3,7.1,0.781,1.5,18.1,0.084,9.8,2.6,112.4,81.5,69.6,46.4,16.2,26.8,7.6,19.2,13.7,12.8,1.1709999999999998,6.3,16.5,38.267,23.2,43.4,53.928999999999995,16.2,23.9,65.81700000000001,2.6,9.3,0.7950000000000002,2.1,20.1,0.119,12.8,1.8,92.0
70,100,2013-02-16,6,2,2012-2013,L. Sorocabana,Brasília,0,79.7,57.3,38.2,16.6,27.9,9.7,18.2,12.2,12.4,1.057,8.3,24.3,34.178000000000004,19.1,39.3,49.185,16.6,20.5,79.92999999999999,1.0,8.6,0.747,1.1,19.9,0.055999999999999994,12.4,3.3,84.2,88.0,60.9,40.6,15.6,34.7,11.0,23.7,17.0,11.7,1.6600000000000001,10.6,28.3,38.011,20.3,36.8,55.592,15.6,19.1,82.919,0.6,9.5,0.923,2.7,21.8,0.126,11.7,2.3,108.3
95,84,2013-02-16,6,2,2012-2013,Bauru Basket,Fortaleza B. C. / CFO,1,81.3,61.2,40.8,13.8,30.5,8.9,21.6,15.7,11.9,1.3830000000000002,8.9,22.6,39.22,20.4,39.6,52.35,13.8,17.7,78.55,1.8,8.6,0.7569999999999999,2.6,19.3,0.136,11.9,2.8,96.7,80.1,60.9,40.6,16.4,32.3,9.5,22.8,12.3,10.6,1.3199999999999998,7.7,21.4,35.965999999999994,20.3,40.7,50.678999999999995,16.4,21.3,76.53,0.7,5.7,0.7130000000000001,2.6,20.1,0.12800000000000003,10.6,2.7,91.0
63,83,2013-02-16,6,2,2012-2013,Tijuca,Uberlândia,0,68.6,51.3,34.2,16.4,26.4,5.3,21.1,11.4,13.1,0.876,6.0,18.2,31.201999999999998,17.1,35.0,49.21399999999999,16.4,22.6,69.746,0.5,5.7,0.43099999999999994,1.9,18.7,0.10200000000000001,13.1,2.9,73.7,81.7,63.3,42.2,15.8,29.7,7.5,22.2,16.9,12.6,1.5390000000000001,7.9,19.8,39.973,21.1,38.1,55.92800000000001,15.8,19.9,79.589,2.6,4.6,0.388,2.2,19.2,0.118,12.6,1.8,95.4
79,93,2013-02-16,6,2,2012-2013,Joinville,Coop/São José Basketball,0,73.9,60.3,40.2,14.2,30.8,10.6,20.2,13.2,15.4,0.942,6.5,19.2,33.438,20.1,42.0,47.546,14.2,20.8,67.89500000000001,1.8,8.5,0.5919999999999999,4.3,21.7,0.219,15.4,4.1,84.8,75.5,57.3,38.2,13.0,29.3,6.0,23.3,16.8,13.0,1.366,8.1,22.8,35.747,19.1,35.1,54.497,13.0,17.6,72.229,0.3,5.5,0.442,2.0,19.2,0.10700000000000003,13.0,2.6,88.0
96,87,2013-02-16,6,2,2012-2013,Palmeiras,Minas,1,74.0,56.4,37.6,15.1,30.6,10.1,20.5,12.0,13.5,1.0070000000000001,7.1,22.0,31.426,18.8,40.3,46.616,15.1,23.0,66.08200000000001,1.4,7.3,0.61,1.5,22.6,0.07,13.5,2.7,78.2,80.3,67.5,45.0,17.9,29.4,9.9,19.5,11.3,14.1,0.9629999999999999,5.8,17.4,32.522,22.5,41.6,54.564,17.9,22.9,78.588,0.8,7.7,0.619,2.3,21.0,0.11000000000000001,14.1,2.4,88.6
71,79,2013-02-16,6,2,2012-2013,Limeira,Mogi,0,77.1,57.0,38.0,12.7,27.6,8.1,19.5,14.9,11.1,1.3640000000000003,8.8,22.3,39.521,19.0,38.6,49.89699999999999,12.7,17.2,73.461,1.7,6.9,0.6649999999999999,2.1,22.0,0.097,11.1,2.4,87.1,75.2,53.1,35.4,17.3,28.4,7.5,20.9,12.4,14.1,1.133,7.5,18.9,39.74,17.7,39.2,45.510999999999996,17.3,24.1,71.756,0.3,4.8,0.40499999999999997,0.9,23.1,0.04,14.1,2.8,77.5
88,94,2013-02-16,6,2,2012-2013,Suzano,Espírito Santo,0,72.7,58.2,38.8,15.0,29.1,9.1,20.0,11.3,18.5,0.627,6.3,20.2,29.901,19.4,37.8,51.875,15.0,21.5,68.708,0.8,6.6,0.361,1.6,20.6,0.07900000000000001,18.5,3.6,74.1,74.4,55.2,36.8,18.1,30.8,8.8,22.0,9.1,13.9,0.7809999999999999,6.5,22.3,29.483999999999998,18.4,38.0,48.505,18.1,22.8,79.727,1.1,7.0,0.6150000000000001,1.3,20.2,0.073,13.9,4.0,77.3
91,65,2013-02-17,3,2,2012-2013,Pinheiros,Suzano,1,85.8,55.8,37.2,13.2,25.7,5.2,20.5,17.7,12.2,1.514,11.8,26.7,44.798,18.6,32.7,57.30500000000001,13.2,18.4,70.447,1.8,6.3,0.5429999999999999,2.1,20.3,0.10400000000000001,12.2,2.3,98.7,73.4,58.2,38.8,15.7,29.8,8.8,21.0,11.8,17.8,0.6900000000000001,6.3,20.3,29.778,19.4,37.8,51.875,15.7,21.9,70.46300000000001,0.6,6.0,0.3440000000000001,1.7,22.1,0.07500000000000001,17.8,3.3,75.8
79,90,2013-02-18,5,2,2012-2013,Bauru Basket,Brasília,0,81.7,61.5,41.0,14.0,30.8,8.5,22.3,16.4,12.1,1.418,8.9,22.4,39.571000000000005,20.5,40.2,51.69100000000001,14.0,18.0,78.31500000000001,1.8,8.0,0.6900000000000001,2.2,18.8,0.11800000000000002,12.1,2.7,96.5,91.2,62.1,41.4,16.5,35.2,11.5,23.7,17.6,11.5,1.738,11.1,28.0,40.749,20.7,37.4,55.842,16.5,20.2,82.438,1.1,9.7,0.9530000000000001,2.5,21.7,0.11800000000000002,11.5,2.4,113.5
79,66,2013-02-18,5,2,2012-2013,Flamengo,Uberlândia,1,95.5,76.2,50.8,18.6,33.1,9.1,24.0,15.4,10.7,1.797,8.7,21.8,40.27499999999999,25.4,43.6,58.54600000000001,18.6,23.5,79.31500000000001,1.6,6.8,0.698,1.6,18.4,0.08900000000000001,10.7,2.9,113.3,81.2,64.5,43.0,14.5,29.6,6.7,22.9,16.8,12.3,1.5559999999999998,7.9,19.3,41.289,21.5,38.6,56.237,14.5,19.0,77.54100000000001,2.5,4.8,0.41,2.4,19.3,0.127,12.3,2.3,96.3
77,65,2013-02-19,7,2,2012-2013,Coop/São José Basketball,Palmeiras,1,77.3,58.5,39.0,13.1,30.0,6.4,23.6,18.3,13.0,1.502,8.4,22.8,37.05200000000001,19.5,35.7,54.497,13.1,18.1,70.396,0.2,5.4,0.43200000000000005,2.1,18.9,0.11300000000000003,13.0,2.6,92.1,76.9,59.4,39.6,14.8,31.0,10.5,20.5,12.0,13.2,1.0270000000000001,7.5,22.2,33.08,19.8,41.2,47.958,14.8,22.9,65.165,1.8,8.0,0.683,1.7,22.8,0.07900000000000001,13.2,2.8,83.1
109,114,2013-02-20,7,2,2012-2013,Minas,Paulistano,0,80.4,66.6,44.4,18.6,30.7,10.4,20.3,11.8,14.1,0.994,5.8,17.2,32.82299999999999,22.2,42.2,52.914,18.6,23.8,78.005,0.8,7.4,0.5999999999999999,2.4,21.6,0.11400000000000002,14.1,2.4,89.6,77.6,63.6,42.4,13.9,30.8,10.9,19.9,12.6,13.6,1.006,7.1,18.6,37.900999999999996,21.2,41.4,51.041999999999994,13.9,22.4,62.245000000000005,2.3,6.4,0.49800000000000005,2.0,21.0,0.10200000000000001,13.6,2.9,87.0
74,78,2013-02-21,7,2,2012-2013,Espírito Santo,Pinheiros,0,77.4,56.1,37.4,19.3,31.3,8.4,22.9,9.8,13.9,0.834,6.9,21.9,31.544999999999998,18.7,38.0,49.274,19.3,24.8,78.23499999999999,1.3,6.4,0.5690000000000001,1.3,21.0,0.06999999999999999,13.9,3.9,81.9,85.2,54.3,36.2,13.3,26.5,5.2,21.3,17.0,12.3,1.436,11.9,27.4,44.07,18.1,31.0,58.543000000000006,13.3,18.4,71.035,1.6,6.0,0.51,2.1,20.0,0.10500000000000001,12.3,2.5,98.6
86,65,2013-02-21,7,2,2012-2013,Mogi,Suzano,1,74.5,54.0,36.0,18.1,28.0,7.1,20.9,11.7,14.4,0.99,6.8,18.0,37.467,18.0,38.6,47.431999999999995,18.1,25.2,71.53800000000001,0.3,5.3,0.446,0.8,22.7,0.038,14.4,3.0,77.1,75.5,59.1,39.4,15.7,29.7,8.9,20.8,12.2,17.4,0.723,6.8,21.2,31.074,19.7,38.5,51.83299999999999,15.7,21.7,71.63,0.6,6.2,0.364,1.6,22.4,0.06799999999999999,17.4,3.1,77.7
70,52,2013-02-21,7,2,2012-2013,Sesi Franca,Joinville,1,81.0,71.7,47.8,15.2,26.2,8.0,18.2,13.3,12.4,1.178,6.0,16.4,36.834,23.9,44.2,54.34599999999999,15.2,22.9,64.367,2.6,9.1,0.8010000000000002,2.0,20.9,0.1,12.4,2.0,90.5,73.2,61.8,41.2,14.6,31.1,11.0,20.1,12.6,13.4,1.0459999999999998,5.8,19.2,29.753999999999998,20.6,43.8,46.722,14.6,20.5,70.224,1.9,8.7,0.744,4.0,21.2,0.20600000000000002,13.4,3.7,83.3
